timestamp,zone,aqi,pm25,pm10,co2_ppm
2026-06-26 22:51:20.152326,Mansarovar,73.2,16.35,31.45,432.1
2026-06-26 23:51:20.152326,Mansarovar,66.1,16.63,26.75,426.2
2026-06-27 00:51:20.152326,Mansarovar,79.8,18.45,33.62,412.4
2026-06-27 01:51:20.152326,Mansarovar,74.1,17.02,28.45,439.9
2026-06-27 02:51:20.152326,Mansarovar,83.3,21.2,35.8,450.6
2026-06-27 03:51:20.152326,Mansarovar,71.7,17.99,34.33,423.4
2026-06-27 04:51:20.152326,Mansarovar,85.0,20.84,32.75,444.6
2026-06-27 05:51:20.152326,Mansarovar,61.7,16.29,27.79,412.9
2026-06-27 06:51:20.152326,Mansarovar,56.9,13.09,22.63,423.8
2026-06-27 07:51:20.152326,Mansarovar,101.4,27.86,53.4,471.4
2026-06-27 08:51:20.152326,Mansarovar,83.3,19.66,37.74,454.4
2026-06-27 09:51:20.152326,Mansarovar,92.6,22.69,42.77,421.0
2026-06-27 10:51:20.152326,Mansarovar,63.6,15.29,28.36,411.0
2026-06-27 11:51:20.152326,Mansarovar,77.1,18.74,34.4,424.2
2026-06-27 12:51:20.152326,Mansarovar,85.4,24.81,46.53,434.1
2026-06-27 13:51:20.152326,Mansarovar,76.7,18.88,35.82,438.1
2026-06-27 14:51:20.152326,Mansarovar,65.2,14.9,26.16,416.5
2026-06-27 15:51:20.152326,Mansarovar,74.6,21.25,43.8,426.5
2026-06-27 16:51:20.152326,Mansarovar,54.0,10.93,15.84,430.5
2026-06-27 17:51:20.152326,Mansarovar,89.3,16.25,32.6,457.3
2026-06-27 18:51:20.152326,Mansarovar,85.0,18.3,31.69,460.9
2026-06-27 19:51:20.152326,Mansarovar,76.5,15.35,31.08,472.1
2026-06-27 20:51:20.152326,Mansarovar,83.2,18.93,36.28,436.5
2026-06-27 21:51:20.152326,Mansarovar,70.6,19.24,35.44,451.6
2026-06-27 22:51:20.152326,Mansarovar,74.0,16.43,29.34,437.2
2026-06-27 23:51:20.152326,Mansarovar,69.7,21.1,38.25,431.3
2026-06-28 00:51:20.152326,Mansarovar,74.7,13.48,23.57,436.8
2026-06-28 01:51:20.152326,Mansarovar,76.8,16.59,34.39,462.1
2026-06-28 02:51:20.152326,Mansarovar,69.6,20.18,31.98,456.6
2026-06-28 03:51:20.152326,Mansarovar,78.6,20.4,37.84,445.2
2026-06-28 04:51:20.152326,Mansarovar,71.3,18.0,39.33,429.2
2026-06-28 05:51:20.152326,Mansarovar,74.2,17.51,27.79,440.6
2026-06-28 06:51:20.152326,Mansarovar,80.9,19.81,39.42,458.8
2026-06-28 07:51:20.152326,Mansarovar,92.4,23.87,45.0,448.8
2026-06-28 08:51:20.152326,Mansarovar,76.3,16.83,32.83,436.0
2026-06-28 09:51:20.152326,Mansarovar,103.7,24.22,45.64,465.2
2026-06-28 10:51:20.152326,Mansarovar,84.1,22.51,45.61,448.1
2026-06-28 11:51:20.152326,Mansarovar,71.6,15.07,31.76,427.8
2026-06-28 12:51:20.152326,Mansarovar,65.0,14.17,30.66,443.4
2026-06-28 13:51:20.152326,Mansarovar,83.1,21.93,33.94,432.7
2026-06-28 14:51:20.152326,Mansarovar,64.8,13.59,30.35,419.6
2026-06-28 15:51:20.152326,Mansarovar,75.5,15.5,28.74,459.3
2026-06-28 16:51:20.152326,Mansarovar,74.6,19.78,36.1,465.9
2026-06-28 17:51:20.152326,Mansarovar,84.4,17.21,27.84,458.0
2026-06-28 18:51:20.152326,Mansarovar,81.3,15.44,23.35,447.4
2026-06-28 19:51:20.152326,Mansarovar,94.0,22.52,45.21,454.1
2026-06-28 20:51:20.152326,Mansarovar,65.6,11.91,23.85,428.5
2026-06-28 21:51:20.152326,Mansarovar,83.3,21.33,37.41,430.8
2026-06-28 22:51:20.152326,Mansarovar,66.3,16.01,33.4,436.6
2026-06-28 23:51:20.152326,Mansarovar,85.3,16.37,28.14,442.4
2026-06-29 00:51:20.152326,Mansarovar,76.0,14.47,24.44,442.6
2026-06-29 01:51:20.152326,Mansarovar,84.7,22.04,45.23,424.5
2026-06-29 02:51:20.152326,Mansarovar,58.7,15.55,25.98,437.1
2026-06-29 03:51:20.152326,Mansarovar,72.4,19.79,33.54,430.2
2026-06-29 04:51:20.152326,Mansarovar,79.9,17.86,30.87,442.5
2026-06-29 05:51:20.152326,Mansarovar,70.7,15.99,26.43,454.4
2026-06-29 06:51:20.152326,Mansarovar,60.2,12.45,24.44,431.2
2026-06-29 07:51:20.152326,Mansarovar,95.0,22.01,40.33,485.5
2026-06-29 08:51:20.152326,Mansarovar,75.0,19.7,37.01,426.5
2026-06-29 09:51:20.152326,Mansarovar,83.6,18.93,37.65,449.5
2026-06-29 10:51:20.152326,Mansarovar,75.8,20.56,41.66,456.5
2026-06-29 11:51:20.152326,Mansarovar,71.7,17.23,28.92,437.5
2026-06-29 12:51:20.152326,Mansarovar,68.0,16.57,30.55,411.3
2026-06-29 13:51:20.152326,Mansarovar,81.7,20.3,36.12,455.1
2026-06-29 14:51:20.152326,Mansarovar,78.7,17.12,28.07,444.5
2026-06-29 15:51:20.152326,Mansarovar,77.7,19.68,32.05,462.8
2026-06-29 16:51:20.152326,Mansarovar,80.8,17.49,29.76,447.2
2026-06-29 17:51:20.152326,Mansarovar,93.9,21.49,40.0,471.5
2026-06-29 18:51:20.152326,Mansarovar,79.4,14.07,30.23,446.7
2026-06-29 19:51:20.152326,Mansarovar,80.5,19.66,34.29,437.4
2026-06-29 20:51:20.152326,Mansarovar,71.6,12.47,21.66,438.3
2026-06-29 21:51:20.152326,Mansarovar,79.2,19.55,37.17,456.3
2026-06-29 22:51:20.152326,Mansarovar,65.4,16.66,28.96,453.8
2026-06-29 23:51:20.152326,Mansarovar,81.3,17.76,29.36,443.9
2026-06-30 00:51:20.152326,Mansarovar,86.8,17.83,27.71,457.4
2026-06-30 01:51:20.152326,Mansarovar,85.2,17.22,35.84,461.7
2026-06-30 02:51:20.152326,Mansarovar,68.0,14.66,23.72,417.0
2026-06-30 03:51:20.152326,Mansarovar,64.3,16.74,27.56,438.4
2026-06-30 04:51:20.152326,Mansarovar,64.6,12.98,29.45,461.1
2026-06-30 05:51:20.152326,Mansarovar,69.2,15.9,31.05,404.9
2026-06-30 06:51:20.152326,Mansarovar,72.3,17.26,30.32,419.4
2026-06-30 07:51:20.152326,Mansarovar,79.7,22.86,39.89,429.6
2026-06-30 08:51:20.152326,Mansarovar,89.5,24.14,45.23,453.0
2026-06-30 09:51:20.152326,Mansarovar,83.1,16.0,28.51,420.3
2026-06-30 10:51:20.152326,Mansarovar,75.0,17.07,32.95,408.7
2026-06-30 11:51:20.152326,Mansarovar,85.6,21.02,38.65,432.4
2026-06-30 12:51:20.152326,Mansarovar,79.6,19.82,40.95,452.6
2026-06-30 13:51:20.152326,Mansarovar,67.8,16.57,28.08,435.5
2026-06-30 14:51:20.152326,Mansarovar,52.8,11.2,19.63,454.5
2026-06-30 15:51:20.152326,Mansarovar,82.0,22.84,46.88,422.1
2026-06-30 16:51:20.152326,Mansarovar,88.2,20.17,36.64,441.8
2026-06-30 17:51:20.152326,Mansarovar,83.3,19.34,37.04,467.0
2026-06-30 18:51:20.152326,Mansarovar,83.6,18.35,29.79,446.1
2026-06-30 19:51:20.152326,Mansarovar,89.3,21.02,40.09,469.2
2026-06-30 20:51:20.152326,Mansarovar,71.1,14.15,25.91,420.3
2026-06-30 21:51:20.152326,Mansarovar,84.4,19.76,39.4,450.6
2026-06-30 22:51:20.152326,Mansarovar,78.4,20.01,38.05,410.8
2026-06-30 23:51:20.152326,Mansarovar,76.4,17.35,25.88,423.0
2026-07-01 00:51:20.152326,Mansarovar,97.2,24.57,44.97,442.7
2026-07-01 01:51:20.152326,Mansarovar,72.3,16.5,29.23,443.9
2026-07-01 02:51:20.152326,Mansarovar,70.4,14.73,28.19,429.4
2026-07-01 03:51:20.152326,Mansarovar,75.2,19.07,32.0,444.8
2026-07-01 04:51:20.152326,Mansarovar,69.2,17.11,29.97,452.6
2026-07-01 05:51:20.152326,Mansarovar,70.0,17.28,29.96,393.6
2026-07-01 06:51:20.152326,Mansarovar,82.1,17.56,30.7,446.9
2026-07-01 07:51:20.152326,Mansarovar,88.2,21.71,38.87,431.1
2026-07-01 08:51:20.152326,Mansarovar,68.0,15.14,28.83,465.7
2026-07-01 09:51:20.152326,Mansarovar,92.4,22.53,42.26,431.6
2026-07-01 10:51:20.152326,Mansarovar,74.9,18.3,35.31,437.6
2026-07-01 11:51:20.152326,Mansarovar,66.0,16.1,30.82,453.6
2026-07-01 12:51:20.152326,Mansarovar,73.9,16.92,30.52,436.5
2026-07-01 13:51:20.152326,Mansarovar,90.7,23.7,43.79,462.4
2026-07-01 14:51:20.152326,Mansarovar,76.2,19.31,34.45,440.9
2026-07-01 15:51:20.152326,Mansarovar,75.3,18.9,32.22,450.5
2026-07-01 16:51:20.152326,Mansarovar,89.0,21.15,32.76,448.2
2026-07-01 17:51:20.152326,Mansarovar,83.9,18.49,26.89,468.4
2026-07-01 18:51:20.152326,Mansarovar,85.9,17.92,37.59,424.4
2026-07-01 19:51:20.152326,Mansarovar,97.6,23.17,40.42,460.9
2026-07-01 20:51:20.152326,Mansarovar,64.0,13.07,25.83,417.6
2026-07-01 21:51:20.152326,Mansarovar,78.3,17.35,32.41,451.4
2026-07-01 22:51:20.152326,Mansarovar,73.9,16.67,33.84,425.5
2026-07-01 23:51:20.152326,Mansarovar,69.8,18.23,33.16,455.5
2026-07-02 00:51:20.152326,Mansarovar,88.8,19.88,39.07,461.6
2026-07-02 01:51:20.152326,Mansarovar,70.8,13.19,25.73,433.8
2026-07-02 02:51:20.152326,Mansarovar,59.1,9.24,17.08,447.6
2026-07-02 03:51:20.152326,Mansarovar,72.0,18.24,37.06,445.4
2026-07-02 04:51:20.152326,Mansarovar,72.9,14.34,30.33,444.4
2026-07-02 05:51:20.152326,Mansarovar,75.5,15.94,30.65,442.3
2026-07-02 06:51:20.152326,Mansarovar,72.4,16.29,32.5,439.8
2026-07-02 07:51:20.152326,Mansarovar,97.7,19.25,37.15,457.5
2026-07-02 08:51:20.152326,Mansarovar,108.0,22.79,46.44,436.3
2026-07-02 09:51:20.152326,Mansarovar,83.9,21.59,45.96,440.4
2026-07-02 10:51:20.152326,Mansarovar,71.1,20.2,34.11,422.0
2026-07-02 11:51:20.152326,Mansarovar,71.2,20.67,34.82,419.2
2026-07-02 12:51:20.152326,Mansarovar,76.7,13.41,27.53,417.9
2026-07-02 13:51:20.152326,Mansarovar,59.3,12.58,25.2,423.7
2026-07-02 14:51:20.152326,Mansarovar,85.6,18.52,29.83,439.9
2026-07-02 15:51:20.152326,Mansarovar,66.8,16.36,30.17,413.8
2026-07-02 16:51:20.152326,Mansarovar,74.1,19.0,29.6,432.2
2026-07-02 17:51:20.152326,Mansarovar,73.1,19.21,36.84,423.5
2026-07-02 18:51:20.152326,Mansarovar,93.4,24.13,48.4,425.7
2026-07-02 19:51:20.152326,Mansarovar,92.4,21.45,45.54,448.6
2026-07-02 20:51:20.152326,Mansarovar,89.1,18.35,35.77,447.8
2026-07-02 21:51:20.152326,Mansarovar,72.8,19.96,35.6,425.9
2026-07-02 22:51:20.152326,Mansarovar,62.7,17.45,36.03,448.2
2026-07-02 23:51:20.152326,Mansarovar,86.2,21.14,45.3,431.0
2026-07-03 00:51:20.152326,Mansarovar,81.5,20.03,41.42,457.5
2026-07-03 01:51:20.152326,Mansarovar,82.8,18.15,32.52,464.0
2026-07-03 02:51:20.152326,Mansarovar,77.1,18.37,32.85,444.9
2026-07-03 03:51:20.152326,Mansarovar,71.0,16.09,25.71,426.2
2026-07-03 04:51:20.152326,Mansarovar,75.6,17.44,33.63,407.5
2026-07-03 05:51:20.152326,Mansarovar,72.8,16.48,31.59,411.9
2026-07-03 06:51:20.152326,Mansarovar,71.2,18.8,30.12,433.9
2026-07-03 07:51:20.152326,Mansarovar,90.7,20.79,38.14,434.5
2026-07-03 08:51:20.152326,Mansarovar,92.4,26.47,53.36,441.7
2026-07-03 09:51:20.152326,Mansarovar,96.2,23.44,50.17,457.1
2026-07-03 10:51:20.152326,Mansarovar,74.7,17.33,29.94,451.5
2026-07-03 11:51:20.152326,Mansarovar,90.0,18.78,33.49,443.3
2026-07-03 12:51:20.152326,Mansarovar,80.9,16.29,34.34,425.4
2026-07-03 13:51:20.152326,Mansarovar,72.1,20.99,34.74,429.0
2026-07-03 14:51:20.152326,Mansarovar,82.6,21.23,38.58,420.0
2026-07-03 15:51:20.152326,Mansarovar,90.9,18.39,37.57,433.8
2026-07-03 16:51:20.152326,Mansarovar,65.5,16.14,28.69,433.6
2026-07-03 17:51:20.152326,Mansarovar,79.8,18.2,29.91,432.3
2026-07-03 18:51:20.152326,Mansarovar,84.0,19.71,34.29,452.6
2026-07-03 19:51:20.152326,Mansarovar,80.2,18.8,35.36,434.8
2026-07-03 20:51:20.152326,Mansarovar,81.7,23.73,46.22,449.4
2026-07-03 21:51:20.152326,Mansarovar,63.3,17.9,32.1,449.3
2026-07-03 22:51:20.152326,Mansarovar,62.9,14.7,30.48,411.2
2026-07-03 23:51:20.152326,Mansarovar,78.3,22.71,42.63,430.8
2026-07-04 00:51:20.152326,Mansarovar,78.1,18.75,33.42,427.6
2026-07-04 01:51:20.152326,Mansarovar,82.3,20.75,40.03,425.2
2026-07-04 02:51:20.152326,Mansarovar,84.7,26.01,48.82,452.6
2026-07-04 03:51:20.152326,Mansarovar,65.3,15.35,26.91,418.9
2026-07-04 04:51:20.152326,Mansarovar,65.1,14.45,33.02,439.6
2026-07-04 05:51:20.152326,Mansarovar,62.5,13.51,21.09,437.7
2026-07-04 06:51:20.152326,Mansarovar,77.6,17.51,35.02,428.4
2026-07-04 07:51:20.152326,Mansarovar,89.9,20.6,36.4,453.8
2026-07-04 08:51:20.152326,Mansarovar,92.3,20.03,34.19,452.4
2026-07-04 09:51:20.152326,Mansarovar,90.0,21.01,38.47,444.2
2026-07-04 10:51:20.152326,Mansarovar,70.7,17.74,33.36,410.2
2026-07-04 11:51:20.152326,Mansarovar,83.6,17.14,37.69,410.7
2026-07-04 12:51:20.152326,Mansarovar,64.0,12.45,22.03,432.7
2026-07-04 13:51:20.152326,Mansarovar,73.2,16.43,34.35,427.2
2026-07-04 14:51:20.152326,Mansarovar,72.1,17.48,32.99,439.6
2026-07-04 15:51:20.152326,Mansarovar,74.5,15.48,32.87,432.9
2026-07-04 16:51:20.152326,Mansarovar,60.3,14.42,25.3,422.3
2026-07-04 17:51:20.152326,Mansarovar,89.2,18.34,32.2,446.0
2026-07-04 18:51:20.152326,Mansarovar,70.0,14.51,27.55,441.5
2026-07-04 19:51:20.152326,Mansarovar,95.9,22.16,41.84,427.9
2026-07-04 20:51:20.152326,Mansarovar,74.0,13.22,23.07,430.0
2026-07-04 21:51:20.152326,Mansarovar,66.1,18.82,36.24,445.0
2026-07-04 22:51:20.152326,Mansarovar,77.2,18.85,30.06,467.8
2026-07-04 23:51:20.152326,Mansarovar,73.1,20.79,38.29,427.7
2026-07-05 00:51:20.152326,Mansarovar,65.9,16.79,33.63,436.2
2026-07-05 01:51:20.152326,Mansarovar,80.5,21.1,35.67,431.7
2026-07-05 02:51:20.152326,Mansarovar,97.4,23.03,43.0,466.2
2026-07-05 03:51:20.152326,Mansarovar,88.0,21.11,41.77,443.8
2026-07-05 04:51:20.152326,Mansarovar,67.6,18.5,31.7,441.7
2026-07-05 05:51:20.152326,Mansarovar,63.6,15.1,31.84,441.6
2026-07-05 06:51:20.152326,Mansarovar,82.1,23.24,42.03,450.6
2026-07-05 07:51:20.152326,Mansarovar,93.0,21.81,36.83,441.6
2026-07-05 08:51:20.152326,Mansarovar,91.4,22.3,38.52,441.6
2026-07-05 09:51:20.152326,Mansarovar,87.0,19.53,39.66,409.5
2026-07-05 10:51:20.152326,Mansarovar,79.0,17.25,29.2,439.5
2026-07-05 11:51:20.152326,Mansarovar,53.7,16.0,30.0,401.6
2026-07-05 12:51:20.152326,Mansarovar,64.8,16.26,32.67,429.0
2026-07-05 13:51:20.152326,Mansarovar,67.3,16.64,33.91,429.2
2026-07-05 14:51:20.152326,Mansarovar,76.3,18.65,35.27,433.9
2026-07-05 15:51:20.152326,Mansarovar,68.0,14.29,27.02,447.5
2026-07-05 16:51:20.152326,Mansarovar,67.6,16.16,32.53,435.8
2026-07-05 17:51:20.152326,Mansarovar,83.8,19.59,38.38,448.2
2026-07-05 18:51:20.152326,Mansarovar,85.5,16.96,31.47,435.3
2026-07-05 19:51:20.152326,Mansarovar,84.0,18.8,37.46,429.1
2026-07-05 20:51:20.152326,Mansarovar,73.9,17.45,36.35,445.9
2026-07-05 21:51:20.152326,Mansarovar,68.8,18.69,33.95,411.7
2026-07-05 22:51:20.152326,Mansarovar,64.9,16.98,30.3,407.9
2026-07-05 23:51:20.152326,Mansarovar,79.1,13.04,25.62,432.0
2026-07-06 00:51:20.152326,Mansarovar,71.7,19.79,40.86,449.7
2026-07-06 01:51:20.152326,Mansarovar,46.3,11.4,20.09,427.0
2026-07-06 02:51:20.152326,Mansarovar,63.3,17.6,29.99,425.1
2026-07-06 03:51:20.152326,Mansarovar,59.6,15.31,32.23,455.2
2026-07-06 04:51:20.152326,Mansarovar,61.1,16.28,32.87,451.4
2026-07-06 05:51:20.152326,Mansarovar,62.3,13.76,30.13,426.2
2026-07-06 06:51:20.152326,Mansarovar,86.4,19.86,37.52,456.3
2026-07-06 07:51:20.152326,Mansarovar,95.9,23.04,43.08,464.9
2026-07-06 08:51:20.152326,Mansarovar,75.3,19.49,41.81,447.3
2026-07-06 09:51:20.152326,Mansarovar,96.6,22.62,48.74,450.0
2026-07-06 10:51:20.152326,Mansarovar,67.2,17.09,32.52,424.8
2026-07-06 11:51:20.152326,Mansarovar,74.3,16.45,31.91,441.9
2026-07-06 12:51:20.152326,Mansarovar,74.2,18.87,33.57,427.8
2026-07-06 13:51:20.152326,Mansarovar,72.8,17.37,30.01,451.6
2026-07-06 14:51:20.152326,Mansarovar,74.8,18.22,31.41,459.8
2026-07-06 15:51:20.152326,Mansarovar,78.1,19.88,39.54,452.5
2026-07-06 16:51:20.152326,Mansarovar,78.0,18.58,37.88,425.8
2026-07-06 17:51:20.152326,Mansarovar,78.0,18.84,34.39,428.7
2026-07-06 18:51:20.152326,Mansarovar,89.8,21.17,38.22,464.3
2026-07-06 19:51:20.152326,Mansarovar,83.5,20.59,35.11,442.2
2026-07-06 20:51:20.152326,Mansarovar,82.3,17.1,39.49,458.0
2026-07-06 21:51:20.152326,Mansarovar,70.7,18.67,38.34,419.8
2026-07-06 22:51:20.152326,Mansarovar,64.1,15.43,27.96,392.5
2026-07-06 23:51:20.152326,Mansarovar,62.0,14.08,24.92,456.5
2026-07-07 00:51:20.152326,Mansarovar,75.5,20.96,40.02,415.9
2026-07-07 01:51:20.152326,Mansarovar,80.7,20.33,32.47,435.9
2026-07-07 02:51:20.152326,Mansarovar,69.8,18.74,33.24,431.4
2026-07-07 03:51:20.152326,Mansarovar,73.5,16.42,35.28,416.4
2026-07-07 04:51:20.152326,Mansarovar,70.2,17.42,35.5,418.3
2026-07-07 05:51:20.152326,Mansarovar,77.9,17.45,36.89,409.3
2026-07-07 06:51:20.152326,Mansarovar,64.7,14.99,31.29,459.2
2026-07-07 07:51:20.152326,Mansarovar,89.0,17.31,29.84,428.4
2026-07-07 08:51:20.152326,Mansarovar,85.4,18.19,33.47,477.3
2026-07-07 09:51:20.152326,Mansarovar,84.6,18.53,33.5,449.9
2026-07-07 10:51:20.152326,Mansarovar,84.1,21.22,42.87,452.9
2026-07-07 11:51:20.152326,Mansarovar,76.9,17.28,35.45,445.3
2026-07-07 12:51:20.152326,Mansarovar,83.7,21.27,37.63,430.5
2026-07-07 13:51:20.152326,Mansarovar,87.8,22.64,43.71,454.4
2026-07-07 14:51:20.152326,Mansarovar,65.2,16.67,31.41,425.2
2026-07-07 15:51:20.152326,Mansarovar,76.1,18.45,34.61,461.4
2026-07-07 16:51:20.152326,Mansarovar,70.5,16.94,32.07,448.9
2026-07-07 17:51:20.152326,Mansarovar,75.9,17.41,30.15,428.6
2026-07-07 18:51:20.152326,Mansarovar,77.6,19.39,31.4,455.6
2026-07-07 19:51:20.152326,Mansarovar,92.9,20.34,36.65,450.9
2026-07-07 20:51:20.152326,Mansarovar,91.6,19.89,39.56,435.5
2026-07-07 21:51:20.152326,Mansarovar,69.5,18.18,32.89,434.4
2026-07-07 22:51:20.152326,Mansarovar,89.0,20.45,33.29,453.1
2026-07-07 23:51:20.152326,Mansarovar,71.5,18.41,31.89,410.5
2026-07-08 00:51:20.152326,Mansarovar,71.7,19.08,33.25,435.8
2026-07-08 01:51:20.152326,Mansarovar,73.3,19.98,35.77,400.2
2026-07-08 02:51:20.152326,Mansarovar,66.5,14.36,29.5,459.8
2026-07-08 03:51:20.152326,Mansarovar,82.4,21.44,36.84,421.4
2026-07-08 04:51:20.152326,Mansarovar,74.6,18.49,28.05,431.9
2026-07-08 05:51:20.152326,Mansarovar,79.3,19.07,34.47,440.4
2026-07-08 06:51:20.152326,Mansarovar,73.6,18.01,37.82,434.7
2026-07-08 07:51:20.152326,Mansarovar,94.8,22.56,39.12,432.1
2026-07-08 08:51:20.152326,Mansarovar,79.5,20.26,36.67,420.6
2026-07-08 09:51:20.152326,Mansarovar,90.2,21.91,39.25,470.4
2026-07-08 10:51:20.152326,Mansarovar,72.7,18.78,39.47,440.1
2026-07-08 11:51:20.152326,Mansarovar,68.0,12.57,20.8,405.2
2026-07-08 12:51:20.152326,Mansarovar,74.2,16.73,28.5,448.2
2026-07-08 13:51:20.152326,Mansarovar,70.3,16.51,28.26,418.7
2026-07-08 14:51:20.152326,Mansarovar,62.7,11.3,23.41,415.5
2026-07-08 15:51:20.152326,Mansarovar,72.8,18.51,33.74,439.2
2026-07-08 16:51:20.152326,Mansarovar,85.2,16.95,28.96,458.1
2026-07-08 17:51:20.152326,Mansarovar,85.6,21.57,39.02,450.1
2026-07-08 18:51:20.152326,Mansarovar,97.4,23.32,43.72,468.7
2026-07-08 19:51:20.152326,Mansarovar,93.5,22.79,38.33,428.2
2026-07-08 20:51:20.152326,Mansarovar,77.0,19.56,34.88,423.8
2026-07-08 21:51:20.152326,Mansarovar,57.6,15.31,27.5,422.1
2026-07-08 22:51:20.152326,Mansarovar,69.4,18.11,33.14,410.0
2026-07-08 23:51:20.152326,Mansarovar,68.1,18.7,37.02,419.0
2026-07-09 00:51:20.152326,Mansarovar,77.0,18.85,37.44,478.0
2026-07-09 01:51:20.152326,Mansarovar,83.5,20.0,35.79,434.4
2026-07-09 02:51:20.152326,Mansarovar,77.3,18.5,32.03,462.8
2026-07-09 03:51:20.152326,Mansarovar,69.4,17.89,35.02,403.6
2026-07-09 04:51:20.152326,Mansarovar,70.3,15.06,30.01,413.1
2026-07-09 05:51:20.152326,Mansarovar,77.3,20.91,38.42,430.7
2026-07-09 06:51:20.152326,Mansarovar,73.7,17.75,34.54,436.3
2026-07-09 07:51:20.152326,Mansarovar,93.0,22.08,43.46,433.2
2026-07-09 08:51:20.152326,Mansarovar,86.7,23.45,44.56,419.4
2026-07-09 09:51:20.152326,Mansarovar,84.8,23.45,47.25,441.2
2026-07-09 10:51:20.152326,Mansarovar,63.5,16.32,31.88,434.0
2026-07-09 11:51:20.152326,Mansarovar,86.8,20.04,36.09,444.3
2026-07-09 12:51:20.152326,Mansarovar,75.3,18.19,38.23,452.1
2026-07-09 13:51:20.152326,Mansarovar,62.4,15.18,24.5,432.1
2026-07-09 14:51:20.152326,Mansarovar,57.5,17.07,35.01,393.7
2026-07-09 15:51:20.152326,Mansarovar,67.3,20.29,36.77,444.2
2026-07-09 16:51:20.152326,Mansarovar,74.5,17.31,30.6,410.9
2026-07-09 17:51:20.152326,Mansarovar,87.2,19.22,32.97,436.9
2026-07-09 18:51:20.152326,Mansarovar,89.7,19.12,38.87,425.4
2026-07-09 19:51:20.152326,Mansarovar,85.6,18.49,31.74,416.9
2026-07-09 20:51:20.152326,Mansarovar,89.4,22.22,39.52,443.0
2026-07-09 21:51:20.152326,Mansarovar,74.3,17.12,27.39,435.4
2026-07-09 22:51:20.152326,Mansarovar,74.5,17.98,31.24,441.0
2026-07-09 23:51:20.152326,Mansarovar,72.3,15.75,27.42,432.2
2026-07-10 00:51:20.152326,Mansarovar,69.0,10.85,21.43,441.7
2026-07-10 01:51:20.152326,Mansarovar,56.5,15.58,29.26,399.7
2026-07-10 02:51:20.152326,Mansarovar,77.6,16.64,30.8,454.3
2026-07-10 03:51:20.152326,Mansarovar,81.5,21.44,40.16,431.1
2026-07-10 04:51:20.152326,Mansarovar,81.0,21.14,35.23,442.5
2026-07-10 05:51:20.152326,Mansarovar,63.1,14.7,25.64,449.5
2026-07-10 06:51:20.152326,Mansarovar,58.6,14.11,24.85,434.9
2026-07-10 07:51:20.152326,Mansarovar,91.0,23.22,42.36,430.4
2026-07-10 08:51:20.152326,Mansarovar,85.4,22.38,45.4,457.5
2026-07-10 09:51:20.152326,Mansarovar,85.0,21.97,45.53,443.8
2026-07-10 10:51:20.152326,Mansarovar,67.1,16.01,31.33,430.6
2026-07-10 11:51:20.152326,Mansarovar,66.8,15.53,30.03,446.4
2026-07-10 12:51:20.152326,Mansarovar,82.5,18.89,40.84,453.1
2026-07-10 13:51:20.152326,Mansarovar,66.3,16.31,35.25,434.5
2026-07-10 14:51:20.152326,Mansarovar,62.3,15.37,30.54,414.1
2026-07-10 15:51:20.152326,Mansarovar,72.4,18.01,34.42,401.2
2026-07-10 16:51:20.152326,Mansarovar,83.6,19.79,41.25,439.6
2026-07-10 17:51:20.152326,Mansarovar,77.3,19.57,32.19,448.1
2026-07-10 18:51:20.152326,Mansarovar,79.2,19.94,38.19,410.5
2026-07-10 19:51:20.152326,Mansarovar,76.4,20.42,35.8,441.8
2026-07-10 20:51:20.152326,Mansarovar,80.9,19.16,29.95,456.9
2026-07-10 21:51:20.152326,Mansarovar,68.8,16.95,35.73,451.6
2026-07-10 22:51:20.152326,Mansarovar,77.5,18.43,33.07,431.2
2026-07-10 23:51:20.152326,Mansarovar,80.7,18.22,33.75,444.2
2026-07-11 00:51:20.152326,Mansarovar,75.1,20.15,35.66,439.1
2026-07-11 01:51:20.152326,Mansarovar,61.3,14.55,28.81,437.6
2026-07-11 02:51:20.152326,Mansarovar,63.9,16.49,33.78,419.4
2026-07-11 03:51:20.152326,Mansarovar,83.2,19.2,33.28,450.4
2026-07-11 04:51:20.152326,Mansarovar,66.0,19.09,35.58,436.9
2026-07-11 05:51:20.152326,Mansarovar,80.4,17.91,37.45,442.5
2026-07-11 06:51:20.152326,Mansarovar,89.6,18.91,36.85,440.7
2026-07-11 07:51:20.152326,Mansarovar,89.7,21.79,41.4,445.8
2026-07-11 08:51:20.152326,Mansarovar,88.9,16.52,28.82,446.8
2026-07-11 09:51:20.152326,Mansarovar,101.4,25.25,49.09,465.0
2026-07-11 10:51:20.152326,Mansarovar,73.1,18.03,33.0,434.3
2026-07-11 11:51:20.152326,Mansarovar,73.8,15.45,22.9,408.4
2026-07-11 12:51:20.152326,Mansarovar,68.1,15.55,29.09,433.9
2026-07-11 13:51:20.152326,Mansarovar,60.6,15.42,28.34,448.0
2026-07-11 14:51:20.152326,Mansarovar,70.8,14.97,30.33,458.7
2026-07-11 15:51:20.152326,Mansarovar,67.9,15.35,28.46,431.1
2026-07-11 16:51:20.152326,Mansarovar,59.5,14.13,26.84,433.0
2026-07-11 17:51:20.152326,Mansarovar,83.8,21.54,40.63,462.2
2026-07-11 18:51:20.152326,Mansarovar,88.3,24.03,49.27,435.0
2026-07-11 19:51:20.152326,Mansarovar,90.7,20.49,38.11,460.7
2026-07-11 20:51:20.152326,Mansarovar,68.1,15.46,27.04,415.4
2026-07-11 21:51:20.152326,Mansarovar,62.9,11.59,20.14,447.2
2026-07-11 22:51:20.152326,Mansarovar,68.3,19.42,34.05,410.6
2026-07-11 23:51:20.152326,Mansarovar,73.4,15.1,32.71,414.8
2026-07-12 00:51:20.152326,Mansarovar,80.8,21.62,42.37,437.4
2026-07-12 01:51:20.152326,Mansarovar,60.6,12.39,20.17,415.8
2026-07-12 02:51:20.152326,Mansarovar,67.8,13.91,21.14,421.2
2026-07-12 03:51:20.152326,Mansarovar,67.9,16.5,34.06,454.6
2026-07-12 04:51:20.152326,Mansarovar,80.4,14.93,31.25,455.4
2026-07-12 05:51:20.152326,Mansarovar,62.1,15.52,26.7,419.7
2026-07-12 06:51:20.152326,Mansarovar,72.1,19.3,35.93,410.5
2026-07-12 07:51:20.152326,Mansarovar,87.4,24.96,42.0,451.7
2026-07-12 08:51:20.152326,Mansarovar,72.3,15.97,28.36,460.3
2026-07-12 09:51:20.152326,Mansarovar,65.9,18.02,32.21,464.5
2026-07-12 10:51:20.152326,Mansarovar,74.7,20.41,38.2,434.9
2026-07-12 11:51:20.152326,Mansarovar,62.2,18.43,39.56,427.5
2026-07-12 12:51:20.152326,Mansarovar,65.9,14.85,24.81,446.5
2026-07-12 13:51:20.152326,Mansarovar,78.7,18.85,36.11,438.3
2026-07-12 14:51:20.152326,Mansarovar,77.4,17.81,31.49,447.2
2026-07-12 15:51:20.152326,Mansarovar,73.7,17.23,24.67,441.5
2026-07-12 16:51:20.152326,Mansarovar,82.8,21.51,39.08,431.4
2026-07-12 17:51:20.152326,Mansarovar,77.1,16.13,28.99,433.7
2026-07-12 18:51:20.152326,Mansarovar,84.6,22.92,41.58,440.5
2026-07-12 19:51:20.152326,Mansarovar,85.1,18.68,36.26,468.3
2026-07-12 20:51:20.152326,Mansarovar,68.2,14.98,26.05,416.3
2026-07-12 21:51:20.152326,Mansarovar,65.9,16.71,31.11,438.5
2026-07-12 22:51:20.152326,Mansarovar,79.4,19.24,41.52,407.5
2026-07-12 23:51:20.152326,Mansarovar,54.8,14.99,30.84,429.6
2026-07-13 00:51:20.152326,Mansarovar,63.6,14.37,28.38,447.2
2026-07-13 01:51:20.152326,Mansarovar,68.1,15.0,25.0,408.8
2026-07-13 02:51:20.152326,Mansarovar,91.4,21.38,41.99,438.5
2026-07-13 03:51:20.152326,Mansarovar,77.1,17.01,30.77,448.4
2026-07-13 04:51:20.152326,Mansarovar,65.7,15.72,30.97,448.0
2026-07-13 05:51:20.152326,Mansarovar,75.3,15.99,27.35,432.2
2026-07-13 06:51:20.152326,Mansarovar,62.8,13.01,30.27,420.2
2026-07-13 07:51:20.152326,Mansarovar,79.5,18.96,37.47,453.0
2026-07-13 08:51:20.152326,Mansarovar,77.6,18.3,37.89,435.0
2026-07-13 09:51:20.152326,Mansarovar,96.5,21.41,43.88,405.5
2026-07-13 10:51:20.152326,Mansarovar,74.0,17.28,33.72,419.1
2026-07-13 11:51:20.152326,Mansarovar,67.3,18.66,31.93,412.7
2026-07-13 12:51:20.152326,Mansarovar,68.3,14.02,28.43,429.7
2026-07-13 13:51:20.152326,Mansarovar,73.4,14.42,25.72,447.7
2026-07-13 14:51:20.152326,Mansarovar,78.7,19.02,35.68,453.0
2026-07-13 15:51:20.152326,Mansarovar,74.7,16.91,35.08,439.6
2026-07-13 16:51:20.152326,Mansarovar,70.3,17.74,32.52,426.9
2026-07-13 17:51:20.152326,Mansarovar,91.8,21.21,39.21,464.0
2026-07-13 18:51:20.152326,Mansarovar,89.2,16.45,30.07,443.6
2026-07-13 19:51:20.152326,Mansarovar,79.4,15.11,28.71,447.9
2026-07-13 20:51:20.152326,Mansarovar,70.5,20.16,39.09,440.1
2026-07-13 21:51:20.152326,Mansarovar,65.0,15.01,26.09,422.9
2026-07-13 22:51:20.152326,Mansarovar,74.6,20.32,36.79,439.3
2026-07-13 23:51:20.152326,Mansarovar,66.5,13.83,29.06,452.0
2026-07-14 00:51:20.152326,Mansarovar,61.2,11.43,22.44,426.0
2026-07-14 01:51:20.152326,Mansarovar,64.9,12.85,24.93,437.7
2026-07-14 02:51:20.152326,Mansarovar,67.1,15.11,24.43,400.1
2026-07-14 03:51:20.152326,Mansarovar,83.1,20.39,38.57,442.7
2026-07-14 04:51:20.152326,Mansarovar,90.2,19.88,33.58,434.5
2026-07-14 05:51:20.152326,Mansarovar,70.7,15.77,25.7,416.6
2026-07-14 06:51:20.152326,Mansarovar,74.0,16.98,30.06,442.5
2026-07-14 07:51:20.152326,Mansarovar,89.5,20.38,37.82,464.8
2026-07-14 08:51:20.152326,Mansarovar,91.2,21.18,41.65,466.4
2026-07-14 09:51:20.152326,Mansarovar,82.4,16.96,29.5,401.2
2026-07-14 10:51:20.152326,Mansarovar,72.8,17.76,35.75,432.9
2026-07-14 11:51:20.152326,Mansarovar,68.0,14.71,24.07,440.5
2026-07-14 12:51:20.152326,Mansarovar,68.6,13.41,29.44,405.3
2026-07-14 13:51:20.152326,Mansarovar,63.4,15.12,24.5,413.8
2026-07-14 14:51:20.152326,Mansarovar,73.5,16.11,33.23,453.0
2026-07-14 15:51:20.152326,Mansarovar,69.5,17.47,33.73,422.3
2026-07-14 16:51:20.152326,Mansarovar,67.4,14.68,21.29,417.0
2026-07-14 17:51:20.152326,Mansarovar,100.5,24.86,47.01,448.9
2026-07-14 18:51:20.152326,Mansarovar,92.1,22.93,42.61,434.0
2026-07-14 19:51:20.152326,Mansarovar,75.2,20.21,39.59,433.1
2026-07-14 20:51:20.152326,Mansarovar,64.9,18.75,38.6,427.2
2026-07-14 21:51:20.152326,Mansarovar,78.0,17.99,34.48,419.3
2026-07-14 22:51:20.152326,Mansarovar,61.9,13.94,21.17,440.0
2026-07-14 23:51:20.152326,Mansarovar,57.7,14.02,24.67,455.2
2026-07-15 00:51:20.152326,Mansarovar,78.0,19.9,34.51,445.9
2026-07-15 01:51:20.152326,Mansarovar,86.4,22.97,43.22,457.5
2026-07-15 02:51:20.152326,Mansarovar,79.1,17.07,30.23,416.7
2026-07-15 03:51:20.152326,Mansarovar,66.2,15.77,33.08,448.2
2026-07-15 04:51:20.152326,Mansarovar,84.8,19.76,39.34,459.9
2026-07-15 05:51:20.152326,Mansarovar,65.5,19.09,28.77,433.9
2026-07-15 06:51:20.152326,Mansarovar,79.3,15.38,31.79,445.7
2026-07-15 07:51:20.152326,Mansarovar,82.2,19.21,36.8,467.8
2026-07-15 08:51:20.152326,Mansarovar,96.5,27.0,52.83,448.3
2026-07-15 09:51:20.152326,Mansarovar,82.2,16.79,25.02,440.1
2026-07-15 10:51:20.152326,Mansarovar,76.3,20.46,38.38,426.0
2026-07-15 11:51:20.152326,Mansarovar,66.7,16.74,32.71,417.0
2026-07-15 12:51:20.152326,Mansarovar,70.6,19.09,37.43,415.1
2026-07-15 13:51:20.152326,Mansarovar,66.9,16.92,32.17,442.9
2026-07-15 14:51:20.152326,Mansarovar,74.2,17.76,30.56,448.6
2026-07-15 15:51:20.152326,Mansarovar,66.3,11.85,17.04,446.4
2026-07-15 16:51:20.152326,Mansarovar,68.0,16.77,25.8,441.2
2026-07-15 17:51:20.152326,Mansarovar,83.5,20.56,35.51,451.2
2026-07-15 18:51:20.152326,Mansarovar,96.8,22.88,38.84,443.2
2026-07-15 19:51:20.152326,Mansarovar,84.9,21.75,40.58,450.0
2026-07-15 20:51:20.152326,Mansarovar,65.0,20.95,37.47,421.4
2026-07-15 21:51:20.152326,Mansarovar,88.0,24.86,45.01,429.5
2026-07-15 22:51:20.152326,Mansarovar,72.3,14.86,26.33,446.2
2026-07-15 23:51:20.152326,Mansarovar,75.7,20.26,39.92,433.1
2026-07-16 00:51:20.152326,Mansarovar,69.5,17.41,25.9,443.5
2026-07-16 01:51:20.152326,Mansarovar,80.2,15.45,31.51,445.6
2026-07-16 02:51:20.152326,Mansarovar,69.5,19.21,33.74,433.1
2026-07-16 03:51:20.152326,Mansarovar,66.0,12.31,29.43,419.6
2026-07-16 04:51:20.152326,Mansarovar,63.8,12.82,20.04,453.2
2026-07-16 05:51:20.152326,Mansarovar,72.4,16.71,32.05,419.2
2026-07-16 06:51:20.152326,Mansarovar,66.0,16.13,32.32,451.3
2026-07-16 07:51:20.152326,Mansarovar,84.8,18.5,33.58,411.8
2026-07-16 08:51:20.152326,Mansarovar,90.7,25.06,50.23,470.7
2026-07-16 09:51:20.152326,Mansarovar,80.5,18.12,34.14,458.5
2026-07-16 10:51:20.152326,Mansarovar,75.4,18.72,34.21,420.9
2026-07-16 11:51:20.152326,Mansarovar,70.0,17.21,36.08,441.1
2026-07-16 12:51:20.152326,Mansarovar,64.4,16.64,26.32,415.2
2026-07-16 13:51:20.152326,Mansarovar,83.9,20.39,42.14,458.6
2026-07-16 14:51:20.152326,Mansarovar,73.2,14.56,20.17,467.8
2026-07-16 15:51:20.152326,Mansarovar,72.8,18.73,30.71,445.7
2026-07-16 16:51:20.152326,Mansarovar,63.7,15.27,30.93,407.4
2026-07-16 17:51:20.152326,Mansarovar,72.2,14.68,26.92,432.2
2026-07-16 18:51:20.152326,Mansarovar,84.4,16.97,34.02,455.0
2026-07-16 19:51:20.152326,Mansarovar,64.2,14.41,27.84,436.5
2026-07-16 20:51:20.152326,Mansarovar,72.9,21.2,39.9,444.7
2026-07-16 21:51:20.152326,Mansarovar,64.7,16.09,26.01,431.3
2026-07-16 22:51:20.152326,Mansarovar,70.8,14.92,29.69,419.2
2026-07-16 23:51:20.152326,Mansarovar,87.2,20.73,33.95,435.8
2026-07-17 00:51:20.152326,Mansarovar,70.8,17.56,33.55,442.8
2026-07-17 01:51:20.152326,Mansarovar,75.7,17.3,30.48,458.4
2026-07-17 02:51:20.152326,Mansarovar,85.2,17.67,34.06,429.1
2026-07-17 03:51:20.152326,Mansarovar,76.1,16.37,28.13,406.7
2026-07-17 04:51:20.152326,Mansarovar,73.4,19.38,36.58,437.4
2026-07-17 05:51:20.152326,Mansarovar,67.5,18.68,31.6,458.3
2026-07-17 06:51:20.152326,Mansarovar,69.4,12.28,23.86,421.6
2026-07-17 07:51:20.152326,Mansarovar,89.6,20.8,41.37,436.0
2026-07-17 08:51:20.152326,Mansarovar,90.3,25.02,46.07,457.0
2026-07-17 09:51:20.152326,Mansarovar,87.8,22.49,42.31,449.0
2026-07-17 10:51:20.152326,Mansarovar,64.1,15.79,28.07,432.6
2026-07-17 11:51:20.152326,Mansarovar,79.4,19.56,39.14,449.6
2026-07-17 12:51:20.152326,Mansarovar,65.5,15.58,27.62,448.4
2026-07-17 13:51:20.152326,Mansarovar,69.1,16.11,34.75,443.4
2026-07-17 14:51:20.152326,Mansarovar,74.5,17.83,32.66,425.2
2026-07-17 15:51:20.152326,Mansarovar,79.3,20.7,37.56,446.8
2026-07-17 16:51:20.152326,Mansarovar,81.3,19.72,39.45,450.0
2026-07-17 17:51:20.152326,Mansarovar,84.8,22.0,39.81,457.8
2026-07-17 18:51:20.152326,Mansarovar,96.5,23.74,40.75,413.3
2026-07-17 19:51:20.152326,Mansarovar,97.1,20.05,38.64,400.2
2026-07-17 20:51:20.152326,Mansarovar,70.6,17.35,32.41,424.9
2026-07-17 21:51:20.152326,Mansarovar,73.7,20.14,39.16,414.3
2026-07-17 22:51:20.152326,Mansarovar,66.7,18.28,25.78,441.0
2026-07-17 23:51:20.152326,Mansarovar,93.9,23.13,43.62,418.8
2026-07-18 00:51:20.152326,Mansarovar,62.7,16.03,29.24,418.6
2026-07-18 01:51:20.152326,Mansarovar,72.0,16.8,30.51,423.5
2026-07-18 02:51:20.152326,Mansarovar,67.7,17.3,30.74,427.0
2026-07-18 03:51:20.152326,Mansarovar,78.0,18.39,38.11,449.3
2026-07-18 04:51:20.152326,Mansarovar,80.9,19.01,33.41,441.5
2026-07-18 05:51:20.152326,Mansarovar,77.9,20.22,38.49,443.8
2026-07-18 06:51:20.152326,Mansarovar,86.2,21.61,38.18,435.6
2026-07-18 07:51:20.152326,Mansarovar,93.0,23.16,45.0,458.7
2026-07-18 08:51:20.152326,Mansarovar,111.9,24.26,36.86,467.4
2026-07-18 09:51:20.152326,Mansarovar,90.4,21.38,39.99,435.1
2026-07-18 10:51:20.152326,Mansarovar,67.0,16.04,27.79,452.5
2026-07-18 11:51:20.152326,Mansarovar,66.5,17.73,34.29,429.3
2026-07-18 12:51:20.152326,Mansarovar,72.6,20.46,34.51,432.6
2026-07-18 13:51:20.152326,Mansarovar,58.7,10.77,23.04,431.1
2026-07-18 14:51:20.152326,Mansarovar,60.7,13.88,23.99,411.0
2026-07-18 15:51:20.152326,Mansarovar,87.4,19.73,33.69,442.4
2026-07-18 16:51:20.152326,Mansarovar,78.4,18.74,35.19,435.8
2026-07-18 17:51:20.152326,Mansarovar,79.3,17.98,32.82,440.6
2026-07-18 18:51:20.152326,Mansarovar,102.2,21.69,42.52,450.8
2026-07-18 19:51:20.152326,Mansarovar,81.5,18.76,31.04,433.2
2026-07-18 20:51:20.152326,Mansarovar,63.4,16.6,28.41,435.2
2026-07-18 21:51:20.152326,Mansarovar,70.9,17.08,30.48,437.7
2026-07-18 22:51:20.152326,Mansarovar,70.4,19.59,39.24,459.1
2026-07-18 23:51:20.152326,Mansarovar,77.5,18.55,36.24,457.8
2026-07-19 00:51:20.152326,Mansarovar,72.9,18.11,31.41,470.5
2026-07-19 01:51:20.152326,Mansarovar,68.4,12.09,25.11,443.1
2026-07-19 02:51:20.152326,Mansarovar,72.0,19.25,38.67,447.8
2026-07-19 03:51:20.152326,Mansarovar,85.3,20.45,38.51,452.1
2026-07-19 04:51:20.152326,Mansarovar,74.0,17.64,29.76,437.6
2026-07-19 05:51:20.152326,Mansarovar,78.3,24.36,42.28,439.0
2026-07-19 06:51:20.152326,Mansarovar,78.3,17.73,28.87,446.2
2026-07-19 07:51:20.152326,Mansarovar,100.3,22.27,38.88,438.9
2026-07-19 08:51:20.152326,Mansarovar,78.0,21.37,43.44,428.6
2026-07-19 09:51:20.152326,Mansarovar,81.0,19.24,28.6,452.1
2026-07-19 10:51:20.152326,Mansarovar,80.8,16.19,29.74,432.8
2026-07-19 11:51:20.152326,Mansarovar,77.8,16.69,34.3,452.5
2026-07-19 12:51:20.152326,Mansarovar,81.1,18.22,31.68,465.1
2026-07-19 13:51:20.152326,Mansarovar,58.8,14.39,26.62,451.4
2026-07-19 14:51:20.152326,Mansarovar,67.8,17.91,34.02,436.3
2026-07-19 15:51:20.152326,Mansarovar,77.2,19.37,34.35,423.7
2026-07-19 16:51:20.152326,Mansarovar,66.8,19.42,37.51,453.2
2026-07-19 17:51:20.152326,Mansarovar,95.5,23.99,43.78,450.8
2026-07-19 18:51:20.152326,Mansarovar,79.8,21.43,41.85,437.9
2026-07-19 19:51:20.152326,Mansarovar,84.0,19.8,38.6,448.4
2026-07-19 20:51:20.152326,Mansarovar,84.6,21.88,42.18,426.9
2026-07-19 21:51:20.152326,Mansarovar,65.8,15.24,29.61,411.7
2026-07-19 22:51:20.152326,Mansarovar,79.9,17.03,33.54,431.5
2026-07-19 23:51:20.152326,Mansarovar,72.5,19.4,32.78,443.3
2026-07-20 00:51:20.152326,Mansarovar,71.3,15.68,25.75,461.7
2026-07-20 01:51:20.152326,Mansarovar,67.7,17.38,29.99,422.1
2026-07-20 02:51:20.152326,Mansarovar,78.8,16.77,27.69,453.3
2026-07-20 03:51:20.152326,Mansarovar,65.5,16.18,28.33,415.9
2026-07-20 04:51:20.152326,Mansarovar,70.9,16.41,29.8,445.8
2026-07-20 05:51:20.152326,Mansarovar,64.9,15.46,30.34,441.2
2026-07-20 06:51:20.152326,Mansarovar,71.6,19.88,36.44,422.9
2026-07-20 07:51:20.152326,Mansarovar,89.0,22.46,44.96,447.0
2026-07-20 08:51:20.152326,Mansarovar,101.5,27.51,46.56,456.8
2026-07-20 09:51:20.152326,Mansarovar,93.7,26.42,46.74,449.4
2026-07-20 10:51:20.152326,Mansarovar,85.0,19.37,33.52,444.7
2026-07-20 11:51:20.152326,Mansarovar,67.2,15.11,28.82,416.2
2026-07-20 12:51:20.152326,Mansarovar,72.4,15.93,34.2,435.8
2026-07-20 13:51:20.152326,Mansarovar,80.0,18.41,34.59,451.2
2026-07-20 14:51:20.152326,Mansarovar,80.8,17.74,31.69,454.5
2026-07-20 15:51:20.152326,Mansarovar,77.5,18.26,32.23,431.7
2026-07-20 16:51:20.152326,Mansarovar,83.4,17.75,37.32,458.1
2026-07-20 17:51:20.152326,Mansarovar,104.0,27.28,53.16,438.4
2026-07-20 18:51:20.152326,Mansarovar,81.8,18.08,34.01,425.2
2026-07-20 19:51:20.152326,Mansarovar,80.0,21.06,36.13,450.1
2026-07-20 20:51:20.152326,Mansarovar,72.1,15.55,27.17,432.5
2026-07-20 21:51:20.152326,Mansarovar,77.3,16.13,31.95,431.4
2026-07-20 22:51:20.152326,Mansarovar,71.3,17.43,32.02,454.2
2026-07-20 23:51:20.152326,Mansarovar,61.6,14.42,31.02,455.9
2026-07-21 00:51:20.152326,Mansarovar,78.4,18.31,32.06,426.5
2026-07-21 01:51:20.152326,Mansarovar,70.0,17.13,31.38,425.1
2026-07-21 02:51:20.152326,Mansarovar,60.4,13.29,16.98,439.6
2026-07-21 03:51:20.152326,Mansarovar,73.6,22.0,43.16,437.9
2026-07-21 04:51:20.152326,Mansarovar,56.3,15.02,30.23,440.3
2026-07-21 05:51:20.152326,Mansarovar,94.2,25.53,48.42,450.0
2026-07-21 06:51:20.152326,Mansarovar,65.7,16.27,29.57,430.2
2026-07-21 07:51:20.152326,Mansarovar,80.4,20.33,37.54,409.2
2026-07-21 08:51:20.152326,Mansarovar,93.6,22.84,38.95,463.9
2026-07-21 09:51:20.152326,Mansarovar,88.8,25.15,46.49,425.5
2026-07-21 10:51:20.152326,Mansarovar,69.8,16.21,28.61,429.6
2026-07-21 11:51:20.152326,Mansarovar,72.6,14.37,28.76,445.8
2026-07-21 12:51:20.152326,Mansarovar,74.0,17.44,32.63,419.5
2026-07-21 13:51:20.152326,Mansarovar,71.2,18.71,35.65,438.2
2026-07-21 14:51:20.152326,Mansarovar,85.2,21.88,44.08,460.3
2026-07-21 15:51:20.152326,Mansarovar,62.2,13.27,24.62,427.4
2026-07-21 16:51:20.152326,Mansarovar,59.8,16.65,30.77,422.0
2026-07-21 17:51:20.152326,Mansarovar,78.7,17.31,35.99,453.6
2026-07-21 18:51:20.152326,Mansarovar,88.3,19.8,32.83,459.2
2026-07-21 19:51:20.152326,Mansarovar,78.1,20.02,37.18,442.1
2026-07-21 20:51:20.152326,Mansarovar,53.6,12.3,20.85,432.9
2026-07-21 21:51:20.152326,Mansarovar,79.6,20.78,39.47,435.4
2026-07-21 22:51:20.152326,Mansarovar,60.5,15.58,20.14,413.2
2026-07-21 23:51:20.152326,Mansarovar,86.3,22.85,47.77,435.5
2026-07-22 00:51:20.152326,Mansarovar,70.7,17.81,31.19,444.2
2026-07-22 01:51:20.152326,Mansarovar,78.2,19.46,35.63,435.8
2026-07-22 02:51:20.152326,Mansarovar,72.7,19.21,36.83,452.9
2026-07-22 03:51:20.152326,Mansarovar,80.5,20.23,34.44,416.1
2026-07-22 04:51:20.152326,Mansarovar,62.1,14.57,28.25,428.8
2026-07-22 05:51:20.152326,Mansarovar,70.4,17.06,31.41,423.6
2026-07-22 06:51:20.152326,Mansarovar,70.9,17.32,31.09,445.9
2026-07-22 07:51:20.152326,Mansarovar,97.6,24.78,42.85,431.0
2026-07-22 08:51:20.152326,Mansarovar,95.6,20.27,37.62,454.5
2026-07-22 09:51:20.152326,Mansarovar,89.1,21.08,38.12,458.4
2026-07-22 10:51:20.152326,Mansarovar,90.2,25.13,49.23,481.8
2026-07-22 11:51:20.152326,Mansarovar,63.5,13.95,27.03,420.2
2026-07-22 12:51:20.152326,Mansarovar,72.6,14.64,25.08,442.3
2026-07-22 13:51:20.152326,Mansarovar,80.4,20.58,40.85,437.4
2026-07-22 14:51:20.152326,Mansarovar,80.6,19.1,35.44,433.7
2026-07-22 15:51:20.152326,Mansarovar,77.0,21.3,37.41,442.4
2026-07-22 16:51:20.152326,Mansarovar,68.9,16.21,30.89,433.8
2026-07-22 17:51:20.152326,Mansarovar,91.2,21.34,36.5,440.4
2026-07-22 18:51:20.152326,Mansarovar,96.6,22.69,43.63,429.6
2026-07-22 19:51:20.152326,Mansarovar,82.6,19.2,37.41,425.5
2026-07-22 20:51:20.152326,Mansarovar,75.7,16.99,31.62,454.6
2026-07-22 21:51:20.152326,Mansarovar,71.4,16.5,35.43,419.1
2026-07-22 22:51:20.152326,Mansarovar,66.7,14.54,32.06,425.4
2026-07-22 23:51:20.152326,Mansarovar,75.9,17.63,27.76,446.7
2026-07-23 00:51:20.152326,Mansarovar,77.6,22.2,44.12,458.1
2026-07-23 01:51:20.152326,Mansarovar,94.3,18.83,33.75,442.6
2026-07-23 02:51:20.152326,Mansarovar,68.4,13.69,26.86,438.4
2026-07-23 03:51:20.152326,Mansarovar,71.5,16.89,30.81,450.2
2026-07-23 04:51:20.152326,Mansarovar,75.1,20.47,39.93,432.9
2026-07-23 05:51:20.152326,Mansarovar,70.6,15.6,27.19,434.0
2026-07-23 06:51:20.152326,Mansarovar,66.4,17.37,31.08,423.5
2026-07-23 07:51:20.152326,Mansarovar,91.5,20.66,42.42,461.1
2026-07-23 08:51:20.152326,Mansarovar,91.9,20.3,35.93,447.4
2026-07-23 09:51:20.152326,Mansarovar,83.9,26.06,47.84,444.4
2026-07-23 10:51:20.152326,Mansarovar,70.3,18.35,37.32,444.4
2026-07-23 11:51:20.152326,Mansarovar,78.8,16.9,25.64,451.2
2026-07-23 12:51:20.152326,Mansarovar,84.8,23.06,41.8,411.0
2026-07-23 13:51:20.152326,Mansarovar,69.6,13.05,27.83,423.1
2026-07-23 14:51:20.152326,Mansarovar,63.9,14.52,30.63,423.6
2026-07-23 15:51:20.152326,Mansarovar,72.7,18.85,29.56,452.9
2026-07-23 16:51:20.152326,Mansarovar,62.5,15.01,31.37,407.0
2026-07-23 17:51:20.152326,Mansarovar,75.2,20.85,36.71,448.4
2026-07-23 18:51:20.152326,Mansarovar,93.9,22.93,41.18,447.7
2026-07-23 19:51:20.152326,Mansarovar,87.1,19.18,30.47,450.9
2026-07-23 20:51:20.152326,Mansarovar,74.6,22.44,37.76,430.9
2026-07-23 21:51:20.152326,Mansarovar,66.8,16.95,35.69,435.0
2026-07-23 22:51:20.152326,Mansarovar,59.5,15.22,30.79,398.0
2026-07-23 23:51:20.152326,Mansarovar,59.0,16.21,28.2,438.9
2026-07-24 00:51:20.152326,Mansarovar,81.1,18.49,32.26,456.5
2026-07-24 01:51:20.152326,Mansarovar,66.3,13.53,27.66,432.5
2026-07-24 02:51:20.152326,Mansarovar,67.8,17.12,30.67,424.1
2026-07-24 03:51:20.152326,Mansarovar,63.8,14.82,29.6,421.1
2026-07-24 04:51:20.152326,Mansarovar,72.1,22.52,40.65,449.2
2026-07-24 05:51:20.152326,Mansarovar,73.1,16.03,29.64,443.8
2026-07-24 06:51:20.152326,Mansarovar,89.5,24.47,43.57,432.6
2026-07-24 07:51:20.152326,Mansarovar,94.7,22.21,41.86,457.4
2026-07-24 08:51:20.152326,Mansarovar,96.3,21.37,40.03,464.7
2026-07-24 09:51:20.152326,Mansarovar,91.2,21.7,38.55,445.9
2026-07-24 10:51:20.152326,Mansarovar,77.9,18.55,36.43,441.2
2026-07-24 11:51:20.152326,Mansarovar,77.4,18.33,34.72,448.6
2026-07-24 12:51:20.152326,Mansarovar,81.7,21.56,40.07,449.1
2026-07-24 13:51:20.152326,Mansarovar,60.9,10.79,20.59,411.8
2026-07-24 14:51:20.152326,Mansarovar,78.5,18.74,33.04,429.6
2026-07-24 15:51:20.152326,Mansarovar,68.8,17.65,32.9,445.9
2026-07-24 16:51:20.152326,Mansarovar,72.2,15.02,29.81,440.0
2026-07-24 17:51:20.152326,Mansarovar,93.5,20.9,34.7,439.5
2026-07-24 18:51:20.152326,Mansarovar,79.5,16.63,28.77,439.6
2026-07-24 19:51:20.152326,Mansarovar,96.0,23.45,45.53,438.3
2026-07-24 20:51:20.152326,Mansarovar,71.4,19.68,38.56,406.8
2026-07-24 21:51:20.152326,Mansarovar,75.4,19.91,35.4,453.2
2026-07-24 22:51:20.152326,Mansarovar,65.2,17.54,34.33,430.7
2026-07-24 23:51:20.152326,Mansarovar,66.6,15.15,33.65,413.5
2026-07-25 00:51:20.152326,Mansarovar,79.0,17.63,27.06,457.9
2026-07-25 01:51:20.152326,Mansarovar,72.5,15.71,33.26,430.3
2026-07-25 02:51:20.152326,Mansarovar,72.2,18.45,34.33,426.0
2026-07-25 03:51:20.152326,Mansarovar,69.6,15.37,26.27,435.6
2026-07-25 04:51:20.152326,Mansarovar,64.5,17.08,30.11,428.2
2026-07-25 05:51:20.152326,Mansarovar,59.0,15.27,28.14,448.5
2026-07-25 06:51:20.152326,Mansarovar,56.1,17.08,35.53,437.1
2026-07-25 07:51:20.152326,Mansarovar,90.1,23.12,46.51,425.9
2026-07-25 08:51:20.152326,Mansarovar,87.5,18.85,39.01,450.2
2026-07-25 09:51:20.152326,Mansarovar,80.8,16.84,31.54,447.0
2026-07-25 10:51:20.152326,Mansarovar,65.1,14.21,27.4,424.8
2026-07-25 11:51:20.152326,Mansarovar,85.0,21.64,41.55,445.5
2026-07-25 12:51:20.152326,Mansarovar,84.2,24.13,38.16,455.7
2026-07-25 13:51:20.152326,Mansarovar,75.6,17.17,31.52,462.9
2026-07-25 14:51:20.152326,Mansarovar,75.1,17.52,36.2,418.7
2026-07-25 15:51:20.152326,Mansarovar,72.4,14.52,28.63,399.0
2026-07-25 16:51:20.152326,Mansarovar,91.5,23.38,46.42,443.1
2026-07-25 17:51:20.152326,Mansarovar,92.4,20.17,37.15,458.7
2026-07-25 18:51:20.152326,Mansarovar,84.7,19.73,35.26,439.4
2026-07-25 19:51:20.152326,Mansarovar,86.1,20.36,35.54,458.8
2026-07-25 20:51:20.152326,Mansarovar,75.9,17.93,34.12,412.2
2026-07-25 21:51:20.152326,Mansarovar,71.1,15.13,24.91,424.0
2026-07-25 22:51:20.152326,Mansarovar,80.2,19.93,36.01,433.7
2026-07-25 23:51:20.152326,Mansarovar,71.7,15.47,35.97,414.4
2026-07-26 00:51:20.152326,Mansarovar,81.7,22.08,41.97,412.9
2026-07-26 01:51:20.152326,Mansarovar,77.9,19.42,36.74,443.6
2026-07-26 02:51:20.152326,Mansarovar,73.1,17.87,33.51,415.1
2026-07-26 03:51:20.152326,Mansarovar,82.8,20.86,41.96,463.6
2026-07-26 04:51:20.152326,Mansarovar,86.0,21.71,42.48,436.0
2026-07-26 05:51:20.152326,Mansarovar,68.3,15.93,28.99,437.8
2026-07-26 06:51:20.152326,Mansarovar,76.1,19.5,31.93,424.7
2026-07-26 07:51:20.152326,Mansarovar,83.0,17.48,29.38,443.1
2026-07-26 08:51:20.152326,Mansarovar,89.7,20.41,38.01,451.7
2026-07-26 09:51:20.152326,Mansarovar,98.1,27.17,45.72,436.9
2026-07-26 10:51:20.152326,Mansarovar,69.0,16.39,31.06,441.2
2026-07-26 11:51:20.152326,Mansarovar,67.6,17.42,29.02,466.6
2026-07-26 12:51:20.152326,Mansarovar,65.4,18.35,33.41,415.8
2026-07-26 13:51:20.152326,Mansarovar,65.4,14.36,26.18,442.0
2026-07-26 14:51:20.152326,Mansarovar,78.8,15.37,28.89,440.7
2026-07-26 15:51:20.152326,Mansarovar,57.7,13.45,25.98,454.5
2026-07-26 16:51:20.152326,Mansarovar,75.7,16.99,30.59,428.6
2026-07-26 17:51:20.152326,Mansarovar,85.8,19.88,36.55,442.3
2026-07-26 18:51:20.152326,Mansarovar,86.8,22.28,43.66,469.2
2026-07-26 19:51:20.152326,Mansarovar,67.3,12.97,20.63,427.5
2026-07-26 20:51:20.152326,Mansarovar,73.7,21.19,40.98,420.6
2026-07-26 21:51:20.152326,Mansarovar,75.7,17.54,32.71,435.4
2026-07-26 22:51:20.152326,Mansarovar,68.3,16.12,23.8,428.2
2026-07-26 23:51:20.152326,Mansarovar,71.6,17.4,43.04,439.4
2026-07-27 00:51:20.152326,Mansarovar,63.2,16.28,32.89,434.6
2026-07-27 01:51:20.152326,Mansarovar,65.3,19.47,37.04,442.9
2026-07-27 02:51:20.152326,Mansarovar,77.7,14.48,31.74,452.1
2026-07-27 03:51:20.152326,Mansarovar,78.2,15.53,25.23,420.3
2026-07-27 04:51:20.152326,Mansarovar,73.2,16.22,26.28,453.0
2026-07-27 05:51:20.152326,Mansarovar,74.6,19.28,39.43,439.4
2026-07-27 06:51:20.152326,Mansarovar,78.4,21.45,39.88,416.0
2026-07-27 07:51:20.152326,Mansarovar,100.9,24.7,43.48,462.1
2026-07-27 08:51:20.152326,Mansarovar,91.3,20.81,43.0,451.1
2026-07-27 09:51:20.152326,Mansarovar,100.8,24.36,44.21,437.2
2026-07-27 10:51:20.152326,Mansarovar,83.3,20.31,34.99,418.2
2026-07-27 11:51:20.152326,Mansarovar,61.5,12.8,19.49,466.3
2026-07-27 12:51:20.152326,Mansarovar,87.4,19.61,36.22,465.4
2026-07-27 13:51:20.152326,Mansarovar,63.2,12.16,25.76,428.5
2026-07-27 14:51:20.152326,Mansarovar,72.8,15.93,26.74,443.4
2026-07-27 15:51:20.152326,Mansarovar,73.2,14.93,26.78,435.1
2026-07-27 16:51:20.152326,Mansarovar,53.9,13.78,27.1,444.1
2026-07-27 17:51:20.152326,Mansarovar,100.2,28.52,57.33,453.8
2026-07-27 18:51:20.152326,Mansarovar,72.6,16.33,31.68,412.9
2026-07-27 19:51:20.152326,Mansarovar,85.8,20.65,36.41,442.0
2026-07-27 20:51:20.152326,Mansarovar,64.3,17.33,31.22,453.9
2026-07-27 21:51:20.152326,Mansarovar,74.2,20.41,38.4,456.9
2026-07-27 22:51:20.152326,Mansarovar,72.8,15.68,29.78,426.3
2026-07-27 23:51:20.152326,Mansarovar,67.4,17.04,37.72,431.3
2026-07-28 00:51:20.152326,Mansarovar,57.5,11.31,23.36,430.2
2026-07-28 01:51:20.152326,Mansarovar,72.5,15.41,29.82,430.8
2026-07-28 02:51:20.152326,Mansarovar,67.6,18.65,31.93,414.0
2026-07-28 03:51:20.152326,Mansarovar,72.1,14.97,27.25,426.7
2026-07-28 04:51:20.152326,Mansarovar,80.1,18.04,38.07,468.8
2026-07-28 05:51:20.152326,Mansarovar,85.1,21.25,40.55,466.3
2026-07-28 06:51:20.152326,Mansarovar,71.7,16.15,28.31,447.1
2026-07-28 07:51:20.152326,Mansarovar,81.4,17.99,37.89,440.7
2026-07-28 08:51:20.152326,Mansarovar,78.3,22.6,39.98,427.6
2026-07-28 09:51:20.152326,Mansarovar,97.7,24.48,46.85,458.8
2026-07-28 10:51:20.152326,Mansarovar,68.5,20.07,36.53,418.3
2026-07-28 11:51:20.152326,Mansarovar,55.4,13.48,27.72,417.7
2026-07-28 12:51:20.152326,Mansarovar,62.0,15.42,23.3,437.3
2026-07-28 13:51:20.152326,Mansarovar,63.7,16.29,32.0,449.1
2026-07-28 14:51:20.152326,Mansarovar,75.8,17.62,32.02,425.1
2026-07-28 15:51:20.152326,Mansarovar,70.7,19.13,37.89,440.6
2026-07-28 16:51:20.152326,Mansarovar,81.1,20.17,36.24,473.0
2026-07-28 17:51:20.152326,Mansarovar,95.9,22.02,41.0,432.8
2026-07-28 18:51:20.152326,Mansarovar,96.8,25.0,49.83,445.6
2026-07-28 19:51:20.152326,Mansarovar,86.9,21.27,43.39,440.2
2026-07-28 20:51:20.152326,Mansarovar,53.9,13.1,23.77,421.1
2026-07-28 21:51:20.152326,Mansarovar,77.5,19.24,41.58,425.9
2026-07-28 22:51:20.152326,Mansarovar,72.8,16.97,32.56,422.8
2026-07-28 23:51:20.152326,Mansarovar,79.6,18.47,34.08,438.4
2026-07-29 00:51:20.152326,Mansarovar,67.9,19.51,36.22,435.8
2026-07-29 01:51:20.152326,Mansarovar,88.6,24.02,41.08,412.7
2026-07-29 02:51:20.152326,Mansarovar,67.7,19.19,32.68,455.0
2026-07-29 03:51:20.152326,Mansarovar,72.2,19.17,31.99,422.0
2026-07-29 04:51:20.152326,Mansarovar,81.6,23.05,42.22,434.3
2026-07-29 05:51:20.152326,Mansarovar,79.1,21.16,38.27,465.5
2026-07-29 06:51:20.152326,Mansarovar,86.7,17.93,34.46,424.7
2026-07-29 07:51:20.152326,Mansarovar,105.9,23.44,37.73,466.0
2026-07-29 08:51:20.152326,Mansarovar,90.5,21.81,43.2,441.0
2026-07-29 09:51:20.152326,Mansarovar,82.7,19.08,35.0,440.5
2026-07-29 10:51:20.152326,Mansarovar,77.4,16.33,26.73,451.9
2026-07-29 11:51:20.152326,Mansarovar,80.4,18.32,36.41,427.8
2026-07-29 12:51:20.152326,Mansarovar,73.7,16.72,30.34,427.5
2026-07-29 13:51:20.152326,Mansarovar,78.5,21.07,42.16,436.9
2026-07-29 14:51:20.152326,Mansarovar,74.0,18.03,33.79,465.3
2026-07-29 15:51:20.152326,Mansarovar,64.4,17.12,29.9,451.5
2026-07-29 16:51:20.152326,Mansarovar,90.2,21.31,42.16,462.8
2026-07-29 17:51:20.152326,Mansarovar,86.9,21.67,40.16,405.9
2026-07-29 18:51:20.152326,Mansarovar,81.0,21.09,38.25,415.2
2026-07-29 19:51:20.152326,Mansarovar,93.4,24.36,46.16,467.3
2026-07-29 20:51:20.152326,Mansarovar,79.2,20.05,37.9,457.6
2026-07-29 21:51:20.152326,Mansarovar,62.5,14.95,27.06,438.6
2026-07-29 22:51:20.152326,Mansarovar,66.5,12.65,22.35,410.9
2026-07-29 23:51:20.152326,Mansarovar,65.3,12.69,27.73,437.7
2026-07-30 00:51:20.152326,Mansarovar,63.2,18.25,30.63,458.4
2026-07-30 01:51:20.152326,Mansarovar,60.7,13.81,26.87,414.9
2026-07-30 02:51:20.152326,Mansarovar,76.0,16.64,34.9,476.3
2026-07-30 03:51:20.152326,Mansarovar,84.3,19.33,42.28,466.4
2026-07-30 04:51:20.152326,Mansarovar,67.6,15.86,30.77,427.5
2026-07-30 05:51:20.152326,Mansarovar,61.1,14.77,22.05,433.6
2026-07-30 06:51:20.152326,Mansarovar,63.5,16.88,32.96,428.4
2026-07-30 07:51:20.152326,Mansarovar,89.4,20.8,44.64,426.6
2026-07-30 08:51:20.152326,Mansarovar,96.7,20.39,35.22,473.2
2026-07-30 09:51:20.152326,Mansarovar,90.7,18.55,33.9,456.0
2026-07-30 10:51:20.152326,Mansarovar,74.2,17.36,30.36,433.6
2026-07-30 11:51:20.152326,Mansarovar,77.9,19.65,38.97,438.8
2026-07-30 12:51:20.152326,Mansarovar,85.1,18.39,33.93,426.4
2026-07-30 13:51:20.152326,Mansarovar,65.0,14.42,20.22,452.5
2026-07-30 14:51:20.152326,Mansarovar,77.5,20.0,38.16,445.9
2026-07-30 15:51:20.152326,Mansarovar,80.7,22.47,42.77,452.3
2026-07-30 16:51:20.152326,Mansarovar,75.8,21.67,45.82,467.4
2026-07-30 17:51:20.152326,Mansarovar,98.4,24.64,46.66,453.3
2026-07-30 18:51:20.152326,Mansarovar,91.0,22.16,46.1,441.8
2026-07-30 19:51:20.152326,Mansarovar,76.0,13.92,33.02,460.7
2026-07-30 20:51:20.152326,Mansarovar,78.4,18.08,37.54,411.1
2026-07-30 21:51:20.152326,Mansarovar,69.9,19.32,33.33,421.5
2026-07-30 22:51:20.152326,Mansarovar,89.2,20.96,40.23,422.5
2026-07-30 23:51:20.152326,Mansarovar,52.5,12.17,17.95,418.0
2026-07-31 00:51:20.152326,Mansarovar,64.3,13.26,25.61,441.3
2026-07-31 01:51:20.152326,Mansarovar,59.8,13.57,29.5,413.7
2026-07-31 02:51:20.152326,Mansarovar,92.6,24.6,47.31,427.6
2026-07-31 03:51:20.152326,Mansarovar,76.6,19.28,39.27,449.8
2026-07-31 04:51:20.152326,Mansarovar,72.9,16.46,28.33,404.5
2026-07-31 05:51:20.152326,Mansarovar,69.6,17.24,32.87,417.6
2026-07-31 06:51:20.152326,Mansarovar,72.4,17.64,30.61,429.6
2026-07-31 07:51:20.152326,Mansarovar,94.3,23.24,47.34,460.1
2026-07-31 08:51:20.152326,Mansarovar,72.7,18.05,34.42,436.5
2026-07-31 09:51:20.152326,Mansarovar,93.2,23.62,39.98,472.5
2026-07-31 10:51:20.152326,Mansarovar,73.9,16.39,31.93,432.7
2026-07-31 11:51:20.152326,Mansarovar,66.0,13.66,23.14,447.6
2026-07-31 12:51:20.152326,Mansarovar,77.1,18.72,34.75,427.2
2026-07-31 13:51:20.152326,Mansarovar,71.8,15.19,27.49,421.3
2026-07-31 14:51:20.152326,Mansarovar,73.9,20.7,39.61,459.8
2026-07-31 15:51:20.152326,Mansarovar,79.5,18.29,33.55,436.0
2026-07-31 16:51:20.152326,Mansarovar,70.9,16.12,30.19,441.0
2026-07-31 17:51:20.152326,Mansarovar,89.4,17.92,32.54,444.6
2026-07-31 18:51:20.152326,Mansarovar,95.5,21.91,41.92,458.6
2026-07-31 19:51:20.152326,Mansarovar,89.7,23.03,46.87,452.0
2026-07-31 20:51:20.152326,Mansarovar,61.5,17.46,31.97,401.1
2026-07-31 21:51:20.152326,Mansarovar,86.9,21.02,39.66,417.5
2026-07-31 22:51:20.152326,Mansarovar,61.7,15.6,34.23,429.0
2026-07-31 23:51:20.152326,Mansarovar,65.2,17.45,36.39,425.5
2026-08-01 00:51:20.152326,Mansarovar,75.6,19.53,36.53,424.7
2026-08-01 01:51:20.152326,Mansarovar,71.8,18.15,31.26,435.0
2026-08-01 02:51:20.152326,Mansarovar,74.2,18.33,34.39,443.1
2026-08-01 03:51:20.152326,Mansarovar,77.2,17.16,34.96,417.3
2026-08-01 04:51:20.152326,Mansarovar,68.6,18.42,37.29,431.6
2026-08-01 05:51:20.152326,Mansarovar,72.7,17.42,28.99,421.2
2026-08-01 06:51:20.152326,Mansarovar,66.7,13.52,27.02,451.1
2026-08-01 07:51:20.152326,Mansarovar,69.4,16.92,29.64,431.7
2026-08-01 08:51:20.152326,Mansarovar,74.1,20.56,35.43,440.2
2026-08-01 09:51:20.152326,Mansarovar,71.9,18.65,35.11,413.9
2026-08-01 10:51:20.152326,Mansarovar,73.3,21.02,40.23,450.3
2026-08-01 11:51:20.152326,Mansarovar,62.0,14.38,23.65,434.1
2026-08-01 12:51:20.152326,Mansarovar,73.5,18.83,38.79,438.5
2026-08-01 13:51:20.152326,Mansarovar,68.7,18.16,28.1,425.0
2026-08-01 14:51:20.152326,Mansarovar,81.9,16.29,32.14,449.3
2026-08-01 15:51:20.152326,Mansarovar,73.9,16.24,28.94,434.0
2026-08-01 16:51:20.152326,Mansarovar,78.4,17.84,34.77,462.5
2026-08-01 17:51:20.152326,Mansarovar,72.8,16.46,24.74,409.3
2026-08-01 18:51:20.152326,Mansarovar,77.6,19.18,34.74,419.6
2026-08-01 19:51:20.152326,Mansarovar,97.4,20.31,36.87,444.8
2026-08-01 20:51:20.152326,Mansarovar,68.9,19.3,30.8,415.1
2026-08-01 21:51:20.152326,Mansarovar,64.9,16.1,30.81,404.9
2026-08-01 22:51:20.152326,Mansarovar,84.4,18.62,31.74,441.3
2026-08-01 23:51:20.152326,Mansarovar,81.9,20.55,34.52,447.1
2026-08-02 00:51:20.152326,Mansarovar,69.2,16.66,31.08,435.1
2026-08-02 01:51:20.152326,Mansarovar,57.0,12.68,21.34,426.2
2026-08-02 02:51:20.152326,Mansarovar,65.5,13.64,21.21,428.8
2026-08-02 03:51:20.152326,Mansarovar,73.1,22.63,39.55,438.2
2026-08-02 04:51:20.152326,Mansarovar,63.2,15.63,31.26,450.7
2026-08-02 05:51:20.152326,Mansarovar,72.3,15.99,31.41,452.8
2026-08-02 06:51:20.152326,Mansarovar,73.4,20.55,35.18,411.5
2026-08-02 07:51:20.152326,Mansarovar,83.2,22.37,41.07,438.9
2026-08-02 08:51:20.152326,Mansarovar,83.1,18.55,31.76,448.3
2026-08-02 09:51:20.152326,Mansarovar,90.1,22.44,46.42,451.1
2026-08-02 10:51:20.152326,Mansarovar,64.2,11.79,23.24,419.0
2026-08-02 11:51:20.152326,Mansarovar,75.5,21.68,39.06,437.7
2026-08-02 12:51:20.152326,Mansarovar,70.0,15.38,23.91,434.7
2026-08-02 13:51:20.152326,Mansarovar,82.4,18.23,34.36,417.7
2026-08-02 14:51:20.152326,Mansarovar,69.3,18.45,34.73,427.8
2026-08-02 15:51:20.152326,Mansarovar,77.4,14.19,28.7,440.7
2026-08-02 16:51:20.152326,Mansarovar,52.1,10.26,22.92,420.3
2026-08-02 17:51:20.152326,Mansarovar,90.8,23.24,43.06,436.6
2026-08-02 18:51:20.152326,Mansarovar,89.1,18.35,34.67,434.8
2026-08-02 19:51:20.152326,Mansarovar,80.8,20.86,35.99,420.8
2026-08-02 20:51:20.152326,Mansarovar,63.8,11.26,17.66,428.1
2026-08-02 21:51:20.152326,Mansarovar,78.9,17.18,34.39,431.0
2026-08-02 22:51:20.152326,Mansarovar,61.4,15.51,33.48,402.8
2026-08-02 23:51:20.152326,Mansarovar,74.3,18.59,32.19,468.3
2026-08-03 00:51:20.152326,Mansarovar,79.7,20.15,41.68,467.3
2026-08-03 01:51:20.152326,Mansarovar,72.3,17.41,34.36,420.0
2026-08-03 02:51:20.152326,Mansarovar,66.7,13.68,27.81,426.6
2026-08-03 03:51:20.152326,Mansarovar,75.5,17.86,34.74,455.1
2026-08-03 04:51:20.152326,Mansarovar,62.0,16.68,23.03,441.7
2026-08-03 05:51:20.152326,Mansarovar,71.4,21.23,39.56,459.6
2026-08-03 06:51:20.152326,Mansarovar,63.8,16.16,30.44,420.9
2026-08-03 07:51:20.152326,Mansarovar,92.3,21.3,34.57,458.0
2026-08-03 08:51:20.152326,Mansarovar,91.1,19.78,36.52,478.6
2026-08-03 09:51:20.152326,Mansarovar,90.3,20.74,41.78,459.2
2026-08-03 10:51:20.152326,Mansarovar,71.2,20.42,35.53,451.3
2026-08-03 11:51:20.152326,Mansarovar,82.8,25.61,44.68,470.7
2026-08-03 12:51:20.152326,Mansarovar,68.1,20.72,38.4,420.0
2026-08-03 13:51:20.152326,Mansarovar,78.4,20.49,40.71,427.1
2026-08-03 14:51:20.152326,Mansarovar,77.9,18.34,32.11,436.1
2026-08-03 15:51:20.152326,Mansarovar,66.2,16.89,34.35,445.2
2026-08-03 16:51:20.152326,Mansarovar,74.0,16.53,29.26,446.4
2026-08-03 17:51:20.152326,Mansarovar,83.4,22.05,38.36,434.1
2026-08-03 18:51:20.152326,Mansarovar,94.6,23.27,43.67,459.4
2026-08-03 19:51:20.152326,Mansarovar,78.7,18.06,39.05,431.9
2026-08-03 20:51:20.152326,Mansarovar,75.2,21.65,40.4,445.0
2026-08-03 21:51:20.152326,Mansarovar,77.0,17.39,34.76,433.1
2026-08-03 22:51:20.152326,Mansarovar,77.0,22.19,44.33,436.9
2026-08-03 23:51:20.152326,Mansarovar,60.6,17.84,33.86,415.7
2026-08-04 00:51:20.152326,Mansarovar,75.7,18.75,29.77,435.6
2026-08-04 01:51:20.152326,Mansarovar,70.0,17.3,30.46,441.1
2026-08-04 02:51:20.152326,Mansarovar,55.7,12.06,17.76,436.6
2026-08-04 03:51:20.152326,Mansarovar,77.3,18.44,29.04,454.7
2026-08-04 04:51:20.152326,Mansarovar,66.7,10.85,20.93,414.0
2026-08-04 05:51:20.152326,Mansarovar,78.9,20.72,37.07,438.1
2026-08-04 06:51:20.152326,Mansarovar,76.5,19.24,36.71,411.4
2026-08-04 07:51:20.152326,Mansarovar,78.0,20.74,40.38,447.9
2026-08-04 08:51:20.152326,Mansarovar,79.7,17.97,28.26,459.6
2026-08-04 09:51:20.152326,Mansarovar,85.8,21.26,40.21,454.7
2026-08-04 10:51:20.152326,Mansarovar,58.0,13.34,21.5,442.4
2026-08-04 11:51:20.152326,Mansarovar,81.2,19.32,39.76,437.8
2026-08-04 12:51:20.152326,Mansarovar,74.6,13.75,23.56,415.3
2026-08-04 13:51:20.152326,Mansarovar,75.7,20.54,31.13,430.0
2026-08-04 14:51:20.152326,Mansarovar,78.6,21.91,38.26,445.5
2026-08-04 15:51:20.152326,Mansarovar,71.1,15.53,25.68,444.5
2026-08-04 16:51:20.152326,Mansarovar,77.8,17.84,33.48,454.2
2026-08-04 17:51:20.152326,Mansarovar,77.0,20.19,36.75,435.9
2026-08-04 18:51:20.152326,Mansarovar,86.2,21.18,32.76,445.2
2026-08-04 19:51:20.152326,Mansarovar,98.9,24.81,43.65,477.1
2026-08-04 20:51:20.152326,Mansarovar,68.0,15.89,29.9,438.6
2026-08-04 21:51:20.152326,Mansarovar,68.4,15.11,25.68,407.2
2026-08-04 22:51:20.152326,Mansarovar,65.8,17.67,35.43,433.8
2026-08-04 23:51:20.152326,Mansarovar,64.4,13.4,25.94,428.5
2026-08-05 00:51:20.152326,Mansarovar,69.6,18.62,39.82,432.7
2026-08-05 01:51:20.152326,Mansarovar,80.3,17.19,30.57,445.1
2026-08-05 02:51:20.152326,Mansarovar,76.9,13.76,18.94,435.7
2026-08-05 03:51:20.152326,Mansarovar,73.3,14.27,25.31,431.0
2026-08-05 04:51:20.152326,Mansarovar,86.2,21.57,39.32,438.9
2026-08-05 05:51:20.152326,Mansarovar,69.4,15.67,31.5,404.6
2026-08-05 06:51:20.152326,Mansarovar,66.1,15.72,29.46,428.5
2026-08-05 07:51:20.152326,Mansarovar,86.2,20.92,34.53,436.3
2026-08-05 08:51:20.152326,Mansarovar,85.4,22.06,42.55,417.2
2026-08-05 09:51:20.152326,Mansarovar,93.8,19.1,32.56,433.1
2026-08-05 10:51:20.152326,Mansarovar,64.2,13.24,24.94,448.6
2026-08-05 11:51:20.152326,Mansarovar,69.7,14.9,28.56,436.9
2026-08-05 12:51:20.152326,Mansarovar,50.3,12.92,22.21,419.1
2026-08-05 13:51:20.152326,Mansarovar,74.9,17.55,35.2,435.6
2026-08-05 14:51:20.152326,Mansarovar,72.1,19.56,38.38,453.8
2026-08-05 15:51:20.152326,Mansarovar,59.6,13.65,27.87,441.2
2026-08-05 16:51:20.152326,Mansarovar,82.4,22.72,44.13,463.4
2026-08-05 17:51:20.152326,Mansarovar,81.4,20.05,33.73,438.0
2026-08-05 18:51:20.152326,Mansarovar,80.6,21.17,37.47,429.5
2026-08-05 19:51:20.152326,Mansarovar,82.2,19.55,38.35,459.3
2026-08-05 20:51:20.152326,Mansarovar,82.5,19.09,40.48,479.1
2026-08-05 21:51:20.152326,Mansarovar,80.0,20.4,33.04,440.6
2026-08-05 22:51:20.152326,Mansarovar,73.5,18.22,34.9,419.7
2026-08-05 23:51:20.152326,Mansarovar,69.7,16.63,34.42,445.2
2026-08-06 00:51:20.152326,Mansarovar,80.2,18.31,30.98,445.0
2026-08-06 01:51:20.152326,Mansarovar,73.2,18.76,33.57,435.2
2026-08-06 02:51:20.152326,Mansarovar,76.5,19.92,34.77,442.0
2026-08-06 03:51:20.152326,Mansarovar,79.9,15.8,26.05,427.5
2026-08-06 04:51:20.152326,Mansarovar,62.0,15.28,23.31,462.8
2026-08-06 05:51:20.152326,Mansarovar,66.9,15.59,26.65,445.9
2026-08-06 06:51:20.152326,Mansarovar,66.9,17.59,34.18,432.8
2026-08-06 07:51:20.152326,Mansarovar,89.2,21.62,41.42,467.9
2026-08-06 08:51:20.152326,Mansarovar,88.1,21.21,38.61,455.2
2026-08-06 09:51:20.152326,Mansarovar,89.4,20.97,40.95,438.9
2026-08-06 10:51:20.152326,Mansarovar,83.7,20.3,36.31,417.6
2026-08-06 11:51:20.152326,Mansarovar,66.2,16.75,30.09,435.8
2026-08-06 12:51:20.152326,Mansarovar,72.5,20.96,39.42,441.0
2026-08-06 13:51:20.152326,Mansarovar,72.4,17.62,31.98,438.1
2026-08-06 14:51:20.152326,Mansarovar,63.1,16.09,30.14,443.4
2026-08-06 15:51:20.152326,Mansarovar,68.5,16.88,28.07,433.4
2026-08-06 16:51:20.152326,Mansarovar,74.9,18.97,39.55,434.7
2026-08-06 17:51:20.152326,Mansarovar,75.6,19.91,34.16,445.2
2026-08-06 18:51:20.152326,Mansarovar,78.5,19.36,32.32,445.4
2026-08-06 19:51:20.152326,Mansarovar,98.2,24.11,43.44,437.6
2026-08-06 20:51:20.152326,Mansarovar,64.5,12.43,26.49,431.5
2026-08-06 21:51:20.152326,Mansarovar,85.4,20.69,40.45,455.9
2026-08-06 22:51:20.152326,Mansarovar,77.3,22.25,40.91,424.4
2026-08-06 23:51:20.152326,Mansarovar,73.5,17.2,27.47,433.3
2026-08-07 00:51:20.152326,Mansarovar,76.4,16.28,34.68,453.3
2026-08-07 01:51:20.152326,Mansarovar,70.2,17.5,30.77,410.8
2026-08-07 02:51:20.152326,Mansarovar,62.6,14.82,23.34,447.0
2026-08-07 03:51:20.152326,Mansarovar,87.6,17.35,37.43,445.7
2026-08-07 04:51:20.152326,Mansarovar,77.7,18.01,31.18,426.2
2026-08-07 05:51:20.152326,Mansarovar,72.7,16.39,36.09,431.4
2026-08-07 06:51:20.152326,Mansarovar,76.2,16.9,33.47,426.3
2026-08-07 07:51:20.152326,Mansarovar,90.6,21.83,43.54,423.8
2026-08-07 08:51:20.152326,Mansarovar,107.2,27.35,48.79,448.1
2026-08-07 09:51:20.152326,Mansarovar,79.7,18.61,43.97,439.8
2026-08-07 10:51:20.152326,Mansarovar,77.0,23.05,40.85,438.3
2026-08-07 11:51:20.152326,Mansarovar,66.2,17.5,30.3,427.5
2026-08-07 12:51:20.152326,Mansarovar,68.3,20.39,35.98,423.2
2026-08-07 13:51:20.152326,Mansarovar,68.9,18.13,37.07,473.7
2026-08-07 14:51:20.152326,Mansarovar,71.1,17.29,32.8,434.7
2026-08-07 15:51:20.152326,Mansarovar,69.8,18.35,37.27,439.7
2026-08-07 16:51:20.152326,Mansarovar,63.7,16.25,29.83,447.7
2026-08-07 17:51:20.152326,Mansarovar,80.1,16.81,31.48,428.4
2026-08-07 18:51:20.152326,Mansarovar,70.7,17.57,34.22,409.2
2026-08-07 19:51:20.152326,Mansarovar,71.9,19.6,35.07,447.7
2026-08-07 20:51:20.152326,Mansarovar,84.0,19.1,35.1,468.7
2026-08-07 21:51:20.152326,Mansarovar,69.4,16.17,27.08,429.5
2026-08-07 22:51:20.152326,Mansarovar,73.9,16.65,35.55,421.7
2026-08-07 23:51:20.152326,Mansarovar,76.6,19.81,39.11,432.9
2026-08-08 00:51:20.152326,Mansarovar,74.5,17.1,27.8,460.5
2026-08-08 01:51:20.152326,Mansarovar,70.6,14.83,25.32,413.5
2026-08-08 02:51:20.152326,Mansarovar,73.9,20.37,36.95,424.1
2026-08-08 03:51:20.152326,Mansarovar,80.5,19.84,36.09,422.8
2026-08-08 04:51:20.152326,Mansarovar,76.1,16.28,30.5,442.8
2026-08-08 05:51:20.152326,Mansarovar,81.2,18.37,35.24,437.6
2026-08-08 06:51:20.152326,Mansarovar,77.5,17.88,31.04,464.1
2026-08-08 07:51:20.152326,Mansarovar,90.3,22.66,39.34,437.5
2026-08-08 08:51:20.152326,Mansarovar,89.5,24.56,48.73,446.2
2026-08-08 09:51:20.152326,Mansarovar,94.5,23.19,47.15,444.4
2026-08-08 10:51:20.152326,Mansarovar,68.4,14.95,26.7,412.7
2026-08-08 11:51:20.152326,Mansarovar,83.3,21.17,36.97,445.4
2026-08-08 12:51:20.152326,Mansarovar,78.1,17.04,25.44,420.9
2026-08-08 13:51:20.152326,Mansarovar,81.7,18.44,36.49,419.1
2026-08-08 14:51:20.152326,Mansarovar,82.6,20.82,39.93,422.4
2026-08-08 15:51:20.152326,Mansarovar,73.5,18.71,33.47,438.0
2026-08-08 16:51:20.152326,Mansarovar,61.4,12.41,19.17,423.3
2026-08-08 17:51:20.152326,Mansarovar,75.7,17.02,29.4,428.0
2026-08-08 18:51:20.152326,Mansarovar,97.5,23.53,43.39,478.0
2026-08-08 19:51:20.152326,Mansarovar,86.2,24.05,44.24,430.1
2026-08-08 20:51:20.152326,Mansarovar,69.7,17.67,33.75,430.5
2026-08-08 21:51:20.152326,Mansarovar,77.9,17.69,36.76,449.6
2026-08-08 22:51:20.152326,Mansarovar,66.1,16.12,28.32,444.0
2026-08-08 23:51:20.152326,Mansarovar,65.4,17.04,28.97,428.3
2026-08-09 00:51:20.152326,Mansarovar,86.8,22.13,42.75,461.4
2026-08-09 01:51:20.152326,Mansarovar,80.2,19.33,30.55,431.9
2026-08-09 02:51:20.152326,Mansarovar,60.3,11.11,20.74,430.4
2026-08-09 03:51:20.152326,Mansarovar,71.4,21.51,38.2,438.3
2026-08-09 04:51:20.152326,Mansarovar,63.2,13.23,24.96,418.3
2026-08-09 05:51:20.152326,Mansarovar,68.6,16.25,25.74,426.5
2026-08-09 06:51:20.152326,Mansarovar,68.7,13.78,32.01,411.2
2026-08-09 07:51:20.152326,Mansarovar,78.7,20.26,36.8,440.6
2026-08-09 08:51:20.152326,Mansarovar,90.3,20.14,36.02,461.7
2026-08-09 09:51:20.152326,Mansarovar,94.1,20.91,41.53,455.9
2026-08-09 10:51:20.152326,Mansarovar,55.8,14.19,27.72,414.7
2026-08-09 11:51:20.152326,Mansarovar,85.0,25.62,51.31,435.7
2026-08-09 12:51:20.152326,Mansarovar,60.5,12.63,22.29,452.6
2026-08-09 13:51:20.152326,Mansarovar,57.8,14.38,29.13,420.9
2026-08-09 14:51:20.152326,Mansarovar,89.1,19.68,35.65,447.9
2026-08-09 15:51:20.152326,Mansarovar,71.1,18.88,34.56,430.3
2026-08-09 16:51:20.152326,Mansarovar,71.0,19.33,39.66,462.9
2026-08-09 17:51:20.152326,Mansarovar,89.2,20.31,39.63,418.0
2026-08-09 18:51:20.152326,Mansarovar,83.6,16.76,28.64,453.7
2026-08-09 19:51:20.152326,Mansarovar,88.5,19.93,34.75,449.1
2026-08-09 20:51:20.152326,Mansarovar,69.9,15.67,29.74,431.9
2026-08-09 21:51:20.152326,Mansarovar,65.5,11.82,18.91,423.6
2026-08-09 22:51:20.152326,Mansarovar,69.7,19.04,31.78,435.1
2026-08-09 23:51:20.152326,Mansarovar,73.9,15.53,28.69,442.9
2026-08-10 00:51:20.152326,Mansarovar,65.2,13.24,24.89,435.0
2026-08-10 01:51:20.152326,Mansarovar,70.9,13.28,25.39,458.3
2026-08-10 02:51:20.152326,Mansarovar,73.4,16.39,25.53,440.0
2026-08-10 03:51:20.152326,Mansarovar,78.3,21.56,40.17,436.0
2026-08-10 04:51:20.152326,Mansarovar,81.7,23.1,42.06,412.0
2026-08-10 05:51:20.152326,Mansarovar,66.0,15.32,28.47,461.8
2026-08-10 06:51:20.152326,Mansarovar,73.2,20.04,35.08,447.5
2026-08-10 07:51:20.152326,Mansarovar,82.5,16.19,30.56,431.0
2026-08-10 08:51:20.152326,Mansarovar,85.7,18.69,38.3,456.3
2026-08-10 09:51:20.152326,Mansarovar,94.8,19.91,34.57,464.1
2026-08-10 10:51:20.152326,Mansarovar,79.9,18.08,31.66,448.5
2026-08-10 11:51:20.152326,Mansarovar,77.0,16.8,36.3,409.8
2026-08-10 12:51:20.152326,Mansarovar,83.5,20.16,38.61,445.3
2026-08-10 13:51:20.152326,Mansarovar,78.1,21.15,39.07,457.5
2026-08-10 14:51:20.152326,Mansarovar,76.1,19.08,35.07,438.1
2026-08-10 15:51:20.152326,Mansarovar,72.3,18.3,39.04,449.2
2026-08-10 16:51:20.152326,Mansarovar,76.2,15.94,27.56,455.5
2026-08-10 17:51:20.152326,Mansarovar,83.7,22.47,41.92,447.8
2026-08-10 18:51:20.152326,Mansarovar,90.0,18.54,33.79,446.1
2026-08-10 19:51:20.152326,Mansarovar,88.9,22.17,41.99,427.4
2026-08-10 20:51:20.152326,Mansarovar,69.6,13.76,22.55,462.2
2026-08-10 21:51:20.152326,Mansarovar,70.8,19.9,38.63,446.4
2026-08-10 22:51:20.152326,Mansarovar,67.5,21.75,41.08,445.1
2026-08-10 23:51:20.152326,Mansarovar,85.8,21.3,39.92,449.2
2026-08-11 00:51:20.152326,Mansarovar,66.4,14.32,26.73,431.9
2026-08-11 01:51:20.152326,Mansarovar,56.6,14.17,27.17,438.3
2026-08-11 02:51:20.152326,Mansarovar,74.3,18.47,37.45,419.0
2026-08-11 03:51:20.152326,Mansarovar,73.5,16.65,28.22,469.6
2026-08-11 04:51:20.152326,Mansarovar,69.4,16.71,33.1,432.5
2026-08-11 05:51:20.152326,Mansarovar,68.6,19.87,36.2,463.8
2026-08-11 06:51:20.152326,Mansarovar,67.4,18.41,35.17,410.0
2026-08-11 07:51:20.152326,Mansarovar,92.6,20.08,34.33,457.0
2026-08-11 08:51:20.152326,Mansarovar,92.8,21.35,39.43,432.9
2026-08-11 09:51:20.152326,Mansarovar,67.4,13.19,26.58,453.5
2026-08-11 10:51:20.152326,Mansarovar,75.1,18.5,28.6,429.0
2026-08-11 11:51:20.152326,Mansarovar,79.3,16.25,31.87,427.2
2026-08-11 12:51:20.152326,Mansarovar,68.4,15.45,31.63,407.7
2026-08-11 13:51:20.152326,Mansarovar,81.7,20.47,36.31,431.2
2026-08-11 14:51:20.152326,Mansarovar,67.0,13.63,24.98,427.8
2026-08-11 15:51:20.152326,Mansarovar,74.3,18.94,32.78,447.5
2026-08-11 16:51:20.152326,Mansarovar,74.5,17.31,35.49,458.6
2026-08-11 17:51:20.152326,Mansarovar,77.5,19.65,33.93,440.8
2026-08-11 18:51:20.152326,Mansarovar,85.3,18.74,34.55,439.8
2026-08-11 19:51:20.152326,Mansarovar,78.9,20.03,41.68,449.8
2026-08-11 20:51:20.152326,Mansarovar,76.4,21.63,39.24,430.9
2026-08-11 21:51:20.152326,Mansarovar,78.8,17.17,32.78,441.5
2026-08-11 22:51:20.152326,Mansarovar,82.5,18.87,35.0,476.6
2026-08-11 23:51:20.152326,Mansarovar,66.1,15.23,25.79,435.0
2026-08-12 00:51:20.152326,Mansarovar,81.8,18.86,32.9,456.6
2026-08-12 01:51:20.152326,Mansarovar,77.4,19.55,35.76,454.8
2026-08-12 02:51:20.152326,Mansarovar,87.9,23.15,42.89,449.8
2026-08-12 03:51:20.152326,Mansarovar,84.1,17.42,35.15,417.4
2026-08-12 04:51:20.152326,Mansarovar,85.2,20.42,38.61,464.7
2026-08-12 05:51:20.152326,Mansarovar,86.1,21.3,41.06,437.2
2026-08-12 06:51:20.152326,Mansarovar,67.0,18.48,34.43,428.6
2026-08-12 07:51:20.152326,Mansarovar,81.9,19.8,38.99,432.8
2026-08-12 08:51:20.152326,Mansarovar,91.4,22.17,42.08,455.5
2026-08-12 09:51:20.152326,Mansarovar,92.0,23.02,42.24,427.4
2026-08-12 10:51:20.152326,Mansarovar,64.1,14.6,27.8,418.0
2026-08-12 11:51:20.152326,Mansarovar,78.0,17.51,29.39,432.8
2026-08-12 12:51:20.152326,Mansarovar,73.9,20.83,46.75,435.5
2026-08-12 13:51:20.152326,Mansarovar,80.0,18.53,31.64,438.3
2026-08-12 14:51:20.152326,Mansarovar,64.5,15.34,33.77,435.8
2026-08-12 15:51:20.152326,Mansarovar,63.2,16.27,29.4,429.9
2026-08-12 16:51:20.152326,Mansarovar,74.9,15.72,28.37,423.5
2026-08-12 17:51:20.152326,Mansarovar,85.3,19.35,31.64,437.8
2026-08-12 18:51:20.152326,Mansarovar,89.1,20.83,45.64,420.7
2026-08-12 19:51:20.152326,Mansarovar,92.8,22.42,46.32,418.8
2026-08-12 20:51:20.152326,Mansarovar,76.7,17.05,37.37,458.5
2026-08-12 21:51:20.152326,Mansarovar,76.4,19.38,34.65,427.4
2026-08-12 22:51:20.152326,Mansarovar,64.7,15.85,31.61,453.2
2026-08-12 23:51:20.152326,Mansarovar,76.1,19.54,34.35,451.1
2026-08-13 00:51:20.152326,Mansarovar,79.8,17.07,24.65,457.3
2026-08-13 01:51:20.152326,Mansarovar,73.6,17.66,31.88,426.1
2026-08-13 02:51:20.152326,Mansarovar,73.4,15.95,26.93,421.1
2026-08-13 03:51:20.152326,Mansarovar,67.7,11.86,22.43,442.0
2026-08-13 04:51:20.152326,Mansarovar,65.6,17.7,36.07,409.0
2026-08-13 05:51:20.152326,Mansarovar,66.4,16.66,32.66,419.9
2026-08-13 06:51:20.152326,Mansarovar,67.7,18.98,34.67,409.9
2026-08-13 07:51:20.152326,Mansarovar,90.8,20.18,40.73,425.0
2026-08-13 08:51:20.152326,Mansarovar,71.4,17.78,31.33,412.2
2026-08-13 09:51:20.152326,Mansarovar,98.6,22.91,47.54,448.8
2026-08-13 10:51:20.152326,Mansarovar,71.4,16.79,32.15,428.4
2026-08-13 11:51:20.152326,Mansarovar,73.4,19.88,34.86,437.4
2026-08-13 12:51:20.152326,Mansarovar,63.4,14.45,25.97,422.9
2026-08-13 13:51:20.152326,Mansarovar,67.5,17.56,34.5,435.7
2026-08-13 14:51:20.152326,Mansarovar,81.5,21.13,39.22,444.6
2026-08-13 15:51:20.152326,Mansarovar,72.2,19.61,37.51,423.1
2026-08-13 16:51:20.152326,Mansarovar,74.5,14.48,28.54,443.3
2026-08-13 17:51:20.152326,Mansarovar,101.6,25.79,44.83,455.8
2026-08-13 18:51:20.152326,Mansarovar,78.4,23.21,43.98,445.0
2026-08-13 19:51:20.152326,Mansarovar,81.6,18.79,33.7,470.3
2026-08-13 20:51:20.152326,Mansarovar,66.4,15.72,33.14,451.5
2026-08-13 21:51:20.152326,Mansarovar,71.9,19.83,34.64,440.0
2026-08-13 22:51:20.152326,Mansarovar,62.7,17.17,28.27,392.1
2026-08-13 23:51:20.152326,Mansarovar,71.1,18.8,34.88,427.8
2026-08-14 00:51:20.152326,Mansarovar,85.6,18.74,38.79,437.4
2026-08-14 01:51:20.152326,Mansarovar,77.1,16.98,28.83,426.1
2026-08-14 02:51:20.152326,Mansarovar,77.6,20.16,37.29,452.4
2026-08-14 03:51:20.152326,Mansarovar,67.5,13.45,29.9,439.3
2026-08-14 04:51:20.152326,Mansarovar,63.9,18.43,34.51,400.1
2026-08-14 05:51:20.152326,Mansarovar,78.5,21.37,39.57,460.3
2026-08-14 06:51:20.152326,Mansarovar,65.2,14.63,29.39,432.3
2026-08-14 07:51:20.152326,Mansarovar,85.6,20.0,31.87,448.3
2026-08-14 08:51:20.152326,Mansarovar,88.5,23.17,49.82,452.3
2026-08-14 09:51:20.152326,Mansarovar,81.0,19.23,35.48,429.7
2026-08-14 10:51:20.152326,Mansarovar,73.0,16.49,26.9,453.8
2026-08-14 11:51:20.152326,Mansarovar,75.1,17.85,32.68,416.6
2026-08-14 12:51:20.152326,Mansarovar,79.0,16.72,29.8,440.4
2026-08-14 13:51:20.152326,Mansarovar,77.2,13.27,21.77,445.1
2026-08-14 14:51:20.152326,Mansarovar,65.3,16.57,33.85,406.7
2026-08-14 15:51:20.152326,Mansarovar,85.1,19.49,35.58,440.9
2026-08-14 16:51:20.152326,Mansarovar,67.4,16.21,32.15,407.6
2026-08-14 17:51:20.152326,Mansarovar,94.8,25.81,51.93,436.8
2026-08-14 18:51:20.152326,Mansarovar,93.2,18.73,27.74,438.9
2026-08-14 19:51:20.152326,Mansarovar,91.7,23.95,43.2,442.0
2026-08-14 20:51:20.152326,Mansarovar,69.7,17.52,29.3,473.2
2026-08-14 21:51:20.152326,Mansarovar,86.4,20.03,37.49,451.1
2026-08-14 22:51:20.152326,Mansarovar,66.1,19.34,38.16,425.8
2026-08-14 23:51:20.152326,Mansarovar,68.1,16.78,31.97,442.2
2026-08-15 00:51:20.152326,Mansarovar,58.5,14.0,26.3,425.8
2026-08-15 01:51:20.152326,Mansarovar,51.1,13.75,25.64,424.6
2026-08-15 02:51:20.152326,Mansarovar,75.3,19.58,28.97,442.0
2026-08-15 03:51:20.152326,Mansarovar,70.0,21.08,33.47,449.0
2026-08-15 04:51:20.152326,Mansarovar,80.8,17.86,29.36,452.1
2026-08-15 05:51:20.152326,Mansarovar,80.3,19.99,36.13,440.4
2026-08-15 06:51:20.152326,Mansarovar,65.7,18.22,31.42,407.7
2026-08-15 07:51:20.152326,Mansarovar,79.5,18.27,34.01,434.3
2026-08-15 08:51:20.152326,Mansarovar,95.4,21.89,41.33,410.9
2026-08-15 09:51:20.152326,Mansarovar,92.4,21.14,38.44,444.1
2026-08-15 10:51:20.152326,Mansarovar,71.7,16.06,24.76,424.4
2026-08-15 11:51:20.152326,Mansarovar,77.6,19.73,41.6,446.1
2026-08-15 12:51:20.152326,Mansarovar,75.2,21.48,36.4,420.8
2026-08-15 13:51:20.152326,Mansarovar,85.1,17.61,42.65,444.3
2026-08-15 14:51:20.152326,Mansarovar,75.0,16.03,31.77,435.2
2026-08-15 15:51:20.152326,Mansarovar,84.5,21.74,38.71,452.2
2026-08-15 16:51:20.152326,Mansarovar,65.4,17.07,27.92,456.3
2026-08-15 17:51:20.152326,Mansarovar,87.8,21.31,37.19,419.8
2026-08-15 18:51:20.152326,Mansarovar,88.4,20.36,41.77,438.0
2026-08-15 19:51:20.152326,Mansarovar,87.9,19.49,36.37,457.0
2026-08-15 20:51:20.152326,Mansarovar,75.8,18.06,28.32,438.5
2026-08-15 21:51:20.152326,Mansarovar,72.3,17.46,30.76,418.9
2026-08-15 22:51:20.152326,Mansarovar,76.9,21.13,37.59,421.8
2026-08-15 23:51:20.152326,Mansarovar,74.9,16.66,27.15,413.1
2026-08-16 00:51:20.152326,Mansarovar,64.8,14.55,30.03,429.5
2026-08-16 01:51:20.152326,Mansarovar,67.0,14.57,31.88,424.7
2026-08-16 02:51:20.152326,Mansarovar,69.2,15.45,32.75,442.7
2026-08-16 03:51:20.152326,Mansarovar,74.7,19.4,36.41,414.0
2026-08-16 04:51:20.152326,Mansarovar,88.6,21.76,38.84,467.7
2026-08-16 05:51:20.152326,Mansarovar,68.4,17.26,29.97,427.0
2026-08-16 06:51:20.152326,Mansarovar,61.2,17.11,36.03,441.0
2026-08-16 07:51:20.152326,Mansarovar,80.1,20.98,32.56,417.9
2026-08-16 08:51:20.152326,Mansarovar,90.3,23.3,43.47,404.3
2026-08-16 09:51:20.152326,Mansarovar,84.9,22.09,47.39,437.9
2026-08-16 10:51:20.152326,Mansarovar,71.7,21.77,38.32,426.1
2026-08-16 11:51:20.152326,Mansarovar,59.8,14.87,33.26,442.9
2026-08-16 12:51:20.152326,Mansarovar,73.3,19.05,28.7,447.7
2026-08-16 13:51:20.152326,Mansarovar,71.3,19.36,40.04,442.2
2026-08-16 14:51:20.152326,Mansarovar,70.0,15.87,29.37,423.7
2026-08-16 15:51:20.152326,Mansarovar,74.9,18.83,36.11,421.5
2026-08-16 16:51:20.152326,Mansarovar,72.0,20.9,37.35,438.8
2026-08-16 17:51:20.152326,Mansarovar,89.1,22.98,39.55,434.1
2026-08-16 18:51:20.152326,Mansarovar,75.5,21.88,37.41,446.3
2026-08-16 19:51:20.152326,Mansarovar,87.7,24.1,46.55,481.7
2026-08-16 20:51:20.152326,Mansarovar,70.3,16.23,35.85,447.3
2026-08-16 21:51:20.152326,Mansarovar,85.9,22.43,42.67,440.2
2026-08-16 22:51:20.152326,Mansarovar,78.5,17.85,33.45,460.2
2026-08-16 23:51:20.152326,Mansarovar,71.4,18.82,31.13,425.4
2026-08-17 00:51:20.152326,Mansarovar,49.8,12.66,25.63,408.9
2026-08-17 01:51:20.152326,Mansarovar,77.3,23.09,38.29,407.7
2026-08-17 02:51:20.152326,Mansarovar,73.8,19.5,39.0,425.8
2026-08-17 03:51:20.152326,Mansarovar,70.3,13.42,26.56,433.6
2026-08-17 04:51:20.152326,Mansarovar,79.1,15.53,24.25,442.4
2026-08-17 05:51:20.152326,Mansarovar,75.3,17.83,30.93,415.6
2026-08-17 06:51:20.152326,Mansarovar,76.5,17.69,32.72,443.3
2026-08-17 07:51:20.152326,Mansarovar,89.1,21.99,33.49,440.2
2026-08-17 08:51:20.152326,Mansarovar,100.0,25.85,48.44,445.1
2026-08-17 09:51:20.152326,Mansarovar,99.0,22.53,39.04,424.8
2026-08-17 10:51:20.152326,Mansarovar,57.8,16.47,24.07,425.1
2026-08-17 11:51:20.152326,Mansarovar,74.8,18.56,32.22,417.1
2026-08-17 12:51:20.152326,Mansarovar,77.8,16.31,29.24,413.6
2026-08-17 13:51:20.152326,Mansarovar,88.8,24.07,43.6,466.1
2026-08-17 14:51:20.152326,Mansarovar,69.8,17.06,33.22,453.8
2026-08-17 15:51:20.152326,Mansarovar,70.6,16.11,27.18,438.4
2026-08-17 16:51:20.152326,Mansarovar,72.7,19.5,36.97,424.4
2026-08-17 17:51:20.152326,Mansarovar,96.7,23.35,46.32,430.9
2026-08-17 18:51:20.152326,Mansarovar,81.1,20.48,33.73,431.6
2026-08-17 19:51:20.152326,Mansarovar,88.2,22.96,36.94,437.2
2026-08-17 20:51:20.152326,Mansarovar,66.2,14.44,23.23,451.9
2026-08-17 21:51:20.152326,Mansarovar,77.2,23.27,37.26,423.5
2026-08-17 22:51:20.152326,Mansarovar,74.9,17.35,33.95,415.0
2026-08-17 23:51:20.152326,Mansarovar,69.7,14.01,28.71,423.6
2026-08-18 00:51:20.152326,Mansarovar,78.0,13.54,26.15,455.5
2026-08-18 01:51:20.152326,Mansarovar,81.4,18.6,38.12,441.7
2026-08-18 02:51:20.152326,Mansarovar,69.0,16.38,28.65,421.3
2026-08-18 03:51:20.152326,Mansarovar,67.5,17.51,28.35,434.1
2026-08-18 04:51:20.152326,Mansarovar,71.6,16.4,32.62,431.2
2026-08-18 05:51:20.152326,Mansarovar,80.7,24.01,48.77,435.4
2026-08-18 06:51:20.152326,Mansarovar,83.5,24.85,43.59,448.0
2026-08-18 07:51:20.152326,Mansarovar,87.4,21.31,43.47,443.0
2026-08-18 08:51:20.152326,Mansarovar,99.9,25.86,48.99,453.6
2026-08-18 09:51:20.152326,Mansarovar,88.7,19.48,43.58,437.1
2026-08-18 10:51:20.152326,Mansarovar,75.1,16.8,33.86,445.5
2026-08-18 11:51:20.152326,Mansarovar,80.8,18.68,32.67,448.1
2026-08-18 12:51:20.152326,Mansarovar,59.9,15.07,23.59,418.7
2026-08-18 13:51:20.152326,Mansarovar,73.6,20.96,42.49,429.1
2026-08-18 14:51:20.152326,Mansarovar,67.0,15.96,34.05,397.1
2026-08-18 15:51:20.152326,Mansarovar,68.8,17.19,33.84,434.3
2026-08-18 16:51:20.152326,Mansarovar,73.1,18.12,37.7,406.5
2026-08-18 17:51:20.152326,Mansarovar,79.0,12.95,22.86,472.1
2026-08-18 18:51:20.152326,Mansarovar,95.9,19.0,35.81,458.1
2026-08-18 19:51:20.152326,Mansarovar,89.7,16.18,29.56,442.4
2026-08-18 20:51:20.152326,Mansarovar,68.2,15.33,22.82,415.3
2026-08-18 21:51:20.152326,Mansarovar,75.6,18.53,35.15,439.4
2026-08-18 22:51:20.152326,Mansarovar,64.6,18.98,36.78,441.5
2026-08-18 23:51:20.152326,Mansarovar,76.4,18.38,30.22,402.0
2026-08-19 00:51:20.152326,Mansarovar,76.7,20.95,42.33,439.2
2026-08-19 01:51:20.152326,Mansarovar,55.0,12.97,22.62,412.4
2026-08-19 02:51:20.152326,Mansarovar,82.5,20.72,40.36,455.3
2026-08-19 03:51:20.152326,Mansarovar,78.4,23.38,41.4,417.3
2026-08-19 04:51:20.152326,Mansarovar,74.5,16.77,26.48,427.9
2026-08-19 05:51:20.152326,Mansarovar,73.2,20.21,38.78,435.1
2026-08-19 06:51:20.152326,Mansarovar,77.1,19.97,34.45,429.9
2026-08-19 07:51:20.152326,Mansarovar,96.4,23.13,33.86,461.9
2026-08-19 08:51:20.152326,Mansarovar,83.3,15.41,27.11,441.4
2026-08-19 09:51:20.152326,Mansarovar,78.6,16.58,29.8,467.6
2026-08-19 10:51:20.152326,Mansarovar,63.7,18.89,36.38,433.4
2026-08-19 11:51:20.152326,Mansarovar,86.0,23.61,42.34,463.2
2026-08-19 12:51:20.152326,Mansarovar,76.0,20.2,33.66,443.8
2026-08-19 13:51:20.152326,Mansarovar,77.8,18.69,34.18,437.9
2026-08-19 14:51:20.152326,Mansarovar,93.1,20.69,38.17,440.8
2026-08-19 15:51:20.152326,Mansarovar,72.1,17.41,29.07,412.6
2026-08-19 16:51:20.152326,Mansarovar,63.3,13.2,27.58,427.7
2026-08-19 17:51:20.152326,Mansarovar,96.5,24.1,40.91,458.9
2026-08-19 18:51:20.152326,Mansarovar,91.9,22.44,41.57,448.2
2026-08-19 19:51:20.152326,Mansarovar,85.2,18.65,33.89,431.8
2026-08-19 20:51:20.152326,Mansarovar,57.5,15.23,32.02,425.9
2026-08-19 21:51:20.152326,Mansarovar,78.3,16.8,29.17,450.5
2026-08-19 22:51:20.152326,Mansarovar,69.4,14.8,32.48,436.4
2026-08-19 23:51:20.152326,Mansarovar,66.8,17.65,28.76,440.6
2026-08-20 00:51:20.152326,Mansarovar,84.7,22.05,42.27,449.5
2026-08-20 01:51:20.152326,Mansarovar,73.2,18.55,31.77,402.1
2026-08-20 02:51:20.152326,Mansarovar,85.1,21.62,44.97,449.6
2026-08-20 03:51:20.152326,Mansarovar,78.1,20.12,36.58,411.4
2026-08-20 04:51:20.152326,Mansarovar,72.2,19.34,33.07,436.2
2026-08-20 05:51:20.152326,Mansarovar,75.7,18.7,33.51,446.8
2026-08-20 06:51:20.152326,Mansarovar,84.4,17.19,29.29,454.7
2026-08-20 07:51:20.152326,Mansarovar,110.7,24.42,46.25,449.1
2026-08-20 08:51:20.152326,Mansarovar,80.7,21.6,35.29,429.1
2026-08-20 09:51:20.152326,Mansarovar,105.7,27.06,44.61,474.3
2026-08-20 10:51:20.152326,Mansarovar,65.4,19.81,36.47,445.1
2026-08-20 11:51:20.152326,Mansarovar,70.6,13.35,30.54,475.0
2026-08-20 12:51:20.152326,Mansarovar,69.7,15.33,26.93,425.8
2026-08-20 13:51:20.152326,Mansarovar,76.4,17.91,36.52,455.5
2026-08-20 14:51:20.152326,Mansarovar,70.2,16.02,28.1,471.9
2026-08-20 15:51:20.152326,Mansarovar,75.2,21.79,38.2,467.4
2026-08-20 16:51:20.152326,Mansarovar,80.3,13.71,26.32,448.9
2026-08-20 17:51:20.152326,Mansarovar,91.7,23.93,44.48,438.2
2026-08-20 18:51:20.152326,Mansarovar,79.7,19.64,39.71,434.9
2026-08-20 19:51:20.152326,Mansarovar,85.9,18.53,30.47,449.9
2026-08-20 20:51:20.152326,Mansarovar,68.7,14.85,30.08,432.9
2026-08-20 21:51:20.152326,Mansarovar,75.9,21.48,35.29,450.7
2026-08-20 22:51:20.152326,Mansarovar,70.6,18.34,32.37,459.8
2026-08-20 23:51:20.152326,Mansarovar,83.8,20.39,34.78,445.2
2026-08-21 00:51:20.152326,Mansarovar,73.2,17.5,34.35,420.6
2026-08-21 01:51:20.152326,Mansarovar,71.1,18.6,34.75,418.8
2026-08-21 02:51:20.152326,Mansarovar,75.9,13.68,23.4,414.4
2026-08-21 03:51:20.152326,Mansarovar,69.8,16.55,34.08,452.2
2026-08-21 04:51:20.152326,Mansarovar,77.7,17.44,30.8,428.5
2026-08-21 05:51:20.152326,Mansarovar,73.9,16.38,32.51,454.9
2026-08-21 06:51:20.152326,Mansarovar,70.5,16.58,29.03,437.7
2026-08-21 07:51:20.152326,Mansarovar,91.2,20.66,41.22,456.4
2026-08-21 08:51:20.152326,Mansarovar,93.5,26.53,50.83,451.0
2026-08-21 09:51:20.152326,Mansarovar,91.5,22.79,39.55,428.5
2026-08-21 10:51:20.152326,Mansarovar,66.9,17.1,33.47,429.3
2026-08-21 11:51:20.152326,Mansarovar,65.9,17.76,35.02,461.6
2026-08-21 12:51:20.152326,Mansarovar,73.8,17.8,36.51,437.3
2026-08-21 13:51:20.152326,Mansarovar,72.9,20.76,29.54,463.6
2026-08-21 14:51:20.152326,Mansarovar,67.4,14.57,25.39,450.7
2026-08-21 15:51:20.152326,Mansarovar,63.2,16.85,29.54,437.1
2026-08-21 16:51:20.152326,Mansarovar,76.6,15.16,25.51,429.9
2026-08-21 17:51:20.152326,Mansarovar,84.6,21.27,48.18,453.0
2026-08-21 18:51:20.152326,Mansarovar,84.2,21.42,41.44,454.3
2026-08-21 19:51:20.152326,Mansarovar,79.2,21.18,41.42,463.7
2026-08-21 20:51:20.152326,Mansarovar,95.6,19.45,36.43,443.2
2026-08-21 21:51:20.152326,Mansarovar,75.0,19.68,35.14,443.4
2026-08-21 22:51:20.152326,Mansarovar,65.1,17.12,31.4,446.0
2026-08-21 23:51:20.152326,Mansarovar,76.2,18.67,27.77,439.3
2026-08-22 00:51:20.152326,Mansarovar,80.5,20.75,39.42,461.0
2026-08-22 01:51:20.152326,Mansarovar,67.0,17.55,30.8,460.6
2026-08-22 02:51:20.152326,Mansarovar,82.3,18.3,36.88,441.5
2026-08-22 03:51:20.152326,Mansarovar,66.3,14.52,23.94,434.9
2026-08-22 04:51:20.152326,Mansarovar,72.8,16.72,26.24,427.4
2026-08-22 05:51:20.152326,Mansarovar,85.3,21.39,38.84,430.0
2026-08-22 06:51:20.152326,Mansarovar,57.6,10.66,21.58,429.7
2026-08-22 07:51:20.152326,Mansarovar,69.9,15.74,27.81,429.2
2026-08-22 08:51:20.152326,Mansarovar,87.9,21.14,40.43,423.5
2026-08-22 09:51:20.152326,Mansarovar,108.9,26.31,46.21,432.9
2026-08-22 10:51:20.152326,Mansarovar,66.4,16.4,31.25,424.4
2026-08-22 11:51:20.152326,Mansarovar,74.3,15.88,34.86,450.8
2026-08-22 12:51:20.152326,Mansarovar,66.0,16.38,33.38,426.9
2026-08-22 13:51:20.152326,Mansarovar,80.8,15.76,27.38,425.3
2026-08-22 14:51:20.152326,Mansarovar,72.5,17.07,31.31,430.1
2026-08-22 15:51:20.152326,Mansarovar,77.4,16.59,27.44,434.5
2026-08-22 16:51:20.152326,Mansarovar,76.4,17.43,37.65,447.9
2026-08-22 17:51:20.152326,Mansarovar,78.9,17.94,34.1,423.6
2026-08-22 18:51:20.152326,Mansarovar,87.2,22.07,41.62,434.1
2026-08-22 19:51:20.152326,Mansarovar,74.0,18.36,28.82,454.8
2026-08-22 20:51:20.152326,Mansarovar,68.1,15.51,32.47,441.9
2026-08-22 21:51:20.152326,Mansarovar,62.0,17.5,34.15,413.5
2026-08-22 22:51:20.152326,Mansarovar,70.4,16.21,31.4,400.1
2026-08-22 23:51:20.152326,Mansarovar,68.9,16.59,33.7,434.5
2026-08-23 00:51:20.152326,Mansarovar,76.6,15.47,26.42,430.4
2026-08-23 01:51:20.152326,Mansarovar,73.4,19.55,34.18,432.2
2026-08-23 02:51:20.152326,Mansarovar,72.4,18.23,34.56,420.9
2026-08-23 03:51:20.152326,Mansarovar,63.9,14.63,23.39,417.1
2026-08-23 04:51:20.152326,Mansarovar,72.0,17.8,33.42,412.2
2026-08-23 05:51:20.152326,Mansarovar,80.1,17.17,30.63,431.9
2026-08-23 06:51:20.152326,Mansarovar,57.7,15.91,25.44,439.7
2026-08-23 07:51:20.152326,Mansarovar,85.2,17.0,34.55,422.0
2026-08-23 08:51:20.152326,Mansarovar,95.8,19.61,33.99,449.6
2026-08-23 09:51:20.152326,Mansarovar,109.6,28.6,49.36,472.6
2026-08-23 10:51:20.152326,Mansarovar,70.4,18.25,29.88,444.1
2026-08-23 11:51:20.152326,Mansarovar,65.3,9.27,13.02,437.3
2026-08-23 12:51:20.152326,Mansarovar,66.5,14.35,31.0,422.6
2026-08-23 13:51:20.152326,Mansarovar,69.5,15.5,24.95,434.3
2026-08-23 14:51:20.152326,Mansarovar,72.0,17.32,29.25,423.3
2026-08-23 15:51:20.152326,Mansarovar,59.9,17.89,28.51,443.7
2026-08-23 16:51:20.152326,Mansarovar,79.0,21.24,39.03,462.9
2026-08-23 17:51:20.152326,Mansarovar,83.2,22.69,41.42,429.4
2026-08-23 18:51:20.152326,Mansarovar,91.5,22.51,40.93,427.9
2026-08-23 19:51:20.152326,Mansarovar,95.1,22.98,39.72,439.1
2026-08-23 20:51:20.152326,Mansarovar,63.6,12.79,25.14,441.3
2026-08-23 21:51:20.152326,Mansarovar,75.8,16.44,33.57,429.2
2026-08-23 22:51:20.152326,Mansarovar,67.1,17.89,33.26,451.5
2026-08-23 23:51:20.152326,Mansarovar,60.3,13.49,21.7,437.7
2026-08-24 00:51:20.152326,Mansarovar,90.3,25.13,43.05,443.5
2026-08-24 01:51:20.152326,Mansarovar,81.4,16.99,27.3,447.2
2026-08-24 02:51:20.152326,Mansarovar,68.2,15.27,30.09,457.3
2026-08-24 03:51:20.152326,Mansarovar,88.5,21.01,39.88,460.0
2026-08-24 04:51:20.152326,Mansarovar,82.1,23.49,42.79,459.3
2026-08-24 05:51:20.152326,Mansarovar,82.0,18.29,33.55,455.7
2026-08-24 06:51:20.152326,Mansarovar,67.2,16.09,28.71,457.4
2026-08-24 07:51:20.152326,Mansarovar,78.7,18.98,34.18,439.0
2026-08-24 08:51:20.152326,Mansarovar,90.0,22.24,39.75,446.4
2026-08-24 09:51:20.152326,Mansarovar,86.4,24.07,46.22,426.8
2026-08-24 10:51:20.152326,Mansarovar,66.3,18.16,29.4,437.7
2026-08-24 11:51:20.152326,Mansarovar,66.0,15.89,26.49,431.1
2026-08-24 12:51:20.152326,Mansarovar,84.7,22.58,38.81,452.0
2026-08-24 13:51:20.152326,Mansarovar,75.3,19.01,41.32,445.7
2026-08-24 14:51:20.152326,Mansarovar,81.3,18.4,32.13,445.5
2026-08-24 15:51:20.152326,Mansarovar,66.3,17.56,29.84,442.3
2026-08-24 16:51:20.152326,Mansarovar,72.9,19.5,34.96,444.7
2026-08-24 17:51:20.152326,Mansarovar,94.0,22.5,42.61,438.2
2026-08-24 18:51:20.152326,Mansarovar,75.1,18.66,35.08,441.5
2026-08-24 19:51:20.152326,Mansarovar,85.3,18.62,33.48,424.7
2026-08-24 20:51:20.152326,Mansarovar,69.4,16.16,32.59,417.7
2026-08-24 21:51:20.152326,Mansarovar,88.2,22.96,40.49,441.2
2026-08-24 22:51:20.152326,Mansarovar,72.3,19.9,40.93,424.1
2026-08-24 23:51:20.152326,Mansarovar,76.1,17.3,27.55,434.0
2026-08-25 00:51:20.152326,Mansarovar,73.4,17.06,33.07,429.9
2026-08-25 01:51:20.152326,Mansarovar,68.4,17.0,27.46,453.0
2026-08-25 02:51:20.152326,Mansarovar,74.1,21.47,38.97,428.9
2026-08-25 03:51:20.152326,Mansarovar,76.2,17.46,29.58,449.5
2026-08-25 04:51:20.152326,Mansarovar,76.9,20.8,42.49,430.2
2026-08-25 05:51:20.152326,Mansarovar,61.3,13.18,28.33,440.8
2026-08-25 06:51:20.152326,Mansarovar,71.8,16.37,28.73,431.9
2026-08-25 07:51:20.152326,Mansarovar,88.2,21.33,36.98,461.8
2026-08-25 08:51:20.152326,Mansarovar,91.4,25.05,43.88,440.1
2026-08-25 09:51:20.152326,Mansarovar,82.3,21.47,34.31,423.6
2026-08-25 10:51:20.152326,Mansarovar,72.4,17.85,29.25,403.8
2026-08-25 11:51:20.152326,Mansarovar,75.7,20.82,40.3,414.3
2026-08-25 12:51:20.152326,Mansarovar,62.9,14.13,24.95,434.3
2026-08-25 13:51:20.152326,Mansarovar,91.5,20.43,37.75,431.3
2026-08-25 14:51:20.152326,Mansarovar,72.9,15.08,29.39,447.3
2026-08-25 15:51:20.152326,Mansarovar,80.2,21.24,40.25,439.5
2026-08-25 16:51:20.152326,Mansarovar,79.5,21.02,36.75,412.5
2026-08-25 17:51:20.152326,Mansarovar,82.5,19.52,34.54,426.6
2026-08-25 18:51:20.152326,Mansarovar,76.2,16.42,33.04,450.7
2026-08-25 19:51:20.152326,Mansarovar,83.2,17.31,29.41,438.6
2026-08-25 20:51:20.152326,Mansarovar,74.4,18.88,38.27,442.7
2026-08-25 21:51:20.152326,Mansarovar,63.6,16.89,25.91,452.3
2026-08-25 22:51:20.152326,Mansarovar,71.1,18.98,35.91,439.7
2026-08-25 23:51:20.152326,Mansarovar,74.7,19.69,39.02,440.6
2026-08-26 00:51:20.152326,Mansarovar,56.1,12.13,21.49,451.0
2026-08-26 01:51:20.152326,Mansarovar,66.7,16.74,28.54,444.2
2026-08-26 02:51:20.152326,Mansarovar,85.8,20.17,34.97,440.3
2026-08-26 03:51:20.152326,Mansarovar,75.5,19.51,32.88,420.9
2026-08-26 04:51:20.152326,Mansarovar,76.5,17.15,26.68,423.6
2026-08-26 05:51:20.152326,Mansarovar,74.5,15.05,30.04,454.2
2026-08-26 06:51:20.152326,Mansarovar,74.5,18.48,36.53,464.3
2026-08-26 07:51:20.152326,Mansarovar,75.2,21.15,37.23,438.3
2026-08-26 08:51:20.152326,Mansarovar,94.8,23.82,46.78,487.2
2026-08-26 09:51:20.152326,Mansarovar,82.4,18.32,41.46,440.5
2026-08-26 10:51:20.152326,Mansarovar,79.2,21.27,37.04,441.5
2026-08-26 11:51:20.152326,Mansarovar,85.6,15.92,28.14,437.2
2026-08-26 12:51:20.152326,Mansarovar,87.5,19.72,32.8,460.2
2026-08-26 13:51:20.152326,Mansarovar,81.6,17.68,32.72,416.6
2026-08-26 14:51:20.152326,Mansarovar,78.5,18.96,31.11,429.2
2026-08-26 15:51:20.152326,Mansarovar,66.3,16.84,28.34,442.4
2026-08-26 16:51:20.152326,Mansarovar,73.2,21.0,42.2,442.6
2026-08-26 17:51:20.152326,Mansarovar,89.6,23.14,38.52,438.0
2026-08-26 18:51:20.152326,Mansarovar,79.9,19.89,39.98,452.5
2026-08-26 19:51:20.152326,Mansarovar,84.1,19.87,35.98,446.5
2026-08-26 20:51:20.152326,Mansarovar,71.6,17.96,39.11,438.4
2026-08-26 21:51:20.152326,Mansarovar,60.2,15.89,28.27,434.7
2026-08-26 22:51:20.152326,Mansarovar,80.5,17.95,28.5,460.1
2026-08-26 23:51:20.152326,Mansarovar,74.2,12.66,20.04,417.1
2026-08-27 00:51:20.152326,Mansarovar,60.2,13.3,24.56,435.0
2026-08-27 01:51:20.152326,Mansarovar,78.8,20.3,38.21,461.4
2026-08-27 02:51:20.152326,Mansarovar,67.0,18.39,28.92,398.3
2026-08-27 03:51:20.152326,Mansarovar,61.2,17.53,31.99,429.7
2026-08-27 04:51:20.152326,Mansarovar,71.2,19.87,35.94,435.5
2026-08-27 05:51:20.152326,Mansarovar,80.7,17.94,34.05,447.1
2026-08-27 06:51:20.152326,Mansarovar,78.2,17.28,27.62,436.8
2026-08-27 07:51:20.152326,Mansarovar,84.7,20.57,34.28,423.9
2026-08-27 08:51:20.152326,Mansarovar,75.5,21.21,34.25,446.7
2026-08-27 09:51:20.152326,Mansarovar,86.8,19.29,35.96,440.1
2026-08-27 10:51:20.152326,Mansarovar,74.4,18.53,35.48,416.8
2026-08-27 11:51:20.152326,Mansarovar,66.1,15.08,27.56,438.9
2026-08-27 12:51:20.152326,Mansarovar,83.6,19.35,42.34,440.8
2026-08-27 13:51:20.152326,Mansarovar,58.0,11.35,21.92,399.5
2026-08-27 14:51:20.152326,Mansarovar,62.1,16.55,32.42,451.2
2026-08-27 15:51:20.152326,Mansarovar,80.5,21.2,36.71,405.6
2026-08-27 16:51:20.152326,Mansarovar,72.6,13.2,21.83,405.7
2026-08-27 17:51:20.152326,Mansarovar,90.3,20.76,43.19,439.4
2026-08-27 18:51:20.152326,Mansarovar,68.1,18.52,32.35,440.2
2026-08-27 19:51:20.152326,Mansarovar,73.9,15.0,27.17,452.6
2026-08-27 20:51:20.152326,Mansarovar,78.6,15.02,32.46,421.3
2026-08-27 21:51:20.152326,Mansarovar,68.4,15.63,27.91,433.2
2026-08-27 22:51:20.152326,Mansarovar,70.0,17.66,30.03,435.1
2026-08-27 23:51:20.152326,Mansarovar,81.0,14.5,25.55,419.0
2026-08-28 00:51:20.152326,Mansarovar,73.7,18.37,34.78,483.6
2026-08-28 01:51:20.152326,Mansarovar,59.0,15.59,29.08,433.0
2026-08-28 02:51:20.152326,Mansarovar,71.3,20.12,38.88,435.0
2026-08-28 03:51:20.152326,Mansarovar,70.4,17.25,36.7,440.2
2026-08-28 04:51:20.152326,Mansarovar,65.3,17.13,26.87,431.1
2026-08-28 05:51:20.152326,Mansarovar,71.8,16.19,26.96,428.0
2026-08-28 06:51:20.152326,Mansarovar,78.5,19.69,38.69,448.7
2026-08-28 07:51:20.152326,Mansarovar,91.0,22.03,40.48,442.0
2026-08-28 08:51:20.152326,Mansarovar,103.1,24.85,46.75,454.7
2026-08-28 09:51:20.152326,Mansarovar,101.6,21.26,34.06,448.8
2026-08-28 10:51:20.152326,Mansarovar,63.6,16.46,32.14,434.9
2026-08-28 11:51:20.152326,Mansarovar,80.3,22.98,42.54,455.1
2026-08-28 12:51:20.152326,Mansarovar,62.4,14.17,25.5,440.4
2026-08-28 13:51:20.152326,Mansarovar,60.7,16.89,29.98,434.5
2026-08-28 14:51:20.152326,Mansarovar,78.3,20.87,36.24,440.2
2026-08-28 15:51:20.152326,Mansarovar,74.9,18.82,34.36,450.2
2026-08-28 16:51:20.152326,Mansarovar,76.4,17.05,35.83,430.9
2026-08-28 17:51:20.152326,Mansarovar,81.2,20.74,38.57,444.1
2026-08-28 18:51:20.152326,Mansarovar,76.7,15.98,30.59,443.4
2026-08-28 19:51:20.152326,Mansarovar,84.9,19.23,39.13,438.9
2026-08-28 20:51:20.152326,Mansarovar,83.1,19.67,38.7,431.5
2026-08-28 21:51:20.152326,Mansarovar,75.5,18.57,30.71,427.4
2026-08-28 22:51:20.152326,Mansarovar,77.9,18.51,32.85,448.6
2026-08-28 23:51:20.152326,Mansarovar,73.2,16.43,29.19,439.6
2026-08-29 00:51:20.152326,Mansarovar,72.7,14.78,29.1,449.6
2026-08-29 01:51:20.152326,Mansarovar,78.7,18.46,37.96,424.9
2026-08-29 02:51:20.152326,Mansarovar,72.7,16.31,28.68,469.1
2026-08-29 03:51:20.152326,Mansarovar,80.2,20.73,40.03,450.5
2026-08-29 04:51:20.152326,Mansarovar,88.9,16.34,25.27,450.7
2026-08-29 05:51:20.152326,Mansarovar,67.1,13.64,26.5,461.2
2026-08-29 06:51:20.152326,Mansarovar,76.5,19.15,34.95,439.8
2026-08-29 07:51:20.152326,Mansarovar,85.7,20.12,42.24,457.4
2026-08-29 08:51:20.152326,Mansarovar,84.1,20.26,35.38,452.1
2026-08-29 09:51:20.152326,Mansarovar,101.0,24.8,48.39,467.6
2026-08-29 10:51:20.152326,Mansarovar,80.8,23.19,44.5,426.2
2026-08-29 11:51:20.152326,Mansarovar,79.5,18.32,27.96,415.3
2026-08-29 12:51:20.152326,Mansarovar,69.5,16.16,34.09,409.7
2026-08-29 13:51:20.152326,Mansarovar,64.2,14.24,24.45,415.9
2026-08-29 14:51:20.152326,Mansarovar,66.4,15.2,31.26,412.4
2026-08-29 15:51:20.152326,Mansarovar,71.5,16.31,34.22,448.7
2026-08-29 16:51:20.152326,Mansarovar,72.6,18.29,31.92,428.7
2026-08-29 17:51:20.152326,Mansarovar,84.8,19.52,32.92,438.9
2026-08-29 18:51:20.152326,Mansarovar,81.9,19.56,36.51,470.8
2026-08-29 19:51:20.152326,Mansarovar,80.0,15.37,36.0,425.8
2026-08-29 20:51:20.152326,Mansarovar,69.2,17.24,33.52,447.3
2026-08-29 21:51:20.152326,Mansarovar,70.4,16.94,28.87,419.9
2026-08-29 22:51:20.152326,Mansarovar,91.6,20.49,39.15,452.9
2026-08-29 23:51:20.152326,Mansarovar,75.9,19.84,38.58,438.9
2026-08-30 00:51:20.152326,Mansarovar,65.0,16.01,31.72,428.3
2026-08-30 01:51:20.152326,Mansarovar,59.6,14.56,26.25,443.3
2026-08-30 02:51:20.152326,Mansarovar,70.9,13.96,26.49,427.8
2026-08-30 03:51:20.152326,Mansarovar,64.2,16.7,32.86,408.6
2026-08-30 04:51:20.152326,Mansarovar,71.6,16.0,33.44,429.2
2026-08-30 05:51:20.152326,Mansarovar,82.7,21.25,35.77,431.7
2026-08-30 06:51:20.152326,Mansarovar,80.8,17.21,30.35,408.2
2026-08-30 07:51:20.152326,Mansarovar,97.0,20.64,36.48,431.2
2026-08-30 08:51:20.152326,Mansarovar,87.4,21.23,36.51,447.1
2026-08-30 09:51:20.152326,Mansarovar,97.4,23.59,41.86,471.1
2026-08-30 10:51:20.152326,Mansarovar,80.3,20.45,36.87,441.8
2026-08-30 11:51:20.152326,Mansarovar,78.5,17.52,36.02,441.0
2026-08-30 12:51:20.152326,Mansarovar,78.0,21.6,42.87,441.5
2026-08-30 13:51:20.152326,Mansarovar,73.7,18.91,32.6,440.6
2026-08-30 14:51:20.152326,Mansarovar,66.6,17.25,35.49,432.1
2026-08-30 15:51:20.152326,Mansarovar,72.5,20.26,37.8,439.4
2026-08-30 16:51:20.152326,Mansarovar,65.2,16.84,27.67,437.0
2026-08-30 17:51:20.152326,Mansarovar,94.1,22.87,47.37,437.9
2026-08-30 18:51:20.152326,Mansarovar,82.9,17.79,29.06,454.5
2026-08-30 19:51:20.152326,Mansarovar,101.1,25.48,44.23,446.2
2026-08-30 20:51:20.152326,Mansarovar,54.1,12.31,20.52,439.8
2026-08-30 21:51:20.152326,Mansarovar,66.3,16.65,30.14,436.5
2026-08-30 22:51:20.152326,Mansarovar,76.2,19.24,34.21,423.0
2026-08-30 23:51:20.152326,Mansarovar,74.4,18.26,32.41,433.4
2026-08-31 00:51:20.152326,Mansarovar,52.3,10.3,12.2,447.4
2026-08-31 01:51:20.152326,Mansarovar,71.8,16.28,27.98,441.2
2026-08-31 02:51:20.152326,Mansarovar,66.2,13.93,30.52,446.2
2026-08-31 03:51:20.152326,Mansarovar,66.6,14.21,27.83,430.9
2026-08-31 04:51:20.152326,Mansarovar,76.0,16.81,28.35,421.1
2026-08-31 05:51:20.152326,Mansarovar,69.5,13.95,25.39,476.0
2026-08-31 06:51:20.152326,Mansarovar,58.2,12.55,22.41,426.0
2026-08-31 07:51:20.152326,Mansarovar,98.6,21.94,40.8,430.4
2026-08-31 08:51:20.152326,Mansarovar,79.5,19.69,33.36,446.7
2026-08-31 09:51:20.152326,Mansarovar,102.9,24.4,41.52,478.7
2026-08-31 10:51:20.152326,Mansarovar,70.1,13.5,31.41,398.0
2026-08-31 11:51:20.152326,Mansarovar,65.1,15.2,23.21,430.4
2026-08-31 12:51:20.152326,Mansarovar,61.5,13.4,23.19,426.6
2026-08-31 13:51:20.152326,Mansarovar,88.6,20.37,35.74,470.9
2026-08-31 14:51:20.152326,Mansarovar,88.4,19.55,35.39,456.3
2026-08-31 15:51:20.152326,Mansarovar,82.7,22.04,39.44,468.6
2026-08-31 16:51:20.152326,Mansarovar,66.2,14.12,25.52,437.0
2026-08-31 17:51:20.152326,Mansarovar,85.9,19.59,35.5,453.2
2026-08-31 18:51:20.152326,Mansarovar,87.6,20.2,41.9,410.5
2026-08-31 19:51:20.152326,Mansarovar,88.6,18.05,39.22,447.4
2026-08-31 20:51:20.152326,Mansarovar,77.2,20.63,35.18,445.8
2026-08-31 21:51:20.152326,Mansarovar,64.1,13.73,24.0,430.2
2026-08-31 22:51:20.152326,Mansarovar,76.5,19.2,30.88,434.1
2026-08-31 23:51:20.152326,Mansarovar,71.8,16.56,31.41,437.4
2026-09-01 00:51:20.152326,Mansarovar,69.1,14.91,29.46,422.1
2026-09-01 01:51:20.152326,Mansarovar,83.4,16.51,33.32,442.1
2026-09-01 02:51:20.152326,Mansarovar,73.1,16.94,29.76,425.4
2026-09-01 03:51:20.152326,Mansarovar,81.5,20.74,39.69,449.6
2026-09-01 04:51:20.152326,Mansarovar,77.4,20.86,41.5,433.2
2026-09-01 05:51:20.152326,Mansarovar,78.6,16.36,26.94,426.2
2026-09-01 06:51:20.152326,Mansarovar,79.6,21.43,43.44,449.5
2026-09-01 07:51:20.152326,Mansarovar,74.5,18.4,34.9,434.1
2026-09-01 08:51:20.152326,Mansarovar,82.9,21.4,35.1,425.9
2026-09-01 09:51:20.152326,Mansarovar,96.4,26.2,48.88,455.6
2026-09-01 10:51:20.152326,Mansarovar,76.7,20.01,39.29,454.2
2026-09-01 11:51:20.152326,Mansarovar,89.0,24.09,43.92,441.1
2026-09-01 12:51:20.152326,Mansarovar,66.9,15.34,32.36,446.5
2026-09-01 13:51:20.152326,Mansarovar,64.4,17.45,31.88,449.3
2026-09-01 14:51:20.152326,Mansarovar,61.8,16.33,31.24,447.2
2026-09-01 15:51:20.152326,Mansarovar,69.0,19.69,33.78,449.6
2026-09-01 16:51:20.152326,Mansarovar,52.0,12.19,18.51,465.4
2026-09-01 17:51:20.152326,Mansarovar,104.1,20.96,35.6,471.2
2026-09-01 18:51:20.152326,Mansarovar,93.9,24.45,40.62,440.8
2026-09-01 19:51:20.152326,Mansarovar,96.3,23.39,45.7,448.3
2026-09-01 20:51:20.152326,Mansarovar,77.4,19.56,38.18,469.6
2026-09-01 21:51:20.152326,Mansarovar,68.3,16.79,28.12,407.5
2026-09-01 22:51:20.152326,Mansarovar,75.6,21.45,35.22,417.8
2026-09-01 23:51:20.152326,Mansarovar,69.5,14.89,24.77,435.6
2026-09-02 00:51:20.152326,Mansarovar,54.5,12.27,25.38,433.0
2026-09-02 01:51:20.152326,Mansarovar,66.6,18.51,33.48,443.2
2026-09-02 02:51:20.152326,Mansarovar,62.1,17.13,28.17,440.6
2026-09-02 03:51:20.152326,Mansarovar,69.8,17.39,28.0,441.1
2026-09-02 04:51:20.152326,Mansarovar,72.0,19.69,33.85,447.8
2026-09-02 05:51:20.152326,Mansarovar,76.8,21.63,40.92,448.6
2026-09-02 06:51:20.152326,Mansarovar,77.9,16.36,32.92,439.6
2026-09-02 07:51:20.152326,Mansarovar,88.0,20.79,33.79,454.0
2026-09-02 08:51:20.152326,Mansarovar,89.8,22.69,46.4,465.4
2026-09-02 09:51:20.152326,Mansarovar,93.8,22.68,44.13,427.8
2026-09-02 10:51:20.152326,Mansarovar,72.6,17.8,33.11,420.8
2026-09-02 11:51:20.152326,Mansarovar,76.2,18.98,33.07,414.9
2026-09-02 12:51:20.152326,Mansarovar,82.0,19.26,41.68,452.5
2026-09-02 13:51:20.152326,Mansarovar,69.9,16.38,28.98,436.9
2026-09-02 14:51:20.152326,Mansarovar,75.6,18.93,32.15,457.1
2026-09-02 15:51:20.152326,Mansarovar,61.2,16.5,29.37,461.7
2026-09-02 16:51:20.152326,Mansarovar,77.6,15.99,26.33,424.2
2026-09-02 17:51:20.152326,Mansarovar,100.5,26.94,46.68,456.1
2026-09-02 18:51:20.152326,Mansarovar,74.2,18.37,39.9,441.5
2026-09-02 19:51:20.152326,Mansarovar,80.0,20.29,35.8,424.5
2026-09-02 20:51:20.152326,Mansarovar,56.3,15.26,25.63,444.1
2026-09-02 21:51:20.152326,Mansarovar,72.7,17.75,27.28,438.6
2026-09-02 22:51:20.152326,Mansarovar,67.5,17.51,30.4,442.4
2026-09-02 23:51:20.152326,Mansarovar,73.5,20.44,38.32,455.7
2026-09-03 00:51:20.152326,Mansarovar,67.2,17.2,28.75,430.5
2026-09-03 01:51:20.152326,Mansarovar,78.1,16.63,29.41,426.7
2026-09-03 02:51:20.152326,Mansarovar,72.4,14.62,26.75,415.8
2026-09-03 03:51:20.152326,Mansarovar,71.9,17.23,32.6,428.2
2026-09-03 04:51:20.152326,Mansarovar,69.1,15.62,32.01,416.0
2026-09-03 05:51:20.152326,Mansarovar,83.0,16.98,27.91,454.1
2026-09-03 06:51:20.152326,Mansarovar,69.5,13.51,27.97,408.5
2026-09-03 07:51:20.152326,Mansarovar,97.9,24.64,47.27,402.0
2026-09-03 08:51:20.152326,Mansarovar,101.2,27.0,50.0,459.8
2026-09-03 09:51:20.152326,Mansarovar,98.0,25.45,46.52,440.9
2026-09-03 10:51:20.152326,Mansarovar,87.5,23.69,40.71,448.7
2026-09-03 11:51:20.152326,Mansarovar,73.9,18.29,31.38,437.4
2026-09-03 12:51:20.152326,Mansarovar,72.3,14.56,29.23,444.9
2026-09-03 13:51:20.152326,Mansarovar,58.8,14.41,27.37,409.7
2026-09-03 14:51:20.152326,Mansarovar,89.5,19.26,35.37,431.1
2026-09-03 15:51:20.152326,Mansarovar,65.8,15.88,31.81,419.9
2026-09-03 16:51:20.152326,Mansarovar,80.4,21.43,38.58,438.3
2026-09-03 17:51:20.152326,Mansarovar,79.9,22.46,39.91,418.1
2026-09-03 18:51:20.152326,Mansarovar,104.3,24.95,50.04,468.9
2026-09-03 19:51:20.152326,Mansarovar,91.4,19.1,33.28,434.6
2026-09-03 20:51:20.152326,Mansarovar,82.8,20.68,37.53,427.4
2026-09-03 21:51:20.152326,Mansarovar,80.3,15.61,29.87,461.9
2026-09-03 22:51:20.152326,Mansarovar,86.2,19.75,35.02,449.2
2026-09-03 23:51:20.152326,Mansarovar,70.2,14.52,33.8,437.9
2026-09-04 00:51:20.152326,Mansarovar,64.6,15.8,30.67,431.5
2026-09-04 01:51:20.152326,Mansarovar,70.8,17.36,31.81,393.4
2026-09-04 02:51:20.152326,Mansarovar,68.2,18.3,26.5,428.1
2026-09-04 03:51:20.152326,Mansarovar,75.7,20.8,45.37,426.7
2026-09-04 04:51:20.152326,Mansarovar,68.9,15.6,26.42,443.8
2026-09-04 05:51:20.152326,Mansarovar,75.0,16.22,30.24,438.5
2026-09-04 06:51:20.152326,Mansarovar,56.5,14.25,30.42,419.1
2026-09-04 07:51:20.152326,Mansarovar,98.4,24.3,41.73,436.4
2026-09-04 08:51:20.152326,Mansarovar,84.3,21.14,47.31,453.6
2026-09-04 09:51:20.152326,Mansarovar,83.4,21.77,41.87,445.3
2026-09-04 10:51:20.152326,Mansarovar,68.0,16.59,32.25,435.5
2026-09-04 11:51:20.152326,Mansarovar,67.1,15.3,29.28,405.4
2026-09-04 12:51:20.152326,Mansarovar,63.9,14.37,23.77,448.3
2026-09-04 13:51:20.152326,Mansarovar,69.2,23.06,37.94,457.6
2026-09-04 14:51:20.152326,Mansarovar,86.6,22.26,47.82,449.7
2026-09-04 15:51:20.152326,Mansarovar,82.2,20.74,35.4,424.0
2026-09-04 16:51:20.152326,Mansarovar,68.2,17.65,31.67,426.5
2026-09-04 17:51:20.152326,Mansarovar,72.0,18.78,33.02,414.6
2026-09-04 18:51:20.152326,Mansarovar,94.8,22.78,41.98,460.0
2026-09-04 19:51:20.152326,Mansarovar,79.6,19.63,35.85,424.2
2026-09-04 20:51:20.152326,Mansarovar,67.3,19.9,34.22,435.5
2026-09-04 21:51:20.152326,Mansarovar,79.3,18.79,37.27,436.4
2026-09-04 22:51:20.152326,Mansarovar,70.2,14.13,30.29,452.1
2026-09-04 23:51:20.152326,Mansarovar,79.0,18.85,34.83,415.4
2026-09-05 00:51:20.152326,Mansarovar,90.5,24.03,48.57,450.9
2026-09-05 01:51:20.152326,Mansarovar,62.6,16.06,30.75,430.5
2026-09-05 02:51:20.152326,Mansarovar,71.6,16.81,40.03,445.0
2026-09-05 03:51:20.152326,Mansarovar,72.6,13.48,21.28,434.3
2026-09-05 04:51:20.152326,Mansarovar,57.6,13.75,24.02,430.4
2026-09-05 05:51:20.152326,Mansarovar,73.6,17.51,27.77,444.6
2026-09-05 06:51:20.152326,Mansarovar,79.4,17.46,31.09,468.3
2026-09-05 07:51:20.152326,Mansarovar,96.7,24.09,44.36,467.5
2026-09-05 08:51:20.152326,Mansarovar,89.5,24.27,45.31,437.3
2026-09-05 09:51:20.152326,Mansarovar,86.3,18.95,34.05,452.8
2026-09-05 10:51:20.152326,Mansarovar,68.1,16.87,31.99,458.7
2026-09-05 11:51:20.152326,Mansarovar,66.5,16.23,31.15,432.2
2026-09-05 12:51:20.152326,Mansarovar,73.7,20.1,39.33,444.5
2026-09-05 13:51:20.152326,Mansarovar,76.2,16.18,30.88,439.2
2026-09-05 14:51:20.152326,Mansarovar,77.0,17.7,35.82,441.2
2026-09-05 15:51:20.152326,Mansarovar,73.3,19.31,37.63,442.9
2026-09-05 16:51:20.152326,Mansarovar,74.4,17.93,33.08,442.7
2026-09-05 17:51:20.152326,Mansarovar,68.2,16.27,30.99,436.7
2026-09-05 18:51:20.152326,Mansarovar,79.1,18.9,35.94,452.1
2026-09-05 19:51:20.152326,Mansarovar,87.9,21.33,42.12,429.8
2026-09-05 20:51:20.152326,Mansarovar,67.1,13.0,17.19,425.8
2026-09-05 21:51:20.152326,Mansarovar,85.6,22.66,34.91,435.3
2026-09-05 22:51:20.152326,Mansarovar,72.9,20.78,34.4,443.0
2026-09-05 23:51:20.152326,Mansarovar,67.4,16.3,31.81,426.5
2026-09-06 00:51:20.152326,Mansarovar,79.0,21.86,37.44,478.2
2026-09-06 01:51:20.152326,Mansarovar,71.5,18.68,35.44,446.5
2026-09-06 02:51:20.152326,Mansarovar,80.7,17.21,28.8,420.9
2026-09-06 03:51:20.152326,Mansarovar,61.9,10.22,20.04,428.9
2026-09-06 04:51:20.152326,Mansarovar,70.0,17.19,28.67,433.4
2026-09-06 05:51:20.152326,Mansarovar,78.4,23.18,44.68,427.9
2026-09-06 06:51:20.152326,Mansarovar,85.3,23.79,39.3,451.4
2026-09-06 07:51:20.152326,Mansarovar,82.1,22.89,44.22,421.5
2026-09-06 08:51:20.152326,Mansarovar,88.9,18.96,33.61,442.5
2026-09-06 09:51:20.152326,Mansarovar,93.6,20.62,35.48,463.0
2026-09-06 10:51:20.152326,Mansarovar,79.0,18.58,36.87,423.6
2026-09-06 11:51:20.152326,Mansarovar,79.8,17.47,30.64,467.4
2026-09-06 12:51:20.152326,Mansarovar,71.7,20.2,33.24,427.2
2026-09-06 13:51:20.152326,Mansarovar,66.8,18.92,38.56,434.4
2026-09-06 14:51:20.152326,Mansarovar,76.9,17.62,33.13,434.5
2026-09-06 15:51:20.152326,Mansarovar,84.7,24.4,43.99,437.9
2026-09-06 16:51:20.152326,Mansarovar,59.6,14.9,24.98,406.6
2026-09-06 17:51:20.152326,Mansarovar,76.3,15.85,32.51,439.6
2026-09-06 18:51:20.152326,Mansarovar,81.9,17.93,33.05,431.5
2026-09-06 19:51:20.152326,Mansarovar,82.7,16.81,25.35,454.6
2026-09-06 20:51:20.152326,Mansarovar,86.4,19.89,39.32,454.7
2026-09-06 21:51:20.152326,Mansarovar,79.4,21.47,39.48,434.3
2026-09-06 22:51:20.152326,Mansarovar,72.1,15.31,31.19,441.6
2026-09-06 23:51:20.152326,Mansarovar,70.3,18.43,33.17,438.5
2026-09-07 00:51:20.152326,Mansarovar,85.7,20.04,30.09,462.5
2026-09-07 01:51:20.152326,Mansarovar,75.4,17.46,31.61,428.2
2026-09-07 02:51:20.152326,Mansarovar,72.8,19.84,38.11,464.8
2026-09-07 03:51:20.152326,Mansarovar,86.4,23.03,42.9,424.6
2026-09-07 04:51:20.152326,Mansarovar,66.3,14.67,29.84,433.9
2026-09-07 05:51:20.152326,Mansarovar,66.1,15.58,30.01,443.8
2026-09-07 06:51:20.152326,Mansarovar,65.8,13.92,26.06,427.3
2026-09-07 07:51:20.152326,Mansarovar,109.2,28.63,51.67,447.3
2026-09-07 08:51:20.152326,Mansarovar,93.0,22.68,40.96,455.1
2026-09-07 09:51:20.152326,Mansarovar,99.2,23.09,44.27,450.3
2026-09-07 10:51:20.152326,Mansarovar,65.7,14.8,26.84,459.0
2026-09-07 11:51:20.152326,Mansarovar,68.6,16.48,27.45,463.5
2026-09-07 12:51:20.152326,Mansarovar,60.0,16.79,26.31,416.3
2026-09-07 13:51:20.152326,Mansarovar,73.7,14.34,31.03,454.5
2026-09-07 14:51:20.152326,Mansarovar,68.5,17.41,35.38,442.7
2026-09-07 15:51:20.152326,Mansarovar,79.0,17.75,32.07,443.3
2026-09-07 16:51:20.152326,Mansarovar,56.0,15.76,28.58,396.8
2026-09-07 17:51:20.152326,Mansarovar,81.9,22.94,36.91,446.2
2026-09-07 18:51:20.152326,Mansarovar,91.8,24.09,41.57,441.1
2026-09-07 19:51:20.152326,Mansarovar,84.3,21.98,49.33,421.0
2026-09-07 20:51:20.152326,Mansarovar,79.8,19.7,30.19,418.9
2026-09-07 21:51:20.152326,Mansarovar,60.6,14.38,26.52,403.6
2026-09-07 22:51:20.152326,Mansarovar,85.6,16.87,30.49,401.0
2026-09-07 23:51:20.152326,Mansarovar,80.3,21.83,41.22,442.6
2026-09-08 00:51:20.152326,Mansarovar,71.2,19.79,34.8,403.6
2026-09-08 01:51:20.152326,Mansarovar,76.3,17.52,33.29,448.9
2026-09-08 02:51:20.152326,Mansarovar,74.9,16.29,29.1,433.9
2026-09-08 03:51:20.152326,Mansarovar,73.7,17.38,30.23,450.7
2026-09-08 04:51:20.152326,Mansarovar,82.4,21.8,44.57,409.0
2026-09-08 05:51:20.152326,Mansarovar,81.2,22.52,47.1,454.0
2026-09-08 06:51:20.152326,Mansarovar,71.1,18.11,33.07,427.0
2026-09-08 07:51:20.152326,Mansarovar,89.0,21.6,38.28,459.6
2026-09-08 08:51:20.152326,Mansarovar,92.0,20.8,35.04,438.0
2026-09-08 09:51:20.152326,Mansarovar,98.4,23.04,44.01,455.6
2026-09-08 10:51:20.152326,Mansarovar,64.5,15.27,24.2,435.1
2026-09-08 11:51:20.152326,Mansarovar,69.1,14.85,30.74,425.9
2026-09-08 12:51:20.152326,Mansarovar,65.9,14.63,30.19,443.2
2026-09-08 13:51:20.152326,Mansarovar,75.8,19.0,31.63,447.2
2026-09-08 14:51:20.152326,Mansarovar,66.0,14.89,31.62,447.4
2026-09-08 15:51:20.152326,Mansarovar,70.8,19.71,33.78,461.8
2026-09-08 16:51:20.152326,Mansarovar,77.6,20.45,34.86,419.3
2026-09-08 17:51:20.152326,Mansarovar,84.5,18.79,31.61,464.4
2026-09-08 18:51:20.152326,Mansarovar,86.2,20.58,36.98,438.7
2026-09-08 19:51:20.152326,Mansarovar,95.8,24.72,47.52,453.7
2026-09-08 20:51:20.152326,Mansarovar,79.0,18.81,32.31,433.2
2026-09-08 21:51:20.152326,Mansarovar,68.1,13.51,21.43,426.6
2026-09-08 22:51:20.152326,Mansarovar,73.8,17.45,31.95,479.7
2026-09-08 23:51:20.152326,Mansarovar,64.0,17.76,24.71,432.4
2026-09-09 00:51:20.152326,Mansarovar,67.9,16.85,30.49,425.3
2026-09-09 01:51:20.152326,Mansarovar,66.9,14.86,27.78,441.3
2026-09-09 02:51:20.152326,Mansarovar,85.5,20.04,33.5,436.0
2026-09-09 03:51:20.152326,Mansarovar,70.7,20.95,38.1,440.4
2026-09-09 04:51:20.152326,Mansarovar,62.5,12.0,22.91,449.5
2026-09-09 05:51:20.152326,Mansarovar,88.7,20.46,38.83,447.9
2026-09-09 06:51:20.152326,Mansarovar,58.0,10.41,25.13,449.5
2026-09-09 07:51:20.152326,Mansarovar,97.1,24.82,42.14,439.7
2026-09-09 08:51:20.152326,Mansarovar,89.4,20.68,37.79,429.9
2026-09-09 09:51:20.152326,Mansarovar,88.0,22.21,42.23,447.9
2026-09-09 10:51:20.152326,Mansarovar,67.7,18.2,38.69,448.7
2026-09-09 11:51:20.152326,Mansarovar,80.1,17.74,30.15,432.7
2026-09-09 12:51:20.152326,Mansarovar,80.2,19.59,36.81,439.9
2026-09-09 13:51:20.152326,Mansarovar,74.5,18.22,37.28,416.4
2026-09-09 14:51:20.152326,Mansarovar,74.0,20.62,40.32,416.7
2026-09-09 15:51:20.152326,Mansarovar,82.5,15.57,29.01,444.5
2026-09-09 16:51:20.152326,Mansarovar,99.2,24.48,41.19,457.1
2026-09-09 17:51:20.152326,Mansarovar,84.3,17.84,33.26,428.1
2026-09-09 18:51:20.152326,Mansarovar,79.7,18.06,29.79,444.9
2026-09-09 19:51:20.152326,Mansarovar,96.5,23.28,40.8,427.6
2026-09-09 20:51:20.152326,Mansarovar,72.1,17.81,29.66,436.2
2026-09-09 21:51:20.152326,Mansarovar,63.0,14.63,32.01,409.8
2026-09-09 22:51:20.152326,Mansarovar,85.4,24.37,48.93,438.8
2026-09-09 23:51:20.152326,Mansarovar,76.4,20.79,40.94,438.7
2026-09-10 00:51:20.152326,Mansarovar,73.4,19.19,33.0,428.8
2026-09-10 01:51:20.152326,Mansarovar,79.2,16.87,34.66,465.2
2026-09-10 02:51:20.152326,Mansarovar,76.4,18.8,36.2,432.6
2026-09-10 03:51:20.152326,Mansarovar,64.7,16.79,30.37,453.2
2026-09-10 04:51:20.152326,Mansarovar,59.8,13.62,23.15,405.2
2026-09-10 05:51:20.152326,Mansarovar,65.6,12.68,25.45,448.6
2026-09-10 06:51:20.152326,Mansarovar,86.1,21.64,38.51,449.5
2026-09-10 07:51:20.152326,Mansarovar,81.7,17.13,26.5,454.6
2026-09-10 08:51:20.152326,Mansarovar,90.3,23.41,39.5,452.9
2026-09-10 09:51:20.152326,Mansarovar,99.3,25.34,48.96,433.5
2026-09-10 10:51:20.152326,Mansarovar,56.7,17.32,30.96,445.2
2026-09-10 11:51:20.152326,Mansarovar,70.7,13.01,25.21,415.9
2026-09-10 12:51:20.152326,Mansarovar,60.5,14.17,18.67,426.9
2026-09-10 13:51:20.152326,Mansarovar,73.3,18.58,30.8,435.6
2026-09-10 14:51:20.152326,Mansarovar,65.8,16.62,28.92,436.0
2026-09-10 15:51:20.152326,Mansarovar,66.6,18.18,29.59,415.4
2026-09-10 16:51:20.152326,Mansarovar,82.3,20.94,38.73,448.8
2026-09-10 17:51:20.152326,Mansarovar,74.7,16.77,34.28,431.7
2026-09-10 18:51:20.152326,Mansarovar,81.0,16.15,28.56,445.5
2026-09-10 19:51:20.152326,Mansarovar,78.2,17.32,37.21,458.6
2026-09-10 20:51:20.152326,Mansarovar,81.4,20.1,41.29,459.4
2026-09-10 21:51:20.152326,Mansarovar,86.6,23.98,42.46,429.2
2026-09-10 22:51:20.152326,Mansarovar,74.5,21.76,41.02,430.7
2026-09-10 23:51:20.152326,Mansarovar,70.4,16.11,31.27,401.3
2026-09-11 00:51:20.152326,Mansarovar,67.7,16.71,34.43,444.1
2026-09-11 01:51:20.152326,Mansarovar,65.0,14.5,24.81,429.5
2026-09-11 02:51:20.152326,Mansarovar,72.1,14.71,22.98,448.9
2026-09-11 03:51:20.152326,Mansarovar,72.7,21.09,40.8,422.4
2026-09-11 04:51:20.152326,Mansarovar,77.5,20.73,33.82,447.2
2026-09-11 05:51:20.152326,Mansarovar,59.3,15.83,22.4,400.6
2026-09-11 06:51:20.152326,Mansarovar,75.2,16.7,28.09,414.7
2026-09-11 07:51:20.152326,Mansarovar,76.1,22.6,37.64,457.0
2026-09-11 08:51:20.152326,Mansarovar,89.9,22.73,42.89,445.7
2026-09-11 09:51:20.152326,Mansarovar,93.3,24.4,48.7,451.6
2026-09-11 10:51:20.152326,Mansarovar,71.3,16.72,29.18,428.1
2026-09-11 11:51:20.152326,Mansarovar,76.1,18.03,27.4,428.7
2026-09-11 12:51:20.152326,Mansarovar,65.4,12.53,25.19,421.3
2026-09-11 13:51:20.152326,Mansarovar,65.2,15.34,26.63,411.7
2026-09-11 14:51:20.152326,Mansarovar,66.4,16.17,32.72,413.3
2026-09-11 15:51:20.152326,Mansarovar,67.1,15.29,23.54,426.5
2026-09-11 16:51:20.152326,Mansarovar,79.7,18.67,39.79,464.9
2026-09-11 17:51:20.152326,Mansarovar,81.7,21.36,38.17,439.3
2026-09-11 18:51:20.152326,Mansarovar,71.5,16.86,33.15,412.3
2026-09-11 19:51:20.152326,Mansarovar,64.9,16.64,25.78,431.0
2026-09-11 20:51:20.152326,Mansarovar,70.4,15.59,30.65,439.3
2026-09-11 21:51:20.152326,Mansarovar,72.8,19.56,32.11,435.1
2026-09-11 22:51:20.152326,Mansarovar,67.0,16.73,28.49,431.5
2026-09-11 23:51:20.152326,Mansarovar,66.2,18.77,40.99,427.2
2026-09-12 00:51:20.152326,Mansarovar,59.5,11.5,23.03,452.5
2026-09-12 01:51:20.152326,Mansarovar,67.9,15.64,30.47,464.6
2026-09-12 02:51:20.152326,Mansarovar,75.3,17.71,28.72,450.5
2026-09-12 03:51:20.152326,Mansarovar,68.9,17.79,30.39,429.8
2026-09-12 04:51:20.152326,Mansarovar,72.4,18.6,29.28,455.7
2026-09-12 05:51:20.152326,Mansarovar,74.7,16.65,32.98,461.5
2026-09-12 06:51:20.152326,Mansarovar,72.8,17.18,34.22,456.7
2026-09-12 07:51:20.152326,Mansarovar,94.9,24.86,45.9,434.8
2026-09-12 08:51:20.152326,Mansarovar,86.0,20.72,38.07,439.9
2026-09-12 09:51:20.152326,Mansarovar,82.6,22.81,39.68,434.1
2026-09-12 10:51:20.152326,Mansarovar,59.5,13.06,21.55,402.3
2026-09-12 11:51:20.152326,Mansarovar,60.2,13.46,22.03,432.3
2026-09-12 12:51:20.152326,Mansarovar,83.0,21.92,33.93,440.0
2026-09-12 13:51:20.152326,Mansarovar,64.7,16.62,29.12,414.4
2026-09-12 14:51:20.152326,Mansarovar,66.9,18.08,32.83,410.9
2026-09-12 15:51:20.152326,Mansarovar,78.1,15.09,25.47,442.7
2026-09-12 16:51:20.152326,Mansarovar,72.1,14.53,27.09,438.9
2026-09-12 17:51:20.152326,Mansarovar,92.9,23.33,41.14,467.9
2026-09-12 18:51:20.152326,Mansarovar,93.3,20.12,37.21,412.3
2026-09-12 19:51:20.152326,Mansarovar,84.0,20.46,38.09,443.1
2026-09-12 20:51:20.152326,Mansarovar,74.5,18.35,29.73,423.2
2026-09-12 21:51:20.152326,Mansarovar,72.6,19.44,40.11,445.7
2026-09-12 22:51:20.152326,Mansarovar,63.7,20.26,34.79,462.1
2026-09-12 23:51:20.152326,Mansarovar,72.5,15.35,28.7,438.3
2026-09-13 00:51:20.152326,Mansarovar,72.5,16.45,27.86,446.2
2026-09-13 01:51:20.152326,Mansarovar,61.7,15.43,28.52,410.1
2026-09-13 02:51:20.152326,Mansarovar,55.1,14.53,25.79,426.4
2026-09-13 03:51:20.152326,Mansarovar,63.2,14.63,29.43,447.1
2026-09-13 04:51:20.152326,Mansarovar,77.7,18.49,28.72,427.6
2026-09-13 05:51:20.152326,Mansarovar,65.8,16.01,26.47,434.8
2026-09-13 06:51:20.152326,Mansarovar,77.8,17.77,35.85,462.3
2026-09-13 07:51:20.152326,Mansarovar,91.7,19.72,36.4,414.9
2026-09-13 08:51:20.152326,Mansarovar,78.8,15.38,28.39,455.3
2026-09-13 09:51:20.152326,Mansarovar,79.0,17.9,30.18,446.2
2026-09-13 10:51:20.152326,Mansarovar,78.5,16.95,33.05,431.3
2026-09-13 11:51:20.152326,Mansarovar,76.5,17.28,31.73,437.1
2026-09-13 12:51:20.152326,Mansarovar,85.3,19.66,35.54,445.4
2026-09-13 13:51:20.152326,Mansarovar,71.9,19.45,35.7,414.6
2026-09-13 14:51:20.152326,Mansarovar,71.8,21.69,39.91,453.0
2026-09-13 15:51:20.152326,Mansarovar,80.8,21.15,41.63,445.4
2026-09-13 16:51:20.152326,Mansarovar,76.0,19.4,28.33,430.0
2026-09-13 17:51:20.152326,Mansarovar,77.7,15.52,30.0,425.8
2026-09-13 18:51:20.152326,Mansarovar,80.3,19.43,29.47,450.0
2026-09-13 19:51:20.152326,Mansarovar,87.6,18.45,30.78,443.7
2026-09-13 20:51:20.152326,Mansarovar,77.8,17.72,32.19,452.0
2026-09-13 21:51:20.152326,Mansarovar,70.3,16.55,28.72,418.9
2026-09-13 22:51:20.152326,Mansarovar,57.6,15.7,29.99,450.0
2026-09-13 23:51:20.152326,Mansarovar,63.0,13.99,21.76,405.8
2026-09-14 00:51:20.152326,Mansarovar,64.5,14.54,23.08,426.3
2026-09-14 01:51:20.152326,Mansarovar,70.7,15.69,28.63,427.5
2026-09-14 02:51:20.152326,Mansarovar,71.5,19.89,34.43,452.6
2026-09-14 03:51:20.152326,Mansarovar,54.0,10.42,21.19,450.1
2026-09-14 04:51:20.152326,Mansarovar,76.0,18.39,32.19,431.1
2026-09-14 05:51:20.152326,Mansarovar,83.5,22.45,43.14,430.6
2026-09-14 06:51:20.152326,Mansarovar,66.5,15.14,27.62,449.5
2026-09-14 07:51:20.152326,Mansarovar,88.2,20.52,39.84,446.9
2026-09-14 08:51:20.152326,Mansarovar,84.1,21.51,39.21,461.1
2026-09-14 09:51:20.152326,Mansarovar,81.2,23.84,40.0,453.1
2026-09-14 10:51:20.152326,Mansarovar,81.7,20.83,36.84,448.9
2026-09-14 11:51:20.152326,Mansarovar,70.3,18.2,33.97,445.3
2026-09-14 12:51:20.152326,Mansarovar,84.4,19.18,36.15,431.7
2026-09-14 13:51:20.152326,Mansarovar,73.8,17.46,33.38,441.7
2026-09-14 14:51:20.152326,Mansarovar,65.1,17.68,32.29,441.2
2026-09-14 15:51:20.152326,Mansarovar,63.6,13.57,23.89,413.8
2026-09-14 16:51:20.152326,Mansarovar,65.8,17.47,35.45,429.6
2026-09-14 17:51:20.152326,Mansarovar,92.4,23.07,49.31,397.6
2026-09-14 18:51:20.152326,Mansarovar,72.8,17.08,32.98,463.8
2026-09-14 19:51:20.152326,Mansarovar,95.1,25.8,53.6,461.6
2026-09-14 20:51:20.152326,Mansarovar,70.5,15.84,29.58,419.6
2026-09-14 21:51:20.152326,Mansarovar,66.9,21.41,42.27,456.0
2026-09-14 22:51:20.152326,Mansarovar,72.2,16.82,28.62,430.3
2026-09-14 23:51:20.152326,Mansarovar,77.3,18.02,26.13,426.9
2026-09-15 00:51:20.152326,Mansarovar,89.3,23.5,44.54,449.5
2026-09-15 01:51:20.152326,Mansarovar,71.0,16.56,27.25,449.8
2026-09-15 02:51:20.152326,Mansarovar,63.4,16.99,36.41,439.4
2026-09-15 03:51:20.152326,Mansarovar,82.0,15.52,26.5,463.0
2026-09-15 04:51:20.152326,Mansarovar,56.1,12.59,18.27,417.0
2026-09-15 05:51:20.152326,Mansarovar,76.5,18.57,29.17,467.0
2026-09-15 06:51:20.152326,Mansarovar,81.3,23.24,37.95,449.7
2026-09-15 07:51:20.152326,Mansarovar,87.8,23.47,42.73,434.5
2026-09-15 08:51:20.152326,Mansarovar,89.8,23.01,39.15,454.5
2026-09-15 09:51:20.152326,Mansarovar,98.9,22.59,42.01,436.0
2026-09-15 10:51:20.152326,Mansarovar,62.7,12.65,28.0,460.5
2026-09-15 11:51:20.152326,Mansarovar,89.4,21.38,35.13,431.0
2026-09-15 12:51:20.152326,Mansarovar,71.9,15.2,24.13,427.8
2026-09-15 13:51:20.152326,Mansarovar,62.3,15.32,29.46,424.4
2026-09-15 14:51:20.152326,Mansarovar,65.7,15.73,26.84,432.6
2026-09-15 15:51:20.152326,Mansarovar,73.9,17.31,27.8,435.7
2026-09-15 16:51:20.152326,Mansarovar,73.6,19.22,36.85,438.4
2026-09-15 17:51:20.152326,Mansarovar,76.0,19.69,36.16,423.3
2026-09-15 18:51:20.152326,Mansarovar,86.6,18.09,31.44,442.7
2026-09-15 19:51:20.152326,Mansarovar,86.5,20.77,44.54,450.5
2026-09-15 20:51:20.152326,Mansarovar,79.4,20.19,29.0,451.0
2026-09-15 21:51:20.152326,Mansarovar,75.7,17.3,34.34,455.5
2026-09-15 22:51:20.152326,Mansarovar,76.5,17.3,30.15,450.3
2026-09-15 23:51:20.152326,Mansarovar,64.1,11.75,24.86,421.4
2026-09-16 00:51:20.152326,Mansarovar,69.3,18.7,31.48,435.9
2026-09-16 01:51:20.152326,Mansarovar,74.5,18.44,32.2,446.2
2026-09-16 02:51:20.152326,Mansarovar,53.4,13.82,22.49,417.1
2026-09-16 03:51:20.152326,Mansarovar,71.9,16.17,28.24,425.6
2026-09-16 04:51:20.152326,Mansarovar,74.5,14.99,28.36,441.0
2026-09-16 05:51:20.152326,Mansarovar,78.0,17.45,33.61,443.4
2026-09-16 06:51:20.152326,Mansarovar,69.2,14.85,28.76,426.3
2026-09-16 07:51:20.152326,Mansarovar,83.8,21.11,40.8,457.8
2026-09-16 08:51:20.152326,Mansarovar,84.0,18.04,35.37,438.6
2026-09-16 09:51:20.152326,Mansarovar,91.2,20.43,44.1,452.4
2026-09-16 10:51:20.152326,Mansarovar,78.3,22.54,41.73,431.4
2026-09-16 11:51:20.152326,Mansarovar,76.8,22.44,41.16,432.8
2026-09-16 12:51:20.152326,Mansarovar,74.1,15.03,25.96,458.7
2026-09-16 13:51:20.152326,Mansarovar,77.5,17.88,36.69,444.2
2026-09-16 14:51:20.152326,Mansarovar,71.0,19.99,37.11,436.7
2026-09-16 15:51:20.152326,Mansarovar,73.2,18.07,33.14,439.3
2026-09-16 16:51:20.152326,Mansarovar,70.8,17.65,34.25,435.3
2026-09-16 17:51:20.152326,Mansarovar,74.9,22.14,44.32,417.8
2026-09-16 18:51:20.152326,Mansarovar,78.5,17.04,32.84,423.8
2026-09-16 19:51:20.152326,Mansarovar,92.3,22.88,34.52,439.9
2026-09-16 20:51:20.152326,Mansarovar,77.9,22.84,39.06,446.6
2026-09-16 21:51:20.152326,Mansarovar,76.0,21.9,42.15,433.1
2026-09-16 22:51:20.152326,Mansarovar,76.4,18.28,27.92,450.5
2026-09-16 23:51:20.152326,Mansarovar,72.6,18.07,30.3,444.5
2026-09-17 00:51:20.152326,Mansarovar,64.2,13.65,20.42,420.4
2026-09-17 01:51:20.152326,Mansarovar,60.0,12.24,19.83,424.1
2026-09-17 02:51:20.152326,Mansarovar,93.6,20.18,35.36,421.7
2026-09-17 03:51:20.152326,Mansarovar,72.4,19.43,39.47,431.6
2026-09-17 04:51:20.152326,Mansarovar,88.9,24.24,46.22,447.0
2026-09-17 05:51:20.152326,Mansarovar,69.1,18.74,33.84,446.9
2026-09-17 06:51:20.152326,Mansarovar,67.8,18.39,37.47,424.9
2026-09-17 07:51:20.152326,Mansarovar,72.7,17.84,34.47,453.0
2026-09-17 08:51:20.152326,Mansarovar,85.7,17.48,37.14,431.7
2026-09-17 09:51:20.152326,Mansarovar,84.8,20.35,35.24,447.4
2026-09-17 10:51:20.152326,Mansarovar,76.0,18.38,30.92,428.8
2026-09-17 11:51:20.152326,Mansarovar,72.2,15.31,27.23,432.3
2026-09-17 12:51:20.152326,Mansarovar,75.1,20.25,40.12,446.4
2026-09-17 13:51:20.152326,Mansarovar,81.7,20.51,37.71,465.4
2026-09-17 14:51:20.152326,Mansarovar,63.3,13.96,30.53,445.9
2026-09-17 15:51:20.152326,Mansarovar,73.3,17.86,34.19,422.6
2026-09-17 16:51:20.152326,Mansarovar,67.7,18.3,33.92,426.5
2026-09-17 17:51:20.152326,Mansarovar,74.1,19.19,35.92,424.7
2026-09-17 18:51:20.152326,Mansarovar,92.3,20.21,41.32,452.9
2026-09-17 19:51:20.152326,Mansarovar,108.9,26.41,48.04,467.9
2026-09-17 20:51:20.152326,Mansarovar,61.9,11.95,19.07,422.0
2026-09-17 21:51:20.152326,Mansarovar,67.4,11.62,22.6,428.8
2026-09-17 22:51:20.152326,Mansarovar,77.0,20.67,38.87,446.9
2026-09-17 23:51:20.152326,Mansarovar,72.6,17.61,39.25,399.3
2026-09-18 00:51:20.152326,Mansarovar,74.1,14.33,23.67,460.1
2026-09-18 01:51:20.152326,Mansarovar,68.2,16.45,32.06,438.9
2026-09-18 02:51:20.152326,Mansarovar,73.3,18.0,31.79,447.7
2026-09-18 03:51:20.152326,Mansarovar,82.1,18.39,33.29,421.5
2026-09-18 04:51:20.152326,Mansarovar,68.9,19.09,36.36,438.1
2026-09-18 05:51:20.152326,Mansarovar,79.3,16.76,28.86,443.4
2026-09-18 06:51:20.152326,Mansarovar,77.9,20.79,34.19,424.5
2026-09-18 07:51:20.152326,Mansarovar,92.4,20.16,37.16,420.2
2026-09-18 08:51:20.152326,Mansarovar,91.2,20.72,38.75,432.2
2026-09-18 09:51:20.152326,Mansarovar,84.2,17.98,37.77,421.6
2026-09-18 10:51:20.152326,Mansarovar,58.9,12.83,24.48,421.1
2026-09-18 11:51:20.152326,Mansarovar,67.1,15.15,28.56,426.1
2026-09-18 12:51:20.152326,Mansarovar,75.3,20.38,42.66,445.2
2026-09-18 13:51:20.152326,Mansarovar,79.7,18.57,33.3,431.7
2026-09-18 14:51:20.152326,Mansarovar,72.6,16.59,30.43,425.8
2026-09-18 15:51:20.152326,Mansarovar,82.6,18.56,33.64,420.3
2026-09-18 16:51:20.152326,Mansarovar,58.0,14.03,25.16,423.4
2026-09-18 17:51:20.152326,Mansarovar,84.2,19.88,39.71,440.0
2026-09-18 18:51:20.152326,Mansarovar,78.6,21.92,43.31,428.5
2026-09-18 19:51:20.152326,Mansarovar,91.5,22.4,43.14,436.0
2026-09-18 20:51:20.152326,Mansarovar,78.9,20.02,38.19,440.6
2026-09-18 21:51:20.152326,Mansarovar,70.3,17.69,34.86,417.1
2026-09-18 22:51:20.152326,Mansarovar,80.3,19.48,32.65,444.1
2026-09-18 23:51:20.152326,Mansarovar,75.2,15.04,27.89,432.0
2026-09-19 00:51:20.152326,Mansarovar,71.6,18.63,31.38,442.8
2026-09-19 01:51:20.152326,Mansarovar,71.9,17.94,31.24,456.9
2026-09-19 02:51:20.152326,Mansarovar,71.1,17.03,33.93,451.2
2026-09-19 03:51:20.152326,Mansarovar,56.2,11.45,22.9,417.3
2026-09-19 04:51:20.152326,Mansarovar,59.6,12.76,25.74,402.3
2026-09-19 05:51:20.152326,Mansarovar,73.7,15.75,28.27,436.2
2026-09-19 06:51:20.152326,Mansarovar,58.0,16.05,36.04,434.3
2026-09-19 07:51:20.152326,Mansarovar,114.9,26.58,48.2,475.5
2026-09-19 08:51:20.152326,Mansarovar,82.0,19.67,37.56,473.4
2026-09-19 09:51:20.152326,Mansarovar,82.9,19.19,37.11,430.7
2026-09-19 10:51:20.152326,Mansarovar,68.6,16.67,26.24,441.0
2026-09-19 11:51:20.152326,Mansarovar,79.9,18.49,34.81,418.6
2026-09-19 12:51:20.152326,Mansarovar,70.7,15.18,27.79,440.9
2026-09-19 13:51:20.152326,Mansarovar,77.7,17.38,31.42,453.3
2026-09-19 14:51:20.152326,Mansarovar,83.1,17.46,30.94,446.8
2026-09-19 15:51:20.152326,Mansarovar,63.1,15.07,30.54,419.5
2026-09-19 16:51:20.152326,Mansarovar,67.6,15.55,27.65,467.9
2026-09-19 17:51:20.152326,Mansarovar,96.2,25.75,47.83,450.2
2026-09-19 18:51:20.152326,Mansarovar,89.1,23.12,39.0,434.0
2026-09-19 19:51:20.152326,Mansarovar,73.7,12.7,22.61,429.8
2026-09-19 20:51:20.152326,Mansarovar,76.7,19.72,36.7,460.3
2026-09-19 21:51:20.152326,Mansarovar,76.7,22.54,39.69,449.7
2026-09-19 22:51:20.152326,Mansarovar,69.2,16.51,29.98,435.8
2026-09-19 23:51:20.152326,Mansarovar,72.8,19.95,43.25,423.2
2026-09-20 00:51:20.152326,Mansarovar,53.7,13.22,24.74,417.6
2026-09-20 01:51:20.152326,Mansarovar,70.5,16.54,33.66,436.1
2026-09-20 02:51:20.152326,Mansarovar,76.1,19.34,33.01,449.8
2026-09-20 03:51:20.152326,Mansarovar,82.8,22.85,43.29,439.4
2026-09-20 04:51:20.152326,Mansarovar,82.9,18.75,29.9,440.1
2026-09-20 05:51:20.152326,Mansarovar,71.8,16.33,29.82,450.7
2026-09-20 06:51:20.152326,Mansarovar,71.3,16.9,30.45,418.4
2026-09-20 07:51:20.152326,Mansarovar,101.9,25.34,46.88,471.6
2026-09-20 08:51:20.152326,Mansarovar,93.9,21.45,46.28,434.8
2026-09-20 09:51:20.152326,Mansarovar,88.0,22.33,35.67,448.4
2026-09-20 10:51:20.152326,Mansarovar,69.9,21.08,38.38,423.1
2026-09-20 11:51:20.152326,Mansarovar,70.8,14.31,24.62,424.3
2026-09-20 12:51:20.152326,Mansarovar,69.4,16.6,30.4,430.9
2026-09-20 13:51:20.152326,Mansarovar,76.7,18.81,34.39,448.2
2026-09-20 14:51:20.152326,Mansarovar,80.7,18.84,31.81,458.2
2026-09-20 15:51:20.152326,Mansarovar,98.6,24.06,41.41,455.8
2026-09-20 16:51:20.152326,Mansarovar,73.7,17.51,29.43,416.8
2026-09-20 17:51:20.152326,Mansarovar,92.2,22.09,42.63,455.2
2026-09-20 18:51:20.152326,Mansarovar,100.4,26.62,48.54,460.1
2026-09-20 19:51:20.152326,Mansarovar,73.2,16.65,30.19,427.1
2026-09-20 20:51:20.152326,Mansarovar,69.6,19.36,32.4,440.3
2026-09-20 21:51:20.152326,Mansarovar,78.3,18.34,29.82,420.8
2026-09-20 22:51:20.152326,Mansarovar,65.3,17.24,32.73,422.8
2026-09-20 23:51:20.152326,Mansarovar,75.6,22.66,40.0,453.0
2026-09-21 00:51:20.152326,Mansarovar,81.5,20.1,31.6,460.7
2026-09-21 01:51:20.152326,Mansarovar,68.4,17.23,31.12,412.9
2026-09-21 02:51:20.152326,Mansarovar,56.4,10.68,20.54,446.7
2026-09-21 03:51:20.152326,Mansarovar,67.5,17.4,30.04,450.8
2026-09-21 04:51:20.152326,Mansarovar,79.9,17.25,32.33,443.1
2026-09-21 05:51:20.152326,Mansarovar,77.4,18.66,34.79,432.4
2026-09-21 06:51:20.152326,Mansarovar,61.9,14.88,22.96,447.2
2026-09-21 07:51:20.152326,Mansarovar,90.8,25.46,43.62,451.3
2026-09-21 08:51:20.152326,Mansarovar,83.8,20.26,30.76,461.4
2026-09-21 09:51:20.152326,Mansarovar,88.1,18.47,34.16,437.4
2026-09-21 10:51:20.152326,Mansarovar,71.8,14.71,29.03,443.2
2026-09-21 11:51:20.152326,Mansarovar,68.1,19.54,38.35,440.7
2026-09-21 12:51:20.152326,Mansarovar,83.9,20.01,34.42,434.8
2026-09-21 13:51:20.152326,Mansarovar,55.1,15.05,30.56,424.3
2026-09-21 14:51:20.152326,Mansarovar,60.7,15.51,24.29,433.2
2026-09-21 15:51:20.152326,Mansarovar,66.6,15.44,29.34,431.1
2026-09-21 16:51:20.152326,Mansarovar,74.9,18.41,34.15,434.7
2026-09-21 17:51:20.152326,Mansarovar,78.6,17.57,32.27,456.4
2026-09-21 18:51:20.152326,Mansarovar,89.1,20.16,41.59,442.5
2026-09-21 19:51:20.152326,Mansarovar,97.5,22.57,38.68,461.3
2026-09-21 20:51:20.152326,Mansarovar,76.4,20.95,41.54,442.1
2026-09-21 21:51:20.152326,Mansarovar,76.5,18.87,35.09,416.9
2026-09-21 22:51:20.152326,Mansarovar,71.2,15.45,29.98,418.6
2026-09-21 23:51:20.152326,Mansarovar,73.1,17.4,27.31,436.3
2026-09-22 00:51:20.152326,Mansarovar,66.5,15.92,28.26,415.1
2026-09-22 01:51:20.152326,Mansarovar,77.3,17.75,30.66,411.4
2026-09-22 02:51:20.152326,Mansarovar,69.4,15.57,27.47,434.0
2026-09-22 03:51:20.152326,Mansarovar,74.0,16.48,28.7,444.6
2026-09-22 04:51:20.152326,Mansarovar,73.6,18.45,37.2,428.4
2026-09-22 05:51:20.152326,Mansarovar,77.2,20.7,38.22,434.4
2026-09-22 06:51:20.152326,Mansarovar,87.5,16.31,29.79,441.9
2026-09-22 07:51:20.152326,Mansarovar,96.3,22.26,39.64,431.1
2026-09-22 08:51:20.152326,Mansarovar,94.2,24.34,47.49,463.0
2026-09-22 09:51:20.152326,Mansarovar,120.9,31.91,61.35,458.5
2026-09-22 10:51:20.152326,Mansarovar,81.1,21.21,41.83,428.3
2026-09-22 11:51:20.152326,Mansarovar,72.2,16.58,29.94,427.3
2026-09-22 12:51:20.152326,Mansarovar,78.3,21.43,33.7,431.2
2026-09-22 13:51:20.152326,Mansarovar,67.5,19.35,30.28,434.1
2026-09-22 14:51:20.152326,Mansarovar,69.0,16.21,29.38,430.0
2026-09-22 15:51:20.152326,Mansarovar,65.5,13.53,26.65,423.7
2026-09-22 16:51:20.152326,Mansarovar,76.2,19.99,39.23,450.0
2026-09-22 17:51:20.152326,Mansarovar,73.4,19.06,37.89,433.1
2026-09-22 18:51:20.152326,Mansarovar,90.7,17.84,34.73,439.8
2026-09-22 19:51:20.152326,Mansarovar,85.5,21.06,39.59,466.4
2026-09-22 20:51:20.152326,Mansarovar,66.4,17.41,35.16,434.4
2026-09-22 21:51:20.152326,Mansarovar,81.0,24.94,50.61,409.8
2026-09-22 22:51:20.152326,Mansarovar,79.9,21.82,38.53,437.0
2026-09-22 23:51:20.152326,Mansarovar,74.3,21.21,36.3,452.1
2026-09-23 00:51:20.152326,Mansarovar,73.6,16.16,33.96,433.3
2026-09-23 01:51:20.152326,Mansarovar,77.3,12.59,19.84,456.4
2026-09-23 02:51:20.152326,Mansarovar,73.7,18.05,28.35,427.1
2026-09-23 03:51:20.152326,Mansarovar,82.1,19.47,34.79,429.2
2026-09-23 04:51:20.152326,Mansarovar,59.4,14.52,20.92,429.1
2026-09-23 05:51:20.152326,Mansarovar,87.5,24.97,45.81,458.2
2026-09-23 06:51:20.152326,Mansarovar,64.1,17.37,34.92,453.5
2026-09-23 07:51:20.152326,Mansarovar,85.5,23.05,45.22,437.1
2026-09-23 08:51:20.152326,Mansarovar,90.4,23.24,45.02,420.8
2026-09-23 09:51:20.152326,Mansarovar,86.6,17.85,31.99,463.1
2026-09-23 10:51:20.152326,Mansarovar,80.3,18.57,29.92,429.5
2026-09-23 11:51:20.152326,Mansarovar,71.4,18.81,39.2,422.4
2026-09-23 12:51:20.152326,Mansarovar,83.1,21.58,36.97,446.5
2026-09-23 13:51:20.152326,Mansarovar,59.5,15.03,26.56,444.8
2026-09-23 14:51:20.152326,Mansarovar,72.9,16.39,27.58,431.2
2026-09-23 15:51:20.152326,Mansarovar,65.1,16.84,36.28,409.4
2026-09-23 16:51:20.152326,Mansarovar,75.3,15.73,25.71,449.0
2026-09-23 17:51:20.152326,Mansarovar,88.9,23.03,41.18,457.0
2026-09-23 18:51:20.152326,Mansarovar,81.3,17.8,33.12,432.3
2026-09-23 19:51:20.152326,Mansarovar,84.9,23.95,47.95,453.7
2026-09-23 20:51:20.152326,Mansarovar,76.2,19.05,38.86,453.5
2026-09-23 21:51:20.152326,Mansarovar,67.9,16.47,27.78,426.3
2026-09-23 22:51:20.152326,Mansarovar,70.6,18.58,37.83,423.6
2026-09-23 23:51:20.152326,Mansarovar,67.6,13.07,23.99,440.4
2026-09-24 00:51:20.152326,Mansarovar,82.7,20.97,45.89,462.3
2026-09-24 01:51:20.152326,Mansarovar,73.7,13.63,31.03,440.5
2026-09-24 02:51:20.152326,Mansarovar,64.5,16.17,22.26,405.7
2026-09-24 03:51:20.152326,Mansarovar,67.8,17.57,28.94,437.2
2026-09-24 04:51:20.152326,Mansarovar,69.5,17.14,31.06,427.5
2026-09-24 05:51:20.152326,Mansarovar,72.0,14.19,23.13,438.5
2026-09-24 06:51:20.152326,Mansarovar,73.4,17.03,33.45,425.7
2026-09-24 07:51:20.152326,Mansarovar,77.4,17.17,34.45,417.0
2026-09-24 08:51:20.152326,Mansarovar,77.3,21.11,37.22,437.9
2026-09-24 09:51:20.152326,Mansarovar,95.4,23.91,43.58,457.4
2026-09-24 10:51:20.152326,Mansarovar,77.2,25.12,49.2,399.5
2026-09-24 11:51:20.152326,Mansarovar,59.2,14.16,21.72,422.8
2026-09-24 12:51:20.152326,Mansarovar,72.9,17.49,32.27,486.2
2026-09-24 13:51:20.152326,Mansarovar,63.8,16.31,30.09,423.8
2026-09-24 14:51:20.152326,Mansarovar,62.8,14.22,25.52,458.1
2026-09-24 15:51:20.152326,Mansarovar,84.4,20.88,42.98,428.4
2026-09-24 16:51:20.152326,Mansarovar,61.9,14.97,27.81,432.6
2026-09-24 17:51:20.152326,Mansarovar,85.6,23.24,43.84,440.9
2026-09-24 18:51:20.152326,Mansarovar,104.0,26.21,50.21,462.9
2026-09-24 19:51:20.152326,Mansarovar,71.1,16.13,29.45,397.7
2026-09-24 20:51:20.152326,Mansarovar,67.8,17.37,33.92,420.7
2026-09-24 21:51:20.152326,Mansarovar,54.4,12.68,21.94,421.9
2026-06-26 22:51:20.152326,Malviya Nagar,130.2,32.86,56.51,463.7
2026-06-26 23:51:20.152326,Malviya Nagar,145.0,34.81,72.02,445.2
2026-06-27 00:51:20.152326,Malviya Nagar,124.6,33.16,59.4,458.4
2026-06-27 01:51:20.152326,Malviya Nagar,125.5,31.4,57.59,482.4
2026-06-27 02:51:20.152326,Malviya Nagar,136.1,29.65,55.77,481.6
2026-06-27 03:51:20.152326,Malviya Nagar,121.0,31.28,65.56,470.4
2026-06-27 04:51:20.152326,Malviya Nagar,125.9,32.23,63.59,455.2
2026-06-27 05:51:20.152326,Malviya Nagar,143.4,34.91,62.49,456.4
2026-06-27 06:51:20.152326,Malviya Nagar,112.2,27.04,49.14,464.6
2026-06-27 07:51:20.152326,Malviya Nagar,139.4,31.83,58.69,476.4
2026-06-27 08:51:20.152326,Malviya Nagar,151.3,35.47,63.47,473.4
2026-06-27 09:51:20.152326,Malviya Nagar,141.5,34.42,64.53,479.8
2026-06-27 10:51:20.152326,Malviya Nagar,124.2,29.56,57.44,478.5
2026-06-27 11:51:20.152326,Malviya Nagar,140.3,32.5,63.97,478.5
2026-06-27 12:51:20.152326,Malviya Nagar,131.3,29.35,53.05,464.7
2026-06-27 13:51:20.152326,Malviya Nagar,123.6,28.39,52.58,453.9
2026-06-27 14:51:20.152326,Malviya Nagar,137.9,34.21,63.3,479.8
2026-06-27 15:51:20.152326,Malviya Nagar,147.8,34.53,62.59,478.8
2026-06-27 16:51:20.152326,Malviya Nagar,146.5,36.89,68.61,475.7
2026-06-27 17:51:20.152326,Malviya Nagar,134.9,31.87,59.29,486.0
2026-06-27 18:51:20.152326,Malviya Nagar,154.6,37.42,71.2,494.3
2026-06-27 19:51:20.152326,Malviya Nagar,134.8,32.03,57.51,461.7
2026-06-27 20:51:20.152326,Malviya Nagar,140.0,33.98,61.75,437.6
2026-06-27 21:51:20.152326,Malviya Nagar,128.2,32.35,63.78,495.1
2026-06-27 22:51:20.152326,Malviya Nagar,132.7,32.78,56.81,485.2
2026-06-27 23:51:20.152326,Malviya Nagar,133.4,33.51,64.96,447.8
2026-06-28 00:51:20.152326,Malviya Nagar,142.7,34.35,64.6,467.5
2026-06-28 01:51:20.152326,Malviya Nagar,136.3,32.6,57.54,476.3
2026-06-28 02:51:20.152326,Malviya Nagar,123.2,27.88,48.42,461.0
2026-06-28 03:51:20.152326,Malviya Nagar,157.1,40.15,77.3,446.6
2026-06-28 04:51:20.152326,Malviya Nagar,135.7,27.27,46.17,472.3
2026-06-28 05:51:20.152326,Malviya Nagar,121.1,28.91,54.55,450.8
2026-06-28 06:51:20.152326,Malviya Nagar,132.7,31.57,57.97,466.6
2026-06-28 07:51:20.152326,Malviya Nagar,151.0,31.83,56.46,481.3
2026-06-28 08:51:20.152326,Malviya Nagar,150.1,34.73,60.3,488.4
2026-06-28 09:51:20.152326,Malviya Nagar,144.6,35.83,66.34,476.6
2026-06-28 10:51:20.152326,Malviya Nagar,123.0,27.41,51.79,452.2
2026-06-28 11:51:20.152326,Malviya Nagar,127.4,29.89,54.58,464.9
2026-06-28 12:51:20.152326,Malviya Nagar,139.8,32.74,58.59,459.5
2026-06-28 13:51:20.152326,Malviya Nagar,129.8,31.06,51.44,493.3
2026-06-28 14:51:20.152326,Malviya Nagar,130.0,24.94,40.21,452.0
2026-06-28 15:51:20.152326,Malviya Nagar,122.2,29.37,52.25,460.6
2026-06-28 16:51:20.152326,Malviya Nagar,114.1,29.72,54.83,451.8
2026-06-28 17:51:20.152326,Malviya Nagar,144.5,34.13,63.82,473.0
2026-06-28 18:51:20.152326,Malviya Nagar,149.8,31.82,63.23,458.0
2026-06-28 19:51:20.152326,Malviya Nagar,140.9,32.8,62.94,469.5
2026-06-28 20:51:20.152326,Malviya Nagar,133.0,33.44,61.44,472.3
2026-06-28 21:51:20.152326,Malviya Nagar,114.6,26.46,52.22,449.9
2026-06-28 22:51:20.152326,Malviya Nagar,124.1,33.25,61.58,450.6
2026-06-28 23:51:20.152326,Malviya Nagar,135.5,34.52,60.24,460.2
2026-06-29 00:51:20.152326,Malviya Nagar,135.7,35.86,68.35,487.6
2026-06-29 01:51:20.152326,Malviya Nagar,126.8,30.61,56.41,454.0
2026-06-29 02:51:20.152326,Malviya Nagar,116.8,26.48,46.88,444.7
2026-06-29 03:51:20.152326,Malviya Nagar,128.1,35.32,62.33,462.3
2026-06-29 04:51:20.152326,Malviya Nagar,154.9,37.53,71.28,459.7
2026-06-29 05:51:20.152326,Malviya Nagar,129.5,32.24,54.56,457.8
2026-06-29 06:51:20.152326,Malviya Nagar,134.7,32.6,63.23,468.8
2026-06-29 07:51:20.152326,Malviya Nagar,134.7,34.22,63.68,465.5
2026-06-29 08:51:20.152326,Malviya Nagar,126.8,32.65,58.87,464.6
2026-06-29 09:51:20.152326,Malviya Nagar,146.8,38.09,68.56,489.1
2026-06-29 10:51:20.152326,Malviya Nagar,137.5,26.79,46.8,454.5
2026-06-29 11:51:20.152326,Malviya Nagar,126.2,29.8,54.13,461.8
2026-06-29 12:51:20.152326,Malviya Nagar,124.0,29.23,49.19,487.9
2026-06-29 13:51:20.152326,Malviya Nagar,126.0,28.74,42.66,469.1
2026-06-29 14:51:20.152326,Malviya Nagar,125.7,30.27,54.19,454.4
2026-06-29 15:51:20.152326,Malviya Nagar,140.8,35.35,70.89,460.9
2026-06-29 16:51:20.152326,Malviya Nagar,127.2,28.47,53.7,446.3
2026-06-29 17:51:20.152326,Malviya Nagar,149.8,34.63,62.26,455.3
2026-06-29 18:51:20.152326,Malviya Nagar,140.4,30.18,59.1,482.6
2026-06-29 19:51:20.152326,Malviya Nagar,154.7,38.0,68.78,454.3
2026-06-29 20:51:20.152326,Malviya Nagar,149.1,37.01,74.48,480.4
2026-06-29 21:51:20.152326,Malviya Nagar,139.4,31.47,62.27,448.7
2026-06-29 22:51:20.152326,Malviya Nagar,130.7,30.46,59.31,470.2
2026-06-29 23:51:20.152326,Malviya Nagar,135.9,30.59,54.65,448.1
2026-06-30 00:51:20.152326,Malviya Nagar,140.6,34.26,65.14,482.2
2026-06-30 01:51:20.152326,Malviya Nagar,130.0,32.77,61.89,466.5
2026-06-30 02:51:20.152326,Malviya Nagar,138.9,31.66,59.27,464.2
2026-06-30 03:51:20.152326,Malviya Nagar,119.5,27.47,51.14,439.9
2026-06-30 04:51:20.152326,Malviya Nagar,123.8,29.67,56.08,461.7
2026-06-30 05:51:20.152326,Malviya Nagar,120.4,28.79,51.48,438.3
2026-06-30 06:51:20.152326,Malviya Nagar,126.4,30.71,61.55,479.0
2026-06-30 07:51:20.152326,Malviya Nagar,153.3,37.52,68.84,506.9
2026-06-30 08:51:20.152326,Malviya Nagar,130.7,31.44,57.89,475.2
2026-06-30 09:51:20.152326,Malviya Nagar,162.8,39.85,75.64,476.8
2026-06-30 10:51:20.152326,Malviya Nagar,134.1,32.48,58.83,486.1
2026-06-30 11:51:20.152326,Malviya Nagar,121.4,26.6,50.88,453.1
2026-06-30 12:51:20.152326,Malviya Nagar,135.0,29.97,52.19,486.4
2026-06-30 13:51:20.152326,Malviya Nagar,137.1,30.27,58.89,450.0
2026-06-30 14:51:20.152326,Malviya Nagar,122.6,33.13,63.67,448.6
2026-06-30 15:51:20.152326,Malviya Nagar,113.0,28.15,46.95,462.4
2026-06-30 16:51:20.152326,Malviya Nagar,121.0,25.86,46.33,468.4
2026-06-30 17:51:20.152326,Malviya Nagar,146.4,31.8,57.62,492.0
2026-06-30 18:51:20.152326,Malviya Nagar,139.9,31.36,55.48,463.5
2026-06-30 19:51:20.152326,Malviya Nagar,137.6,35.94,69.28,447.4
2026-06-30 20:51:20.152326,Malviya Nagar,145.0,31.93,56.3,497.1
2026-06-30 21:51:20.152326,Malviya Nagar,128.6,31.03,57.97,442.5
2026-06-30 22:51:20.152326,Malviya Nagar,131.1,33.81,64.76,455.6
2026-06-30 23:51:20.152326,Malviya Nagar,134.6,34.38,65.24,462.2
2026-07-01 00:51:20.152326,Malviya Nagar,122.5,32.13,57.23,483.7
2026-07-01 01:51:20.152326,Malviya Nagar,139.2,36.84,72.33,463.3
2026-07-01 02:51:20.152326,Malviya Nagar,140.4,34.61,61.24,476.8
2026-07-01 03:51:20.152326,Malviya Nagar,135.2,28.18,54.97,473.7
2026-07-01 04:51:20.152326,Malviya Nagar,128.9,35.32,69.83,468.9
2026-07-01 05:51:20.152326,Malviya Nagar,121.3,27.99,50.19,458.3
2026-07-01 06:51:20.152326,Malviya Nagar,149.1,35.82,69.25,472.1
2026-07-01 07:51:20.152326,Malviya Nagar,139.2,32.29,56.71,454.1
2026-07-01 08:51:20.152326,Malviya Nagar,151.7,34.01,64.51,483.9
2026-07-01 09:51:20.152326,Malviya Nagar,140.2,36.36,69.19,467.4
2026-07-01 10:51:20.152326,Malviya Nagar,143.5,32.68,63.16,432.7
2026-07-01 11:51:20.152326,Malviya Nagar,128.8,29.11,53.32,482.3
2026-07-01 12:51:20.152326,Malviya Nagar,131.2,30.61,59.3,443.1
2026-07-01 13:51:20.152326,Malviya Nagar,124.5,27.17,48.76,463.7
2026-07-01 14:51:20.152326,Malviya Nagar,136.5,32.21,53.23,481.5
2026-07-01 15:51:20.152326,Malviya Nagar,134.9,35.62,64.53,479.3
2026-07-01 16:51:20.152326,Malviya Nagar,131.4,33.33,64.09,450.4
2026-07-01 17:51:20.152326,Malviya Nagar,150.7,38.95,71.42,483.8
2026-07-01 18:51:20.152326,Malviya Nagar,142.4,33.2,56.49,460.9
2026-07-01 19:51:20.152326,Malviya Nagar,151.6,31.85,56.02,470.7
2026-07-01 20:51:20.152326,Malviya Nagar,146.6,39.35,75.01,482.3
2026-07-01 21:51:20.152326,Malviya Nagar,128.7,31.96,62.41,451.6
2026-07-01 22:51:20.152326,Malviya Nagar,117.0,31.07,55.46,469.4
2026-07-01 23:51:20.152326,Malviya Nagar,121.1,25.77,53.1,447.3
2026-07-02 00:51:20.152326,Malviya Nagar,132.2,32.01,57.36,467.7
2026-07-02 01:51:20.152326,Malviya Nagar,132.1,30.2,55.3,477.3
2026-07-02 02:51:20.152326,Malviya Nagar,132.6,30.3,57.51,457.8
2026-07-02 03:51:20.152326,Malviya Nagar,130.3,30.62,54.88,450.0
2026-07-02 04:51:20.152326,Malviya Nagar,140.0,30.39,53.35,477.0
2026-07-02 05:51:20.152326,Malviya Nagar,129.9,34.54,66.98,491.9
2026-07-02 06:51:20.152326,Malviya Nagar,130.2,32.53,61.11,464.3
2026-07-02 07:51:20.152326,Malviya Nagar,156.6,38.33,68.46,500.4
2026-07-02 08:51:20.152326,Malviya Nagar,139.9,30.55,54.5,485.2
2026-07-02 09:51:20.152326,Malviya Nagar,149.3,37.98,74.92,466.7
2026-07-02 10:51:20.152326,Malviya Nagar,123.2,29.8,53.8,480.9
2026-07-02 11:51:20.152326,Malviya Nagar,131.9,33.85,61.49,465.4
2026-07-02 12:51:20.152326,Malviya Nagar,130.8,27.45,51.05,460.9
2026-07-02 13:51:20.152326,Malviya Nagar,128.6,29.73,56.12,477.6
2026-07-02 14:51:20.152326,Malviya Nagar,126.5,30.06,61.29,473.8
2026-07-02 15:51:20.152326,Malviya Nagar,121.5,27.84,46.99,457.9
2026-07-02 16:51:20.152326,Malviya Nagar,132.7,35.73,64.11,462.8
2026-07-02 17:51:20.152326,Malviya Nagar,140.1,36.27,67.75,464.3
2026-07-02 18:51:20.152326,Malviya Nagar,142.8,34.52,64.67,464.2
2026-07-02 19:51:20.152326,Malviya Nagar,144.0,33.57,61.16,481.1
2026-07-02 20:51:20.152326,Malviya Nagar,133.5,34.47,57.42,459.1
2026-07-02 21:51:20.152326,Malviya Nagar,135.0,26.06,49.59,493.9
2026-07-02 22:51:20.152326,Malviya Nagar,134.9,33.47,57.3,462.5
2026-07-02 23:51:20.152326,Malviya Nagar,138.4,32.22,60.95,453.7
2026-07-03 00:51:20.152326,Malviya Nagar,130.3,30.77,56.17,464.4
2026-07-03 01:51:20.152326,Malviya Nagar,136.0,34.16,62.22,445.0
2026-07-03 02:51:20.152326,Malviya Nagar,141.4,36.06,66.04,478.1
2026-07-03 03:51:20.152326,Malviya Nagar,126.6,30.39,56.86,459.6
2026-07-03 04:51:20.152326,Malviya Nagar,127.7,28.95,50.92,456.1
2026-07-03 05:51:20.152326,Malviya Nagar,134.4,31.37,57.38,464.7
2026-07-03 06:51:20.152326,Malviya Nagar,131.3,30.23,59.34,480.8
2026-07-03 07:51:20.152326,Malviya Nagar,143.0,33.18,55.43,482.5
2026-07-03 08:51:20.152326,Malviya Nagar,146.9,35.31,64.86,482.0
2026-07-03 09:51:20.152326,Malviya Nagar,138.5,30.54,56.34,473.1
2026-07-03 10:51:20.152326,Malviya Nagar,132.2,33.62,58.82,463.9
2026-07-03 11:51:20.152326,Malviya Nagar,139.5,30.36,51.67,459.4
2026-07-03 12:51:20.152326,Malviya Nagar,107.1,24.97,44.67,456.2
2026-07-03 13:51:20.152326,Malviya Nagar,133.3,30.21,60.8,483.6
2026-07-03 14:51:20.152326,Malviya Nagar,118.2,30.02,58.82,470.3
2026-07-03 15:51:20.152326,Malviya Nagar,128.4,31.03,60.48,452.8
2026-07-03 16:51:20.152326,Malviya Nagar,126.9,28.05,55.7,460.0
2026-07-03 17:51:20.152326,Malviya Nagar,148.6,38.23,69.94,471.2
2026-07-03 18:51:20.152326,Malviya Nagar,140.1,33.37,59.22,473.0
2026-07-03 19:51:20.152326,Malviya Nagar,140.4,32.34,59.73,458.3
2026-07-03 20:51:20.152326,Malviya Nagar,130.9,32.44,55.86,475.4
2026-07-03 21:51:20.152326,Malviya Nagar,134.0,30.58,62.45,463.2
2026-07-03 22:51:20.152326,Malviya Nagar,120.8,28.34,52.02,458.4
2026-07-03 23:51:20.152326,Malviya Nagar,130.7,32.14,61.21,467.7
2026-07-04 00:51:20.152326,Malviya Nagar,126.6,27.12,46.87,500.0
2026-07-04 01:51:20.152326,Malviya Nagar,131.0,32.3,56.07,453.1
2026-07-04 02:51:20.152326,Malviya Nagar,116.7,30.37,55.9,463.1
2026-07-04 03:51:20.152326,Malviya Nagar,114.0,27.92,51.84,463.9
2026-07-04 04:51:20.152326,Malviya Nagar,125.0,31.4,60.0,467.3
2026-07-04 05:51:20.152326,Malviya Nagar,134.1,36.64,69.9,451.7
2026-07-04 06:51:20.152326,Malviya Nagar,119.6,29.74,56.52,424.2
2026-07-04 07:51:20.152326,Malviya Nagar,146.4,35.58,67.01,460.7
2026-07-04 08:51:20.152326,Malviya Nagar,161.8,43.35,82.23,488.0
2026-07-04 09:51:20.152326,Malviya Nagar,145.8,33.95,58.47,474.7
2026-07-04 10:51:20.152326,Malviya Nagar,116.5,29.27,53.42,457.0
2026-07-04 11:51:20.152326,Malviya Nagar,133.2,33.08,63.9,457.0
2026-07-04 12:51:20.152326,Malviya Nagar,115.4,29.09,57.86,474.5
2026-07-04 13:51:20.152326,Malviya Nagar,138.7,32.47,55.24,452.4
2026-07-04 14:51:20.152326,Malviya Nagar,133.4,30.75,57.24,478.6
2026-07-04 15:51:20.152326,Malviya Nagar,129.6,32.5,54.99,462.0
2026-07-04 16:51:20.152326,Malviya Nagar,121.3,30.87,58.6,463.5
2026-07-04 17:51:20.152326,Malviya Nagar,143.2,32.04,64.63,493.2
2026-07-04 18:51:20.152326,Malviya Nagar,149.3,39.48,76.01,460.1
2026-07-04 19:51:20.152326,Malviya Nagar,144.8,37.23,64.94,470.3
2026-07-04 20:51:20.152326,Malviya Nagar,115.6,25.86,42.82,468.6
2026-07-04 21:51:20.152326,Malviya Nagar,147.4,37.01,67.33,492.7
2026-07-04 22:51:20.152326,Malviya Nagar,141.5,34.23,62.38,471.1
2026-07-04 23:51:20.152326,Malviya Nagar,122.3,31.46,60.47,453.8
2026-07-05 00:51:20.152326,Malviya Nagar,136.4,34.32,67.81,458.0
2026-07-05 01:51:20.152326,Malviya Nagar,125.2,30.35,53.94,458.8
2026-07-05 02:51:20.152326,Malviya Nagar,134.0,33.62,60.9,456.2
2026-07-05 03:51:20.152326,Malviya Nagar,141.0,33.81,57.35,450.9
2026-07-05 04:51:20.152326,Malviya Nagar,130.6,30.4,56.48,471.6
2026-07-05 05:51:20.152326,Malviya Nagar,124.6,29.88,57.02,468.2
2026-07-05 06:51:20.152326,Malviya Nagar,124.8,28.92,49.34,466.0
2026-07-05 07:51:20.152326,Malviya Nagar,138.7,33.9,66.61,454.9
2026-07-05 08:51:20.152326,Malviya Nagar,143.5,34.24,67.21,457.3
2026-07-05 09:51:20.152326,Malviya Nagar,145.4,36.26,59.4,427.1
2026-07-05 10:51:20.152326,Malviya Nagar,134.5,34.02,67.11,477.5
2026-07-05 11:51:20.152326,Malviya Nagar,140.9,34.03,59.68,433.6
2026-07-05 12:51:20.152326,Malviya Nagar,131.4,30.54,56.17,476.1
2026-07-05 13:51:20.152326,Malviya Nagar,129.6,31.13,54.06,482.8
2026-07-05 14:51:20.152326,Malviya Nagar,132.2,28.49,58.76,454.8
2026-07-05 15:51:20.152326,Malviya Nagar,127.5,28.01,55.22,475.6
2026-07-05 16:51:20.152326,Malviya Nagar,124.5,30.02,54.62,458.5
2026-07-05 17:51:20.152326,Malviya Nagar,155.8,38.63,75.5,484.7
2026-07-05 18:51:20.152326,Malviya Nagar,130.0,31.75,55.98,481.2
2026-07-05 19:51:20.152326,Malviya Nagar,150.9,36.16,64.87,476.9
2026-07-05 20:51:20.152326,Malviya Nagar,130.2,33.05,60.11,453.2
2026-07-05 21:51:20.152326,Malviya Nagar,124.2,31.47,62.04,491.8
2026-07-05 22:51:20.152326,Malviya Nagar,122.0,28.0,44.36,460.6
2026-07-05 23:51:20.152326,Malviya Nagar,133.2,30.7,51.4,477.2
2026-07-06 00:51:20.152326,Malviya Nagar,142.4,36.43,65.83,474.7
2026-07-06 01:51:20.152326,Malviya Nagar,120.2,29.25,53.11,459.7
2026-07-06 02:51:20.152326,Malviya Nagar,134.1,31.44,54.96,462.5
2026-07-06 03:51:20.152326,Malviya Nagar,141.2,33.47,66.46,498.4
2026-07-06 04:51:20.152326,Malviya Nagar,138.4,31.21,56.39,465.0
2026-07-06 05:51:20.152326,Malviya Nagar,127.4,31.57,59.64,447.4
2026-07-06 06:51:20.152326,Malviya Nagar,126.6,29.14,50.07,466.6
2026-07-06 07:51:20.152326,Malviya Nagar,138.2,30.2,60.81,450.7
2026-07-06 08:51:20.152326,Malviya Nagar,144.8,32.08,59.14,473.4
2026-07-06 09:51:20.152326,Malviya Nagar,146.7,36.35,66.06,480.5
2026-07-06 10:51:20.152326,Malviya Nagar,124.9,30.93,60.73,480.7
2026-07-06 11:51:20.152326,Malviya Nagar,131.6,29.64,51.16,487.3
2026-07-06 12:51:20.152326,Malviya Nagar,131.7,34.91,60.85,494.3
2026-07-06 13:51:20.152326,Malviya Nagar,121.9,30.13,53.83,445.0
2026-07-06 14:51:20.152326,Malviya Nagar,142.0,35.43,64.85,474.3
2026-07-06 15:51:20.152326,Malviya Nagar,124.6,28.69,51.47,456.1
2026-07-06 16:51:20.152326,Malviya Nagar,139.9,36.76,70.07,476.4
2026-07-06 17:51:20.152326,Malviya Nagar,130.1,30.07,51.29,475.7
2026-07-06 18:51:20.152326,Malviya Nagar,131.3,29.53,56.71,449.7
2026-07-06 19:51:20.152326,Malviya Nagar,157.9,35.79,65.88,455.9
2026-07-06 20:51:20.152326,Malviya Nagar,141.9,35.73,65.9,456.5
2026-07-06 21:51:20.152326,Malviya Nagar,126.1,29.55,51.33,452.0
2026-07-06 22:51:20.152326,Malviya Nagar,129.4,31.91,52.98,483.3
2026-07-06 23:51:20.152326,Malviya Nagar,124.9,32.74,58.86,471.8
2026-07-07 00:51:20.152326,Malviya Nagar,137.0,29.67,48.11,474.5
2026-07-07 01:51:20.152326,Malviya Nagar,126.6,32.25,60.71,465.3
2026-07-07 02:51:20.152326,Malviya Nagar,138.3,34.55,62.1,481.0
2026-07-07 03:51:20.152326,Malviya Nagar,135.5,32.61,60.78,455.5
2026-07-07 04:51:20.152326,Malviya Nagar,140.9,35.46,66.54,463.2
2026-07-07 05:51:20.152326,Malviya Nagar,135.8,32.53,63.38,459.5
2026-07-07 06:51:20.152326,Malviya Nagar,122.4,29.24,57.12,463.8
2026-07-07 07:51:20.152326,Malviya Nagar,159.5,39.13,73.03,469.5
2026-07-07 08:51:20.152326,Malviya Nagar,142.8,33.17,60.27,496.1
2026-07-07 09:51:20.152326,Malviya Nagar,166.5,38.7,70.34,507.6
2026-07-07 10:51:20.152326,Malviya Nagar,145.0,33.93,58.46,466.9
2026-07-07 11:51:20.152326,Malviya Nagar,137.1,30.32,56.35,436.7
2026-07-07 12:51:20.152326,Malviya Nagar,122.3,27.97,51.27,471.6
2026-07-07 13:51:20.152326,Malviya Nagar,123.3,32.76,59.88,447.4
2026-07-07 14:51:20.152326,Malviya Nagar,129.7,33.17,59.43,471.3
2026-07-07 15:51:20.152326,Malviya Nagar,121.8,31.17,58.28,452.8
2026-07-07 16:51:20.152326,Malviya Nagar,137.4,31.66,56.76,462.3
2026-07-07 17:51:20.152326,Malviya Nagar,143.0,35.39,61.59,445.1
2026-07-07 18:51:20.152326,Malviya Nagar,129.4,33.0,61.56,470.6
2026-07-07 19:51:20.152326,Malviya Nagar,149.4,35.67,66.08,453.7
2026-07-07 20:51:20.152326,Malviya Nagar,118.1,30.62,63.8,469.9
2026-07-07 21:51:20.152326,Malviya Nagar,141.9,33.33,63.14,483.8
2026-07-07 22:51:20.152326,Malviya Nagar,128.6,29.76,54.48,484.0
2026-07-07 23:51:20.152326,Malviya Nagar,126.7,29.2,50.83,456.1
2026-07-08 00:51:20.152326,Malviya Nagar,107.7,25.06,50.17,439.0
2026-07-08 01:51:20.152326,Malviya Nagar,142.9,35.56,65.05,492.3
2026-07-08 02:51:20.152326,Malviya Nagar,131.1,31.81,59.76,449.1
2026-07-08 03:51:20.152326,Malviya Nagar,130.0,30.46,59.51,425.9
2026-07-08 04:51:20.152326,Malviya Nagar,131.5,30.21,58.54,462.3
2026-07-08 05:51:20.152326,Malviya Nagar,123.3,32.72,58.55,467.9
2026-07-08 06:51:20.152326,Malviya Nagar,132.3,28.54,51.83,461.0
2026-07-08 07:51:20.152326,Malviya Nagar,150.4,37.39,71.09,467.6
2026-07-08 08:51:20.152326,Malviya Nagar,156.2,39.13,72.64,494.0
2026-07-08 09:51:20.152326,Malviya Nagar,146.1,36.3,63.69,465.1
2026-07-08 10:51:20.152326,Malviya Nagar,127.6,28.65,57.11,452.8
2026-07-08 11:51:20.152326,Malviya Nagar,129.2,29.76,59.28,466.5
2026-07-08 12:51:20.152326,Malviya Nagar,145.7,37.24,69.91,474.1
2026-07-08 13:51:20.152326,Malviya Nagar,135.0,34.77,63.49,503.0
2026-07-08 14:51:20.152326,Malviya Nagar,144.8,33.27,63.01,504.2
2026-07-08 15:51:20.152326,Malviya Nagar,132.2,36.87,67.41,486.3
2026-07-08 16:51:20.152326,Malviya Nagar,122.6,26.02,48.94,458.2
2026-07-08 17:51:20.152326,Malviya Nagar,152.2,41.13,76.35,483.9
2026-07-08 18:51:20.152326,Malviya Nagar,155.5,37.86,69.76,465.2
2026-07-08 19:51:20.152326,Malviya Nagar,149.8,36.6,66.14,485.4
2026-07-08 20:51:20.152326,Malviya Nagar,137.6,31.71,55.95,450.6
2026-07-08 21:51:20.152326,Malviya Nagar,109.1,26.47,47.02,469.8
2026-07-08 22:51:20.152326,Malviya Nagar,124.3,34.02,66.04,450.2
2026-07-08 23:51:20.152326,Malviya Nagar,139.1,37.13,68.15,484.9
2026-07-09 00:51:20.152326,Malviya Nagar,129.9,30.71,58.87,470.5
2026-07-09 01:51:20.152326,Malviya Nagar,123.4,31.1,56.56,464.7
2026-07-09 02:51:20.152326,Malviya Nagar,128.6,30.69,56.92,456.8
2026-07-09 03:51:20.152326,Malviya Nagar,119.1,26.83,47.03,449.1
2026-07-09 04:51:20.152326,Malviya Nagar,123.3,28.1,48.43,471.5
2026-07-09 05:51:20.152326,Malviya Nagar,131.2,32.77,59.82,468.0
2026-07-09 06:51:20.152326,Malviya Nagar,129.7,31.62,65.63,460.2
2026-07-09 07:51:20.152326,Malviya Nagar,144.3,33.48,60.6,503.5
2026-07-09 08:51:20.152326,Malviya Nagar,153.4,40.31,75.68,453.9
2026-07-09 09:51:20.152326,Malviya Nagar,133.2,30.89,59.98,468.5
2026-07-09 10:51:20.152326,Malviya Nagar,138.7,32.59,57.37,475.4
2026-07-09 11:51:20.152326,Malviya Nagar,107.5,22.5,45.38,449.7
2026-07-09 12:51:20.152326,Malviya Nagar,117.7,28.15,49.53,435.1
2026-07-09 13:51:20.152326,Malviya Nagar,119.8,31.92,58.03,442.5
2026-07-09 14:51:20.152326,Malviya Nagar,118.8,23.58,41.07,464.3
2026-07-09 15:51:20.152326,Malviya Nagar,152.3,39.61,72.27,442.3
2026-07-09 16:51:20.152326,Malviya Nagar,132.9,34.71,61.06,447.2
2026-07-09 17:51:20.152326,Malviya Nagar,150.5,36.47,71.27,483.0
2026-07-09 18:51:20.152326,Malviya Nagar,145.5,34.83,63.69,475.3
2026-07-09 19:51:20.152326,Malviya Nagar,145.9,34.7,61.93,467.5
2026-07-09 20:51:20.152326,Malviya Nagar,131.6,25.58,50.26,478.1
2026-07-09 21:51:20.152326,Malviya Nagar,139.7,34.99,59.97,488.2
2026-07-09 22:51:20.152326,Malviya Nagar,143.3,33.71,60.31,457.9
2026-07-09 23:51:20.152326,Malviya Nagar,141.8,34.18,60.27,482.9
2026-07-10 00:51:20.152326,Malviya Nagar,115.2,29.52,56.04,483.6
2026-07-10 01:51:20.152326,Malviya Nagar,137.7,30.62,54.04,454.6
2026-07-10 02:51:20.152326,Malviya Nagar,123.9,34.85,67.66,466.6
2026-07-10 03:51:20.152326,Malviya Nagar,139.7,31.57,62.56,487.6
2026-07-10 04:51:20.152326,Malviya Nagar,119.4,30.64,58.34,485.0
2026-07-10 05:51:20.152326,Malviya Nagar,129.6,33.25,63.43,485.0
2026-07-10 06:51:20.152326,Malviya Nagar,126.6,26.86,45.08,445.3
2026-07-10 07:51:20.152326,Malviya Nagar,149.5,35.94,66.28,475.1
2026-07-10 08:51:20.152326,Malviya Nagar,139.7,32.28,55.56,452.0
2026-07-10 09:51:20.152326,Malviya Nagar,141.7,30.07,58.45,434.4
2026-07-10 10:51:20.152326,Malviya Nagar,131.7,34.11,65.29,472.2
2026-07-10 11:51:20.152326,Malviya Nagar,132.5,27.3,48.66,456.1
2026-07-10 12:51:20.152326,Malviya Nagar,123.8,31.26,59.21,469.0
2026-07-10 13:51:20.152326,Malviya Nagar,139.2,33.98,59.48,465.1
2026-07-10 14:51:20.152326,Malviya Nagar,135.1,32.41,63.44,453.3
2026-07-10 15:51:20.152326,Malviya Nagar,132.8,30.0,55.6,455.5
2026-07-10 16:51:20.152326,Malviya Nagar,133.1,33.08,65.1,456.2
2026-07-10 17:51:20.152326,Malviya Nagar,149.2,31.84,59.57,473.2
2026-07-10 18:51:20.152326,Malviya Nagar,141.2,35.39,67.42,487.4
2026-07-10 19:51:20.152326,Malviya Nagar,141.7,36.45,70.62,482.0
2026-07-10 20:51:20.152326,Malviya Nagar,134.9,33.42,60.39,496.5
2026-07-10 21:51:20.152326,Malviya Nagar,119.6,29.31,54.3,435.9
2026-07-10 22:51:20.152326,Malviya Nagar,116.8,26.69,52.45,462.9
2026-07-10 23:51:20.152326,Malviya Nagar,139.5,33.45,59.59,472.4
2026-07-11 00:51:20.152326,Malviya Nagar,123.5,29.19,55.61,459.6
2026-07-11 01:51:20.152326,Malviya Nagar,129.2,30.52,56.08,471.0
2026-07-11 02:51:20.152326,Malviya Nagar,122.6,30.5,53.48,467.7
2026-07-11 03:51:20.152326,Malviya Nagar,125.3,30.8,59.15,462.8
2026-07-11 04:51:20.152326,Malviya Nagar,125.6,33.49,63.11,469.9
2026-07-11 05:51:20.152326,Malviya Nagar,115.2,26.4,46.31,471.3
2026-07-11 06:51:20.152326,Malviya Nagar,124.3,28.51,52.09,462.3
2026-07-11 07:51:20.152326,Malviya Nagar,139.7,36.07,70.63,438.6
2026-07-11 08:51:20.152326,Malviya Nagar,141.3,30.69,62.64,455.4
2026-07-11 09:51:20.152326,Malviya Nagar,158.0,38.3,67.01,488.4
2026-07-11 10:51:20.152326,Malviya Nagar,137.0,35.08,67.55,476.7
2026-07-11 11:51:20.152326,Malviya Nagar,136.1,27.82,50.05,466.1
2026-07-11 12:51:20.152326,Malviya Nagar,129.3,31.26,60.68,480.1
2026-07-11 13:51:20.152326,Malviya Nagar,132.3,34.54,58.64,442.3
2026-07-11 14:51:20.152326,Malviya Nagar,135.3,30.38,49.68,495.6
2026-07-11 15:51:20.152326,Malviya Nagar,129.6,29.72,51.78,466.5
2026-07-11 16:51:20.152326,Malviya Nagar,134.3,29.19,52.46,445.8
2026-07-11 17:51:20.152326,Malviya Nagar,151.3,36.54,68.44,472.4
2026-07-11 18:51:20.152326,Malviya Nagar,142.2,32.72,60.84,473.8
2026-07-11 19:51:20.152326,Malviya Nagar,141.9,34.2,60.26,480.4
2026-07-11 20:51:20.152326,Malviya Nagar,135.4,32.88,64.02,483.2
2026-07-11 21:51:20.152326,Malviya Nagar,136.6,33.88,64.89,455.7
2026-07-11 22:51:20.152326,Malviya Nagar,127.4,29.25,54.88,462.1
2026-07-11 23:51:20.152326,Malviya Nagar,143.1,36.76,68.3,466.8
2026-07-12 00:51:20.152326,Malviya Nagar,127.1,28.86,51.8,478.6
2026-07-12 01:51:20.152326,Malviya Nagar,128.8,30.26,56.57,446.1
2026-07-12 02:51:20.152326,Malviya Nagar,128.4,32.22,59.68,457.4
2026-07-12 03:51:20.152326,Malviya Nagar,119.0,32.43,62.95,451.4
2026-07-12 04:51:20.152326,Malviya Nagar,132.2,32.55,59.73,482.2
2026-07-12 05:51:20.152326,Malviya Nagar,124.0,26.82,46.22,476.8
2026-07-12 06:51:20.152326,Malviya Nagar,116.4,28.66,58.46,468.5
2026-07-12 07:51:20.152326,Malviya Nagar,146.0,33.51,60.26,463.3
2026-07-12 08:51:20.152326,Malviya Nagar,131.9,33.51,64.73,478.1
2026-07-12 09:51:20.152326,Malviya Nagar,139.3,31.01,57.97,474.5
2026-07-12 10:51:20.152326,Malviya Nagar,127.7,30.67,58.83,464.4
2026-07-12 11:51:20.152326,Malviya Nagar,138.0,30.56,52.01,477.2
2026-07-12 12:51:20.152326,Malviya Nagar,118.8,25.39,43.41,458.5
2026-07-12 13:51:20.152326,Malviya Nagar,138.2,32.54,59.61,461.8
2026-07-12 14:51:20.152326,Malviya Nagar,139.5,32.98,63.7,480.3
2026-07-12 15:51:20.152326,Malviya Nagar,138.5,31.08,63.0,463.1
2026-07-12 16:51:20.152326,Malviya Nagar,124.0,30.69,55.11,448.3
2026-07-12 17:51:20.152326,Malviya Nagar,125.6,27.2,50.15,464.0
2026-07-12 18:51:20.152326,Malviya Nagar,138.8,31.14,60.43,452.4
2026-07-12 19:51:20.152326,Malviya Nagar,134.3,32.21,63.01,495.5
2026-07-12 20:51:20.152326,Malviya Nagar,136.3,28.55,57.0,457.2
2026-07-12 21:51:20.152326,Malviya Nagar,132.5,32.41,59.81,462.6
2026-07-12 22:51:20.152326,Malviya Nagar,132.0,32.16,55.61,446.2
2026-07-12 23:51:20.152326,Malviya Nagar,113.9,27.52,51.22,491.8
2026-07-13 00:51:20.152326,Malviya Nagar,142.7,32.2,57.07,469.2
2026-07-13 01:51:20.152326,Malviya Nagar,130.8,33.56,66.42,469.2
2026-07-13 02:51:20.152326,Malviya Nagar,143.6,32.84,64.77,490.8
2026-07-13 03:51:20.152326,Malviya Nagar,143.0,32.33,56.52,483.5
2026-07-13 04:51:20.152326,Malviya Nagar,117.0,28.19,46.15,452.4
2026-07-13 05:51:20.152326,Malviya Nagar,130.7,31.37,56.66,462.2
2026-07-13 06:51:20.152326,Malviya Nagar,125.4,26.98,52.41,472.3
2026-07-13 07:51:20.152326,Malviya Nagar,156.1,38.39,71.12,463.4
2026-07-13 08:51:20.152326,Malviya Nagar,153.2,38.24,75.97,499.7
2026-07-13 09:51:20.152326,Malviya Nagar,145.6,35.17,69.77,469.5
2026-07-13 10:51:20.152326,Malviya Nagar,127.6,28.22,49.41,483.3
2026-07-13 11:51:20.152326,Malviya Nagar,132.3,32.65,62.19,469.3
2026-07-13 12:51:20.152326,Malviya Nagar,120.2,26.19,44.28,487.7
2026-07-13 13:51:20.152326,Malviya Nagar,116.5,29.85,55.75,466.5
2026-07-13 14:51:20.152326,Malviya Nagar,126.5,30.34,59.48,478.0
2026-07-13 15:51:20.152326,Malviya Nagar,129.9,31.71,62.37,466.3
2026-07-13 16:51:20.152326,Malviya Nagar,131.1,32.07,60.0,450.4
2026-07-13 17:51:20.152326,Malviya Nagar,156.9,39.04,72.44,461.6
2026-07-13 18:51:20.152326,Malviya Nagar,150.9,35.04,63.36,455.5
2026-07-13 19:51:20.152326,Malviya Nagar,134.4,31.8,60.69,483.5
2026-07-13 20:51:20.152326,Malviya Nagar,128.3,35.81,65.06,480.9
2026-07-13 21:51:20.152326,Malviya Nagar,118.6,25.73,41.45,472.0
2026-07-13 22:51:20.152326,Malviya Nagar,120.8,27.27,52.0,459.0
2026-07-13 23:51:20.152326,Malviya Nagar,142.9,34.76,62.85,461.2
2026-07-14 00:51:20.152326,Malviya Nagar,119.0,29.29,53.77,449.8
2026-07-14 01:51:20.152326,Malviya Nagar,126.0,28.28,54.57,469.9
2026-07-14 02:51:20.152326,Malviya Nagar,128.7,29.67,57.81,435.0
2026-07-14 03:51:20.152326,Malviya Nagar,138.4,33.91,65.36,490.6
2026-07-14 04:51:20.152326,Malviya Nagar,132.7,33.12,54.71,494.1
2026-07-14 05:51:20.152326,Malviya Nagar,129.8,34.74,64.7,474.3
2026-07-14 06:51:20.152326,Malviya Nagar,135.6,30.43,55.18,480.7
2026-07-14 07:51:20.152326,Malviya Nagar,141.3,35.6,63.56,488.4
2026-07-14 08:51:20.152326,Malviya Nagar,152.0,37.33,70.4,489.5
2026-07-14 09:51:20.152326,Malviya Nagar,145.8,34.69,66.55,515.3
2026-07-14 10:51:20.152326,Malviya Nagar,145.6,33.35,66.72,477.0
2026-07-14 11:51:20.152326,Malviya Nagar,135.3,34.67,64.42,474.6
2026-07-14 12:51:20.152326,Malviya Nagar,134.6,32.51,62.15,469.1
2026-07-14 13:51:20.152326,Malviya Nagar,124.6,29.06,54.35,475.5
2026-07-14 14:51:20.152326,Malviya Nagar,118.2,29.45,58.35,479.6
2026-07-14 15:51:20.152326,Malviya Nagar,139.7,30.29,61.34,442.9
2026-07-14 16:51:20.152326,Malviya Nagar,139.0,29.34,57.08,476.5
2026-07-14 17:51:20.152326,Malviya Nagar,131.6,33.52,67.5,471.9
2026-07-14 18:51:20.152326,Malviya Nagar,124.6,27.09,52.54,485.8
2026-07-14 19:51:20.152326,Malviya Nagar,121.1,27.89,50.08,472.5
2026-07-14 20:51:20.152326,Malviya Nagar,133.7,27.75,47.34,454.5
2026-07-14 21:51:20.152326,Malviya Nagar,135.2,30.54,50.22,471.1
2026-07-14 22:51:20.152326,Malviya Nagar,127.7,30.17,53.95,467.5
2026-07-14 23:51:20.152326,Malviya Nagar,141.6,35.55,66.02,451.8
2026-07-15 00:51:20.152326,Malviya Nagar,134.8,32.37,58.59,462.4
2026-07-15 01:51:20.152326,Malviya Nagar,139.9,33.87,64.24,468.6
2026-07-15 02:51:20.152326,Malviya Nagar,119.6,28.46,54.46,453.6
2026-07-15 03:51:20.152326,Malviya Nagar,134.9,30.35,52.85,465.0
2026-07-15 04:51:20.152326,Malviya Nagar,136.5,35.53,64.53,454.5
2026-07-15 05:51:20.152326,Malviya Nagar,133.4,32.77,55.99,461.9
2026-07-15 06:51:20.152326,Malviya Nagar,127.4,30.75,60.98,453.2
2026-07-15 07:51:20.152326,Malviya Nagar,138.4,33.31,61.41,481.0
2026-07-15 08:51:20.152326,Malviya Nagar,148.5,37.84,68.64,460.3
2026-07-15 09:51:20.152326,Malviya Nagar,150.9,40.68,79.06,471.3
2026-07-15 10:51:20.152326,Malviya Nagar,148.0,37.16,71.13,462.6
2026-07-15 11:51:20.152326,Malviya Nagar,128.1,31.15,58.38,444.8
2026-07-15 12:51:20.152326,Malviya Nagar,118.8,30.46,58.63,467.8
2026-07-15 13:51:20.152326,Malviya Nagar,142.4,32.34,58.34,457.6
2026-07-15 14:51:20.152326,Malviya Nagar,124.7,31.51,60.89,450.0
2026-07-15 15:51:20.152326,Malviya Nagar,125.0,30.58,53.2,457.5
2026-07-15 16:51:20.152326,Malviya Nagar,125.0,29.6,58.39,476.2
2026-07-15 17:51:20.152326,Malviya Nagar,151.1,37.32,66.93,491.4
2026-07-15 18:51:20.152326,Malviya Nagar,139.8,32.96,57.35,474.7
2026-07-15 19:51:20.152326,Malviya Nagar,155.7,40.31,72.87,479.5
2026-07-15 20:51:20.152326,Malviya Nagar,120.4,30.83,57.15,468.2
2026-07-15 21:51:20.152326,Malviya Nagar,141.3,35.09,66.09,460.6
2026-07-15 22:51:20.152326,Malviya Nagar,139.5,33.67,64.6,451.4
2026-07-15 23:51:20.152326,Malviya Nagar,134.4,31.74,60.26,491.4
2026-07-16 00:51:20.152326,Malviya Nagar,128.6,29.4,49.38,446.5
2026-07-16 01:51:20.152326,Malviya Nagar,129.1,27.77,51.0,457.2
2026-07-16 02:51:20.152326,Malviya Nagar,128.5,30.75,56.7,464.2
2026-07-16 03:51:20.152326,Malviya Nagar,131.7,31.3,57.0,450.2
2026-07-16 04:51:20.152326,Malviya Nagar,118.9,28.46,47.5,469.0
2026-07-16 05:51:20.152326,Malviya Nagar,145.2,36.45,69.96,454.2
2026-07-16 06:51:20.152326,Malviya Nagar,126.6,32.01,68.03,444.6
2026-07-16 07:51:20.152326,Malviya Nagar,147.9,36.47,65.12,468.8
2026-07-16 08:51:20.152326,Malviya Nagar,139.2,31.0,57.27,480.6
2026-07-16 09:51:20.152326,Malviya Nagar,130.1,32.13,63.98,448.5
2026-07-16 10:51:20.152326,Malviya Nagar,134.7,33.05,67.17,444.0
2026-07-16 11:51:20.152326,Malviya Nagar,140.5,31.54,59.5,470.4
2026-07-16 12:51:20.152326,Malviya Nagar,108.7,26.44,47.58,444.8
2026-07-16 13:51:20.152326,Malviya Nagar,124.6,35.3,68.15,464.7
2026-07-16 14:51:20.152326,Malviya Nagar,114.7,25.82,45.67,459.1
2026-07-16 15:51:20.152326,Malviya Nagar,112.2,24.53,45.66,438.4
2026-07-16 16:51:20.152326,Malviya Nagar,138.2,33.41,62.31,466.3
2026-07-16 17:51:20.152326,Malviya Nagar,146.2,33.99,67.52,477.6
2026-07-16 18:51:20.152326,Malviya Nagar,141.8,33.4,64.36,488.8
2026-07-16 19:51:20.152326,Malviya Nagar,144.3,34.98,66.82,487.9
2026-07-16 20:51:20.152326,Malviya Nagar,115.2,31.9,55.81,441.5
2026-07-16 21:51:20.152326,Malviya Nagar,120.7,30.23,50.07,443.8
2026-07-16 22:51:20.152326,Malviya Nagar,137.9,34.65,63.99,460.5
2026-07-16 23:51:20.152326,Malviya Nagar,119.8,29.5,49.36,440.5
2026-07-17 00:51:20.152326,Malviya Nagar,127.8,31.15,60.5,492.2
2026-07-17 01:51:20.152326,Malviya Nagar,129.6,31.66,57.58,468.5
2026-07-17 02:51:20.152326,Malviya Nagar,140.5,34.18,67.04,460.1
2026-07-17 03:51:20.152326,Malviya Nagar,135.2,33.99,58.7,486.1
2026-07-17 04:51:20.152326,Malviya Nagar,122.2,30.03,52.72,470.9
2026-07-17 05:51:20.152326,Malviya Nagar,128.8,32.49,52.93,456.4
2026-07-17 06:51:20.152326,Malviya Nagar,119.6,29.59,56.76,466.9
2026-07-17 07:51:20.152326,Malviya Nagar,144.3,33.36,62.73,487.3
2026-07-17 08:51:20.152326,Malviya Nagar,136.3,34.11,63.93,465.8
2026-07-17 09:51:20.152326,Malviya Nagar,148.0,33.81,64.62,456.2
2026-07-17 10:51:20.152326,Malviya Nagar,132.4,32.27,56.08,477.4
2026-07-17 11:51:20.152326,Malviya Nagar,130.9,32.76,62.13,466.8
2026-07-17 12:51:20.152326,Malviya Nagar,127.8,29.58,59.3,471.3
2026-07-17 13:51:20.152326,Malviya Nagar,138.3,34.55,65.74,486.8
2026-07-17 14:51:20.152326,Malviya Nagar,127.4,31.85,58.28,458.9
2026-07-17 15:51:20.152326,Malviya Nagar,137.6,33.47,64.18,477.6
2026-07-17 16:51:20.152326,Malviya Nagar,124.4,30.9,63.8,479.6
2026-07-17 17:51:20.152326,Malviya Nagar,157.4,35.2,61.81,465.1
2026-07-17 18:51:20.152326,Malviya Nagar,140.1,33.52,58.98,474.2
2026-07-17 19:51:20.152326,Malviya Nagar,149.7,38.27,68.81,455.2
2026-07-17 20:51:20.152326,Malviya Nagar,123.6,30.64,59.85,447.7
2026-07-17 21:51:20.152326,Malviya Nagar,134.4,30.01,53.89,456.6
2026-07-17 22:51:20.152326,Malviya Nagar,125.2,26.28,47.1,457.1
2026-07-17 23:51:20.152326,Malviya Nagar,116.1,27.13,53.05,458.7
2026-07-18 00:51:20.152326,Malviya Nagar,106.0,27.4,45.98,448.3
2026-07-18 01:51:20.152326,Malviya Nagar,136.9,35.66,69.28,497.2
2026-07-18 02:51:20.152326,Malviya Nagar,135.1,31.63,59.58,455.1
2026-07-18 03:51:20.152326,Malviya Nagar,126.9,28.43,55.29,470.0
2026-07-18 04:51:20.152326,Malviya Nagar,114.3,28.92,51.84,462.9
2026-07-18 05:51:20.152326,Malviya Nagar,138.2,32.75,60.47,462.9
2026-07-18 06:51:20.152326,Malviya Nagar,118.4,26.63,48.94,454.1
2026-07-18 07:51:20.152326,Malviya Nagar,149.3,37.26,70.91,482.3
2026-07-18 08:51:20.152326,Malviya Nagar,159.4,39.24,76.4,461.7
2026-07-18 09:51:20.152326,Malviya Nagar,135.4,31.67,59.45,467.4
2026-07-18 10:51:20.152326,Malviya Nagar,134.6,32.43,60.67,477.7
2026-07-18 11:51:20.152326,Malviya Nagar,118.9,26.75,51.5,458.1
2026-07-18 12:51:20.152326,Malviya Nagar,140.4,31.84,60.74,492.0
2026-07-18 13:51:20.152326,Malviya Nagar,132.0,30.23,51.78,443.9
2026-07-18 14:51:20.152326,Malviya Nagar,123.0,26.25,52.2,429.0
2026-07-18 15:51:20.152326,Malviya Nagar,137.1,34.09,65.35,467.1
2026-07-18 16:51:20.152326,Malviya Nagar,127.2,28.09,54.07,459.6
2026-07-18 17:51:20.152326,Malviya Nagar,147.0,34.34,63.47,477.0
2026-07-18 18:51:20.152326,Malviya Nagar,130.4,32.43,62.44,473.6
2026-07-18 19:51:20.152326,Malviya Nagar,148.4,35.81,68.38,490.0
2026-07-18 20:51:20.152326,Malviya Nagar,131.5,29.39,49.9,459.0
2026-07-18 21:51:20.152326,Malviya Nagar,150.8,35.86,62.64,501.3
2026-07-18 22:51:20.152326,Malviya Nagar,132.7,29.75,50.93,494.1
2026-07-18 23:51:20.152326,Malviya Nagar,135.5,33.44,60.05,456.8
2026-07-19 00:51:20.152326,Malviya Nagar,122.7,31.95,62.31,465.1
2026-07-19 01:51:20.152326,Malviya Nagar,139.6,32.48,60.15,466.8
2026-07-19 02:51:20.152326,Malviya Nagar,134.7,30.49,57.05,448.7
2026-07-19 03:51:20.152326,Malviya Nagar,136.2,36.3,70.44,479.6
2026-07-19 04:51:20.152326,Malviya Nagar,140.3,31.73,60.16,457.9
2026-07-19 05:51:20.152326,Malviya Nagar,123.4,33.32,59.29,465.6
2026-07-19 06:51:20.152326,Malviya Nagar,145.4,32.21,58.83,488.1
2026-07-19 07:51:20.152326,Malviya Nagar,156.7,38.87,69.8,469.4
2026-07-19 08:51:20.152326,Malviya Nagar,148.9,35.04,66.87,488.7
2026-07-19 09:51:20.152326,Malviya Nagar,138.9,32.12,60.43,467.7
2026-07-19 10:51:20.152326,Malviya Nagar,138.6,32.94,63.17,481.0
2026-07-19 11:51:20.152326,Malviya Nagar,124.8,30.58,52.65,442.9
2026-07-19 12:51:20.152326,Malviya Nagar,131.5,34.81,63.99,477.8
2026-07-19 13:51:20.152326,Malviya Nagar,143.6,39.81,67.47,489.1
2026-07-19 14:51:20.152326,Malviya Nagar,137.5,35.1,64.35,469.3
2026-07-19 15:51:20.152326,Malviya Nagar,128.1,33.78,62.52,474.8
2026-07-19 16:51:20.152326,Malviya Nagar,122.4,25.44,47.79,457.8
2026-07-19 17:51:20.152326,Malviya Nagar,147.7,36.54,66.21,458.7
2026-07-19 18:51:20.152326,Malviya Nagar,132.3,30.15,56.9,473.7
2026-07-19 19:51:20.152326,Malviya Nagar,156.5,39.59,72.94,499.6
2026-07-19 20:51:20.152326,Malviya Nagar,147.6,34.92,72.37,484.1
2026-07-19 21:51:20.152326,Malviya Nagar,131.4,30.95,59.2,470.4
2026-07-19 22:51:20.152326,Malviya Nagar,150.2,35.8,65.4,476.1
2026-07-19 23:51:20.152326,Malviya Nagar,139.9,35.8,71.23,474.5
2026-07-20 00:51:20.152326,Malviya Nagar,130.3,29.63,53.88,449.8
2026-07-20 01:51:20.152326,Malviya Nagar,126.1,27.57,48.12,455.7
2026-07-20 02:51:20.152326,Malviya Nagar,144.9,33.45,60.91,473.7
2026-07-20 03:51:20.152326,Malviya Nagar,125.8,26.57,48.28,458.8
2026-07-20 04:51:20.152326,Malviya Nagar,144.8,34.39,64.33,485.8
2026-07-20 05:51:20.152326,Malviya Nagar,128.9,30.39,52.47,471.0
2026-07-20 06:51:20.152326,Malviya Nagar,145.2,32.26,61.07,485.5
2026-07-20 07:51:20.152326,Malviya Nagar,138.9,32.02,58.19,456.0
2026-07-20 08:51:20.152326,Malviya Nagar,150.2,37.18,69.51,483.8
2026-07-20 09:51:20.152326,Malviya Nagar,168.1,43.08,78.86,493.8
2026-07-20 10:51:20.152326,Malviya Nagar,121.2,27.85,47.31,439.1
2026-07-20 11:51:20.152326,Malviya Nagar,127.3,28.57,53.97,464.9
2026-07-20 12:51:20.152326,Malviya Nagar,132.2,29.75,58.43,468.5
2026-07-20 13:51:20.152326,Malviya Nagar,135.8,33.81,60.94,465.8
2026-07-20 14:51:20.152326,Malviya Nagar,120.6,28.81,49.29,458.4
2026-07-20 15:51:20.152326,Malviya Nagar,143.3,37.2,62.66,469.0
2026-07-20 16:51:20.152326,Malviya Nagar,131.8,28.36,52.23,460.3
2026-07-20 17:51:20.152326,Malviya Nagar,152.9,37.39,70.96,496.0
2026-07-20 18:51:20.152326,Malviya Nagar,132.7,33.55,61.44,462.7
2026-07-20 19:51:20.152326,Malviya Nagar,144.6,35.58,70.4,483.8
2026-07-20 20:51:20.152326,Malviya Nagar,124.9,30.4,54.24,470.8
2026-07-20 21:51:20.152326,Malviya Nagar,125.8,33.81,61.82,463.7
2026-07-20 22:51:20.152326,Malviya Nagar,134.7,32.7,60.29,443.3
2026-07-20 23:51:20.152326,Malviya Nagar,132.9,33.23,62.01,462.5
2026-07-21 00:51:20.152326,Malviya Nagar,129.3,31.63,58.48,466.0
2026-07-21 01:51:20.152326,Malviya Nagar,135.5,35.34,68.92,463.5
2026-07-21 02:51:20.152326,Malviya Nagar,128.8,30.35,53.84,484.6
2026-07-21 03:51:20.152326,Malviya Nagar,130.8,30.69,58.77,469.0
2026-07-21 04:51:20.152326,Malviya Nagar,119.7,30.62,61.85,451.1
2026-07-21 05:51:20.152326,Malviya Nagar,125.7,30.1,56.53,456.0
2026-07-21 06:51:20.152326,Malviya Nagar,123.7,32.67,59.37,467.5
2026-07-21 07:51:20.152326,Malviya Nagar,144.3,35.32,62.47,469.7
2026-07-21 08:51:20.152326,Malviya Nagar,139.5,33.8,63.34,459.2
2026-07-21 09:51:20.152326,Malviya Nagar,137.1,32.69,60.1,467.6
2026-07-21 10:51:20.152326,Malviya Nagar,128.1,31.1,59.77,494.4
2026-07-21 11:51:20.152326,Malviya Nagar,129.0,34.58,67.72,453.4
2026-07-21 12:51:20.152326,Malviya Nagar,128.0,30.94,58.05,470.0
2026-07-21 13:51:20.152326,Malviya Nagar,124.2,29.15,49.9,473.0
2026-07-21 14:51:20.152326,Malviya Nagar,133.7,28.24,50.69,486.3
2026-07-21 15:51:20.152326,Malviya Nagar,133.9,32.38,60.46,462.5
2026-07-21 16:51:20.152326,Malviya Nagar,149.6,36.49,70.82,430.7
2026-07-21 17:51:20.152326,Malviya Nagar,143.1,34.51,63.25,464.7
2026-07-21 18:51:20.152326,Malviya Nagar,154.0,38.13,71.52,494.2
2026-07-21 19:51:20.152326,Malviya Nagar,144.1,34.8,61.22,485.3
2026-07-21 20:51:20.152326,Malviya Nagar,120.0,25.64,50.08,472.4
2026-07-21 21:51:20.152326,Malviya Nagar,117.6,30.07,54.36,435.9
2026-07-21 22:51:20.152326,Malviya Nagar,135.3,33.68,61.63,457.9
2026-07-21 23:51:20.152326,Malviya Nagar,121.6,27.74,45.25,455.1
2026-07-22 00:51:20.152326,Malviya Nagar,141.5,36.84,70.53,460.6
2026-07-22 01:51:20.152326,Malviya Nagar,131.4,34.62,62.7,471.9
2026-07-22 02:51:20.152326,Malviya Nagar,121.4,27.94,54.84,446.3
2026-07-22 03:51:20.152326,Malviya Nagar,150.8,35.98,58.49,431.9
2026-07-22 04:51:20.152326,Malviya Nagar,129.9,32.5,59.54,469.6
2026-07-22 05:51:20.152326,Malviya Nagar,131.4,34.01,67.69,455.0
2026-07-22 06:51:20.152326,Malviya Nagar,142.2,33.52,57.75,447.3
2026-07-22 07:51:20.152326,Malviya Nagar,143.6,29.58,56.4,473.5
2026-07-22 08:51:20.152326,Malviya Nagar,146.0,35.08,71.99,491.3
2026-07-22 09:51:20.152326,Malviya Nagar,145.8,35.08,68.16,453.7
2026-07-22 10:51:20.152326,Malviya Nagar,129.3,30.02,55.86,476.8
2026-07-22 11:51:20.152326,Malviya Nagar,124.5,27.32,55.56,453.1
2026-07-22 12:51:20.152326,Malviya Nagar,135.3,33.31,62.36,457.8
2026-07-22 13:51:20.152326,Malviya Nagar,136.2,30.54,59.16,481.8
2026-07-22 14:51:20.152326,Malviya Nagar,129.3,31.04,56.93,475.4
2026-07-22 15:51:20.152326,Malviya Nagar,117.3,27.1,54.13,419.3
2026-07-22 16:51:20.152326,Malviya Nagar,114.5,27.84,48.49,459.7
2026-07-22 17:51:20.152326,Malviya Nagar,128.2,29.83,48.9,449.1
2026-07-22 18:51:20.152326,Malviya Nagar,134.6,33.6,58.94,464.6
2026-07-22 19:51:20.152326,Malviya Nagar,147.9,36.13,68.81,483.5
2026-07-22 20:51:20.152326,Malviya Nagar,141.9,33.27,59.95,458.8
2026-07-22 21:51:20.152326,Malviya Nagar,153.8,38.33,77.16,450.9
2026-07-22 22:51:20.152326,Malviya Nagar,130.3,27.92,55.29,465.3
2026-07-22 23:51:20.152326,Malviya Nagar,120.4,28.63,50.85,456.1
2026-07-23 00:51:20.152326,Malviya Nagar,119.5,26.9,54.73,452.6
2026-07-23 01:51:20.152326,Malviya Nagar,122.7,29.36,54.08,470.3
2026-07-23 02:51:20.152326,Malviya Nagar,134.9,32.05,56.0,447.8
2026-07-23 03:51:20.152326,Malviya Nagar,131.9,31.05,55.93,468.0
2026-07-23 04:51:20.152326,Malviya Nagar,127.2,30.73,60.38,453.3
2026-07-23 05:51:20.152326,Malviya Nagar,134.7,32.52,62.35,462.7
2026-07-23 06:51:20.152326,Malviya Nagar,139.4,33.49,58.95,475.7
2026-07-23 07:51:20.152326,Malviya Nagar,136.0,32.83,58.88,471.6
2026-07-23 08:51:20.152326,Malviya Nagar,152.7,38.51,69.08,463.5
2026-07-23 09:51:20.152326,Malviya Nagar,155.4,35.76,70.14,469.4
2026-07-23 10:51:20.152326,Malviya Nagar,135.9,30.9,57.26,496.1
2026-07-23 11:51:20.152326,Malviya Nagar,127.1,30.94,53.1,439.1
2026-07-23 12:51:20.152326,Malviya Nagar,131.7,31.72,58.11,486.6
2026-07-23 13:51:20.152326,Malviya Nagar,139.7,35.35,63.56,480.4
2026-07-23 14:51:20.152326,Malviya Nagar,117.3,29.37,56.49,456.1
2026-07-23 15:51:20.152326,Malviya Nagar,133.4,28.39,52.25,489.4
2026-07-23 16:51:20.152326,Malviya Nagar,129.1,28.85,50.07,477.3
2026-07-23 17:51:20.152326,Malviya Nagar,135.9,31.8,56.96,474.4
2026-07-23 18:51:20.152326,Malviya Nagar,125.6,27.43,55.14,466.5
2026-07-23 19:51:20.152326,Malviya Nagar,144.4,33.24,65.13,487.7
2026-07-23 20:51:20.152326,Malviya Nagar,130.5,32.23,57.15,456.9
2026-07-23 21:51:20.152326,Malviya Nagar,125.2,31.53,59.33,444.8
2026-07-23 22:51:20.152326,Malviya Nagar,118.7,27.25,50.02,459.8
2026-07-23 23:51:20.152326,Malviya Nagar,136.6,32.96,68.44,466.5
2026-07-24 00:51:20.152326,Malviya Nagar,140.1,35.59,63.82,440.5
2026-07-24 01:51:20.152326,Malviya Nagar,128.9,30.11,55.96,483.8
2026-07-24 02:51:20.152326,Malviya Nagar,128.4,29.74,50.16,449.1
2026-07-24 03:51:20.152326,Malviya Nagar,121.0,27.21,47.88,446.5
2026-07-24 04:51:20.152326,Malviya Nagar,140.3,33.3,64.22,474.0
2026-07-24 05:51:20.152326,Malviya Nagar,128.3,28.94,57.12,459.8
2026-07-24 06:51:20.152326,Malviya Nagar,133.8,35.41,63.79,447.9
2026-07-24 07:51:20.152326,Malviya Nagar,132.5,33.67,58.48,462.2
2026-07-24 08:51:20.152326,Malviya Nagar,148.0,37.23,61.7,479.8
2026-07-24 09:51:20.152326,Malviya Nagar,151.7,36.58,72.99,478.0
2026-07-24 10:51:20.152326,Malviya Nagar,124.7,29.94,54.1,438.4
2026-07-24 11:51:20.152326,Malviya Nagar,131.3,30.86,52.57,459.1
2026-07-24 12:51:20.152326,Malviya Nagar,113.3,29.2,54.01,469.6
2026-07-24 13:51:20.152326,Malviya Nagar,120.8,30.54,59.47,471.3
2026-07-24 14:51:20.152326,Malviya Nagar,120.8,31.08,63.26,471.3
2026-07-24 15:51:20.152326,Malviya Nagar,145.2,32.61,58.14,497.0
2026-07-24 16:51:20.152326,Malviya Nagar,135.8,31.32,58.89,468.8
2026-07-24 17:51:20.152326,Malviya Nagar,136.5,33.68,59.25,462.5
2026-07-24 18:51:20.152326,Malviya Nagar,138.3,30.2,53.54,461.1
2026-07-24 19:51:20.152326,Malviya Nagar,142.6,34.02,62.58,456.7
2026-07-24 20:51:20.152326,Malviya Nagar,132.9,37.37,68.57,466.7
2026-07-24 21:51:20.152326,Malviya Nagar,122.8,28.96,53.67,421.9
2026-07-24 22:51:20.152326,Malviya Nagar,131.8,27.61,50.02,473.4
2026-07-24 23:51:20.152326,Malviya Nagar,134.0,32.57,60.82,455.7
2026-07-25 00:51:20.152326,Malviya Nagar,120.0,27.24,51.42,482.1
2026-07-25 01:51:20.152326,Malviya Nagar,143.4,32.59,62.12,472.0
2026-07-25 02:51:20.152326,Malviya Nagar,121.5,25.1,41.23,473.9
2026-07-25 03:51:20.152326,Malviya Nagar,138.9,35.75,68.68,482.5
2026-07-25 04:51:20.152326,Malviya Nagar,122.9,31.93,59.26,466.2
2026-07-25 05:51:20.152326,Malviya Nagar,118.8,28.31,56.07,473.7
2026-07-25 06:51:20.152326,Malviya Nagar,131.4,27.61,49.61,477.8
2026-07-25 07:51:20.152326,Malviya Nagar,152.7,44.04,79.53,474.8
2026-07-25 08:51:20.152326,Malviya Nagar,133.9,29.92,56.31,460.6
2026-07-25 09:51:20.152326,Malviya Nagar,142.3,34.44,64.03,471.2
2026-07-25 10:51:20.152326,Malviya Nagar,135.5,34.65,65.85,474.3
2026-07-25 11:51:20.152326,Malviya Nagar,125.6,30.43,58.24,474.8
2026-07-25 12:51:20.152326,Malviya Nagar,121.8,27.3,54.2,468.9
2026-07-25 13:51:20.152326,Malviya Nagar,133.7,31.49,53.96,467.2
2026-07-25 14:51:20.152326,Malviya Nagar,145.1,36.85,67.56,472.4
2026-07-25 15:51:20.152326,Malviya Nagar,121.7,26.15,48.29,499.0
2026-07-25 16:51:20.152326,Malviya Nagar,126.1,28.76,53.66,478.1
2026-07-25 17:51:20.152326,Malviya Nagar,138.7,32.78,61.14,487.5
2026-07-25 18:51:20.152326,Malviya Nagar,150.2,40.0,71.14,496.0
2026-07-25 19:51:20.152326,Malviya Nagar,144.1,36.44,69.62,480.3
2026-07-25 20:51:20.152326,Malviya Nagar,125.4,32.02,57.57,456.4
2026-07-25 21:51:20.152326,Malviya Nagar,134.0,29.92,53.99,475.3
2026-07-25 22:51:20.152326,Malviya Nagar,138.7,35.56,65.46,470.8
2026-07-25 23:51:20.152326,Malviya Nagar,136.7,34.79,63.05,470.1
2026-07-26 00:51:20.152326,Malviya Nagar,135.1,31.24,61.04,458.9
2026-07-26 01:51:20.152326,Malviya Nagar,133.6,34.06,63.21,452.9
2026-07-26 02:51:20.152326,Malviya Nagar,131.8,31.17,58.18,463.5
2026-07-26 03:51:20.152326,Malviya Nagar,126.8,32.05,57.47,447.6
2026-07-26 04:51:20.152326,Malviya Nagar,130.5,33.06,55.34,442.6
2026-07-26 05:51:20.152326,Malviya Nagar,129.2,28.62,54.04,478.7
2026-07-26 06:51:20.152326,Malviya Nagar,133.7,33.33,60.51,480.8
2026-07-26 07:51:20.152326,Malviya Nagar,139.7,37.38,71.45,465.0
2026-07-26 08:51:20.152326,Malviya Nagar,137.6,31.28,64.73,472.4
2026-07-26 09:51:20.152326,Malviya Nagar,150.0,35.06,66.15,465.5
2026-07-26 10:51:20.152326,Malviya Nagar,134.4,34.47,62.94,492.7
2026-07-26 11:51:20.152326,Malviya Nagar,138.5,33.78,64.25,490.5
2026-07-26 12:51:20.152326,Malviya Nagar,124.1,26.52,47.84,469.5
2026-07-26 13:51:20.152326,Malviya Nagar,124.4,29.74,56.1,461.4
2026-07-26 14:51:20.152326,Malviya Nagar,120.9,31.4,57.22,471.9
2026-07-26 15:51:20.152326,Malviya Nagar,124.9,31.17,53.09,477.5
2026-07-26 16:51:20.152326,Malviya Nagar,116.8,30.21,56.94,458.4
2026-07-26 17:51:20.152326,Malviya Nagar,128.6,32.93,57.85,482.7
2026-07-26 18:51:20.152326,Malviya Nagar,130.6,32.75,60.82,459.5
2026-07-26 19:51:20.152326,Malviya Nagar,140.5,34.41,66.51,468.2
2026-07-26 20:51:20.152326,Malviya Nagar,125.3,30.11,60.25,465.1
2026-07-26 21:51:20.152326,Malviya Nagar,130.2,32.27,57.21,457.8
2026-07-26 22:51:20.152326,Malviya Nagar,128.1,30.23,57.72,462.8
2026-07-26 23:51:20.152326,Malviya Nagar,133.8,29.16,53.61,454.5
2026-07-27 00:51:20.152326,Malviya Nagar,120.3,25.62,48.83,461.0
2026-07-27 01:51:20.152326,Malviya Nagar,140.5,37.69,68.7,453.0
2026-07-27 02:51:20.152326,Malviya Nagar,134.5,30.94,61.74,487.1
2026-07-27 03:51:20.152326,Malviya Nagar,118.7,28.29,50.63,475.9
2026-07-27 04:51:20.152326,Malviya Nagar,120.8,28.95,60.59,466.2
2026-07-27 05:51:20.152326,Malviya Nagar,118.7,27.19,53.08,467.7
2026-07-27 06:51:20.152326,Malviya Nagar,134.0,30.12,57.72,457.9
2026-07-27 07:51:20.152326,Malviya Nagar,156.9,36.47,70.77,453.7
2026-07-27 08:51:20.152326,Malviya Nagar,155.8,36.72,68.0,481.3
2026-07-27 09:51:20.152326,Malviya Nagar,141.1,35.95,65.05,470.8
2026-07-27 10:51:20.152326,Malviya Nagar,124.0,28.93,52.23,444.9
2026-07-27 11:51:20.152326,Malviya Nagar,123.0,27.77,47.56,459.1
2026-07-27 12:51:20.152326,Malviya Nagar,131.7,32.09,57.01,473.1
2026-07-27 13:51:20.152326,Malviya Nagar,127.4,31.46,58.25,480.4
2026-07-27 14:51:20.152326,Malviya Nagar,132.1,30.16,53.58,479.3
2026-07-27 15:51:20.152326,Malviya Nagar,138.0,33.1,69.76,471.5
2026-07-27 16:51:20.152326,Malviya Nagar,139.8,35.26,67.4,468.7
2026-07-27 17:51:20.152326,Malviya Nagar,146.0,33.35,66.88,498.0
2026-07-27 18:51:20.152326,Malviya Nagar,136.5,31.39,58.93,454.2
2026-07-27 19:51:20.152326,Malviya Nagar,141.2,32.91,53.1,474.7
2026-07-27 20:51:20.152326,Malviya Nagar,132.4,31.93,55.72,459.8
2026-07-27 21:51:20.152326,Malviya Nagar,132.5,33.3,60.05,483.9
2026-07-27 22:51:20.152326,Malviya Nagar,128.5,30.32,52.64,454.9
2026-07-27 23:51:20.152326,Malviya Nagar,138.3,29.61,53.02,463.4
2026-07-28 00:51:20.152326,Malviya Nagar,125.0,29.5,54.96,472.4
2026-07-28 01:51:20.152326,Malviya Nagar,145.2,31.32,55.96,481.3
2026-07-28 02:51:20.152326,Malviya Nagar,122.2,28.83,53.37,482.9
2026-07-28 03:51:20.152326,Malviya Nagar,116.2,30.81,58.11,464.9
2026-07-28 04:51:20.152326,Malviya Nagar,138.4,36.07,69.26,492.4
2026-07-28 05:51:20.152326,Malviya Nagar,134.3,35.36,64.67,453.6
2026-07-28 06:51:20.152326,Malviya Nagar,133.0,31.01,56.79,476.2
2026-07-28 07:51:20.152326,Malviya Nagar,153.2,36.32,68.51,462.8
2026-07-28 08:51:20.152326,Malviya Nagar,149.9,32.8,62.25,455.4
2026-07-28 09:51:20.152326,Malviya Nagar,143.7,34.93,61.59,492.1
2026-07-28 10:51:20.152326,Malviya Nagar,123.1,28.08,53.38,458.8
2026-07-28 11:51:20.152326,Malviya Nagar,119.9,28.22,56.97,452.5
2026-07-28 12:51:20.152326,Malviya Nagar,132.1,34.98,65.72,453.2
2026-07-28 13:51:20.152326,Malviya Nagar,135.7,34.05,56.22,454.6
2026-07-28 14:51:20.152326,Malviya Nagar,120.6,29.57,55.75,471.0
2026-07-28 15:51:20.152326,Malviya Nagar,129.8,31.42,58.79,508.2
2026-07-28 16:51:20.152326,Malviya Nagar,119.6,31.17,60.51,479.6
2026-07-28 17:51:20.152326,Malviya Nagar,140.9,36.85,69.87,461.2
2026-07-28 18:51:20.152326,Malviya Nagar,139.2,31.59,62.17,451.1
2026-07-28 19:51:20.152326,Malviya Nagar,141.2,33.44,62.36,474.6
2026-07-28 20:51:20.152326,Malviya Nagar,139.6,36.08,67.01,485.8
2026-07-28 21:51:20.152326,Malviya Nagar,119.6,27.96,55.35,457.1
2026-07-28 22:51:20.152326,Malviya Nagar,125.4,30.76,57.91,469.0
2026-07-28 23:51:20.152326,Malviya Nagar,132.0,31.32,55.52,456.7
2026-07-29 00:51:20.152326,Malviya Nagar,119.1,30.85,60.6,455.5
2026-07-29 01:51:20.152326,Malviya Nagar,128.8,29.2,54.67,443.8
2026-07-29 02:51:20.152326,Malviya Nagar,123.7,29.49,52.45,467.9
2026-07-29 03:51:20.152326,Malviya Nagar,137.5,33.96,64.48,472.0
2026-07-29 04:51:20.152326,Malviya Nagar,122.7,26.89,49.58,481.3
2026-07-29 05:51:20.152326,Malviya Nagar,128.1,31.62,61.16,471.5
2026-07-29 06:51:20.152326,Malviya Nagar,124.5,34.02,61.54,463.1
2026-07-29 07:51:20.152326,Malviya Nagar,139.7,35.24,65.67,467.1
2026-07-29 08:51:20.152326,Malviya Nagar,147.4,35.65,64.69,454.6
2026-07-29 09:51:20.152326,Malviya Nagar,141.1,33.87,61.83,456.6
2026-07-29 10:51:20.152326,Malviya Nagar,136.6,30.45,59.4,484.2
2026-07-29 11:51:20.152326,Malviya Nagar,127.2,28.47,48.03,470.0
2026-07-29 12:51:20.152326,Malviya Nagar,125.3,29.7,58.5,457.4
2026-07-29 13:51:20.152326,Malviya Nagar,131.7,33.96,62.15,465.7
2026-07-29 14:51:20.152326,Malviya Nagar,130.7,29.34,52.26,458.1
2026-07-29 15:51:20.152326,Malviya Nagar,120.2,25.72,50.31,468.3
2026-07-29 16:51:20.152326,Malviya Nagar,121.4,30.56,51.83,474.0
2026-07-29 17:51:20.152326,Malviya Nagar,148.1,35.47,66.26,458.9
2026-07-29 18:51:20.152326,Malviya Nagar,146.2,37.85,71.29,474.3
2026-07-29 19:51:20.152326,Malviya Nagar,156.7,39.21,73.35,463.9
2026-07-29 20:51:20.152326,Malviya Nagar,141.5,35.62,63.94,443.3
2026-07-29 21:51:20.152326,Malviya Nagar,132.6,31.61,61.44,464.1
2026-07-29 22:51:20.152326,Malviya Nagar,116.8,28.23,51.5,468.5
2026-07-29 23:51:20.152326,Malviya Nagar,137.3,32.79,59.23,464.1
2026-07-30 00:51:20.152326,Malviya Nagar,137.6,33.72,60.33,476.0
2026-07-30 01:51:20.152326,Malviya Nagar,115.4,26.9,52.73,468.0
2026-07-30 02:51:20.152326,Malviya Nagar,144.0,31.09,52.92,484.2
2026-07-30 03:51:20.152326,Malviya Nagar,134.6,33.71,62.8,473.5
2026-07-30 04:51:20.152326,Malviya Nagar,140.5,31.91,54.48,481.7
2026-07-30 05:51:20.152326,Malviya Nagar,123.4,28.41,49.73,479.7
2026-07-30 06:51:20.152326,Malviya Nagar,122.8,29.75,52.92,456.8
2026-07-30 07:51:20.152326,Malviya Nagar,141.7,37.89,74.73,496.3
2026-07-30 08:51:20.152326,Malviya Nagar,141.1,38.37,71.15,442.3
2026-07-30 09:51:20.152326,Malviya Nagar,160.9,41.74,84.01,474.4
2026-07-30 10:51:20.152326,Malviya Nagar,119.3,30.36,54.21,453.5
2026-07-30 11:51:20.152326,Malviya Nagar,133.5,31.0,56.02,471.9
2026-07-30 12:51:20.152326,Malviya Nagar,134.3,28.81,48.98,441.3
2026-07-30 13:51:20.152326,Malviya Nagar,128.7,27.71,51.75,442.1
2026-07-30 14:51:20.152326,Malviya Nagar,124.4,26.87,48.2,460.1
2026-07-30 15:51:20.152326,Malviya Nagar,132.6,30.55,52.07,432.0
2026-07-30 16:51:20.152326,Malviya Nagar,135.0,30.98,55.82,481.9
2026-07-30 17:51:20.152326,Malviya Nagar,141.8,35.6,60.52,490.0
2026-07-30 18:51:20.152326,Malviya Nagar,130.7,28.91,54.16,461.9
2026-07-30 19:51:20.152326,Malviya Nagar,147.2,36.12,73.82,462.5
2026-07-30 20:51:20.152326,Malviya Nagar,116.8,28.99,50.17,459.6
2026-07-30 21:51:20.152326,Malviya Nagar,130.9,31.02,58.59,460.9
2026-07-30 22:51:20.152326,Malviya Nagar,131.3,32.14,60.96,472.8
2026-07-30 23:51:20.152326,Malviya Nagar,122.6,30.04,54.59,461.2
2026-07-31 00:51:20.152326,Malviya Nagar,123.3,29.17,50.98,455.1
2026-07-31 01:51:20.152326,Malviya Nagar,121.9,30.82,58.5,462.9
2026-07-31 02:51:20.152326,Malviya Nagar,120.0,25.22,48.28,451.7
2026-07-31 03:51:20.152326,Malviya Nagar,123.3,30.39,53.85,480.2
2026-07-31 04:51:20.152326,Malviya Nagar,137.1,31.85,55.29,468.8
2026-07-31 05:51:20.152326,Malviya Nagar,129.2,35.11,67.7,451.7
2026-07-31 06:51:20.152326,Malviya Nagar,142.2,31.51,58.59,477.8
2026-07-31 07:51:20.152326,Malviya Nagar,148.0,37.1,71.21,485.5
2026-07-31 08:51:20.152326,Malviya Nagar,139.5,34.93,66.5,461.2
2026-07-31 09:51:20.152326,Malviya Nagar,145.6,35.73,66.82,452.2
2026-07-31 10:51:20.152326,Malviya Nagar,130.0,34.22,64.03,497.2
2026-07-31 11:51:20.152326,Malviya Nagar,120.0,28.43,51.79,438.6
2026-07-31 12:51:20.152326,Malviya Nagar,121.3,31.14,56.66,470.1
2026-07-31 13:51:20.152326,Malviya Nagar,130.0,36.35,69.88,458.8
2026-07-31 14:51:20.152326,Malviya Nagar,118.0,30.1,52.7,473.5
2026-07-31 15:51:20.152326,Malviya Nagar,121.2,27.79,50.45,442.7
2026-07-31 16:51:20.152326,Malviya Nagar,144.3,33.41,59.45,463.8
2026-07-31 17:51:20.152326,Malviya Nagar,143.1,35.49,65.13,463.2
2026-07-31 18:51:20.152326,Malviya Nagar,149.4,35.49,66.12,480.7
2026-07-31 19:51:20.152326,Malviya Nagar,138.1,31.38,57.52,486.1
2026-07-31 20:51:20.152326,Malviya Nagar,125.2,30.93,51.62,473.4
2026-07-31 21:51:20.152326,Malviya Nagar,136.3,32.2,60.39,504.0
2026-07-31 22:51:20.152326,Malviya Nagar,131.2,30.3,54.78,460.8
2026-07-31 23:51:20.152326,Malviya Nagar,137.7,29.05,57.56,487.3
2026-08-01 00:51:20.152326,Malviya Nagar,123.2,32.87,60.35,440.3
2026-08-01 01:51:20.152326,Malviya Nagar,138.8,31.72,57.54,435.3
2026-08-01 02:51:20.152326,Malviya Nagar,121.2,29.9,53.91,461.0
2026-08-01 03:51:20.152326,Malviya Nagar,138.2,32.26,56.57,469.3
2026-08-01 04:51:20.152326,Malviya Nagar,136.6,31.47,57.4,474.2
2026-08-01 05:51:20.152326,Malviya Nagar,120.7,29.42,51.97,461.2
2026-08-01 06:51:20.152326,Malviya Nagar,123.3,29.23,55.06,462.1
2026-08-01 07:51:20.152326,Malviya Nagar,150.0,34.67,65.45,482.2
2026-08-01 08:51:20.152326,Malviya Nagar,161.2,38.67,74.92,496.9
2026-08-01 09:51:20.152326,Malviya Nagar,138.4,33.43,65.45,456.8
2026-08-01 10:51:20.152326,Malviya Nagar,131.0,34.1,59.55,462.5
2026-08-01 11:51:20.152326,Malviya Nagar,126.7,28.6,55.81,466.7
2026-08-01 12:51:20.152326,Malviya Nagar,126.9,29.64,55.27,462.3
2026-08-01 13:51:20.152326,Malviya Nagar,132.6,33.69,65.05,452.8
2026-08-01 14:51:20.152326,Malviya Nagar,127.8,29.59,58.9,476.6
2026-08-01 15:51:20.152326,Malviya Nagar,128.8,31.16,59.09,457.2
2026-08-01 16:51:20.152326,Malviya Nagar,136.3,33.5,60.93,470.1
2026-08-01 17:51:20.152326,Malviya Nagar,134.4,34.71,61.72,469.7
2026-08-01 18:51:20.152326,Malviya Nagar,146.1,35.6,65.11,486.8
2026-08-01 19:51:20.152326,Malviya Nagar,147.1,33.75,61.76,450.8
2026-08-01 20:51:20.152326,Malviya Nagar,135.3,33.89,60.73,472.8
2026-08-01 21:51:20.152326,Malviya Nagar,125.4,26.71,51.79,465.8
2026-08-01 22:51:20.152326,Malviya Nagar,137.2,32.75,68.9,443.0
2026-08-01 23:51:20.152326,Malviya Nagar,118.7,29.49,54.34,474.4
2026-08-02 00:51:20.152326,Malviya Nagar,140.5,35.38,62.57,464.6
2026-08-02 01:51:20.152326,Malviya Nagar,136.5,31.96,57.31,464.3
2026-08-02 02:51:20.152326,Malviya Nagar,145.5,35.44,61.9,480.5
2026-08-02 03:51:20.152326,Malviya Nagar,133.2,29.13,50.91,477.9
2026-08-02 04:51:20.152326,Malviya Nagar,132.0,35.59,62.37,466.6
2026-08-02 05:51:20.152326,Malviya Nagar,138.8,33.01,62.73,452.9
2026-08-02 06:51:20.152326,Malviya Nagar,130.4,31.1,54.75,467.1
2026-08-02 07:51:20.152326,Malviya Nagar,145.5,36.63,67.32,484.4
2026-08-02 08:51:20.152326,Malviya Nagar,133.7,32.04,65.08,481.9
2026-08-02 09:51:20.152326,Malviya Nagar,150.9,35.32,65.91,492.4
2026-08-02 10:51:20.152326,Malviya Nagar,138.3,32.77,60.54,496.3
2026-08-02 11:51:20.152326,Malviya Nagar,129.3,30.66,54.24,464.8
2026-08-02 12:51:20.152326,Malviya Nagar,133.6,34.7,59.6,450.2
2026-08-02 13:51:20.152326,Malviya Nagar,138.9,35.5,66.16,494.3
2026-08-02 14:51:20.152326,Malviya Nagar,136.4,35.44,63.85,476.1
2026-08-02 15:51:20.152326,Malviya Nagar,131.2,31.35,59.97,474.5
2026-08-02 16:51:20.152326,Malviya Nagar,132.2,32.96,63.28,485.1
2026-08-02 17:51:20.152326,Malviya Nagar,149.0,35.74,66.76,485.7
2026-08-02 18:51:20.152326,Malviya Nagar,143.7,33.94,59.66,459.2
2026-08-02 19:51:20.152326,Malviya Nagar,143.9,35.21,61.19,450.4
2026-08-02 20:51:20.152326,Malviya Nagar,130.5,30.23,56.08,458.4
2026-08-02 21:51:20.152326,Malviya Nagar,140.3,34.85,66.86,478.1
2026-08-02 22:51:20.152326,Malviya Nagar,122.4,31.88,61.77,489.2
2026-08-02 23:51:20.152326,Malviya Nagar,138.4,30.72,58.24,485.9
2026-08-03 00:51:20.152326,Malviya Nagar,120.2,29.93,55.85,471.1
2026-08-03 01:51:20.152326,Malviya Nagar,128.0,33.69,64.1,455.2
2026-08-03 02:51:20.152326,Malviya Nagar,126.8,35.1,65.18,455.0
2026-08-03 03:51:20.152326,Malviya Nagar,112.4,23.94,41.01,450.0
2026-08-03 04:51:20.152326,Malviya Nagar,141.3,34.26,64.35,455.6
2026-08-03 05:51:20.152326,Malviya Nagar,127.9,30.07,53.21,472.4
2026-08-03 06:51:20.152326,Malviya Nagar,118.7,27.59,51.49,469.5
2026-08-03 07:51:20.152326,Malviya Nagar,164.2,37.11,71.86,481.9
2026-08-03 08:51:20.152326,Malviya Nagar,149.4,35.58,69.6,476.8
2026-08-03 09:51:20.152326,Malviya Nagar,142.7,32.48,56.44,452.2
2026-08-03 10:51:20.152326,Malviya Nagar,138.0,37.43,73.16,455.9
2026-08-03 11:51:20.152326,Malviya Nagar,123.7,26.89,51.47,438.8
2026-08-03 12:51:20.152326,Malviya Nagar,116.1,28.08,46.02,428.1
2026-08-03 13:51:20.152326,Malviya Nagar,125.1,29.26,52.24,473.2
2026-08-03 14:51:20.152326,Malviya Nagar,129.5,30.94,53.56,468.9
2026-08-03 15:51:20.152326,Malviya Nagar,123.5,30.58,49.02,478.8
2026-08-03 16:51:20.152326,Malviya Nagar,125.9,33.16,62.78,441.2
2026-08-03 17:51:20.152326,Malviya Nagar,126.9,30.56,58.2,475.1
2026-08-03 18:51:20.152326,Malviya Nagar,153.9,40.42,74.77,487.8
2026-08-03 19:51:20.152326,Malviya Nagar,139.2,32.26,59.03,475.7
2026-08-03 20:51:20.152326,Malviya Nagar,118.5,27.51,47.48,467.0
2026-08-03 21:51:20.152326,Malviya Nagar,127.4,30.66,54.69,453.1
2026-08-03 22:51:20.152326,Malviya Nagar,133.7,30.61,54.17,453.3
2026-08-03 23:51:20.152326,Malviya Nagar,119.0,26.75,55.33,445.9
2026-08-04 00:51:20.152326,Malviya Nagar,129.9,32.01,59.04,476.3
2026-08-04 01:51:20.152326,Malviya Nagar,122.9,31.86,56.55,436.2
2026-08-04 02:51:20.152326,Malviya Nagar,138.7,34.7,66.28,454.5
2026-08-04 03:51:20.152326,Malviya Nagar,126.4,29.48,53.99,489.8
2026-08-04 04:51:20.152326,Malviya Nagar,135.3,35.12,67.69,475.3
2026-08-04 05:51:20.152326,Malviya Nagar,119.3,29.36,52.71,453.3
2026-08-04 06:51:20.152326,Malviya Nagar,124.6,30.05,56.35,463.3
2026-08-04 07:51:20.152326,Malviya Nagar,137.2,32.32,53.95,445.0
2026-08-04 08:51:20.152326,Malviya Nagar,145.8,35.88,65.44,486.3
2026-08-04 09:51:20.152326,Malviya Nagar,154.6,35.39,65.99,475.9
2026-08-04 10:51:20.152326,Malviya Nagar,128.5,31.93,60.67,460.1
2026-08-04 11:51:20.152326,Malviya Nagar,131.7,33.24,62.18,465.8
2026-08-04 12:51:20.152326,Malviya Nagar,132.0,29.54,55.32,459.5
2026-08-04 13:51:20.152326,Malviya Nagar,121.9,25.08,51.26,457.0
2026-08-04 14:51:20.152326,Malviya Nagar,123.9,29.84,51.12,471.2
2026-08-04 15:51:20.152326,Malviya Nagar,131.4,31.63,55.08,439.0
2026-08-04 16:51:20.152326,Malviya Nagar,125.1,29.67,57.49,460.4
2026-08-04 17:51:20.152326,Malviya Nagar,156.7,37.6,69.03,481.2
2026-08-04 18:51:20.152326,Malviya Nagar,147.2,38.58,69.83,427.8
2026-08-04 19:51:20.152326,Malviya Nagar,147.3,35.13,62.9,456.2
2026-08-04 20:51:20.152326,Malviya Nagar,127.9,31.46,58.31,471.8
2026-08-04 21:51:20.152326,Malviya Nagar,130.4,34.1,61.69,463.3
2026-08-04 22:51:20.152326,Malviya Nagar,133.1,31.87,55.56,478.8
2026-08-04 23:51:20.152326,Malviya Nagar,126.9,33.66,59.64,478.6
2026-08-05 00:51:20.152326,Malviya Nagar,126.3,29.86,59.78,477.6
2026-08-05 01:51:20.152326,Malviya Nagar,136.4,34.0,61.92,465.0
2026-08-05 02:51:20.152326,Malviya Nagar,128.8,31.32,56.8,465.9
2026-08-05 03:51:20.152326,Malviya Nagar,128.0,27.68,48.47,440.7
2026-08-05 04:51:20.152326,Malviya Nagar,127.8,34.53,65.15,499.7
2026-08-05 05:51:20.152326,Malviya Nagar,135.4,30.47,49.98,484.9
2026-08-05 06:51:20.152326,Malviya Nagar,132.4,30.56,54.67,485.8
2026-08-05 07:51:20.152326,Malviya Nagar,140.3,31.22,59.14,504.0
2026-08-05 08:51:20.152326,Malviya Nagar,143.3,32.84,54.95,487.8
2026-08-05 09:51:20.152326,Malviya Nagar,150.4,36.3,73.99,493.6
2026-08-05 10:51:20.152326,Malviya Nagar,125.6,30.45,56.42,455.3
2026-08-05 11:51:20.152326,Malviya Nagar,138.3,32.62,59.93,487.8
2026-08-05 12:51:20.152326,Malviya Nagar,121.5,28.26,49.33,453.3
2026-08-05 13:51:20.152326,Malviya Nagar,125.9,28.77,49.99,467.6
2026-08-05 14:51:20.152326,Malviya Nagar,132.8,34.1,66.6,472.8
2026-08-05 15:51:20.152326,Malviya Nagar,122.5,27.14,51.12,452.5
2026-08-05 16:51:20.152326,Malviya Nagar,123.9,32.04,62.23,460.4
2026-08-05 17:51:20.152326,Malviya Nagar,134.8,32.04,56.48,476.6
2026-08-05 18:51:20.152326,Malviya Nagar,148.5,34.37,66.41,473.1
2026-08-05 19:51:20.152326,Malviya Nagar,144.4,31.5,56.97,474.8
2026-08-05 20:51:20.152326,Malviya Nagar,154.0,36.57,69.36,480.4
2026-08-05 21:51:20.152326,Malviya Nagar,119.6,29.25,49.8,449.2
2026-08-05 22:51:20.152326,Malviya Nagar,120.6,27.15,48.1,439.1
2026-08-05 23:51:20.152326,Malviya Nagar,120.4,27.92,47.19,436.1
2026-08-06 00:51:20.152326,Malviya Nagar,140.9,33.54,61.5,454.6
2026-08-06 01:51:20.152326,Malviya Nagar,138.3,32.6,55.15,468.2
2026-08-06 02:51:20.152326,Malviya Nagar,134.1,33.17,61.5,435.0
2026-08-06 03:51:20.152326,Malviya Nagar,135.1,29.75,54.76,474.0
2026-08-06 04:51:20.152326,Malviya Nagar,108.3,28.33,50.81,474.6
2026-08-06 05:51:20.152326,Malviya Nagar,131.1,35.05,61.79,487.0
2026-08-06 06:51:20.152326,Malviya Nagar,131.9,30.32,58.14,442.0
2026-08-06 07:51:20.152326,Malviya Nagar,148.1,35.05,69.96,457.9
2026-08-06 08:51:20.152326,Malviya Nagar,138.1,33.39,61.16,477.4
2026-08-06 09:51:20.152326,Malviya Nagar,145.9,32.6,56.53,490.9
2026-08-06 10:51:20.152326,Malviya Nagar,129.0,31.64,53.35,473.9
2026-08-06 11:51:20.152326,Malviya Nagar,139.6,33.12,63.37,446.7
2026-08-06 12:51:20.152326,Malviya Nagar,133.8,30.44,57.25,458.9
2026-08-06 13:51:20.152326,Malviya Nagar,117.1,30.87,54.98,480.5
2026-08-06 14:51:20.152326,Malviya Nagar,140.5,36.9,69.31,486.1
2026-08-06 15:51:20.152326,Malviya Nagar,121.1,30.9,56.27,422.8
2026-08-06 16:51:20.152326,Malviya Nagar,134.1,34.2,68.07,465.2
2026-08-06 17:51:20.152326,Malviya Nagar,139.0,35.21,64.97,465.6
2026-08-06 18:51:20.152326,Malviya Nagar,131.8,34.36,62.17,462.9
2026-08-06 19:51:20.152326,Malviya Nagar,138.4,30.13,51.93,462.4
2026-08-06 20:51:20.152326,Malviya Nagar,122.2,24.73,47.99,470.4
2026-08-06 21:51:20.152326,Malviya Nagar,114.4,28.25,53.37,451.8
2026-08-06 22:51:20.152326,Malviya Nagar,128.3,29.61,51.22,459.1
2026-08-06 23:51:20.152326,Malviya Nagar,134.7,30.17,58.64,465.5
2026-08-07 00:51:20.152326,Malviya Nagar,127.0,31.08,61.01,464.5
2026-08-07 01:51:20.152326,Malviya Nagar,123.8,30.36,58.95,478.0
2026-08-07 02:51:20.152326,Malviya Nagar,138.1,31.83,55.16,468.3
2026-08-07 03:51:20.152326,Malviya Nagar,122.0,31.07,65.33,458.0
2026-08-07 04:51:20.152326,Malviya Nagar,124.2,30.17,55.63,452.7
2026-08-07 05:51:20.152326,Malviya Nagar,122.4,30.36,55.36,455.8
2026-08-07 06:51:20.152326,Malviya Nagar,120.2,33.16,58.69,469.1
2026-08-07 07:51:20.152326,Malviya Nagar,169.2,37.99,72.17,474.5
2026-08-07 08:51:20.152326,Malviya Nagar,154.1,33.16,66.74,459.3
2026-08-07 09:51:20.152326,Malviya Nagar,145.1,30.16,58.09,487.1
2026-08-07 10:51:20.152326,Malviya Nagar,133.3,32.35,55.35,459.7
2026-08-07 11:51:20.152326,Malviya Nagar,132.8,31.55,55.06,450.9
2026-08-07 12:51:20.152326,Malviya Nagar,131.5,32.65,61.94,477.8
2026-08-07 13:51:20.152326,Malviya Nagar,127.9,29.51,54.39,449.3
2026-08-07 14:51:20.152326,Malviya Nagar,132.7,29.02,52.58,447.1
2026-08-07 15:51:20.152326,Malviya Nagar,138.5,33.54,57.9,487.5
2026-08-07 16:51:20.152326,Malviya Nagar,131.7,29.47,53.85,453.0
2026-08-07 17:51:20.152326,Malviya Nagar,144.4,33.91,62.78,475.5
2026-08-07 18:51:20.152326,Malviya Nagar,138.6,33.56,60.38,449.5
2026-08-07 19:51:20.152326,Malviya Nagar,149.5,33.44,62.77,489.9
2026-08-07 20:51:20.152326,Malviya Nagar,137.3,31.39,54.39,471.7
2026-08-07 21:51:20.152326,Malviya Nagar,121.2,26.62,47.82,472.2
2026-08-07 22:51:20.152326,Malviya Nagar,128.4,31.75,63.27,457.0
2026-08-07 23:51:20.152326,Malviya Nagar,122.5,32.79,61.2,459.1
2026-08-08 00:51:20.152326,Malviya Nagar,124.7,29.32,52.84,461.9
2026-08-08 01:51:20.152326,Malviya Nagar,125.3,27.99,53.06,460.3
2026-08-08 02:51:20.152326,Malviya Nagar,133.8,33.51,63.33,466.5
2026-08-08 03:51:20.152326,Malviya Nagar,121.4,29.84,56.05,471.0
2026-08-08 04:51:20.152326,Malviya Nagar,124.6,29.76,53.5,473.4
2026-08-08 05:51:20.152326,Malviya Nagar,127.8,27.23,49.69,471.9
2026-08-08 06:51:20.152326,Malviya Nagar,123.4,25.5,45.82,468.2
2026-08-08 07:51:20.152326,Malviya Nagar,145.2,33.85,59.5,486.9
2026-08-08 08:51:20.152326,Malviya Nagar,130.0,30.34,56.31,477.1
2026-08-08 09:51:20.152326,Malviya Nagar,154.0,38.95,69.22,466.3
2026-08-08 10:51:20.152326,Malviya Nagar,121.9,32.9,59.86,464.7
2026-08-08 11:51:20.152326,Malviya Nagar,126.2,28.87,57.05,483.1
2026-08-08 12:51:20.152326,Malviya Nagar,134.0,30.59,56.67,459.6
2026-08-08 13:51:20.152326,Malviya Nagar,143.9,38.11,70.1,475.6
2026-08-08 14:51:20.152326,Malviya Nagar,136.4,31.25,57.34,458.1
2026-08-08 15:51:20.152326,Malviya Nagar,125.5,30.72,54.59,469.7
2026-08-08 16:51:20.152326,Malviya Nagar,131.1,34.06,59.85,466.5
2026-08-08 17:51:20.152326,Malviya Nagar,146.3,40.79,74.11,482.4
2026-08-08 18:51:20.152326,Malviya Nagar,155.7,35.08,64.29,462.8
2026-08-08 19:51:20.152326,Malviya Nagar,136.7,33.8,62.88,463.5
2026-08-08 20:51:20.152326,Malviya Nagar,142.7,33.86,62.32,466.9
2026-08-08 21:51:20.152326,Malviya Nagar,125.4,33.68,62.06,460.9
2026-08-08 22:51:20.152326,Malviya Nagar,139.2,39.17,76.53,490.0
2026-08-08 23:51:20.152326,Malviya Nagar,127.2,32.85,58.85,464.2
2026-08-09 00:51:20.152326,Malviya Nagar,125.2,29.15,56.41,484.6
2026-08-09 01:51:20.152326,Malviya Nagar,109.5,23.76,46.22,458.9
2026-08-09 02:51:20.152326,Malviya Nagar,135.1,33.9,57.83,476.2
2026-08-09 03:51:20.152326,Malviya Nagar,134.2,29.99,57.86,466.3
2026-08-09 04:51:20.152326,Malviya Nagar,134.4,34.39,63.15,453.4
2026-08-09 05:51:20.152326,Malviya Nagar,135.7,34.51,61.26,449.5
2026-08-09 06:51:20.152326,Malviya Nagar,121.2,29.4,57.32,452.1
2026-08-09 07:51:20.152326,Malviya Nagar,137.3,30.53,55.35,435.0
2026-08-09 08:51:20.152326,Malviya Nagar,141.6,28.87,53.92,477.7
2026-08-09 09:51:20.152326,Malviya Nagar,153.6,37.69,70.9,492.0
2026-08-09 10:51:20.152326,Malviya Nagar,113.5,28.14,52.39,493.4
2026-08-09 11:51:20.152326,Malviya Nagar,123.7,30.45,50.94,481.1
2026-08-09 12:51:20.152326,Malviya Nagar,136.3,32.05,60.63,470.5
2026-08-09 13:51:20.152326,Malviya Nagar,119.2,28.64,58.06,448.7
2026-08-09 14:51:20.152326,Malviya Nagar,134.6,35.24,65.43,473.3
2026-08-09 15:51:20.152326,Malviya Nagar,131.9,31.44,58.77,441.5
2026-08-09 16:51:20.152326,Malviya Nagar,129.6,32.63,58.19,471.2
2026-08-09 17:51:20.152326,Malviya Nagar,131.2,31.83,59.67,472.9
2026-08-09 18:51:20.152326,Malviya Nagar,143.5,35.12,63.21,464.3
2026-08-09 19:51:20.152326,Malviya Nagar,144.3,35.97,64.22,447.4
2026-08-09 20:51:20.152326,Malviya Nagar,126.8,32.93,58.9,447.8
2026-08-09 21:51:20.152326,Malviya Nagar,139.5,33.05,58.14,458.1
2026-08-09 22:51:20.152326,Malviya Nagar,122.8,31.7,58.77,479.8
2026-08-09 23:51:20.152326,Malviya Nagar,123.8,30.15,57.51,459.5
2026-08-10 00:51:20.152326,Malviya Nagar,136.7,30.1,56.21,494.8
2026-08-10 01:51:20.152326,Malviya Nagar,142.0,34.77,63.05,448.8
2026-08-10 02:51:20.152326,Malviya Nagar,124.4,30.9,55.88,468.6
2026-08-10 03:51:20.152326,Malviya Nagar,116.4,29.78,57.46,448.1
2026-08-10 04:51:20.152326,Malviya Nagar,116.7,27.49,49.83,474.0
2026-08-10 05:51:20.152326,Malviya Nagar,121.6,29.79,55.75,453.5
2026-08-10 06:51:20.152326,Malviya Nagar,140.5,34.43,64.2,506.8
2026-08-10 07:51:20.152326,Malviya Nagar,144.8,31.5,59.01,474.7
2026-08-10 08:51:20.152326,Malviya Nagar,155.4,37.36,69.22,496.5
2026-08-10 09:51:20.152326,Malviya Nagar,145.4,36.67,67.63,477.8
2026-08-10 10:51:20.152326,Malviya Nagar,137.4,32.48,60.63,466.4
2026-08-10 11:51:20.152326,Malviya Nagar,139.5,31.74,57.02,467.2
2026-08-10 12:51:20.152326,Malviya Nagar,126.2,31.29,61.93,456.9
2026-08-10 13:51:20.152326,Malviya Nagar,123.1,32.73,60.44,471.5
2026-08-10 14:51:20.152326,Malviya Nagar,121.7,28.36,52.62,441.8
2026-08-10 15:51:20.152326,Malviya Nagar,134.8,33.56,62.53,461.5
2026-08-10 16:51:20.152326,Malviya Nagar,140.7,32.18,64.41,462.1
2026-08-10 17:51:20.152326,Malviya Nagar,151.7,36.51,64.92,464.7
2026-08-10 18:51:20.152326,Malviya Nagar,150.5,34.56,66.19,481.7
2026-08-10 19:51:20.152326,Malviya Nagar,139.8,32.02,59.55,469.9
2026-08-10 20:51:20.152326,Malviya Nagar,130.7,33.33,66.77,459.6
2026-08-10 21:51:20.152326,Malviya Nagar,130.5,29.84,53.08,468.0
2026-08-10 22:51:20.152326,Malviya Nagar,130.4,32.55,64.19,447.0
2026-08-10 23:51:20.152326,Malviya Nagar,128.2,30.54,54.47,469.7
2026-08-11 00:51:20.152326,Malviya Nagar,139.6,33.7,61.26,483.0
2026-08-11 01:51:20.152326,Malviya Nagar,134.3,33.31,61.66,482.0
2026-08-11 02:51:20.152326,Malviya Nagar,135.7,34.54,66.51,477.6
2026-08-11 03:51:20.152326,Malviya Nagar,116.0,25.51,49.12,454.4
2026-08-11 04:51:20.152326,Malviya Nagar,132.3,30.55,59.25,490.7
2026-08-11 05:51:20.152326,Malviya Nagar,133.6,29.63,58.71,481.6
2026-08-11 06:51:20.152326,Malviya Nagar,130.7,30.05,52.53,470.1
2026-08-11 07:51:20.152326,Malviya Nagar,148.0,37.4,69.96,478.3
2026-08-11 08:51:20.152326,Malviya Nagar,141.4,32.11,58.12,461.5
2026-08-11 09:51:20.152326,Malviya Nagar,141.1,34.18,61.68,467.6
2026-08-11 10:51:20.152326,Malviya Nagar,138.9,31.79,57.15,470.0
2026-08-11 11:51:20.152326,Malviya Nagar,132.3,27.53,52.78,471.1
2026-08-11 12:51:20.152326,Malviya Nagar,130.8,32.0,59.85,477.6
2026-08-11 13:51:20.152326,Malviya Nagar,125.5,32.67,60.63,483.2
2026-08-11 14:51:20.152326,Malviya Nagar,132.7,29.87,58.84,490.1
2026-08-11 15:51:20.152326,Malviya Nagar,130.9,36.72,71.48,445.1
2026-08-11 16:51:20.152326,Malviya Nagar,125.3,31.43,60.89,445.0
2026-08-11 17:51:20.152326,Malviya Nagar,144.7,33.34,63.93,475.8
2026-08-11 18:51:20.152326,Malviya Nagar,156.0,38.18,69.46,474.4
2026-08-11 19:51:20.152326,Malviya Nagar,157.9,37.04,79.67,477.6
2026-08-11 20:51:20.152326,Malviya Nagar,127.1,30.51,53.43,473.8
2026-08-11 21:51:20.152326,Malviya Nagar,122.2,29.11,56.72,440.7
2026-08-11 22:51:20.152326,Malviya Nagar,124.5,25.67,46.1,494.6
2026-08-11 23:51:20.152326,Malviya Nagar,141.5,31.82,57.04,489.9
2026-08-12 00:51:20.152326,Malviya Nagar,133.1,32.59,63.9,466.3
2026-08-12 01:51:20.152326,Malviya Nagar,136.0,34.81,65.07,470.8
2026-08-12 02:51:20.152326,Malviya Nagar,120.9,31.65,58.99,431.6
2026-08-12 03:51:20.152326,Malviya Nagar,118.3,30.05,57.24,460.9
2026-08-12 04:51:20.152326,Malviya Nagar,135.6,34.37,64.27,438.4
2026-08-12 05:51:20.152326,Malviya Nagar,134.3,31.58,61.39,449.4
2026-08-12 06:51:20.152326,Malviya Nagar,134.6,30.1,58.43,476.6
2026-08-12 07:51:20.152326,Malviya Nagar,147.6,32.38,60.38,466.8
2026-08-12 08:51:20.152326,Malviya Nagar,147.5,38.71,70.5,455.9
2026-08-12 09:51:20.152326,Malviya Nagar,148.7,36.46,69.47,471.0
2026-08-12 10:51:20.152326,Malviya Nagar,137.3,28.99,54.74,479.1
2026-08-12 11:51:20.152326,Malviya Nagar,130.1,33.13,60.63,460.0
2026-08-12 12:51:20.152326,Malviya Nagar,125.1,28.04,53.44,467.0
2026-08-12 13:51:20.152326,Malviya Nagar,125.3,29.09,55.74,486.3
2026-08-12 14:51:20.152326,Malviya Nagar,124.4,29.02,55.58,497.6
2026-08-12 15:51:20.152326,Malviya Nagar,122.2,34.7,64.15,452.4
2026-08-12 16:51:20.152326,Malviya Nagar,135.4,31.69,56.04,460.8
2026-08-12 17:51:20.152326,Malviya Nagar,134.9,33.62,66.49,496.8
2026-08-12 18:51:20.152326,Malviya Nagar,148.0,34.68,60.12,474.4
2026-08-12 19:51:20.152326,Malviya Nagar,159.8,37.8,68.69,469.3
2026-08-12 20:51:20.152326,Malviya Nagar,128.1,32.28,58.88,461.8
2026-08-12 21:51:20.152326,Malviya Nagar,129.6,28.37,49.18,475.3
2026-08-12 22:51:20.152326,Malviya Nagar,137.1,29.54,56.9,484.3
2026-08-12 23:51:20.152326,Malviya Nagar,134.5,30.34,59.51,475.5
2026-08-13 00:51:20.152326,Malviya Nagar,127.3,31.58,65.57,455.5
2026-08-13 01:51:20.152326,Malviya Nagar,127.3,31.6,59.82,453.2
2026-08-13 02:51:20.152326,Malviya Nagar,121.5,24.19,45.72,446.3
2026-08-13 03:51:20.152326,Malviya Nagar,120.1,28.03,56.13,467.3
2026-08-13 04:51:20.152326,Malviya Nagar,139.4,33.39,58.59,475.3
2026-08-13 05:51:20.152326,Malviya Nagar,118.3,28.74,48.78,475.4
2026-08-13 06:51:20.152326,Malviya Nagar,134.2,32.64,61.6,491.4
2026-08-13 07:51:20.152326,Malviya Nagar,147.4,36.96,64.05,458.1
2026-08-13 08:51:20.152326,Malviya Nagar,146.9,35.17,75.57,473.6
2026-08-13 09:51:20.152326,Malviya Nagar,141.0,33.13,57.24,495.3
2026-08-13 10:51:20.152326,Malviya Nagar,130.4,29.09,56.85,437.8
2026-08-13 11:51:20.152326,Malviya Nagar,129.7,29.83,55.74,466.9
2026-08-13 12:51:20.152326,Malviya Nagar,110.3,28.19,53.02,469.5
2026-08-13 13:51:20.152326,Malviya Nagar,130.7,31.2,62.65,486.0
2026-08-13 14:51:20.152326,Malviya Nagar,128.7,25.35,47.19,448.6
2026-08-13 15:51:20.152326,Malviya Nagar,119.7,27.03,47.19,438.6
2026-08-13 16:51:20.152326,Malviya Nagar,129.9,31.28,54.51,487.0
2026-08-13 17:51:20.152326,Malviya Nagar,156.8,39.0,72.09,470.7
2026-08-13 18:51:20.152326,Malviya Nagar,141.0,34.11,58.12,465.0
2026-08-13 19:51:20.152326,Malviya Nagar,149.0,36.22,70.16,451.5
2026-08-13 20:51:20.152326,Malviya Nagar,114.5,29.1,55.08,448.8
2026-08-13 21:51:20.152326,Malviya Nagar,136.7,34.33,59.16,446.0
2026-08-13 22:51:20.152326,Malviya Nagar,137.7,32.68,61.23,475.8
2026-08-13 23:51:20.152326,Malviya Nagar,120.6,27.31,49.14,459.6
2026-08-14 00:51:20.152326,Malviya Nagar,142.5,32.47,56.93,480.4
2026-08-14 01:51:20.152326,Malviya Nagar,130.9,32.34,58.09,453.1
2026-08-14 02:51:20.152326,Malviya Nagar,143.0,33.61,68.47,469.9
2026-08-14 03:51:20.152326,Malviya Nagar,132.0,33.04,64.15,488.7
2026-08-14 04:51:20.152326,Malviya Nagar,138.8,34.41,61.1,475.8
2026-08-14 05:51:20.152326,Malviya Nagar,137.0,31.19,60.43,465.0
2026-08-14 06:51:20.152326,Malviya Nagar,127.4,28.26,52.87,467.5
2026-08-14 07:51:20.152326,Malviya Nagar,140.6,31.75,57.44,492.7
2026-08-14 08:51:20.152326,Malviya Nagar,159.8,38.73,66.53,501.8
2026-08-14 09:51:20.152326,Malviya Nagar,141.9,35.97,59.41,457.1
2026-08-14 10:51:20.152326,Malviya Nagar,124.1,30.76,52.94,443.8
2026-08-14 11:51:20.152326,Malviya Nagar,132.8,32.72,66.94,441.8
2026-08-14 12:51:20.152326,Malviya Nagar,133.5,31.95,58.5,485.8
2026-08-14 13:51:20.152326,Malviya Nagar,122.9,31.35,57.76,454.8
2026-08-14 14:51:20.152326,Malviya Nagar,117.9,28.64,50.61,494.1
2026-08-14 15:51:20.152326,Malviya Nagar,136.1,32.3,60.72,455.2
2026-08-14 16:51:20.152326,Malviya Nagar,128.8,32.73,65.17,467.0
2026-08-14 17:51:20.152326,Malviya Nagar,134.8,33.98,64.13,432.2
2026-08-14 18:51:20.152326,Malviya Nagar,134.8,33.67,60.68,465.4
2026-08-14 19:51:20.152326,Malviya Nagar,127.2,30.32,53.37,456.5
2026-08-14 20:51:20.152326,Malviya Nagar,125.4,30.13,55.29,440.2
2026-08-14 21:51:20.152326,Malviya Nagar,135.2,32.89,57.72,480.8
2026-08-14 22:51:20.152326,Malviya Nagar,135.1,30.98,54.71,500.3
2026-08-14 23:51:20.152326,Malviya Nagar,116.0,27.73,46.16,452.9
2026-08-15 00:51:20.152326,Malviya Nagar,129.8,31.75,59.06,473.2
2026-08-15 01:51:20.152326,Malviya Nagar,127.7,29.71,56.89,455.1
2026-08-15 02:51:20.152326,Malviya Nagar,144.4,35.99,65.04,460.2
2026-08-15 03:51:20.152326,Malviya Nagar,124.6,27.04,48.05,474.5
2026-08-15 04:51:20.152326,Malviya Nagar,133.7,32.56,58.21,482.8
2026-08-15 05:51:20.152326,Malviya Nagar,114.9,25.9,49.71,459.8
2026-08-15 06:51:20.152326,Malviya Nagar,128.0,32.41,58.55,453.7
2026-08-15 07:51:20.152326,Malviya Nagar,142.1,33.07,59.48,461.9
2026-08-15 08:51:20.152326,Malviya Nagar,141.8,34.7,68.51,472.8
2026-08-15 09:51:20.152326,Malviya Nagar,144.3,37.75,72.81,481.6
2026-08-15 10:51:20.152326,Malviya Nagar,136.7,31.51,51.83,486.4
2026-08-15 11:51:20.152326,Malviya Nagar,137.8,32.18,57.75,461.6
2026-08-15 12:51:20.152326,Malviya Nagar,132.4,32.05,60.1,458.6
2026-08-15 13:51:20.152326,Malviya Nagar,122.8,27.6,49.78,457.2
2026-08-15 14:51:20.152326,Malviya Nagar,131.7,33.27,59.71,447.1
2026-08-15 15:51:20.152326,Malviya Nagar,114.6,28.57,51.68,470.8
2026-08-15 16:51:20.152326,Malviya Nagar,124.4,28.33,51.99,455.5
2026-08-15 17:51:20.152326,Malviya Nagar,143.6,36.5,68.02,481.2
2026-08-15 18:51:20.152326,Malviya Nagar,156.1,37.4,67.68,503.5
2026-08-15 19:51:20.152326,Malviya Nagar,149.6,35.99,63.92,465.5
2026-08-15 20:51:20.152326,Malviya Nagar,140.4,34.75,65.87,480.3
2026-08-15 21:51:20.152326,Malviya Nagar,115.0,24.39,46.77,454.5
2026-08-15 22:51:20.152326,Malviya Nagar,125.1,30.74,59.03,451.9
2026-08-15 23:51:20.152326,Malviya Nagar,122.7,30.14,55.1,463.7
2026-08-16 00:51:20.152326,Malviya Nagar,128.8,30.63,51.03,472.3
2026-08-16 01:51:20.152326,Malviya Nagar,145.1,37.6,71.66,463.2
2026-08-16 02:51:20.152326,Malviya Nagar,134.0,31.08,56.31,492.8
2026-08-16 03:51:20.152326,Malviya Nagar,134.5,33.4,59.18,454.1
2026-08-16 04:51:20.152326,Malviya Nagar,120.0,31.23,65.63,434.1
2026-08-16 05:51:20.152326,Malviya Nagar,130.6,30.24,55.61,469.8
2026-08-16 06:51:20.152326,Malviya Nagar,112.0,26.86,49.89,456.8
2026-08-16 07:51:20.152326,Malviya Nagar,138.9,32.02,62.16,460.2
2026-08-16 08:51:20.152326,Malviya Nagar,153.9,38.1,70.56,468.1
2026-08-16 09:51:20.152326,Malviya Nagar,145.6,33.99,59.3,464.5
2026-08-16 10:51:20.152326,Malviya Nagar,126.3,30.12,53.37,473.0
2026-08-16 11:51:20.152326,Malviya Nagar,119.6,30.77,55.96,451.9
2026-08-16 12:51:20.152326,Malviya Nagar,133.6,34.88,66.46,455.0
2026-08-16 13:51:20.152326,Malviya Nagar,129.0,31.18,55.53,479.8
2026-08-16 14:51:20.152326,Malviya Nagar,132.3,31.82,55.84,489.1
2026-08-16 15:51:20.152326,Malviya Nagar,126.4,29.27,51.32,485.4
2026-08-16 16:51:20.152326,Malviya Nagar,117.8,29.69,51.46,462.0
2026-08-16 17:51:20.152326,Malviya Nagar,147.7,35.4,67.62,472.8
2026-08-16 18:51:20.152326,Malviya Nagar,134.9,34.98,61.09,460.0
2026-08-16 19:51:20.152326,Malviya Nagar,142.3,34.68,61.46,479.5
2026-08-16 20:51:20.152326,Malviya Nagar,139.3,30.51,62.53,492.9
2026-08-16 21:51:20.152326,Malviya Nagar,118.4,24.97,44.86,459.9
2026-08-16 22:51:20.152326,Malviya Nagar,119.5,30.72,60.27,466.3
2026-08-16 23:51:20.152326,Malviya Nagar,131.2,30.23,60.73,468.2
2026-08-17 00:51:20.152326,Malviya Nagar,132.6,29.12,57.83,500.1
2026-08-17 01:51:20.152326,Malviya Nagar,123.6,28.75,58.11,488.2
2026-08-17 02:51:20.152326,Malviya Nagar,129.6,28.77,59.25,433.0
2026-08-17 03:51:20.152326,Malviya Nagar,128.5,28.99,58.41,472.2
2026-08-17 04:51:20.152326,Malviya Nagar,130.1,29.94,51.88,464.9
2026-08-17 05:51:20.152326,Malviya Nagar,113.7,22.49,43.2,474.3
2026-08-17 06:51:20.152326,Malviya Nagar,127.6,31.94,56.94,466.8
2026-08-17 07:51:20.152326,Malviya Nagar,125.7,29.79,57.31,475.2
2026-08-17 08:51:20.152326,Malviya Nagar,141.2,32.33,66.86,499.3
2026-08-17 09:51:20.152326,Malviya Nagar,151.4,37.44,68.73,460.9
2026-08-17 10:51:20.152326,Malviya Nagar,119.2,27.81,48.72,478.0
2026-08-17 11:51:20.152326,Malviya Nagar,129.7,29.95,58.93,473.5
2026-08-17 12:51:20.152326,Malviya Nagar,122.1,32.21,59.14,498.6
2026-08-17 13:51:20.152326,Malviya Nagar,150.9,38.66,74.59,478.2
2026-08-17 14:51:20.152326,Malviya Nagar,140.6,32.26,55.96,490.3
2026-08-17 15:51:20.152326,Malviya Nagar,141.4,33.17,58.36,463.1
2026-08-17 16:51:20.152326,Malviya Nagar,136.5,33.14,57.05,476.4
2026-08-17 17:51:20.152326,Malviya Nagar,137.0,33.44,62.9,470.1
2026-08-17 18:51:20.152326,Malviya Nagar,146.1,37.19,71.87,467.0
2026-08-17 19:51:20.152326,Malviya Nagar,156.2,37.57,76.77,489.5
2026-08-17 20:51:20.152326,Malviya Nagar,126.3,32.09,60.58,467.3
2026-08-17 21:51:20.152326,Malviya Nagar,119.3,25.61,51.34,449.7
2026-08-17 22:51:20.152326,Malviya Nagar,121.5,28.56,51.92,443.9
2026-08-17 23:51:20.152326,Malviya Nagar,131.4,32.41,60.98,449.6
2026-08-18 00:51:20.152326,Malviya Nagar,138.6,32.62,55.75,491.1
2026-08-18 01:51:20.152326,Malviya Nagar,137.9,31.55,61.21,469.2
2026-08-18 02:51:20.152326,Malviya Nagar,136.6,34.09,64.23,465.7
2026-08-18 03:51:20.152326,Malviya Nagar,125.9,31.18,58.41,427.7
2026-08-18 04:51:20.152326,Malviya Nagar,144.7,38.11,70.02,466.1
2026-08-18 05:51:20.152326,Malviya Nagar,137.5,37.3,66.49,442.0
2026-08-18 06:51:20.152326,Malviya Nagar,131.4,32.4,57.05,477.0
2026-08-18 07:51:20.152326,Malviya Nagar,160.0,36.97,70.91,451.8
2026-08-18 08:51:20.152326,Malviya Nagar,155.4,42.79,78.29,484.6
2026-08-18 09:51:20.152326,Malviya Nagar,147.3,32.52,59.82,481.0
2026-08-18 10:51:20.152326,Malviya Nagar,136.5,31.98,59.58,467.5
2026-08-18 11:51:20.152326,Malviya Nagar,123.3,30.07,57.06,488.2
2026-08-18 12:51:20.152326,Malviya Nagar,137.2,33.98,60.44,491.6
2026-08-18 13:51:20.152326,Malviya Nagar,129.9,30.24,56.08,459.9
2026-08-18 14:51:20.152326,Malviya Nagar,130.6,32.03,61.1,458.9
2026-08-18 15:51:20.152326,Malviya Nagar,123.2,29.52,52.18,433.3
2026-08-18 16:51:20.152326,Malviya Nagar,130.9,32.78,63.29,471.0
2026-08-18 17:51:20.152326,Malviya Nagar,130.6,32.57,60.27,442.1
2026-08-18 18:51:20.152326,Malviya Nagar,140.5,38.03,66.86,479.8
2026-08-18 19:51:20.152326,Malviya Nagar,147.5,35.13,64.09,470.3
2026-08-18 20:51:20.152326,Malviya Nagar,145.0,32.57,61.06,476.8
2026-08-18 21:51:20.152326,Malviya Nagar,111.7,24.52,45.17,424.5
2026-08-18 22:51:20.152326,Malviya Nagar,137.1,35.3,64.84,478.9
2026-08-18 23:51:20.152326,Malviya Nagar,124.7,28.62,53.4,474.4
2026-08-19 00:51:20.152326,Malviya Nagar,135.6,32.29,59.4,479.9
2026-08-19 01:51:20.152326,Malviya Nagar,148.1,34.74,63.12,477.6
2026-08-19 02:51:20.152326,Malviya Nagar,139.3,30.39,53.52,459.1
2026-08-19 03:51:20.152326,Malviya Nagar,118.8,30.58,54.1,486.0
2026-08-19 04:51:20.152326,Malviya Nagar,133.7,36.66,67.21,442.0
2026-08-19 05:51:20.152326,Malviya Nagar,144.7,34.3,65.25,477.9
2026-08-19 06:51:20.152326,Malviya Nagar,130.8,33.19,58.42,461.2
2026-08-19 07:51:20.152326,Malviya Nagar,147.0,34.39,59.29,462.6
2026-08-19 08:51:20.152326,Malviya Nagar,141.3,33.1,63.45,459.2
2026-08-19 09:51:20.152326,Malviya Nagar,146.5,34.48,65.69,486.3
2026-08-19 10:51:20.152326,Malviya Nagar,109.7,27.31,50.44,467.8
2026-08-19 11:51:20.152326,Malviya Nagar,138.6,34.66,62.92,462.1
2026-08-19 12:51:20.152326,Malviya Nagar,106.1,27.42,46.83,448.1
2026-08-19 13:51:20.152326,Malviya Nagar,132.8,29.39,51.92,470.4
2026-08-19 14:51:20.152326,Malviya Nagar,128.0,32.43,52.52,446.4
2026-08-19 15:51:20.152326,Malviya Nagar,124.9,29.74,51.17,474.3
2026-08-19 16:51:20.152326,Malviya Nagar,127.6,29.83,54.28,466.9
2026-08-19 17:51:20.152326,Malviya Nagar,139.5,35.92,71.27,474.4
2026-08-19 18:51:20.152326,Malviya Nagar,136.0,33.77,63.74,454.7
2026-08-19 19:51:20.152326,Malviya Nagar,130.1,31.01,57.42,466.6
2026-08-19 20:51:20.152326,Malviya Nagar,123.7,31.33,60.19,463.5
2026-08-19 21:51:20.152326,Malviya Nagar,120.9,28.56,55.97,467.3
2026-08-19 22:51:20.152326,Malviya Nagar,133.9,29.12,52.8,442.9
2026-08-19 23:51:20.152326,Malviya Nagar,153.8,36.72,65.51,490.3
2026-08-20 00:51:20.152326,Malviya Nagar,125.5,26.99,45.71,484.2
2026-08-20 01:51:20.152326,Malviya Nagar,126.3,30.31,63.56,494.0
2026-08-20 02:51:20.152326,Malviya Nagar,113.9,27.55,47.48,445.9
2026-08-20 03:51:20.152326,Malviya Nagar,128.6,30.44,60.13,474.8
2026-08-20 04:51:20.152326,Malviya Nagar,141.9,34.86,60.59,480.3
2026-08-20 05:51:20.152326,Malviya Nagar,123.7,30.54,54.51,440.8
2026-08-20 06:51:20.152326,Malviya Nagar,127.6,29.57,50.82,457.8
2026-08-20 07:51:20.152326,Malviya Nagar,139.1,36.81,65.01,478.6
2026-08-20 08:51:20.152326,Malviya Nagar,137.2,33.52,58.13,474.2
2026-08-20 09:51:20.152326,Malviya Nagar,146.5,37.75,70.61,481.9
2026-08-20 10:51:20.152326,Malviya Nagar,124.8,31.7,56.34,467.9
2026-08-20 11:51:20.152326,Malviya Nagar,148.0,34.54,67.57,446.7
2026-08-20 12:51:20.152326,Malviya Nagar,134.6,33.05,57.81,452.0
2026-08-20 13:51:20.152326,Malviya Nagar,135.8,31.97,57.55,474.2
2026-08-20 14:51:20.152326,Malviya Nagar,138.9,30.94,53.44,474.5
2026-08-20 15:51:20.152326,Malviya Nagar,123.2,27.69,48.8,482.6
2026-08-20 16:51:20.152326,Malviya Nagar,124.7,30.84,53.68,481.7
2026-08-20 17:51:20.152326,Malviya Nagar,144.8,37.48,70.61,469.5
2026-08-20 18:51:20.152326,Malviya Nagar,137.9,35.19,60.23,467.0
2026-08-20 19:51:20.152326,Malviya Nagar,139.9,36.2,66.87,469.5
2026-08-20 20:51:20.152326,Malviya Nagar,124.9,29.0,56.82,452.5
2026-08-20 21:51:20.152326,Malviya Nagar,106.7,22.46,46.03,458.2
2026-08-20 22:51:20.152326,Malviya Nagar,133.6,31.27,57.53,476.3
2026-08-20 23:51:20.152326,Malviya Nagar,141.4,37.53,70.47,463.3
2026-08-21 00:51:20.152326,Malviya Nagar,138.7,35.23,64.8,468.1
2026-08-21 01:51:20.152326,Malviya Nagar,119.7,30.78,54.82,456.8
2026-08-21 02:51:20.152326,Malviya Nagar,129.4,29.93,53.31,458.9
2026-08-21 03:51:20.152326,Malviya Nagar,130.1,33.42,61.08,466.5
2026-08-21 04:51:20.152326,Malviya Nagar,124.1,30.5,62.43,452.3
2026-08-21 05:51:20.152326,Malviya Nagar,128.1,26.71,46.53,464.1
2026-08-21 06:51:20.152326,Malviya Nagar,126.1,30.41,54.95,454.0
2026-08-21 07:51:20.152326,Malviya Nagar,145.5,32.02,59.84,470.4
2026-08-21 08:51:20.152326,Malviya Nagar,157.2,38.6,75.45,485.7
2026-08-21 09:51:20.152326,Malviya Nagar,151.7,36.27,67.1,476.5
2026-08-21 10:51:20.152326,Malviya Nagar,138.1,31.38,60.93,461.7
2026-08-21 11:51:20.152326,Malviya Nagar,133.0,33.95,63.65,463.1
2026-08-21 12:51:20.152326,Malviya Nagar,125.2,30.19,55.73,478.2
2026-08-21 13:51:20.152326,Malviya Nagar,121.1,29.15,53.72,461.2
2026-08-21 14:51:20.152326,Malviya Nagar,130.8,30.81,55.11,450.7
2026-08-21 15:51:20.152326,Malviya Nagar,139.0,31.18,56.75,483.4
2026-08-21 16:51:20.152326,Malviya Nagar,117.1,27.47,54.4,456.0
2026-08-21 17:51:20.152326,Malviya Nagar,134.6,32.05,56.57,470.8
2026-08-21 18:51:20.152326,Malviya Nagar,132.1,28.45,49.98,465.0
2026-08-21 19:51:20.152326,Malviya Nagar,147.3,35.73,61.0,451.5
2026-08-21 20:51:20.152326,Malviya Nagar,128.6,27.39,49.67,454.8
2026-08-21 21:51:20.152326,Malviya Nagar,126.0,26.46,47.17,441.6
2026-08-21 22:51:20.152326,Malviya Nagar,136.4,35.67,65.85,442.7
2026-08-21 23:51:20.152326,Malviya Nagar,117.5,27.15,44.49,490.3
2026-08-22 00:51:20.152326,Malviya Nagar,136.4,34.41,68.03,482.7
2026-08-22 01:51:20.152326,Malviya Nagar,122.1,32.96,65.78,468.2
2026-08-22 02:51:20.152326,Malviya Nagar,139.4,33.06,62.24,477.9
2026-08-22 03:51:20.152326,Malviya Nagar,121.7,31.28,60.08,456.0
2026-08-22 04:51:20.152326,Malviya Nagar,122.6,27.69,49.2,495.7
2026-08-22 05:51:20.152326,Malviya Nagar,116.7,29.84,51.92,419.4
2026-08-22 06:51:20.152326,Malviya Nagar,136.6,32.13,56.48,482.7
2026-08-22 07:51:20.152326,Malviya Nagar,147.5,35.75,75.78,478.7
2026-08-22 08:51:20.152326,Malviya Nagar,151.6,38.87,74.02,468.0
2026-08-22 09:51:20.152326,Malviya Nagar,146.1,35.02,65.34,481.0
2026-08-22 10:51:20.152326,Malviya Nagar,132.6,30.77,55.49,482.5
2026-08-22 11:51:20.152326,Malviya Nagar,135.4,30.97,56.07,456.5
2026-08-22 12:51:20.152326,Malviya Nagar,116.7,28.34,58.93,456.4
2026-08-22 13:51:20.152326,Malviya Nagar,116.0,28.28,54.31,500.8
2026-08-22 14:51:20.152326,Malviya Nagar,129.5,32.65,59.74,476.2
2026-08-22 15:51:20.152326,Malviya Nagar,122.0,26.65,51.01,467.6
2026-08-22 16:51:20.152326,Malviya Nagar,122.5,30.59,52.42,449.3
2026-08-22 17:51:20.152326,Malviya Nagar,143.6,32.87,54.2,471.6
2026-08-22 18:51:20.152326,Malviya Nagar,154.1,39.92,70.8,482.8
2026-08-22 19:51:20.152326,Malviya Nagar,139.7,34.56,63.7,469.8
2026-08-22 20:51:20.152326,Malviya Nagar,133.7,33.64,65.49,450.0
2026-08-22 21:51:20.152326,Malviya Nagar,134.1,31.81,62.72,470.2
2026-08-22 22:51:20.152326,Malviya Nagar,115.6,26.71,55.81,441.4
2026-08-22 23:51:20.152326,Malviya Nagar,129.7,31.5,56.71,459.8
2026-08-23 00:51:20.152326,Malviya Nagar,135.8,35.15,65.1,484.6
2026-08-23 01:51:20.152326,Malviya Nagar,133.2,31.62,52.55,484.5
2026-08-23 02:51:20.152326,Malviya Nagar,129.9,27.53,50.81,456.0
2026-08-23 03:51:20.152326,Malviya Nagar,125.0,29.31,52.83,464.1
2026-08-23 04:51:20.152326,Malviya Nagar,139.6,35.67,67.67,481.0
2026-08-23 05:51:20.152326,Malviya Nagar,120.4,27.74,55.6,453.7
2026-08-23 06:51:20.152326,Malviya Nagar,147.4,32.95,62.0,484.9
2026-08-23 07:51:20.152326,Malviya Nagar,136.7,32.34,60.44,467.6
2026-08-23 08:51:20.152326,Malviya Nagar,149.3,35.32,60.76,493.3
2026-08-23 09:51:20.152326,Malviya Nagar,149.6,35.96,68.84,480.4
2026-08-23 10:51:20.152326,Malviya Nagar,137.4,35.65,64.65,476.8
2026-08-23 11:51:20.152326,Malviya Nagar,128.3,32.32,58.33,447.5
2026-08-23 12:51:20.152326,Malviya Nagar,123.9,29.86,58.68,475.8
2026-08-23 13:51:20.152326,Malviya Nagar,139.0,32.58,63.37,457.8
2026-08-23 14:51:20.152326,Malviya Nagar,122.4,29.69,58.06,471.4
2026-08-23 15:51:20.152326,Malviya Nagar,124.7,30.12,56.19,469.2
2026-08-23 16:51:20.152326,Malviya Nagar,124.7,33.33,62.51,455.6
2026-08-23 17:51:20.152326,Malviya Nagar,155.1,39.56,69.4,479.1
2026-08-23 18:51:20.152326,Malviya Nagar,144.4,38.11,71.41,509.1
2026-08-23 19:51:20.152326,Malviya Nagar,145.3,34.59,66.27,461.1
2026-08-23 20:51:20.152326,Malviya Nagar,143.1,32.02,59.13,494.7
2026-08-23 21:51:20.152326,Malviya Nagar,124.4,31.52,59.67,459.8
2026-08-23 22:51:20.152326,Malviya Nagar,128.6,29.65,55.66,474.6
2026-08-23 23:51:20.152326,Malviya Nagar,131.7,29.56,55.91,487.8
2026-08-24 00:51:20.152326,Malviya Nagar,121.0,27.17,53.86,455.7
2026-08-24 01:51:20.152326,Malviya Nagar,135.0,35.57,66.2,474.0
2026-08-24 02:51:20.152326,Malviya Nagar,130.5,30.24,54.52,495.5
2026-08-24 03:51:20.152326,Malviya Nagar,133.7,30.52,59.94,472.5
2026-08-24 04:51:20.152326,Malviya Nagar,127.4,29.84,55.56,450.3
2026-08-24 05:51:20.152326,Malviya Nagar,117.1,25.39,44.43,433.7
2026-08-24 06:51:20.152326,Malviya Nagar,132.5,33.0,61.83,477.1
2026-08-24 07:51:20.152326,Malviya Nagar,157.5,39.51,73.77,477.1
2026-08-24 08:51:20.152326,Malviya Nagar,147.9,33.2,62.95,483.3
2026-08-24 09:51:20.152326,Malviya Nagar,135.0,35.71,65.84,486.8
2026-08-24 10:51:20.152326,Malviya Nagar,129.0,33.04,56.7,454.0
2026-08-24 11:51:20.152326,Malviya Nagar,111.9,26.03,52.81,444.8
2026-08-24 12:51:20.152326,Malviya Nagar,123.4,30.93,54.0,473.1
2026-08-24 13:51:20.152326,Malviya Nagar,117.2,28.79,55.93,453.9
2026-08-24 14:51:20.152326,Malviya Nagar,131.1,31.84,57.63,464.2
2026-08-24 15:51:20.152326,Malviya Nagar,133.4,35.01,66.88,475.5
2026-08-24 16:51:20.152326,Malviya Nagar,128.4,29.44,53.37,473.0
2026-08-24 17:51:20.152326,Malviya Nagar,143.5,34.22,63.41,479.0
2026-08-24 18:51:20.152326,Malviya Nagar,158.4,36.1,65.84,492.8
2026-08-24 19:51:20.152326,Malviya Nagar,152.0,34.38,60.32,478.1
2026-08-24 20:51:20.152326,Malviya Nagar,131.4,31.74,54.49,469.6
2026-08-24 21:51:20.152326,Malviya Nagar,127.0,28.35,56.2,465.9
2026-08-24 22:51:20.152326,Malviya Nagar,135.0,29.92,57.43,454.2
2026-08-24 23:51:20.152326,Malviya Nagar,141.4,33.76,60.14,449.7
2026-08-25 00:51:20.152326,Malviya Nagar,121.9,30.06,53.2,474.4
2026-08-25 01:51:20.152326,Malviya Nagar,130.2,29.07,54.73,473.9
2026-08-25 02:51:20.152326,Malviya Nagar,124.5,29.87,54.59,479.2
2026-08-25 03:51:20.152326,Malviya Nagar,141.2,35.74,63.11,493.5
2026-08-25 04:51:20.152326,Malviya Nagar,142.1,33.56,60.72,491.3
2026-08-25 05:51:20.152326,Malviya Nagar,123.5,28.01,52.01,459.9
2026-08-25 06:51:20.152326,Malviya Nagar,125.7,30.33,57.03,480.5
2026-08-25 07:51:20.152326,Malviya Nagar,148.2,32.68,55.17,488.7
2026-08-25 08:51:20.152326,Malviya Nagar,151.8,36.87,69.28,474.1
2026-08-25 09:51:20.152326,Malviya Nagar,147.8,36.24,66.8,465.2
2026-08-25 10:51:20.152326,Malviya Nagar,116.8,26.84,53.68,470.1
2026-08-25 11:51:20.152326,Malviya Nagar,127.3,34.13,63.81,437.1
2026-08-25 12:51:20.152326,Malviya Nagar,134.9,30.19,58.89,477.2
2026-08-25 13:51:20.152326,Malviya Nagar,117.9,28.94,53.06,450.3
2026-08-25 14:51:20.152326,Malviya Nagar,126.6,29.69,57.14,433.6
2026-08-25 15:51:20.152326,Malviya Nagar,126.1,27.78,52.65,445.1
2026-08-25 16:51:20.152326,Malviya Nagar,132.6,32.04,62.48,498.9
2026-08-25 17:51:20.152326,Malviya Nagar,143.2,31.21,59.63,486.3
2026-08-25 18:51:20.152326,Malviya Nagar,126.4,34.47,61.1,427.5
2026-08-25 19:51:20.152326,Malviya Nagar,143.5,36.3,67.64,469.1
2026-08-25 20:51:20.152326,Malviya Nagar,124.3,33.82,56.88,466.8
2026-08-25 21:51:20.152326,Malviya Nagar,127.6,30.61,58.05,443.2
2026-08-25 22:51:20.152326,Malviya Nagar,131.1,31.81,53.48,491.9
2026-08-25 23:51:20.152326,Malviya Nagar,132.7,29.64,56.04,457.5
2026-08-26 00:51:20.152326,Malviya Nagar,131.2,29.97,52.87,475.7
2026-08-26 01:51:20.152326,Malviya Nagar,140.3,31.67,53.34,474.8
2026-08-26 02:51:20.152326,Malviya Nagar,116.6,25.27,47.97,443.1
2026-08-26 03:51:20.152326,Malviya Nagar,134.2,30.71,59.87,465.7
2026-08-26 04:51:20.152326,Malviya Nagar,128.9,34.74,66.68,477.0
2026-08-26 05:51:20.152326,Malviya Nagar,120.4,29.91,54.22,446.4
2026-08-26 06:51:20.152326,Malviya Nagar,124.0,25.45,48.06,475.0
2026-08-26 07:51:20.152326,Malviya Nagar,146.1,34.37,63.3,478.9
2026-08-26 08:51:20.152326,Malviya Nagar,163.4,39.89,73.42,510.9
2026-08-26 09:51:20.152326,Malviya Nagar,135.2,30.51,52.57,462.2
2026-08-26 10:51:20.152326,Malviya Nagar,132.3,35.19,59.05,435.5
2026-08-26 11:51:20.152326,Malviya Nagar,145.2,34.36,61.89,452.6
2026-08-26 12:51:20.152326,Malviya Nagar,134.5,31.88,57.27,433.9
2026-08-26 13:51:20.152326,Malviya Nagar,139.5,33.07,58.14,491.7
2026-08-26 14:51:20.152326,Malviya Nagar,116.6,28.53,47.64,459.8
2026-08-26 15:51:20.152326,Malviya Nagar,141.1,35.78,67.13,458.5
2026-08-26 16:51:20.152326,Malviya Nagar,143.0,34.27,67.64,483.8
2026-08-26 17:51:20.152326,Malviya Nagar,140.6,32.85,63.72,478.3
2026-08-26 18:51:20.152326,Malviya Nagar,150.6,36.83,66.37,467.3
2026-08-26 19:51:20.152326,Malviya Nagar,121.7,28.33,47.47,447.1
2026-08-26 20:51:20.152326,Malviya Nagar,145.9,34.96,59.12,470.7
2026-08-26 21:51:20.152326,Malviya Nagar,131.9,31.13,56.99,472.4
2026-08-26 22:51:20.152326,Malviya Nagar,147.6,32.41,59.34,486.4
2026-08-26 23:51:20.152326,Malviya Nagar,154.4,37.01,61.34,475.0
2026-08-27 00:51:20.152326,Malviya Nagar,128.1,29.74,55.61,471.0
2026-08-27 01:51:20.152326,Malviya Nagar,126.9,26.65,43.6,458.3
2026-08-27 02:51:20.152326,Malviya Nagar,138.8,34.96,65.48,474.6
2026-08-27 03:51:20.152326,Malviya Nagar,141.3,32.24,61.32,471.2
2026-08-27 04:51:20.152326,Malviya Nagar,133.0,32.69,62.3,460.5
2026-08-27 05:51:20.152326,Malviya Nagar,125.8,27.59,49.55,457.1
2026-08-27 06:51:20.152326,Malviya Nagar,130.6,34.55,61.52,448.0
2026-08-27 07:51:20.152326,Malviya Nagar,152.1,37.31,75.16,455.0
2026-08-27 08:51:20.152326,Malviya Nagar,160.7,41.47,76.85,481.2
2026-08-27 09:51:20.152326,Malviya Nagar,151.1,39.87,77.74,473.3
2026-08-27 10:51:20.152326,Malviya Nagar,120.6,30.7,63.03,466.2
2026-08-27 11:51:20.152326,Malviya Nagar,135.5,32.79,63.6,478.7
2026-08-27 12:51:20.152326,Malviya Nagar,139.1,30.97,58.77,476.7
2026-08-27 13:51:20.152326,Malviya Nagar,131.0,29.47,58.93,482.7
2026-08-27 14:51:20.152326,Malviya Nagar,142.6,33.79,62.85,469.1
2026-08-27 15:51:20.152326,Malviya Nagar,126.6,34.56,69.3,457.3
2026-08-27 16:51:20.152326,Malviya Nagar,141.3,31.19,58.06,485.6
2026-08-27 17:51:20.152326,Malviya Nagar,145.1,32.89,62.16,451.8
2026-08-27 18:51:20.152326,Malviya Nagar,144.5,34.14,69.39,451.7
2026-08-27 19:51:20.152326,Malviya Nagar,146.1,36.02,69.01,458.8
2026-08-27 20:51:20.152326,Malviya Nagar,137.4,33.52,64.43,472.2
2026-08-27 21:51:20.152326,Malviya Nagar,133.7,31.0,58.16,505.3
2026-08-27 22:51:20.152326,Malviya Nagar,120.1,33.2,64.57,443.9
2026-08-27 23:51:20.152326,Malviya Nagar,134.6,30.57,50.77,456.4
2026-08-28 00:51:20.152326,Malviya Nagar,130.2,30.67,56.68,454.7
2026-08-28 01:51:20.152326,Malviya Nagar,120.2,26.68,50.35,435.9
2026-08-28 02:51:20.152326,Malviya Nagar,118.6,29.93,55.3,473.4
2026-08-28 03:51:20.152326,Malviya Nagar,121.4,28.66,49.86,452.6
2026-08-28 04:51:20.152326,Malviya Nagar,129.1,36.18,65.93,478.5
2026-08-28 05:51:20.152326,Malviya Nagar,122.6,27.71,51.27,469.1
2026-08-28 06:51:20.152326,Malviya Nagar,114.6,26.11,49.39,466.7
2026-08-28 07:51:20.152326,Malviya Nagar,153.4,35.24,64.32,489.2
2026-08-28 08:51:20.152326,Malviya Nagar,135.2,30.62,52.91,476.5
2026-08-28 09:51:20.152326,Malviya Nagar,142.9,34.96,60.67,474.9
2026-08-28 10:51:20.152326,Malviya Nagar,143.9,33.27,58.59,472.0
2026-08-28 11:51:20.152326,Malviya Nagar,119.1,28.33,51.24,451.2
2026-08-28 12:51:20.152326,Malviya Nagar,132.4,32.74,57.71,441.2
2026-08-28 13:51:20.152326,Malviya Nagar,129.3,30.06,52.78,480.4
2026-08-28 14:51:20.152326,Malviya Nagar,121.0,30.7,56.49,468.9
2026-08-28 15:51:20.152326,Malviya Nagar,141.6,37.0,68.21,443.7
2026-08-28 16:51:20.152326,Malviya Nagar,123.1,25.66,41.98,488.6
2026-08-28 17:51:20.152326,Malviya Nagar,151.8,34.3,64.69,487.6
2026-08-28 18:51:20.152326,Malviya Nagar,144.3,33.82,63.87,463.3
2026-08-28 19:51:20.152326,Malviya Nagar,143.9,37.42,74.88,469.9
2026-08-28 20:51:20.152326,Malviya Nagar,124.4,27.78,56.86,467.7
2026-08-28 21:51:20.152326,Malviya Nagar,116.1,29.09,54.91,458.1
2026-08-28 22:51:20.152326,Malviya Nagar,127.4,29.54,55.44,462.4
2026-08-28 23:51:20.152326,Malviya Nagar,128.3,32.59,60.69,455.1
2026-08-29 00:51:20.152326,Malviya Nagar,134.0,33.5,59.5,469.2
2026-08-29 01:51:20.152326,Malviya Nagar,124.7,31.17,62.11,443.8
2026-08-29 02:51:20.152326,Malviya Nagar,137.9,34.33,67.62,486.0
2026-08-29 03:51:20.152326,Malviya Nagar,112.2,27.44,52.59,479.6
2026-08-29 04:51:20.152326,Malviya Nagar,122.8,30.14,56.03,465.3
2026-08-29 05:51:20.152326,Malviya Nagar,135.0,32.74,62.55,449.0
2026-08-29 06:51:20.152326,Malviya Nagar,123.5,29.19,56.53,475.1
2026-08-29 07:51:20.152326,Malviya Nagar,140.4,32.76,57.51,451.1
2026-08-29 08:51:20.152326,Malviya Nagar,160.6,36.44,65.32,499.4
2026-08-29 09:51:20.152326,Malviya Nagar,160.3,41.68,76.76,476.3
2026-08-29 10:51:20.152326,Malviya Nagar,120.6,26.75,48.21,468.7
2026-08-29 11:51:20.152326,Malviya Nagar,123.1,27.56,48.73,480.3
2026-08-29 12:51:20.152326,Malviya Nagar,126.5,29.35,59.85,495.4
2026-08-29 13:51:20.152326,Malviya Nagar,128.8,32.6,59.35,464.1
2026-08-29 14:51:20.152326,Malviya Nagar,143.9,36.81,68.78,457.4
2026-08-29 15:51:20.152326,Malviya Nagar,124.7,27.53,54.05,483.2
2026-08-29 16:51:20.152326,Malviya Nagar,116.7,28.55,50.08,448.8
2026-08-29 17:51:20.152326,Malviya Nagar,158.1,37.01,66.21,472.1
2026-08-29 18:51:20.152326,Malviya Nagar,142.9,32.2,59.8,494.2
2026-08-29 19:51:20.152326,Malviya Nagar,141.9,35.39,67.62,468.6
2026-08-29 20:51:20.152326,Malviya Nagar,118.7,27.83,57.69,480.5
2026-08-29 21:51:20.152326,Malviya Nagar,126.8,27.1,53.16,469.8
2026-08-29 22:51:20.152326,Malviya Nagar,139.9,36.76,68.34,462.2
2026-08-29 23:51:20.152326,Malviya Nagar,124.9,30.52,61.25,463.8
2026-08-30 00:51:20.152326,Malviya Nagar,133.8,32.52,60.01,472.4
2026-08-30 01:51:20.152326,Malviya Nagar,140.0,31.93,62.04,476.6
2026-08-30 02:51:20.152326,Malviya Nagar,133.0,34.06,60.9,481.9
2026-08-30 03:51:20.152326,Malviya Nagar,129.9,28.57,52.96,484.3
2026-08-30 04:51:20.152326,Malviya Nagar,141.3,33.64,59.23,483.7
2026-08-30 05:51:20.152326,Malviya Nagar,122.6,27.07,49.54,468.9
2026-08-30 06:51:20.152326,Malviya Nagar,121.8,26.15,51.99,469.2
2026-08-30 07:51:20.152326,Malviya Nagar,139.6,33.48,58.29,475.4
2026-08-30 08:51:20.152326,Malviya Nagar,148.3,35.12,59.83,480.3
2026-08-30 09:51:20.152326,Malviya Nagar,148.3,32.48,62.5,486.2
2026-08-30 10:51:20.152326,Malviya Nagar,128.8,31.5,60.46,472.9
2026-08-30 11:51:20.152326,Malviya Nagar,133.3,31.73,66.06,505.4
2026-08-30 12:51:20.152326,Malviya Nagar,137.7,31.23,59.04,458.5
2026-08-30 13:51:20.152326,Malviya Nagar,128.7,36.09,65.14,439.9
2026-08-30 14:51:20.152326,Malviya Nagar,137.7,33.8,63.84,485.4
2026-08-30 15:51:20.152326,Malviya Nagar,125.1,32.1,56.98,481.2
2026-08-30 16:51:20.152326,Malviya Nagar,146.2,29.28,51.58,498.7
2026-08-30 17:51:20.152326,Malviya Nagar,146.7,35.91,66.03,463.4
2026-08-30 18:51:20.152326,Malviya Nagar,143.8,35.33,60.16,462.2
2026-08-30 19:51:20.152326,Malviya Nagar,142.5,38.36,69.92,460.3
2026-08-30 20:51:20.152326,Malviya Nagar,122.3,28.35,53.27,458.3
2026-08-30 21:51:20.152326,Malviya Nagar,126.6,32.48,59.8,440.0
2026-08-30 22:51:20.152326,Malviya Nagar,122.9,31.84,58.85,480.8
2026-08-30 23:51:20.152326,Malviya Nagar,147.6,36.1,70.22,479.7
2026-08-31 00:51:20.152326,Malviya Nagar,126.0,27.42,48.55,443.7
2026-08-31 01:51:20.152326,Malviya Nagar,128.8,29.23,59.6,463.9
2026-08-31 02:51:20.152326,Malviya Nagar,131.6,33.18,64.77,489.9
2026-08-31 03:51:20.152326,Malviya Nagar,129.0,27.52,53.88,478.4
2026-08-31 04:51:20.152326,Malviya Nagar,140.3,35.21,59.4,466.8
2026-08-31 05:51:20.152326,Malviya Nagar,120.3,26.16,49.34,461.9
2026-08-31 06:51:20.152326,Malviya Nagar,146.2,34.64,60.27,515.0
2026-08-31 07:51:20.152326,Malviya Nagar,138.6,34.97,64.43,449.6
2026-08-31 08:51:20.152326,Malviya Nagar,141.9,39.12,78.4,467.2
2026-08-31 09:51:20.152326,Malviya Nagar,134.1,27.91,54.98,458.1
2026-08-31 10:51:20.152326,Malviya Nagar,117.7,28.99,53.4,449.2
2026-08-31 11:51:20.152326,Malviya Nagar,115.0,26.3,45.47,448.4
2026-08-31 12:51:20.152326,Malviya Nagar,134.8,31.83,62.51,474.3
2026-08-31 13:51:20.152326,Malviya Nagar,121.5,27.95,50.28,455.8
2026-08-31 14:51:20.152326,Malviya Nagar,131.3,30.7,61.22,451.8
2026-08-31 15:51:20.152326,Malviya Nagar,121.3,30.19,51.5,461.4
2026-08-31 16:51:20.152326,Malviya Nagar,132.4,31.74,57.31,461.6
2026-08-31 17:51:20.152326,Malviya Nagar,149.8,35.06,62.17,466.3
2026-08-31 18:51:20.152326,Malviya Nagar,147.7,35.51,66.76,475.9
2026-08-31 19:51:20.152326,Malviya Nagar,134.8,29.67,49.98,481.8
2026-08-31 20:51:20.152326,Malviya Nagar,133.3,28.99,49.46,465.8
2026-08-31 21:51:20.152326,Malviya Nagar,119.6,31.52,59.54,448.7
2026-08-31 22:51:20.152326,Malviya Nagar,130.0,29.82,50.13,455.6
2026-08-31 23:51:20.152326,Malviya Nagar,133.0,31.43,68.27,468.4
2026-09-01 00:51:20.152326,Malviya Nagar,132.3,28.71,56.37,446.1
2026-09-01 01:51:20.152326,Malviya Nagar,136.6,38.21,66.75,459.9
2026-09-01 02:51:20.152326,Malviya Nagar,127.5,30.99,59.53,444.4
2026-09-01 03:51:20.152326,Malviya Nagar,148.0,36.2,63.8,480.5
2026-09-01 04:51:20.152326,Malviya Nagar,128.8,29.78,56.13,491.6
2026-09-01 05:51:20.152326,Malviya Nagar,118.4,29.11,53.32,468.4
2026-09-01 06:51:20.152326,Malviya Nagar,128.8,32.36,58.78,461.3
2026-09-01 07:51:20.152326,Malviya Nagar,158.9,36.1,67.4,487.8
2026-09-01 08:51:20.152326,Malviya Nagar,142.7,35.81,67.54,481.8
2026-09-01 09:51:20.152326,Malviya Nagar,145.6,36.43,72.43,472.9
2026-09-01 10:51:20.152326,Malviya Nagar,127.9,30.66,57.68,461.7
2026-09-01 11:51:20.152326,Malviya Nagar,129.2,33.07,56.11,451.1
2026-09-01 12:51:20.152326,Malviya Nagar,125.5,29.69,50.52,475.8
2026-09-01 13:51:20.152326,Malviya Nagar,136.9,32.51,55.69,470.3
2026-09-01 14:51:20.152326,Malviya Nagar,130.8,31.05,56.71,467.3
2026-09-01 15:51:20.152326,Malviya Nagar,142.4,31.84,58.37,472.9
2026-09-01 16:51:20.152326,Malviya Nagar,122.3,27.35,52.43,488.2
2026-09-01 17:51:20.152326,Malviya Nagar,139.6,36.8,65.98,468.4
2026-09-01 18:51:20.152326,Malviya Nagar,142.6,33.59,65.39,461.1
2026-09-01 19:51:20.152326,Malviya Nagar,134.8,33.36,58.95,469.4
2026-09-01 20:51:20.152326,Malviya Nagar,146.9,35.44,69.81,466.6
2026-09-01 21:51:20.152326,Malviya Nagar,135.2,32.32,58.61,441.8
2026-09-01 22:51:20.152326,Malviya Nagar,136.2,34.54,64.29,474.4
2026-09-01 23:51:20.152326,Malviya Nagar,134.6,35.21,62.31,477.1
2026-09-02 00:51:20.152326,Malviya Nagar,123.3,27.28,54.76,473.3
2026-09-02 01:51:20.152326,Malviya Nagar,128.0,26.33,45.17,458.9
2026-09-02 02:51:20.152326,Malviya Nagar,112.4,27.15,53.6,483.5
2026-09-02 03:51:20.152326,Malviya Nagar,138.4,30.25,52.77,474.4
2026-09-02 04:51:20.152326,Malviya Nagar,130.3,29.66,56.99,448.1
2026-09-02 05:51:20.152326,Malviya Nagar,121.4,24.24,44.89,463.9
2026-09-02 06:51:20.152326,Malviya Nagar,129.1,31.61,57.73,466.9
2026-09-02 07:51:20.152326,Malviya Nagar,145.8,36.57,71.15,472.1
2026-09-02 08:51:20.152326,Malviya Nagar,141.9,31.54,57.92,477.4
2026-09-02 09:51:20.152326,Malviya Nagar,146.0,31.83,52.67,471.0
2026-09-02 10:51:20.152326,Malviya Nagar,135.5,31.88,59.45,470.6
2026-09-02 11:51:20.152326,Malviya Nagar,126.9,28.53,51.55,474.2
2026-09-02 12:51:20.152326,Malviya Nagar,119.8,29.61,55.08,443.8
2026-09-02 13:51:20.152326,Malviya Nagar,122.4,30.7,53.33,468.5
2026-09-02 14:51:20.152326,Malviya Nagar,124.8,28.7,54.0,458.1
2026-09-02 15:51:20.152326,Malviya Nagar,131.7,32.62,62.69,458.8
2026-09-02 16:51:20.152326,Malviya Nagar,133.8,30.2,54.34,469.3
2026-09-02 17:51:20.152326,Malviya Nagar,141.9,31.93,61.94,421.7
2026-09-02 18:51:20.152326,Malviya Nagar,136.1,31.61,62.82,471.2
2026-09-02 19:51:20.152326,Malviya Nagar,132.1,35.31,66.62,489.6
2026-09-02 20:51:20.152326,Malviya Nagar,130.5,29.6,56.05,465.5
2026-09-02 21:51:20.152326,Malviya Nagar,127.4,33.94,62.14,450.1
2026-09-02 22:51:20.152326,Malviya Nagar,125.5,30.73,57.87,458.0
2026-09-02 23:51:20.152326,Malviya Nagar,132.4,32.39,57.68,460.7
2026-09-03 00:51:20.152326,Malviya Nagar,123.2,27.47,45.71,462.9
2026-09-03 01:51:20.152326,Malviya Nagar,129.8,34.48,53.47,437.4
2026-09-03 02:51:20.152326,Malviya Nagar,133.5,30.79,61.62,466.1
2026-09-03 03:51:20.152326,Malviya Nagar,134.8,30.26,58.29,488.0
2026-09-03 04:51:20.152326,Malviya Nagar,127.1,32.71,60.44,475.2
2026-09-03 05:51:20.152326,Malviya Nagar,131.5,32.45,58.11,494.0
2026-09-03 06:51:20.152326,Malviya Nagar,120.0,28.74,50.83,455.6
2026-09-03 07:51:20.152326,Malviya Nagar,151.4,36.89,67.36,503.9
2026-09-03 08:51:20.152326,Malviya Nagar,144.9,34.98,65.18,471.1
2026-09-03 09:51:20.152326,Malviya Nagar,146.9,37.32,70.62,475.3
2026-09-03 10:51:20.152326,Malviya Nagar,135.7,26.88,51.88,479.1
2026-09-03 11:51:20.152326,Malviya Nagar,127.3,28.86,58.01,461.8
2026-09-03 12:51:20.152326,Malviya Nagar,126.8,27.98,48.01,479.9
2026-09-03 13:51:20.152326,Malviya Nagar,131.6,33.47,63.43,449.3
2026-09-03 14:51:20.152326,Malviya Nagar,118.7,30.25,59.7,459.3
2026-09-03 15:51:20.152326,Malviya Nagar,148.2,37.69,68.73,458.8
2026-09-03 16:51:20.152326,Malviya Nagar,131.9,32.23,62.35,457.0
2026-09-03 17:51:20.152326,Malviya Nagar,134.9,30.9,56.56,474.9
2026-09-03 18:51:20.152326,Malviya Nagar,149.8,36.49,68.69,482.3
2026-09-03 19:51:20.152326,Malviya Nagar,148.9,37.5,66.44,459.8
2026-09-03 20:51:20.152326,Malviya Nagar,123.8,27.04,52.62,478.7
2026-09-03 21:51:20.152326,Malviya Nagar,138.7,32.65,58.44,459.4
2026-09-03 22:51:20.152326,Malviya Nagar,134.9,32.57,58.9,433.8
2026-09-03 23:51:20.152326,Malviya Nagar,138.3,34.2,61.06,456.6
2026-09-04 00:51:20.152326,Malviya Nagar,132.8,31.32,55.37,471.2
2026-09-04 01:51:20.152326,Malviya Nagar,118.8,27.63,48.93,460.2
2026-09-04 02:51:20.152326,Malviya Nagar,120.5,27.09,44.73,467.9
2026-09-04 03:51:20.152326,Malviya Nagar,123.1,29.55,55.78,458.2
2026-09-04 04:51:20.152326,Malviya Nagar,134.3,32.14,60.7,461.8
2026-09-04 05:51:20.152326,Malviya Nagar,137.8,28.77,55.14,466.2
2026-09-04 06:51:20.152326,Malviya Nagar,143.4,33.3,57.43,457.8
2026-09-04 07:51:20.152326,Malviya Nagar,166.7,39.75,74.51,486.5
2026-09-04 08:51:20.152326,Malviya Nagar,147.0,36.72,68.78,475.9
2026-09-04 09:51:20.152326,Malviya Nagar,147.5,37.46,69.82,484.1
2026-09-04 10:51:20.152326,Malviya Nagar,131.9,31.7,60.74,453.8
2026-09-04 11:51:20.152326,Malviya Nagar,134.9,31.81,58.31,474.0
2026-09-04 12:51:20.152326,Malviya Nagar,122.2,28.89,46.43,454.5
2026-09-04 13:51:20.152326,Malviya Nagar,131.4,28.82,53.82,451.1
2026-09-04 14:51:20.152326,Malviya Nagar,128.9,32.49,62.84,462.3
2026-09-04 15:51:20.152326,Malviya Nagar,123.6,27.19,46.29,471.4
2026-09-04 16:51:20.152326,Malviya Nagar,135.5,33.24,60.78,469.2
2026-09-04 17:51:20.152326,Malviya Nagar,142.6,31.01,58.93,488.0
2026-09-04 18:51:20.152326,Malviya Nagar,142.2,32.42,62.05,465.8
2026-09-04 19:51:20.152326,Malviya Nagar,146.1,36.29,65.74,471.3
2026-09-04 20:51:20.152326,Malviya Nagar,133.6,34.01,59.94,478.3
2026-09-04 21:51:20.152326,Malviya Nagar,121.9,31.32,56.95,433.1
2026-09-04 22:51:20.152326,Malviya Nagar,136.6,34.76,58.57,445.4
2026-09-04 23:51:20.152326,Malviya Nagar,136.0,29.9,58.17,480.0
2026-09-05 00:51:20.152326,Malviya Nagar,128.6,32.89,63.58,455.3
2026-09-05 01:51:20.152326,Malviya Nagar,136.7,33.98,57.16,460.8
2026-09-05 02:51:20.152326,Malviya Nagar,140.6,34.65,64.04,471.1
2026-09-05 03:51:20.152326,Malviya Nagar,133.6,29.67,58.01,484.5
2026-09-05 04:51:20.152326,Malviya Nagar,125.6,29.8,54.68,460.6
2026-09-05 05:51:20.152326,Malviya Nagar,146.5,37.19,75.72,465.8
2026-09-05 06:51:20.152326,Malviya Nagar,140.4,35.36,66.67,473.0
2026-09-05 07:51:20.152326,Malviya Nagar,164.4,41.75,75.63,474.9
2026-09-05 08:51:20.152326,Malviya Nagar,154.1,38.22,68.91,474.1
2026-09-05 09:51:20.152326,Malviya Nagar,118.3,28.15,51.94,441.2
2026-09-05 10:51:20.152326,Malviya Nagar,133.2,33.51,64.86,453.4
2026-09-05 11:51:20.152326,Malviya Nagar,121.3,29.61,56.75,436.5
2026-09-05 12:51:20.152326,Malviya Nagar,139.6,35.17,65.09,436.8
2026-09-05 13:51:20.152326,Malviya Nagar,130.3,33.03,61.07,451.6
2026-09-05 14:51:20.152326,Malviya Nagar,122.6,29.1,50.89,490.2
2026-09-05 15:51:20.152326,Malviya Nagar,132.4,31.53,53.91,463.0
2026-09-05 16:51:20.152326,Malviya Nagar,134.4,27.62,48.91,445.1
2026-09-05 17:51:20.152326,Malviya Nagar,135.4,30.68,56.66,468.8
2026-09-05 18:51:20.152326,Malviya Nagar,147.3,34.83,66.94,476.1
2026-09-05 19:51:20.152326,Malviya Nagar,138.3,33.14,63.15,474.6
2026-09-05 20:51:20.152326,Malviya Nagar,126.8,29.21,51.92,449.5
2026-09-05 21:51:20.152326,Malviya Nagar,135.1,31.3,56.2,477.0
2026-09-05 22:51:20.152326,Malviya Nagar,129.7,29.6,54.06,462.3
2026-09-05 23:51:20.152326,Malviya Nagar,131.4,34.0,62.99,460.3
2026-09-06 00:51:20.152326,Malviya Nagar,132.5,30.44,56.04,463.5
2026-09-06 01:51:20.152326,Malviya Nagar,141.1,33.32,65.75,471.6
2026-09-06 02:51:20.152326,Malviya Nagar,140.4,35.57,59.29,475.3
2026-09-06 03:51:20.152326,Malviya Nagar,130.6,29.94,55.19,469.8
2026-09-06 04:51:20.152326,Malviya Nagar,135.4,35.35,61.44,503.2
2026-09-06 05:51:20.152326,Malviya Nagar,129.2,28.23,48.13,454.3
2026-09-06 06:51:20.152326,Malviya Nagar,134.7,30.26,55.11,484.7
2026-09-06 07:51:20.152326,Malviya Nagar,149.8,36.12,68.11,493.2
2026-09-06 08:51:20.152326,Malviya Nagar,156.4,36.6,66.8,491.8
2026-09-06 09:51:20.152326,Malviya Nagar,139.1,33.82,62.17,488.1
2026-09-06 10:51:20.152326,Malviya Nagar,121.5,28.16,49.72,496.8
2026-09-06 11:51:20.152326,Malviya Nagar,129.4,31.09,57.69,500.9
2026-09-06 12:51:20.152326,Malviya Nagar,121.1,26.58,49.17,466.2
2026-09-06 13:51:20.152326,Malviya Nagar,121.8,22.98,42.44,453.1
2026-09-06 14:51:20.152326,Malviya Nagar,131.2,29.02,52.73,502.8
2026-09-06 15:51:20.152326,Malviya Nagar,136.1,33.14,64.45,466.5
2026-09-06 16:51:20.152326,Malviya Nagar,126.1,29.9,58.42,456.2
2026-09-06 17:51:20.152326,Malviya Nagar,127.9,28.14,52.61,477.9
2026-09-06 18:51:20.152326,Malviya Nagar,141.3,34.21,63.05,480.6
2026-09-06 19:51:20.152326,Malviya Nagar,150.3,39.02,74.21,440.3
2026-09-06 20:51:20.152326,Malviya Nagar,119.1,25.82,53.63,475.2
2026-09-06 21:51:20.152326,Malviya Nagar,139.2,30.32,57.42,481.5
2026-09-06 22:51:20.152326,Malviya Nagar,130.0,29.88,60.26,471.2
2026-09-06 23:51:20.152326,Malviya Nagar,124.5,27.87,47.04,458.5
2026-09-07 00:51:20.152326,Malviya Nagar,141.1,37.98,68.11,473.7
2026-09-07 01:51:20.152326,Malviya Nagar,127.6,28.24,49.92,480.0
2026-09-07 02:51:20.152326,Malviya Nagar,120.8,27.96,53.17,459.2
2026-09-07 03:51:20.152326,Malviya Nagar,120.6,28.99,54.61,460.1
2026-09-07 04:51:20.152326,Malviya Nagar,119.5,28.67,53.38,496.1
2026-09-07 05:51:20.152326,Malviya Nagar,135.3,31.84,55.21,469.0
2026-09-07 06:51:20.152326,Malviya Nagar,130.9,32.72,62.58,470.9
2026-09-07 07:51:20.152326,Malviya Nagar,149.7,34.73,64.06,479.9
2026-09-07 08:51:20.152326,Malviya Nagar,138.2,37.32,69.51,454.7
2026-09-07 09:51:20.152326,Malviya Nagar,145.3,37.2,67.75,476.8
2026-09-07 10:51:20.152326,Malviya Nagar,143.9,36.2,70.79,474.5
2026-09-07 11:51:20.152326,Malviya Nagar,125.2,28.18,50.16,475.1
2026-09-07 12:51:20.152326,Malviya Nagar,129.6,30.26,59.21,486.3
2026-09-07 13:51:20.152326,Malviya Nagar,129.9,30.68,60.51,461.7
2026-09-07 14:51:20.152326,Malviya Nagar,122.6,29.96,57.43,471.6
2026-09-07 15:51:20.152326,Malviya Nagar,126.6,28.36,55.85,461.5
2026-09-07 16:51:20.152326,Malviya Nagar,127.6,32.08,64.72,445.1
2026-09-07 17:51:20.152326,Malviya Nagar,155.3,40.83,78.05,454.8
2026-09-07 18:51:20.152326,Malviya Nagar,148.2,37.52,65.98,457.8
2026-09-07 19:51:20.152326,Malviya Nagar,140.8,31.88,54.5,488.0
2026-09-07 20:51:20.152326,Malviya Nagar,132.8,29.42,49.35,474.8
2026-09-07 21:51:20.152326,Malviya Nagar,130.1,33.69,63.92,461.0
2026-09-07 22:51:20.152326,Malviya Nagar,131.0,28.02,54.05,480.9
2026-09-07 23:51:20.152326,Malviya Nagar,123.3,28.62,55.99,472.0
2026-09-08 00:51:20.152326,Malviya Nagar,124.3,31.61,58.37,463.2
2026-09-08 01:51:20.152326,Malviya Nagar,139.6,34.6,65.89,447.6
2026-09-08 02:51:20.152326,Malviya Nagar,111.1,20.5,37.36,431.2
2026-09-08 03:51:20.152326,Malviya Nagar,127.2,30.14,51.85,468.6
2026-09-08 04:51:20.152326,Malviya Nagar,137.6,36.25,62.37,478.6
2026-09-08 05:51:20.152326,Malviya Nagar,131.9,28.96,59.76,445.5
2026-09-08 06:51:20.152326,Malviya Nagar,130.7,29.7,58.64,438.3
2026-09-08 07:51:20.152326,Malviya Nagar,155.9,37.74,65.63,478.1
2026-09-08 08:51:20.152326,Malviya Nagar,149.5,33.94,58.44,488.8
2026-09-08 09:51:20.152326,Malviya Nagar,161.2,36.3,68.56,479.4
2026-09-08 10:51:20.152326,Malviya Nagar,129.3,30.47,55.37,479.0
2026-09-08 11:51:20.152326,Malviya Nagar,130.9,33.31,63.71,471.7
2026-09-08 12:51:20.152326,Malviya Nagar,117.2,26.66,47.45,456.1
2026-09-08 13:51:20.152326,Malviya Nagar,131.5,33.44,61.74,462.0
2026-09-08 14:51:20.152326,Malviya Nagar,129.0,33.5,59.8,456.5
2026-09-08 15:51:20.152326,Malviya Nagar,135.1,30.89,51.6,455.0
2026-09-08 16:51:20.152326,Malviya Nagar,126.7,33.03,67.66,441.9
2026-09-08 17:51:20.152326,Malviya Nagar,141.4,37.52,72.77,434.8
2026-09-08 18:51:20.152326,Malviya Nagar,130.7,29.94,53.5,479.6
2026-09-08 19:51:20.152326,Malviya Nagar,144.2,36.13,70.23,470.2
2026-09-08 20:51:20.152326,Malviya Nagar,137.5,36.61,65.01,481.6
2026-09-08 21:51:20.152326,Malviya Nagar,139.8,38.45,79.46,461.5
2026-09-08 22:51:20.152326,Malviya Nagar,131.4,32.55,60.06,439.6
2026-09-08 23:51:20.152326,Malviya Nagar,140.7,30.87,57.26,451.7
2026-09-09 00:51:20.152326,Malviya Nagar,132.0,33.26,60.61,496.9
2026-09-09 01:51:20.152326,Malviya Nagar,141.2,34.39,66.69,471.6
2026-09-09 02:51:20.152326,Malviya Nagar,130.8,33.31,62.09,475.3
2026-09-09 03:51:20.152326,Malviya Nagar,126.7,29.88,56.53,474.8
2026-09-09 04:51:20.152326,Malviya Nagar,136.2,34.01,63.18,465.1
2026-09-09 05:51:20.152326,Malviya Nagar,113.7,26.19,52.09,440.2
2026-09-09 06:51:20.152326,Malviya Nagar,141.8,32.69,63.41,465.8
2026-09-09 07:51:20.152326,Malviya Nagar,139.7,29.3,51.11,457.9
2026-09-09 08:51:20.152326,Malviya Nagar,148.3,36.1,67.17,489.1
2026-09-09 09:51:20.152326,Malviya Nagar,147.4,37.27,74.53,470.4
2026-09-09 10:51:20.152326,Malviya Nagar,120.2,25.01,42.86,464.3
2026-09-09 11:51:20.152326,Malviya Nagar,130.0,31.36,52.67,478.3
2026-09-09 12:51:20.152326,Malviya Nagar,108.2,24.96,44.69,457.2
2026-09-09 13:51:20.152326,Malviya Nagar,133.4,33.27,60.98,437.2
2026-09-09 14:51:20.152326,Malviya Nagar,128.9,31.1,58.02,468.9
2026-09-09 15:51:20.152326,Malviya Nagar,130.0,30.7,54.84,454.5
2026-09-09 16:51:20.152326,Malviya Nagar,137.1,32.9,59.67,477.3
2026-09-09 17:51:20.152326,Malviya Nagar,140.5,32.56,53.72,476.0
2026-09-09 18:51:20.152326,Malviya Nagar,150.7,41.0,77.84,489.0
2026-09-09 19:51:20.152326,Malviya Nagar,138.6,35.2,66.24,456.5
2026-09-09 20:51:20.152326,Malviya Nagar,140.5,33.55,61.31,467.2
2026-09-09 21:51:20.152326,Malviya Nagar,140.4,33.06,61.87,463.8
2026-09-09 22:51:20.152326,Malviya Nagar,136.6,34.58,64.54,482.0
2026-09-09 23:51:20.152326,Malviya Nagar,130.6,31.8,60.45,474.4
2026-09-10 00:51:20.152326,Malviya Nagar,144.0,35.51,64.64,474.9
2026-09-10 01:51:20.152326,Malviya Nagar,120.2,29.11,54.79,482.1
2026-09-10 02:51:20.152326,Malviya Nagar,126.0,28.04,50.84,428.7
2026-09-10 03:51:20.152326,Malviya Nagar,142.6,36.18,63.8,495.9
2026-09-10 04:51:20.152326,Malviya Nagar,146.0,36.27,65.38,454.4
2026-09-10 05:51:20.152326,Malviya Nagar,134.9,32.38,60.07,461.4
2026-09-10 06:51:20.152326,Malviya Nagar,128.4,30.55,56.14,430.9
2026-09-10 07:51:20.152326,Malviya Nagar,149.4,35.19,62.33,485.7
2026-09-10 08:51:20.152326,Malviya Nagar,143.8,33.16,62.38,453.7
2026-09-10 09:51:20.152326,Malviya Nagar,141.0,30.71,57.77,464.0
2026-09-10 10:51:20.152326,Malviya Nagar,140.5,36.04,68.04,470.3
2026-09-10 11:51:20.152326,Malviya Nagar,137.9,33.93,60.13,451.1
2026-09-10 12:51:20.152326,Malviya Nagar,138.0,37.03,66.48,496.0
2026-09-10 13:51:20.152326,Malviya Nagar,124.3,32.1,51.5,442.7
2026-09-10 14:51:20.152326,Malviya Nagar,125.1,31.51,56.21,458.3
2026-09-10 15:51:20.152326,Malviya Nagar,131.5,33.34,55.99,465.6
2026-09-10 16:51:20.152326,Malviya Nagar,121.9,25.92,48.01,492.9
2026-09-10 17:51:20.152326,Malviya Nagar,144.3,36.32,69.2,457.8
2026-09-10 18:51:20.152326,Malviya Nagar,151.5,37.04,71.55,470.8
2026-09-10 19:51:20.152326,Malviya Nagar,138.0,30.3,59.9,484.1
2026-09-10 20:51:20.152326,Malviya Nagar,125.7,31.62,57.86,467.2
2026-09-10 21:51:20.152326,Malviya Nagar,138.1,34.25,62.94,467.8
2026-09-10 22:51:20.152326,Malviya Nagar,131.0,30.88,54.41,488.7
2026-09-10 23:51:20.152326,Malviya Nagar,124.0,28.2,52.56,477.2
2026-09-11 00:51:20.152326,Malviya Nagar,132.6,32.89,60.03,480.2
2026-09-11 01:51:20.152326,Malviya Nagar,134.8,34.56,63.1,491.8
2026-09-11 02:51:20.152326,Malviya Nagar,126.8,31.88,57.38,492.8
2026-09-11 03:51:20.152326,Malviya Nagar,121.6,30.77,60.57,452.8
2026-09-11 04:51:20.152326,Malviya Nagar,144.4,37.56,70.06,480.0
2026-09-11 05:51:20.152326,Malviya Nagar,126.9,30.39,53.04,476.8
2026-09-11 06:51:20.152326,Malviya Nagar,127.0,30.9,57.26,477.3
2026-09-11 07:51:20.152326,Malviya Nagar,133.1,30.69,56.47,462.7
2026-09-11 08:51:20.152326,Malviya Nagar,136.3,32.94,62.24,455.5
2026-09-11 09:51:20.152326,Malviya Nagar,142.9,33.91,69.8,466.4
2026-09-11 10:51:20.152326,Malviya Nagar,137.9,35.18,71.81,445.0
2026-09-11 11:51:20.152326,Malviya Nagar,113.5,25.25,44.82,439.3
2026-09-11 12:51:20.152326,Malviya Nagar,142.4,33.79,58.98,461.3
2026-09-11 13:51:20.152326,Malviya Nagar,126.3,32.76,61.49,454.4
2026-09-11 14:51:20.152326,Malviya Nagar,133.2,29.5,52.64,465.7
2026-09-11 15:51:20.152326,Malviya Nagar,113.0,24.52,43.57,474.3
2026-09-11 16:51:20.152326,Malviya Nagar,137.9,32.96,56.67,486.0
2026-09-11 17:51:20.152326,Malviya Nagar,151.9,33.27,58.03,495.5
2026-09-11 18:51:20.152326,Malviya Nagar,137.8,30.2,58.48,475.3
2026-09-11 19:51:20.152326,Malviya Nagar,148.0,34.06,66.64,458.2
2026-09-11 20:51:20.152326,Malviya Nagar,132.6,31.9,58.04,469.8
2026-09-11 21:51:20.152326,Malviya Nagar,120.2,27.15,47.95,447.2
2026-09-11 22:51:20.152326,Malviya Nagar,125.0,29.45,58.06,476.1
2026-09-11 23:51:20.152326,Malviya Nagar,127.1,31.55,58.18,475.3
2026-09-12 00:51:20.152326,Malviya Nagar,117.5,28.49,47.84,473.9
2026-09-12 01:51:20.152326,Malviya Nagar,130.8,32.98,64.13,466.0
2026-09-12 02:51:20.152326,Malviya Nagar,125.1,26.49,45.04,485.0
2026-09-12 03:51:20.152326,Malviya Nagar,130.5,32.4,62.29,471.5
2026-09-12 04:51:20.152326,Malviya Nagar,126.4,29.1,55.5,445.1
2026-09-12 05:51:20.152326,Malviya Nagar,142.3,35.4,71.18,472.4
2026-09-12 06:51:20.152326,Malviya Nagar,131.1,32.57,64.75,469.6
2026-09-12 07:51:20.152326,Malviya Nagar,143.2,33.13,62.04,452.3
2026-09-12 08:51:20.152326,Malviya Nagar,158.1,39.03,74.05,503.0
2026-09-12 09:51:20.152326,Malviya Nagar,154.0,34.47,61.75,457.3
2026-09-12 10:51:20.152326,Malviya Nagar,124.1,28.69,58.39,483.3
2026-09-12 11:51:20.152326,Malviya Nagar,133.2,32.87,61.06,459.5
2026-09-12 12:51:20.152326,Malviya Nagar,138.9,32.08,55.45,498.2
2026-09-12 13:51:20.152326,Malviya Nagar,125.1,34.18,60.55,457.1
2026-09-12 14:51:20.152326,Malviya Nagar,130.7,29.91,53.3,456.5
2026-09-12 15:51:20.152326,Malviya Nagar,139.4,34.54,68.45,470.5
2026-09-12 16:51:20.152326,Malviya Nagar,117.8,28.49,50.93,477.9
2026-09-12 17:51:20.152326,Malviya Nagar,130.7,31.21,62.64,451.6
2026-09-12 18:51:20.152326,Malviya Nagar,147.3,36.72,62.68,479.0
2026-09-12 19:51:20.152326,Malviya Nagar,128.0,30.57,57.37,458.6
2026-09-12 20:51:20.152326,Malviya Nagar,121.9,28.02,51.45,479.2
2026-09-12 21:51:20.152326,Malviya Nagar,139.6,29.81,55.66,468.9
2026-09-12 22:51:20.152326,Malviya Nagar,127.6,30.88,56.49,452.9
2026-09-12 23:51:20.152326,Malviya Nagar,120.9,30.84,60.09,463.2
2026-09-13 00:51:20.152326,Malviya Nagar,127.3,28.76,53.49,458.7
2026-09-13 01:51:20.152326,Malviya Nagar,127.3,27.16,52.52,462.7
2026-09-13 02:51:20.152326,Malviya Nagar,135.7,33.74,60.62,452.0
2026-09-13 03:51:20.152326,Malviya Nagar,125.6,32.92,63.62,467.3
2026-09-13 04:51:20.152326,Malviya Nagar,124.9,30.3,63.13,493.9
2026-09-13 05:51:20.152326,Malviya Nagar,116.1,29.58,53.81,454.3
2026-09-13 06:51:20.152326,Malviya Nagar,136.6,32.7,59.71,465.4
2026-09-13 07:51:20.152326,Malviya Nagar,146.8,37.62,70.43,457.6
2026-09-13 08:51:20.152326,Malviya Nagar,166.2,39.13,72.1,477.3
2026-09-13 09:51:20.152326,Malviya Nagar,129.7,32.62,56.63,465.6
2026-09-13 10:51:20.152326,Malviya Nagar,137.6,35.29,66.69,468.3
2026-09-13 11:51:20.152326,Malviya Nagar,130.8,31.29,62.28,468.8
2026-09-13 12:51:20.152326,Malviya Nagar,133.6,33.61,60.04,447.7
2026-09-13 13:51:20.152326,Malviya Nagar,124.9,29.5,55.68,484.1
2026-09-13 14:51:20.152326,Malviya Nagar,130.6,33.86,62.7,485.3
2026-09-13 15:51:20.152326,Malviya Nagar,121.4,31.63,58.54,474.4
2026-09-13 16:51:20.152326,Malviya Nagar,124.5,28.9,53.96,471.4
2026-09-13 17:51:20.152326,Malviya Nagar,138.2,30.81,57.14,461.5
2026-09-13 18:51:20.152326,Malviya Nagar,139.4,33.53,60.94,483.0
2026-09-13 19:51:20.152326,Malviya Nagar,139.2,31.71,59.85,469.9
2026-09-13 20:51:20.152326,Malviya Nagar,123.3,28.57,51.27,481.9
2026-09-13 21:51:20.152326,Malviya Nagar,133.6,32.3,64.73,449.4
2026-09-13 22:51:20.152326,Malviya Nagar,124.1,32.04,64.8,465.4
2026-09-13 23:51:20.152326,Malviya Nagar,133.3,32.16,58.03,467.4
2026-09-14 00:51:20.152326,Malviya Nagar,126.7,30.17,53.25,447.0
2026-09-14 01:51:20.152326,Malviya Nagar,128.7,29.87,59.78,463.7
2026-09-14 02:51:20.152326,Malviya Nagar,122.1,29.09,51.06,461.1
2026-09-14 03:51:20.152326,Malviya Nagar,142.7,34.97,60.81,481.0
2026-09-14 04:51:20.152326,Malviya Nagar,132.1,32.17,58.87,461.6
2026-09-14 05:51:20.152326,Malviya Nagar,135.2,29.9,57.19,471.9
2026-09-14 06:51:20.152326,Malviya Nagar,141.5,34.59,61.45,505.7
2026-09-14 07:51:20.152326,Malviya Nagar,133.7,29.97,55.1,437.4
2026-09-14 08:51:20.152326,Malviya Nagar,153.9,34.62,67.84,488.2
2026-09-14 09:51:20.152326,Malviya Nagar,143.3,39.12,69.41,489.6
2026-09-14 10:51:20.152326,Malviya Nagar,126.0,31.09,60.48,455.8
2026-09-14 11:51:20.152326,Malviya Nagar,140.0,33.6,66.38,444.4
2026-09-14 12:51:20.152326,Malviya Nagar,138.7,35.56,65.95,483.4
2026-09-14 13:51:20.152326,Malviya Nagar,135.3,32.25,57.27,454.7
2026-09-14 14:51:20.152326,Malviya Nagar,133.5,34.67,65.76,487.1
2026-09-14 15:51:20.152326,Malviya Nagar,129.8,30.0,57.0,479.8
2026-09-14 16:51:20.152326,Malviya Nagar,132.4,30.21,58.12,468.7
2026-09-14 17:51:20.152326,Malviya Nagar,147.1,30.75,62.37,469.4
2026-09-14 18:51:20.152326,Malviya Nagar,144.7,39.94,73.83,444.9
2026-09-14 19:51:20.152326,Malviya Nagar,137.2,33.08,60.03,479.3
2026-09-14 20:51:20.152326,Malviya Nagar,137.4,32.99,57.31,478.0
2026-09-14 21:51:20.152326,Malviya Nagar,139.4,33.31,62.5,480.9
2026-09-14 22:51:20.152326,Malviya Nagar,125.3,29.87,50.54,446.9
2026-09-14 23:51:20.152326,Malviya Nagar,125.9,27.36,52.22,450.4
2026-09-15 00:51:20.152326,Malviya Nagar,140.1,33.75,64.09,461.2
2026-09-15 01:51:20.152326,Malviya Nagar,135.6,34.16,56.64,467.1
2026-09-15 02:51:20.152326,Malviya Nagar,127.1,29.79,54.21,457.1
2026-09-15 03:51:20.152326,Malviya Nagar,142.1,34.23,63.49,488.4
2026-09-15 04:51:20.152326,Malviya Nagar,126.3,29.24,52.11,448.9
2026-09-15 05:51:20.152326,Malviya Nagar,132.6,32.51,61.07,456.8
2026-09-15 06:51:20.152326,Malviya Nagar,115.5,27.1,50.57,466.8
2026-09-15 07:51:20.152326,Malviya Nagar,134.1,30.67,48.08,474.3
2026-09-15 08:51:20.152326,Malviya Nagar,135.5,30.82,60.16,491.7
2026-09-15 09:51:20.152326,Malviya Nagar,140.8,32.29,55.74,460.5
2026-09-15 10:51:20.152326,Malviya Nagar,122.8,35.94,63.67,469.8
2026-09-15 11:51:20.152326,Malviya Nagar,132.0,32.59,59.65,440.9
2026-09-15 12:51:20.152326,Malviya Nagar,132.2,32.95,59.41,476.5
2026-09-15 13:51:20.152326,Malviya Nagar,136.2,31.32,58.33,473.3
2026-09-15 14:51:20.152326,Malviya Nagar,122.7,30.3,59.45,466.9
2026-09-15 15:51:20.152326,Malviya Nagar,128.4,29.19,56.35,472.2
2026-09-15 16:51:20.152326,Malviya Nagar,128.6,30.68,54.27,469.3
2026-09-15 17:51:20.152326,Malviya Nagar,140.6,33.26,61.8,468.3
2026-09-15 18:51:20.152326,Malviya Nagar,133.9,33.39,65.01,464.5
2026-09-15 19:51:20.152326,Malviya Nagar,138.2,34.83,68.33,464.5
2026-09-15 20:51:20.152326,Malviya Nagar,134.9,30.24,57.61,471.3
2026-09-15 21:51:20.152326,Malviya Nagar,124.0,29.61,56.49,449.9
2026-09-15 22:51:20.152326,Malviya Nagar,117.8,30.96,62.7,444.0
2026-09-15 23:51:20.152326,Malviya Nagar,139.9,33.82,63.79,478.2
2026-09-16 00:51:20.152326,Malviya Nagar,133.6,30.98,53.1,503.6
2026-09-16 01:51:20.152326,Malviya Nagar,133.1,30.14,55.3,493.1
2026-09-16 02:51:20.152326,Malviya Nagar,129.5,32.53,60.83,451.3
2026-09-16 03:51:20.152326,Malviya Nagar,134.3,30.3,50.31,468.6
2026-09-16 04:51:20.152326,Malviya Nagar,130.9,33.34,64.04,468.1
2026-09-16 05:51:20.152326,Malviya Nagar,112.3,26.51,46.06,458.8
2026-09-16 06:51:20.152326,Malviya Nagar,118.9,31.72,47.9,445.2
2026-09-16 07:51:20.152326,Malviya Nagar,153.1,35.38,59.06,459.4
2026-09-16 08:51:20.152326,Malviya Nagar,144.4,37.08,64.95,472.7
2026-09-16 09:51:20.152326,Malviya Nagar,147.9,37.28,66.95,478.9
2026-09-16 10:51:20.152326,Malviya Nagar,141.4,33.39,61.29,501.2
2026-09-16 11:51:20.152326,Malviya Nagar,126.7,31.45,58.68,455.2
2026-09-16 12:51:20.152326,Malviya Nagar,140.1,33.71,61.99,465.8
2026-09-16 13:51:20.152326,Malviya Nagar,124.1,27.77,50.74,458.5
2026-09-16 14:51:20.152326,Malviya Nagar,128.4,33.59,61.62,462.2
2026-09-16 15:51:20.152326,Malviya Nagar,125.8,29.98,55.22,454.5
2026-09-16 16:51:20.152326,Malviya Nagar,147.9,36.05,64.73,479.7
2026-09-16 17:51:20.152326,Malviya Nagar,141.2,30.7,55.77,485.9
2026-09-16 18:51:20.152326,Malviya Nagar,145.6,35.4,65.17,457.3
2026-09-16 19:51:20.152326,Malviya Nagar,139.4,34.19,64.88,474.8
2026-09-16 20:51:20.152326,Malviya Nagar,122.7,32.13,59.85,484.6
2026-09-16 21:51:20.152326,Malviya Nagar,122.6,27.65,51.01,452.8
2026-09-16 22:51:20.152326,Malviya Nagar,133.6,31.84,58.39,453.4
2026-09-16 23:51:20.152326,Malviya Nagar,124.8,31.84,58.11,463.2
2026-09-17 00:51:20.152326,Malviya Nagar,126.6,28.68,54.43,461.9
2026-09-17 01:51:20.152326,Malviya Nagar,125.8,29.78,58.13,462.9
2026-09-17 02:51:20.152326,Malviya Nagar,126.9,26.51,53.27,467.7
2026-09-17 03:51:20.152326,Malviya Nagar,114.6,24.7,45.41,447.3
2026-09-17 04:51:20.152326,Malviya Nagar,122.2,28.08,48.93,458.3
2026-09-17 05:51:20.152326,Malviya Nagar,139.4,30.58,53.91,472.8
2026-09-17 06:51:20.152326,Malviya Nagar,131.6,28.75,56.0,457.6
2026-09-17 07:51:20.152326,Malviya Nagar,142.1,33.02,64.08,468.5
2026-09-17 08:51:20.152326,Malviya Nagar,147.8,33.03,57.28,446.4
2026-09-17 09:51:20.152326,Malviya Nagar,143.7,38.24,71.43,474.6
2026-09-17 10:51:20.152326,Malviya Nagar,127.4,31.84,63.7,492.5
2026-09-17 11:51:20.152326,Malviya Nagar,122.6,29.56,54.73,468.1
2026-09-17 12:51:20.152326,Malviya Nagar,130.4,37.14,62.13,478.5
2026-09-17 13:51:20.152326,Malviya Nagar,133.5,32.12,59.71,484.4
2026-09-17 14:51:20.152326,Malviya Nagar,124.7,29.95,55.57,466.1
2026-09-17 15:51:20.152326,Malviya Nagar,134.4,33.01,57.2,467.7
2026-09-17 16:51:20.152326,Malviya Nagar,130.5,29.49,55.89,469.1
2026-09-17 17:51:20.152326,Malviya Nagar,158.8,38.88,68.05,495.2
2026-09-17 18:51:20.152326,Malviya Nagar,141.4,34.56,64.85,437.3
2026-09-17 19:51:20.152326,Malviya Nagar,120.1,29.73,56.5,459.4
2026-09-17 20:51:20.152326,Malviya Nagar,123.6,29.37,59.22,473.7
2026-09-17 21:51:20.152326,Malviya Nagar,125.5,27.89,58.32,432.1
2026-09-17 22:51:20.152326,Malviya Nagar,125.5,27.73,53.37,465.6
2026-09-17 23:51:20.152326,Malviya Nagar,126.8,27.37,48.69,467.2
2026-09-18 00:51:20.152326,Malviya Nagar,138.5,34.89,67.75,469.9
2026-09-18 01:51:20.152326,Malviya Nagar,126.6,28.21,54.58,467.1
2026-09-18 02:51:20.152326,Malviya Nagar,127.2,32.8,57.39,449.7
2026-09-18 03:51:20.152326,Malviya Nagar,126.2,30.08,58.0,488.0
2026-09-18 04:51:20.152326,Malviya Nagar,125.1,29.42,59.41,465.6
2026-09-18 05:51:20.152326,Malviya Nagar,140.1,31.85,56.88,485.6
2026-09-18 06:51:20.152326,Malviya Nagar,133.9,31.72,54.16,464.5
2026-09-18 07:51:20.152326,Malviya Nagar,140.3,34.37,60.19,498.7
2026-09-18 08:51:20.152326,Malviya Nagar,150.3,36.59,65.4,462.0
2026-09-18 09:51:20.152326,Malviya Nagar,152.5,33.5,68.19,462.8
2026-09-18 10:51:20.152326,Malviya Nagar,137.9,31.55,57.58,469.1
2026-09-18 11:51:20.152326,Malviya Nagar,127.4,29.74,53.85,456.5
2026-09-18 12:51:20.152326,Malviya Nagar,119.0,28.83,55.65,439.8
2026-09-18 13:51:20.152326,Malviya Nagar,131.3,29.12,57.71,460.4
2026-09-18 14:51:20.152326,Malviya Nagar,121.7,25.3,51.47,458.0
2026-09-18 15:51:20.152326,Malviya Nagar,133.8,35.66,65.79,487.3
2026-09-18 16:51:20.152326,Malviya Nagar,132.7,31.92,64.72,472.0
2026-09-18 17:51:20.152326,Malviya Nagar,141.3,33.77,61.07,474.3
2026-09-18 18:51:20.152326,Malviya Nagar,134.3,30.45,56.62,440.1
2026-09-18 19:51:20.152326,Malviya Nagar,131.8,34.7,65.41,476.7
2026-09-18 20:51:20.152326,Malviya Nagar,133.2,30.12,55.49,468.2
2026-09-18 21:51:20.152326,Malviya Nagar,125.8,32.7,62.15,490.2
2026-09-18 22:51:20.152326,Malviya Nagar,133.2,30.04,57.28,486.4
2026-09-18 23:51:20.152326,Malviya Nagar,119.3,26.54,52.75,402.9
2026-09-19 00:51:20.152326,Malviya Nagar,132.1,31.27,59.08,471.4
2026-09-19 01:51:20.152326,Malviya Nagar,125.9,33.14,64.15,449.7
2026-09-19 02:51:20.152326,Malviya Nagar,137.1,31.98,58.54,472.8
2026-09-19 03:51:20.152326,Malviya Nagar,138.7,32.91,67.5,446.2
2026-09-19 04:51:20.152326,Malviya Nagar,123.8,32.12,60.7,461.5
2026-09-19 05:51:20.152326,Malviya Nagar,132.4,31.72,60.62,458.8
2026-09-19 06:51:20.152326,Malviya Nagar,125.3,27.31,49.35,459.0
2026-09-19 07:51:20.152326,Malviya Nagar,147.0,35.39,65.24,463.4
2026-09-19 08:51:20.152326,Malviya Nagar,154.3,34.88,63.96,434.9
2026-09-19 09:51:20.152326,Malviya Nagar,138.2,33.29,60.14,481.6
2026-09-19 10:51:20.152326,Malviya Nagar,119.4,26.55,44.44,447.6
2026-09-19 11:51:20.152326,Malviya Nagar,131.0,31.62,58.72,467.6
2026-09-19 12:51:20.152326,Malviya Nagar,136.8,32.71,64.8,456.5
2026-09-19 13:51:20.152326,Malviya Nagar,125.7,32.37,65.0,459.0
2026-09-19 14:51:20.152326,Malviya Nagar,129.9,30.68,60.99,469.6
2026-09-19 15:51:20.152326,Malviya Nagar,114.9,29.62,50.95,459.1
2026-09-19 16:51:20.152326,Malviya Nagar,122.1,27.88,49.38,463.2
2026-09-19 17:51:20.152326,Malviya Nagar,143.8,32.21,54.22,466.7
2026-09-19 18:51:20.152326,Malviya Nagar,147.6,35.57,59.96,467.1
2026-09-19 19:51:20.152326,Malviya Nagar,148.0,36.91,67.42,496.1
2026-09-19 20:51:20.152326,Malviya Nagar,126.8,30.79,52.46,433.6
2026-09-19 21:51:20.152326,Malviya Nagar,137.0,31.49,53.22,474.9
2026-09-19 22:51:20.152326,Malviya Nagar,142.3,33.87,69.8,439.5
2026-09-19 23:51:20.152326,Malviya Nagar,131.7,29.79,54.23,446.7
2026-09-20 00:51:20.152326,Malviya Nagar,125.3,30.08,56.95,467.7
2026-09-20 01:51:20.152326,Malviya Nagar,125.9,30.67,57.24,456.1
2026-09-20 02:51:20.152326,Malviya Nagar,129.1,32.07,60.45,473.4
2026-09-20 03:51:20.152326,Malviya Nagar,129.9,31.7,56.88,476.8
2026-09-20 04:51:20.152326,Malviya Nagar,124.9,33.53,61.75,462.9
2026-09-20 05:51:20.152326,Malviya Nagar,121.5,31.79,56.29,454.3
2026-09-20 06:51:20.152326,Malviya Nagar,137.9,31.85,63.96,439.3
2026-09-20 07:51:20.152326,Malviya Nagar,143.6,40.22,74.69,464.1
2026-09-20 08:51:20.152326,Malviya Nagar,142.8,35.16,63.6,464.9
2026-09-20 09:51:20.152326,Malviya Nagar,158.4,35.43,61.44,498.9
2026-09-20 10:51:20.152326,Malviya Nagar,133.1,32.67,60.16,479.1
2026-09-20 11:51:20.152326,Malviya Nagar,134.3,31.15,62.2,469.8
2026-09-20 12:51:20.152326,Malviya Nagar,141.5,30.83,55.26,471.0
2026-09-20 13:51:20.152326,Malviya Nagar,141.5,33.39,66.82,455.7
2026-09-20 14:51:20.152326,Malviya Nagar,125.3,30.78,55.69,461.5
2026-09-20 15:51:20.152326,Malviya Nagar,114.8,25.92,41.44,445.8
2026-09-20 16:51:20.152326,Malviya Nagar,127.0,24.82,44.38,460.2
2026-09-20 17:51:20.152326,Malviya Nagar,141.9,32.99,57.19,484.5
2026-09-20 18:51:20.152326,Malviya Nagar,159.2,41.31,77.54,448.0
2026-09-20 19:51:20.152326,Malviya Nagar,147.4,35.82,67.09,454.2
2026-09-20 20:51:20.152326,Malviya Nagar,125.2,28.41,47.61,440.9
2026-09-20 21:51:20.152326,Malviya Nagar,128.5,29.41,56.98,449.0
2026-09-20 22:51:20.152326,Malviya Nagar,135.7,30.43,53.42,470.1
2026-09-20 23:51:20.152326,Malviya Nagar,138.7,27.73,51.83,470.3
2026-09-21 00:51:20.152326,Malviya Nagar,118.7,30.25,55.48,466.0
2026-09-21 01:51:20.152326,Malviya Nagar,134.3,32.62,60.85,476.3
2026-09-21 02:51:20.152326,Malviya Nagar,125.3,28.98,56.38,483.1
2026-09-21 03:51:20.152326,Malviya Nagar,122.7,28.09,48.53,464.6
2026-09-21 04:51:20.152326,Malviya Nagar,135.2,28.65,48.89,457.3
2026-09-21 05:51:20.152326,Malviya Nagar,144.2,33.85,60.95,489.5
2026-09-21 06:51:20.152326,Malviya Nagar,129.0,30.67,61.82,471.2
2026-09-21 07:51:20.152326,Malviya Nagar,161.9,43.57,82.48,471.5
2026-09-21 08:51:20.152326,Malviya Nagar,143.1,34.24,63.75,484.1
2026-09-21 09:51:20.152326,Malviya Nagar,163.5,39.23,66.88,490.5
2026-09-21 10:51:20.152326,Malviya Nagar,119.2,28.95,50.14,480.6
2026-09-21 11:51:20.152326,Malviya Nagar,123.0,30.13,53.79,485.2
2026-09-21 12:51:20.152326,Malviya Nagar,129.8,28.65,52.94,426.2
2026-09-21 13:51:20.152326,Malviya Nagar,121.0,27.37,54.33,478.7
2026-09-21 14:51:20.152326,Malviya Nagar,127.9,30.83,60.16,489.7
2026-09-21 15:51:20.152326,Malviya Nagar,131.1,29.98,55.84,458.2
2026-09-21 16:51:20.152326,Malviya Nagar,118.7,26.95,47.26,492.9
2026-09-21 17:51:20.152326,Malviya Nagar,138.6,32.1,61.35,473.3
2026-09-21 18:51:20.152326,Malviya Nagar,140.3,34.4,60.78,458.2
2026-09-21 19:51:20.152326,Malviya Nagar,156.2,37.92,65.63,466.3
2026-09-21 20:51:20.152326,Malviya Nagar,132.8,29.28,53.27,484.9
2026-09-21 21:51:20.152326,Malviya Nagar,145.4,35.62,70.32,462.7
2026-09-21 22:51:20.152326,Malviya Nagar,127.9,31.11,58.08,453.5
2026-09-21 23:51:20.152326,Malviya Nagar,126.3,31.99,61.32,487.9
2026-09-22 00:51:20.152326,Malviya Nagar,136.3,32.76,56.41,458.9
2026-09-22 01:51:20.152326,Malviya Nagar,136.1,32.85,63.42,456.0
2026-09-22 02:51:20.152326,Malviya Nagar,132.1,29.4,53.49,456.7
2026-09-22 03:51:20.152326,Malviya Nagar,138.4,31.89,55.21,467.9
2026-09-22 04:51:20.152326,Malviya Nagar,124.0,33.54,63.86,447.5
2026-09-22 05:51:20.152326,Malviya Nagar,134.3,33.96,65.84,478.0
2026-09-22 06:51:20.152326,Malviya Nagar,130.9,32.57,63.41,480.3
2026-09-22 07:51:20.152326,Malviya Nagar,146.3,35.53,68.31,488.8
2026-09-22 08:51:20.152326,Malviya Nagar,146.3,32.85,57.21,466.2
2026-09-22 09:51:20.152326,Malviya Nagar,135.2,29.15,49.28,476.9
2026-09-22 10:51:20.152326,Malviya Nagar,139.4,34.41,63.57,481.5
2026-09-22 11:51:20.152326,Malviya Nagar,124.7,29.82,57.47,465.9
2026-09-22 12:51:20.152326,Malviya Nagar,124.3,31.97,58.62,457.4
2026-09-22 13:51:20.152326,Malviya Nagar,139.6,32.55,57.46,465.6
2026-09-22 14:51:20.152326,Malviya Nagar,129.1,27.75,51.03,457.3
2026-09-22 15:51:20.152326,Malviya Nagar,122.3,30.17,53.11,455.8
2026-09-22 16:51:20.152326,Malviya Nagar,126.6,27.2,47.16,470.5
2026-09-22 17:51:20.152326,Malviya Nagar,134.6,32.35,58.61,500.2
2026-09-22 18:51:20.152326,Malviya Nagar,136.8,35.83,64.79,485.3
2026-09-22 19:51:20.152326,Malviya Nagar,128.9,28.83,51.24,464.9
2026-09-22 20:51:20.152326,Malviya Nagar,122.6,30.63,58.22,439.1
2026-09-22 21:51:20.152326,Malviya Nagar,110.7,25.03,43.91,448.0
2026-09-22 22:51:20.152326,Malviya Nagar,127.6,28.55,54.06,482.3
2026-09-22 23:51:20.152326,Malviya Nagar,128.1,28.79,51.49,442.1
2026-09-23 00:51:20.152326,Malviya Nagar,124.8,29.77,53.22,497.6
2026-09-23 01:51:20.152326,Malviya Nagar,143.4,36.23,69.55,441.8
2026-09-23 02:51:20.152326,Malviya Nagar,129.0,30.49,55.26,458.9
2026-09-23 03:51:20.152326,Malviya Nagar,132.1,31.81,58.33,476.8
2026-09-23 04:51:20.152326,Malviya Nagar,124.8,30.91,60.37,456.1
2026-09-23 05:51:20.152326,Malviya Nagar,118.3,29.31,50.79,437.1
2026-09-23 06:51:20.152326,Malviya Nagar,123.5,30.76,55.44,446.4
2026-09-23 07:51:20.152326,Malviya Nagar,140.3,32.9,56.04,464.0
2026-09-23 08:51:20.152326,Malviya Nagar,146.1,33.68,60.52,460.7
2026-09-23 09:51:20.152326,Malviya Nagar,133.8,30.37,55.39,462.2
2026-09-23 10:51:20.152326,Malviya Nagar,134.1,32.44,61.1,465.0
2026-09-23 11:51:20.152326,Malviya Nagar,136.9,32.52,59.03,488.0
2026-09-23 12:51:20.152326,Malviya Nagar,131.2,29.54,52.84,465.5
2026-09-23 13:51:20.152326,Malviya Nagar,139.9,35.26,63.56,472.9
2026-09-23 14:51:20.152326,Malviya Nagar,124.9,29.05,53.99,458.1
2026-09-23 15:51:20.152326,Malviya Nagar,127.3,33.28,62.84,441.1
2026-09-23 16:51:20.152326,Malviya Nagar,130.7,31.48,55.51,451.5
2026-09-23 17:51:20.152326,Malviya Nagar,126.1,31.58,59.0,461.0
2026-09-23 18:51:20.152326,Malviya Nagar,133.4,33.41,66.93,452.9
2026-09-23 19:51:20.152326,Malviya Nagar,148.6,30.18,53.66,481.0
2026-09-23 20:51:20.152326,Malviya Nagar,123.0,35.32,65.03,458.5
2026-09-23 21:51:20.152326,Malviya Nagar,131.1,33.31,60.47,468.0
2026-09-23 22:51:20.152326,Malviya Nagar,126.8,31.19,53.4,482.6
2026-09-23 23:51:20.152326,Malviya Nagar,127.9,29.93,54.22,443.0
2026-09-24 00:51:20.152326,Malviya Nagar,123.1,27.8,52.86,498.8
2026-09-24 01:51:20.152326,Malviya Nagar,121.1,31.59,59.35,456.1
2026-09-24 02:51:20.152326,Malviya Nagar,115.0,24.98,43.41,492.5
2026-09-24 03:51:20.152326,Malviya Nagar,130.6,32.44,63.23,466.1
2026-09-24 04:51:20.152326,Malviya Nagar,115.4,26.56,51.57,469.3
2026-09-24 05:51:20.152326,Malviya Nagar,129.8,29.41,53.62,467.9
2026-09-24 06:51:20.152326,Malviya Nagar,134.1,28.72,57.22,497.7
2026-09-24 07:51:20.152326,Malviya Nagar,140.8,33.93,58.27,481.6
2026-09-24 08:51:20.152326,Malviya Nagar,160.9,39.02,70.12,498.3
2026-09-24 09:51:20.152326,Malviya Nagar,139.5,33.77,59.92,464.4
2026-09-24 10:51:20.152326,Malviya Nagar,133.1,28.9,58.59,481.8
2026-09-24 11:51:20.152326,Malviya Nagar,120.1,28.84,47.29,468.0
2026-09-24 12:51:20.152326,Malviya Nagar,118.1,27.51,55.38,471.0
2026-09-24 13:51:20.152326,Malviya Nagar,131.7,32.16,62.74,453.8
2026-09-24 14:51:20.152326,Malviya Nagar,123.2,28.82,58.96,471.0
2026-09-24 15:51:20.152326,Malviya Nagar,142.5,33.79,64.05,459.9
2026-09-24 16:51:20.152326,Malviya Nagar,130.0,34.58,66.33,479.4
2026-09-24 17:51:20.152326,Malviya Nagar,144.9,34.17,64.19,454.7
2026-09-24 18:51:20.152326,Malviya Nagar,145.1,34.66,59.57,478.3
2026-09-24 19:51:20.152326,Malviya Nagar,149.0,37.61,74.34,482.0
2026-09-24 20:51:20.152326,Malviya Nagar,113.0,28.21,53.73,470.7
2026-09-24 21:51:20.152326,Malviya Nagar,138.2,32.54,64.32,456.7
2026-06-26 22:51:20.152326,C-Scheme,42.9,8.79,13.71,427.7
2026-06-26 23:51:20.152326,C-Scheme,44.2,6.08,11.13,416.2
2026-06-27 00:51:20.152326,C-Scheme,26.1,10.26,21.15,418.5
2026-06-27 01:51:20.152326,C-Scheme,40.1,10.27,19.94,419.0
2026-06-27 02:51:20.152326,C-Scheme,43.0,7.25,13.15,391.3
2026-06-27 03:51:20.152326,C-Scheme,29.5,6.09,9.84,419.6
2026-06-27 04:51:20.152326,C-Scheme,27.1,7.77,14.67,428.8
2026-06-27 05:51:20.152326,C-Scheme,35.1,6.7,8.49,405.7
2026-06-27 06:51:20.152326,C-Scheme,32.5,3.29,8.95,419.3
2026-06-27 07:51:20.152326,C-Scheme,47.5,11.23,17.58,393.3
2026-06-27 08:51:20.152326,C-Scheme,39.8,10.09,18.79,413.2
2026-06-27 09:51:20.152326,C-Scheme,62.8,18.8,32.71,412.0
2026-06-27 10:51:20.152326,C-Scheme,44.3,10.87,24.19,436.2
2026-06-27 11:51:20.152326,C-Scheme,29.0,6.91,12.03,426.1
2026-06-27 12:51:20.152326,C-Scheme,47.0,10.14,17.62,407.6
2026-06-27 13:51:20.152326,C-Scheme,42.7,9.24,21.69,419.4
2026-06-27 14:51:20.152326,C-Scheme,36.6,10.28,16.97,447.9
2026-06-27 15:51:20.152326,C-Scheme,39.5,8.95,22.37,439.9
2026-06-27 16:51:20.152326,C-Scheme,39.1,9.52,16.29,407.5
2026-06-27 17:51:20.152326,C-Scheme,54.7,14.32,23.27,409.9
2026-06-27 18:51:20.152326,C-Scheme,45.0,12.77,21.68,427.2
2026-06-27 19:51:20.152326,C-Scheme,40.5,6.63,13.01,432.8
2026-06-27 20:51:20.152326,C-Scheme,45.9,10.93,19.45,415.6
2026-06-27 21:51:20.152326,C-Scheme,48.9,10.32,24.18,419.8
2026-06-27 22:51:20.152326,C-Scheme,26.1,6.04,19.45,418.7
2026-06-27 23:51:20.152326,C-Scheme,34.3,10.88,24.16,428.5
2026-06-28 00:51:20.152326,C-Scheme,30.1,6.72,11.56,407.4
2026-06-28 01:51:20.152326,C-Scheme,33.9,10.21,16.99,423.1
2026-06-28 02:51:20.152326,C-Scheme,39.1,9.44,12.14,433.1
2026-06-28 03:51:20.152326,C-Scheme,38.1,9.0,10.87,427.0
2026-06-28 04:51:20.152326,C-Scheme,31.0,6.65,13.82,416.3
2026-06-28 05:51:20.152326,C-Scheme,33.6,7.67,16.06,443.0
2026-06-28 06:51:20.152326,C-Scheme,45.6,11.11,24.48,433.3
2026-06-28 07:51:20.152326,C-Scheme,47.5,9.5,15.36,416.1
2026-06-28 08:51:20.152326,C-Scheme,57.4,15.42,26.23,415.4
2026-06-28 09:51:20.152326,C-Scheme,58.2,13.23,26.54,441.5
2026-06-28 10:51:20.152326,C-Scheme,30.6,8.88,10.41,401.3
2026-06-28 11:51:20.152326,C-Scheme,26.5,8.12,18.22,386.9
2026-06-28 12:51:20.152326,C-Scheme,32.9,8.05,13.84,407.4
2026-06-28 13:51:20.152326,C-Scheme,39.6,7.11,12.42,393.5
2026-06-28 14:51:20.152326,C-Scheme,30.6,6.47,20.76,420.6
2026-06-28 15:51:20.152326,C-Scheme,31.9,6.64,13.47,418.3
2026-06-28 16:51:20.152326,C-Scheme,29.4,9.19,18.26,384.2
2026-06-28 17:51:20.152326,C-Scheme,49.8,16.47,26.49,420.2
2026-06-28 18:51:20.152326,C-Scheme,56.8,13.64,24.16,434.4
2026-06-28 19:51:20.152326,C-Scheme,69.3,14.0,22.73,446.5
2026-06-28 20:51:20.152326,C-Scheme,48.4,11.49,27.5,434.9
2026-06-28 21:51:20.152326,C-Scheme,32.1,7.19,12.31,413.6
2026-06-28 22:51:20.152326,C-Scheme,39.8,11.19,20.88,423.2
2026-06-28 23:51:20.152326,C-Scheme,28.5,3.03,6.39,405.5
2026-06-29 00:51:20.152326,C-Scheme,40.6,13.14,30.05,441.8
2026-06-29 01:51:20.152326,C-Scheme,38.5,9.66,14.93,396.8
2026-06-29 02:51:20.152326,C-Scheme,36.2,8.55,16.48,416.4
2026-06-29 03:51:20.152326,C-Scheme,23.2,7.24,15.26,406.1
2026-06-29 04:51:20.152326,C-Scheme,33.1,6.91,16.89,435.2
2026-06-29 05:51:20.152326,C-Scheme,52.4,15.26,26.24,410.8
2026-06-29 06:51:20.152326,C-Scheme,39.9,9.38,22.4,437.7
2026-06-29 07:51:20.152326,C-Scheme,56.5,14.12,31.52,431.2
2026-06-29 08:51:20.152326,C-Scheme,42.9,12.3,19.56,412.4
2026-06-29 09:51:20.152326,C-Scheme,53.8,16.25,34.89,444.4
2026-06-29 10:51:20.152326,C-Scheme,41.6,10.64,20.38,429.7
2026-06-29 11:51:20.152326,C-Scheme,29.6,9.7,18.3,422.4
2026-06-29 12:51:20.152326,C-Scheme,34.2,8.4,15.48,433.4
2026-06-29 13:51:20.152326,C-Scheme,35.3,9.45,13.26,417.1
2026-06-29 14:51:20.152326,C-Scheme,47.5,11.43,18.34,447.3
2026-06-29 15:51:20.152326,C-Scheme,34.1,6.42,18.54,417.7
2026-06-29 16:51:20.152326,C-Scheme,36.4,7.18,15.27,427.5
2026-06-29 17:51:20.152326,C-Scheme,43.4,6.94,13.31,389.2
2026-06-29 18:51:20.152326,C-Scheme,52.0,16.22,35.24,413.6
2026-06-29 19:51:20.152326,C-Scheme,59.3,12.49,27.08,441.0
2026-06-29 20:51:20.152326,C-Scheme,31.3,6.57,9.49,431.3
2026-06-29 21:51:20.152326,C-Scheme,40.6,12.35,22.59,403.7
2026-06-29 22:51:20.152326,C-Scheme,33.0,9.68,14.76,399.8
2026-06-29 23:51:20.152326,C-Scheme,41.2,10.87,17.58,394.0
2026-06-30 00:51:20.152326,C-Scheme,37.6,9.79,16.76,440.3
2026-06-30 01:51:20.152326,C-Scheme,42.0,7.5,16.41,418.7
2026-06-30 02:51:20.152326,C-Scheme,37.5,8.16,15.96,425.1
2026-06-30 03:51:20.152326,C-Scheme,31.3,4.34,6.62,424.2
2026-06-30 04:51:20.152326,C-Scheme,38.2,6.23,8.08,425.2
2026-06-30 05:51:20.152326,C-Scheme,46.2,14.91,29.1,411.7
2026-06-30 06:51:20.152326,C-Scheme,21.8,4.95,9.15,405.7
2026-06-30 07:51:20.152326,C-Scheme,52.9,13.68,16.96,430.8
2026-06-30 08:51:20.152326,C-Scheme,40.6,11.48,14.39,392.7
2026-06-30 09:51:20.152326,C-Scheme,54.5,13.09,19.27,437.7
2026-06-30 10:51:20.152326,C-Scheme,25.8,6.46,14.05,406.1
2026-06-30 11:51:20.152326,C-Scheme,40.6,11.02,20.73,413.9
2026-06-30 12:51:20.152326,C-Scheme,50.1,11.14,21.42,385.3
2026-06-30 13:51:20.152326,C-Scheme,44.7,12.55,25.37,415.2
2026-06-30 14:51:20.152326,C-Scheme,29.3,6.14,12.04,399.4
2026-06-30 15:51:20.152326,C-Scheme,46.5,10.18,20.99,436.4
2026-06-30 16:51:20.152326,C-Scheme,37.4,10.75,20.72,414.3
2026-06-30 17:51:20.152326,C-Scheme,57.0,16.19,29.52,413.1
2026-06-30 18:51:20.152326,C-Scheme,43.0,10.1,15.96,414.7
2026-06-30 19:51:20.152326,C-Scheme,52.1,9.7,20.51,413.3
2026-06-30 20:51:20.152326,C-Scheme,38.3,11.6,24.87,437.5
2026-06-30 21:51:20.152326,C-Scheme,35.8,10.58,17.2,424.4
2026-06-30 22:51:20.152326,C-Scheme,37.1,11.64,27.04,439.2
2026-06-30 23:51:20.152326,C-Scheme,37.7,12.35,23.71,434.1
2026-07-01 00:51:20.152326,C-Scheme,33.8,9.91,19.34,403.8
2026-07-01 01:51:20.152326,C-Scheme,22.9,2.73,3.74,421.8
2026-07-01 02:51:20.152326,C-Scheme,39.3,8.53,14.81,413.7
2026-07-01 03:51:20.152326,C-Scheme,37.8,11.57,17.76,419.5
2026-07-01 04:51:20.152326,C-Scheme,42.9,8.94,15.79,436.6
2026-07-01 05:51:20.152326,C-Scheme,38.2,5.16,4.2,432.7
2026-07-01 06:51:20.152326,C-Scheme,24.0,5.82,8.7,405.4
2026-07-01 07:51:20.152326,C-Scheme,50.7,10.83,14.24,427.5
2026-07-01 08:51:20.152326,C-Scheme,61.0,12.18,24.28,424.2
2026-07-01 09:51:20.152326,C-Scheme,56.4,15.29,27.59,443.6
2026-07-01 10:51:20.152326,C-Scheme,40.8,11.52,24.55,380.0
2026-07-01 11:51:20.152326,C-Scheme,43.5,12.04,19.73,424.0
2026-07-01 12:51:20.152326,C-Scheme,43.1,9.65,21.21,437.1
2026-07-01 13:51:20.152326,C-Scheme,49.1,12.35,23.47,427.7
2026-07-01 14:51:20.152326,C-Scheme,39.0,11.37,21.12,422.2
2026-07-01 15:51:20.152326,C-Scheme,35.6,10.18,22.84,421.3
2026-07-01 16:51:20.152326,C-Scheme,36.6,7.15,13.82,401.1
2026-07-01 17:51:20.152326,C-Scheme,40.5,11.6,24.23,416.7
2026-07-01 18:51:20.152326,C-Scheme,54.3,10.88,16.11,447.9
2026-07-01 19:51:20.152326,C-Scheme,50.8,12.74,21.67,437.4
2026-07-01 20:51:20.152326,C-Scheme,38.1,7.56,14.2,432.9
2026-07-01 21:51:20.152326,C-Scheme,28.8,10.8,17.41,420.8
2026-07-01 22:51:20.152326,C-Scheme,38.3,4.7,9.82,429.8
2026-07-01 23:51:20.152326,C-Scheme,42.6,11.57,20.91,399.7
2026-07-02 00:51:20.152326,C-Scheme,25.4,3.09,0.0,415.2
2026-07-02 01:51:20.152326,C-Scheme,35.1,6.22,7.17,419.8
2026-07-02 02:51:20.152326,C-Scheme,30.2,5.5,11.1,398.5
2026-07-02 03:51:20.152326,C-Scheme,29.4,12.72,22.94,409.5
2026-07-02 04:51:20.152326,C-Scheme,28.2,7.17,15.02,411.4
2026-07-02 05:51:20.152326,C-Scheme,52.5,10.99,18.11,434.7
2026-07-02 06:51:20.152326,C-Scheme,27.3,8.36,15.82,414.6
2026-07-02 07:51:20.152326,C-Scheme,66.7,15.35,22.25,437.1
2026-07-02 08:51:20.152326,C-Scheme,69.4,18.39,35.01,425.3
2026-07-02 09:51:20.152326,C-Scheme,54.4,11.66,18.75,429.4
2026-07-02 10:51:20.152326,C-Scheme,28.2,6.96,14.86,415.0
2026-07-02 11:51:20.152326,C-Scheme,38.4,9.36,17.23,420.0
2026-07-02 12:51:20.152326,C-Scheme,35.3,10.64,24.54,421.5
2026-07-02 13:51:20.152326,C-Scheme,32.7,7.87,11.37,393.6
2026-07-02 14:51:20.152326,C-Scheme,38.0,7.61,13.12,412.3
2026-07-02 15:51:20.152326,C-Scheme,36.5,7.62,15.15,423.4
2026-07-02 16:51:20.152326,C-Scheme,37.5,8.17,11.17,380.0
2026-07-02 17:51:20.152326,C-Scheme,47.2,12.02,23.89,437.6
2026-07-02 18:51:20.152326,C-Scheme,47.3,12.55,25.53,429.7
2026-07-02 19:51:20.152326,C-Scheme,39.0,5.8,13.31,413.6
2026-07-02 20:51:20.152326,C-Scheme,27.7,5.35,9.85,403.6
2026-07-02 21:51:20.152326,C-Scheme,37.8,7.03,16.63,426.5
2026-07-02 22:51:20.152326,C-Scheme,29.3,8.26,15.34,416.0
2026-07-02 23:51:20.152326,C-Scheme,22.9,2.56,0.0,438.2
2026-07-03 00:51:20.152326,C-Scheme,36.2,8.34,14.86,419.4
2026-07-03 01:51:20.152326,C-Scheme,39.0,10.55,18.86,408.8
2026-07-03 02:51:20.152326,C-Scheme,36.0,9.48,13.87,402.8
2026-07-03 03:51:20.152326,C-Scheme,37.8,8.58,15.98,435.8
2026-07-03 04:51:20.152326,C-Scheme,21.0,4.99,11.19,441.7
2026-07-03 05:51:20.152326,C-Scheme,32.0,9.77,18.14,417.6
2026-07-03 06:51:20.152326,C-Scheme,27.6,9.54,17.31,405.1
2026-07-03 07:51:20.152326,C-Scheme,54.3,12.2,27.03,461.5
2026-07-03 08:51:20.152326,C-Scheme,35.2,6.21,5.1,419.0
2026-07-03 09:51:20.152326,C-Scheme,57.4,13.55,20.05,423.9
2026-07-03 10:51:20.152326,C-Scheme,27.3,6.79,16.92,408.0
2026-07-03 11:51:20.152326,C-Scheme,42.0,11.07,24.77,395.3
2026-07-03 12:51:20.152326,C-Scheme,45.1,13.05,23.87,440.1
2026-07-03 13:51:20.152326,C-Scheme,45.1,10.53,23.35,436.5
2026-07-03 14:51:20.152326,C-Scheme,21.6,4.44,4.94,404.3
2026-07-03 15:51:20.152326,C-Scheme,36.2,6.74,13.37,420.0
2026-07-03 16:51:20.152326,C-Scheme,26.2,6.6,7.93,387.4
2026-07-03 17:51:20.152326,C-Scheme,36.3,8.77,12.39,421.1
2026-07-03 18:51:20.152326,C-Scheme,51.4,12.87,22.83,421.0
2026-07-03 19:51:20.152326,C-Scheme,50.1,10.89,22.37,432.4
2026-07-03 20:51:20.152326,C-Scheme,30.2,8.27,16.66,425.4
2026-07-03 21:51:20.152326,C-Scheme,26.9,9.23,18.09,405.4
2026-07-03 22:51:20.152326,C-Scheme,44.5,10.61,20.34,427.4
2026-07-03 23:51:20.152326,C-Scheme,36.3,9.16,12.15,416.9
2026-07-04 00:51:20.152326,C-Scheme,36.9,8.08,9.8,428.0
2026-07-04 01:51:20.152326,C-Scheme,26.6,7.98,10.12,407.1
2026-07-04 02:51:20.152326,C-Scheme,20.9,7.29,13.49,424.8
2026-07-04 03:51:20.152326,C-Scheme,60.2,10.55,22.63,442.5
2026-07-04 04:51:20.152326,C-Scheme,34.2,7.62,16.71,422.0
2026-07-04 05:51:20.152326,C-Scheme,54.0,11.53,17.88,420.0
2026-07-04 06:51:20.152326,C-Scheme,52.6,10.68,20.27,427.1
2026-07-04 07:51:20.152326,C-Scheme,58.9,11.13,21.14,409.3
2026-07-04 08:51:20.152326,C-Scheme,68.6,15.96,27.34,442.0
2026-07-04 09:51:20.152326,C-Scheme,42.9,11.14,16.51,399.0
2026-07-04 10:51:20.152326,C-Scheme,25.7,9.91,17.09,389.9
2026-07-04 11:51:20.152326,C-Scheme,44.8,9.47,15.68,400.4
2026-07-04 12:51:20.152326,C-Scheme,42.2,10.59,22.37,427.3
2026-07-04 13:51:20.152326,C-Scheme,31.0,7.34,12.98,415.4
2026-07-04 14:51:20.152326,C-Scheme,24.0,6.01,3.53,415.4
2026-07-04 15:51:20.152326,C-Scheme,40.1,8.31,8.48,422.8
2026-07-04 16:51:20.152326,C-Scheme,18.6,0.76,0.0,401.6
2026-07-04 17:51:20.152326,C-Scheme,57.5,11.09,21.1,449.1
2026-07-04 18:51:20.152326,C-Scheme,44.6,14.2,26.17,444.3
2026-07-04 19:51:20.152326,C-Scheme,41.9,10.76,19.07,405.8
2026-07-04 20:51:20.152326,C-Scheme,38.6,6.09,10.98,436.4
2026-07-04 21:51:20.152326,C-Scheme,36.4,9.04,16.95,415.1
2026-07-04 22:51:20.152326,C-Scheme,30.3,7.91,14.37,396.6
2026-07-04 23:51:20.152326,C-Scheme,31.5,10.59,17.63,403.7
2026-07-05 00:51:20.152326,C-Scheme,23.9,6.14,10.24,418.8
2026-07-05 01:51:20.152326,C-Scheme,42.8,7.53,12.49,456.1
2026-07-05 02:51:20.152326,C-Scheme,28.3,6.82,13.01,398.5
2026-07-05 03:51:20.152326,C-Scheme,20.7,5.53,15.03,412.0
2026-07-05 04:51:20.152326,C-Scheme,54.5,16.33,30.7,418.0
2026-07-05 05:51:20.152326,C-Scheme,30.5,8.49,17.52,430.4
2026-07-05 06:51:20.152326,C-Scheme,35.3,4.84,6.66,426.2
2026-07-05 07:51:20.152326,C-Scheme,35.2,7.85,18.47,431.6
2026-07-05 08:51:20.152326,C-Scheme,59.0,16.02,28.3,438.4
2026-07-05 09:51:20.152326,C-Scheme,50.7,11.56,21.82,445.2
2026-07-05 10:51:20.152326,C-Scheme,37.7,6.82,11.8,396.0
2026-07-05 11:51:20.152326,C-Scheme,27.7,9.11,19.03,413.3
2026-07-05 12:51:20.152326,C-Scheme,28.6,9.36,14.73,441.5
2026-07-05 13:51:20.152326,C-Scheme,38.2,10.3,17.0,416.9
2026-07-05 14:51:20.152326,C-Scheme,32.6,4.27,7.59,413.2
2026-07-05 15:51:20.152326,C-Scheme,39.2,11.0,19.46,390.9
2026-07-05 16:51:20.152326,C-Scheme,32.7,10.57,18.53,391.1
2026-07-05 17:51:20.152326,C-Scheme,52.1,11.54,24.86,437.0
2026-07-05 18:51:20.152326,C-Scheme,36.0,9.48,15.49,400.6
2026-07-05 19:51:20.152326,C-Scheme,53.5,14.48,23.4,436.1
2026-07-05 20:51:20.152326,C-Scheme,41.5,12.15,24.36,407.0
2026-07-05 21:51:20.152326,C-Scheme,28.1,6.04,15.95,406.2
2026-07-05 22:51:20.152326,C-Scheme,35.0,8.52,16.39,434.7
2026-07-05 23:51:20.152326,C-Scheme,43.5,12.72,21.8,413.9
2026-07-06 00:51:20.152326,C-Scheme,39.4,9.36,20.29,428.0
2026-07-06 01:51:20.152326,C-Scheme,29.8,11.04,19.08,424.8
2026-07-06 02:51:20.152326,C-Scheme,46.2,8.11,10.59,397.2
2026-07-06 03:51:20.152326,C-Scheme,46.9,14.76,32.58,413.4
2026-07-06 04:51:20.152326,C-Scheme,32.8,6.03,10.36,421.9
2026-07-06 05:51:20.152326,C-Scheme,35.5,9.4,19.03,421.1
2026-07-06 06:51:20.152326,C-Scheme,45.7,9.33,15.72,412.0
2026-07-06 07:51:20.152326,C-Scheme,44.7,9.97,15.52,451.2
2026-07-06 08:51:20.152326,C-Scheme,55.5,13.19,19.86,427.6
2026-07-06 09:51:20.152326,C-Scheme,63.5,16.14,29.07,436.2
2026-07-06 10:51:20.152326,C-Scheme,45.3,11.54,18.09,429.9
2026-07-06 11:51:20.152326,C-Scheme,38.9,10.24,20.35,401.2
2026-07-06 12:51:20.152326,C-Scheme,24.5,9.16,16.25,419.4
2026-07-06 13:51:20.152326,C-Scheme,33.3,5.04,11.6,400.7
2026-07-06 14:51:20.152326,C-Scheme,36.2,6.62,11.51,439.4
2026-07-06 15:51:20.152326,C-Scheme,32.7,7.81,14.38,421.1
2026-07-06 16:51:20.152326,C-Scheme,34.8,5.1,8.18,380.0
2026-07-06 17:51:20.152326,C-Scheme,33.5,7.6,15.66,423.8
2026-07-06 18:51:20.152326,C-Scheme,54.6,15.34,28.01,439.7
2026-07-06 19:51:20.152326,C-Scheme,64.1,14.72,28.51,460.0
2026-07-06 20:51:20.152326,C-Scheme,44.0,11.85,15.8,432.9
2026-07-06 21:51:20.152326,C-Scheme,18.5,1.61,8.65,380.9
2026-07-06 22:51:20.152326,C-Scheme,34.8,10.63,19.58,428.6
2026-07-06 23:51:20.152326,C-Scheme,39.8,12.68,28.08,405.6
2026-07-07 00:51:20.152326,C-Scheme,37.1,8.67,14.59,396.4
2026-07-07 01:51:20.152326,C-Scheme,26.2,9.42,18.76,386.6
2026-07-07 02:51:20.152326,C-Scheme,52.5,10.86,22.08,436.6
2026-07-07 03:51:20.152326,C-Scheme,30.9,8.12,11.4,416.5
2026-07-07 04:51:20.152326,C-Scheme,27.2,5.81,9.78,415.2
2026-07-07 05:51:20.152326,C-Scheme,14.9,5.82,14.19,407.0
2026-07-07 06:51:20.152326,C-Scheme,46.0,8.93,16.75,411.8
2026-07-07 07:51:20.152326,C-Scheme,44.7,8.74,8.68,427.2
2026-07-07 08:51:20.152326,C-Scheme,61.4,15.91,24.21,422.7
2026-07-07 09:51:20.152326,C-Scheme,51.8,11.29,18.19,437.3
2026-07-07 10:51:20.152326,C-Scheme,52.4,12.32,16.97,417.9
2026-07-07 11:51:20.152326,C-Scheme,24.3,8.39,21.42,386.3
2026-07-07 12:51:20.152326,C-Scheme,26.2,6.55,8.21,396.9
2026-07-07 13:51:20.152326,C-Scheme,31.9,8.98,18.05,441.9
2026-07-07 14:51:20.152326,C-Scheme,38.0,6.85,9.81,421.4
2026-07-07 15:51:20.152326,C-Scheme,38.1,9.41,18.74,424.0
2026-07-07 16:51:20.152326,C-Scheme,30.7,8.11,16.54,422.4
2026-07-07 17:51:20.152326,C-Scheme,50.6,11.58,20.44,444.7
2026-07-07 18:51:20.152326,C-Scheme,37.2,5.87,10.92,424.6
2026-07-07 19:51:20.152326,C-Scheme,63.7,13.9,26.23,438.3
2026-07-07 20:51:20.152326,C-Scheme,46.2,10.36,19.58,403.4
2026-07-07 21:51:20.152326,C-Scheme,31.1,7.01,11.07,389.5
2026-07-07 22:51:20.152326,C-Scheme,38.6,11.09,23.18,410.2
2026-07-07 23:51:20.152326,C-Scheme,45.5,5.57,6.87,431.5
2026-07-08 00:51:20.152326,C-Scheme,20.8,2.81,1.77,431.2
2026-07-08 01:51:20.152326,C-Scheme,24.8,9.27,18.58,402.4
2026-07-08 02:51:20.152326,C-Scheme,23.7,6.93,14.06,408.6
2026-07-08 03:51:20.152326,C-Scheme,34.9,7.79,16.52,443.3
2026-07-08 04:51:20.152326,C-Scheme,29.0,7.36,20.67,401.8
2026-07-08 05:51:20.152326,C-Scheme,31.0,10.03,17.81,384.8
2026-07-08 06:51:20.152326,C-Scheme,36.4,7.73,14.99,384.2
2026-07-08 07:51:20.152326,C-Scheme,55.8,8.29,15.68,442.6
2026-07-08 08:51:20.152326,C-Scheme,37.9,7.28,8.91,436.4
2026-07-08 09:51:20.152326,C-Scheme,52.7,12.09,28.54,448.1
2026-07-08 10:51:20.152326,C-Scheme,40.5,11.55,19.38,456.1
2026-07-08 11:51:20.152326,C-Scheme,52.7,14.47,26.85,402.6
2026-07-08 12:51:20.152326,C-Scheme,36.3,9.35,17.89,430.6
2026-07-08 13:51:20.152326,C-Scheme,36.9,13.26,20.37,404.8
2026-07-08 14:51:20.152326,C-Scheme,31.7,4.45,6.84,430.3
2026-07-08 15:51:20.152326,C-Scheme,35.4,10.75,18.47,411.5
2026-07-08 16:51:20.152326,C-Scheme,52.2,12.98,22.7,422.6
2026-07-08 17:51:20.152326,C-Scheme,44.4,10.24,22.39,432.1
2026-07-08 18:51:20.152326,C-Scheme,42.3,9.93,27.44,468.0
2026-07-08 19:51:20.152326,C-Scheme,54.5,14.35,26.65,446.3
2026-07-08 20:51:20.152326,C-Scheme,28.2,6.35,16.85,405.8
2026-07-08 21:51:20.152326,C-Scheme,27.6,3.25,0.0,447.1
2026-07-08 22:51:20.152326,C-Scheme,31.8,9.09,18.12,430.4
2026-07-08 23:51:20.152326,C-Scheme,26.2,4.74,9.27,403.3
2026-07-09 00:51:20.152326,C-Scheme,42.9,10.03,18.93,427.1
2026-07-09 01:51:20.152326,C-Scheme,39.4,6.64,13.39,410.6
2026-07-09 02:51:20.152326,C-Scheme,34.6,9.86,18.18,424.2
2026-07-09 03:51:20.152326,C-Scheme,38.2,10.12,14.72,414.5
2026-07-09 04:51:20.152326,C-Scheme,36.4,8.57,16.47,415.6
2026-07-09 05:51:20.152326,C-Scheme,30.0,4.76,4.4,413.8
2026-07-09 06:51:20.152326,C-Scheme,33.5,9.93,17.91,402.3
2026-07-09 07:51:20.152326,C-Scheme,44.0,11.28,21.2,406.7
2026-07-09 08:51:20.152326,C-Scheme,47.3,10.18,19.2,411.4
2026-07-09 09:51:20.152326,C-Scheme,51.2,12.44,22.75,423.4
2026-07-09 10:51:20.152326,C-Scheme,36.8,6.25,9.93,407.6
2026-07-09 11:51:20.152326,C-Scheme,51.8,11.04,22.6,418.0
2026-07-09 12:51:20.152326,C-Scheme,39.6,7.09,14.53,414.2
2026-07-09 13:51:20.152326,C-Scheme,44.3,8.9,23.74,435.9
2026-07-09 14:51:20.152326,C-Scheme,42.1,10.61,23.18,428.9
2026-07-09 15:51:20.152326,C-Scheme,35.1,7.28,15.07,417.0
2026-07-09 16:51:20.152326,C-Scheme,35.9,7.56,15.91,415.3
2026-07-09 17:51:20.152326,C-Scheme,49.2,14.57,27.94,428.6
2026-07-09 18:51:20.152326,C-Scheme,55.1,9.4,15.68,409.5
2026-07-09 19:51:20.152326,C-Scheme,49.0,11.29,20.67,405.4
2026-07-09 20:51:20.152326,C-Scheme,29.2,9.46,18.46,411.8
2026-07-09 21:51:20.152326,C-Scheme,32.1,8.56,21.3,400.7
2026-07-09 22:51:20.152326,C-Scheme,32.1,9.24,16.28,407.5
2026-07-09 23:51:20.152326,C-Scheme,24.8,3.33,6.42,402.0
2026-07-10 00:51:20.152326,C-Scheme,33.2,6.22,14.64,418.7
2026-07-10 01:51:20.152326,C-Scheme,34.7,7.16,12.7,404.6
2026-07-10 02:51:20.152326,C-Scheme,28.6,7.49,16.17,426.9
2026-07-10 03:51:20.152326,C-Scheme,30.6,5.51,6.75,426.3
2026-07-10 04:51:20.152326,C-Scheme,24.3,3.26,11.93,411.1
2026-07-10 05:51:20.152326,C-Scheme,46.5,8.67,17.63,415.3
2026-07-10 06:51:20.152326,C-Scheme,34.4,6.84,14.09,397.0
2026-07-10 07:51:20.152326,C-Scheme,50.9,11.7,23.41,426.2
2026-07-10 08:51:20.152326,C-Scheme,64.6,15.63,29.0,420.3
2026-07-10 09:51:20.152326,C-Scheme,57.0,15.07,28.12,455.1
2026-07-10 10:51:20.152326,C-Scheme,43.7,10.5,20.33,448.7
2026-07-10 11:51:20.152326,C-Scheme,33.4,11.07,27.69,402.8
2026-07-10 12:51:20.152326,C-Scheme,36.5,8.25,10.8,402.4
2026-07-10 13:51:20.152326,C-Scheme,31.3,7.51,12.42,418.4
2026-07-10 14:51:20.152326,C-Scheme,45.0,11.6,18.13,430.8
2026-07-10 15:51:20.152326,C-Scheme,37.4,9.66,16.58,405.1
2026-07-10 16:51:20.152326,C-Scheme,62.1,17.0,31.02,425.6
2026-07-10 17:51:20.152326,C-Scheme,39.2,9.84,20.45,401.2
2026-07-10 18:51:20.152326,C-Scheme,51.6,12.18,21.9,425.1
2026-07-10 19:51:20.152326,C-Scheme,46.3,9.67,19.8,421.1
2026-07-10 20:51:20.152326,C-Scheme,23.3,7.6,19.02,427.5
2026-07-10 21:51:20.152326,C-Scheme,26.9,8.27,10.69,412.6
2026-07-10 22:51:20.152326,C-Scheme,32.6,6.25,8.98,390.4
2026-07-10 23:51:20.152326,C-Scheme,37.5,8.35,13.02,431.2
2026-07-11 00:51:20.152326,C-Scheme,30.3,5.9,8.46,412.7
2026-07-11 01:51:20.152326,C-Scheme,28.3,4.41,12.32,397.3
2026-07-11 02:51:20.152326,C-Scheme,43.5,10.71,20.35,420.8
2026-07-11 03:51:20.152326,C-Scheme,32.7,2.32,2.23,441.5
2026-07-11 04:51:20.152326,C-Scheme,16.3,1.5,0.0,403.1
2026-07-11 05:51:20.152326,C-Scheme,56.9,13.68,27.28,461.1
2026-07-11 06:51:20.152326,C-Scheme,42.7,9.24,18.73,436.2
2026-07-11 07:51:20.152326,C-Scheme,54.7,14.67,25.08,450.4
2026-07-11 08:51:20.152326,C-Scheme,59.1,13.07,26.35,453.4
2026-07-11 09:51:20.152326,C-Scheme,58.1,12.8,21.85,423.4
2026-07-11 10:51:20.152326,C-Scheme,28.8,6.0,6.81,392.0
2026-07-11 11:51:20.152326,C-Scheme,32.2,9.15,14.08,399.6
2026-07-11 12:51:20.152326,C-Scheme,33.1,11.72,27.83,435.1
2026-07-11 13:51:20.152326,C-Scheme,36.3,9.79,17.9,401.6
2026-07-11 14:51:20.152326,C-Scheme,35.6,12.92,26.41,391.7
2026-07-11 15:51:20.152326,C-Scheme,40.6,7.63,14.93,420.6
2026-07-11 16:51:20.152326,C-Scheme,26.9,5.01,6.65,426.9
2026-07-11 17:51:20.152326,C-Scheme,45.9,14.52,29.26,451.1
2026-07-11 18:51:20.152326,C-Scheme,45.7,12.63,20.73,434.9
2026-07-11 19:51:20.152326,C-Scheme,43.5,8.73,19.28,406.4
2026-07-11 20:51:20.152326,C-Scheme,26.1,6.87,10.87,414.7
2026-07-11 21:51:20.152326,C-Scheme,29.5,8.98,14.75,415.6
2026-07-11 22:51:20.152326,C-Scheme,24.5,7.05,10.09,405.2
2026-07-11 23:51:20.152326,C-Scheme,28.0,7.83,14.63,406.7
2026-07-12 00:51:20.152326,C-Scheme,25.3,3.72,7.84,393.9
2026-07-12 01:51:20.152326,C-Scheme,23.3,5.56,9.09,404.7
2026-07-12 02:51:20.152326,C-Scheme,38.2,12.43,20.84,422.3
2026-07-12 03:51:20.152326,C-Scheme,30.4,10.08,18.45,406.2
2026-07-12 04:51:20.152326,C-Scheme,48.0,10.48,20.26,422.5
2026-07-12 05:51:20.152326,C-Scheme,16.6,5.72,15.04,432.9
2026-07-12 06:51:20.152326,C-Scheme,47.2,13.58,22.16,393.5
2026-07-12 07:51:20.152326,C-Scheme,53.1,9.9,13.9,398.3
2026-07-12 08:51:20.152326,C-Scheme,37.1,8.15,8.81,425.7
2026-07-12 09:51:20.152326,C-Scheme,61.6,14.03,30.56,413.3
2026-07-12 10:51:20.152326,C-Scheme,47.9,11.06,15.56,432.6
2026-07-12 11:51:20.152326,C-Scheme,38.7,7.99,18.23,408.3
2026-07-12 12:51:20.152326,C-Scheme,36.9,10.11,19.41,427.3
2026-07-12 13:51:20.152326,C-Scheme,37.5,9.06,14.07,420.5
2026-07-12 14:51:20.152326,C-Scheme,42.8,9.72,16.04,426.8
2026-07-12 15:51:20.152326,C-Scheme,21.9,2.52,4.62,402.7
2026-07-12 16:51:20.152326,C-Scheme,17.6,1.93,0.0,407.1
2026-07-12 17:51:20.152326,C-Scheme,64.6,12.91,25.86,435.3
2026-07-12 18:51:20.152326,C-Scheme,43.6,12.84,20.58,416.0
2026-07-12 19:51:20.152326,C-Scheme,40.0,12.88,20.03,437.7
2026-07-12 20:51:20.152326,C-Scheme,26.3,7.53,15.57,395.3
2026-07-12 21:51:20.152326,C-Scheme,38.5,3.75,4.99,428.0
2026-07-12 22:51:20.152326,C-Scheme,30.7,7.97,17.36,430.4
2026-07-12 23:51:20.152326,C-Scheme,45.2,12.49,23.04,394.8
2026-07-13 00:51:20.152326,C-Scheme,41.9,9.47,22.51,451.7
2026-07-13 01:51:20.152326,C-Scheme,20.4,6.36,13.96,392.8
2026-07-13 02:51:20.152326,C-Scheme,37.2,9.39,21.82,398.2
2026-07-13 03:51:20.152326,C-Scheme,41.4,7.65,16.83,401.6
2026-07-13 04:51:20.152326,C-Scheme,31.4,5.18,15.08,402.4
2026-07-13 05:51:20.152326,C-Scheme,29.4,5.11,14.88,422.7
2026-07-13 06:51:20.152326,C-Scheme,25.4,5.21,9.9,412.9
2026-07-13 07:51:20.152326,C-Scheme,41.5,8.8,19.11,445.5
2026-07-13 08:51:20.152326,C-Scheme,32.7,6.41,9.17,433.2
2026-07-13 09:51:20.152326,C-Scheme,59.5,14.19,28.47,434.8
2026-07-13 10:51:20.152326,C-Scheme,33.2,7.23,8.45,415.3
2026-07-13 11:51:20.152326,C-Scheme,36.9,6.41,12.51,409.9
2026-07-13 12:51:20.152326,C-Scheme,41.5,12.86,17.8,417.0
2026-07-13 13:51:20.152326,C-Scheme,35.3,6.76,6.7,425.9
2026-07-13 14:51:20.152326,C-Scheme,33.5,9.17,10.47,393.4
2026-07-13 15:51:20.152326,C-Scheme,37.1,7.38,17.69,400.8
2026-07-13 16:51:20.152326,C-Scheme,37.3,7.82,18.22,426.6
2026-07-13 17:51:20.152326,C-Scheme,47.2,10.62,17.64,431.4
2026-07-13 18:51:20.152326,C-Scheme,54.3,15.56,24.2,463.5
2026-07-13 19:51:20.152326,C-Scheme,54.8,13.39,20.95,413.0
2026-07-13 20:51:20.152326,C-Scheme,40.5,12.71,23.29,400.4
2026-07-13 21:51:20.152326,C-Scheme,50.0,12.97,28.99,444.9
2026-07-13 22:51:20.152326,C-Scheme,24.3,9.95,17.39,393.0
2026-07-13 23:51:20.152326,C-Scheme,43.6,13.91,27.02,417.9
2026-07-14 00:51:20.152326,C-Scheme,34.4,8.02,18.79,414.2
2026-07-14 01:51:20.152326,C-Scheme,40.8,8.43,11.01,404.6
2026-07-14 02:51:20.152326,C-Scheme,39.4,9.8,16.52,421.5
2026-07-14 03:51:20.152326,C-Scheme,39.5,8.93,20.66,431.4
2026-07-14 04:51:20.152326,C-Scheme,39.5,9.29,14.1,436.1
2026-07-14 05:51:20.152326,C-Scheme,44.3,12.36,25.78,431.8
2026-07-14 06:51:20.152326,C-Scheme,30.4,3.77,3.66,431.9
2026-07-14 07:51:20.152326,C-Scheme,37.5,11.94,22.7,409.1
2026-07-14 08:51:20.152326,C-Scheme,53.8,14.43,26.04,428.8
2026-07-14 09:51:20.152326,C-Scheme,57.3,10.72,17.61,423.1
2026-07-14 10:51:20.152326,C-Scheme,40.7,11.66,22.37,416.5
2026-07-14 11:51:20.152326,C-Scheme,27.8,2.81,3.1,421.2
2026-07-14 12:51:20.152326,C-Scheme,40.4,9.11,21.36,421.1
2026-07-14 13:51:20.152326,C-Scheme,40.4,10.58,18.99,420.7
2026-07-14 14:51:20.152326,C-Scheme,23.1,0.96,1.37,416.4
2026-07-14 15:51:20.152326,C-Scheme,37.7,9.34,20.75,418.0
2026-07-14 16:51:20.152326,C-Scheme,22.0,5.76,14.7,446.0
2026-07-14 17:51:20.152326,C-Scheme,50.9,13.08,22.03,406.0
2026-07-14 18:51:20.152326,C-Scheme,50.0,13.22,22.98,445.9
2026-07-14 19:51:20.152326,C-Scheme,57.0,12.16,21.94,463.2
2026-07-14 20:51:20.152326,C-Scheme,44.9,13.23,21.85,417.9
2026-07-14 21:51:20.152326,C-Scheme,44.0,14.29,26.69,443.7
2026-07-14 22:51:20.152326,C-Scheme,34.7,10.53,24.04,406.4
2026-07-14 23:51:20.152326,C-Scheme,28.3,7.44,12.94,430.6
2026-07-15 00:51:20.152326,C-Scheme,32.1,7.25,12.69,409.0
2026-07-15 01:51:20.152326,C-Scheme,31.3,8.9,21.96,414.1
2026-07-15 02:51:20.152326,C-Scheme,45.2,11.41,25.43,406.7
2026-07-15 03:51:20.152326,C-Scheme,53.7,14.84,23.39,421.9
2026-07-15 04:51:20.152326,C-Scheme,48.8,11.26,20.17,431.8
2026-07-15 05:51:20.152326,C-Scheme,46.9,13.52,25.82,433.1
2026-07-15 06:51:20.152326,C-Scheme,24.6,6.38,15.03,424.5
2026-07-15 07:51:20.152326,C-Scheme,49.0,11.41,18.35,433.2
2026-07-15 08:51:20.152326,C-Scheme,55.1,15.72,34.85,422.4
2026-07-15 09:51:20.152326,C-Scheme,53.4,13.82,25.9,430.1
2026-07-15 10:51:20.152326,C-Scheme,44.1,10.42,19.64,438.7
2026-07-15 11:51:20.152326,C-Scheme,36.3,6.79,7.48,435.6
2026-07-15 12:51:20.152326,C-Scheme,35.1,7.41,10.66,423.6
2026-07-15 13:51:20.152326,C-Scheme,38.6,9.11,12.69,401.4
2026-07-15 14:51:20.152326,C-Scheme,31.8,9.73,18.62,398.8
2026-07-15 15:51:20.152326,C-Scheme,46.0,11.54,24.0,417.3
2026-07-15 16:51:20.152326,C-Scheme,35.0,8.77,22.42,393.1
2026-07-15 17:51:20.152326,C-Scheme,51.8,9.91,19.39,407.7
2026-07-15 18:51:20.152326,C-Scheme,50.6,8.2,19.46,431.8
2026-07-15 19:51:20.152326,C-Scheme,37.9,4.24,9.03,431.9
2026-07-15 20:51:20.152326,C-Scheme,49.8,12.12,18.49,407.5
2026-07-15 21:51:20.152326,C-Scheme,25.9,5.07,9.29,403.5
2026-07-15 22:51:20.152326,C-Scheme,26.2,8.94,18.08,393.6
2026-07-15 23:51:20.152326,C-Scheme,38.3,8.28,8.63,445.8
2026-07-16 00:51:20.152326,C-Scheme,34.2,5.37,10.38,427.0
2026-07-16 01:51:20.152326,C-Scheme,31.8,9.75,17.28,403.8
2026-07-16 02:51:20.152326,C-Scheme,30.6,4.22,10.34,403.5
2026-07-16 03:51:20.152326,C-Scheme,36.4,8.45,18.32,431.7
2026-07-16 04:51:20.152326,C-Scheme,32.7,9.07,16.6,429.6
2026-07-16 05:51:20.152326,C-Scheme,28.9,6.26,6.7,434.2
2026-07-16 06:51:20.152326,C-Scheme,30.0,6.88,16.04,396.3
2026-07-16 07:51:20.152326,C-Scheme,61.6,14.98,30.46,452.8
2026-07-16 08:51:20.152326,C-Scheme,41.5,9.23,17.2,416.9
2026-07-16 09:51:20.152326,C-Scheme,53.9,9.81,16.8,412.9
2026-07-16 10:51:20.152326,C-Scheme,25.1,2.23,4.6,425.2
2026-07-16 11:51:20.152326,C-Scheme,47.7,12.8,25.23,404.5
2026-07-16 12:51:20.152326,C-Scheme,35.5,11.61,24.75,402.9
2026-07-16 13:51:20.152326,C-Scheme,29.8,5.73,1.69,397.8
2026-07-16 14:51:20.152326,C-Scheme,32.4,6.32,15.64,395.4
2026-07-16 15:51:20.152326,C-Scheme,30.5,3.83,13.09,426.5
2026-07-16 16:51:20.152326,C-Scheme,54.3,7.84,10.8,452.4
2026-07-16 17:51:20.152326,C-Scheme,51.9,12.88,20.83,466.7
2026-07-16 18:51:20.152326,C-Scheme,42.5,11.56,23.36,448.3
2026-07-16 19:51:20.152326,C-Scheme,55.5,13.62,27.88,416.1
2026-07-16 20:51:20.152326,C-Scheme,33.8,8.12,17.15,390.9
2026-07-16 21:51:20.152326,C-Scheme,35.4,8.19,15.7,394.8
2026-07-16 22:51:20.152326,C-Scheme,41.3,9.06,14.35,431.2
2026-07-16 23:51:20.152326,C-Scheme,39.6,9.92,12.73,429.5
2026-07-17 00:51:20.152326,C-Scheme,40.3,8.96,20.0,401.4
2026-07-17 01:51:20.152326,C-Scheme,28.2,6.31,11.63,416.1
2026-07-17 02:51:20.152326,C-Scheme,37.3,8.1,19.25,430.6
2026-07-17 03:51:20.152326,C-Scheme,42.5,9.66,20.53,425.7
2026-07-17 04:51:20.152326,C-Scheme,22.4,4.15,5.26,404.6
2026-07-17 05:51:20.152326,C-Scheme,43.7,10.0,18.24,443.8
2026-07-17 06:51:20.152326,C-Scheme,41.1,7.32,14.12,397.0
2026-07-17 07:51:20.152326,C-Scheme,47.7,13.3,26.41,439.1
2026-07-17 08:51:20.152326,C-Scheme,41.0,7.96,19.25,408.3
2026-07-17 09:51:20.152326,C-Scheme,60.9,14.61,26.48,404.2
2026-07-17 10:51:20.152326,C-Scheme,36.9,6.96,14.9,429.5
2026-07-17 11:51:20.152326,C-Scheme,32.0,3.98,0.95,419.8
2026-07-17 12:51:20.152326,C-Scheme,27.0,8.38,13.9,417.8
2026-07-17 13:51:20.152326,C-Scheme,37.1,13.81,18.18,387.2
2026-07-17 14:51:20.152326,C-Scheme,22.6,1.69,8.46,403.6
2026-07-17 15:51:20.152326,C-Scheme,36.2,10.58,19.46,407.1
2026-07-17 16:51:20.152326,C-Scheme,39.1,9.88,15.58,412.3
2026-07-17 17:51:20.152326,C-Scheme,38.6,10.23,20.45,444.3
2026-07-17 18:51:20.152326,C-Scheme,56.1,9.0,19.37,426.2
2026-07-17 19:51:20.152326,C-Scheme,47.9,12.48,22.6,422.4
2026-07-17 20:51:20.152326,C-Scheme,36.7,8.89,19.23,414.8
2026-07-17 21:51:20.152326,C-Scheme,44.8,12.81,24.18,432.8
2026-07-17 22:51:20.152326,C-Scheme,40.7,9.49,15.24,403.4
2026-07-17 23:51:20.152326,C-Scheme,53.7,11.72,23.12,416.4
2026-07-18 00:51:20.152326,C-Scheme,37.4,9.39,10.49,411.9
2026-07-18 01:51:20.152326,C-Scheme,32.0,10.46,26.17,417.8
2026-07-18 02:51:20.152326,C-Scheme,25.4,9.04,12.11,424.5
2026-07-18 03:51:20.152326,C-Scheme,38.1,13.21,24.76,386.5
2026-07-18 04:51:20.152326,C-Scheme,42.5,7.51,18.78,430.3
2026-07-18 05:51:20.152326,C-Scheme,33.8,5.65,7.2,408.8
2026-07-18 06:51:20.152326,C-Scheme,35.4,8.99,15.01,421.1
2026-07-18 07:51:20.152326,C-Scheme,44.1,13.15,25.47,431.3
2026-07-18 08:51:20.152326,C-Scheme,58.5,13.5,27.54,451.4
2026-07-18 09:51:20.152326,C-Scheme,38.3,8.9,11.98,427.0
2026-07-18 10:51:20.152326,C-Scheme,40.6,9.6,17.31,430.0
2026-07-18 11:51:20.152326,C-Scheme,34.2,9.42,20.5,407.7
2026-07-18 12:51:20.152326,C-Scheme,34.3,3.33,5.52,431.1
2026-07-18 13:51:20.152326,C-Scheme,36.7,11.55,23.73,429.1
2026-07-18 14:51:20.152326,C-Scheme,45.1,10.56,20.43,440.7
2026-07-18 15:51:20.152326,C-Scheme,33.1,9.44,17.96,409.5
2026-07-18 16:51:20.152326,C-Scheme,49.2,9.68,17.18,423.1
2026-07-18 17:51:20.152326,C-Scheme,37.7,11.17,22.23,430.0
2026-07-18 18:51:20.152326,C-Scheme,43.7,7.68,13.41,425.6
2026-07-18 19:51:20.152326,C-Scheme,50.0,13.01,19.12,416.6
2026-07-18 20:51:20.152326,C-Scheme,38.7,10.37,20.07,412.4
2026-07-18 21:51:20.152326,C-Scheme,46.7,9.7,11.95,410.7
2026-07-18 22:51:20.152326,C-Scheme,50.6,11.65,18.74,427.7
2026-07-18 23:51:20.152326,C-Scheme,30.2,5.5,9.8,414.5
2026-07-19 00:51:20.152326,C-Scheme,30.8,11.36,25.3,389.3
2026-07-19 01:51:20.152326,C-Scheme,35.9,7.77,15.43,458.9
2026-07-19 02:51:20.152326,C-Scheme,34.7,7.65,13.38,419.2
2026-07-19 03:51:20.152326,C-Scheme,31.9,7.79,14.77,404.6
2026-07-19 04:51:20.152326,C-Scheme,44.1,11.02,19.2,412.6
2026-07-19 05:51:20.152326,C-Scheme,14.5,2.0,5.92,398.9
2026-07-19 06:51:20.152326,C-Scheme,32.2,7.78,15.14,443.0
2026-07-19 07:51:20.152326,C-Scheme,69.2,16.34,28.19,455.4
2026-07-19 08:51:20.152326,C-Scheme,57.8,14.58,27.02,455.0
2026-07-19 09:51:20.152326,C-Scheme,47.7,10.44,19.09,427.1
2026-07-19 10:51:20.152326,C-Scheme,33.6,6.17,15.24,424.5
2026-07-19 11:51:20.152326,C-Scheme,39.7,9.29,17.31,410.8
2026-07-19 12:51:20.152326,C-Scheme,36.8,4.54,2.18,408.6
2026-07-19 13:51:20.152326,C-Scheme,26.8,5.6,7.52,409.5
2026-07-19 14:51:20.152326,C-Scheme,35.0,7.77,9.81,402.9
2026-07-19 15:51:20.152326,C-Scheme,32.2,8.79,18.25,425.3
2026-07-19 16:51:20.152326,C-Scheme,32.0,6.95,10.83,422.2
2026-07-19 17:51:20.152326,C-Scheme,44.4,14.09,26.69,426.4
2026-07-19 18:51:20.152326,C-Scheme,46.8,10.92,21.19,421.8
2026-07-19 19:51:20.152326,C-Scheme,45.3,12.14,23.65,399.4
2026-07-19 20:51:20.152326,C-Scheme,27.5,7.82,16.8,386.3
2026-07-19 21:51:20.152326,C-Scheme,34.6,7.43,15.43,439.7
2026-07-19 22:51:20.152326,C-Scheme,26.5,7.71,17.89,402.5
2026-07-19 23:51:20.152326,C-Scheme,33.1,6.59,15.24,432.0
2026-07-20 00:51:20.152326,C-Scheme,37.1,8.25,15.19,432.5
2026-07-20 01:51:20.152326,C-Scheme,26.8,5.18,6.88,413.7
2026-07-20 02:51:20.152326,C-Scheme,52.3,13.46,22.77,402.3
2026-07-20 03:51:20.152326,C-Scheme,18.9,4.47,8.26,386.6
2026-07-20 04:51:20.152326,C-Scheme,46.4,12.14,24.15,441.1
2026-07-20 05:51:20.152326,C-Scheme,24.9,4.97,7.3,423.7
2026-07-20 06:51:20.152326,C-Scheme,33.1,6.73,13.06,399.2
2026-07-20 07:51:20.152326,C-Scheme,57.6,14.87,34.04,429.5
2026-07-20 08:51:20.152326,C-Scheme,46.9,13.7,28.0,418.9
2026-07-20 09:51:20.152326,C-Scheme,55.4,17.45,28.77,423.5
2026-07-20 10:51:20.152326,C-Scheme,59.1,16.39,30.83,410.8
2026-07-20 11:51:20.152326,C-Scheme,30.2,10.18,17.84,433.7
2026-07-20 12:51:20.152326,C-Scheme,46.5,14.96,28.92,436.5
2026-07-20 13:51:20.152326,C-Scheme,40.0,13.14,21.31,413.2
2026-07-20 14:51:20.152326,C-Scheme,29.2,6.96,10.67,420.9
2026-07-20 15:51:20.152326,C-Scheme,49.7,12.06,22.36,443.3
2026-07-20 16:51:20.152326,C-Scheme,24.5,4.14,7.53,404.1
2026-07-20 17:51:20.152326,C-Scheme,33.9,5.59,8.77,389.1
2026-07-20 18:51:20.152326,C-Scheme,42.3,11.02,21.35,437.4
2026-07-20 19:51:20.152326,C-Scheme,46.7,11.11,19.42,415.8
2026-07-20 20:51:20.152326,C-Scheme,31.1,4.15,7.72,418.6
2026-07-20 21:51:20.152326,C-Scheme,23.1,5.03,9.74,417.3
2026-07-20 22:51:20.152326,C-Scheme,38.0,8.56,17.48,424.7
2026-07-20 23:51:20.152326,C-Scheme,33.9,5.1,4.91,395.6
2026-07-21 00:51:20.152326,C-Scheme,39.8,10.14,19.79,404.7
2026-07-21 01:51:20.152326,C-Scheme,37.6,7.56,11.8,401.2
2026-07-21 02:51:20.152326,C-Scheme,38.1,8.71,20.01,420.6
2026-07-21 03:51:20.152326,C-Scheme,29.8,7.13,18.51,437.0
2026-07-21 04:51:20.152326,C-Scheme,33.2,8.31,13.91,420.0
2026-07-21 05:51:20.152326,C-Scheme,35.1,7.39,14.75,421.3
2026-07-21 06:51:20.152326,C-Scheme,29.9,7.86,15.42,423.8
2026-07-21 07:51:20.152326,C-Scheme,47.0,9.78,20.27,439.5
2026-07-21 08:51:20.152326,C-Scheme,53.9,11.24,22.33,407.8
2026-07-21 09:51:20.152326,C-Scheme,60.0,12.08,24.69,429.8
2026-07-21 10:51:20.152326,C-Scheme,39.1,9.78,16.48,421.4
2026-07-21 11:51:20.152326,C-Scheme,37.8,12.33,21.27,404.2
2026-07-21 12:51:20.152326,C-Scheme,31.2,10.63,17.8,402.1
2026-07-21 13:51:20.152326,C-Scheme,36.4,13.55,25.79,399.3
2026-07-21 14:51:20.152326,C-Scheme,43.1,10.54,18.9,412.2
2026-07-21 15:51:20.152326,C-Scheme,33.9,8.93,14.09,405.6
2026-07-21 16:51:20.152326,C-Scheme,47.0,9.5,12.73,415.5
2026-07-21 17:51:20.152326,C-Scheme,57.3,11.93,22.74,416.6
2026-07-21 18:51:20.152326,C-Scheme,36.7,10.08,20.43,404.2
2026-07-21 19:51:20.152326,C-Scheme,60.7,14.02,25.65,410.2
2026-07-21 20:51:20.152326,C-Scheme,38.9,8.07,13.58,418.6
2026-07-21 21:51:20.152326,C-Scheme,47.7,12.98,30.11,380.0
2026-07-21 22:51:20.152326,C-Scheme,39.3,8.92,13.7,408.1
2026-07-21 23:51:20.152326,C-Scheme,39.6,7.98,16.06,410.9
2026-07-22 00:51:20.152326,C-Scheme,33.2,11.81,20.18,406.7
2026-07-22 01:51:20.152326,C-Scheme,28.7,6.92,15.43,424.3
2026-07-22 02:51:20.152326,C-Scheme,30.6,6.92,12.88,416.2
2026-07-22 03:51:20.152326,C-Scheme,49.6,13.32,24.19,433.0
2026-07-22 04:51:20.152326,C-Scheme,34.3,5.26,10.27,411.7
2026-07-22 05:51:20.152326,C-Scheme,42.4,4.73,7.09,433.5
2026-07-22 06:51:20.152326,C-Scheme,35.4,12.26,23.11,411.3
2026-07-22 07:51:20.152326,C-Scheme,46.1,7.5,13.33,421.1
2026-07-22 08:51:20.152326,C-Scheme,49.6,12.32,22.12,429.1
2026-07-22 09:51:20.152326,C-Scheme,45.3,10.83,21.96,403.8
2026-07-22 10:51:20.152326,C-Scheme,30.0,7.73,20.33,420.9
2026-07-22 11:51:20.152326,C-Scheme,38.8,8.64,13.77,422.0
2026-07-22 12:51:20.152326,C-Scheme,36.6,5.58,14.97,419.4
2026-07-22 13:51:20.152326,C-Scheme,34.4,7.7,9.19,428.8
2026-07-22 14:51:20.152326,C-Scheme,48.7,7.99,13.57,427.9
2026-07-22 15:51:20.152326,C-Scheme,27.2,8.52,19.95,430.1
2026-07-22 16:51:20.152326,C-Scheme,38.8,11.18,21.51,428.5
2026-07-22 17:51:20.152326,C-Scheme,58.4,12.71,26.2,424.5
2026-07-22 18:51:20.152326,C-Scheme,46.1,13.02,20.23,398.6
2026-07-22 19:51:20.152326,C-Scheme,65.2,15.61,29.52,457.4
2026-07-22 20:51:20.152326,C-Scheme,20.0,3.78,9.15,428.7
2026-07-22 21:51:20.152326,C-Scheme,42.0,10.39,18.87,418.4
2026-07-22 22:51:20.152326,C-Scheme,33.6,7.22,9.94,426.8
2026-07-22 23:51:20.152326,C-Scheme,42.9,14.3,24.26,415.3
2026-07-23 00:51:20.152326,C-Scheme,36.8,10.64,21.28,408.1
2026-07-23 01:51:20.152326,C-Scheme,25.4,2.98,8.14,447.8
2026-07-23 02:51:20.152326,C-Scheme,32.9,8.01,11.83,422.1
2026-07-23 03:51:20.152326,C-Scheme,39.6,8.71,10.53,436.4
2026-07-23 04:51:20.152326,C-Scheme,23.2,7.28,6.88,401.5
2026-07-23 05:51:20.152326,C-Scheme,26.9,7.42,13.49,405.3
2026-07-23 06:51:20.152326,C-Scheme,33.0,5.72,11.67,418.6
2026-07-23 07:51:20.152326,C-Scheme,44.6,11.12,23.8,440.2
2026-07-23 08:51:20.152326,C-Scheme,48.4,11.27,19.19,432.4
2026-07-23 09:51:20.152326,C-Scheme,35.0,8.8,16.2,421.4
2026-07-23 10:51:20.152326,C-Scheme,38.6,8.62,16.14,418.1
2026-07-23 11:51:20.152326,C-Scheme,42.4,6.62,12.97,418.0
2026-07-23 12:51:20.152326,C-Scheme,29.4,6.57,12.77,416.4
2026-07-23 13:51:20.152326,C-Scheme,34.5,9.22,18.79,412.5
2026-07-23 14:51:20.152326,C-Scheme,29.5,7.35,11.07,432.4
2026-07-23 15:51:20.152326,C-Scheme,36.7,6.62,10.04,398.6
2026-07-23 16:51:20.152326,C-Scheme,45.0,9.63,19.91,432.1
2026-07-23 17:51:20.152326,C-Scheme,49.0,11.14,25.2,423.9
2026-07-23 18:51:20.152326,C-Scheme,51.1,9.53,23.33,427.4
2026-07-23 19:51:20.152326,C-Scheme,55.7,13.59,25.0,440.5
2026-07-23 20:51:20.152326,C-Scheme,41.4,8.28,14.15,427.2
2026-07-23 21:51:20.152326,C-Scheme,33.2,5.48,3.97,423.8
2026-07-23 22:51:20.152326,C-Scheme,32.9,9.22,22.29,444.0
2026-07-23 23:51:20.152326,C-Scheme,45.4,8.63,14.99,398.8
2026-07-24 00:51:20.152326,C-Scheme,35.4,4.83,8.41,426.2
2026-07-24 01:51:20.152326,C-Scheme,30.2,6.02,6.16,413.3
2026-07-24 02:51:20.152326,C-Scheme,26.2,2.81,4.95,396.7
2026-07-24 03:51:20.152326,C-Scheme,44.3,9.5,17.04,407.6
2026-07-24 04:51:20.152326,C-Scheme,36.1,11.05,26.65,426.2
2026-07-24 05:51:20.152326,C-Scheme,33.0,10.07,23.04,403.1
2026-07-24 06:51:20.152326,C-Scheme,37.2,12.16,22.63,405.8
2026-07-24 07:51:20.152326,C-Scheme,72.8,18.3,33.97,445.7
2026-07-24 08:51:20.152326,C-Scheme,39.2,9.47,14.67,414.0
2026-07-24 09:51:20.152326,C-Scheme,48.7,9.5,18.67,408.4
2026-07-24 10:51:20.152326,C-Scheme,24.9,7.43,12.75,399.8
2026-07-24 11:51:20.152326,C-Scheme,44.3,10.42,18.11,400.1
2026-07-24 12:51:20.152326,C-Scheme,35.4,9.33,11.9,398.8
2026-07-24 13:51:20.152326,C-Scheme,41.5,10.64,17.8,420.5
2026-07-24 14:51:20.152326,C-Scheme,45.5,9.72,14.01,434.9
2026-07-24 15:51:20.152326,C-Scheme,26.8,4.11,9.63,405.0
2026-07-24 16:51:20.152326,C-Scheme,26.9,7.06,14.38,407.0
2026-07-24 17:51:20.152326,C-Scheme,50.9,12.86,29.14,435.7
2026-07-24 18:51:20.152326,C-Scheme,37.1,8.44,17.99,421.0
2026-07-24 19:51:20.152326,C-Scheme,50.7,12.33,25.02,447.4
2026-07-24 20:51:20.152326,C-Scheme,38.6,9.84,20.21,400.6
2026-07-24 21:51:20.152326,C-Scheme,33.3,11.07,21.88,416.2
2026-07-24 22:51:20.152326,C-Scheme,40.9,9.33,17.77,425.2
2026-07-24 23:51:20.152326,C-Scheme,31.8,10.91,17.51,424.8
2026-07-25 00:51:20.152326,C-Scheme,43.6,10.45,21.3,422.1
2026-07-25 01:51:20.152326,C-Scheme,45.5,11.04,21.98,439.6
2026-07-25 02:51:20.152326,C-Scheme,22.0,1.26,1.72,390.9
2026-07-25 03:51:20.152326,C-Scheme,39.6,7.94,13.37,447.1
2026-07-25 04:51:20.152326,C-Scheme,50.1,12.34,18.24,427.8
2026-07-25 05:51:20.152326,C-Scheme,37.8,5.78,9.68,413.7
2026-07-25 06:51:20.152326,C-Scheme,22.2,7.04,13.42,432.1
2026-07-25 07:51:20.152326,C-Scheme,53.4,9.6,14.32,417.4
2026-07-25 08:51:20.152326,C-Scheme,57.2,10.77,12.45,436.9
2026-07-25 09:51:20.152326,C-Scheme,65.9,12.67,25.9,435.6
2026-07-25 10:51:20.152326,C-Scheme,46.4,9.15,18.13,404.6
2026-07-25 11:51:20.152326,C-Scheme,40.7,12.47,24.22,447.0
2026-07-25 12:51:20.152326,C-Scheme,28.8,6.07,12.41,402.4
2026-07-25 13:51:20.152326,C-Scheme,26.2,7.15,13.64,393.2
2026-07-25 14:51:20.152326,C-Scheme,25.3,7.27,11.92,425.4
2026-07-25 15:51:20.152326,C-Scheme,29.6,10.02,20.67,410.2
2026-07-25 16:51:20.152326,C-Scheme,36.9,7.7,7.85,393.5
2026-07-25 17:51:20.152326,C-Scheme,46.0,14.8,28.36,437.8
2026-07-25 18:51:20.152326,C-Scheme,48.4,12.38,22.61,461.7
2026-07-25 19:51:20.152326,C-Scheme,65.3,13.92,30.46,410.8
2026-07-25 20:51:20.152326,C-Scheme,32.9,6.22,7.12,426.5
2026-07-25 21:51:20.152326,C-Scheme,34.0,9.6,20.83,430.0
2026-07-25 22:51:20.152326,C-Scheme,25.2,7.45,10.5,383.1
2026-07-25 23:51:20.152326,C-Scheme,26.4,6.79,9.7,413.9
2026-07-26 00:51:20.152326,C-Scheme,33.2,9.33,15.27,422.8
2026-07-26 01:51:20.152326,C-Scheme,27.6,4.81,8.38,434.1
2026-07-26 02:51:20.152326,C-Scheme,48.7,10.69,20.61,406.6
2026-07-26 03:51:20.152326,C-Scheme,27.9,11.18,16.38,399.6
2026-07-26 04:51:20.152326,C-Scheme,36.4,9.62,17.63,419.7
2026-07-26 05:51:20.152326,C-Scheme,54.1,12.74,23.75,420.5
2026-07-26 06:51:20.152326,C-Scheme,32.7,5.12,11.24,422.5
2026-07-26 07:51:20.152326,C-Scheme,48.6,12.44,23.83,384.8
2026-07-26 08:51:20.152326,C-Scheme,51.5,10.87,20.87,427.7
2026-07-26 09:51:20.152326,C-Scheme,45.5,12.05,20.93,433.1
2026-07-26 10:51:20.152326,C-Scheme,32.5,7.9,16.71,396.5
2026-07-26 11:51:20.152326,C-Scheme,24.3,3.11,5.97,390.8
2026-07-26 12:51:20.152326,C-Scheme,29.1,7.42,12.76,424.0
2026-07-26 13:51:20.152326,C-Scheme,16.0,3.11,9.69,417.7
2026-07-26 14:51:20.152326,C-Scheme,26.3,8.33,16.54,427.7
2026-07-26 15:51:20.152326,C-Scheme,51.1,9.51,20.72,415.4
2026-07-26 16:51:20.152326,C-Scheme,23.7,4.52,7.67,393.1
2026-07-26 17:51:20.152326,C-Scheme,48.8,10.49,18.27,413.7
2026-07-26 18:51:20.152326,C-Scheme,41.6,13.54,21.63,425.3
2026-07-26 19:51:20.152326,C-Scheme,29.9,7.56,13.9,425.2
2026-07-26 20:51:20.152326,C-Scheme,47.9,10.97,17.91,416.8
2026-07-26 21:51:20.152326,C-Scheme,26.1,5.91,7.9,428.4
2026-07-26 22:51:20.152326,C-Scheme,21.2,3.35,2.81,398.8
2026-07-26 23:51:20.152326,C-Scheme,29.7,4.23,3.75,417.0
2026-07-27 00:51:20.152326,C-Scheme,42.7,11.07,22.51,425.7
2026-07-27 01:51:20.152326,C-Scheme,27.0,4.66,9.36,385.7
2026-07-27 02:51:20.152326,C-Scheme,30.6,3.89,11.07,415.2
2026-07-27 03:51:20.152326,C-Scheme,33.0,3.74,5.38,421.4
2026-07-27 04:51:20.152326,C-Scheme,32.6,5.54,13.53,412.0
2026-07-27 05:51:20.152326,C-Scheme,21.8,5.57,12.25,419.0
2026-07-27 06:51:20.152326,C-Scheme,37.5,9.65,26.98,417.9
2026-07-27 07:51:20.152326,C-Scheme,59.1,16.92,29.36,439.3
2026-07-27 08:51:20.152326,C-Scheme,49.8,10.99,20.05,442.2
2026-07-27 09:51:20.152326,C-Scheme,56.0,14.72,30.29,415.1
2026-07-27 10:51:20.152326,C-Scheme,33.0,9.77,13.66,402.3
2026-07-27 11:51:20.152326,C-Scheme,36.7,6.76,11.66,431.0
2026-07-27 12:51:20.152326,C-Scheme,35.3,9.24,14.28,438.3
2026-07-27 13:51:20.152326,C-Scheme,23.6,4.41,10.84,400.7
2026-07-27 14:51:20.152326,C-Scheme,18.8,6.29,12.55,415.4
2026-07-27 15:51:20.152326,C-Scheme,29.7,5.53,13.36,420.6
2026-07-27 16:51:20.152326,C-Scheme,42.7,6.68,9.92,422.6
2026-07-27 17:51:20.152326,C-Scheme,40.9,8.6,12.15,430.1
2026-07-27 18:51:20.152326,C-Scheme,50.3,10.67,16.88,436.7
2026-07-27 19:51:20.152326,C-Scheme,52.3,14.39,24.41,439.7
2026-07-27 20:51:20.152326,C-Scheme,41.6,10.15,20.77,430.4
2026-07-27 21:51:20.152326,C-Scheme,42.7,9.25,13.29,422.0
2026-07-27 22:51:20.152326,C-Scheme,38.9,11.29,25.7,434.7
2026-07-27 23:51:20.152326,C-Scheme,13.8,2.31,3.87,419.4
2026-07-28 00:51:20.152326,C-Scheme,31.4,9.35,21.31,426.9
2026-07-28 01:51:20.152326,C-Scheme,33.3,12.31,24.04,423.7
2026-07-28 02:51:20.152326,C-Scheme,45.5,8.05,14.61,392.8
2026-07-28 03:51:20.152326,C-Scheme,43.2,9.75,19.22,427.1
2026-07-28 04:51:20.152326,C-Scheme,48.6,10.42,21.44,429.8
2026-07-28 05:51:20.152326,C-Scheme,42.0,5.92,14.09,431.7
2026-07-28 06:51:20.152326,C-Scheme,40.5,12.29,24.0,394.8
2026-07-28 07:51:20.152326,C-Scheme,59.6,14.4,23.55,424.5
2026-07-28 08:51:20.152326,C-Scheme,44.0,12.31,25.89,419.3
2026-07-28 09:51:20.152326,C-Scheme,61.6,11.4,19.24,432.0
2026-07-28 10:51:20.152326,C-Scheme,37.6,6.48,16.22,422.9
2026-07-28 11:51:20.152326,C-Scheme,33.0,5.01,2.36,411.0
2026-07-28 12:51:20.152326,C-Scheme,42.5,13.37,23.98,452.4
2026-07-28 13:51:20.152326,C-Scheme,27.9,7.74,13.17,403.5
2026-07-28 14:51:20.152326,C-Scheme,29.8,6.48,7.96,405.6
2026-07-28 15:51:20.152326,C-Scheme,43.9,9.93,16.3,422.0
2026-07-28 16:51:20.152326,C-Scheme,38.4,5.97,7.48,427.4
2026-07-28 17:51:20.152326,C-Scheme,43.4,13.18,24.31,407.1
2026-07-28 18:51:20.152326,C-Scheme,46.4,10.49,23.89,446.5
2026-07-28 19:51:20.152326,C-Scheme,40.7,9.91,19.34,416.4
2026-07-28 20:51:20.152326,C-Scheme,36.6,4.8,5.1,406.5
2026-07-28 21:51:20.152326,C-Scheme,32.5,8.37,12.49,441.9
2026-07-28 22:51:20.152326,C-Scheme,28.2,8.67,15.48,421.3
2026-07-28 23:51:20.152326,C-Scheme,40.2,10.34,19.6,414.5
2026-07-29 00:51:20.152326,C-Scheme,24.0,4.32,6.96,424.5
2026-07-29 01:51:20.152326,C-Scheme,50.5,13.02,19.58,439.2
2026-07-29 02:51:20.152326,C-Scheme,31.7,7.39,14.91,408.8
2026-07-29 03:51:20.152326,C-Scheme,37.7,11.12,16.41,405.9
2026-07-29 04:51:20.152326,C-Scheme,22.5,1.76,9.51,400.7
2026-07-29 05:51:20.152326,C-Scheme,44.3,11.63,20.02,423.5
2026-07-29 06:51:20.152326,C-Scheme,39.5,9.32,22.73,433.0
2026-07-29 07:51:20.152326,C-Scheme,50.3,9.81,17.62,444.9
2026-07-29 08:51:20.152326,C-Scheme,36.2,7.32,10.1,445.3
2026-07-29 09:51:20.152326,C-Scheme,58.0,13.9,26.71,433.9
2026-07-29 10:51:20.152326,C-Scheme,37.0,11.61,28.29,398.4
2026-07-29 11:51:20.152326,C-Scheme,43.4,8.46,17.19,426.8
2026-07-29 12:51:20.152326,C-Scheme,33.5,8.27,20.25,419.7
2026-07-29 13:51:20.152326,C-Scheme,49.4,11.64,23.61,411.2
2026-07-29 14:51:20.152326,C-Scheme,37.0,9.93,12.42,407.2
2026-07-29 15:51:20.152326,C-Scheme,40.7,9.54,18.75,396.8
2026-07-29 16:51:20.152326,C-Scheme,40.8,9.5,20.6,416.3
2026-07-29 17:51:20.152326,C-Scheme,54.8,13.55,27.03,438.1
2026-07-29 18:51:20.152326,C-Scheme,35.2,4.57,10.06,419.7
2026-07-29 19:51:20.152326,C-Scheme,47.5,10.12,17.14,421.1
2026-07-29 20:51:20.152326,C-Scheme,28.6,6.28,9.41,420.1
2026-07-29 21:51:20.152326,C-Scheme,23.6,4.04,6.63,398.7
2026-07-29 22:51:20.152326,C-Scheme,44.0,11.39,13.01,428.5
2026-07-29 23:51:20.152326,C-Scheme,30.7,5.21,12.26,414.6
2026-07-30 00:51:20.152326,C-Scheme,44.6,11.04,15.82,387.1
2026-07-30 01:51:20.152326,C-Scheme,25.1,1.89,7.03,413.8
2026-07-30 02:51:20.152326,C-Scheme,38.4,8.54,14.05,425.6
2026-07-30 03:51:20.152326,C-Scheme,39.6,6.88,10.19,439.7
2026-07-30 04:51:20.152326,C-Scheme,26.1,3.69,0.45,404.7
2026-07-30 05:51:20.152326,C-Scheme,39.8,9.08,19.07,425.5
2026-07-30 06:51:20.152326,C-Scheme,32.1,6.89,9.65,388.7
2026-07-30 07:51:20.152326,C-Scheme,42.4,9.81,17.23,418.6
2026-07-30 08:51:20.152326,C-Scheme,51.3,14.04,26.46,428.9
2026-07-30 09:51:20.152326,C-Scheme,57.5,12.4,20.56,433.0
2026-07-30 10:51:20.152326,C-Scheme,30.3,5.55,14.47,417.2
2026-07-30 11:51:20.152326,C-Scheme,38.6,10.37,20.25,438.8
2026-07-30 12:51:20.152326,C-Scheme,35.6,8.98,15.11,430.7
2026-07-30 13:51:20.152326,C-Scheme,35.0,6.02,8.55,408.6
2026-07-30 14:51:20.152326,C-Scheme,23.0,7.78,14.46,427.4
2026-07-30 15:51:20.152326,C-Scheme,19.6,2.41,3.94,402.6
2026-07-30 16:51:20.152326,C-Scheme,33.1,8.27,10.11,416.9
2026-07-30 17:51:20.152326,C-Scheme,60.2,13.24,26.34,410.3
2026-07-30 18:51:20.152326,C-Scheme,29.3,9.93,21.72,432.0
2026-07-30 19:51:20.152326,C-Scheme,34.2,9.53,13.36,438.6
2026-07-30 20:51:20.152326,C-Scheme,37.9,7.73,19.14,427.5
2026-07-30 21:51:20.152326,C-Scheme,32.2,5.27,16.78,444.5
2026-07-30 22:51:20.152326,C-Scheme,21.4,5.67,8.75,414.4
2026-07-30 23:51:20.152326,C-Scheme,52.6,10.3,13.15,411.2
2026-07-31 00:51:20.152326,C-Scheme,40.6,10.16,21.68,419.2
2026-07-31 01:51:20.152326,C-Scheme,49.8,13.58,19.74,410.8
2026-07-31 02:51:20.152326,C-Scheme,31.0,6.14,16.84,397.8
2026-07-31 03:51:20.152326,C-Scheme,42.8,10.51,22.61,417.6
2026-07-31 04:51:20.152326,C-Scheme,25.5,3.99,5.95,430.2
2026-07-31 05:51:20.152326,C-Scheme,41.6,7.68,18.24,429.1
2026-07-31 06:51:20.152326,C-Scheme,27.1,3.98,6.53,401.1
2026-07-31 07:51:20.152326,C-Scheme,56.4,15.25,28.95,419.6
2026-07-31 08:51:20.152326,C-Scheme,52.3,10.57,24.39,422.5
2026-07-31 09:51:20.152326,C-Scheme,56.8,15.08,35.94,424.4
2026-07-31 10:51:20.152326,C-Scheme,26.2,4.43,8.49,388.9
2026-07-31 11:51:20.152326,C-Scheme,41.2,9.86,17.61,405.6
2026-07-31 12:51:20.152326,C-Scheme,31.5,5.66,11.76,400.4
2026-07-31 13:51:20.152326,C-Scheme,38.4,8.21,16.02,431.5
2026-07-31 14:51:20.152326,C-Scheme,49.8,10.4,23.35,419.0
2026-07-31 15:51:20.152326,C-Scheme,23.2,3.74,3.94,412.8
2026-07-31 16:51:20.152326,C-Scheme,27.8,7.67,13.82,436.5
2026-07-31 17:51:20.152326,C-Scheme,41.9,12.03,21.83,395.8
2026-07-31 18:51:20.152326,C-Scheme,67.8,15.92,33.68,438.4
2026-07-31 19:51:20.152326,C-Scheme,55.4,15.47,28.29,447.6
2026-07-31 20:51:20.152326,C-Scheme,27.9,5.95,12.98,401.8
2026-07-31 21:51:20.152326,C-Scheme,37.1,6.21,13.37,418.4
2026-07-31 22:51:20.152326,C-Scheme,46.0,14.93,25.9,407.0
2026-07-31 23:51:20.152326,C-Scheme,41.9,9.3,18.77,381.8
2026-08-01 00:51:20.152326,C-Scheme,52.2,13.18,26.13,399.8
2026-08-01 01:51:20.152326,C-Scheme,31.6,9.53,15.68,400.1
2026-08-01 02:51:20.152326,C-Scheme,41.6,11.27,22.42,411.6
2026-08-01 03:51:20.152326,C-Scheme,39.3,9.4,20.95,381.3
2026-08-01 04:51:20.152326,C-Scheme,42.1,9.51,15.02,447.9
2026-08-01 05:51:20.152326,C-Scheme,32.8,8.85,13.49,427.5
2026-08-01 06:51:20.152326,C-Scheme,26.9,6.29,11.6,394.3
2026-08-01 07:51:20.152326,C-Scheme,34.3,7.09,15.04,416.4
2026-08-01 08:51:20.152326,C-Scheme,60.4,12.92,23.29,419.9
2026-08-01 09:51:20.152326,C-Scheme,55.0,15.95,34.6,437.6
2026-08-01 10:51:20.152326,C-Scheme,30.0,8.61,13.05,419.8
2026-08-01 11:51:20.152326,C-Scheme,36.3,9.74,18.38,394.4
2026-08-01 12:51:20.152326,C-Scheme,33.0,9.31,19.79,397.8
2026-08-01 13:51:20.152326,C-Scheme,52.6,11.19,21.97,404.8
2026-08-01 14:51:20.152326,C-Scheme,41.6,9.49,11.99,436.4
2026-08-01 15:51:20.152326,C-Scheme,30.1,6.41,8.93,403.8
2026-08-01 16:51:20.152326,C-Scheme,35.2,5.87,10.5,420.0
2026-08-01 17:51:20.152326,C-Scheme,57.7,18.43,33.09,419.8
2026-08-01 18:51:20.152326,C-Scheme,43.5,13.54,18.64,429.8
2026-08-01 19:51:20.152326,C-Scheme,39.5,11.33,22.33,421.9
2026-08-01 20:51:20.152326,C-Scheme,44.5,12.9,28.12,410.9
2026-08-01 21:51:20.152326,C-Scheme,38.4,5.3,8.06,423.4
2026-08-01 22:51:20.152326,C-Scheme,35.7,9.82,20.93,411.3
2026-08-01 23:51:20.152326,C-Scheme,27.8,8.99,10.73,380.0
2026-08-02 00:51:20.152326,C-Scheme,28.2,8.63,15.29,424.7
2026-08-02 01:51:20.152326,C-Scheme,43.4,11.97,23.6,422.1
2026-08-02 02:51:20.152326,C-Scheme,27.0,6.12,7.22,417.0
2026-08-02 03:51:20.152326,C-Scheme,37.0,9.22,18.77,401.0
2026-08-02 04:51:20.152326,C-Scheme,30.5,6.94,2.9,427.5
2026-08-02 05:51:20.152326,C-Scheme,34.5,8.16,19.4,392.0
2026-08-02 06:51:20.152326,C-Scheme,46.5,8.5,15.09,436.6
2026-08-02 07:51:20.152326,C-Scheme,68.1,15.37,29.69,450.9
2026-08-02 08:51:20.152326,C-Scheme,40.2,7.82,11.12,418.4
2026-08-02 09:51:20.152326,C-Scheme,57.5,16.67,31.41,417.2
2026-08-02 10:51:20.152326,C-Scheme,47.7,12.73,23.57,427.0
2026-08-02 11:51:20.152326,C-Scheme,29.8,8.03,6.74,403.1
2026-08-02 12:51:20.152326,C-Scheme,41.2,7.23,19.38,400.7
2026-08-02 13:51:20.152326,C-Scheme,36.1,9.29,16.21,421.1
2026-08-02 14:51:20.152326,C-Scheme,25.3,5.71,15.36,409.7
2026-08-02 15:51:20.152326,C-Scheme,47.5,14.13,29.1,449.8
2026-08-02 16:51:20.152326,C-Scheme,28.4,7.72,16.16,429.6
2026-08-02 17:51:20.152326,C-Scheme,47.0,14.8,27.13,390.1
2026-08-02 18:51:20.152326,C-Scheme,56.0,14.09,26.59,418.6
2026-08-02 19:51:20.152326,C-Scheme,55.1,11.92,25.81,426.5
2026-08-02 20:51:20.152326,C-Scheme,33.6,10.13,26.06,420.7
2026-08-02 21:51:20.152326,C-Scheme,33.3,9.3,21.01,434.1
2026-08-02 22:51:20.152326,C-Scheme,37.1,7.46,14.47,429.1
2026-08-02 23:51:20.152326,C-Scheme,33.0,5.98,4.85,411.0
2026-08-03 00:51:20.152326,C-Scheme,46.7,11.39,24.84,434.2
2026-08-03 01:51:20.152326,C-Scheme,42.7,10.56,19.05,380.0
2026-08-03 02:51:20.152326,C-Scheme,32.9,8.95,17.11,408.7
2026-08-03 03:51:20.152326,C-Scheme,25.2,6.54,16.14,416.4
2026-08-03 04:51:20.152326,C-Scheme,32.1,7.21,20.05,417.3
2026-08-03 05:51:20.152326,C-Scheme,29.0,9.7,14.29,401.3
2026-08-03 06:51:20.152326,C-Scheme,28.7,8.8,22.54,414.5
2026-08-03 07:51:20.152326,C-Scheme,64.3,13.67,24.63,413.9
2026-08-03 08:51:20.152326,C-Scheme,46.0,9.73,19.17,426.4
2026-08-03 09:51:20.152326,C-Scheme,42.4,8.35,17.07,434.8
2026-08-03 10:51:20.152326,C-Scheme,37.4,7.08,10.43,403.4
2026-08-03 11:51:20.152326,C-Scheme,36.7,8.65,16.09,434.3
2026-08-03 12:51:20.152326,C-Scheme,37.1,10.59,17.25,411.9
2026-08-03 13:51:20.152326,C-Scheme,44.4,11.7,21.08,408.7
2026-08-03 14:51:20.152326,C-Scheme,34.7,7.84,12.62,413.3
2026-08-03 15:51:20.152326,C-Scheme,43.4,9.62,12.74,441.3
2026-08-03 16:51:20.152326,C-Scheme,27.3,7.39,17.22,411.1
2026-08-03 17:51:20.152326,C-Scheme,43.5,7.95,10.65,408.3
2026-08-03 18:51:20.152326,C-Scheme,37.7,11.42,19.94,395.3
2026-08-03 19:51:20.152326,C-Scheme,41.8,10.54,18.18,402.4
2026-08-03 20:51:20.152326,C-Scheme,30.3,6.55,12.32,399.7
2026-08-03 21:51:20.152326,C-Scheme,38.9,7.36,16.3,408.3
2026-08-03 22:51:20.152326,C-Scheme,38.3,9.4,17.66,416.1
2026-08-03 23:51:20.152326,C-Scheme,33.1,9.96,24.42,389.5
2026-08-04 00:51:20.152326,C-Scheme,32.8,9.26,16.04,414.9
2026-08-04 01:51:20.152326,C-Scheme,53.7,13.09,21.49,419.0
2026-08-04 02:51:20.152326,C-Scheme,26.2,12.61,22.24,421.2
2026-08-04 03:51:20.152326,C-Scheme,35.8,6.36,12.44,384.3
2026-08-04 04:51:20.152326,C-Scheme,22.7,5.63,9.16,404.2
2026-08-04 05:51:20.152326,C-Scheme,29.9,6.05,11.2,426.4
2026-08-04 06:51:20.152326,C-Scheme,47.5,11.59,19.25,423.0
2026-08-04 07:51:20.152326,C-Scheme,58.0,10.89,15.53,400.1
2026-08-04 08:51:20.152326,C-Scheme,50.6,11.15,19.44,422.1
2026-08-04 09:51:20.152326,C-Scheme,44.3,13.36,20.83,413.5
2026-08-04 10:51:20.152326,C-Scheme,27.9,4.97,11.32,419.1
2026-08-04 11:51:20.152326,C-Scheme,43.1,8.93,17.4,441.9
2026-08-04 12:51:20.152326,C-Scheme,26.3,7.52,13.07,406.1
2026-08-04 13:51:20.152326,C-Scheme,37.7,9.16,14.65,428.1
2026-08-04 14:51:20.152326,C-Scheme,39.0,10.97,24.66,438.3
2026-08-04 15:51:20.152326,C-Scheme,42.5,9.95,19.15,383.2
2026-08-04 16:51:20.152326,C-Scheme,41.8,10.7,16.85,459.4
2026-08-04 17:51:20.152326,C-Scheme,52.9,9.84,16.67,410.2
2026-08-04 18:51:20.152326,C-Scheme,39.7,8.84,16.94,404.5
2026-08-04 19:51:20.152326,C-Scheme,37.4,8.67,22.19,448.0
2026-08-04 20:51:20.152326,C-Scheme,35.6,12.2,24.87,405.5
2026-08-04 21:51:20.152326,C-Scheme,36.8,11.78,25.41,423.3
2026-08-04 22:51:20.152326,C-Scheme,42.0,11.16,18.96,417.6
2026-08-04 23:51:20.152326,C-Scheme,49.5,9.79,10.49,471.5
2026-08-05 00:51:20.152326,C-Scheme,34.5,6.94,10.89,397.9
2026-08-05 01:51:20.152326,C-Scheme,37.0,10.1,20.47,410.2
2026-08-05 02:51:20.152326,C-Scheme,25.2,10.48,20.02,404.7
2026-08-05 03:51:20.152326,C-Scheme,22.4,3.84,6.62,426.6
2026-08-05 04:51:20.152326,C-Scheme,38.4,7.53,18.61,433.2
2026-08-05 05:51:20.152326,C-Scheme,37.1,8.45,17.33,436.5
2026-08-05 06:51:20.152326,C-Scheme,38.9,10.47,19.71,408.2
2026-08-05 07:51:20.152326,C-Scheme,51.8,14.63,28.61,433.3
2026-08-05 08:51:20.152326,C-Scheme,51.2,11.67,25.22,427.0
2026-08-05 09:51:20.152326,C-Scheme,52.2,10.58,18.27,459.2
2026-08-05 10:51:20.152326,C-Scheme,23.8,6.78,14.71,429.2
2026-08-05 11:51:20.152326,C-Scheme,33.2,4.37,9.36,404.2
2026-08-05 12:51:20.152326,C-Scheme,43.9,12.95,21.28,428.9
2026-08-05 13:51:20.152326,C-Scheme,39.8,12.39,21.74,422.5
2026-08-05 14:51:20.152326,C-Scheme,37.8,6.18,17.14,430.6
2026-08-05 15:51:20.152326,C-Scheme,47.6,12.23,25.51,429.1
2026-08-05 16:51:20.152326,C-Scheme,35.5,7.12,9.82,410.4
2026-08-05 17:51:20.152326,C-Scheme,56.0,17.22,33.39,414.0
2026-08-05 18:51:20.152326,C-Scheme,52.2,10.03,20.72,430.7
2026-08-05 19:51:20.152326,C-Scheme,42.0,6.68,8.17,402.5
2026-08-05 20:51:20.152326,C-Scheme,41.6,8.79,16.74,408.9
2026-08-05 21:51:20.152326,C-Scheme,32.1,9.74,18.64,417.1
2026-08-05 22:51:20.152326,C-Scheme,35.3,10.48,18.98,398.4
2026-08-05 23:51:20.152326,C-Scheme,26.4,3.84,6.79,449.7
2026-08-06 00:51:20.152326,C-Scheme,49.6,14.47,29.03,403.7
2026-08-06 01:51:20.152326,C-Scheme,29.8,8.76,14.44,424.9
2026-08-06 02:51:20.152326,C-Scheme,20.8,0.0,0.17,415.5
2026-08-06 03:51:20.152326,C-Scheme,19.0,4.28,11.96,399.1
2026-08-06 04:51:20.152326,C-Scheme,32.3,12.79,23.82,410.4
2026-08-06 05:51:20.152326,C-Scheme,26.3,5.21,9.39,423.5
2026-08-06 06:51:20.152326,C-Scheme,27.3,4.96,5.22,409.4
2026-08-06 07:51:20.152326,C-Scheme,58.5,8.86,11.17,447.6
2026-08-06 08:51:20.152326,C-Scheme,44.6,10.1,14.54,401.3
2026-08-06 09:51:20.152326,C-Scheme,42.6,13.53,24.31,406.6
2026-08-06 10:51:20.152326,C-Scheme,36.8,6.89,14.11,400.1
2026-08-06 11:51:20.152326,C-Scheme,27.8,9.89,22.03,405.1
2026-08-06 12:51:20.152326,C-Scheme,43.9,10.45,16.91,422.7
2026-08-06 13:51:20.152326,C-Scheme,49.8,10.71,23.99,408.5
2026-08-06 14:51:20.152326,C-Scheme,25.1,7.07,13.65,394.0
2026-08-06 15:51:20.152326,C-Scheme,30.4,7.93,14.27,421.1
2026-08-06 16:51:20.152326,C-Scheme,34.1,10.09,13.44,425.5
2026-08-06 17:51:20.152326,C-Scheme,49.8,12.75,22.91,423.7
2026-08-06 18:51:20.152326,C-Scheme,41.2,3.94,5.99,421.6
2026-08-06 19:51:20.152326,C-Scheme,43.6,9.21,17.7,406.1
2026-08-06 20:51:20.152326,C-Scheme,37.5,10.74,16.57,399.8
2026-08-06 21:51:20.152326,C-Scheme,41.9,8.07,17.58,419.3
2026-08-06 22:51:20.152326,C-Scheme,29.1,4.55,13.4,420.8
2026-08-06 23:51:20.152326,C-Scheme,29.5,9.41,11.95,419.9
2026-08-07 00:51:20.152326,C-Scheme,39.4,11.98,14.14,419.5
2026-08-07 01:51:20.152326,C-Scheme,42.3,9.04,18.29,394.5
2026-08-07 02:51:20.152326,C-Scheme,33.7,6.76,12.92,427.2
2026-08-07 03:51:20.152326,C-Scheme,54.0,13.57,27.7,459.8
2026-08-07 04:51:20.152326,C-Scheme,48.8,11.53,15.96,420.3
2026-08-07 05:51:20.152326,C-Scheme,25.8,6.02,10.11,431.4
2026-08-07 06:51:20.152326,C-Scheme,37.7,9.38,21.02,406.2
2026-08-07 07:51:20.152326,C-Scheme,56.6,10.13,20.16,437.4
2026-08-07 08:51:20.152326,C-Scheme,47.2,11.58,21.8,427.9
2026-08-07 09:51:20.152326,C-Scheme,58.1,11.96,20.2,410.1
2026-08-07 10:51:20.152326,C-Scheme,37.5,14.18,24.61,444.9
2026-08-07 11:51:20.152326,C-Scheme,33.9,10.17,21.45,421.1
2026-08-07 12:51:20.152326,C-Scheme,38.8,8.92,21.46,440.1
2026-08-07 13:51:20.152326,C-Scheme,31.9,6.53,10.75,415.3
2026-08-07 14:51:20.152326,C-Scheme,31.0,8.33,18.02,414.8
2026-08-07 15:51:20.152326,C-Scheme,30.6,9.75,20.19,410.5
2026-08-07 16:51:20.152326,C-Scheme,41.9,10.28,17.44,408.4
2026-08-07 17:51:20.152326,C-Scheme,50.8,14.19,24.11,421.9
2026-08-07 18:51:20.152326,C-Scheme,58.7,13.06,24.4,432.4
2026-08-07 19:51:20.152326,C-Scheme,47.3,10.97,14.25,384.9
2026-08-07 20:51:20.152326,C-Scheme,22.6,6.16,10.36,425.7
2026-08-07 21:51:20.152326,C-Scheme,33.3,7.62,12.75,407.6
2026-08-07 22:51:20.152326,C-Scheme,28.8,6.63,13.45,421.2
2026-08-07 23:51:20.152326,C-Scheme,35.3,8.31,14.36,410.1
2026-08-08 00:51:20.152326,C-Scheme,25.5,5.19,12.63,416.8
2026-08-08 01:51:20.152326,C-Scheme,38.7,9.07,16.74,436.9
2026-08-08 02:51:20.152326,C-Scheme,25.8,9.21,16.62,394.8
2026-08-08 03:51:20.152326,C-Scheme,27.3,6.7,15.41,398.3
2026-08-08 04:51:20.152326,C-Scheme,26.5,5.33,13.25,389.6
2026-08-08 05:51:20.152326,C-Scheme,47.4,15.79,36.04,427.7
2026-08-08 06:51:20.152326,C-Scheme,51.5,11.49,23.52,437.3
2026-08-08 07:51:20.152326,C-Scheme,39.3,11.93,23.84,404.1
2026-08-08 08:51:20.152326,C-Scheme,41.0,10.62,19.39,453.4
2026-08-08 09:51:20.152326,C-Scheme,47.0,9.42,22.27,435.6
2026-08-08 10:51:20.152326,C-Scheme,27.0,5.73,6.48,396.9
2026-08-08 11:51:20.152326,C-Scheme,38.3,7.22,12.9,419.0
2026-08-08 12:51:20.152326,C-Scheme,50.3,11.36,17.81,425.5
2026-08-08 13:51:20.152326,C-Scheme,31.6,7.52,17.51,413.7
2026-08-08 14:51:20.152326,C-Scheme,28.3,7.57,12.84,426.1
2026-08-08 15:51:20.152326,C-Scheme,29.7,7.82,18.6,394.6
2026-08-08 16:51:20.152326,C-Scheme,34.4,4.96,13.76,432.7
2026-08-08 17:51:20.152326,C-Scheme,37.7,4.66,11.14,412.6
2026-08-08 18:51:20.152326,C-Scheme,54.5,14.51,24.62,402.2
2026-08-08 19:51:20.152326,C-Scheme,44.4,13.42,23.19,413.8
2026-08-08 20:51:20.152326,C-Scheme,26.9,5.9,6.88,403.8
2026-08-08 21:51:20.152326,C-Scheme,36.3,9.83,17.1,407.9
2026-08-08 22:51:20.152326,C-Scheme,32.4,7.51,15.33,409.5
2026-08-08 23:51:20.152326,C-Scheme,33.6,7.41,18.77,417.5
2026-08-09 00:51:20.152326,C-Scheme,32.9,7.35,14.12,421.7
2026-08-09 01:51:20.152326,C-Scheme,32.8,9.07,20.3,417.3
2026-08-09 02:51:20.152326,C-Scheme,37.5,9.28,14.93,420.0
2026-08-09 03:51:20.152326,C-Scheme,33.1,6.4,14.2,419.4
2026-08-09 04:51:20.152326,C-Scheme,27.8,9.27,15.1,406.0
2026-08-09 05:51:20.152326,C-Scheme,38.7,9.27,21.36,423.9
2026-08-09 06:51:20.152326,C-Scheme,39.3,10.17,15.74,419.3
2026-08-09 07:51:20.152326,C-Scheme,54.3,15.54,26.29,411.6
2026-08-09 08:51:20.152326,C-Scheme,55.5,10.7,18.35,410.6
2026-08-09 09:51:20.152326,C-Scheme,49.0,9.5,15.83,430.2
2026-08-09 10:51:20.152326,C-Scheme,42.3,8.66,13.24,428.4
2026-08-09 11:51:20.152326,C-Scheme,43.3,8.72,18.7,418.0
2026-08-09 12:51:20.152326,C-Scheme,30.3,5.66,6.98,425.6
2026-08-09 13:51:20.152326,C-Scheme,36.6,10.45,21.39,424.1
2026-08-09 14:51:20.152326,C-Scheme,32.1,6.67,7.71,437.8
2026-08-09 15:51:20.152326,C-Scheme,30.0,6.85,13.17,411.3
2026-08-09 16:51:20.152326,C-Scheme,34.8,7.83,20.13,423.3
2026-08-09 17:51:20.152326,C-Scheme,41.0,9.99,19.8,437.0
2026-08-09 18:51:20.152326,C-Scheme,52.0,12.45,22.74,419.7
2026-08-09 19:51:20.152326,C-Scheme,34.0,4.83,11.6,404.3
2026-08-09 20:51:20.152326,C-Scheme,41.7,10.77,24.42,406.7
2026-08-09 21:51:20.152326,C-Scheme,38.5,4.23,10.35,397.5
2026-08-09 22:51:20.152326,C-Scheme,34.1,6.61,9.07,417.9
2026-08-09 23:51:20.152326,C-Scheme,37.8,5.49,12.6,425.9
2026-08-10 00:51:20.152326,C-Scheme,33.5,7.78,10.77,417.0
2026-08-10 01:51:20.152326,C-Scheme,35.7,5.65,8.99,412.2
2026-08-10 02:51:20.152326,C-Scheme,33.9,9.29,13.88,403.0
2026-08-10 03:51:20.152326,C-Scheme,41.7,8.55,15.34,430.1
2026-08-10 04:51:20.152326,C-Scheme,31.9,4.45,8.65,410.1
2026-08-10 05:51:20.152326,C-Scheme,46.3,12.35,22.94,403.7
2026-08-10 06:51:20.152326,C-Scheme,43.2,10.04,13.74,425.3
2026-08-10 07:51:20.152326,C-Scheme,59.5,14.53,24.84,427.2
2026-08-10 08:51:20.152326,C-Scheme,54.3,11.75,19.46,482.9
2026-08-10 09:51:20.152326,C-Scheme,62.7,16.78,29.77,446.9
2026-08-10 10:51:20.152326,C-Scheme,51.7,14.92,28.98,435.3
2026-08-10 11:51:20.152326,C-Scheme,22.7,4.67,11.41,427.3
2026-08-10 12:51:20.152326,C-Scheme,27.1,7.61,13.79,397.9
2026-08-10 13:51:20.152326,C-Scheme,49.0,9.29,18.46,422.6
2026-08-10 14:51:20.152326,C-Scheme,26.5,11.44,19.22,427.1
2026-08-10 15:51:20.152326,C-Scheme,53.6,13.08,27.14,432.2
2026-08-10 16:51:20.152326,C-Scheme,52.7,13.78,29.69,407.2
2026-08-10 17:51:20.152326,C-Scheme,44.1,10.67,14.43,423.4
2026-08-10 18:51:20.152326,C-Scheme,54.5,10.6,20.58,425.5
2026-08-10 19:51:20.152326,C-Scheme,50.5,13.15,22.86,431.8
2026-08-10 20:51:20.152326,C-Scheme,34.1,6.31,8.9,412.5
2026-08-10 21:51:20.152326,C-Scheme,30.9,3.73,7.19,431.8
2026-08-10 22:51:20.152326,C-Scheme,33.7,9.97,20.15,408.1
2026-08-10 23:51:20.152326,C-Scheme,43.8,7.85,13.46,422.8
2026-08-11 00:51:20.152326,C-Scheme,24.6,6.11,10.04,404.2
2026-08-11 01:51:20.152326,C-Scheme,45.4,12.52,17.93,408.0
2026-08-11 02:51:20.152326,C-Scheme,44.1,12.77,27.66,430.5
2026-08-11 03:51:20.152326,C-Scheme,37.3,8.16,15.59,416.0
2026-08-11 04:51:20.152326,C-Scheme,35.2,8.18,15.39,435.6
2026-08-11 05:51:20.152326,C-Scheme,37.7,9.23,12.48,418.5
2026-08-11 06:51:20.152326,C-Scheme,28.6,9.59,21.83,417.6
2026-08-11 07:51:20.152326,C-Scheme,54.3,13.16,19.29,442.7
2026-08-11 08:51:20.152326,C-Scheme,41.8,12.36,23.19,448.8
2026-08-11 09:51:20.152326,C-Scheme,53.2,15.44,27.46,439.7
2026-08-11 10:51:20.152326,C-Scheme,31.6,9.88,22.65,420.4
2026-08-11 11:51:20.152326,C-Scheme,38.9,9.08,18.81,439.1
2026-08-11 12:51:20.152326,C-Scheme,37.1,8.64,23.0,430.7
2026-08-11 13:51:20.152326,C-Scheme,37.9,9.6,13.73,425.9
2026-08-11 14:51:20.152326,C-Scheme,33.7,8.56,16.38,424.1
2026-08-11 15:51:20.152326,C-Scheme,34.3,7.45,13.26,405.6
2026-08-11 16:51:20.152326,C-Scheme,51.0,13.54,28.57,420.6
2026-08-11 17:51:20.152326,C-Scheme,47.0,11.46,23.29,413.0
2026-08-11 18:51:20.152326,C-Scheme,55.2,10.85,20.47,440.2
2026-08-11 19:51:20.152326,C-Scheme,40.4,5.8,12.6,396.7
2026-08-11 20:51:20.152326,C-Scheme,35.8,9.86,18.75,387.6
2026-08-11 21:51:20.152326,C-Scheme,40.7,5.74,10.65,418.7
2026-08-11 22:51:20.152326,C-Scheme,25.2,4.15,6.64,427.7
2026-08-11 23:51:20.152326,C-Scheme,27.0,5.22,7.98,384.5
2026-08-12 00:51:20.152326,C-Scheme,40.3,11.31,17.29,429.9
2026-08-12 01:51:20.152326,C-Scheme,35.9,11.51,17.31,400.3
2026-08-12 02:51:20.152326,C-Scheme,48.0,15.6,24.27,422.1
2026-08-12 03:51:20.152326,C-Scheme,30.5,10.32,19.45,424.8
2026-08-12 04:51:20.152326,C-Scheme,37.7,10.22,20.04,414.9
2026-08-12 05:51:20.152326,C-Scheme,33.3,6.93,8.43,391.9
2026-08-12 06:51:20.152326,C-Scheme,34.5,6.74,12.08,425.0
2026-08-12 07:51:20.152326,C-Scheme,32.7,10.63,21.36,435.1
2026-08-12 08:51:20.152326,C-Scheme,37.6,9.07,13.6,420.8
2026-08-12 09:51:20.152326,C-Scheme,63.1,12.34,17.08,434.5
2026-08-12 10:51:20.152326,C-Scheme,53.7,13.75,20.96,430.7
2026-08-12 11:51:20.152326,C-Scheme,47.2,10.11,19.14,410.3
2026-08-12 12:51:20.152326,C-Scheme,42.0,9.04,13.62,423.7
2026-08-12 13:51:20.152326,C-Scheme,31.1,4.19,10.61,421.2
2026-08-12 14:51:20.152326,C-Scheme,38.9,8.11,12.23,436.0
2026-08-12 15:51:20.152326,C-Scheme,51.3,13.74,27.83,416.7
2026-08-12 16:51:20.152326,C-Scheme,27.7,5.41,6.84,421.8
2026-08-12 17:51:20.152326,C-Scheme,52.5,12.09,19.96,427.6
2026-08-12 18:51:20.152326,C-Scheme,34.8,11.61,18.64,405.3
2026-08-12 19:51:20.152326,C-Scheme,58.7,16.22,28.73,436.6
2026-08-12 20:51:20.152326,C-Scheme,39.9,8.96,14.16,402.8
2026-08-12 21:51:20.152326,C-Scheme,43.3,7.26,12.65,429.6
2026-08-12 22:51:20.152326,C-Scheme,35.4,6.29,7.48,416.4
2026-08-12 23:51:20.152326,C-Scheme,34.9,10.06,16.81,408.8
2026-08-13 00:51:20.152326,C-Scheme,39.2,9.5,16.11,421.3
2026-08-13 01:51:20.152326,C-Scheme,42.5,9.36,13.05,411.7
2026-08-13 02:51:20.152326,C-Scheme,37.6,8.25,22.06,444.8
2026-08-13 03:51:20.152326,C-Scheme,34.6,7.57,11.79,414.7
2026-08-13 04:51:20.152326,C-Scheme,46.5,10.68,22.36,421.1
2026-08-13 05:51:20.152326,C-Scheme,39.0,10.51,17.63,431.8
2026-08-13 06:51:20.152326,C-Scheme,39.0,8.94,16.52,417.5
2026-08-13 07:51:20.152326,C-Scheme,55.3,15.09,30.69,437.5
2026-08-13 08:51:20.152326,C-Scheme,56.8,10.92,19.06,424.7
2026-08-13 09:51:20.152326,C-Scheme,38.5,11.14,20.29,412.5
2026-08-13 10:51:20.152326,C-Scheme,39.6,9.09,16.32,419.9
2026-08-13 11:51:20.152326,C-Scheme,28.5,5.23,11.28,428.8
2026-08-13 12:51:20.152326,C-Scheme,25.0,3.68,2.37,381.3
2026-08-13 13:51:20.152326,C-Scheme,29.7,3.69,0.0,406.2
2026-08-13 14:51:20.152326,C-Scheme,30.4,6.41,9.42,407.6
2026-08-13 15:51:20.152326,C-Scheme,35.6,12.33,24.53,436.9
2026-08-13 16:51:20.152326,C-Scheme,46.8,9.96,17.68,414.9
2026-08-13 17:51:20.152326,C-Scheme,50.9,11.89,19.76,427.8
2026-08-13 18:51:20.152326,C-Scheme,36.3,8.63,10.99,399.9
2026-08-13 19:51:20.152326,C-Scheme,41.6,8.62,16.74,438.4
2026-08-13 20:51:20.152326,C-Scheme,53.5,9.7,20.57,417.7
2026-08-13 21:51:20.152326,C-Scheme,43.7,12.39,22.75,418.3
2026-08-13 22:51:20.152326,C-Scheme,29.9,6.75,9.28,422.9
2026-08-13 23:51:20.152326,C-Scheme,38.6,8.26,17.46,398.6
2026-08-14 00:51:20.152326,C-Scheme,45.7,8.88,22.12,421.1
2026-08-14 01:51:20.152326,C-Scheme,35.2,8.7,13.49,429.7
2026-08-14 02:51:20.152326,C-Scheme,49.0,11.59,23.55,426.0
2026-08-14 03:51:20.152326,C-Scheme,22.4,3.52,4.95,423.7
2026-08-14 04:51:20.152326,C-Scheme,26.6,3.72,6.91,380.8
2026-08-14 05:51:20.152326,C-Scheme,48.2,7.71,11.7,420.3
2026-08-14 06:51:20.152326,C-Scheme,28.0,6.5,9.16,397.7
2026-08-14 07:51:20.152326,C-Scheme,49.1,11.45,19.98,416.6
2026-08-14 08:51:20.152326,C-Scheme,51.3,12.03,24.02,449.1
2026-08-14 09:51:20.152326,C-Scheme,46.1,14.51,30.89,429.1
2026-08-14 10:51:20.152326,C-Scheme,34.7,6.67,12.67,399.6
2026-08-14 11:51:20.152326,C-Scheme,40.5,8.38,16.84,438.1
2026-08-14 12:51:20.152326,C-Scheme,23.2,8.71,17.78,410.8
2026-08-14 13:51:20.152326,C-Scheme,37.6,8.11,18.32,404.6
2026-08-14 14:51:20.152326,C-Scheme,36.5,6.55,16.33,405.7
2026-08-14 15:51:20.152326,C-Scheme,36.2,6.42,12.49,433.9
2026-08-14 16:51:20.152326,C-Scheme,35.5,10.03,19.3,415.7
2026-08-14 17:51:20.152326,C-Scheme,46.7,7.48,16.78,429.5
2026-08-14 18:51:20.152326,C-Scheme,35.6,7.44,9.32,426.3
2026-08-14 19:51:20.152326,C-Scheme,50.1,16.98,27.37,454.7
2026-08-14 20:51:20.152326,C-Scheme,31.7,7.86,16.32,406.1
2026-08-14 21:51:20.152326,C-Scheme,39.4,8.18,16.08,429.2
2026-08-14 22:51:20.152326,C-Scheme,45.0,11.11,18.31,425.6
2026-08-14 23:51:20.152326,C-Scheme,45.8,10.36,23.72,412.9
2026-08-15 00:51:20.152326,C-Scheme,50.3,12.61,21.33,406.7
2026-08-15 01:51:20.152326,C-Scheme,44.8,12.14,23.58,422.7
2026-08-15 02:51:20.152326,C-Scheme,39.6,8.44,16.04,427.8
2026-08-15 03:51:20.152326,C-Scheme,50.0,12.19,20.37,423.2
2026-08-15 04:51:20.152326,C-Scheme,28.4,8.5,14.89,418.8
2026-08-15 05:51:20.152326,C-Scheme,30.5,9.23,18.37,419.9
2026-08-15 06:51:20.152326,C-Scheme,44.2,10.49,19.64,400.8
2026-08-15 07:51:20.152326,C-Scheme,41.1,5.74,8.92,435.7
2026-08-15 08:51:20.152326,C-Scheme,61.0,14.55,23.5,450.6
2026-08-15 09:51:20.152326,C-Scheme,71.8,18.45,34.01,439.8
2026-08-15 10:51:20.152326,C-Scheme,46.6,10.61,23.54,424.7
2026-08-15 11:51:20.152326,C-Scheme,43.1,9.21,22.0,446.9
2026-08-15 12:51:20.152326,C-Scheme,30.0,3.49,9.31,444.7
2026-08-15 13:51:20.152326,C-Scheme,46.7,12.62,22.97,439.8
2026-08-15 14:51:20.152326,C-Scheme,36.8,9.59,21.52,401.3
2026-08-15 15:51:20.152326,C-Scheme,44.6,7.2,4.3,383.9
2026-08-15 16:51:20.152326,C-Scheme,43.6,9.75,19.44,422.7
2026-08-15 17:51:20.152326,C-Scheme,52.8,14.97,25.36,414.9
2026-08-15 18:51:20.152326,C-Scheme,51.3,11.32,20.48,430.1
2026-08-15 19:51:20.152326,C-Scheme,52.8,14.66,26.88,421.3
2026-08-15 20:51:20.152326,C-Scheme,37.6,7.02,13.87,420.6
2026-08-15 21:51:20.152326,C-Scheme,41.5,9.66,16.19,421.7
2026-08-15 22:51:20.152326,C-Scheme,25.1,8.06,12.18,425.1
2026-08-15 23:51:20.152326,C-Scheme,34.3,10.54,17.27,408.3
2026-08-16 00:51:20.152326,C-Scheme,30.7,6.71,10.8,419.9
2026-08-16 01:51:20.152326,C-Scheme,41.1,4.36,5.59,429.2
2026-08-16 02:51:20.152326,C-Scheme,43.8,11.49,25.53,439.4
2026-08-16 03:51:20.152326,C-Scheme,51.9,11.45,19.84,414.6
2026-08-16 04:51:20.152326,C-Scheme,40.4,9.5,17.52,406.6
2026-08-16 05:51:20.152326,C-Scheme,38.6,8.8,13.04,424.5
2026-08-16 06:51:20.152326,C-Scheme,42.6,10.04,19.67,419.8
2026-08-16 07:51:20.152326,C-Scheme,44.5,12.06,26.31,438.0
2026-08-16 08:51:20.152326,C-Scheme,55.6,13.7,22.61,433.6
2026-08-16 09:51:20.152326,C-Scheme,48.2,15.61,24.47,419.1
2026-08-16 10:51:20.152326,C-Scheme,31.6,7.59,14.85,407.2
2026-08-16 11:51:20.152326,C-Scheme,30.7,6.66,12.25,410.7
2026-08-16 12:51:20.152326,C-Scheme,30.6,4.97,10.65,423.2
2026-08-16 13:51:20.152326,C-Scheme,39.2,10.67,20.73,399.5
2026-08-16 14:51:20.152326,C-Scheme,20.9,3.67,9.82,380.0
2026-08-16 15:51:20.152326,C-Scheme,32.3,7.22,16.78,445.3
2026-08-16 16:51:20.152326,C-Scheme,26.6,6.88,15.06,416.4
2026-08-16 17:51:20.152326,C-Scheme,52.4,13.23,20.11,425.2
2026-08-16 18:51:20.152326,C-Scheme,56.5,15.6,26.53,435.8
2026-08-16 19:51:20.152326,C-Scheme,38.8,10.24,17.89,439.3
2026-08-16 20:51:20.152326,C-Scheme,34.4,8.05,16.74,403.9
2026-08-16 21:51:20.152326,C-Scheme,35.8,4.74,2.82,392.2
2026-08-16 22:51:20.152326,C-Scheme,39.3,6.94,13.64,394.0
2026-08-16 23:51:20.152326,C-Scheme,41.8,8.21,11.71,424.3
2026-08-17 00:51:20.152326,C-Scheme,27.3,6.16,15.35,425.1
2026-08-17 01:51:20.152326,C-Scheme,40.5,13.51,26.31,416.5
2026-08-17 02:51:20.152326,C-Scheme,38.5,8.79,18.88,408.3
2026-08-17 03:51:20.152326,C-Scheme,41.5,10.99,19.41,422.1
2026-08-17 04:51:20.152326,C-Scheme,32.7,8.67,14.01,398.1
2026-08-17 05:51:20.152326,C-Scheme,28.6,6.93,13.13,407.3
2026-08-17 06:51:20.152326,C-Scheme,22.2,5.75,10.06,404.1
2026-08-17 07:51:20.152326,C-Scheme,41.7,10.2,19.47,416.7
2026-08-17 08:51:20.152326,C-Scheme,54.8,10.08,21.99,424.9
2026-08-17 09:51:20.152326,C-Scheme,63.5,17.4,35.96,434.9
2026-08-17 10:51:20.152326,C-Scheme,38.9,9.45,18.11,417.9
2026-08-17 11:51:20.152326,C-Scheme,42.7,11.31,21.6,450.0
2026-08-17 12:51:20.152326,C-Scheme,30.9,3.97,12.34,428.1
2026-08-17 13:51:20.152326,C-Scheme,41.8,12.07,23.01,412.5
2026-08-17 14:51:20.152326,C-Scheme,29.3,5.64,14.34,417.7
2026-08-17 15:51:20.152326,C-Scheme,37.9,11.85,17.21,428.2
2026-08-17 16:51:20.152326,C-Scheme,43.3,8.74,11.95,422.7
2026-08-17 17:51:20.152326,C-Scheme,62.3,15.55,28.36,443.8
2026-08-17 18:51:20.152326,C-Scheme,46.4,11.6,24.31,424.9
2026-08-17 19:51:20.152326,C-Scheme,47.6,15.48,29.93,425.2
2026-08-17 20:51:20.152326,C-Scheme,29.6,5.18,8.95,391.8
2026-08-17 21:51:20.152326,C-Scheme,40.7,9.86,21.13,409.4
2026-08-17 22:51:20.152326,C-Scheme,33.7,9.7,21.71,431.2
2026-08-17 23:51:20.152326,C-Scheme,34.6,7.98,15.08,408.2
2026-08-18 00:51:20.152326,C-Scheme,22.8,6.58,17.11,417.2
2026-08-18 01:51:20.152326,C-Scheme,35.6,8.86,19.31,406.7
2026-08-18 02:51:20.152326,C-Scheme,23.1,9.66,18.72,430.6
2026-08-18 03:51:20.152326,C-Scheme,40.5,10.95,24.21,414.9
2026-08-18 04:51:20.152326,C-Scheme,34.5,10.83,23.73,391.3
2026-08-18 05:51:20.152326,C-Scheme,46.5,6.86,10.71,412.5
2026-08-18 06:51:20.152326,C-Scheme,34.8,6.96,17.99,386.6
2026-08-18 07:51:20.152326,C-Scheme,64.7,14.99,31.22,440.8
2026-08-18 08:51:20.152326,C-Scheme,41.1,7.17,10.72,436.8
2026-08-18 09:51:20.152326,C-Scheme,52.6,13.11,27.52,426.9
2026-08-18 10:51:20.152326,C-Scheme,29.4,7.91,16.83,418.1
2026-08-18 11:51:20.152326,C-Scheme,34.1,5.93,9.09,421.5
2026-08-18 12:51:20.152326,C-Scheme,35.8,11.32,20.61,425.7
2026-08-18 13:51:20.152326,C-Scheme,42.1,11.08,21.93,405.4
2026-08-18 14:51:20.152326,C-Scheme,34.8,8.33,15.07,422.2
2026-08-18 15:51:20.152326,C-Scheme,44.2,10.0,17.23,435.6
2026-08-18 16:51:20.152326,C-Scheme,33.9,11.74,25.96,412.2
2026-08-18 17:51:20.152326,C-Scheme,47.0,13.9,27.15,437.0
2026-08-18 18:51:20.152326,C-Scheme,44.0,9.08,15.8,397.2
2026-08-18 19:51:20.152326,C-Scheme,47.3,10.45,17.65,396.6
2026-08-18 20:51:20.152326,C-Scheme,40.6,8.21,8.78,412.2
2026-08-18 21:51:20.152326,C-Scheme,34.1,7.86,11.24,417.5
2026-08-18 22:51:20.152326,C-Scheme,33.4,7.84,17.37,413.9
2026-08-18 23:51:20.152326,C-Scheme,33.1,4.44,7.73,405.0
2026-08-19 00:51:20.152326,C-Scheme,33.8,11.64,16.59,418.8
2026-08-19 01:51:20.152326,C-Scheme,17.3,3.45,7.38,380.0
2026-08-19 02:51:20.152326,C-Scheme,40.2,9.36,23.03,397.2
2026-08-19 03:51:20.152326,C-Scheme,29.2,7.03,15.15,415.7
2026-08-19 04:51:20.152326,C-Scheme,39.4,8.52,20.56,395.5
2026-08-19 05:51:20.152326,C-Scheme,41.8,9.19,19.64,430.3
2026-08-19 06:51:20.152326,C-Scheme,27.8,6.13,10.06,410.2
2026-08-19 07:51:20.152326,C-Scheme,55.3,13.86,22.38,417.9
2026-08-19 08:51:20.152326,C-Scheme,43.6,6.43,15.99,405.6
2026-08-19 09:51:20.152326,C-Scheme,56.9,16.18,29.95,407.9
2026-08-19 10:51:20.152326,C-Scheme,24.0,7.59,9.87,419.1
2026-08-19 11:51:20.152326,C-Scheme,34.7,6.38,11.86,405.9
2026-08-19 12:51:20.152326,C-Scheme,33.1,6.91,14.98,409.1
2026-08-19 13:51:20.152326,C-Scheme,27.6,9.85,15.01,418.7
2026-08-19 14:51:20.152326,C-Scheme,12.6,1.12,5.32,395.4
2026-08-19 15:51:20.152326,C-Scheme,28.8,6.76,14.19,380.0
2026-08-19 16:51:20.152326,C-Scheme,32.8,10.65,15.25,421.5
2026-08-19 17:51:20.152326,C-Scheme,42.8,8.34,10.91,430.2
2026-08-19 18:51:20.152326,C-Scheme,45.5,10.54,21.57,380.8
2026-08-19 19:51:20.152326,C-Scheme,64.5,16.88,27.22,422.3
2026-08-19 20:51:20.152326,C-Scheme,31.5,10.02,15.23,477.4
2026-08-19 21:51:20.152326,C-Scheme,32.8,8.88,11.59,417.8
2026-08-19 22:51:20.152326,C-Scheme,46.0,10.4,20.12,436.1
2026-08-19 23:51:20.152326,C-Scheme,35.8,8.29,14.3,425.1
2026-08-20 00:51:20.152326,C-Scheme,27.8,7.39,15.95,401.3
2026-08-20 01:51:20.152326,C-Scheme,36.1,10.45,23.66,407.2
2026-08-20 02:51:20.152326,C-Scheme,38.4,3.88,5.56,431.1
2026-08-20 03:51:20.152326,C-Scheme,52.6,13.84,21.9,435.1
2026-08-20 04:51:20.152326,C-Scheme,21.9,9.12,18.25,406.4
2026-08-20 05:51:20.152326,C-Scheme,35.9,8.97,12.03,409.4
2026-08-20 06:51:20.152326,C-Scheme,48.2,13.42,23.84,426.3
2026-08-20 07:51:20.152326,C-Scheme,53.9,9.8,21.09,438.8
2026-08-20 08:51:20.152326,C-Scheme,49.2,12.17,25.78,411.2
2026-08-20 09:51:20.152326,C-Scheme,51.2,11.78,21.02,438.3
2026-08-20 10:51:20.152326,C-Scheme,40.1,9.81,17.87,422.2
2026-08-20 11:51:20.152326,C-Scheme,35.1,5.93,11.45,429.2
2026-08-20 12:51:20.152326,C-Scheme,26.9,4.42,12.67,433.8
2026-08-20 13:51:20.152326,C-Scheme,45.8,11.55,20.1,416.9
2026-08-20 14:51:20.152326,C-Scheme,30.2,7.89,15.62,452.6
2026-08-20 15:51:20.152326,C-Scheme,39.1,5.9,5.97,417.6
2026-08-20 16:51:20.152326,C-Scheme,34.9,10.15,19.26,408.3
2026-08-20 17:51:20.152326,C-Scheme,67.0,18.87,38.5,419.6
2026-08-20 18:51:20.152326,C-Scheme,39.8,10.13,18.05,407.1
2026-08-20 19:51:20.152326,C-Scheme,52.0,12.13,15.06,413.1
2026-08-20 20:51:20.152326,C-Scheme,24.0,4.85,8.52,418.7
2026-08-20 21:51:20.152326,C-Scheme,50.2,11.68,24.45,397.0
2026-08-20 22:51:20.152326,C-Scheme,32.0,7.29,13.63,458.1
2026-08-20 23:51:20.152326,C-Scheme,33.9,4.78,9.89,414.4
2026-08-21 00:51:20.152326,C-Scheme,31.1,11.26,17.14,413.0
2026-08-21 01:51:20.152326,C-Scheme,32.9,7.9,17.55,435.8
2026-08-21 02:51:20.152326,C-Scheme,46.4,10.18,14.82,418.7
2026-08-21 03:51:20.152326,C-Scheme,38.5,10.98,18.69,404.1
2026-08-21 04:51:20.152326,C-Scheme,47.8,10.86,17.76,412.3
2026-08-21 05:51:20.152326,C-Scheme,30.0,5.22,3.05,431.8
2026-08-21 06:51:20.152326,C-Scheme,42.1,14.2,23.99,398.6
2026-08-21 07:51:20.152326,C-Scheme,62.2,14.72,26.09,426.0
2026-08-21 08:51:20.152326,C-Scheme,59.4,13.81,24.02,424.7
2026-08-21 09:51:20.152326,C-Scheme,55.4,15.02,29.35,425.6
2026-08-21 10:51:20.152326,C-Scheme,42.6,9.28,11.66,453.1
2026-08-21 11:51:20.152326,C-Scheme,30.0,8.61,16.64,441.6
2026-08-21 12:51:20.152326,C-Scheme,45.7,12.08,25.26,453.6
2026-08-21 13:51:20.152326,C-Scheme,41.4,12.67,22.14,437.3
2026-08-21 14:51:20.152326,C-Scheme,43.0,10.8,23.55,455.1
2026-08-21 15:51:20.152326,C-Scheme,31.3,6.08,12.52,403.0
2026-08-21 16:51:20.152326,C-Scheme,31.4,5.22,14.68,404.1
2026-08-21 17:51:20.152326,C-Scheme,57.1,13.43,26.69,435.1
2026-08-21 18:51:20.152326,C-Scheme,35.6,10.16,17.27,407.5
2026-08-21 19:51:20.152326,C-Scheme,52.9,10.03,27.12,418.4
2026-08-21 20:51:20.152326,C-Scheme,36.1,7.44,13.98,419.7
2026-08-21 21:51:20.152326,C-Scheme,46.9,14.21,24.16,432.4
2026-08-21 22:51:20.152326,C-Scheme,33.0,7.57,16.07,388.8
2026-08-21 23:51:20.152326,C-Scheme,45.9,8.88,12.85,441.8
2026-08-22 00:51:20.152326,C-Scheme,37.7,9.12,22.09,430.5
2026-08-22 01:51:20.152326,C-Scheme,26.0,4.19,6.43,394.1
2026-08-22 02:51:20.152326,C-Scheme,34.2,6.81,8.4,405.7
2026-08-22 03:51:20.152326,C-Scheme,26.3,0.99,0.0,446.5
2026-08-22 04:51:20.152326,C-Scheme,37.0,8.04,18.66,434.7
2026-08-22 05:51:20.152326,C-Scheme,28.1,7.56,14.79,416.1
2026-08-22 06:51:20.152326,C-Scheme,39.7,9.62,20.21,430.6
2026-08-22 07:51:20.152326,C-Scheme,46.8,6.03,11.3,418.2
2026-08-22 08:51:20.152326,C-Scheme,37.0,4.42,10.92,425.0
2026-08-22 09:51:20.152326,C-Scheme,60.5,14.76,24.61,453.7
2026-08-22 10:51:20.152326,C-Scheme,45.1,7.52,19.42,434.6
2026-08-22 11:51:20.152326,C-Scheme,26.0,5.86,7.57,425.0
2026-08-22 12:51:20.152326,C-Scheme,41.3,9.48,23.23,398.6
2026-08-22 13:51:20.152326,C-Scheme,31.2,7.9,18.59,427.9
2026-08-22 14:51:20.152326,C-Scheme,34.6,9.08,22.5,421.9
2026-08-22 15:51:20.152326,C-Scheme,26.1,8.5,17.22,400.2
2026-08-22 16:51:20.152326,C-Scheme,37.9,11.31,19.19,433.7
2026-08-22 17:51:20.152326,C-Scheme,36.2,8.39,17.1,411.7
2026-08-22 18:51:20.152326,C-Scheme,51.6,13.38,25.21,437.3
2026-08-22 19:51:20.152326,C-Scheme,52.7,11.21,22.29,432.8
2026-08-22 20:51:20.152326,C-Scheme,57.0,16.19,25.58,437.3
2026-08-22 21:51:20.152326,C-Scheme,22.5,2.96,5.88,412.5
2026-08-22 22:51:20.152326,C-Scheme,27.4,5.94,14.21,426.9
2026-08-22 23:51:20.152326,C-Scheme,38.5,8.97,19.49,428.5
2026-08-23 00:51:20.152326,C-Scheme,27.7,4.83,5.8,458.4
2026-08-23 01:51:20.152326,C-Scheme,30.5,5.5,9.3,403.3
2026-08-23 02:51:20.152326,C-Scheme,22.2,3.35,6.41,447.8
2026-08-23 03:51:20.152326,C-Scheme,38.6,9.04,15.3,403.5
2026-08-23 04:51:20.152326,C-Scheme,16.1,4.14,10.04,380.0
2026-08-23 05:51:20.152326,C-Scheme,32.4,4.03,2.68,419.8
2026-08-23 06:51:20.152326,C-Scheme,37.8,9.14,18.7,406.5
2026-08-23 07:51:20.152326,C-Scheme,44.7,9.49,20.26,448.9
2026-08-23 08:51:20.152326,C-Scheme,54.0,12.44,22.5,420.8
2026-08-23 09:51:20.152326,C-Scheme,51.5,13.26,25.47,398.6
2026-08-23 10:51:20.152326,C-Scheme,42.2,11.29,22.26,425.5
2026-08-23 11:51:20.152326,C-Scheme,35.8,7.57,9.68,424.0
2026-08-23 12:51:20.152326,C-Scheme,31.3,5.97,17.42,426.0
2026-08-23 13:51:20.152326,C-Scheme,38.9,5.12,8.72,448.1
2026-08-23 14:51:20.152326,C-Scheme,49.9,9.9,18.26,422.8
2026-08-23 15:51:20.152326,C-Scheme,24.5,6.91,12.22,441.3
2026-08-23 16:51:20.152326,C-Scheme,40.6,10.42,23.1,429.8
2026-08-23 17:51:20.152326,C-Scheme,48.7,11.18,24.16,478.8
2026-08-23 18:51:20.152326,C-Scheme,42.0,10.24,19.79,410.4
2026-08-23 19:51:20.152326,C-Scheme,45.7,13.8,23.83,439.7
2026-08-23 20:51:20.152326,C-Scheme,32.4,10.37,20.79,426.1
2026-08-23 21:51:20.152326,C-Scheme,40.3,7.16,7.34,401.1
2026-08-23 22:51:20.152326,C-Scheme,34.3,10.15,17.53,407.3
2026-08-23 23:51:20.152326,C-Scheme,43.7,11.11,23.26,423.2
2026-08-24 00:51:20.152326,C-Scheme,29.0,8.05,14.36,393.3
2026-08-24 01:51:20.152326,C-Scheme,35.5,9.51,15.57,454.9
2026-08-24 02:51:20.152326,C-Scheme,43.5,10.57,25.36,422.5
2026-08-24 03:51:20.152326,C-Scheme,32.4,8.17,20.56,428.4
2026-08-24 04:51:20.152326,C-Scheme,26.3,7.62,17.14,430.6
2026-08-24 05:51:20.152326,C-Scheme,31.7,8.51,17.2,396.9
2026-08-24 06:51:20.152326,C-Scheme,36.5,9.4,18.63,427.3
2026-08-24 07:51:20.152326,C-Scheme,59.8,11.46,17.83,423.5
2026-08-24 08:51:20.152326,C-Scheme,55.0,16.15,24.81,436.7
2026-08-24 09:51:20.152326,C-Scheme,46.5,12.66,23.23,447.2
2026-08-24 10:51:20.152326,C-Scheme,37.8,5.59,12.18,429.7
2026-08-24 11:51:20.152326,C-Scheme,51.1,15.27,28.91,450.4
2026-08-24 12:51:20.152326,C-Scheme,23.5,6.67,1.98,422.8
2026-08-24 13:51:20.152326,C-Scheme,46.5,11.22,20.86,431.3
2026-08-24 14:51:20.152326,C-Scheme,27.3,1.54,4.63,389.4
2026-08-24 15:51:20.152326,C-Scheme,24.0,6.41,9.68,410.3
2026-08-24 16:51:20.152326,C-Scheme,33.9,8.82,12.81,439.9
2026-08-24 17:51:20.152326,C-Scheme,62.4,19.2,34.0,446.3
2026-08-24 18:51:20.152326,C-Scheme,50.5,9.62,15.92,433.0
2026-08-24 19:51:20.152326,C-Scheme,45.8,10.15,18.18,464.1
2026-08-24 20:51:20.152326,C-Scheme,31.4,10.49,22.12,395.5
2026-08-24 21:51:20.152326,C-Scheme,48.8,11.15,23.7,429.3
2026-08-24 22:51:20.152326,C-Scheme,33.3,6.79,11.5,386.1
2026-08-24 23:51:20.152326,C-Scheme,18.0,2.15,0.6,412.8
2026-08-25 00:51:20.152326,C-Scheme,40.5,12.34,26.08,393.0
2026-08-25 01:51:20.152326,C-Scheme,27.2,6.89,7.21,414.5
2026-08-25 02:51:20.152326,C-Scheme,40.2,8.41,14.1,389.5
2026-08-25 03:51:20.152326,C-Scheme,42.3,8.87,14.27,437.0
2026-08-25 04:51:20.152326,C-Scheme,53.2,11.69,18.08,461.1
2026-08-25 05:51:20.152326,C-Scheme,24.7,9.84,14.72,415.1
2026-08-25 06:51:20.152326,C-Scheme,26.8,2.78,6.01,415.4
2026-08-25 07:51:20.152326,C-Scheme,62.7,13.34,26.84,418.0
2026-08-25 08:51:20.152326,C-Scheme,53.9,15.01,24.49,437.0
2026-08-25 09:51:20.152326,C-Scheme,49.8,12.33,25.25,432.4
2026-08-25 10:51:20.152326,C-Scheme,25.8,6.55,16.6,421.9
2026-08-25 11:51:20.152326,C-Scheme,25.4,4.6,6.65,407.7
2026-08-25 12:51:20.152326,C-Scheme,47.0,13.68,24.04,444.1
2026-08-25 13:51:20.152326,C-Scheme,52.1,10.69,19.13,443.2
2026-08-25 14:51:20.152326,C-Scheme,36.3,7.48,17.4,419.4
2026-08-25 15:51:20.152326,C-Scheme,27.2,9.6,17.25,422.6
2026-08-25 16:51:20.152326,C-Scheme,31.7,3.24,1.92,421.6
2026-08-25 17:51:20.152326,C-Scheme,62.1,12.52,21.2,420.7
2026-08-25 18:51:20.152326,C-Scheme,57.0,14.09,24.54,425.9
2026-08-25 19:51:20.152326,C-Scheme,34.4,8.81,14.56,394.5
2026-08-25 20:51:20.152326,C-Scheme,15.5,3.49,4.22,384.5
2026-08-25 21:51:20.152326,C-Scheme,29.0,8.35,13.8,428.3
2026-08-25 22:51:20.152326,C-Scheme,39.8,8.41,16.08,441.4
2026-08-25 23:51:20.152326,C-Scheme,29.6,5.91,13.53,417.6
2026-08-26 00:51:20.152326,C-Scheme,27.9,7.86,15.41,417.7
2026-08-26 01:51:20.152326,C-Scheme,46.1,10.98,20.27,449.7
2026-08-26 02:51:20.152326,C-Scheme,34.8,9.01,17.35,414.2
2026-08-26 03:51:20.152326,C-Scheme,32.6,8.81,17.55,425.9
2026-08-26 04:51:20.152326,C-Scheme,32.3,5.97,15.42,386.7
2026-08-26 05:51:20.152326,C-Scheme,42.9,8.22,15.14,415.8
2026-08-26 06:51:20.152326,C-Scheme,39.9,8.19,17.56,423.2
2026-08-26 07:51:20.152326,C-Scheme,52.4,11.52,20.56,436.1
2026-08-26 08:51:20.152326,C-Scheme,54.6,11.18,24.05,433.3
2026-08-26 09:51:20.152326,C-Scheme,50.7,15.56,28.18,451.2
2026-08-26 10:51:20.152326,C-Scheme,32.7,5.48,4.31,416.0
2026-08-26 11:51:20.152326,C-Scheme,33.7,6.81,14.59,442.2
2026-08-26 12:51:20.152326,C-Scheme,32.9,6.67,13.68,410.7
2026-08-26 13:51:20.152326,C-Scheme,46.5,10.5,22.57,444.8
2026-08-26 14:51:20.152326,C-Scheme,37.6,8.33,15.84,431.3
2026-08-26 15:51:20.152326,C-Scheme,36.3,8.37,16.19,404.8
2026-08-26 16:51:20.152326,C-Scheme,39.4,10.35,21.85,418.5
2026-08-26 17:51:20.152326,C-Scheme,42.1,10.16,21.12,414.1
2026-08-26 18:51:20.152326,C-Scheme,41.9,13.02,23.42,392.6
2026-08-26 19:51:20.152326,C-Scheme,48.8,11.46,19.26,430.7
2026-08-26 20:51:20.152326,C-Scheme,48.0,13.62,23.44,384.7
2026-08-26 21:51:20.152326,C-Scheme,31.5,6.26,13.69,380.0
2026-08-26 22:51:20.152326,C-Scheme,41.8,11.3,20.09,458.1
2026-08-26 23:51:20.152326,C-Scheme,45.1,12.62,23.95,428.8
2026-08-27 00:51:20.152326,C-Scheme,31.0,6.25,8.86,411.6
2026-08-27 01:51:20.152326,C-Scheme,36.9,9.84,21.76,398.5
2026-08-27 02:51:20.152326,C-Scheme,51.4,12.45,21.84,425.9
2026-08-27 03:51:20.152326,C-Scheme,33.4,7.63,12.86,428.3
2026-08-27 04:51:20.152326,C-Scheme,42.3,11.08,20.71,443.3
2026-08-27 05:51:20.152326,C-Scheme,39.2,10.66,19.73,428.2
2026-08-27 06:51:20.152326,C-Scheme,29.6,7.87,16.18,426.9
2026-08-27 07:51:20.152326,C-Scheme,50.1,12.78,16.87,422.7
2026-08-27 08:51:20.152326,C-Scheme,63.5,12.72,22.75,423.7
2026-08-27 09:51:20.152326,C-Scheme,51.3,9.87,17.38,423.2
2026-08-27 10:51:20.152326,C-Scheme,39.5,9.49,14.43,444.4
2026-08-27 11:51:20.152326,C-Scheme,22.3,3.96,5.17,395.5
2026-08-27 12:51:20.152326,C-Scheme,47.7,13.95,22.48,445.1
2026-08-27 13:51:20.152326,C-Scheme,33.0,8.88,11.81,429.3
2026-08-27 14:51:20.152326,C-Scheme,34.2,11.91,20.61,414.0
2026-08-27 15:51:20.152326,C-Scheme,39.3,10.08,22.93,426.5
2026-08-27 16:51:20.152326,C-Scheme,23.4,8.29,15.84,421.8
2026-08-27 17:51:20.152326,C-Scheme,47.5,8.16,17.45,438.7
2026-08-27 18:51:20.152326,C-Scheme,60.7,15.2,35.35,424.7
2026-08-27 19:51:20.152326,C-Scheme,50.7,13.85,29.94,423.7
2026-08-27 20:51:20.152326,C-Scheme,30.1,10.36,18.76,416.1
2026-08-27 21:51:20.152326,C-Scheme,30.7,9.15,18.6,414.7
2026-08-27 22:51:20.152326,C-Scheme,52.7,9.98,12.84,403.9
2026-08-27 23:51:20.152326,C-Scheme,46.8,8.75,16.19,439.7
2026-08-28 00:51:20.152326,C-Scheme,20.8,1.95,1.06,397.8
2026-08-28 01:51:20.152326,C-Scheme,20.4,5.14,7.63,420.6
2026-08-28 02:51:20.152326,C-Scheme,38.8,10.89,17.01,411.1
2026-08-28 03:51:20.152326,C-Scheme,35.0,9.28,21.9,399.4
2026-08-28 04:51:20.152326,C-Scheme,42.1,11.93,19.19,440.6
2026-08-28 05:51:20.152326,C-Scheme,44.1,12.51,25.55,420.1
2026-08-28 06:51:20.152326,C-Scheme,27.1,6.07,13.47,411.0
2026-08-28 07:51:20.152326,C-Scheme,55.4,11.76,21.29,437.6
2026-08-28 08:51:20.152326,C-Scheme,50.6,13.34,25.41,420.5
2026-08-28 09:51:20.152326,C-Scheme,47.7,15.62,30.94,445.6
2026-08-28 10:51:20.152326,C-Scheme,32.8,7.64,16.46,411.7
2026-08-28 11:51:20.152326,C-Scheme,35.5,6.54,14.39,432.3
2026-08-28 12:51:20.152326,C-Scheme,28.6,10.27,15.59,435.3
2026-08-28 13:51:20.152326,C-Scheme,23.8,7.99,16.93,428.1
2026-08-28 14:51:20.152326,C-Scheme,48.2,7.55,17.69,425.6
2026-08-28 15:51:20.152326,C-Scheme,36.9,11.63,17.93,432.4
2026-08-28 16:51:20.152326,C-Scheme,46.8,14.34,25.43,423.1
2026-08-28 17:51:20.152326,C-Scheme,77.5,20.17,40.09,424.9
2026-08-28 18:51:20.152326,C-Scheme,29.8,5.99,10.02,426.0
2026-08-28 19:51:20.152326,C-Scheme,45.4,12.75,16.85,413.0
2026-08-28 20:51:20.152326,C-Scheme,32.0,9.7,19.67,411.2
2026-08-28 21:51:20.152326,C-Scheme,33.5,2.67,10.13,419.4
2026-08-28 22:51:20.152326,C-Scheme,45.8,10.58,16.51,413.0
2026-08-28 23:51:20.152326,C-Scheme,28.0,7.93,14.66,400.3
2026-08-29 00:51:20.152326,C-Scheme,50.3,14.13,24.29,424.6
2026-08-29 01:51:20.152326,C-Scheme,29.1,6.5,9.36,383.6
2026-08-29 02:51:20.152326,C-Scheme,35.8,5.1,7.32,395.2
2026-08-29 03:51:20.152326,C-Scheme,37.1,8.33,16.66,417.8
2026-08-29 04:51:20.152326,C-Scheme,46.3,12.34,19.15,397.4
2026-08-29 05:51:20.152326,C-Scheme,43.0,9.22,18.24,398.8
2026-08-29 06:51:20.152326,C-Scheme,38.8,7.9,14.17,410.2
2026-08-29 07:51:20.152326,C-Scheme,46.3,12.62,21.73,431.8
2026-08-29 08:51:20.152326,C-Scheme,46.8,11.21,19.38,428.8
2026-08-29 09:51:20.152326,C-Scheme,40.2,11.58,15.11,417.8
2026-08-29 10:51:20.152326,C-Scheme,51.5,14.49,30.54,426.9
2026-08-29 11:51:20.152326,C-Scheme,27.9,1.97,3.67,405.7
2026-08-29 12:51:20.152326,C-Scheme,51.7,12.0,26.6,437.1
2026-08-29 13:51:20.152326,C-Scheme,48.9,7.88,21.62,435.1
2026-08-29 14:51:20.152326,C-Scheme,25.0,7.45,19.9,401.8
2026-08-29 15:51:20.152326,C-Scheme,25.9,6.95,15.67,416.4
2026-08-29 16:51:20.152326,C-Scheme,38.0,9.39,15.44,397.3
2026-08-29 17:51:20.152326,C-Scheme,57.4,11.45,22.09,395.0
2026-08-29 18:51:20.152326,C-Scheme,48.0,12.74,28.77,433.0
2026-08-29 19:51:20.152326,C-Scheme,56.2,13.79,25.51,432.9
2026-08-29 20:51:20.152326,C-Scheme,38.3,8.63,18.27,429.7
2026-08-29 21:51:20.152326,C-Scheme,34.7,11.08,18.67,424.7
2026-08-29 22:51:20.152326,C-Scheme,33.1,10.57,20.09,420.1
2026-08-29 23:51:20.152326,C-Scheme,43.4,10.88,18.23,417.4
2026-08-30 00:51:20.152326,C-Scheme,40.8,11.3,16.04,441.4
2026-08-30 01:51:20.152326,C-Scheme,35.1,6.73,14.72,432.3
2026-08-30 02:51:20.152326,C-Scheme,36.2,8.79,13.97,408.9
2026-08-30 03:51:20.152326,C-Scheme,40.6,8.62,12.25,446.3
2026-08-30 04:51:20.152326,C-Scheme,49.0,12.07,26.1,449.2
2026-08-30 05:51:20.152326,C-Scheme,29.7,8.42,16.7,388.0
2026-08-30 06:51:20.152326,C-Scheme,46.3,13.23,20.36,430.1
2026-08-30 07:51:20.152326,C-Scheme,55.8,11.73,16.47,402.3
2026-08-30 08:51:20.152326,C-Scheme,64.7,12.7,23.83,442.6
2026-08-30 09:51:20.152326,C-Scheme,50.2,7.91,14.9,414.9
2026-08-30 10:51:20.152326,C-Scheme,30.1,7.31,11.36,432.0
2026-08-30 11:51:20.152326,C-Scheme,32.3,6.6,18.9,429.1
2026-08-30 12:51:20.152326,C-Scheme,24.6,6.47,13.9,433.6
2026-08-30 13:51:20.152326,C-Scheme,40.4,9.37,10.67,440.7
2026-08-30 14:51:20.152326,C-Scheme,47.1,10.28,26.14,436.8
2026-08-30 15:51:20.152326,C-Scheme,40.4,11.03,23.9,414.3
2026-08-30 16:51:20.152326,C-Scheme,45.4,11.84,24.07,442.6
2026-08-30 17:51:20.152326,C-Scheme,29.9,7.54,15.63,414.4
2026-08-30 18:51:20.152326,C-Scheme,61.0,15.31,36.49,432.6
2026-08-30 19:51:20.152326,C-Scheme,59.7,13.46,25.4,434.6
2026-08-30 20:51:20.152326,C-Scheme,27.7,6.6,12.72,394.1
2026-08-30 21:51:20.152326,C-Scheme,41.0,9.82,28.22,431.4
2026-08-30 22:51:20.152326,C-Scheme,25.0,6.47,12.53,449.1
2026-08-30 23:51:20.152326,C-Scheme,42.1,12.58,22.28,414.3
2026-08-31 00:51:20.152326,C-Scheme,31.4,6.32,10.06,429.6
2026-08-31 01:51:20.152326,C-Scheme,34.5,13.06,23.01,423.2
2026-08-31 02:51:20.152326,C-Scheme,36.8,9.22,16.37,410.5
2026-08-31 03:51:20.152326,C-Scheme,26.1,0.92,1.8,430.1
2026-08-31 04:51:20.152326,C-Scheme,35.8,5.78,10.97,443.0
2026-08-31 05:51:20.152326,C-Scheme,40.1,12.43,18.71,401.9
2026-08-31 06:51:20.152326,C-Scheme,41.2,9.9,20.72,429.1
2026-08-31 07:51:20.152326,C-Scheme,50.2,13.22,30.26,435.0
2026-08-31 08:51:20.152326,C-Scheme,42.0,8.46,15.33,435.1
2026-08-31 09:51:20.152326,C-Scheme,49.6,11.92,23.41,415.3
2026-08-31 10:51:20.152326,C-Scheme,36.9,7.4,18.02,433.0
2026-08-31 11:51:20.152326,C-Scheme,31.4,3.78,8.97,429.9
2026-08-31 12:51:20.152326,C-Scheme,30.8,5.1,10.69,419.2
2026-08-31 13:51:20.152326,C-Scheme,47.8,12.7,22.66,410.6
2026-08-31 14:51:20.152326,C-Scheme,38.7,8.55,13.59,405.2
2026-08-31 15:51:20.152326,C-Scheme,39.5,9.8,17.1,454.7
2026-08-31 16:51:20.152326,C-Scheme,48.1,11.55,21.43,432.9
2026-08-31 17:51:20.152326,C-Scheme,56.0,16.44,33.81,417.8
2026-08-31 18:51:20.152326,C-Scheme,51.1,11.46,22.61,432.1
2026-08-31 19:51:20.152326,C-Scheme,46.8,16.27,28.7,426.6
2026-08-31 20:51:20.152326,C-Scheme,45.9,8.67,16.52,407.7
2026-08-31 21:51:20.152326,C-Scheme,35.5,9.78,14.64,427.1
2026-08-31 22:51:20.152326,C-Scheme,37.7,6.85,10.98,397.6
2026-08-31 23:51:20.152326,C-Scheme,36.9,8.94,16.8,408.1
2026-09-01 00:51:20.152326,C-Scheme,45.4,10.1,20.92,416.9
2026-09-01 01:51:20.152326,C-Scheme,29.4,5.97,4.5,404.9
2026-09-01 02:51:20.152326,C-Scheme,47.4,9.5,11.3,417.4
2026-09-01 03:51:20.152326,C-Scheme,42.1,11.3,19.35,418.8
2026-09-01 04:51:20.152326,C-Scheme,32.6,7.0,12.07,409.8
2026-09-01 05:51:20.152326,C-Scheme,28.7,8.71,15.26,440.6
2026-09-01 06:51:20.152326,C-Scheme,30.4,6.71,9.01,426.6
2026-09-01 07:51:20.152326,C-Scheme,68.6,15.66,24.0,454.9
2026-09-01 08:51:20.152326,C-Scheme,57.2,12.85,25.78,412.0
2026-09-01 09:51:20.152326,C-Scheme,52.7,14.28,30.91,438.7
2026-09-01 10:51:20.152326,C-Scheme,30.1,4.91,8.89,398.3
2026-09-01 11:51:20.152326,C-Scheme,32.3,5.91,11.73,441.7
2026-09-01 12:51:20.152326,C-Scheme,35.6,7.28,18.1,437.5
2026-09-01 13:51:20.152326,C-Scheme,29.2,7.3,17.29,404.1
2026-09-01 14:51:20.152326,C-Scheme,28.4,5.37,13.45,425.3
2026-09-01 15:51:20.152326,C-Scheme,37.7,8.2,15.27,422.2
2026-09-01 16:51:20.152326,C-Scheme,29.2,9.19,19.21,443.3
2026-09-01 17:51:20.152326,C-Scheme,41.6,10.56,18.82,414.6
2026-09-01 18:51:20.152326,C-Scheme,58.8,13.77,23.48,437.6
2026-09-01 19:51:20.152326,C-Scheme,64.6,15.6,32.8,456.2
2026-09-01 20:51:20.152326,C-Scheme,22.6,4.29,7.69,419.5
2026-09-01 21:51:20.152326,C-Scheme,40.6,11.14,21.54,393.2
2026-09-01 22:51:20.152326,C-Scheme,41.3,11.88,21.54,404.4
2026-09-01 23:51:20.152326,C-Scheme,24.7,2.33,0.67,405.7
2026-09-02 00:51:20.152326,C-Scheme,19.8,3.22,4.87,415.3
2026-09-02 01:51:20.152326,C-Scheme,25.2,6.97,9.44,412.5
2026-09-02 02:51:20.152326,C-Scheme,30.7,7.23,5.74,419.8
2026-09-02 03:51:20.152326,C-Scheme,44.1,10.23,18.71,427.9
2026-09-02 04:51:20.152326,C-Scheme,30.2,9.27,19.01,413.4
2026-09-02 05:51:20.152326,C-Scheme,50.6,12.2,19.58,425.9
2026-09-02 06:51:20.152326,C-Scheme,41.4,9.68,21.22,424.8
2026-09-02 07:51:20.152326,C-Scheme,55.0,13.12,21.35,406.5
2026-09-02 08:51:20.152326,C-Scheme,46.1,10.17,20.91,446.0
2026-09-02 09:51:20.152326,C-Scheme,54.0,15.08,27.88,414.3
2026-09-02 10:51:20.152326,C-Scheme,29.2,6.36,9.36,409.1
2026-09-02 11:51:20.152326,C-Scheme,35.8,7.37,14.45,411.8
2026-09-02 12:51:20.152326,C-Scheme,27.9,8.73,14.45,410.3
2026-09-02 13:51:20.152326,C-Scheme,35.9,8.43,15.12,418.7
2026-09-02 14:51:20.152326,C-Scheme,29.7,3.7,8.24,407.3
2026-09-02 15:51:20.152326,C-Scheme,46.2,15.15,28.78,432.2
2026-09-02 16:51:20.152326,C-Scheme,46.9,8.35,19.4,409.4
2026-09-02 17:51:20.152326,C-Scheme,40.1,9.37,20.42,424.7
2026-09-02 18:51:20.152326,C-Scheme,42.1,9.01,14.71,411.7
2026-09-02 19:51:20.152326,C-Scheme,46.4,12.0,20.29,421.7
2026-09-02 20:51:20.152326,C-Scheme,35.1,7.44,10.63,419.1
2026-09-02 21:51:20.152326,C-Scheme,31.9,9.79,22.77,432.2
2026-09-02 22:51:20.152326,C-Scheme,42.4,9.5,12.17,443.5
2026-09-02 23:51:20.152326,C-Scheme,36.9,7.94,13.15,421.4
2026-09-03 00:51:20.152326,C-Scheme,40.8,10.07,20.36,391.6
2026-09-03 01:51:20.152326,C-Scheme,22.3,6.96,13.73,424.4
2026-09-03 02:51:20.152326,C-Scheme,35.3,9.51,18.22,419.5
2026-09-03 03:51:20.152326,C-Scheme,43.0,11.42,19.89,419.5
2026-09-03 04:51:20.152326,C-Scheme,25.2,3.64,6.5,406.1
2026-09-03 05:51:20.152326,C-Scheme,21.5,4.35,10.18,418.7
2026-09-03 06:51:20.152326,C-Scheme,26.5,4.04,8.58,431.0
2026-09-03 07:51:20.152326,C-Scheme,67.4,18.56,38.63,449.9
2026-09-03 08:51:20.152326,C-Scheme,57.2,14.23,21.75,433.4
2026-09-03 09:51:20.152326,C-Scheme,59.7,12.02,19.98,409.3
2026-09-03 10:51:20.152326,C-Scheme,29.6,7.61,15.32,426.0
2026-09-03 11:51:20.152326,C-Scheme,29.9,6.7,10.78,408.9
2026-09-03 12:51:20.152326,C-Scheme,38.2,7.85,15.65,387.7
2026-09-03 13:51:20.152326,C-Scheme,46.4,8.97,21.08,451.9
2026-09-03 14:51:20.152326,C-Scheme,44.6,8.25,13.67,428.9
2026-09-03 15:51:20.152326,C-Scheme,40.0,10.56,22.21,403.6
2026-09-03 16:51:20.152326,C-Scheme,52.7,17.35,34.48,434.3
2026-09-03 17:51:20.152326,C-Scheme,57.4,15.14,25.53,405.1
2026-09-03 18:51:20.152326,C-Scheme,39.1,10.65,21.92,416.8
2026-09-03 19:51:20.152326,C-Scheme,51.7,11.48,17.65,422.1
2026-09-03 20:51:20.152326,C-Scheme,34.1,5.21,8.12,440.2
2026-09-03 21:51:20.152326,C-Scheme,31.8,6.62,13.92,426.7
2026-09-03 22:51:20.152326,C-Scheme,30.8,10.24,16.99,405.6
2026-09-03 23:51:20.152326,C-Scheme,24.8,4.22,9.57,410.2
2026-09-04 00:51:20.152326,C-Scheme,30.3,6.87,16.5,408.6
2026-09-04 01:51:20.152326,C-Scheme,31.9,7.55,11.19,404.9
2026-09-04 02:51:20.152326,C-Scheme,26.0,3.46,4.93,389.8
2026-09-04 03:51:20.152326,C-Scheme,33.0,7.52,15.04,393.9
2026-09-04 04:51:20.152326,C-Scheme,47.1,10.36,15.31,407.5
2026-09-04 05:51:20.152326,C-Scheme,29.2,6.91,10.73,401.1
2026-09-04 06:51:20.152326,C-Scheme,36.5,9.37,20.67,419.1
2026-09-04 07:51:20.152326,C-Scheme,51.1,12.81,30.63,414.5
2026-09-04 08:51:20.152326,C-Scheme,51.9,14.56,24.75,444.8
2026-09-04 09:51:20.152326,C-Scheme,37.1,6.66,15.28,460.3
2026-09-04 10:51:20.152326,C-Scheme,30.3,8.08,16.19,418.5
2026-09-04 11:51:20.152326,C-Scheme,39.5,11.25,19.24,443.0
2026-09-04 12:51:20.152326,C-Scheme,30.9,5.84,14.07,417.0
2026-09-04 13:51:20.152326,C-Scheme,27.6,5.82,11.86,410.5
2026-09-04 14:51:20.152326,C-Scheme,27.3,5.2,3.93,440.8
2026-09-04 15:51:20.152326,C-Scheme,32.2,11.56,23.94,424.9
2026-09-04 16:51:20.152326,C-Scheme,57.3,14.86,29.06,440.0
2026-09-04 17:51:20.152326,C-Scheme,44.8,10.22,17.88,420.6
2026-09-04 18:51:20.152326,C-Scheme,36.6,9.08,20.6,414.2
2026-09-04 19:51:20.152326,C-Scheme,28.0,3.53,6.26,423.8
2026-09-04 20:51:20.152326,C-Scheme,21.3,2.68,4.04,397.0
2026-09-04 21:51:20.152326,C-Scheme,28.9,6.11,9.14,403.3
2026-09-04 22:51:20.152326,C-Scheme,21.1,7.37,11.86,400.5
2026-09-04 23:51:20.152326,C-Scheme,32.8,8.38,7.24,410.5
2026-09-05 00:51:20.152326,C-Scheme,44.7,11.37,22.9,425.5
2026-09-05 01:51:20.152326,C-Scheme,31.5,8.7,19.6,421.0
2026-09-05 02:51:20.152326,C-Scheme,30.6,6.08,9.29,417.1
2026-09-05 03:51:20.152326,C-Scheme,43.0,12.22,14.17,417.5
2026-09-05 04:51:20.152326,C-Scheme,39.1,9.79,19.37,424.1
2026-09-05 05:51:20.152326,C-Scheme,34.0,7.17,11.58,417.0
2026-09-05 06:51:20.152326,C-Scheme,31.8,6.04,6.31,420.4
2026-09-05 07:51:20.152326,C-Scheme,45.0,12.37,24.56,437.6
2026-09-05 08:51:20.152326,C-Scheme,47.6,10.26,20.81,432.4
2026-09-05 09:51:20.152326,C-Scheme,36.1,6.6,8.82,390.5
2026-09-05 10:51:20.152326,C-Scheme,45.6,10.09,11.25,405.5
2026-09-05 11:51:20.152326,C-Scheme,24.0,4.5,8.95,411.6
2026-09-05 12:51:20.152326,C-Scheme,25.7,7.36,9.98,427.5
2026-09-05 13:51:20.152326,C-Scheme,25.7,3.67,6.09,421.3
2026-09-05 14:51:20.152326,C-Scheme,38.9,8.77,21.25,389.3
2026-09-05 15:51:20.152326,C-Scheme,47.2,10.56,18.79,416.7
2026-09-05 16:51:20.152326,C-Scheme,58.3,14.91,29.85,422.4
2026-09-05 17:51:20.152326,C-Scheme,56.2,14.03,27.21,412.9
2026-09-05 18:51:20.152326,C-Scheme,38.3,6.35,10.37,415.9
2026-09-05 19:51:20.152326,C-Scheme,73.1,20.22,35.96,422.9
2026-09-05 20:51:20.152326,C-Scheme,45.6,11.08,17.22,401.6
2026-09-05 21:51:20.152326,C-Scheme,39.2,11.64,23.74,404.1
2026-09-05 22:51:20.152326,C-Scheme,27.3,3.27,9.73,417.1
2026-09-05 23:51:20.152326,C-Scheme,30.6,7.29,11.95,389.9
2026-09-06 00:51:20.152326,C-Scheme,45.9,10.93,21.08,446.0
2026-09-06 01:51:20.152326,C-Scheme,40.5,12.61,15.52,420.0
2026-09-06 02:51:20.152326,C-Scheme,32.5,9.49,14.0,426.3
2026-09-06 03:51:20.152326,C-Scheme,25.2,5.91,14.37,435.0
2026-09-06 04:51:20.152326,C-Scheme,36.9,7.17,10.64,405.0
2026-09-06 05:51:20.152326,C-Scheme,39.6,10.75,16.76,393.5
2026-09-06 06:51:20.152326,C-Scheme,39.4,9.69,21.75,424.9
2026-09-06 07:51:20.152326,C-Scheme,53.9,14.59,27.86,427.5
2026-09-06 08:51:20.152326,C-Scheme,63.8,15.06,23.29,431.9
2026-09-06 09:51:20.152326,C-Scheme,52.3,12.42,24.55,425.3
2026-09-06 10:51:20.152326,C-Scheme,27.4,2.76,6.6,419.3
2026-09-06 11:51:20.152326,C-Scheme,30.7,8.64,15.46,419.6
2026-09-06 12:51:20.152326,C-Scheme,45.5,10.79,17.36,390.5
2026-09-06 13:51:20.152326,C-Scheme,31.4,9.29,15.85,382.5
2026-09-06 14:51:20.152326,C-Scheme,41.8,8.08,14.24,404.7
2026-09-06 15:51:20.152326,C-Scheme,34.3,7.9,15.01,409.4
2026-09-06 16:51:20.152326,C-Scheme,40.7,11.23,20.47,405.3
2026-09-06 17:51:20.152326,C-Scheme,66.2,13.93,24.85,416.0
2026-09-06 18:51:20.152326,C-Scheme,44.8,6.67,17.57,419.7
2026-09-06 19:51:20.152326,C-Scheme,39.9,6.27,15.03,416.7
2026-09-06 20:51:20.152326,C-Scheme,26.5,6.46,7.36,419.5
2026-09-06 21:51:20.152326,C-Scheme,37.0,10.46,19.04,432.3
2026-09-06 22:51:20.152326,C-Scheme,29.5,5.99,11.33,421.8
2026-09-06 23:51:20.152326,C-Scheme,47.8,10.89,19.58,416.9
2026-09-07 00:51:20.152326,C-Scheme,38.2,10.07,21.73,403.9
2026-09-07 01:51:20.152326,C-Scheme,36.5,5.99,7.79,414.4
2026-09-07 02:51:20.152326,C-Scheme,22.7,1.71,3.83,423.1
2026-09-07 03:51:20.152326,C-Scheme,37.7,10.43,18.3,429.5
2026-09-07 04:51:20.152326,C-Scheme,31.4,8.27,20.68,395.6
2026-09-07 05:51:20.152326,C-Scheme,35.3,8.2,14.85,427.3
2026-09-07 06:51:20.152326,C-Scheme,39.1,7.98,14.62,442.6
2026-09-07 07:51:20.152326,C-Scheme,53.8,13.56,28.41,451.1
2026-09-07 08:51:20.152326,C-Scheme,50.5,13.82,25.64,448.5
2026-09-07 09:51:20.152326,C-Scheme,62.3,15.36,24.77,419.6
2026-09-07 10:51:20.152326,C-Scheme,42.0,12.6,27.27,390.1
2026-09-07 11:51:20.152326,C-Scheme,35.0,7.37,10.45,423.0
2026-09-07 12:51:20.152326,C-Scheme,32.0,8.51,18.75,414.2
2026-09-07 13:51:20.152326,C-Scheme,19.1,5.12,9.49,404.0
2026-09-07 14:51:20.152326,C-Scheme,38.1,6.7,18.76,428.5
2026-09-07 15:51:20.152326,C-Scheme,35.9,11.82,24.6,440.5
2026-09-07 16:51:20.152326,C-Scheme,29.3,7.82,12.42,394.5
2026-09-07 17:51:20.152326,C-Scheme,51.4,9.64,18.68,444.4
2026-09-07 18:51:20.152326,C-Scheme,58.3,15.43,31.19,428.9
2026-09-07 19:51:20.152326,C-Scheme,56.2,11.03,19.9,450.7
2026-09-07 20:51:20.152326,C-Scheme,23.2,5.99,9.9,405.6
2026-09-07 21:51:20.152326,C-Scheme,22.5,7.74,14.16,440.1
2026-09-07 22:51:20.152326,C-Scheme,48.4,12.1,21.97,410.8
2026-09-07 23:51:20.152326,C-Scheme,40.1,10.7,17.71,430.0
2026-09-08 00:51:20.152326,C-Scheme,33.2,10.18,18.34,419.3
2026-09-08 01:51:20.152326,C-Scheme,34.4,8.24,14.03,396.8
2026-09-08 02:51:20.152326,C-Scheme,29.6,6.1,15.29,400.1
2026-09-08 03:51:20.152326,C-Scheme,29.9,6.62,9.91,412.7
2026-09-08 04:51:20.152326,C-Scheme,26.8,2.55,2.59,394.9
2026-09-08 05:51:20.152326,C-Scheme,25.5,5.51,15.13,393.5
2026-09-08 06:51:20.152326,C-Scheme,49.2,10.61,20.89,447.2
2026-09-08 07:51:20.152326,C-Scheme,70.0,16.58,32.73,415.0
2026-09-08 08:51:20.152326,C-Scheme,50.7,9.66,13.55,407.1
2026-09-08 09:51:20.152326,C-Scheme,66.9,15.93,27.84,417.9
2026-09-08 10:51:20.152326,C-Scheme,29.6,4.34,7.46,414.4
2026-09-08 11:51:20.152326,C-Scheme,39.1,10.41,21.47,470.3
2026-09-08 12:51:20.152326,C-Scheme,31.6,7.01,11.34,412.2
2026-09-08 13:51:20.152326,C-Scheme,35.2,6.55,15.67,384.0
2026-09-08 14:51:20.152326,C-Scheme,35.4,11.62,25.08,436.6
2026-09-08 15:51:20.152326,C-Scheme,45.3,11.24,20.43,437.0
2026-09-08 16:51:20.152326,C-Scheme,45.9,12.82,21.58,422.1
2026-09-08 17:51:20.152326,C-Scheme,55.3,14.47,25.9,423.5
2026-09-08 18:51:20.152326,C-Scheme,36.9,8.77,15.22,422.5
2026-09-08 19:51:20.152326,C-Scheme,52.1,12.59,23.84,429.8
2026-09-08 20:51:20.152326,C-Scheme,30.4,6.65,12.05,434.9
2026-09-08 21:51:20.152326,C-Scheme,29.3,7.37,18.05,418.4
2026-09-08 22:51:20.152326,C-Scheme,33.2,6.29,15.85,428.1
2026-09-08 23:51:20.152326,C-Scheme,42.8,12.71,13.97,422.0
2026-09-09 00:51:20.152326,C-Scheme,37.8,12.66,20.6,435.3
2026-09-09 01:51:20.152326,C-Scheme,35.4,11.66,21.32,401.8
2026-09-09 02:51:20.152326,C-Scheme,34.1,8.67,12.99,416.8
2026-09-09 03:51:20.152326,C-Scheme,36.8,12.16,21.29,412.9
2026-09-09 04:51:20.152326,C-Scheme,32.8,5.09,5.05,437.8
2026-09-09 05:51:20.152326,C-Scheme,34.8,7.64,11.7,421.8
2026-09-09 06:51:20.152326,C-Scheme,46.0,10.97,15.85,422.3
2026-09-09 07:51:20.152326,C-Scheme,60.3,15.34,29.39,448.0
2026-09-09 08:51:20.152326,C-Scheme,51.3,12.97,23.09,399.5
2026-09-09 09:51:20.152326,C-Scheme,39.6,12.37,24.29,418.6
2026-09-09 10:51:20.152326,C-Scheme,34.2,10.87,18.27,406.3
2026-09-09 11:51:20.152326,C-Scheme,27.3,5.1,6.89,404.3
2026-09-09 12:51:20.152326,C-Scheme,34.9,10.87,19.24,421.1
2026-09-09 13:51:20.152326,C-Scheme,34.9,4.36,8.18,399.7
2026-09-09 14:51:20.152326,C-Scheme,45.9,14.6,27.51,441.0
2026-09-09 15:51:20.152326,C-Scheme,45.3,11.53,21.75,428.7
2026-09-09 16:51:20.152326,C-Scheme,35.3,10.08,22.95,412.7
2026-09-09 17:51:20.152326,C-Scheme,59.3,14.71,28.86,410.0
2026-09-09 18:51:20.152326,C-Scheme,54.5,12.81,27.13,424.8
2026-09-09 19:51:20.152326,C-Scheme,54.9,14.48,22.86,432.9
2026-09-09 20:51:20.152326,C-Scheme,35.1,9.59,18.28,421.5
2026-09-09 21:51:20.152326,C-Scheme,34.9,9.07,17.46,431.1
2026-09-09 22:51:20.152326,C-Scheme,12.2,0.55,3.93,420.5
2026-09-09 23:51:20.152326,C-Scheme,29.1,7.29,12.45,419.7
2026-09-10 00:51:20.152326,C-Scheme,33.5,10.85,19.39,438.9
2026-09-10 01:51:20.152326,C-Scheme,40.0,9.11,14.48,424.9
2026-09-10 02:51:20.152326,C-Scheme,30.3,8.22,16.66,412.5
2026-09-10 03:51:20.152326,C-Scheme,42.1,8.62,17.72,415.9
2026-09-10 04:51:20.152326,C-Scheme,34.3,8.49,16.14,412.4
2026-09-10 05:51:20.152326,C-Scheme,29.0,9.29,14.8,413.8
2026-09-10 06:51:20.152326,C-Scheme,25.7,7.02,16.9,406.8
2026-09-10 07:51:20.152326,C-Scheme,53.9,15.26,30.32,424.8
2026-09-10 08:51:20.152326,C-Scheme,56.4,15.13,29.56,433.8
2026-09-10 09:51:20.152326,C-Scheme,52.3,10.83,19.47,420.6
2026-09-10 10:51:20.152326,C-Scheme,31.8,5.24,10.24,398.6
2026-09-10 11:51:20.152326,C-Scheme,32.5,10.53,15.21,422.0
2026-09-10 12:51:20.152326,C-Scheme,39.7,7.42,16.08,423.0
2026-09-10 13:51:20.152326,C-Scheme,37.0,8.7,18.68,423.0
2026-09-10 14:51:20.152326,C-Scheme,33.9,6.87,12.44,410.0
2026-09-10 15:51:20.152326,C-Scheme,18.2,4.41,6.78,431.2
2026-09-10 16:51:20.152326,C-Scheme,33.6,6.81,10.05,423.8
2026-09-10 17:51:20.152326,C-Scheme,42.6,11.49,22.09,442.2
2026-09-10 18:51:20.152326,C-Scheme,41.8,8.26,19.36,419.7
2026-09-10 19:51:20.152326,C-Scheme,61.4,16.38,25.4,430.3
2026-09-10 20:51:20.152326,C-Scheme,36.0,7.46,6.62,430.3
2026-09-10 21:51:20.152326,C-Scheme,47.5,10.86,23.55,415.6
2026-09-10 22:51:20.152326,C-Scheme,45.0,12.82,21.5,432.0
2026-09-10 23:51:20.152326,C-Scheme,33.6,5.85,9.28,381.1
2026-09-11 00:51:20.152326,C-Scheme,34.0,6.29,10.95,417.5
2026-09-11 01:51:20.152326,C-Scheme,31.9,12.15,20.88,431.7
2026-09-11 02:51:20.152326,C-Scheme,36.3,11.35,19.29,399.1
2026-09-11 03:51:20.152326,C-Scheme,40.8,6.79,13.56,407.6
2026-09-11 04:51:20.152326,C-Scheme,35.9,7.7,13.6,390.0
2026-09-11 05:51:20.152326,C-Scheme,37.5,9.46,13.63,428.5
2026-09-11 06:51:20.152326,C-Scheme,33.3,7.53,17.49,408.7
2026-09-11 07:51:20.152326,C-Scheme,45.3,13.85,24.73,421.8
2026-09-11 08:51:20.152326,C-Scheme,53.0,14.46,23.99,423.7
2026-09-11 09:51:20.152326,C-Scheme,47.7,12.08,17.99,430.8
2026-09-11 10:51:20.152326,C-Scheme,32.0,5.72,15.21,421.1
2026-09-11 11:51:20.152326,C-Scheme,30.6,8.39,16.48,421.6
2026-09-11 12:51:20.152326,C-Scheme,34.3,6.8,11.78,428.9
2026-09-11 13:51:20.152326,C-Scheme,46.4,11.25,23.34,419.2
2026-09-11 14:51:20.152326,C-Scheme,36.8,6.25,11.7,419.2
2026-09-11 15:51:20.152326,C-Scheme,55.5,12.37,25.3,428.7
2026-09-11 16:51:20.152326,C-Scheme,29.3,4.15,12.36,435.8
2026-09-11 17:51:20.152326,C-Scheme,54.1,16.74,32.64,430.4
2026-09-11 18:51:20.152326,C-Scheme,55.5,11.68,21.93,429.2
2026-09-11 19:51:20.152326,C-Scheme,46.5,11.78,19.9,425.9
2026-09-11 20:51:20.152326,C-Scheme,33.2,8.7,17.33,392.8
2026-09-11 21:51:20.152326,C-Scheme,36.9,7.99,15.5,418.0
2026-09-11 22:51:20.152326,C-Scheme,37.5,10.98,22.79,416.8
2026-09-11 23:51:20.152326,C-Scheme,36.5,9.99,19.28,403.3
2026-09-12 00:51:20.152326,C-Scheme,24.4,2.04,5.43,387.8
2026-09-12 01:51:20.152326,C-Scheme,41.6,8.08,19.06,414.0
2026-09-12 02:51:20.152326,C-Scheme,34.4,12.07,23.57,422.8
2026-09-12 03:51:20.152326,C-Scheme,42.9,12.68,23.63,416.4
2026-09-12 04:51:20.152326,C-Scheme,42.3,11.33,23.26,437.1
2026-09-12 05:51:20.152326,C-Scheme,23.9,5.91,9.61,418.8
2026-09-12 06:51:20.152326,C-Scheme,24.7,6.09,5.87,438.6
2026-09-12 07:51:20.152326,C-Scheme,37.0,7.31,10.27,401.3
2026-09-12 08:51:20.152326,C-Scheme,56.2,16.14,33.06,443.9
2026-09-12 09:51:20.152326,C-Scheme,36.8,9.12,16.84,401.7
2026-09-12 10:51:20.152326,C-Scheme,35.3,10.63,20.94,427.8
2026-09-12 11:51:20.152326,C-Scheme,37.7,9.62,19.23,407.2
2026-09-12 12:51:20.152326,C-Scheme,40.6,7.75,15.7,415.6
2026-09-12 13:51:20.152326,C-Scheme,25.9,5.96,10.45,405.2
2026-09-12 14:51:20.152326,C-Scheme,48.8,12.97,24.79,418.1
2026-09-12 15:51:20.152326,C-Scheme,40.2,8.44,17.39,443.6
2026-09-12 16:51:20.152326,C-Scheme,43.6,8.77,14.16,411.3
2026-09-12 17:51:20.152326,C-Scheme,65.0,16.33,31.6,431.8
2026-09-12 18:51:20.152326,C-Scheme,44.6,9.65,18.49,410.6
2026-09-12 19:51:20.152326,C-Scheme,41.3,9.61,18.11,392.0
2026-09-12 20:51:20.152326,C-Scheme,14.9,0.05,1.7,408.5
2026-09-12 21:51:20.152326,C-Scheme,36.6,10.29,22.5,417.1
2026-09-12 22:51:20.152326,C-Scheme,26.0,6.11,10.14,415.8
2026-09-12 23:51:20.152326,C-Scheme,37.0,8.2,12.32,412.9
2026-09-13 00:51:20.152326,C-Scheme,36.5,9.95,14.39,399.4
2026-09-13 01:51:20.152326,C-Scheme,43.7,8.59,13.85,419.3
2026-09-13 02:51:20.152326,C-Scheme,39.6,7.32,9.9,404.5
2026-09-13 03:51:20.152326,C-Scheme,33.1,8.41,16.14,407.8
2026-09-13 04:51:20.152326,C-Scheme,20.6,3.27,11.01,409.8
2026-09-13 05:51:20.152326,C-Scheme,50.8,12.2,23.02,447.1
2026-09-13 06:51:20.152326,C-Scheme,21.6,5.7,11.9,403.6
2026-09-13 07:51:20.152326,C-Scheme,50.6,11.14,22.42,416.7
2026-09-13 08:51:20.152326,C-Scheme,47.0,11.32,23.0,422.2
2026-09-13 09:51:20.152326,C-Scheme,52.2,12.22,21.83,411.1
2026-09-13 10:51:20.152326,C-Scheme,37.8,6.64,11.13,411.7
2026-09-13 11:51:20.152326,C-Scheme,42.7,12.29,25.79,421.4
2026-09-13 12:51:20.152326,C-Scheme,31.1,7.73,11.33,406.0
2026-09-13 13:51:20.152326,C-Scheme,28.7,5.59,10.16,407.1
2026-09-13 14:51:20.152326,C-Scheme,32.9,7.39,14.22,436.5
2026-09-13 15:51:20.152326,C-Scheme,33.2,6.82,7.45,399.0
2026-09-13 16:51:20.152326,C-Scheme,44.3,6.57,12.8,427.9
2026-09-13 17:51:20.152326,C-Scheme,52.7,12.0,21.92,431.5
2026-09-13 18:51:20.152326,C-Scheme,46.7,10.53,22.2,433.0
2026-09-13 19:51:20.152326,C-Scheme,53.4,11.4,24.58,408.5
2026-09-13 20:51:20.152326,C-Scheme,39.2,10.55,26.03,418.8
2026-09-13 21:51:20.152326,C-Scheme,31.0,6.21,12.03,420.8
2026-09-13 22:51:20.152326,C-Scheme,40.9,9.11,17.45,437.7
2026-09-13 23:51:20.152326,C-Scheme,35.2,9.48,18.1,403.9
2026-09-14 00:51:20.152326,C-Scheme,37.4,5.01,7.2,417.9
2026-09-14 01:51:20.152326,C-Scheme,50.5,13.01,26.31,410.6
2026-09-14 02:51:20.152326,C-Scheme,31.7,6.03,8.67,449.7
2026-09-14 03:51:20.152326,C-Scheme,43.3,10.33,18.57,417.1
2026-09-14 04:51:20.152326,C-Scheme,21.3,6.24,10.25,410.0
2026-09-14 05:51:20.152326,C-Scheme,20.1,5.46,6.99,396.5
2026-09-14 06:51:20.152326,C-Scheme,27.1,7.24,16.87,417.4
2026-09-14 07:51:20.152326,C-Scheme,58.4,14.67,26.5,438.1
2026-09-14 08:51:20.152326,C-Scheme,61.0,16.09,34.15,419.1
2026-09-14 09:51:20.152326,C-Scheme,49.2,12.69,26.76,437.8
2026-09-14 10:51:20.152326,C-Scheme,50.5,12.99,19.69,426.3
2026-09-14 11:51:20.152326,C-Scheme,56.5,14.33,30.96,424.4
2026-09-14 12:51:20.152326,C-Scheme,31.2,5.78,13.86,412.3
2026-09-14 13:51:20.152326,C-Scheme,24.0,6.0,9.4,436.4
2026-09-14 14:51:20.152326,C-Scheme,35.2,11.05,23.47,417.8
2026-09-14 15:51:20.152326,C-Scheme,28.3,9.11,16.26,429.5
2026-09-14 16:51:20.152326,C-Scheme,42.4,10.67,16.39,416.6
2026-09-14 17:51:20.152326,C-Scheme,44.4,10.14,19.3,444.6
2026-09-14 18:51:20.152326,C-Scheme,61.7,13.97,26.4,444.5
2026-09-14 19:51:20.152326,C-Scheme,46.4,12.52,25.03,443.1
2026-09-14 20:51:20.152326,C-Scheme,27.5,6.4,10.5,414.0
2026-09-14 21:51:20.152326,C-Scheme,29.1,4.33,9.88,417.6
2026-09-14 22:51:20.152326,C-Scheme,27.5,2.76,6.02,404.4
2026-09-14 23:51:20.152326,C-Scheme,22.6,4.55,8.69,415.6
2026-09-15 00:51:20.152326,C-Scheme,34.5,4.88,8.62,429.6
2026-09-15 01:51:20.152326,C-Scheme,46.2,12.31,21.86,385.4
2026-09-15 02:51:20.152326,C-Scheme,30.2,6.47,15.42,423.2
2026-09-15 03:51:20.152326,C-Scheme,31.5,7.28,14.3,422.0
2026-09-15 04:51:20.152326,C-Scheme,41.0,10.96,20.66,425.0
2026-09-15 05:51:20.152326,C-Scheme,14.1,4.5,8.11,431.4
2026-09-15 06:51:20.152326,C-Scheme,42.1,10.33,20.8,382.6
2026-09-15 07:51:20.152326,C-Scheme,42.5,7.18,14.3,425.6
2026-09-15 08:51:20.152326,C-Scheme,59.1,13.15,20.93,435.8
2026-09-15 09:51:20.152326,C-Scheme,45.9,11.55,17.02,398.9
2026-09-15 10:51:20.152326,C-Scheme,49.6,13.75,28.81,446.7
2026-09-15 11:51:20.152326,C-Scheme,31.2,6.35,18.37,433.6
2026-09-15 12:51:20.152326,C-Scheme,55.2,15.73,28.45,437.0
2026-09-15 13:51:20.152326,C-Scheme,27.7,8.03,17.67,401.9
2026-09-15 14:51:20.152326,C-Scheme,35.8,12.26,19.67,410.8
2026-09-15 15:51:20.152326,C-Scheme,38.2,6.62,2.76,413.4
2026-09-15 16:51:20.152326,C-Scheme,39.1,6.87,7.22,441.9
2026-09-15 17:51:20.152326,C-Scheme,43.4,12.08,19.04,420.5
2026-09-15 18:51:20.152326,C-Scheme,56.5,13.56,22.83,425.6
2026-09-15 19:51:20.152326,C-Scheme,47.7,15.77,32.21,422.0
2026-09-15 20:51:20.152326,C-Scheme,44.9,13.0,25.71,411.5
2026-09-15 21:51:20.152326,C-Scheme,35.8,8.31,18.17,410.6
2026-09-15 22:51:20.152326,C-Scheme,42.1,9.48,19.19,401.0
2026-09-15 23:51:20.152326,C-Scheme,23.3,5.46,5.7,406.4
2026-09-16 00:51:20.152326,C-Scheme,30.3,9.54,19.01,387.2
2026-09-16 01:51:20.152326,C-Scheme,40.9,7.86,12.0,425.4
2026-09-16 02:51:20.152326,C-Scheme,35.7,9.42,18.72,425.4
2026-09-16 03:51:20.152326,C-Scheme,29.9,5.34,11.34,418.2
2026-09-16 04:51:20.152326,C-Scheme,31.5,8.4,22.14,422.0
2026-09-16 05:51:20.152326,C-Scheme,32.2,7.56,16.51,430.9
2026-09-16 06:51:20.152326,C-Scheme,33.2,4.94,2.52,412.6
2026-09-16 07:51:20.152326,C-Scheme,58.6,15.14,29.54,423.2
2026-09-16 08:51:20.152326,C-Scheme,56.2,10.88,17.34,403.1
2026-09-16 09:51:20.152326,C-Scheme,63.3,16.36,34.08,455.0
2026-09-16 10:51:20.152326,C-Scheme,32.0,7.18,9.8,425.2
2026-09-16 11:51:20.152326,C-Scheme,37.2,10.61,20.92,429.3
2026-09-16 12:51:20.152326,C-Scheme,38.4,8.43,13.69,437.2
2026-09-16 13:51:20.152326,C-Scheme,29.7,6.87,15.08,410.9
2026-09-16 14:51:20.152326,C-Scheme,45.3,9.6,16.81,419.9
2026-09-16 15:51:20.152326,C-Scheme,25.1,4.67,11.47,380.0
2026-09-16 16:51:20.152326,C-Scheme,32.4,6.06,7.52,425.5
2026-09-16 17:51:20.152326,C-Scheme,54.7,13.66,25.23,423.0
2026-09-16 18:51:20.152326,C-Scheme,40.7,7.07,21.88,425.0
2026-09-16 19:51:20.152326,C-Scheme,46.1,12.62,23.42,415.8
2026-09-16 20:51:20.152326,C-Scheme,37.1,11.84,20.47,420.1
2026-09-16 21:51:20.152326,C-Scheme,39.5,11.34,19.39,415.5
2026-09-16 22:51:20.152326,C-Scheme,21.1,2.1,0.47,394.7
2026-09-16 23:51:20.152326,C-Scheme,38.3,9.2,11.36,426.1
2026-09-17 00:51:20.152326,C-Scheme,42.1,10.42,15.77,393.7
2026-09-17 01:51:20.152326,C-Scheme,41.7,9.94,16.77,431.4
2026-09-17 02:51:20.152326,C-Scheme,35.3,10.79,19.73,437.0
2026-09-17 03:51:20.152326,C-Scheme,49.6,12.96,23.0,433.6
2026-09-17 04:51:20.152326,C-Scheme,35.2,6.55,16.56,421.9
2026-09-17 05:51:20.152326,C-Scheme,22.2,4.97,14.47,406.3
2026-09-17 06:51:20.152326,C-Scheme,32.7,7.43,18.13,397.1
2026-09-17 07:51:20.152326,C-Scheme,38.8,8.61,18.71,408.3
2026-09-17 08:51:20.152326,C-Scheme,43.5,9.53,21.61,413.1
2026-09-17 09:51:20.152326,C-Scheme,58.7,12.56,22.23,447.6
2026-09-17 10:51:20.152326,C-Scheme,36.5,8.14,10.82,421.4
2026-09-17 11:51:20.152326,C-Scheme,27.5,4.78,12.18,409.1
2026-09-17 12:51:20.152326,C-Scheme,28.8,7.84,12.22,428.4
2026-09-17 13:51:20.152326,C-Scheme,34.4,9.0,19.65,418.0
2026-09-17 14:51:20.152326,C-Scheme,33.8,8.7,19.11,411.1
2026-09-17 15:51:20.152326,C-Scheme,33.9,6.02,8.93,405.3
2026-09-17 16:51:20.152326,C-Scheme,18.8,3.61,6.24,427.3
2026-09-17 17:51:20.152326,C-Scheme,53.2,15.1,26.55,444.6
2026-09-17 18:51:20.152326,C-Scheme,33.6,8.69,9.67,453.5
2026-09-17 19:51:20.152326,C-Scheme,51.6,12.15,25.93,416.9
2026-09-17 20:51:20.152326,C-Scheme,36.6,9.5,12.9,427.3
2026-09-17 21:51:20.152326,C-Scheme,36.8,6.57,11.61,414.3
2026-09-17 22:51:20.152326,C-Scheme,26.8,8.67,22.15,413.3
2026-09-17 23:51:20.152326,C-Scheme,25.9,6.78,12.31,423.4
2026-09-18 00:51:20.152326,C-Scheme,38.9,10.1,18.0,433.9
2026-09-18 01:51:20.152326,C-Scheme,26.3,7.58,12.38,412.6
2026-09-18 02:51:20.152326,C-Scheme,40.5,9.6,20.18,440.7
2026-09-18 03:51:20.152326,C-Scheme,38.1,7.45,13.86,422.7
2026-09-18 04:51:20.152326,C-Scheme,31.7,9.14,13.53,409.1
2026-09-18 05:51:20.152326,C-Scheme,37.7,11.8,20.76,415.7
2026-09-18 06:51:20.152326,C-Scheme,40.2,8.64,16.06,413.4
2026-09-18 07:51:20.152326,C-Scheme,39.0,6.42,12.11,431.2
2026-09-18 08:51:20.152326,C-Scheme,54.4,17.37,33.34,426.2
2026-09-18 09:51:20.152326,C-Scheme,49.6,11.06,21.09,438.3
2026-09-18 10:51:20.152326,C-Scheme,45.4,10.15,19.9,410.7
2026-09-18 11:51:20.152326,C-Scheme,38.7,7.86,18.95,412.1
2026-09-18 12:51:20.152326,C-Scheme,44.4,8.77,16.88,420.3
2026-09-18 13:51:20.152326,C-Scheme,48.8,8.23,20.96,431.7
2026-09-18 14:51:20.152326,C-Scheme,23.4,6.16,11.66,396.5
2026-09-18 15:51:20.152326,C-Scheme,30.9,4.85,8.3,397.0
2026-09-18 16:51:20.152326,C-Scheme,39.0,11.63,21.14,413.9
2026-09-18 17:51:20.152326,C-Scheme,36.4,9.6,12.95,405.7
2026-09-18 18:51:20.152326,C-Scheme,47.4,12.67,17.28,457.7
2026-09-18 19:51:20.152326,C-Scheme,46.5,11.39,20.48,397.3
2026-09-18 20:51:20.152326,C-Scheme,34.3,7.0,11.68,396.7
2026-09-18 21:51:20.152326,C-Scheme,44.6,9.79,17.65,440.0
2026-09-18 22:51:20.152326,C-Scheme,37.4,9.39,14.64,435.1
2026-09-18 23:51:20.152326,C-Scheme,39.6,8.62,17.52,431.0
2026-09-19 00:51:20.152326,C-Scheme,34.4,7.49,16.13,419.5
2026-09-19 01:51:20.152326,C-Scheme,32.3,7.94,16.64,435.5
2026-09-19 02:51:20.152326,C-Scheme,38.0,10.81,16.36,434.2
2026-09-19 03:51:20.152326,C-Scheme,27.8,7.09,14.67,404.5
2026-09-19 04:51:20.152326,C-Scheme,28.2,6.84,9.0,414.4
2026-09-19 05:51:20.152326,C-Scheme,16.6,6.59,14.19,392.4
2026-09-19 06:51:20.152326,C-Scheme,37.9,8.6,17.68,408.4
2026-09-19 07:51:20.152326,C-Scheme,34.5,10.04,17.93,407.4
2026-09-19 08:51:20.152326,C-Scheme,50.2,15.96,27.23,424.5
2026-09-19 09:51:20.152326,C-Scheme,53.0,11.12,23.86,424.7
2026-09-19 10:51:20.152326,C-Scheme,44.7,10.21,17.84,436.0
2026-09-19 11:51:20.152326,C-Scheme,31.2,6.34,12.36,431.5
2026-09-19 12:51:20.152326,C-Scheme,30.4,10.49,20.74,414.5
2026-09-19 13:51:20.152326,C-Scheme,33.5,6.74,4.53,421.3
2026-09-19 14:51:20.152326,C-Scheme,50.0,7.99,18.49,435.6
2026-09-19 15:51:20.152326,C-Scheme,32.8,7.22,12.36,404.7
2026-09-19 16:51:20.152326,C-Scheme,26.4,6.22,14.16,429.5
2026-09-19 17:51:20.152326,C-Scheme,54.3,12.66,23.32,451.3
2026-09-19 18:51:20.152326,C-Scheme,57.6,14.07,25.86,418.2
2026-09-19 19:51:20.152326,C-Scheme,43.3,12.84,27.01,455.0
2026-09-19 20:51:20.152326,C-Scheme,36.6,12.15,22.16,419.6
2026-09-19 21:51:20.152326,C-Scheme,41.1,7.46,12.73,420.9
2026-09-19 22:51:20.152326,C-Scheme,28.4,4.72,11.58,408.5
2026-09-19 23:51:20.152326,C-Scheme,25.0,4.9,6.05,407.0
2026-09-20 00:51:20.152326,C-Scheme,45.9,8.79,14.06,398.5
2026-09-20 01:51:20.152326,C-Scheme,27.1,4.55,6.76,422.2
2026-09-20 02:51:20.152326,C-Scheme,24.7,4.54,6.37,444.6
2026-09-20 03:51:20.152326,C-Scheme,24.1,5.86,12.82,415.7
2026-09-20 04:51:20.152326,C-Scheme,33.6,6.94,14.86,394.3
2026-09-20 05:51:20.152326,C-Scheme,32.6,4.76,8.87,416.5
2026-09-20 06:51:20.152326,C-Scheme,26.4,13.15,25.19,392.4
2026-09-20 07:51:20.152326,C-Scheme,45.9,9.57,21.81,435.2
2026-09-20 08:51:20.152326,C-Scheme,48.7,9.47,9.46,430.2
2026-09-20 09:51:20.152326,C-Scheme,46.4,10.14,17.92,415.3
2026-09-20 10:51:20.152326,C-Scheme,35.2,10.82,16.94,417.2
2026-09-20 11:51:20.152326,C-Scheme,35.9,7.44,12.3,389.4
2026-09-20 12:51:20.152326,C-Scheme,32.6,7.14,12.57,427.5
2026-09-20 13:51:20.152326,C-Scheme,37.7,7.4,12.01,399.8
2026-09-20 14:51:20.152326,C-Scheme,44.8,12.98,24.56,418.0
2026-09-20 15:51:20.152326,C-Scheme,42.6,9.21,8.96,450.3
2026-09-20 16:51:20.152326,C-Scheme,34.4,8.58,10.11,426.4
2026-09-20 17:51:20.152326,C-Scheme,50.0,13.37,23.2,415.1
2026-09-20 18:51:20.152326,C-Scheme,43.6,9.76,18.65,418.6
2026-09-20 19:51:20.152326,C-Scheme,38.5,11.13,25.04,455.6
2026-09-20 20:51:20.152326,C-Scheme,36.2,7.8,10.73,414.6
2026-09-20 21:51:20.152326,C-Scheme,40.2,9.97,17.5,409.2
2026-09-20 22:51:20.152326,C-Scheme,28.2,6.25,9.03,422.2
2026-09-20 23:51:20.152326,C-Scheme,40.8,8.71,18.58,411.1
2026-09-21 00:51:20.152326,C-Scheme,40.8,10.2,16.64,453.5
2026-09-21 01:51:20.152326,C-Scheme,37.4,8.97,18.57,418.8
2026-09-21 02:51:20.152326,C-Scheme,24.5,7.57,15.12,432.6
2026-09-21 03:51:20.152326,C-Scheme,27.7,8.81,14.34,404.9
2026-09-21 04:51:20.152326,C-Scheme,38.6,12.13,19.87,410.3
2026-09-21 05:51:20.152326,C-Scheme,32.2,8.8,15.59,417.1
2026-09-21 06:51:20.152326,C-Scheme,36.8,11.06,20.41,407.6
2026-09-21 07:51:20.152326,C-Scheme,47.5,13.43,20.29,408.2
2026-09-21 08:51:20.152326,C-Scheme,45.5,11.4,17.85,413.8
2026-09-21 09:51:20.152326,C-Scheme,42.1,10.65,19.37,442.6
2026-09-21 10:51:20.152326,C-Scheme,49.2,12.28,23.25,425.3
2026-09-21 11:51:20.152326,C-Scheme,31.9,9.92,18.25,437.7
2026-09-21 12:51:20.152326,C-Scheme,49.2,13.82,25.63,410.4
2026-09-21 13:51:20.152326,C-Scheme,47.7,13.56,26.13,434.2
2026-09-21 14:51:20.152326,C-Scheme,24.6,6.7,6.74,383.4
2026-09-21 15:51:20.152326,C-Scheme,44.8,8.98,11.04,397.9
2026-09-21 16:51:20.152326,C-Scheme,38.9,10.98,23.48,417.3
2026-09-21 17:51:20.152326,C-Scheme,50.0,12.83,22.2,414.6
2026-09-21 18:51:20.152326,C-Scheme,67.0,15.14,29.4,449.3
2026-09-21 19:51:20.152326,C-Scheme,45.4,11.33,16.04,415.4
2026-09-21 20:51:20.152326,C-Scheme,35.5,7.76,14.98,421.3
2026-09-21 21:51:20.152326,C-Scheme,36.0,9.39,14.97,439.5
2026-09-21 22:51:20.152326,C-Scheme,26.5,6.94,17.72,380.0
2026-09-21 23:51:20.152326,C-Scheme,25.9,6.66,10.86,390.8
2026-09-22 00:51:20.152326,C-Scheme,50.0,13.32,18.35,439.7
2026-09-22 01:51:20.152326,C-Scheme,28.5,9.21,16.77,422.6
2026-09-22 02:51:20.152326,C-Scheme,48.2,10.83,22.08,441.7
2026-09-22 03:51:20.152326,C-Scheme,35.7,11.63,21.65,423.7
2026-09-22 04:51:20.152326,C-Scheme,53.1,13.59,22.45,434.0
2026-09-22 05:51:20.152326,C-Scheme,34.6,8.64,14.22,434.9
2026-09-22 06:51:20.152326,C-Scheme,41.8,8.46,16.39,428.3
2026-09-22 07:51:20.152326,C-Scheme,65.0,17.3,29.77,430.1
2026-09-22 08:51:20.152326,C-Scheme,39.4,9.43,19.28,434.1
2026-09-22 09:51:20.152326,C-Scheme,55.0,13.49,23.0,432.1
2026-09-22 10:51:20.152326,C-Scheme,38.4,9.51,20.82,420.8
2026-09-22 11:51:20.152326,C-Scheme,45.8,14.38,25.07,407.1
2026-09-22 12:51:20.152326,C-Scheme,36.3,7.95,18.14,422.5
2026-09-22 13:51:20.152326,C-Scheme,56.5,17.37,28.07,438.4
2026-09-22 14:51:20.152326,C-Scheme,29.8,5.17,9.5,405.1
2026-09-22 15:51:20.152326,C-Scheme,44.0,8.86,15.79,428.0
2026-09-22 16:51:20.152326,C-Scheme,28.4,6.67,10.58,410.3
2026-09-22 17:51:20.152326,C-Scheme,40.7,8.48,12.56,417.2
2026-09-22 18:51:20.152326,C-Scheme,49.2,10.67,23.27,422.8
2026-09-22 19:51:20.152326,C-Scheme,34.0,6.25,15.99,446.5
2026-09-22 20:51:20.152326,C-Scheme,14.6,1.99,4.2,395.4
2026-09-22 21:51:20.152326,C-Scheme,40.4,12.06,28.83,428.8
2026-09-22 22:51:20.152326,C-Scheme,27.2,4.51,11.35,396.6
2026-09-22 23:51:20.152326,C-Scheme,47.0,9.11,10.69,415.6
2026-09-23 00:51:20.152326,C-Scheme,42.4,9.37,16.96,418.1
2026-09-23 01:51:20.152326,C-Scheme,39.9,5.6,18.29,429.9
2026-09-23 02:51:20.152326,C-Scheme,30.0,8.94,16.09,432.7
2026-09-23 03:51:20.152326,C-Scheme,49.8,14.0,22.3,422.8
2026-09-23 04:51:20.152326,C-Scheme,35.5,6.37,14.22,407.4
2026-09-23 05:51:20.152326,C-Scheme,33.2,6.73,15.87,421.0
2026-09-23 06:51:20.152326,C-Scheme,45.7,10.42,22.88,422.4
2026-09-23 07:51:20.152326,C-Scheme,46.9,8.23,17.85,432.8
2026-09-23 08:51:20.152326,C-Scheme,39.5,10.78,21.59,430.3
2026-09-23 09:51:20.152326,C-Scheme,41.6,8.96,15.18,448.7
2026-09-23 10:51:20.152326,C-Scheme,22.4,5.68,11.8,429.0
2026-09-23 11:51:20.152326,C-Scheme,36.0,6.3,13.42,412.3
2026-09-23 12:51:20.152326,C-Scheme,32.7,6.98,5.88,402.4
2026-09-23 13:51:20.152326,C-Scheme,25.9,6.19,11.75,412.3
2026-09-23 14:51:20.152326,C-Scheme,30.1,7.92,16.93,422.0
2026-09-23 15:51:20.152326,C-Scheme,34.4,7.73,21.3,404.0
2026-09-23 16:51:20.152326,C-Scheme,36.6,5.65,7.52,397.2
2026-09-23 17:51:20.152326,C-Scheme,48.7,14.27,22.81,404.4
2026-09-23 18:51:20.152326,C-Scheme,43.2,11.42,20.8,413.1
2026-09-23 19:51:20.152326,C-Scheme,66.2,14.34,29.92,425.1
2026-09-23 20:51:20.152326,C-Scheme,36.7,8.78,13.73,408.5
2026-09-23 21:51:20.152326,C-Scheme,33.9,3.0,6.87,409.7
2026-09-23 22:51:20.152326,C-Scheme,38.9,13.88,29.72,419.4
2026-09-23 23:51:20.152326,C-Scheme,33.9,7.82,12.14,428.2
2026-09-24 00:51:20.152326,C-Scheme,37.5,10.17,21.03,414.3
2026-09-24 01:51:20.152326,C-Scheme,42.1,13.43,22.25,411.6
2026-09-24 02:51:20.152326,C-Scheme,31.0,7.91,16.1,394.6
2026-09-24 03:51:20.152326,C-Scheme,34.7,8.83,15.86,407.3
2026-09-24 04:51:20.152326,C-Scheme,31.9,10.35,25.32,416.2
2026-09-24 05:51:20.152326,C-Scheme,26.4,1.02,0.37,436.3
2026-09-24 06:51:20.152326,C-Scheme,33.9,9.07,13.28,414.5
2026-09-24 07:51:20.152326,C-Scheme,44.8,11.81,18.47,432.1
2026-09-24 08:51:20.152326,C-Scheme,45.7,10.42,19.29,412.9
2026-09-24 09:51:20.152326,C-Scheme,42.9,11.04,18.49,400.0
2026-09-24 10:51:20.152326,C-Scheme,34.7,7.45,17.85,409.9
2026-09-24 11:51:20.152326,C-Scheme,30.2,6.86,15.86,411.4
2026-09-24 12:51:20.152326,C-Scheme,29.2,6.89,15.5,404.4
2026-09-24 13:51:20.152326,C-Scheme,33.8,7.86,16.67,393.1
2026-09-24 14:51:20.152326,C-Scheme,45.3,11.3,22.37,386.5
2026-09-24 15:51:20.152326,C-Scheme,28.7,7.98,13.96,428.0
2026-09-24 16:51:20.152326,C-Scheme,45.0,8.02,8.63,413.3
2026-09-24 17:51:20.152326,C-Scheme,48.8,12.77,26.26,442.9
2026-09-24 18:51:20.152326,C-Scheme,46.8,12.7,22.6,425.8
2026-09-24 19:51:20.152326,C-Scheme,49.9,12.81,26.56,442.1
2026-09-24 20:51:20.152326,C-Scheme,37.8,6.91,14.48,434.7
2026-09-24 21:51:20.152326,C-Scheme,48.4,13.81,29.05,450.5
2026-06-26 22:51:20.152326,Vaishali Nagar,75.2,16.85,29.73,413.9
2026-06-26 23:51:20.152326,Vaishali Nagar,82.4,18.6,33.78,444.7
2026-06-27 00:51:20.152326,Vaishali Nagar,82.8,19.57,36.72,460.8
2026-06-27 01:51:20.152326,Vaishali Nagar,99.3,26.56,48.43,433.2
2026-06-27 02:51:20.152326,Vaishali Nagar,72.7,16.58,31.59,425.4
2026-06-27 03:51:20.152326,Vaishali Nagar,88.0,20.63,39.62,435.0
2026-06-27 04:51:20.152326,Vaishali Nagar,79.6,21.2,40.26,428.0
2026-06-27 05:51:20.152326,Vaishali Nagar,82.1,20.26,38.89,406.2
2026-06-27 06:51:20.152326,Vaishali Nagar,89.1,24.35,45.33,442.4
2026-06-27 07:51:20.152326,Vaishali Nagar,115.1,26.64,41.79,451.3
2026-06-27 08:51:20.152326,Vaishali Nagar,88.3,19.66,37.2,434.8
2026-06-27 09:51:20.152326,Vaishali Nagar,91.8,23.14,41.0,452.0
2026-06-27 10:51:20.152326,Vaishali Nagar,81.0,22.86,42.55,431.9
2026-06-27 11:51:20.152326,Vaishali Nagar,69.2,15.62,34.09,427.8
2026-06-27 12:51:20.152326,Vaishali Nagar,78.3,26.24,51.5,434.4
2026-06-27 13:51:20.152326,Vaishali Nagar,83.2,20.18,36.8,431.0
2026-06-27 14:51:20.152326,Vaishali Nagar,86.2,21.4,38.04,434.1
2026-06-27 15:51:20.152326,Vaishali Nagar,86.3,21.53,38.73,455.3
2026-06-27 16:51:20.152326,Vaishali Nagar,82.4,18.59,34.84,417.2
2026-06-27 17:51:20.152326,Vaishali Nagar,99.8,25.47,51.91,426.0
2026-06-27 18:51:20.152326,Vaishali Nagar,90.2,21.82,39.46,476.3
2026-06-27 19:51:20.152326,Vaishali Nagar,93.1,19.76,33.88,470.3
2026-06-27 20:51:20.152326,Vaishali Nagar,75.2,19.44,32.71,432.4
2026-06-27 21:51:20.152326,Vaishali Nagar,93.7,27.41,55.49,449.5
2026-06-27 22:51:20.152326,Vaishali Nagar,79.3,16.01,35.25,470.4
2026-06-27 23:51:20.152326,Vaishali Nagar,93.7,23.59,38.27,464.8
2026-06-28 00:51:20.152326,Vaishali Nagar,79.5,18.62,36.48,443.6
2026-06-28 01:51:20.152326,Vaishali Nagar,80.3,15.99,27.41,424.3
2026-06-28 02:51:20.152326,Vaishali Nagar,97.7,22.19,44.1,450.6
2026-06-28 03:51:20.152326,Vaishali Nagar,72.3,19.11,40.55,414.7
2026-06-28 04:51:20.152326,Vaishali Nagar,84.7,19.13,31.6,446.9
2026-06-28 05:51:20.152326,Vaishali Nagar,83.4,22.92,39.44,459.3
2026-06-28 06:51:20.152326,Vaishali Nagar,96.7,21.4,35.64,473.4
2026-06-28 07:51:20.152326,Vaishali Nagar,105.2,23.1,43.88,443.2
2026-06-28 08:51:20.152326,Vaishali Nagar,83.5,17.54,34.17,441.1
2026-06-28 09:51:20.152326,Vaishali Nagar,101.7,23.57,48.08,457.7
2026-06-28 10:51:20.152326,Vaishali Nagar,81.7,17.58,36.52,444.3
2026-06-28 11:51:20.152326,Vaishali Nagar,84.3,19.78,32.98,462.9
2026-06-28 12:51:20.152326,Vaishali Nagar,87.8,23.23,46.11,423.3
2026-06-28 13:51:20.152326,Vaishali Nagar,72.5,13.35,20.46,415.1
2026-06-28 14:51:20.152326,Vaishali Nagar,90.4,19.38,33.86,435.8
2026-06-28 15:51:20.152326,Vaishali Nagar,64.3,16.74,31.63,441.2
2026-06-28 16:51:20.152326,Vaishali Nagar,92.8,22.49,43.23,429.7
2026-06-28 17:51:20.152326,Vaishali Nagar,100.3,23.95,42.87,455.7
2026-06-28 18:51:20.152326,Vaishali Nagar,88.8,20.34,38.1,453.8
2026-06-28 19:51:20.152326,Vaishali Nagar,100.7,22.08,41.4,445.3
2026-06-28 20:51:20.152326,Vaishali Nagar,69.3,17.34,29.84,429.8
2026-06-28 21:51:20.152326,Vaishali Nagar,96.4,24.97,48.23,439.7
2026-06-28 22:51:20.152326,Vaishali Nagar,86.9,22.08,46.15,422.5
2026-06-28 23:51:20.152326,Vaishali Nagar,92.2,24.13,43.89,446.2
2026-06-29 00:51:20.152326,Vaishali Nagar,84.1,23.34,41.4,437.5
2026-06-29 01:51:20.152326,Vaishali Nagar,81.9,20.66,34.23,461.4
2026-06-29 02:51:20.152326,Vaishali Nagar,84.1,19.78,36.63,418.4
2026-06-29 03:51:20.152326,Vaishali Nagar,72.0,19.92,31.87,455.1
2026-06-29 04:51:20.152326,Vaishali Nagar,81.3,21.39,35.46,441.7
2026-06-29 05:51:20.152326,Vaishali Nagar,88.7,23.22,40.01,440.8
2026-06-29 06:51:20.152326,Vaishali Nagar,94.8,22.85,44.0,454.0
2026-06-29 07:51:20.152326,Vaishali Nagar,100.3,25.73,52.03,418.4
2026-06-29 08:51:20.152326,Vaishali Nagar,89.7,22.08,39.03,442.1
2026-06-29 09:51:20.152326,Vaishali Nagar,99.6,23.85,44.65,458.5
2026-06-29 10:51:20.152326,Vaishali Nagar,77.3,15.95,27.35,435.5
2026-06-29 11:51:20.152326,Vaishali Nagar,60.1,15.79,27.72,417.3
2026-06-29 12:51:20.152326,Vaishali Nagar,82.3,19.33,38.06,454.6
2026-06-29 13:51:20.152326,Vaishali Nagar,90.8,17.47,35.88,427.8
2026-06-29 14:51:20.152326,Vaishali Nagar,80.0,16.91,25.5,468.5
2026-06-29 15:51:20.152326,Vaishali Nagar,88.5,18.39,33.75,428.6
2026-06-29 16:51:20.152326,Vaishali Nagar,76.1,19.84,40.13,457.5
2026-06-29 17:51:20.152326,Vaishali Nagar,93.3,21.84,41.28,453.7
2026-06-29 18:51:20.152326,Vaishali Nagar,101.2,24.08,50.07,431.7
2026-06-29 19:51:20.152326,Vaishali Nagar,106.5,26.64,53.61,460.2
2026-06-29 20:51:20.152326,Vaishali Nagar,78.1,15.64,30.91,430.6
2026-06-29 21:51:20.152326,Vaishali Nagar,83.4,18.68,42.34,447.4
2026-06-29 22:51:20.152326,Vaishali Nagar,78.7,12.06,18.24,440.1
2026-06-29 23:51:20.152326,Vaishali Nagar,80.8,20.39,38.77,454.4
2026-06-30 00:51:20.152326,Vaishali Nagar,76.6,17.85,29.36,454.4
2026-06-30 01:51:20.152326,Vaishali Nagar,87.6,24.66,47.09,427.0
2026-06-30 02:51:20.152326,Vaishali Nagar,89.1,21.35,42.99,457.8
2026-06-30 03:51:20.152326,Vaishali Nagar,87.3,23.92,41.51,429.5
2026-06-30 04:51:20.152326,Vaishali Nagar,81.2,21.62,41.08,420.6
2026-06-30 05:51:20.152326,Vaishali Nagar,102.3,20.79,41.63,443.8
2026-06-30 06:51:20.152326,Vaishali Nagar,88.0,20.94,37.69,449.8
2026-06-30 07:51:20.152326,Vaishali Nagar,100.3,22.85,41.13,458.4
2026-06-30 08:51:20.152326,Vaishali Nagar,104.2,26.79,47.77,456.6
2026-06-30 09:51:20.152326,Vaishali Nagar,96.3,24.05,45.73,432.0
2026-06-30 10:51:20.152326,Vaishali Nagar,83.9,22.23,44.43,429.1
2026-06-30 11:51:20.152326,Vaishali Nagar,89.5,21.02,36.42,422.8
2026-06-30 12:51:20.152326,Vaishali Nagar,86.3,20.73,41.68,431.3
2026-06-30 13:51:20.152326,Vaishali Nagar,98.2,22.59,43.68,446.2
2026-06-30 14:51:20.152326,Vaishali Nagar,77.2,19.01,30.66,432.1
2026-06-30 15:51:20.152326,Vaishali Nagar,85.4,17.42,30.2,468.0
2026-06-30 16:51:20.152326,Vaishali Nagar,87.3,24.18,38.69,436.4
2026-06-30 17:51:20.152326,Vaishali Nagar,91.3,19.55,38.79,455.2
2026-06-30 18:51:20.152326,Vaishali Nagar,89.9,19.88,42.25,442.2
2026-06-30 19:51:20.152326,Vaishali Nagar,114.1,28.47,52.38,435.6
2026-06-30 20:51:20.152326,Vaishali Nagar,93.5,22.36,46.23,436.1
2026-06-30 21:51:20.152326,Vaishali Nagar,86.2,23.17,43.88,439.3
2026-06-30 22:51:20.152326,Vaishali Nagar,81.7,15.64,27.84,440.3
2026-06-30 23:51:20.152326,Vaishali Nagar,87.6,24.14,50.2,470.9
2026-07-01 00:51:20.152326,Vaishali Nagar,95.5,20.7,36.72,441.9
2026-07-01 01:51:20.152326,Vaishali Nagar,84.3,21.73,37.19,466.2
2026-07-01 02:51:20.152326,Vaishali Nagar,74.6,16.79,28.08,423.6
2026-07-01 03:51:20.152326,Vaishali Nagar,78.2,17.28,34.04,444.2
2026-07-01 04:51:20.152326,Vaishali Nagar,84.6,19.81,40.49,445.3
2026-07-01 05:51:20.152326,Vaishali Nagar,81.4,21.01,38.98,435.6
2026-07-01 06:51:20.152326,Vaishali Nagar,82.4,21.8,40.83,461.6
2026-07-01 07:51:20.152326,Vaishali Nagar,103.1,29.08,55.69,459.4
2026-07-01 08:51:20.152326,Vaishali Nagar,92.9,24.18,39.99,467.4
2026-07-01 09:51:20.152326,Vaishali Nagar,88.9,19.18,34.2,464.0
2026-07-01 10:51:20.152326,Vaishali Nagar,87.5,21.18,39.53,440.4
2026-07-01 11:51:20.152326,Vaishali Nagar,84.4,20.66,36.52,442.1
2026-07-01 12:51:20.152326,Vaishali Nagar,81.0,22.71,42.11,465.4
2026-07-01 13:51:20.152326,Vaishali Nagar,97.7,24.8,44.39,476.8
2026-07-01 14:51:20.152326,Vaishali Nagar,80.1,21.31,40.82,408.1
2026-07-01 15:51:20.152326,Vaishali Nagar,68.1,16.86,28.08,417.8
2026-07-01 16:51:20.152326,Vaishali Nagar,91.1,22.81,43.63,467.9
2026-07-01 17:51:20.152326,Vaishali Nagar,81.1,19.48,39.56,443.7
2026-07-01 18:51:20.152326,Vaishali Nagar,89.6,23.59,45.52,429.3
2026-07-01 19:51:20.152326,Vaishali Nagar,102.5,26.84,54.77,437.1
2026-07-01 20:51:20.152326,Vaishali Nagar,81.5,18.47,37.6,440.7
2026-07-01 21:51:20.152326,Vaishali Nagar,71.2,13.77,22.65,423.6
2026-07-01 22:51:20.152326,Vaishali Nagar,91.0,23.3,39.39,434.5
2026-07-01 23:51:20.152326,Vaishali Nagar,86.0,23.58,45.87,459.1
2026-07-02 00:51:20.152326,Vaishali Nagar,80.1,19.83,38.2,439.4
2026-07-02 01:51:20.152326,Vaishali Nagar,88.5,23.11,43.85,431.1
2026-07-02 02:51:20.152326,Vaishali Nagar,75.0,15.98,32.17,473.0
2026-07-02 03:51:20.152326,Vaishali Nagar,69.1,22.17,40.2,449.3
2026-07-02 04:51:20.152326,Vaishali Nagar,90.0,23.3,46.34,455.5
2026-07-02 05:51:20.152326,Vaishali Nagar,92.8,21.22,38.65,440.6
2026-07-02 06:51:20.152326,Vaishali Nagar,84.3,19.44,33.47,441.8
2026-07-02 07:51:20.152326,Vaishali Nagar,86.1,16.18,35.79,451.3
2026-07-02 08:51:20.152326,Vaishali Nagar,92.9,24.18,39.45,428.8
2026-07-02 09:51:20.152326,Vaishali Nagar,90.6,20.39,40.26,443.4
2026-07-02 10:51:20.152326,Vaishali Nagar,70.8,21.39,37.5,441.9
2026-07-02 11:51:20.152326,Vaishali Nagar,87.3,22.09,40.55,434.2
2026-07-02 12:51:20.152326,Vaishali Nagar,83.1,23.48,47.09,448.0
2026-07-02 13:51:20.152326,Vaishali Nagar,78.4,15.71,31.92,427.6
2026-07-02 14:51:20.152326,Vaishali Nagar,82.3,19.9,39.38,453.7
2026-07-02 15:51:20.152326,Vaishali Nagar,74.2,17.58,33.36,455.0
2026-07-02 16:51:20.152326,Vaishali Nagar,81.3,16.45,30.51,462.2
2026-07-02 17:51:20.152326,Vaishali Nagar,85.5,21.96,44.52,470.1
2026-07-02 18:51:20.152326,Vaishali Nagar,95.8,23.5,46.34,474.0
2026-07-02 19:51:20.152326,Vaishali Nagar,102.0,25.1,44.47,438.4
2026-07-02 20:51:20.152326,Vaishali Nagar,73.8,19.96,33.37,429.6
2026-07-02 21:51:20.152326,Vaishali Nagar,76.6,19.98,36.6,468.3
2026-07-02 22:51:20.152326,Vaishali Nagar,94.0,22.91,41.63,425.0
2026-07-02 23:51:20.152326,Vaishali Nagar,70.1,14.5,27.13,441.3
2026-07-03 00:51:20.152326,Vaishali Nagar,88.2,26.07,46.74,427.5
2026-07-03 01:51:20.152326,Vaishali Nagar,75.0,16.09,34.04,437.0
2026-07-03 02:51:20.152326,Vaishali Nagar,80.0,20.74,39.11,428.3
2026-07-03 03:51:20.152326,Vaishali Nagar,74.0,16.84,27.75,422.9
2026-07-03 04:51:20.152326,Vaishali Nagar,92.2,22.41,37.18,468.9
2026-07-03 05:51:20.152326,Vaishali Nagar,91.8,18.84,35.32,451.5
2026-07-03 06:51:20.152326,Vaishali Nagar,89.0,24.42,44.69,457.8
2026-07-03 07:51:20.152326,Vaishali Nagar,110.0,26.01,54.04,451.6
2026-07-03 08:51:20.152326,Vaishali Nagar,90.8,18.95,36.63,445.6
2026-07-03 09:51:20.152326,Vaishali Nagar,109.7,28.8,57.24,438.3
2026-07-03 10:51:20.152326,Vaishali Nagar,91.4,22.45,38.12,430.3
2026-07-03 11:51:20.152326,Vaishali Nagar,84.1,24.47,36.37,451.7
2026-07-03 12:51:20.152326,Vaishali Nagar,68.6,15.95,27.36,411.3
2026-07-03 13:51:20.152326,Vaishali Nagar,68.9,19.47,38.4,432.9
2026-07-03 14:51:20.152326,Vaishali Nagar,101.7,26.55,49.65,447.8
2026-07-03 15:51:20.152326,Vaishali Nagar,96.6,20.18,35.68,450.8
2026-07-03 16:51:20.152326,Vaishali Nagar,87.8,20.06,41.35,446.9
2026-07-03 17:51:20.152326,Vaishali Nagar,97.3,22.11,41.12,452.1
2026-07-03 18:51:20.152326,Vaishali Nagar,90.1,21.18,43.35,461.1
2026-07-03 19:51:20.152326,Vaishali Nagar,79.0,20.0,32.03,448.6
2026-07-03 20:51:20.152326,Vaishali Nagar,74.0,21.62,41.93,436.1
2026-07-03 21:51:20.152326,Vaishali Nagar,73.6,19.0,32.44,418.8
2026-07-03 22:51:20.152326,Vaishali Nagar,89.8,18.68,37.32,465.6
2026-07-03 23:51:20.152326,Vaishali Nagar,95.1,20.36,39.04,433.3
2026-07-04 00:51:20.152326,Vaishali Nagar,69.7,17.23,34.54,445.1
2026-07-04 01:51:20.152326,Vaishali Nagar,82.9,19.09,35.53,447.7
2026-07-04 02:51:20.152326,Vaishali Nagar,88.6,21.14,37.53,469.4
2026-07-04 03:51:20.152326,Vaishali Nagar,88.5,21.09,46.03,465.3
2026-07-04 04:51:20.152326,Vaishali Nagar,81.1,19.79,29.66,447.5
2026-07-04 05:51:20.152326,Vaishali Nagar,85.9,19.64,30.8,443.8
2026-07-04 06:51:20.152326,Vaishali Nagar,86.6,21.09,44.36,451.6
2026-07-04 07:51:20.152326,Vaishali Nagar,110.2,31.02,61.0,437.4
2026-07-04 08:51:20.152326,Vaishali Nagar,107.9,23.53,39.87,454.9
2026-07-04 09:51:20.152326,Vaishali Nagar,95.2,20.63,38.01,450.6
2026-07-04 10:51:20.152326,Vaishali Nagar,87.4,21.17,38.43,470.0
2026-07-04 11:51:20.152326,Vaishali Nagar,75.4,17.31,31.59,457.1
2026-07-04 12:51:20.152326,Vaishali Nagar,72.4,16.22,31.44,465.8
2026-07-04 13:51:20.152326,Vaishali Nagar,86.1,21.37,32.51,452.8
2026-07-04 14:51:20.152326,Vaishali Nagar,82.0,21.61,36.73,442.0
2026-07-04 15:51:20.152326,Vaishali Nagar,91.0,20.85,35.26,466.9
2026-07-04 16:51:20.152326,Vaishali Nagar,83.2,18.78,36.99,453.1
2026-07-04 17:51:20.152326,Vaishali Nagar,102.7,24.17,42.71,472.2
2026-07-04 18:51:20.152326,Vaishali Nagar,87.8,20.81,35.75,429.1
2026-07-04 19:51:20.152326,Vaishali Nagar,95.4,21.73,43.58,459.7
2026-07-04 20:51:20.152326,Vaishali Nagar,83.6,20.87,38.74,431.0
2026-07-04 21:51:20.152326,Vaishali Nagar,76.6,15.1,27.02,441.9
2026-07-04 22:51:20.152326,Vaishali Nagar,76.1,17.57,36.28,464.5
2026-07-04 23:51:20.152326,Vaishali Nagar,88.9,21.68,42.7,420.5
2026-07-05 00:51:20.152326,Vaishali Nagar,75.1,16.89,30.98,444.6
2026-07-05 01:51:20.152326,Vaishali Nagar,81.3,19.78,40.23,457.5
2026-07-05 02:51:20.152326,Vaishali Nagar,83.9,21.74,40.92,455.5
2026-07-05 03:51:20.152326,Vaishali Nagar,100.1,24.46,42.58,457.9
2026-07-05 04:51:20.152326,Vaishali Nagar,76.9,23.85,41.18,441.7
2026-07-05 05:51:20.152326,Vaishali Nagar,87.0,23.38,43.36,451.4
2026-07-05 06:51:20.152326,Vaishali Nagar,95.0,25.25,47.82,425.9
2026-07-05 07:51:20.152326,Vaishali Nagar,90.7,19.66,34.25,421.3
2026-07-05 08:51:20.152326,Vaishali Nagar,97.3,19.66,37.29,462.7
2026-07-05 09:51:20.152326,Vaishali Nagar,87.0,24.29,46.29,448.9
2026-07-05 10:51:20.152326,Vaishali Nagar,89.5,20.02,36.0,449.8
2026-07-05 11:51:20.152326,Vaishali Nagar,67.2,19.39,34.93,410.1
2026-07-05 12:51:20.152326,Vaishali Nagar,86.1,21.96,44.07,444.1
2026-07-05 13:51:20.152326,Vaishali Nagar,89.3,26.26,45.27,434.3
2026-07-05 14:51:20.152326,Vaishali Nagar,76.9,19.21,35.03,438.1
2026-07-05 15:51:20.152326,Vaishali Nagar,69.5,14.89,27.67,427.1
2026-07-05 16:51:20.152326,Vaishali Nagar,77.3,20.38,45.27,406.4
2026-07-05 17:51:20.152326,Vaishali Nagar,85.6,19.35,37.14,430.9
2026-07-05 18:51:20.152326,Vaishali Nagar,95.9,24.01,45.25,436.9
2026-07-05 19:51:20.152326,Vaishali Nagar,89.9,21.96,39.31,434.6
2026-07-05 20:51:20.152326,Vaishali Nagar,91.9,21.68,39.27,482.2
2026-07-05 21:51:20.152326,Vaishali Nagar,87.7,22.89,44.44,456.6
2026-07-05 22:51:20.152326,Vaishali Nagar,89.2,19.71,33.08,426.9
2026-07-05 23:51:20.152326,Vaishali Nagar,70.2,16.87,25.93,454.6
2026-07-06 00:51:20.152326,Vaishali Nagar,90.8,23.3,41.33,418.9
2026-07-06 01:51:20.152326,Vaishali Nagar,78.5,18.31,39.24,438.4
2026-07-06 02:51:20.152326,Vaishali Nagar,65.6,15.09,31.03,423.9
2026-07-06 03:51:20.152326,Vaishali Nagar,78.8,15.76,31.12,417.0
2026-07-06 04:51:20.152326,Vaishali Nagar,89.0,22.97,38.76,452.3
2026-07-06 05:51:20.152326,Vaishali Nagar,91.4,19.42,39.97,435.3
2026-07-06 06:51:20.152326,Vaishali Nagar,86.4,24.91,42.19,433.3
2026-07-06 07:51:20.152326,Vaishali Nagar,93.7,26.17,49.25,465.5
2026-07-06 08:51:20.152326,Vaishali Nagar,98.1,24.14,46.87,447.3
2026-07-06 09:51:20.152326,Vaishali Nagar,94.2,20.5,38.01,442.8
2026-07-06 10:51:20.152326,Vaishali Nagar,91.5,23.57,47.84,439.2
2026-07-06 11:51:20.152326,Vaishali Nagar,99.0,24.56,46.09,453.5
2026-07-06 12:51:20.152326,Vaishali Nagar,64.4,17.79,33.21,449.2
2026-07-06 13:51:20.152326,Vaishali Nagar,66.7,15.32,28.17,415.9
2026-07-06 14:51:20.152326,Vaishali Nagar,71.6,16.77,30.34,449.9
2026-07-06 15:51:20.152326,Vaishali Nagar,91.3,23.64,44.28,421.3
2026-07-06 16:51:20.152326,Vaishali Nagar,79.8,15.68,29.24,455.6
2026-07-06 17:51:20.152326,Vaishali Nagar,103.3,24.93,46.1,431.5
2026-07-06 18:51:20.152326,Vaishali Nagar,89.8,21.8,41.91,442.2
2026-07-06 19:51:20.152326,Vaishali Nagar,102.0,26.67,51.9,461.9
2026-07-06 20:51:20.152326,Vaishali Nagar,93.4,22.7,43.43,438.4
2026-07-06 21:51:20.152326,Vaishali Nagar,83.0,21.75,40.93,432.2
2026-07-06 22:51:20.152326,Vaishali Nagar,84.1,23.97,44.36,427.0
2026-07-06 23:51:20.152326,Vaishali Nagar,86.1,20.2,35.44,446.0
2026-07-07 00:51:20.152326,Vaishali Nagar,67.7,16.27,29.93,429.8
2026-07-07 01:51:20.152326,Vaishali Nagar,77.4,17.38,34.1,442.4
2026-07-07 02:51:20.152326,Vaishali Nagar,83.4,17.41,33.47,414.5
2026-07-07 03:51:20.152326,Vaishali Nagar,71.0,18.71,32.35,446.4
2026-07-07 04:51:20.152326,Vaishali Nagar,84.5,17.94,30.37,420.9
2026-07-07 05:51:20.152326,Vaishali Nagar,71.6,19.68,34.94,426.9
2026-07-07 06:51:20.152326,Vaishali Nagar,88.6,20.16,41.28,442.7
2026-07-07 07:51:20.152326,Vaishali Nagar,96.0,22.83,40.69,416.7
2026-07-07 08:51:20.152326,Vaishali Nagar,99.8,24.58,42.39,436.6
2026-07-07 09:51:20.152326,Vaishali Nagar,96.5,20.58,40.69,449.2
2026-07-07 10:51:20.152326,Vaishali Nagar,79.4,15.47,31.69,421.5
2026-07-07 11:51:20.152326,Vaishali Nagar,77.0,18.39,34.17,431.9
2026-07-07 12:51:20.152326,Vaishali Nagar,77.1,16.83,31.66,436.2
2026-07-07 13:51:20.152326,Vaishali Nagar,86.4,20.79,36.77,425.1
2026-07-07 14:51:20.152326,Vaishali Nagar,84.8,24.45,48.96,466.8
2026-07-07 15:51:20.152326,Vaishali Nagar,92.3,20.96,37.48,436.2
2026-07-07 16:51:20.152326,Vaishali Nagar,91.6,22.62,41.71,468.7
2026-07-07 17:51:20.152326,Vaishali Nagar,107.8,23.96,45.46,487.8
2026-07-07 18:51:20.152326,Vaishali Nagar,106.3,26.71,53.57,452.1
2026-07-07 19:51:20.152326,Vaishali Nagar,88.6,20.43,40.0,451.5
2026-07-07 20:51:20.152326,Vaishali Nagar,85.2,20.36,34.22,447.3
2026-07-07 21:51:20.152326,Vaishali Nagar,78.5,16.21,24.89,473.3
2026-07-07 22:51:20.152326,Vaishali Nagar,91.6,24.08,44.49,421.9
2026-07-07 23:51:20.152326,Vaishali Nagar,88.1,20.83,36.77,436.5
2026-07-08 00:51:20.152326,Vaishali Nagar,106.0,27.98,51.93,447.1
2026-07-08 01:51:20.152326,Vaishali Nagar,60.9,18.51,36.39,434.2
2026-07-08 02:51:20.152326,Vaishali Nagar,88.5,18.93,35.09,451.7
2026-07-08 03:51:20.152326,Vaishali Nagar,95.7,23.49,43.49,438.2
2026-07-08 04:51:20.152326,Vaishali Nagar,86.0,20.18,36.98,443.6
2026-07-08 05:51:20.152326,Vaishali Nagar,78.7,16.35,32.76,441.6
2026-07-08 06:51:20.152326,Vaishali Nagar,82.5,20.93,40.85,445.2
2026-07-08 07:51:20.152326,Vaishali Nagar,92.4,18.29,31.75,447.6
2026-07-08 08:51:20.152326,Vaishali Nagar,92.1,24.2,43.33,437.4
2026-07-08 09:51:20.152326,Vaishali Nagar,98.3,22.2,39.34,444.9
2026-07-08 10:51:20.152326,Vaishali Nagar,74.2,17.01,28.32,439.8
2026-07-08 11:51:20.152326,Vaishali Nagar,66.2,18.28,37.84,429.2
2026-07-08 12:51:20.152326,Vaishali Nagar,92.3,19.76,33.27,466.1
2026-07-08 13:51:20.152326,Vaishali Nagar,80.7,17.41,28.05,462.4
2026-07-08 14:51:20.152326,Vaishali Nagar,84.4,21.62,42.62,443.1
2026-07-08 15:51:20.152326,Vaishali Nagar,88.3,16.65,32.78,455.8
2026-07-08 16:51:20.152326,Vaishali Nagar,73.2,24.07,44.73,418.0
2026-07-08 17:51:20.152326,Vaishali Nagar,99.6,23.98,39.24,466.8
2026-07-08 18:51:20.152326,Vaishali Nagar,95.1,24.26,43.3,445.3
2026-07-08 19:51:20.152326,Vaishali Nagar,104.3,24.75,48.08,459.8
2026-07-08 20:51:20.152326,Vaishali Nagar,72.1,14.85,26.77,447.1
2026-07-08 21:51:20.152326,Vaishali Nagar,84.7,23.48,41.39,464.2
2026-07-08 22:51:20.152326,Vaishali Nagar,92.1,24.38,42.79,452.9
2026-07-08 23:51:20.152326,Vaishali Nagar,90.8,24.31,40.87,440.1
2026-07-09 00:51:20.152326,Vaishali Nagar,78.0,17.05,29.91,447.5
2026-07-09 01:51:20.152326,Vaishali Nagar,91.6,20.23,48.76,459.7
2026-07-09 02:51:20.152326,Vaishali Nagar,75.0,20.59,36.68,489.7
2026-07-09 03:51:20.152326,Vaishali Nagar,81.1,18.34,31.06,407.7
2026-07-09 04:51:20.152326,Vaishali Nagar,90.7,23.89,44.89,439.1
2026-07-09 05:51:20.152326,Vaishali Nagar,89.8,20.64,37.96,438.4
2026-07-09 06:51:20.152326,Vaishali Nagar,87.1,20.44,35.14,439.9
2026-07-09 07:51:20.152326,Vaishali Nagar,89.5,24.11,48.89,422.8
2026-07-09 08:51:20.152326,Vaishali Nagar,91.4,22.95,42.3,444.4
2026-07-09 09:51:20.152326,Vaishali Nagar,98.1,24.82,48.74,457.0
2026-07-09 10:51:20.152326,Vaishali Nagar,79.5,14.54,30.79,461.0
2026-07-09 11:51:20.152326,Vaishali Nagar,83.9,20.3,35.35,442.5
2026-07-09 12:51:20.152326,Vaishali Nagar,82.8,20.3,32.19,462.0
2026-07-09 13:51:20.152326,Vaishali Nagar,90.3,22.19,47.02,442.5
2026-07-09 14:51:20.152326,Vaishali Nagar,92.6,23.62,45.39,426.7
2026-07-09 15:51:20.152326,Vaishali Nagar,72.1,24.28,45.85,412.9
2026-07-09 16:51:20.152326,Vaishali Nagar,91.4,21.73,38.38,449.9
2026-07-09 17:51:20.152326,Vaishali Nagar,83.7,19.07,38.26,428.7
2026-07-09 18:51:20.152326,Vaishali Nagar,93.5,25.93,53.87,453.8
2026-07-09 19:51:20.152326,Vaishali Nagar,104.0,24.5,45.96,442.5
2026-07-09 20:51:20.152326,Vaishali Nagar,87.1,19.93,39.13,458.4
2026-07-09 21:51:20.152326,Vaishali Nagar,101.6,21.13,45.09,475.7
2026-07-09 22:51:20.152326,Vaishali Nagar,81.7,23.57,43.29,464.2
2026-07-09 23:51:20.152326,Vaishali Nagar,73.8,21.88,41.2,428.1
2026-07-10 00:51:20.152326,Vaishali Nagar,85.3,22.89,40.87,455.0
2026-07-10 01:51:20.152326,Vaishali Nagar,83.3,16.34,32.87,416.9
2026-07-10 02:51:20.152326,Vaishali Nagar,80.1,18.89,34.9,429.3
2026-07-10 03:51:20.152326,Vaishali Nagar,79.2,23.11,42.5,438.8
2026-07-10 04:51:20.152326,Vaishali Nagar,85.4,17.89,33.55,433.7
2026-07-10 05:51:20.152326,Vaishali Nagar,82.3,20.61,39.85,432.7
2026-07-10 06:51:20.152326,Vaishali Nagar,87.4,21.07,35.7,425.9
2026-07-10 07:51:20.152326,Vaishali Nagar,104.7,21.28,37.99,443.8
2026-07-10 08:51:20.152326,Vaishali Nagar,110.2,29.32,51.83,423.9
2026-07-10 09:51:20.152326,Vaishali Nagar,99.6,22.3,44.08,447.6
2026-07-10 10:51:20.152326,Vaishali Nagar,70.1,20.76,40.35,428.4
2026-07-10 11:51:20.152326,Vaishali Nagar,80.7,19.31,30.74,429.0
2026-07-10 12:51:20.152326,Vaishali Nagar,82.5,17.05,30.05,434.8
2026-07-10 13:51:20.152326,Vaishali Nagar,87.8,24.04,47.08,437.7
2026-07-10 14:51:20.152326,Vaishali Nagar,74.4,17.24,30.97,438.1
2026-07-10 15:51:20.152326,Vaishali Nagar,99.4,24.31,45.76,471.7
2026-07-10 16:51:20.152326,Vaishali Nagar,100.2,26.0,48.85,453.2
2026-07-10 17:51:20.152326,Vaishali Nagar,86.1,20.53,34.49,440.6
2026-07-10 18:51:20.152326,Vaishali Nagar,97.6,25.14,43.82,455.8
2026-07-10 19:51:20.152326,Vaishali Nagar,89.4,21.29,42.25,463.3
2026-07-10 20:51:20.152326,Vaishali Nagar,81.4,21.93,40.74,424.3
2026-07-10 21:51:20.152326,Vaishali Nagar,85.7,21.86,37.84,472.5
2026-07-10 22:51:20.152326,Vaishali Nagar,95.4,22.35,41.62,436.3
2026-07-10 23:51:20.152326,Vaishali Nagar,90.7,22.56,43.57,448.0
2026-07-11 00:51:20.152326,Vaishali Nagar,92.6,20.77,37.73,463.4
2026-07-11 01:51:20.152326,Vaishali Nagar,85.3,22.55,41.74,465.1
2026-07-11 02:51:20.152326,Vaishali Nagar,85.7,21.67,34.05,446.9
2026-07-11 03:51:20.152326,Vaishali Nagar,82.1,18.78,32.9,448.1
2026-07-11 04:51:20.152326,Vaishali Nagar,104.3,26.12,47.33,458.4
2026-07-11 05:51:20.152326,Vaishali Nagar,73.4,17.23,29.77,412.8
2026-07-11 06:51:20.152326,Vaishali Nagar,88.5,24.3,41.81,427.7
2026-07-11 07:51:20.152326,Vaishali Nagar,99.6,23.43,43.18,442.6
2026-07-11 08:51:20.152326,Vaishali Nagar,91.0,20.6,36.92,424.9
2026-07-11 09:51:20.152326,Vaishali Nagar,99.8,25.43,48.37,442.6
2026-07-11 10:51:20.152326,Vaishali Nagar,80.5,17.27,30.6,455.5
2026-07-11 11:51:20.152326,Vaishali Nagar,81.1,19.63,36.38,409.3
2026-07-11 12:51:20.152326,Vaishali Nagar,63.5,13.81,20.15,440.7
2026-07-11 13:51:20.152326,Vaishali Nagar,62.4,12.95,26.27,462.0
2026-07-11 14:51:20.152326,Vaishali Nagar,77.3,19.57,34.38,424.5
2026-07-11 15:51:20.152326,Vaishali Nagar,79.0,17.48,32.03,423.8
2026-07-11 16:51:20.152326,Vaishali Nagar,79.9,16.21,26.58,453.2
2026-07-11 17:51:20.152326,Vaishali Nagar,104.7,28.15,53.22,455.4
2026-07-11 18:51:20.152326,Vaishali Nagar,95.7,21.68,40.79,445.8
2026-07-11 19:51:20.152326,Vaishali Nagar,97.8,19.93,31.22,486.0
2026-07-11 20:51:20.152326,Vaishali Nagar,75.9,17.99,34.3,422.7
2026-07-11 21:51:20.152326,Vaishali Nagar,82.1,21.41,34.92,434.5
2026-07-11 22:51:20.152326,Vaishali Nagar,77.3,19.04,33.1,442.2
2026-07-11 23:51:20.152326,Vaishali Nagar,97.2,25.61,46.47,463.2
2026-07-12 00:51:20.152326,Vaishali Nagar,96.6,21.16,37.64,458.4
2026-07-12 01:51:20.152326,Vaishali Nagar,81.4,17.49,28.25,451.6
2026-07-12 02:51:20.152326,Vaishali Nagar,83.4,20.71,43.57,446.8
2026-07-12 03:51:20.152326,Vaishali Nagar,94.2,19.42,35.41,435.3
2026-07-12 04:51:20.152326,Vaishali Nagar,73.0,18.64,33.94,409.3
2026-07-12 05:51:20.152326,Vaishali Nagar,87.8,23.58,46.51,443.5
2026-07-12 06:51:20.152326,Vaishali Nagar,83.0,18.54,32.4,416.8
2026-07-12 07:51:20.152326,Vaishali Nagar,100.4,28.52,49.63,448.5
2026-07-12 08:51:20.152326,Vaishali Nagar,104.3,25.23,47.24,449.8
2026-07-12 09:51:20.152326,Vaishali Nagar,95.6,25.69,45.05,433.3
2026-07-12 10:51:20.152326,Vaishali Nagar,85.0,21.72,39.02,446.9
2026-07-12 11:51:20.152326,Vaishali Nagar,88.1,23.68,40.9,434.1
2026-07-12 12:51:20.152326,Vaishali Nagar,77.3,17.59,33.72,432.4
2026-07-12 13:51:20.152326,Vaishali Nagar,84.0,16.46,32.78,435.0
2026-07-12 14:51:20.152326,Vaishali Nagar,76.3,15.27,25.92,440.0
2026-07-12 15:51:20.152326,Vaishali Nagar,85.5,18.78,41.72,438.6
2026-07-12 16:51:20.152326,Vaishali Nagar,94.5,20.02,35.48,425.2
2026-07-12 17:51:20.152326,Vaishali Nagar,85.6,22.33,38.76,460.2
2026-07-12 18:51:20.152326,Vaishali Nagar,97.1,24.69,55.69,436.8
2026-07-12 19:51:20.152326,Vaishali Nagar,92.6,23.53,47.08,453.8
2026-07-12 20:51:20.152326,Vaishali Nagar,95.1,20.82,31.54,447.6
2026-07-12 21:51:20.152326,Vaishali Nagar,85.6,19.01,33.21,430.3
2026-07-12 22:51:20.152326,Vaishali Nagar,92.4,24.24,45.61,445.0
2026-07-12 23:51:20.152326,Vaishali Nagar,83.3,18.82,39.95,429.4
2026-07-13 00:51:20.152326,Vaishali Nagar,87.9,21.94,44.49,432.6
2026-07-13 01:51:20.152326,Vaishali Nagar,72.2,17.23,34.53,430.3
2026-07-13 02:51:20.152326,Vaishali Nagar,74.9,19.72,37.27,468.0
2026-07-13 03:51:20.152326,Vaishali Nagar,70.8,17.26,28.13,442.4
2026-07-13 04:51:20.152326,Vaishali Nagar,77.1,20.76,35.4,460.9
2026-07-13 05:51:20.152326,Vaishali Nagar,90.9,23.04,46.68,432.7
2026-07-13 06:51:20.152326,Vaishali Nagar,64.5,15.42,31.72,441.9
2026-07-13 07:51:20.152326,Vaishali Nagar,96.1,22.87,43.05,423.3
2026-07-13 08:51:20.152326,Vaishali Nagar,98.9,24.73,44.2,463.3
2026-07-13 09:51:20.152326,Vaishali Nagar,107.6,24.73,43.48,446.5
2026-07-13 10:51:20.152326,Vaishali Nagar,91.8,20.53,39.76,455.7
2026-07-13 11:51:20.152326,Vaishali Nagar,97.8,18.16,39.07,463.8
2026-07-13 12:51:20.152326,Vaishali Nagar,73.8,18.41,35.28,442.2
2026-07-13 13:51:20.152326,Vaishali Nagar,81.6,19.54,45.11,469.2
2026-07-13 14:51:20.152326,Vaishali Nagar,80.0,17.88,32.84,446.3
2026-07-13 15:51:20.152326,Vaishali Nagar,87.0,21.68,42.05,461.6
2026-07-13 16:51:20.152326,Vaishali Nagar,78.9,20.17,36.55,453.3
2026-07-13 17:51:20.152326,Vaishali Nagar,106.5,29.07,56.31,451.1
2026-07-13 18:51:20.152326,Vaishali Nagar,85.3,18.54,34.26,425.9
2026-07-13 19:51:20.152326,Vaishali Nagar,99.2,22.17,42.34,457.0
2026-07-13 20:51:20.152326,Vaishali Nagar,87.2,20.27,34.05,447.6
2026-07-13 21:51:20.152326,Vaishali Nagar,74.2,17.8,37.94,466.0
2026-07-13 22:51:20.152326,Vaishali Nagar,79.1,16.69,27.74,427.7
2026-07-13 23:51:20.152326,Vaishali Nagar,77.1,14.75,25.34,422.4
2026-07-14 00:51:20.152326,Vaishali Nagar,79.3,21.02,40.76,442.0
2026-07-14 01:51:20.152326,Vaishali Nagar,74.2,21.38,43.65,440.1
2026-07-14 02:51:20.152326,Vaishali Nagar,89.5,21.4,40.36,443.6
2026-07-14 03:51:20.152326,Vaishali Nagar,84.3,20.64,42.38,432.8
2026-07-14 04:51:20.152326,Vaishali Nagar,64.4,14.46,25.42,425.1
2026-07-14 05:51:20.152326,Vaishali Nagar,89.7,20.28,36.22,452.7
2026-07-14 06:51:20.152326,Vaishali Nagar,82.9,17.07,36.64,443.0
2026-07-14 07:51:20.152326,Vaishali Nagar,101.2,22.82,42.03,457.1
2026-07-14 08:51:20.152326,Vaishali Nagar,94.9,20.77,35.76,472.2
2026-07-14 09:51:20.152326,Vaishali Nagar,110.3,24.82,48.14,447.8
2026-07-14 10:51:20.152326,Vaishali Nagar,77.6,21.09,33.25,437.4
2026-07-14 11:51:20.152326,Vaishali Nagar,95.8,24.89,48.27,447.8
2026-07-14 12:51:20.152326,Vaishali Nagar,96.3,23.87,46.92,440.4
2026-07-14 13:51:20.152326,Vaishali Nagar,73.4,18.26,36.35,446.4
2026-07-14 14:51:20.152326,Vaishali Nagar,81.0,21.04,44.18,447.4
2026-07-14 15:51:20.152326,Vaishali Nagar,66.5,12.05,21.91,420.5
2026-07-14 16:51:20.152326,Vaishali Nagar,71.1,18.48,33.07,423.2
2026-07-14 17:51:20.152326,Vaishali Nagar,102.0,25.84,45.97,439.2
2026-07-14 18:51:20.152326,Vaishali Nagar,93.2,23.64,46.18,446.6
2026-07-14 19:51:20.152326,Vaishali Nagar,103.8,25.57,46.36,434.7
2026-07-14 20:51:20.152326,Vaishali Nagar,93.7,25.44,46.23,470.4
2026-07-14 21:51:20.152326,Vaishali Nagar,78.9,19.03,31.8,457.7
2026-07-14 22:51:20.152326,Vaishali Nagar,70.9,18.45,33.03,411.3
2026-07-14 23:51:20.152326,Vaishali Nagar,89.3,16.89,29.92,429.0
2026-07-15 00:51:20.152326,Vaishali Nagar,81.8,19.13,30.82,435.5
2026-07-15 01:51:20.152326,Vaishali Nagar,74.2,17.84,36.7,447.3
2026-07-15 02:51:20.152326,Vaishali Nagar,82.2,18.5,34.69,424.0
2026-07-15 03:51:20.152326,Vaishali Nagar,91.7,25.72,48.97,442.2
2026-07-15 04:51:20.152326,Vaishali Nagar,88.2,19.92,36.08,443.8
2026-07-15 05:51:20.152326,Vaishali Nagar,84.1,20.93,34.15,454.1
2026-07-15 06:51:20.152326,Vaishali Nagar,83.9,19.22,34.93,436.6
2026-07-15 07:51:20.152326,Vaishali Nagar,84.5,21.44,37.08,471.0
2026-07-15 08:51:20.152326,Vaishali Nagar,89.1,21.08,40.48,458.3
2026-07-15 09:51:20.152326,Vaishali Nagar,96.5,23.7,47.99,446.2
2026-07-15 10:51:20.152326,Vaishali Nagar,82.3,18.98,34.7,431.1
2026-07-15 11:51:20.152326,Vaishali Nagar,95.7,20.49,42.51,464.0
2026-07-15 12:51:20.152326,Vaishali Nagar,89.4,20.21,33.53,454.7
2026-07-15 13:51:20.152326,Vaishali Nagar,80.4,18.96,38.05,466.1
2026-07-15 14:51:20.152326,Vaishali Nagar,84.0,20.74,34.05,419.2
2026-07-15 15:51:20.152326,Vaishali Nagar,72.6,18.13,33.49,429.0
2026-07-15 16:51:20.152326,Vaishali Nagar,83.1,19.53,37.51,441.9
2026-07-15 17:51:20.152326,Vaishali Nagar,106.2,26.93,45.55,458.2
2026-07-15 18:51:20.152326,Vaishali Nagar,71.7,12.47,24.34,411.1
2026-07-15 19:51:20.152326,Vaishali Nagar,89.7,21.09,39.72,436.8
2026-07-15 20:51:20.152326,Vaishali Nagar,75.4,19.24,39.29,456.0
2026-07-15 21:51:20.152326,Vaishali Nagar,85.2,17.68,37.84,449.3
2026-07-15 22:51:20.152326,Vaishali Nagar,83.9,18.07,28.19,408.5
2026-07-15 23:51:20.152326,Vaishali Nagar,76.0,20.03,40.21,434.3
2026-07-16 00:51:20.152326,Vaishali Nagar,76.5,18.13,32.84,420.2
2026-07-16 01:51:20.152326,Vaishali Nagar,79.8,17.07,31.57,439.1
2026-07-16 02:51:20.152326,Vaishali Nagar,94.5,25.75,49.53,451.5
2026-07-16 03:51:20.152326,Vaishali Nagar,66.6,16.41,26.71,405.5
2026-07-16 04:51:20.152326,Vaishali Nagar,79.8,16.17,32.39,437.4
2026-07-16 05:51:20.152326,Vaishali Nagar,87.0,22.25,46.31,457.4
2026-07-16 06:51:20.152326,Vaishali Nagar,74.6,16.81,35.87,445.3
2026-07-16 07:51:20.152326,Vaishali Nagar,108.4,25.33,47.93,443.1
2026-07-16 08:51:20.152326,Vaishali Nagar,88.4,20.49,36.54,446.3
2026-07-16 09:51:20.152326,Vaishali Nagar,99.4,23.47,42.8,466.4
2026-07-16 10:51:20.152326,Vaishali Nagar,75.9,19.97,39.83,446.4
2026-07-16 11:51:20.152326,Vaishali Nagar,81.7,19.66,43.11,440.4
2026-07-16 12:51:20.152326,Vaishali Nagar,78.6,18.77,32.7,461.3
2026-07-16 13:51:20.152326,Vaishali Nagar,94.1,20.74,35.73,462.0
2026-07-16 14:51:20.152326,Vaishali Nagar,68.9,13.89,22.52,443.1
2026-07-16 15:51:20.152326,Vaishali Nagar,72.8,13.62,22.44,448.5
2026-07-16 16:51:20.152326,Vaishali Nagar,82.4,20.95,30.01,442.7
2026-07-16 17:51:20.152326,Vaishali Nagar,108.9,24.46,48.0,446.5
2026-07-16 18:51:20.152326,Vaishali Nagar,97.7,24.4,46.11,447.9
2026-07-16 19:51:20.152326,Vaishali Nagar,92.2,21.08,36.63,419.5
2026-07-16 20:51:20.152326,Vaishali Nagar,79.7,19.41,36.11,447.8
2026-07-16 21:51:20.152326,Vaishali Nagar,85.9,22.36,43.17,442.4
2026-07-16 22:51:20.152326,Vaishali Nagar,84.6,21.02,33.57,452.2
2026-07-16 23:51:20.152326,Vaishali Nagar,65.1,13.59,28.92,434.4
2026-07-17 00:51:20.152326,Vaishali Nagar,80.9,22.1,36.77,452.9
2026-07-17 01:51:20.152326,Vaishali Nagar,75.8,18.3,34.23,430.9
2026-07-17 02:51:20.152326,Vaishali Nagar,92.8,26.73,45.92,459.8
2026-07-17 03:51:20.152326,Vaishali Nagar,90.6,26.23,48.35,430.7
2026-07-17 04:51:20.152326,Vaishali Nagar,85.4,21.77,39.64,434.8
2026-07-17 05:51:20.152326,Vaishali Nagar,76.7,18.56,34.24,448.5
2026-07-17 06:51:20.152326,Vaishali Nagar,86.8,25.81,46.46,446.6
2026-07-17 07:51:20.152326,Vaishali Nagar,110.8,26.22,44.84,457.2
2026-07-17 08:51:20.152326,Vaishali Nagar,92.4,22.32,40.51,447.7
2026-07-17 09:51:20.152326,Vaishali Nagar,94.3,19.82,37.83,469.7
2026-07-17 10:51:20.152326,Vaishali Nagar,86.0,22.36,39.93,447.5
2026-07-17 11:51:20.152326,Vaishali Nagar,82.7,16.72,35.94,451.0
2026-07-17 12:51:20.152326,Vaishali Nagar,65.4,14.8,27.61,430.6
2026-07-17 13:51:20.152326,Vaishali Nagar,92.6,21.62,38.07,458.2
2026-07-17 14:51:20.152326,Vaishali Nagar,66.7,12.38,16.54,445.9
2026-07-17 15:51:20.152326,Vaishali Nagar,71.3,15.38,28.86,427.5
2026-07-17 16:51:20.152326,Vaishali Nagar,95.5,23.21,41.92,440.3
2026-07-17 17:51:20.152326,Vaishali Nagar,97.3,25.28,46.54,426.3
2026-07-17 18:51:20.152326,Vaishali Nagar,102.8,25.37,47.35,443.1
2026-07-17 19:51:20.152326,Vaishali Nagar,90.1,20.48,33.24,461.6
2026-07-17 20:51:20.152326,Vaishali Nagar,74.6,19.48,38.06,444.7
2026-07-17 21:51:20.152326,Vaishali Nagar,82.3,16.76,25.96,445.8
2026-07-17 22:51:20.152326,Vaishali Nagar,87.5,15.99,25.24,442.0
2026-07-17 23:51:20.152326,Vaishali Nagar,88.6,22.05,39.18,456.8
2026-07-18 00:51:20.152326,Vaishali Nagar,70.0,15.74,25.66,421.7
2026-07-18 01:51:20.152326,Vaishali Nagar,81.3,18.61,28.87,447.1
2026-07-18 02:51:20.152326,Vaishali Nagar,80.0,18.98,36.74,447.8
2026-07-18 03:51:20.152326,Vaishali Nagar,90.9,22.11,44.84,451.1
2026-07-18 04:51:20.152326,Vaishali Nagar,82.0,19.5,39.3,450.8
2026-07-18 05:51:20.152326,Vaishali Nagar,77.5,16.29,30.41,424.0
2026-07-18 06:51:20.152326,Vaishali Nagar,86.3,21.42,40.26,438.4
2026-07-18 07:51:20.152326,Vaishali Nagar,108.0,26.9,56.69,463.5
2026-07-18 08:51:20.152326,Vaishali Nagar,100.6,21.49,37.76,451.6
2026-07-18 09:51:20.152326,Vaishali Nagar,97.3,21.79,44.79,451.4
2026-07-18 10:51:20.152326,Vaishali Nagar,88.1,20.84,41.98,449.3
2026-07-18 11:51:20.152326,Vaishali Nagar,77.6,20.17,30.5,465.4
2026-07-18 12:51:20.152326,Vaishali Nagar,76.9,20.66,44.28,429.0
2026-07-18 13:51:20.152326,Vaishali Nagar,72.4,20.3,35.3,418.5
2026-07-18 14:51:20.152326,Vaishali Nagar,91.7,23.5,45.23,443.7
2026-07-18 15:51:20.152326,Vaishali Nagar,85.0,19.3,34.04,452.7
2026-07-18 16:51:20.152326,Vaishali Nagar,75.6,18.03,33.44,460.3
2026-07-18 17:51:20.152326,Vaishali Nagar,92.1,21.85,44.97,481.8
2026-07-18 18:51:20.152326,Vaishali Nagar,89.5,21.26,32.52,489.5
2026-07-18 19:51:20.152326,Vaishali Nagar,93.6,19.66,35.42,461.6
2026-07-18 20:51:20.152326,Vaishali Nagar,84.6,19.81,35.53,438.1
2026-07-18 21:51:20.152326,Vaishali Nagar,84.3,22.73,45.0,440.5
2026-07-18 22:51:20.152326,Vaishali Nagar,103.9,23.27,43.08,477.8
2026-07-18 23:51:20.152326,Vaishali Nagar,77.7,19.24,36.58,438.0
2026-07-19 00:51:20.152326,Vaishali Nagar,83.7,21.77,38.55,456.5
2026-07-19 01:51:20.152326,Vaishali Nagar,78.8,18.24,39.13,417.7
2026-07-19 02:51:20.152326,Vaishali Nagar,82.3,18.92,43.53,443.0
2026-07-19 03:51:20.152326,Vaishali Nagar,92.3,22.56,41.57,419.7
2026-07-19 04:51:20.152326,Vaishali Nagar,77.1,23.59,46.3,445.5
2026-07-19 05:51:20.152326,Vaishali Nagar,77.6,17.48,33.49,440.3
2026-07-19 06:51:20.152326,Vaishali Nagar,75.2,22.43,38.62,418.3
2026-07-19 07:51:20.152326,Vaishali Nagar,97.9,25.09,51.69,446.0
2026-07-19 08:51:20.152326,Vaishali Nagar,88.7,17.55,36.1,456.7
2026-07-19 09:51:20.152326,Vaishali Nagar,122.1,28.13,48.97,473.6
2026-07-19 10:51:20.152326,Vaishali Nagar,72.9,16.6,33.82,453.8
2026-07-19 11:51:20.152326,Vaishali Nagar,74.7,19.26,35.04,431.2
2026-07-19 12:51:20.152326,Vaishali Nagar,80.3,20.67,34.91,433.3
2026-07-19 13:51:20.152326,Vaishali Nagar,82.9,21.63,38.37,445.8
2026-07-19 14:51:20.152326,Vaishali Nagar,70.5,17.77,33.01,422.0
2026-07-19 15:51:20.152326,Vaishali Nagar,85.1,17.62,31.48,449.4
2026-07-19 16:51:20.152326,Vaishali Nagar,73.5,15.82,32.59,468.0
2026-07-19 17:51:20.152326,Vaishali Nagar,89.1,22.21,40.55,455.9
2026-07-19 18:51:20.152326,Vaishali Nagar,101.3,26.69,46.64,456.9
2026-07-19 19:51:20.152326,Vaishali Nagar,100.9,22.62,44.29,452.7
2026-07-19 20:51:20.152326,Vaishali Nagar,100.3,24.33,44.45,470.3
2026-07-19 21:51:20.152326,Vaishali Nagar,89.0,21.71,45.26,426.6
2026-07-19 22:51:20.152326,Vaishali Nagar,80.4,18.97,34.57,448.8
2026-07-19 23:51:20.152326,Vaishali Nagar,84.1,20.61,42.76,429.0
2026-07-20 00:51:20.152326,Vaishali Nagar,78.5,19.44,32.8,434.5
2026-07-20 01:51:20.152326,Vaishali Nagar,66.2,18.24,29.28,442.1
2026-07-20 02:51:20.152326,Vaishali Nagar,84.5,18.5,33.26,433.6
2026-07-20 03:51:20.152326,Vaishali Nagar,77.0,16.55,28.4,424.2
2026-07-20 04:51:20.152326,Vaishali Nagar,83.5,20.08,41.65,442.0
2026-07-20 05:51:20.152326,Vaishali Nagar,98.5,24.15,44.57,447.5
2026-07-20 06:51:20.152326,Vaishali Nagar,76.3,19.24,35.41,435.2
2026-07-20 07:51:20.152326,Vaishali Nagar,101.8,28.69,50.97,457.7
2026-07-20 08:51:20.152326,Vaishali Nagar,96.7,25.03,44.97,469.5
2026-07-20 09:51:20.152326,Vaishali Nagar,96.0,21.99,47.32,437.6
2026-07-20 10:51:20.152326,Vaishali Nagar,91.7,23.28,43.22,435.3
2026-07-20 11:51:20.152326,Vaishali Nagar,71.3,16.07,30.16,465.8
2026-07-20 12:51:20.152326,Vaishali Nagar,70.3,13.7,19.02,455.9
2026-07-20 13:51:20.152326,Vaishali Nagar,84.0,21.0,39.92,428.1
2026-07-20 14:51:20.152326,Vaishali Nagar,78.9,19.25,34.05,445.1
2026-07-20 15:51:20.152326,Vaishali Nagar,67.6,18.6,34.59,433.6
2026-07-20 16:51:20.152326,Vaishali Nagar,75.8,22.45,44.14,409.6
2026-07-20 17:51:20.152326,Vaishali Nagar,104.4,26.16,46.81,442.8
2026-07-20 18:51:20.152326,Vaishali Nagar,90.9,18.69,39.35,420.5
2026-07-20 19:51:20.152326,Vaishali Nagar,78.7,18.0,35.87,426.8
2026-07-20 20:51:20.152326,Vaishali Nagar,91.1,22.91,39.83,441.6
2026-07-20 21:51:20.152326,Vaishali Nagar,73.0,18.4,31.31,436.9
2026-07-20 22:51:20.152326,Vaishali Nagar,67.7,13.32,24.71,431.9
2026-07-20 23:51:20.152326,Vaishali Nagar,86.9,20.6,36.35,429.1
2026-07-21 00:51:20.152326,Vaishali Nagar,89.1,21.36,41.39,471.0
2026-07-21 01:51:20.152326,Vaishali Nagar,77.5,15.47,26.81,406.5
2026-07-21 02:51:20.152326,Vaishali Nagar,83.0,16.69,33.44,444.4
2026-07-21 03:51:20.152326,Vaishali Nagar,88.9,23.79,40.26,443.7
2026-07-21 04:51:20.152326,Vaishali Nagar,85.2,20.75,41.39,430.6
2026-07-21 05:51:20.152326,Vaishali Nagar,84.7,20.7,37.6,469.4
2026-07-21 06:51:20.152326,Vaishali Nagar,76.1,18.96,39.18,419.9
2026-07-21 07:51:20.152326,Vaishali Nagar,106.5,25.1,48.69,468.6
2026-07-21 08:51:20.152326,Vaishali Nagar,108.8,27.24,53.11,477.6
2026-07-21 09:51:20.152326,Vaishali Nagar,94.9,23.3,38.05,429.1
2026-07-21 10:51:20.152326,Vaishali Nagar,84.0,22.37,41.69,440.8
2026-07-21 11:51:20.152326,Vaishali Nagar,86.4,20.8,35.43,446.8
2026-07-21 12:51:20.152326,Vaishali Nagar,92.0,23.14,42.18,442.0
2026-07-21 13:51:20.152326,Vaishali Nagar,88.8,20.77,39.24,458.3
2026-07-21 14:51:20.152326,Vaishali Nagar,78.2,18.39,32.52,419.2
2026-07-21 15:51:20.152326,Vaishali Nagar,87.1,18.16,33.3,450.1
2026-07-21 16:51:20.152326,Vaishali Nagar,79.6,23.6,35.86,438.6
2026-07-21 17:51:20.152326,Vaishali Nagar,98.8,24.13,43.08,456.4
2026-07-21 18:51:20.152326,Vaishali Nagar,93.2,20.03,35.59,442.2
2026-07-21 19:51:20.152326,Vaishali Nagar,113.0,24.4,44.41,455.2
2026-07-21 20:51:20.152326,Vaishali Nagar,93.3,26.94,52.85,429.3
2026-07-21 21:51:20.152326,Vaishali Nagar,87.8,23.75,43.69,477.0
2026-07-21 22:51:20.152326,Vaishali Nagar,88.0,18.11,35.72,434.1
2026-07-21 23:51:20.152326,Vaishali Nagar,69.6,14.11,28.76,419.9
2026-07-22 00:51:20.152326,Vaishali Nagar,86.0,23.17,44.48,458.2
2026-07-22 01:51:20.152326,Vaishali Nagar,96.9,25.1,48.88,436.9
2026-07-22 02:51:20.152326,Vaishali Nagar,80.4,18.92,38.02,455.8
2026-07-22 03:51:20.152326,Vaishali Nagar,79.7,20.56,44.77,431.7
2026-07-22 04:51:20.152326,Vaishali Nagar,90.2,21.09,40.71,461.4
2026-07-22 05:51:20.152326,Vaishali Nagar,89.6,22.05,47.37,450.5
2026-07-22 06:51:20.152326,Vaishali Nagar,94.6,21.92,41.3,447.7
2026-07-22 07:51:20.152326,Vaishali Nagar,98.8,26.65,42.75,465.0
2026-07-22 08:51:20.152326,Vaishali Nagar,98.3,24.75,39.67,446.2
2026-07-22 09:51:20.152326,Vaishali Nagar,84.3,19.12,34.47,448.5
2026-07-22 10:51:20.152326,Vaishali Nagar,85.3,21.63,33.79,456.6
2026-07-22 11:51:20.152326,Vaishali Nagar,93.9,24.43,41.47,451.6
2026-07-22 12:51:20.152326,Vaishali Nagar,88.1,20.61,38.46,437.3
2026-07-22 13:51:20.152326,Vaishali Nagar,79.7,15.12,30.06,450.4
2026-07-22 14:51:20.152326,Vaishali Nagar,77.1,18.63,34.18,427.5
2026-07-22 15:51:20.152326,Vaishali Nagar,87.2,24.21,47.99,469.7
2026-07-22 16:51:20.152326,Vaishali Nagar,88.3,25.16,41.35,460.5
2026-07-22 17:51:20.152326,Vaishali Nagar,91.1,22.89,40.25,455.1
2026-07-22 18:51:20.152326,Vaishali Nagar,109.8,24.97,50.08,445.2
2026-07-22 19:51:20.152326,Vaishali Nagar,97.7,22.3,44.05,460.1
2026-07-22 20:51:20.152326,Vaishali Nagar,91.6,22.97,41.97,449.5
2026-07-22 21:51:20.152326,Vaishali Nagar,82.4,17.18,30.18,425.6
2026-07-22 22:51:20.152326,Vaishali Nagar,74.1,18.96,35.29,424.6
2026-07-22 23:51:20.152326,Vaishali Nagar,88.9,24.02,44.6,437.1
2026-07-23 00:51:20.152326,Vaishali Nagar,85.9,20.74,39.91,429.8
2026-07-23 01:51:20.152326,Vaishali Nagar,86.9,23.66,41.13,444.3
2026-07-23 02:51:20.152326,Vaishali Nagar,82.1,23.69,39.6,427.1
2026-07-23 03:51:20.152326,Vaishali Nagar,76.2,15.61,27.04,443.0
2026-07-23 04:51:20.152326,Vaishali Nagar,83.9,21.7,46.64,419.7
2026-07-23 05:51:20.152326,Vaishali Nagar,80.7,19.52,35.39,432.5
2026-07-23 06:51:20.152326,Vaishali Nagar,89.4,22.19,43.09,454.6
2026-07-23 07:51:20.152326,Vaishali Nagar,89.8,18.56,33.33,436.0
2026-07-23 08:51:20.152326,Vaishali Nagar,96.4,23.3,40.92,482.8
2026-07-23 09:51:20.152326,Vaishali Nagar,98.2,23.91,46.66,447.5
2026-07-23 10:51:20.152326,Vaishali Nagar,73.9,17.34,31.49,443.6
2026-07-23 11:51:20.152326,Vaishali Nagar,84.2,18.76,32.41,448.6
2026-07-23 12:51:20.152326,Vaishali Nagar,103.0,26.5,47.77,427.8
2026-07-23 13:51:20.152326,Vaishali Nagar,91.4,24.82,46.18,447.3
2026-07-23 14:51:20.152326,Vaishali Nagar,74.9,18.15,39.85,452.5
2026-07-23 15:51:20.152326,Vaishali Nagar,97.4,23.68,43.29,441.5
2026-07-23 16:51:20.152326,Vaishali Nagar,78.4,16.28,27.0,441.9
2026-07-23 17:51:20.152326,Vaishali Nagar,97.4,25.47,43.15,445.7
2026-07-23 18:51:20.152326,Vaishali Nagar,100.2,23.75,47.05,439.3
2026-07-23 19:51:20.152326,Vaishali Nagar,96.8,23.1,43.07,432.6
2026-07-23 20:51:20.152326,Vaishali Nagar,85.8,22.37,42.32,430.8
2026-07-23 21:51:20.152326,Vaishali Nagar,86.4,21.07,40.37,441.8
2026-07-23 22:51:20.152326,Vaishali Nagar,68.3,14.44,27.09,434.2
2026-07-23 23:51:20.152326,Vaishali Nagar,74.7,17.72,34.82,442.0
2026-07-24 00:51:20.152326,Vaishali Nagar,76.2,19.45,35.43,434.3
2026-07-24 01:51:20.152326,Vaishali Nagar,85.8,21.13,43.26,420.7
2026-07-24 02:51:20.152326,Vaishali Nagar,79.6,17.6,31.22,445.2
2026-07-24 03:51:20.152326,Vaishali Nagar,82.6,20.24,37.83,458.3
2026-07-24 04:51:20.152326,Vaishali Nagar,87.6,22.61,50.59,421.9
2026-07-24 05:51:20.152326,Vaishali Nagar,81.9,13.29,18.3,405.2
2026-07-24 06:51:20.152326,Vaishali Nagar,81.8,18.09,30.09,454.9
2026-07-24 07:51:20.152326,Vaishali Nagar,95.2,22.42,38.03,451.2
2026-07-24 08:51:20.152326,Vaishali Nagar,102.4,29.52,54.21,457.8
2026-07-24 09:51:20.152326,Vaishali Nagar,88.2,19.19,39.29,442.3
2026-07-24 10:51:20.152326,Vaishali Nagar,71.9,16.38,28.34,430.9
2026-07-24 11:51:20.152326,Vaishali Nagar,87.1,20.69,39.46,439.9
2026-07-24 12:51:20.152326,Vaishali Nagar,91.0,22.93,45.37,454.8
2026-07-24 13:51:20.152326,Vaishali Nagar,77.9,17.4,36.25,448.9
2026-07-24 14:51:20.152326,Vaishali Nagar,86.7,22.8,41.16,481.7
2026-07-24 15:51:20.152326,Vaishali Nagar,90.4,20.05,29.33,452.0
2026-07-24 16:51:20.152326,Vaishali Nagar,100.6,23.74,48.42,444.9
2026-07-24 17:51:20.152326,Vaishali Nagar,87.4,24.56,46.1,431.9
2026-07-24 18:51:20.152326,Vaishali Nagar,93.7,23.75,43.76,435.5
2026-07-24 19:51:20.152326,Vaishali Nagar,80.4,20.22,36.74,452.3
2026-07-24 20:51:20.152326,Vaishali Nagar,93.6,25.83,52.74,441.8
2026-07-24 21:51:20.152326,Vaishali Nagar,76.9,18.6,35.44,433.9
2026-07-24 22:51:20.152326,Vaishali Nagar,76.8,21.23,35.0,417.7
2026-07-24 23:51:20.152326,Vaishali Nagar,75.5,15.41,32.72,434.3
2026-07-25 00:51:20.152326,Vaishali Nagar,73.4,17.74,35.55,458.0
2026-07-25 01:51:20.152326,Vaishali Nagar,88.2,21.51,37.99,442.1
2026-07-25 02:51:20.152326,Vaishali Nagar,92.1,23.14,38.83,430.5
2026-07-25 03:51:20.152326,Vaishali Nagar,80.8,20.24,39.36,429.1
2026-07-25 04:51:20.152326,Vaishali Nagar,89.1,20.7,37.46,465.0
2026-07-25 05:51:20.152326,Vaishali Nagar,74.9,19.48,35.04,447.6
2026-07-25 06:51:20.152326,Vaishali Nagar,94.8,21.86,41.5,439.7
2026-07-25 07:51:20.152326,Vaishali Nagar,100.9,24.78,40.91,460.7
2026-07-25 08:51:20.152326,Vaishali Nagar,94.3,18.0,33.9,427.2
2026-07-25 09:51:20.152326,Vaishali Nagar,104.7,22.8,38.05,467.7
2026-07-25 10:51:20.152326,Vaishali Nagar,75.6,19.23,36.93,442.1
2026-07-25 11:51:20.152326,Vaishali Nagar,96.7,24.34,44.19,447.9
2026-07-25 12:51:20.152326,Vaishali Nagar,82.3,16.23,33.65,434.9
2026-07-25 13:51:20.152326,Vaishali Nagar,74.6,19.19,38.47,451.6
2026-07-25 14:51:20.152326,Vaishali Nagar,86.1,21.06,41.49,417.0
2026-07-25 15:51:20.152326,Vaishali Nagar,73.4,19.08,34.77,433.5
2026-07-25 16:51:20.152326,Vaishali Nagar,88.9,22.27,42.94,478.4
2026-07-25 17:51:20.152326,Vaishali Nagar,113.4,26.17,42.4,450.8
2026-07-25 18:51:20.152326,Vaishali Nagar,99.8,24.37,45.62,444.0
2026-07-25 19:51:20.152326,Vaishali Nagar,101.4,23.29,45.22,438.5
2026-07-25 20:51:20.152326,Vaishali Nagar,100.1,22.86,44.42,462.9
2026-07-25 21:51:20.152326,Vaishali Nagar,89.3,22.5,40.62,449.3
2026-07-25 22:51:20.152326,Vaishali Nagar,80.2,18.7,36.59,426.5
2026-07-25 23:51:20.152326,Vaishali Nagar,81.4,20.09,35.4,444.8
2026-07-26 00:51:20.152326,Vaishali Nagar,82.9,22.53,48.11,441.9
2026-07-26 01:51:20.152326,Vaishali Nagar,93.6,22.84,42.36,451.2
2026-07-26 02:51:20.152326,Vaishali Nagar,82.0,18.16,34.16,438.4
2026-07-26 03:51:20.152326,Vaishali Nagar,90.5,21.68,49.48,449.3
2026-07-26 04:51:20.152326,Vaishali Nagar,84.9,18.88,36.9,422.4
2026-07-26 05:51:20.152326,Vaishali Nagar,80.4,20.19,33.09,437.0
2026-07-26 06:51:20.152326,Vaishali Nagar,89.8,24.55,44.32,440.2
2026-07-26 07:51:20.152326,Vaishali Nagar,103.8,27.48,48.83,467.1
2026-07-26 08:51:20.152326,Vaishali Nagar,87.0,20.8,37.95,439.7
2026-07-26 09:51:20.152326,Vaishali Nagar,101.4,24.29,47.46,441.4
2026-07-26 10:51:20.152326,Vaishali Nagar,83.0,18.66,33.94,433.7
2026-07-26 11:51:20.152326,Vaishali Nagar,90.0,23.61,41.41,442.7
2026-07-26 12:51:20.152326,Vaishali Nagar,86.6,20.65,41.06,449.8
2026-07-26 13:51:20.152326,Vaishali Nagar,93.4,19.42,30.17,413.6
2026-07-26 14:51:20.152326,Vaishali Nagar,89.7,19.86,34.22,454.2
2026-07-26 15:51:20.152326,Vaishali Nagar,77.0,20.1,39.6,456.9
2026-07-26 16:51:20.152326,Vaishali Nagar,92.2,22.61,43.93,453.7
2026-07-26 17:51:20.152326,Vaishali Nagar,101.0,27.4,46.49,463.8
2026-07-26 18:51:20.152326,Vaishali Nagar,98.3,21.88,36.94,452.6
2026-07-26 19:51:20.152326,Vaishali Nagar,94.1,20.07,34.42,454.7
2026-07-26 20:51:20.152326,Vaishali Nagar,84.8,19.76,34.85,438.8
2026-07-26 21:51:20.152326,Vaishali Nagar,79.2,16.02,30.27,439.5
2026-07-26 22:51:20.152326,Vaishali Nagar,81.6,19.6,37.12,436.6
2026-07-26 23:51:20.152326,Vaishali Nagar,77.6,14.55,27.78,456.3
2026-07-27 00:51:20.152326,Vaishali Nagar,82.1,17.79,36.22,442.6
2026-07-27 01:51:20.152326,Vaishali Nagar,74.3,18.24,34.18,429.2
2026-07-27 02:51:20.152326,Vaishali Nagar,81.4,20.55,40.24,452.7
2026-07-27 03:51:20.152326,Vaishali Nagar,72.6,13.01,26.41,465.0
2026-07-27 04:51:20.152326,Vaishali Nagar,82.7,20.12,42.66,470.1
2026-07-27 05:51:20.152326,Vaishali Nagar,76.8,15.88,31.59,438.1
2026-07-27 06:51:20.152326,Vaishali Nagar,89.1,21.35,40.39,424.4
2026-07-27 07:51:20.152326,Vaishali Nagar,92.9,21.79,46.35,461.7
2026-07-27 08:51:20.152326,Vaishali Nagar,99.4,19.82,36.96,469.0
2026-07-27 09:51:20.152326,Vaishali Nagar,95.9,22.36,43.21,434.2
2026-07-27 10:51:20.152326,Vaishali Nagar,93.9,21.79,41.13,462.8
2026-07-27 11:51:20.152326,Vaishali Nagar,99.7,21.54,32.17,433.8
2026-07-27 12:51:20.152326,Vaishali Nagar,83.9,16.78,26.99,472.4
2026-07-27 13:51:20.152326,Vaishali Nagar,85.1,18.1,33.12,425.8
2026-07-27 14:51:20.152326,Vaishali Nagar,87.8,17.68,34.23,432.2
2026-07-27 15:51:20.152326,Vaishali Nagar,64.4,11.91,22.29,432.4
2026-07-27 16:51:20.152326,Vaishali Nagar,93.6,21.44,44.39,438.7
2026-07-27 17:51:20.152326,Vaishali Nagar,95.0,20.22,37.53,465.5
2026-07-27 18:51:20.152326,Vaishali Nagar,100.8,26.71,48.61,441.7
2026-07-27 19:51:20.152326,Vaishali Nagar,109.1,23.69,40.32,444.5
2026-07-27 20:51:20.152326,Vaishali Nagar,62.5,15.93,31.17,406.1
2026-07-27 21:51:20.152326,Vaishali Nagar,89.2,23.04,46.47,461.4
2026-07-27 22:51:20.152326,Vaishali Nagar,80.4,23.06,43.53,434.9
2026-07-27 23:51:20.152326,Vaishali Nagar,87.4,20.88,39.12,433.0
2026-07-28 00:51:20.152326,Vaishali Nagar,84.1,20.16,33.34,430.8
2026-07-28 01:51:20.152326,Vaishali Nagar,78.0,18.67,34.82,446.0
2026-07-28 02:51:20.152326,Vaishali Nagar,69.8,15.56,35.54,457.6
2026-07-28 03:51:20.152326,Vaishali Nagar,90.9,24.17,41.34,458.8
2026-07-28 04:51:20.152326,Vaishali Nagar,75.2,19.21,31.5,432.9
2026-07-28 05:51:20.152326,Vaishali Nagar,78.6,16.24,30.34,450.6
2026-07-28 06:51:20.152326,Vaishali Nagar,79.9,20.41,35.68,430.9
2026-07-28 07:51:20.152326,Vaishali Nagar,97.1,26.37,50.01,462.9
2026-07-28 08:51:20.152326,Vaishali Nagar,91.3,23.67,42.77,444.0
2026-07-28 09:51:20.152326,Vaishali Nagar,114.7,25.95,44.69,461.6
2026-07-28 10:51:20.152326,Vaishali Nagar,81.9,19.52,35.31,427.8
2026-07-28 11:51:20.152326,Vaishali Nagar,86.3,22.42,45.68,409.8
2026-07-28 12:51:20.152326,Vaishali Nagar,84.6,18.69,34.82,411.3
2026-07-28 13:51:20.152326,Vaishali Nagar,74.1,16.17,30.52,428.0
2026-07-28 14:51:20.152326,Vaishali Nagar,92.9,23.24,42.62,433.7
2026-07-28 15:51:20.152326,Vaishali Nagar,85.3,22.78,44.08,469.5
2026-07-28 16:51:20.152326,Vaishali Nagar,77.2,19.01,32.76,454.6
2026-07-28 17:51:20.152326,Vaishali Nagar,92.4,26.17,42.74,444.6
2026-07-28 18:51:20.152326,Vaishali Nagar,105.5,24.52,49.74,455.4
2026-07-28 19:51:20.152326,Vaishali Nagar,98.0,20.78,36.88,463.3
2026-07-28 20:51:20.152326,Vaishali Nagar,75.4,19.95,38.21,427.6
2026-07-28 21:51:20.152326,Vaishali Nagar,95.0,22.37,44.94,467.7
2026-07-28 22:51:20.152326,Vaishali Nagar,89.7,21.71,39.0,453.0
2026-07-28 23:51:20.152326,Vaishali Nagar,87.3,21.55,40.86,456.0
2026-07-29 00:51:20.152326,Vaishali Nagar,93.9,20.87,41.88,444.5
2026-07-29 01:51:20.152326,Vaishali Nagar,83.5,15.79,27.41,422.5
2026-07-29 02:51:20.152326,Vaishali Nagar,83.7,19.68,36.58,464.8
2026-07-29 03:51:20.152326,Vaishali Nagar,82.0,16.25,28.74,410.0
2026-07-29 04:51:20.152326,Vaishali Nagar,62.7,11.59,24.75,433.4
2026-07-29 05:51:20.152326,Vaishali Nagar,76.5,21.02,42.26,436.2
2026-07-29 06:51:20.152326,Vaishali Nagar,78.5,17.34,37.36,456.7
2026-07-29 07:51:20.152326,Vaishali Nagar,119.1,28.19,48.96,469.7
2026-07-29 08:51:20.152326,Vaishali Nagar,98.8,25.59,47.98,451.9
2026-07-29 09:51:20.152326,Vaishali Nagar,93.2,23.12,45.21,469.0
2026-07-29 10:51:20.152326,Vaishali Nagar,82.5,18.76,32.17,428.3
2026-07-29 11:51:20.152326,Vaishali Nagar,85.9,18.65,34.6,451.4
2026-07-29 12:51:20.152326,Vaishali Nagar,80.1,19.04,38.67,427.0
2026-07-29 13:51:20.152326,Vaishali Nagar,95.9,23.48,44.97,426.1
2026-07-29 14:51:20.152326,Vaishali Nagar,91.9,17.61,33.6,444.5
2026-07-29 15:51:20.152326,Vaishali Nagar,79.6,22.82,47.73,435.3
2026-07-29 16:51:20.152326,Vaishali Nagar,81.0,20.92,36.98,448.1
2026-07-29 17:51:20.152326,Vaishali Nagar,96.8,23.67,39.15,457.2
2026-07-29 18:51:20.152326,Vaishali Nagar,93.3,20.12,32.97,430.5
2026-07-29 19:51:20.152326,Vaishali Nagar,101.3,29.34,53.82,439.0
2026-07-29 20:51:20.152326,Vaishali Nagar,92.3,20.2,39.36,433.1
2026-07-29 21:51:20.152326,Vaishali Nagar,89.5,20.81,39.09,454.7
2026-07-29 22:51:20.152326,Vaishali Nagar,87.0,18.97,37.14,447.4
2026-07-29 23:51:20.152326,Vaishali Nagar,87.5,22.78,44.78,459.1
2026-07-30 00:51:20.152326,Vaishali Nagar,84.3,20.52,39.88,431.6
2026-07-30 01:51:20.152326,Vaishali Nagar,85.9,18.93,32.88,420.8
2026-07-30 02:51:20.152326,Vaishali Nagar,91.0,19.93,36.76,440.2
2026-07-30 03:51:20.152326,Vaishali Nagar,81.7,18.84,36.55,425.3
2026-07-30 04:51:20.152326,Vaishali Nagar,75.5,18.84,34.17,441.2
2026-07-30 05:51:20.152326,Vaishali Nagar,79.2,20.06,38.91,458.8
2026-07-30 06:51:20.152326,Vaishali Nagar,88.5,21.33,39.22,458.3
2026-07-30 07:51:20.152326,Vaishali Nagar,92.1,20.17,33.51,456.0
2026-07-30 08:51:20.152326,Vaishali Nagar,97.6,22.83,35.44,469.5
2026-07-30 09:51:20.152326,Vaishali Nagar,90.8,15.63,27.41,464.2
2026-07-30 10:51:20.152326,Vaishali Nagar,89.1,23.87,47.43,449.6
2026-07-30 11:51:20.152326,Vaishali Nagar,81.5,17.9,35.31,437.0
2026-07-30 12:51:20.152326,Vaishali Nagar,89.8,17.14,28.5,441.1
2026-07-30 13:51:20.152326,Vaishali Nagar,97.5,25.09,42.04,467.7
2026-07-30 14:51:20.152326,Vaishali Nagar,81.8,18.73,36.29,431.7
2026-07-30 15:51:20.152326,Vaishali Nagar,88.2,23.45,41.6,426.8
2026-07-30 16:51:20.152326,Vaishali Nagar,90.3,21.74,46.69,448.1
2026-07-30 17:51:20.152326,Vaishali Nagar,90.1,23.42,47.49,428.1
2026-07-30 18:51:20.152326,Vaishali Nagar,103.1,25.83,50.48,420.3
2026-07-30 19:51:20.152326,Vaishali Nagar,96.5,24.33,45.51,467.3
2026-07-30 20:51:20.152326,Vaishali Nagar,86.6,21.51,38.75,449.8
2026-07-30 21:51:20.152326,Vaishali Nagar,81.3,17.44,32.72,447.2
2026-07-30 22:51:20.152326,Vaishali Nagar,74.6,18.05,25.42,446.4
2026-07-30 23:51:20.152326,Vaishali Nagar,83.8,17.38,33.21,472.7
2026-07-31 00:51:20.152326,Vaishali Nagar,75.3,17.8,33.64,443.0
2026-07-31 01:51:20.152326,Vaishali Nagar,85.8,21.92,45.79,444.7
2026-07-31 02:51:20.152326,Vaishali Nagar,80.8,18.33,33.04,443.7
2026-07-31 03:51:20.152326,Vaishali Nagar,84.6,20.79,37.95,434.5
2026-07-31 04:51:20.152326,Vaishali Nagar,77.5,19.53,42.42,426.3
2026-07-31 05:51:20.152326,Vaishali Nagar,83.3,17.15,29.2,427.5
2026-07-31 06:51:20.152326,Vaishali Nagar,90.9,21.25,39.6,454.9
2026-07-31 07:51:20.152326,Vaishali Nagar,97.2,26.91,44.78,438.9
2026-07-31 08:51:20.152326,Vaishali Nagar,99.3,26.35,49.59,451.8
2026-07-31 09:51:20.152326,Vaishali Nagar,114.6,28.88,52.46,453.2
2026-07-31 10:51:20.152326,Vaishali Nagar,83.3,21.61,40.65,424.3
2026-07-31 11:51:20.152326,Vaishali Nagar,63.8,15.12,28.5,427.9
2026-07-31 12:51:20.152326,Vaishali Nagar,78.3,20.14,33.72,456.4
2026-07-31 13:51:20.152326,Vaishali Nagar,85.9,20.09,39.32,425.8
2026-07-31 14:51:20.152326,Vaishali Nagar,93.9,23.39,43.09,449.8
2026-07-31 15:51:20.152326,Vaishali Nagar,92.0,23.38,40.11,453.5
2026-07-31 16:51:20.152326,Vaishali Nagar,74.9,18.39,36.15,460.0
2026-07-31 17:51:20.152326,Vaishali Nagar,105.4,26.16,50.2,449.4
2026-07-31 18:51:20.152326,Vaishali Nagar,90.8,21.4,38.42,430.3
2026-07-31 19:51:20.152326,Vaishali Nagar,101.1,29.58,55.68,427.9
2026-07-31 20:51:20.152326,Vaishali Nagar,72.4,18.08,33.65,443.3
2026-07-31 21:51:20.152326,Vaishali Nagar,91.4,25.42,41.74,464.1
2026-07-31 22:51:20.152326,Vaishali Nagar,78.8,18.1,30.76,429.4
2026-07-31 23:51:20.152326,Vaishali Nagar,87.7,20.6,41.27,443.9
2026-08-01 00:51:20.152326,Vaishali Nagar,94.1,26.67,49.59,436.7
2026-08-01 01:51:20.152326,Vaishali Nagar,75.1,19.13,32.69,435.8
2026-08-01 02:51:20.152326,Vaishali Nagar,95.1,23.5,42.49,446.9
2026-08-01 03:51:20.152326,Vaishali Nagar,82.0,16.66,30.21,410.1
2026-08-01 04:51:20.152326,Vaishali Nagar,87.3,19.57,33.1,430.3
2026-08-01 05:51:20.152326,Vaishali Nagar,87.2,18.45,36.82,463.6
2026-08-01 06:51:20.152326,Vaishali Nagar,91.0,24.3,47.07,451.1
2026-08-01 07:51:20.152326,Vaishali Nagar,97.3,23.71,41.4,442.3
2026-08-01 08:51:20.152326,Vaishali Nagar,103.7,23.02,39.76,445.0
2026-08-01 09:51:20.152326,Vaishali Nagar,88.8,20.43,38.7,463.6
2026-08-01 10:51:20.152326,Vaishali Nagar,90.4,19.8,38.37,446.3
2026-08-01 11:51:20.152326,Vaishali Nagar,85.1,14.82,27.19,411.4
2026-08-01 12:51:20.152326,Vaishali Nagar,75.7,20.16,39.46,424.4
2026-08-01 13:51:20.152326,Vaishali Nagar,82.7,20.81,37.51,460.9
2026-08-01 14:51:20.152326,Vaishali Nagar,81.3,15.04,25.48,434.1
2026-08-01 15:51:20.152326,Vaishali Nagar,82.9,21.45,35.73,430.7
2026-08-01 16:51:20.152326,Vaishali Nagar,71.7,13.72,31.25,435.9
2026-08-01 17:51:20.152326,Vaishali Nagar,98.2,24.06,47.54,443.0
2026-08-01 18:51:20.152326,Vaishali Nagar,94.9,23.71,45.51,455.3
2026-08-01 19:51:20.152326,Vaishali Nagar,101.9,20.85,37.29,456.4
2026-08-01 20:51:20.152326,Vaishali Nagar,79.1,17.05,28.77,445.6
2026-08-01 21:51:20.152326,Vaishali Nagar,86.1,19.37,33.47,442.8
2026-08-01 22:51:20.152326,Vaishali Nagar,77.9,17.85,33.5,458.7
2026-08-01 23:51:20.152326,Vaishali Nagar,83.8,20.52,31.03,460.2
2026-08-02 00:51:20.152326,Vaishali Nagar,90.7,23.05,43.04,447.1
2026-08-02 01:51:20.152326,Vaishali Nagar,80.5,20.87,40.1,423.5
2026-08-02 02:51:20.152326,Vaishali Nagar,89.7,20.83,39.65,453.6
2026-08-02 03:51:20.152326,Vaishali Nagar,80.6,19.2,31.81,407.4
2026-08-02 04:51:20.152326,Vaishali Nagar,86.0,20.81,42.45,453.8
2026-08-02 05:51:20.152326,Vaishali Nagar,73.3,17.88,35.58,452.9
2026-08-02 06:51:20.152326,Vaishali Nagar,86.1,20.02,39.84,457.6
2026-08-02 07:51:20.152326,Vaishali Nagar,93.0,23.44,43.94,446.5
2026-08-02 08:51:20.152326,Vaishali Nagar,86.9,21.75,40.45,447.6
2026-08-02 09:51:20.152326,Vaishali Nagar,107.1,26.22,44.96,463.0
2026-08-02 10:51:20.152326,Vaishali Nagar,94.0,20.01,40.49,430.7
2026-08-02 11:51:20.152326,Vaishali Nagar,87.1,23.73,46.03,467.3
2026-08-02 12:51:20.152326,Vaishali Nagar,84.2,18.48,37.58,460.1
2026-08-02 13:51:20.152326,Vaishali Nagar,84.4,19.09,34.35,453.5
2026-08-02 14:51:20.152326,Vaishali Nagar,101.0,25.87,50.06,455.7
2026-08-02 15:51:20.152326,Vaishali Nagar,82.0,18.37,38.9,455.9
2026-08-02 16:51:20.152326,Vaishali Nagar,86.0,22.74,41.1,450.2
2026-08-02 17:51:20.152326,Vaishali Nagar,83.4,20.81,41.7,446.6
2026-08-02 18:51:20.152326,Vaishali Nagar,93.9,23.86,47.32,436.8
2026-08-02 19:51:20.152326,Vaishali Nagar,88.4,23.06,43.21,421.7
2026-08-02 20:51:20.152326,Vaishali Nagar,72.7,18.56,35.65,439.1
2026-08-02 21:51:20.152326,Vaishali Nagar,90.6,24.15,45.63,440.3
2026-08-02 22:51:20.152326,Vaishali Nagar,84.7,18.58,35.38,478.3
2026-08-02 23:51:20.152326,Vaishali Nagar,82.0,19.04,33.81,432.3
2026-08-03 00:51:20.152326,Vaishali Nagar,96.1,23.36,44.56,460.3
2026-08-03 01:51:20.152326,Vaishali Nagar,84.2,15.65,34.86,450.7
2026-08-03 02:51:20.152326,Vaishali Nagar,88.0,19.38,26.49,420.6
2026-08-03 03:51:20.152326,Vaishali Nagar,83.6,22.36,37.17,443.1
2026-08-03 04:51:20.152326,Vaishali Nagar,82.8,25.5,49.05,440.1
2026-08-03 05:51:20.152326,Vaishali Nagar,81.2,19.25,29.95,421.8
2026-08-03 06:51:20.152326,Vaishali Nagar,90.8,21.52,42.42,462.6
2026-08-03 07:51:20.152326,Vaishali Nagar,90.4,21.84,36.12,469.8
2026-08-03 08:51:20.152326,Vaishali Nagar,98.2,22.49,38.17,437.2
2026-08-03 09:51:20.152326,Vaishali Nagar,110.3,25.96,53.18,452.7
2026-08-03 10:51:20.152326,Vaishali Nagar,84.5,17.11,24.2,442.5
2026-08-03 11:51:20.152326,Vaishali Nagar,80.8,18.71,29.66,427.8
2026-08-03 12:51:20.152326,Vaishali Nagar,84.2,21.64,35.09,441.0
2026-08-03 13:51:20.152326,Vaishali Nagar,79.6,17.61,36.07,431.6
2026-08-03 14:51:20.152326,Vaishali Nagar,86.1,21.91,42.12,432.6
2026-08-03 15:51:20.152326,Vaishali Nagar,78.0,20.64,38.28,437.4
2026-08-03 16:51:20.152326,Vaishali Nagar,82.6,18.78,33.61,452.2
2026-08-03 17:51:20.152326,Vaishali Nagar,104.2,23.37,39.05,453.5
2026-08-03 18:51:20.152326,Vaishali Nagar,97.8,25.72,49.6,452.9
2026-08-03 19:51:20.152326,Vaishali Nagar,87.8,20.96,40.73,452.8
2026-08-03 20:51:20.152326,Vaishali Nagar,88.4,21.63,34.81,473.4
2026-08-03 21:51:20.152326,Vaishali Nagar,80.2,20.95,38.17,408.9
2026-08-03 22:51:20.152326,Vaishali Nagar,87.4,18.83,36.71,426.1
2026-08-03 23:51:20.152326,Vaishali Nagar,74.8,16.71,29.41,441.3
2026-08-04 00:51:20.152326,Vaishali Nagar,90.8,23.96,44.86,435.0
2026-08-04 01:51:20.152326,Vaishali Nagar,77.8,17.65,35.48,456.4
2026-08-04 02:51:20.152326,Vaishali Nagar,65.6,13.9,28.66,429.2
2026-08-04 03:51:20.152326,Vaishali Nagar,71.0,16.83,29.13,413.7
2026-08-04 04:51:20.152326,Vaishali Nagar,89.7,21.02,38.72,448.4
2026-08-04 05:51:20.152326,Vaishali Nagar,86.5,18.85,41.2,430.3
2026-08-04 06:51:20.152326,Vaishali Nagar,89.6,18.88,38.21,464.6
2026-08-04 07:51:20.152326,Vaishali Nagar,103.1,26.3,47.69,456.5
2026-08-04 08:51:20.152326,Vaishali Nagar,109.7,21.52,40.25,435.1
2026-08-04 09:51:20.152326,Vaishali Nagar,95.8,22.14,38.14,436.4
2026-08-04 10:51:20.152326,Vaishali Nagar,81.3,17.2,31.84,439.2
2026-08-04 11:51:20.152326,Vaishali Nagar,84.3,20.58,42.51,442.4
2026-08-04 12:51:20.152326,Vaishali Nagar,81.1,22.93,44.56,460.9
2026-08-04 13:51:20.152326,Vaishali Nagar,77.5,21.76,39.06,441.0
2026-08-04 14:51:20.152326,Vaishali Nagar,102.0,25.39,47.13,448.9
2026-08-04 15:51:20.152326,Vaishali Nagar,83.7,20.71,39.57,460.4
2026-08-04 16:51:20.152326,Vaishali Nagar,76.5,20.12,34.04,420.7
2026-08-04 17:51:20.152326,Vaishali Nagar,105.0,24.46,45.8,460.0
2026-08-04 18:51:20.152326,Vaishali Nagar,103.1,26.29,50.7,433.4
2026-08-04 19:51:20.152326,Vaishali Nagar,92.6,22.35,41.73,439.5
2026-08-04 20:51:20.152326,Vaishali Nagar,71.6,15.91,28.96,449.3
2026-08-04 21:51:20.152326,Vaishali Nagar,75.6,18.03,35.18,431.4
2026-08-04 22:51:20.152326,Vaishali Nagar,82.0,21.31,36.19,444.8
2026-08-04 23:51:20.152326,Vaishali Nagar,83.3,22.49,44.3,440.7
2026-08-05 00:51:20.152326,Vaishali Nagar,83.2,19.04,36.19,437.2
2026-08-05 01:51:20.152326,Vaishali Nagar,91.2,21.87,36.27,454.6
2026-08-05 02:51:20.152326,Vaishali Nagar,66.5,14.35,22.98,447.4
2026-08-05 03:51:20.152326,Vaishali Nagar,82.6,20.26,38.24,423.8
2026-08-05 04:51:20.152326,Vaishali Nagar,77.4,19.22,35.99,444.9
2026-08-05 05:51:20.152326,Vaishali Nagar,103.2,24.51,41.71,418.7
2026-08-05 06:51:20.152326,Vaishali Nagar,82.7,19.97,31.42,432.3
2026-08-05 07:51:20.152326,Vaishali Nagar,104.2,24.56,45.26,456.5
2026-08-05 08:51:20.152326,Vaishali Nagar,104.7,26.88,52.88,461.0
2026-08-05 09:51:20.152326,Vaishali Nagar,102.5,23.37,47.12,461.4
2026-08-05 10:51:20.152326,Vaishali Nagar,105.2,23.83,44.42,434.5
2026-08-05 11:51:20.152326,Vaishali Nagar,87.3,18.58,39.81,419.1
2026-08-05 12:51:20.152326,Vaishali Nagar,90.7,23.77,44.51,441.2
2026-08-05 13:51:20.152326,Vaishali Nagar,89.4,21.09,44.21,457.6
2026-08-05 14:51:20.152326,Vaishali Nagar,71.7,17.05,25.14,449.2
2026-08-05 15:51:20.152326,Vaishali Nagar,87.3,25.63,48.65,443.3
2026-08-05 16:51:20.152326,Vaishali Nagar,71.4,19.5,32.65,431.4
2026-08-05 17:51:20.152326,Vaishali Nagar,109.5,25.04,50.21,496.6
2026-08-05 18:51:20.152326,Vaishali Nagar,112.4,26.57,47.31,469.0
2026-08-05 19:51:20.152326,Vaishali Nagar,114.2,27.64,52.25,470.2
2026-08-05 20:51:20.152326,Vaishali Nagar,89.0,21.6,39.43,448.8
2026-08-05 21:51:20.152326,Vaishali Nagar,85.0,19.36,32.04,461.8
2026-08-05 22:51:20.152326,Vaishali Nagar,89.1,18.54,33.62,457.1
2026-08-05 23:51:20.152326,Vaishali Nagar,81.9,18.93,39.65,420.7
2026-08-06 00:51:20.152326,Vaishali Nagar,69.5,10.65,21.12,447.1
2026-08-06 01:51:20.152326,Vaishali Nagar,83.9,19.21,36.98,419.8
2026-08-06 02:51:20.152326,Vaishali Nagar,92.8,23.04,40.56,476.0
2026-08-06 03:51:20.152326,Vaishali Nagar,88.3,18.84,37.79,446.9
2026-08-06 04:51:20.152326,Vaishali Nagar,82.6,18.08,40.94,426.7
2026-08-06 05:51:20.152326,Vaishali Nagar,74.2,18.95,34.19,425.4
2026-08-06 06:51:20.152326,Vaishali Nagar,89.4,19.78,41.63,427.4
2026-08-06 07:51:20.152326,Vaishali Nagar,101.7,25.66,45.11,467.7
2026-08-06 08:51:20.152326,Vaishali Nagar,99.4,25.83,49.0,457.6
2026-08-06 09:51:20.152326,Vaishali Nagar,103.6,24.8,47.39,430.9
2026-08-06 10:51:20.152326,Vaishali Nagar,79.4,20.69,37.91,464.5
2026-08-06 11:51:20.152326,Vaishali Nagar,71.8,17.73,30.84,423.6
2026-08-06 12:51:20.152326,Vaishali Nagar,82.2,21.17,40.38,453.1
2026-08-06 13:51:20.152326,Vaishali Nagar,90.4,19.71,38.58,441.6
2026-08-06 14:51:20.152326,Vaishali Nagar,92.5,21.16,38.06,441.7
2026-08-06 15:51:20.152326,Vaishali Nagar,96.7,23.33,45.45,428.6
2026-08-06 16:51:20.152326,Vaishali Nagar,84.4,17.02,29.62,469.4
2026-08-06 17:51:20.152326,Vaishali Nagar,86.7,21.56,40.75,455.6
2026-08-06 18:51:20.152326,Vaishali Nagar,98.3,24.53,45.39,451.0
2026-08-06 19:51:20.152326,Vaishali Nagar,95.2,26.29,44.72,452.3
2026-08-06 20:51:20.152326,Vaishali Nagar,90.9,21.28,35.74,448.3
2026-08-06 21:51:20.152326,Vaishali Nagar,77.9,16.96,31.86,444.9
2026-08-06 22:51:20.152326,Vaishali Nagar,78.8,21.63,40.82,420.6
2026-08-06 23:51:20.152326,Vaishali Nagar,91.2,25.59,47.94,468.8
2026-08-07 00:51:20.152326,Vaishali Nagar,71.0,22.14,38.74,443.7
2026-08-07 01:51:20.152326,Vaishali Nagar,96.4,21.1,34.74,470.4
2026-08-07 02:51:20.152326,Vaishali Nagar,88.2,21.19,39.39,475.6
2026-08-07 03:51:20.152326,Vaishali Nagar,87.6,22.37,43.27,446.9
2026-08-07 04:51:20.152326,Vaishali Nagar,85.4,20.82,35.56,412.1
2026-08-07 05:51:20.152326,Vaishali Nagar,78.4,20.76,38.57,429.8
2026-08-07 06:51:20.152326,Vaishali Nagar,91.0,22.95,45.39,444.4
2026-08-07 07:51:20.152326,Vaishali Nagar,100.8,26.59,48.91,432.7
2026-08-07 08:51:20.152326,Vaishali Nagar,110.6,26.0,46.83,463.1
2026-08-07 09:51:20.152326,Vaishali Nagar,100.5,19.6,39.81,454.0
2026-08-07 10:51:20.152326,Vaishali Nagar,65.9,16.97,34.01,472.2
2026-08-07 11:51:20.152326,Vaishali Nagar,81.1,18.53,32.87,438.9
2026-08-07 12:51:20.152326,Vaishali Nagar,85.3,21.01,34.43,436.3
2026-08-07 13:51:20.152326,Vaishali Nagar,82.8,20.18,39.75,449.7
2026-08-07 14:51:20.152326,Vaishali Nagar,79.0,16.23,26.91,435.9
2026-08-07 15:51:20.152326,Vaishali Nagar,83.1,17.33,34.95,441.4
2026-08-07 16:51:20.152326,Vaishali Nagar,79.6,18.84,33.92,452.0
2026-08-07 17:51:20.152326,Vaishali Nagar,89.4,24.18,38.83,454.5
2026-08-07 18:51:20.152326,Vaishali Nagar,105.4,23.26,36.47,443.7
2026-08-07 19:51:20.152326,Vaishali Nagar,112.9,29.32,53.65,451.4
2026-08-07 20:51:20.152326,Vaishali Nagar,89.9,20.84,40.55,458.5
2026-08-07 21:51:20.152326,Vaishali Nagar,81.8,17.35,29.63,434.2
2026-08-07 22:51:20.152326,Vaishali Nagar,96.2,26.58,47.74,458.9
2026-08-07 23:51:20.152326,Vaishali Nagar,69.4,15.72,31.86,450.5
2026-08-08 00:51:20.152326,Vaishali Nagar,80.3,21.72,42.65,433.8
2026-08-08 01:51:20.152326,Vaishali Nagar,88.6,21.15,39.21,445.5
2026-08-08 02:51:20.152326,Vaishali Nagar,84.1,20.26,38.36,418.7
2026-08-08 03:51:20.152326,Vaishali Nagar,98.5,21.62,39.63,457.3
2026-08-08 04:51:20.152326,Vaishali Nagar,87.1,23.07,47.45,428.1
2026-08-08 05:51:20.152326,Vaishali Nagar,86.8,18.61,33.49,440.4
2026-08-08 06:51:20.152326,Vaishali Nagar,62.3,15.9,31.72,435.4
2026-08-08 07:51:20.152326,Vaishali Nagar,97.1,23.69,42.68,444.9
2026-08-08 08:51:20.152326,Vaishali Nagar,101.1,22.08,45.24,465.6
2026-08-08 09:51:20.152326,Vaishali Nagar,96.6,26.04,41.83,436.0
2026-08-08 10:51:20.152326,Vaishali Nagar,81.9,19.7,31.08,451.8
2026-08-08 11:51:20.152326,Vaishali Nagar,87.4,21.35,38.71,458.8
2026-08-08 12:51:20.152326,Vaishali Nagar,87.9,18.79,33.18,425.7
2026-08-08 13:51:20.152326,Vaishali Nagar,80.8,16.38,37.25,460.3
2026-08-08 14:51:20.152326,Vaishali Nagar,77.1,17.17,32.17,476.8
2026-08-08 15:51:20.152326,Vaishali Nagar,87.1,20.84,37.37,449.5
2026-08-08 16:51:20.152326,Vaishali Nagar,79.2,19.23,38.02,467.1
2026-08-08 17:51:20.152326,Vaishali Nagar,86.1,20.72,42.01,421.1
2026-08-08 18:51:20.152326,Vaishali Nagar,93.9,18.77,37.05,445.6
2026-08-08 19:51:20.152326,Vaishali Nagar,97.9,24.21,48.23,429.5
2026-08-08 20:51:20.152326,Vaishali Nagar,80.3,20.53,33.57,418.1
2026-08-08 21:51:20.152326,Vaishali Nagar,85.6,17.67,29.99,435.6
2026-08-08 22:51:20.152326,Vaishali Nagar,70.5,12.14,26.93,461.4
2026-08-08 23:51:20.152326,Vaishali Nagar,91.5,22.53,40.29,465.1
2026-08-09 00:51:20.152326,Vaishali Nagar,60.4,16.65,22.69,428.2
2026-08-09 01:51:20.152326,Vaishali Nagar,76.9,18.3,29.3,434.9
2026-08-09 02:51:20.152326,Vaishali Nagar,58.2,11.44,17.03,439.3
2026-08-09 03:51:20.152326,Vaishali Nagar,84.5,18.52,38.35,438.1
2026-08-09 04:51:20.152326,Vaishali Nagar,98.8,25.12,44.78,433.9
2026-08-09 05:51:20.152326,Vaishali Nagar,97.0,24.42,45.56,427.7
2026-08-09 06:51:20.152326,Vaishali Nagar,71.7,18.69,36.95,441.2
2026-08-09 07:51:20.152326,Vaishali Nagar,96.0,21.17,39.92,457.2
2026-08-09 08:51:20.152326,Vaishali Nagar,97.5,26.15,49.04,477.7
2026-08-09 09:51:20.152326,Vaishali Nagar,107.8,28.83,51.91,466.1
2026-08-09 10:51:20.152326,Vaishali Nagar,94.5,24.24,45.12,430.7
2026-08-09 11:51:20.152326,Vaishali Nagar,88.3,20.77,36.71,433.4
2026-08-09 12:51:20.152326,Vaishali Nagar,70.9,16.39,24.63,440.8
2026-08-09 13:51:20.152326,Vaishali Nagar,76.5,19.0,35.69,448.9
2026-08-09 14:51:20.152326,Vaishali Nagar,82.4,17.8,33.97,412.1
2026-08-09 15:51:20.152326,Vaishali Nagar,82.2,20.3,37.34,469.0
2026-08-09 16:51:20.152326,Vaishali Nagar,85.2,19.7,38.25,426.6
2026-08-09 17:51:20.152326,Vaishali Nagar,84.6,17.05,31.53,448.7
2026-08-09 18:51:20.152326,Vaishali Nagar,95.4,21.06,40.06,453.4
2026-08-09 19:51:20.152326,Vaishali Nagar,99.3,21.33,35.49,455.2
2026-08-09 20:51:20.152326,Vaishali Nagar,85.0,24.74,47.48,428.5
2026-08-09 21:51:20.152326,Vaishali Nagar,74.9,21.01,38.71,432.5
2026-08-09 22:51:20.152326,Vaishali Nagar,67.8,16.29,27.65,437.5
2026-08-09 23:51:20.152326,Vaishali Nagar,74.4,20.19,40.2,449.2
2026-08-10 00:51:20.152326,Vaishali Nagar,95.0,24.21,40.63,456.9
2026-08-10 01:51:20.152326,Vaishali Nagar,76.2,19.11,31.77,431.2
2026-08-10 02:51:20.152326,Vaishali Nagar,86.8,22.19,46.6,405.7
2026-08-10 03:51:20.152326,Vaishali Nagar,73.2,18.11,32.75,446.0
2026-08-10 04:51:20.152326,Vaishali Nagar,75.3,18.07,37.4,416.1
2026-08-10 05:51:20.152326,Vaishali Nagar,85.0,20.31,37.88,464.9
2026-08-10 06:51:20.152326,Vaishali Nagar,77.1,22.14,43.59,453.8
2026-08-10 07:51:20.152326,Vaishali Nagar,115.7,29.58,57.45,460.7
2026-08-10 08:51:20.152326,Vaishali Nagar,115.8,28.49,49.86,448.1
2026-08-10 09:51:20.152326,Vaishali Nagar,96.0,26.06,44.52,467.1
2026-08-10 10:51:20.152326,Vaishali Nagar,86.4,18.75,36.98,438.1
2026-08-10 11:51:20.152326,Vaishali Nagar,83.1,20.66,35.59,433.2
2026-08-10 12:51:20.152326,Vaishali Nagar,79.9,22.36,41.49,442.7
2026-08-10 13:51:20.152326,Vaishali Nagar,72.7,19.17,34.18,417.9
2026-08-10 14:51:20.152326,Vaishali Nagar,90.8,22.12,41.43,435.1
2026-08-10 15:51:20.152326,Vaishali Nagar,74.3,16.7,31.98,431.6
2026-08-10 16:51:20.152326,Vaishali Nagar,81.0,21.55,40.27,431.6
2026-08-10 17:51:20.152326,Vaishali Nagar,107.8,26.38,57.75,455.0
2026-08-10 18:51:20.152326,Vaishali Nagar,99.9,26.31,49.16,441.9
2026-08-10 19:51:20.152326,Vaishali Nagar,102.4,26.63,51.37,454.9
2026-08-10 20:51:20.152326,Vaishali Nagar,82.7,19.83,38.09,432.2
2026-08-10 21:51:20.152326,Vaishali Nagar,87.0,20.82,37.9,428.5
2026-08-10 22:51:20.152326,Vaishali Nagar,80.5,17.76,30.53,438.8
2026-08-10 23:51:20.152326,Vaishali Nagar,76.9,22.54,44.46,420.7
2026-08-11 00:51:20.152326,Vaishali Nagar,93.9,24.02,40.91,454.6
2026-08-11 01:51:20.152326,Vaishali Nagar,85.1,21.32,38.28,445.2
2026-08-11 02:51:20.152326,Vaishali Nagar,76.4,20.68,40.46,441.9
2026-08-11 03:51:20.152326,Vaishali Nagar,77.2,17.59,35.05,432.6
2026-08-11 04:51:20.152326,Vaishali Nagar,92.9,20.73,32.44,460.8
2026-08-11 05:51:20.152326,Vaishali Nagar,71.0,15.29,30.2,446.3
2026-08-11 06:51:20.152326,Vaishali Nagar,88.8,19.11,35.28,429.4
2026-08-11 07:51:20.152326,Vaishali Nagar,87.3,23.15,40.68,439.5
2026-08-11 08:51:20.152326,Vaishali Nagar,97.7,23.02,39.7,456.4
2026-08-11 09:51:20.152326,Vaishali Nagar,89.2,22.06,39.79,471.2
2026-08-11 10:51:20.152326,Vaishali Nagar,69.6,18.77,28.8,439.9
2026-08-11 11:51:20.152326,Vaishali Nagar,83.3,20.56,40.13,471.4
2026-08-11 12:51:20.152326,Vaishali Nagar,77.3,20.61,34.77,430.0
2026-08-11 13:51:20.152326,Vaishali Nagar,93.5,22.03,44.0,492.2
2026-08-11 14:51:20.152326,Vaishali Nagar,74.6,19.7,39.07,453.7
2026-08-11 15:51:20.152326,Vaishali Nagar,80.3,20.12,38.71,455.0
2026-08-11 16:51:20.152326,Vaishali Nagar,86.9,18.27,30.04,427.7
2026-08-11 17:51:20.152326,Vaishali Nagar,99.6,27.74,49.22,439.7
2026-08-11 18:51:20.152326,Vaishali Nagar,80.8,15.42,30.77,471.8
2026-08-11 19:51:20.152326,Vaishali Nagar,100.8,25.68,43.43,459.6
2026-08-11 20:51:20.152326,Vaishali Nagar,86.1,22.34,43.79,443.9
2026-08-11 21:51:20.152326,Vaishali Nagar,96.8,24.97,44.54,474.1
2026-08-11 22:51:20.152326,Vaishali Nagar,77.4,18.68,32.26,439.1
2026-08-11 23:51:20.152326,Vaishali Nagar,76.6,16.95,29.83,449.3
2026-08-12 00:51:20.152326,Vaishali Nagar,80.9,18.23,33.29,447.0
2026-08-12 01:51:20.152326,Vaishali Nagar,75.2,20.61,36.12,435.1
2026-08-12 02:51:20.152326,Vaishali Nagar,74.9,18.3,35.88,443.6
2026-08-12 03:51:20.152326,Vaishali Nagar,87.6,23.61,41.67,454.1
2026-08-12 04:51:20.152326,Vaishali Nagar,83.2,20.92,40.56,433.1
2026-08-12 05:51:20.152326,Vaishali Nagar,70.9,15.77,29.12,458.6
2026-08-12 06:51:20.152326,Vaishali Nagar,90.2,25.68,45.96,425.6
2026-08-12 07:51:20.152326,Vaishali Nagar,98.9,23.95,47.07,439.1
2026-08-12 08:51:20.152326,Vaishali Nagar,85.9,18.72,33.68,455.2
2026-08-12 09:51:20.152326,Vaishali Nagar,99.9,24.32,40.27,441.6
2026-08-12 10:51:20.152326,Vaishali Nagar,79.8,19.69,35.92,446.2
2026-08-12 11:51:20.152326,Vaishali Nagar,67.6,18.78,31.81,434.1
2026-08-12 12:51:20.152326,Vaishali Nagar,85.8,21.57,41.25,434.3
2026-08-12 13:51:20.152326,Vaishali Nagar,83.0,18.43,31.82,423.3
2026-08-12 14:51:20.152326,Vaishali Nagar,83.9,18.66,34.68,446.9
2026-08-12 15:51:20.152326,Vaishali Nagar,88.9,24.33,40.37,453.5
2026-08-12 16:51:20.152326,Vaishali Nagar,84.0,19.09,30.49,445.6
2026-08-12 17:51:20.152326,Vaishali Nagar,109.2,23.58,44.61,421.6
2026-08-12 18:51:20.152326,Vaishali Nagar,90.0,26.3,47.9,459.1
2026-08-12 19:51:20.152326,Vaishali Nagar,95.9,20.04,43.86,468.4
2026-08-12 20:51:20.152326,Vaishali Nagar,77.9,15.77,30.32,399.6
2026-08-12 21:51:20.152326,Vaishali Nagar,79.2,22.13,42.66,457.4
2026-08-12 22:51:20.152326,Vaishali Nagar,100.3,23.33,44.5,454.0
2026-08-12 23:51:20.152326,Vaishali Nagar,70.9,16.75,34.2,441.6
2026-08-13 00:51:20.152326,Vaishali Nagar,82.5,20.99,37.4,432.1
2026-08-13 01:51:20.152326,Vaishali Nagar,80.0,19.39,41.07,453.6
2026-08-13 02:51:20.152326,Vaishali Nagar,79.2,19.17,35.93,447.5
2026-08-13 03:51:20.152326,Vaishali Nagar,78.8,20.08,39.53,422.8
2026-08-13 04:51:20.152326,Vaishali Nagar,72.0,19.65,35.21,455.8
2026-08-13 05:51:20.152326,Vaishali Nagar,87.0,23.16,41.5,427.3
2026-08-13 06:51:20.152326,Vaishali Nagar,72.5,15.72,27.55,413.1
2026-08-13 07:51:20.152326,Vaishali Nagar,98.2,22.25,42.06,480.4
2026-08-13 08:51:20.152326,Vaishali Nagar,99.4,24.2,43.95,453.7
2026-08-13 09:51:20.152326,Vaishali Nagar,94.2,25.25,44.96,472.9
2026-08-13 10:51:20.152326,Vaishali Nagar,77.5,22.38,41.87,411.1
2026-08-13 11:51:20.152326,Vaishali Nagar,81.1,17.23,38.67,449.3
2026-08-13 12:51:20.152326,Vaishali Nagar,92.3,22.67,43.31,458.8
2026-08-13 13:51:20.152326,Vaishali Nagar,68.7,14.52,30.26,425.2
2026-08-13 14:51:20.152326,Vaishali Nagar,86.5,21.52,43.28,453.5
2026-08-13 15:51:20.152326,Vaishali Nagar,84.9,18.01,33.38,456.9
2026-08-13 16:51:20.152326,Vaishali Nagar,83.3,18.84,28.52,454.7
2026-08-13 17:51:20.152326,Vaishali Nagar,105.0,24.62,42.97,450.2
2026-08-13 18:51:20.152326,Vaishali Nagar,101.3,26.97,44.65,431.1
2026-08-13 19:51:20.152326,Vaishali Nagar,94.3,20.81,35.78,453.0
2026-08-13 20:51:20.152326,Vaishali Nagar,93.0,19.2,26.01,452.0
2026-08-13 21:51:20.152326,Vaishali Nagar,69.5,16.09,29.72,460.7
2026-08-13 22:51:20.152326,Vaishali Nagar,79.9,19.52,28.05,433.2
2026-08-13 23:51:20.152326,Vaishali Nagar,92.7,17.68,35.58,419.0
2026-08-14 00:51:20.152326,Vaishali Nagar,81.1,17.28,34.01,442.2
2026-08-14 01:51:20.152326,Vaishali Nagar,88.5,19.6,34.88,451.6
2026-08-14 02:51:20.152326,Vaishali Nagar,77.7,21.48,41.14,431.4
2026-08-14 03:51:20.152326,Vaishali Nagar,84.4,17.2,34.94,421.2
2026-08-14 04:51:20.152326,Vaishali Nagar,88.6,22.24,41.72,436.0
2026-08-14 05:51:20.152326,Vaishali Nagar,85.9,19.12,34.21,428.1
2026-08-14 06:51:20.152326,Vaishali Nagar,81.8,20.96,41.91,445.4
2026-08-14 07:51:20.152326,Vaishali Nagar,114.8,25.53,44.5,453.5
2026-08-14 08:51:20.152326,Vaishali Nagar,105.2,27.32,52.24,476.7
2026-08-14 09:51:20.152326,Vaishali Nagar,99.0,22.44,42.15,449.6
2026-08-14 10:51:20.152326,Vaishali Nagar,90.3,16.0,25.54,443.1
2026-08-14 11:51:20.152326,Vaishali Nagar,74.8,17.11,32.92,432.8
2026-08-14 12:51:20.152326,Vaishali Nagar,90.4,24.36,48.56,456.4
2026-08-14 13:51:20.152326,Vaishali Nagar,74.5,21.22,35.38,438.4
2026-08-14 14:51:20.152326,Vaishali Nagar,84.7,19.79,37.23,441.9
2026-08-14 15:51:20.152326,Vaishali Nagar,83.9,22.14,46.88,450.6
2026-08-14 16:51:20.152326,Vaishali Nagar,75.9,19.61,38.03,454.9
2026-08-14 17:51:20.152326,Vaishali Nagar,89.8,21.73,39.16,437.7
2026-08-14 18:51:20.152326,Vaishali Nagar,110.7,26.83,46.44,479.4
2026-08-14 19:51:20.152326,Vaishali Nagar,95.0,22.54,39.32,435.8
2026-08-14 20:51:20.152326,Vaishali Nagar,71.5,14.78,37.25,438.8
2026-08-14 21:51:20.152326,Vaishali Nagar,76.3,19.12,30.6,412.6
2026-08-14 22:51:20.152326,Vaishali Nagar,69.3,15.78,34.71,443.6
2026-08-14 23:51:20.152326,Vaishali Nagar,81.6,24.03,48.07,449.8
2026-08-15 00:51:20.152326,Vaishali Nagar,82.4,23.07,39.9,461.6
2026-08-15 01:51:20.152326,Vaishali Nagar,86.1,20.01,36.78,462.1
2026-08-15 02:51:20.152326,Vaishali Nagar,102.5,24.37,46.38,440.8
2026-08-15 03:51:20.152326,Vaishali Nagar,92.3,20.47,42.69,474.5
2026-08-15 04:51:20.152326,Vaishali Nagar,90.2,19.86,33.41,463.2
2026-08-15 05:51:20.152326,Vaishali Nagar,81.7,20.64,36.52,455.4
2026-08-15 06:51:20.152326,Vaishali Nagar,93.1,22.93,43.01,446.9
2026-08-15 07:51:20.152326,Vaishali Nagar,93.7,20.19,39.11,450.0
2026-08-15 08:51:20.152326,Vaishali Nagar,102.5,24.36,48.38,460.3
2026-08-15 09:51:20.152326,Vaishali Nagar,95.9,25.63,49.18,446.1
2026-08-15 10:51:20.152326,Vaishali Nagar,89.3,24.47,42.67,432.7
2026-08-15 11:51:20.152326,Vaishali Nagar,96.3,25.95,47.3,489.6
2026-08-15 12:51:20.152326,Vaishali Nagar,74.4,21.25,38.84,438.3
2026-08-15 13:51:20.152326,Vaishali Nagar,92.8,23.35,39.55,447.1
2026-08-15 14:51:20.152326,Vaishali Nagar,89.1,19.61,39.12,459.4
2026-08-15 15:51:20.152326,Vaishali Nagar,81.0,17.5,36.68,417.8
2026-08-15 16:51:20.152326,Vaishali Nagar,97.4,24.92,48.48,465.9
2026-08-15 17:51:20.152326,Vaishali Nagar,93.2,21.79,47.3,452.8
2026-08-15 18:51:20.152326,Vaishali Nagar,100.3,24.63,46.76,456.0
2026-08-15 19:51:20.152326,Vaishali Nagar,88.6,20.52,34.76,456.1
2026-08-15 20:51:20.152326,Vaishali Nagar,81.5,20.64,35.31,439.9
2026-08-15 21:51:20.152326,Vaishali Nagar,74.5,22.4,43.7,419.2
2026-08-15 22:51:20.152326,Vaishali Nagar,92.8,20.16,34.39,436.3
2026-08-15 23:51:20.152326,Vaishali Nagar,88.2,19.53,36.06,450.0
2026-08-16 00:51:20.152326,Vaishali Nagar,85.7,25.09,47.41,456.8
2026-08-16 01:51:20.152326,Vaishali Nagar,93.0,21.18,40.77,442.7
2026-08-16 02:51:20.152326,Vaishali Nagar,63.3,13.81,23.51,412.6
2026-08-16 03:51:20.152326,Vaishali Nagar,82.6,15.6,27.02,440.2
2026-08-16 04:51:20.152326,Vaishali Nagar,86.0,19.01,34.17,457.6
2026-08-16 05:51:20.152326,Vaishali Nagar,88.5,21.72,39.78,439.9
2026-08-16 06:51:20.152326,Vaishali Nagar,88.8,20.35,41.45,447.5
2026-08-16 07:51:20.152326,Vaishali Nagar,108.1,26.66,50.87,476.1
2026-08-16 08:51:20.152326,Vaishali Nagar,98.6,26.53,52.39,454.2
2026-08-16 09:51:20.152326,Vaishali Nagar,93.0,17.87,34.24,423.4
2026-08-16 10:51:20.152326,Vaishali Nagar,84.9,21.14,44.46,420.9
2026-08-16 11:51:20.152326,Vaishali Nagar,76.0,18.47,39.92,414.1
2026-08-16 12:51:20.152326,Vaishali Nagar,89.4,21.12,37.77,436.0
2026-08-16 13:51:20.152326,Vaishali Nagar,80.0,19.56,35.77,465.2
2026-08-16 14:51:20.152326,Vaishali Nagar,78.6,18.95,37.62,440.8
2026-08-16 15:51:20.152326,Vaishali Nagar,89.2,21.52,33.68,437.0
2026-08-16 16:51:20.152326,Vaishali Nagar,78.1,16.43,25.65,421.8
2026-08-16 17:51:20.152326,Vaishali Nagar,97.5,23.65,39.71,445.9
2026-08-16 18:51:20.152326,Vaishali Nagar,64.3,16.92,29.2,422.7
2026-08-16 19:51:20.152326,Vaishali Nagar,101.7,27.88,55.19,459.1
2026-08-16 20:51:20.152326,Vaishali Nagar,81.1,21.78,43.03,467.2
2026-08-16 21:51:20.152326,Vaishali Nagar,93.7,24.62,43.72,422.4
2026-08-16 22:51:20.152326,Vaishali Nagar,82.8,17.12,35.73,440.7
2026-08-16 23:51:20.152326,Vaishali Nagar,80.3,19.61,34.4,430.4
2026-08-17 00:51:20.152326,Vaishali Nagar,86.8,21.91,36.14,459.5
2026-08-17 01:51:20.152326,Vaishali Nagar,95.8,21.18,38.08,466.6
2026-08-17 02:51:20.152326,Vaishali Nagar,92.7,22.98,38.97,433.6
2026-08-17 03:51:20.152326,Vaishali Nagar,74.3,19.88,38.94,406.2
2026-08-17 04:51:20.152326,Vaishali Nagar,69.8,14.32,31.29,437.2
2026-08-17 05:51:20.152326,Vaishali Nagar,85.2,22.99,41.59,433.0
2026-08-17 06:51:20.152326,Vaishali Nagar,79.6,18.21,34.08,414.9
2026-08-17 07:51:20.152326,Vaishali Nagar,100.3,20.64,37.45,459.5
2026-08-17 08:51:20.152326,Vaishali Nagar,107.3,26.45,52.95,432.8
2026-08-17 09:51:20.152326,Vaishali Nagar,89.4,22.0,47.57,428.3
2026-08-17 10:51:20.152326,Vaishali Nagar,100.2,25.65,49.0,444.4
2026-08-17 11:51:20.152326,Vaishali Nagar,87.0,21.52,36.34,440.2
2026-08-17 12:51:20.152326,Vaishali Nagar,99.6,24.64,47.12,451.8
2026-08-17 13:51:20.152326,Vaishali Nagar,66.1,15.07,31.25,429.6
2026-08-17 14:51:20.152326,Vaishali Nagar,74.6,16.35,27.52,408.4
2026-08-17 15:51:20.152326,Vaishali Nagar,89.9,22.54,39.01,445.8
2026-08-17 16:51:20.152326,Vaishali Nagar,91.1,21.33,41.55,432.6
2026-08-17 17:51:20.152326,Vaishali Nagar,89.2,19.58,35.51,436.7
2026-08-17 18:51:20.152326,Vaishali Nagar,96.5,22.89,43.58,457.1
2026-08-17 19:51:20.152326,Vaishali Nagar,99.7,24.14,46.18,450.8
2026-08-17 20:51:20.152326,Vaishali Nagar,79.0,20.51,41.56,485.0
2026-08-17 21:51:20.152326,Vaishali Nagar,93.3,24.0,44.43,450.8
2026-08-17 22:51:20.152326,Vaishali Nagar,95.3,23.47,47.42,439.5
2026-08-17 23:51:20.152326,Vaishali Nagar,80.5,16.41,32.04,443.2
2026-08-18 00:51:20.152326,Vaishali Nagar,95.4,26.32,42.05,434.1
2026-08-18 01:51:20.152326,Vaishali Nagar,84.4,22.11,39.72,445.3
2026-08-18 02:51:20.152326,Vaishali Nagar,87.0,21.79,41.67,456.0
2026-08-18 03:51:20.152326,Vaishali Nagar,81.1,19.91,30.74,447.7
2026-08-18 04:51:20.152326,Vaishali Nagar,73.3,19.98,40.66,455.1
2026-08-18 05:51:20.152326,Vaishali Nagar,89.0,19.62,39.14,437.5
2026-08-18 06:51:20.152326,Vaishali Nagar,98.2,26.38,44.04,459.2
2026-08-18 07:51:20.152326,Vaishali Nagar,92.7,23.8,46.69,426.1
2026-08-18 08:51:20.152326,Vaishali Nagar,94.7,22.64,44.26,470.0
2026-08-18 09:51:20.152326,Vaishali Nagar,101.3,26.64,46.87,483.0
2026-08-18 10:51:20.152326,Vaishali Nagar,102.7,25.16,47.88,467.6
2026-08-18 11:51:20.152326,Vaishali Nagar,83.8,15.83,30.69,446.5
2026-08-18 12:51:20.152326,Vaishali Nagar,105.3,25.56,41.76,476.3
2026-08-18 13:51:20.152326,Vaishali Nagar,78.7,17.71,33.97,424.0
2026-08-18 14:51:20.152326,Vaishali Nagar,86.4,21.89,43.45,440.6
2026-08-18 15:51:20.152326,Vaishali Nagar,85.9,19.0,34.75,455.2
2026-08-18 16:51:20.152326,Vaishali Nagar,67.8,13.66,25.63,434.9
2026-08-18 17:51:20.152326,Vaishali Nagar,90.9,22.98,47.65,447.2
2026-08-18 18:51:20.152326,Vaishali Nagar,92.3,20.03,38.36,414.7
2026-08-18 19:51:20.152326,Vaishali Nagar,94.6,23.83,46.37,470.8
2026-08-18 20:51:20.152326,Vaishali Nagar,86.1,21.46,41.03,435.8
2026-08-18 21:51:20.152326,Vaishali Nagar,88.6,23.92,45.37,458.0
2026-08-18 22:51:20.152326,Vaishali Nagar,71.1,16.27,27.78,447.3
2026-08-18 23:51:20.152326,Vaishali Nagar,75.6,21.1,41.08,441.0
2026-08-19 00:51:20.152326,Vaishali Nagar,74.7,23.01,38.63,464.4
2026-08-19 01:51:20.152326,Vaishali Nagar,86.5,19.17,34.82,451.6
2026-08-19 02:51:20.152326,Vaishali Nagar,91.2,21.78,36.97,451.1
2026-08-19 03:51:20.152326,Vaishali Nagar,86.3,20.32,33.88,436.2
2026-08-19 04:51:20.152326,Vaishali Nagar,82.3,17.08,29.61,439.6
2026-08-19 05:51:20.152326,Vaishali Nagar,85.8,22.87,41.09,452.9
2026-08-19 06:51:20.152326,Vaishali Nagar,84.6,20.8,35.98,441.4
2026-08-19 07:51:20.152326,Vaishali Nagar,98.8,21.68,39.88,453.6
2026-08-19 08:51:20.152326,Vaishali Nagar,98.3,17.47,37.68,455.2
2026-08-19 09:51:20.152326,Vaishali Nagar,107.6,25.55,46.67,469.2
2026-08-19 10:51:20.152326,Vaishali Nagar,87.4,22.62,44.78,424.3
2026-08-19 11:51:20.152326,Vaishali Nagar,84.3,18.52,35.78,431.4
2026-08-19 12:51:20.152326,Vaishali Nagar,96.9,25.82,52.32,443.2
2026-08-19 13:51:20.152326,Vaishali Nagar,90.4,20.41,44.61,441.3
2026-08-19 14:51:20.152326,Vaishali Nagar,79.8,20.68,37.34,443.7
2026-08-19 15:51:20.152326,Vaishali Nagar,73.9,17.32,34.11,436.7
2026-08-19 16:51:20.152326,Vaishali Nagar,89.5,19.78,36.94,434.7
2026-08-19 17:51:20.152326,Vaishali Nagar,92.3,23.93,44.49,466.7
2026-08-19 18:51:20.152326,Vaishali Nagar,94.3,20.12,37.75,465.6
2026-08-19 19:51:20.152326,Vaishali Nagar,96.9,22.42,39.8,447.9
2026-08-19 20:51:20.152326,Vaishali Nagar,71.9,21.02,39.52,432.4
2026-08-19 21:51:20.152326,Vaishali Nagar,83.4,21.02,38.58,428.4
2026-08-19 22:51:20.152326,Vaishali Nagar,87.6,24.39,42.7,442.1
2026-08-19 23:51:20.152326,Vaishali Nagar,69.1,17.08,36.55,446.0
2026-08-20 00:51:20.152326,Vaishali Nagar,92.2,22.34,42.91,447.1
2026-08-20 01:51:20.152326,Vaishali Nagar,85.8,17.48,32.12,428.7
2026-08-20 02:51:20.152326,Vaishali Nagar,86.4,20.99,42.25,424.2
2026-08-20 03:51:20.152326,Vaishali Nagar,74.0,19.74,36.13,461.8
2026-08-20 04:51:20.152326,Vaishali Nagar,86.9,24.49,42.77,452.7
2026-08-20 05:51:20.152326,Vaishali Nagar,90.1,23.85,43.79,468.6
2026-08-20 06:51:20.152326,Vaishali Nagar,71.2,20.5,35.36,389.4
2026-08-20 07:51:20.152326,Vaishali Nagar,86.4,19.48,31.18,423.6
2026-08-20 08:51:20.152326,Vaishali Nagar,104.1,27.21,49.12,433.4
2026-08-20 09:51:20.152326,Vaishali Nagar,106.6,26.18,47.98,449.8
2026-08-20 10:51:20.152326,Vaishali Nagar,84.0,18.41,28.96,433.9
2026-08-20 11:51:20.152326,Vaishali Nagar,74.4,14.84,28.79,423.7
2026-08-20 12:51:20.152326,Vaishali Nagar,92.3,18.67,35.29,463.2
2026-08-20 13:51:20.152326,Vaishali Nagar,97.8,22.91,43.71,443.6
2026-08-20 14:51:20.152326,Vaishali Nagar,89.3,19.31,37.71,461.0
2026-08-20 15:51:20.152326,Vaishali Nagar,80.3,17.44,32.2,459.6
2026-08-20 16:51:20.152326,Vaishali Nagar,71.2,18.5,30.95,463.7
2026-08-20 17:51:20.152326,Vaishali Nagar,106.4,21.44,36.63,451.9
2026-08-20 18:51:20.152326,Vaishali Nagar,113.1,24.69,46.87,463.3
2026-08-20 19:51:20.152326,Vaishali Nagar,91.8,21.51,39.83,436.4
2026-08-20 20:51:20.152326,Vaishali Nagar,84.2,24.03,47.99,448.0
2026-08-20 21:51:20.152326,Vaishali Nagar,66.7,15.17,27.26,423.1
2026-08-20 22:51:20.152326,Vaishali Nagar,81.9,18.45,34.29,420.4
2026-08-20 23:51:20.152326,Vaishali Nagar,80.7,17.58,31.54,436.3
2026-08-21 00:51:20.152326,Vaishali Nagar,87.1,17.09,29.98,416.6
2026-08-21 01:51:20.152326,Vaishali Nagar,84.4,20.65,41.48,413.8
2026-08-21 02:51:20.152326,Vaishali Nagar,86.7,22.07,42.6,430.6
2026-08-21 03:51:20.152326,Vaishali Nagar,68.6,19.09,37.47,424.7
2026-08-21 04:51:20.152326,Vaishali Nagar,101.5,22.77,37.02,474.5
2026-08-21 05:51:20.152326,Vaishali Nagar,76.0,21.47,40.13,430.0
2026-08-21 06:51:20.152326,Vaishali Nagar,100.8,27.12,48.42,493.3
2026-08-21 07:51:20.152326,Vaishali Nagar,99.2,21.96,43.59,415.2
2026-08-21 08:51:20.152326,Vaishali Nagar,117.8,32.03,61.52,450.6
2026-08-21 09:51:20.152326,Vaishali Nagar,90.8,24.41,44.66,442.2
2026-08-21 10:51:20.152326,Vaishali Nagar,81.4,19.21,33.39,466.7
2026-08-21 11:51:20.152326,Vaishali Nagar,88.0,22.66,36.73,452.2
2026-08-21 12:51:20.152326,Vaishali Nagar,83.5,21.09,43.38,439.5
2026-08-21 13:51:20.152326,Vaishali Nagar,90.0,22.5,43.72,460.0
2026-08-21 14:51:20.152326,Vaishali Nagar,82.6,20.35,38.93,426.9
2026-08-21 15:51:20.152326,Vaishali Nagar,59.2,13.46,29.69,414.2
2026-08-21 16:51:20.152326,Vaishali Nagar,88.3,21.38,44.59,436.5
2026-08-21 17:51:20.152326,Vaishali Nagar,95.0,23.13,44.66,428.5
2026-08-21 18:51:20.152326,Vaishali Nagar,92.1,19.75,38.77,437.7
2026-08-21 19:51:20.152326,Vaishali Nagar,85.9,19.08,35.89,465.1
2026-08-21 20:51:20.152326,Vaishali Nagar,88.6,22.59,45.69,450.7
2026-08-21 21:51:20.152326,Vaishali Nagar,87.8,24.65,41.74,447.9
2026-08-21 22:51:20.152326,Vaishali Nagar,81.2,19.94,37.4,426.7
2026-08-21 23:51:20.152326,Vaishali Nagar,74.0,16.6,32.22,439.7
2026-08-22 00:51:20.152326,Vaishali Nagar,84.1,22.55,41.19,423.3
2026-08-22 01:51:20.152326,Vaishali Nagar,88.9,21.66,39.48,462.2
2026-08-22 02:51:20.152326,Vaishali Nagar,73.8,16.86,34.17,441.0
2026-08-22 03:51:20.152326,Vaishali Nagar,84.4,16.57,24.42,438.7
2026-08-22 04:51:20.152326,Vaishali Nagar,84.8,17.57,36.64,439.4
2026-08-22 05:51:20.152326,Vaishali Nagar,75.0,17.46,29.48,436.1
2026-08-22 06:51:20.152326,Vaishali Nagar,95.4,23.65,42.75,459.1
2026-08-22 07:51:20.152326,Vaishali Nagar,90.5,25.63,47.99,446.8
2026-08-22 08:51:20.152326,Vaishali Nagar,78.2,13.46,25.78,446.3
2026-08-22 09:51:20.152326,Vaishali Nagar,90.5,19.21,39.69,433.3
2026-08-22 10:51:20.152326,Vaishali Nagar,77.2,18.56,34.15,446.3
2026-08-22 11:51:20.152326,Vaishali Nagar,70.4,13.44,28.64,426.8
2026-08-22 12:51:20.152326,Vaishali Nagar,96.6,23.0,41.16,464.5
2026-08-22 13:51:20.152326,Vaishali Nagar,86.5,22.84,41.45,449.8
2026-08-22 14:51:20.152326,Vaishali Nagar,86.5,22.36,44.0,451.0
2026-08-22 15:51:20.152326,Vaishali Nagar,84.0,18.18,35.22,438.8
2026-08-22 16:51:20.152326,Vaishali Nagar,89.7,20.23,36.57,469.4
2026-08-22 17:51:20.152326,Vaishali Nagar,99.8,25.99,44.25,479.4
2026-08-22 18:51:20.152326,Vaishali Nagar,90.4,22.03,38.91,464.0
2026-08-22 19:51:20.152326,Vaishali Nagar,100.5,24.08,44.86,448.0
2026-08-22 20:51:20.152326,Vaishali Nagar,73.1,11.4,17.7,424.3
2026-08-22 21:51:20.152326,Vaishali Nagar,65.2,14.34,28.03,424.8
2026-08-22 22:51:20.152326,Vaishali Nagar,81.8,20.77,40.59,453.2
2026-08-22 23:51:20.152326,Vaishali Nagar,84.0,19.02,32.77,453.5
2026-08-23 00:51:20.152326,Vaishali Nagar,97.2,21.86,38.63,469.7
2026-08-23 01:51:20.152326,Vaishali Nagar,81.0,18.1,30.6,438.2
2026-08-23 02:51:20.152326,Vaishali Nagar,78.5,18.83,40.11,451.2
2026-08-23 03:51:20.152326,Vaishali Nagar,79.9,20.98,39.37,469.0
2026-08-23 04:51:20.152326,Vaishali Nagar,92.4,22.35,42.9,453.1
2026-08-23 05:51:20.152326,Vaishali Nagar,78.9,18.58,35.55,438.5
2026-08-23 06:51:20.152326,Vaishali Nagar,85.7,20.79,37.43,432.3
2026-08-23 07:51:20.152326,Vaishali Nagar,85.1,18.42,36.49,443.2
2026-08-23 08:51:20.152326,Vaishali Nagar,107.5,28.0,50.31,442.6
2026-08-23 09:51:20.152326,Vaishali Nagar,102.5,26.81,46.41,470.4
2026-08-23 10:51:20.152326,Vaishali Nagar,73.7,15.81,27.0,421.4
2026-08-23 11:51:20.152326,Vaishali Nagar,85.4,19.04,37.07,445.0
2026-08-23 12:51:20.152326,Vaishali Nagar,78.2,19.92,35.84,440.7
2026-08-23 13:51:20.152326,Vaishali Nagar,76.1,17.98,30.93,435.7
2026-08-23 14:51:20.152326,Vaishali Nagar,91.5,20.93,37.12,440.1
2026-08-23 15:51:20.152326,Vaishali Nagar,80.8,19.03,38.94,458.3
2026-08-23 16:51:20.152326,Vaishali Nagar,81.6,20.57,34.41,438.9
2026-08-23 17:51:20.152326,Vaishali Nagar,91.9,24.37,41.04,456.9
2026-08-23 18:51:20.152326,Vaishali Nagar,110.4,26.56,46.73,485.5
2026-08-23 19:51:20.152326,Vaishali Nagar,103.8,21.94,41.7,438.7
2026-08-23 20:51:20.152326,Vaishali Nagar,78.8,18.01,35.05,425.4
2026-08-23 21:51:20.152326,Vaishali Nagar,89.3,21.98,39.06,479.2
2026-08-23 22:51:20.152326,Vaishali Nagar,81.4,20.08,37.24,452.3
2026-08-23 23:51:20.152326,Vaishali Nagar,92.3,19.74,38.93,471.1
2026-08-24 00:51:20.152326,Vaishali Nagar,85.2,19.43,37.63,442.7
2026-08-24 01:51:20.152326,Vaishali Nagar,84.9,19.03,32.69,455.0
2026-08-24 02:51:20.152326,Vaishali Nagar,79.4,17.11,31.3,426.1
2026-08-24 03:51:20.152326,Vaishali Nagar,84.6,16.69,34.15,424.6
2026-08-24 04:51:20.152326,Vaishali Nagar,79.0,17.55,31.43,432.9
2026-08-24 05:51:20.152326,Vaishali Nagar,85.0,23.92,41.92,419.5
2026-08-24 06:51:20.152326,Vaishali Nagar,91.4,19.06,39.91,471.6
2026-08-24 07:51:20.152326,Vaishali Nagar,104.3,25.65,50.71,440.1
2026-08-24 08:51:20.152326,Vaishali Nagar,96.9,25.36,42.92,426.5
2026-08-24 09:51:20.152326,Vaishali Nagar,95.0,21.07,41.92,449.9
2026-08-24 10:51:20.152326,Vaishali Nagar,73.9,22.39,38.66,433.8
2026-08-24 11:51:20.152326,Vaishali Nagar,71.5,14.25,31.78,448.9
2026-08-24 12:51:20.152326,Vaishali Nagar,78.2,19.39,38.61,446.1
2026-08-24 13:51:20.152326,Vaishali Nagar,80.2,18.46,34.18,459.9
2026-08-24 14:51:20.152326,Vaishali Nagar,80.5,20.2,29.13,469.9
2026-08-24 15:51:20.152326,Vaishali Nagar,82.2,18.35,35.55,454.8
2026-08-24 16:51:20.152326,Vaishali Nagar,80.7,18.27,38.24,412.9
2026-08-24 17:51:20.152326,Vaishali Nagar,99.4,25.01,49.7,452.9
2026-08-24 18:51:20.152326,Vaishali Nagar,91.2,23.85,46.35,425.8
2026-08-24 19:51:20.152326,Vaishali Nagar,85.5,21.77,41.75,435.9
2026-08-24 20:51:20.152326,Vaishali Nagar,85.1,22.49,42.38,416.1
2026-08-24 21:51:20.152326,Vaishali Nagar,99.7,28.06,43.76,459.6
2026-08-24 22:51:20.152326,Vaishali Nagar,88.4,21.45,39.04,429.1
2026-08-24 23:51:20.152326,Vaishali Nagar,80.9,19.34,32.98,433.6
2026-08-25 00:51:20.152326,Vaishali Nagar,81.9,19.65,37.07,438.9
2026-08-25 01:51:20.152326,Vaishali Nagar,66.7,16.99,28.0,444.6
2026-08-25 02:51:20.152326,Vaishali Nagar,89.2,23.04,44.82,433.5
2026-08-25 03:51:20.152326,Vaishali Nagar,95.0,24.23,43.82,429.7
2026-08-25 04:51:20.152326,Vaishali Nagar,88.9,21.83,35.71,475.1
2026-08-25 05:51:20.152326,Vaishali Nagar,77.6,18.52,37.94,422.3
2026-08-25 06:51:20.152326,Vaishali Nagar,96.7,23.09,40.83,429.4
2026-08-25 07:51:20.152326,Vaishali Nagar,97.7,22.32,40.58,456.4
2026-08-25 08:51:20.152326,Vaishali Nagar,98.4,23.72,40.76,479.5
2026-08-25 09:51:20.152326,Vaishali Nagar,110.7,24.64,41.79,453.8
2026-08-25 10:51:20.152326,Vaishali Nagar,87.8,21.92,39.43,423.5
2026-08-25 11:51:20.152326,Vaishali Nagar,92.4,24.42,43.3,423.9
2026-08-25 12:51:20.152326,Vaishali Nagar,78.4,22.71,39.03,453.6
2026-08-25 13:51:20.152326,Vaishali Nagar,79.3,21.31,35.16,469.1
2026-08-25 14:51:20.152326,Vaishali Nagar,97.2,21.97,44.33,457.1
2026-08-25 15:51:20.152326,Vaishali Nagar,71.0,16.51,26.69,445.7
2026-08-25 16:51:20.152326,Vaishali Nagar,85.0,19.12,35.34,456.4
2026-08-25 17:51:20.152326,Vaishali Nagar,92.7,25.48,43.95,416.1
2026-08-25 18:51:20.152326,Vaishali Nagar,86.5,20.49,38.85,456.7
2026-08-25 19:51:20.152326,Vaishali Nagar,93.7,21.61,34.68,456.5
2026-08-25 20:51:20.152326,Vaishali Nagar,75.4,18.92,29.97,430.6
2026-08-25 21:51:20.152326,Vaishali Nagar,98.6,23.87,47.44,424.1
2026-08-25 22:51:20.152326,Vaishali Nagar,68.5,11.21,23.7,434.1
2026-08-25 23:51:20.152326,Vaishali Nagar,86.9,22.21,44.02,456.2
2026-08-26 00:51:20.152326,Vaishali Nagar,76.3,19.63,42.74,462.1
2026-08-26 01:51:20.152326,Vaishali Nagar,72.8,18.39,33.16,438.6
2026-08-26 02:51:20.152326,Vaishali Nagar,81.7,19.94,35.18,446.3
2026-08-26 03:51:20.152326,Vaishali Nagar,81.3,18.88,39.31,454.5
2026-08-26 04:51:20.152326,Vaishali Nagar,88.3,19.93,38.4,463.0
2026-08-26 05:51:20.152326,Vaishali Nagar,92.0,23.07,47.02,451.8
2026-08-26 06:51:20.152326,Vaishali Nagar,87.5,22.52,43.06,423.3
2026-08-26 07:51:20.152326,Vaishali Nagar,107.6,26.16,49.02,423.6
2026-08-26 08:51:20.152326,Vaishali Nagar,111.1,24.2,44.53,457.1
2026-08-26 09:51:20.152326,Vaishali Nagar,110.9,27.52,52.65,453.9
2026-08-26 10:51:20.152326,Vaishali Nagar,98.1,24.8,43.38,407.2
2026-08-26 11:51:20.152326,Vaishali Nagar,83.5,19.52,32.65,428.5
2026-08-26 12:51:20.152326,Vaishali Nagar,82.3,18.15,32.95,446.3
2026-08-26 13:51:20.152326,Vaishali Nagar,78.4,20.34,33.4,441.2
2026-08-26 14:51:20.152326,Vaishali Nagar,92.2,18.39,29.69,466.7
2026-08-26 15:51:20.152326,Vaishali Nagar,74.9,19.1,37.2,430.2
2026-08-26 16:51:20.152326,Vaishali Nagar,91.0,19.03,33.44,442.5
2026-08-26 17:51:20.152326,Vaishali Nagar,85.8,20.18,32.61,450.6
2026-08-26 18:51:20.152326,Vaishali Nagar,77.5,16.55,34.85,434.4
2026-08-26 19:51:20.152326,Vaishali Nagar,90.3,20.5,39.79,427.8
2026-08-26 20:51:20.152326,Vaishali Nagar,82.8,21.38,40.93,465.2
2026-08-26 21:51:20.152326,Vaishali Nagar,68.4,17.61,29.12,421.1
2026-08-26 22:51:20.152326,Vaishali Nagar,77.4,21.59,38.07,443.0
2026-08-26 23:51:20.152326,Vaishali Nagar,72.7,17.77,34.97,428.0
2026-08-27 00:51:20.152326,Vaishali Nagar,85.4,20.47,40.22,456.7
2026-08-27 01:51:20.152326,Vaishali Nagar,90.5,22.5,45.64,444.2
2026-08-27 02:51:20.152326,Vaishali Nagar,86.8,23.11,45.07,483.6
2026-08-27 03:51:20.152326,Vaishali Nagar,93.3,21.73,39.44,427.1
2026-08-27 04:51:20.152326,Vaishali Nagar,86.7,23.06,44.52,447.9
2026-08-27 05:51:20.152326,Vaishali Nagar,68.6,15.26,27.94,448.8
2026-08-27 06:51:20.152326,Vaishali Nagar,88.8,20.75,43.08,430.4
2026-08-27 07:51:20.152326,Vaishali Nagar,112.9,30.66,55.23,450.5
2026-08-27 08:51:20.152326,Vaishali Nagar,82.9,18.56,36.84,411.4
2026-08-27 09:51:20.152326,Vaishali Nagar,95.1,20.08,34.67,442.1
2026-08-27 10:51:20.152326,Vaishali Nagar,69.5,19.48,41.92,427.1
2026-08-27 11:51:20.152326,Vaishali Nagar,74.6,15.1,28.84,434.3
2026-08-27 12:51:20.152326,Vaishali Nagar,81.8,21.13,42.18,471.4
2026-08-27 13:51:20.152326,Vaishali Nagar,83.1,20.57,37.63,459.4
2026-08-27 14:51:20.152326,Vaishali Nagar,84.5,19.73,36.95,447.3
2026-08-27 15:51:20.152326,Vaishali Nagar,85.5,18.35,35.91,445.5
2026-08-27 16:51:20.152326,Vaishali Nagar,90.1,21.99,39.9,423.9
2026-08-27 17:51:20.152326,Vaishali Nagar,98.6,26.17,51.02,443.9
2026-08-27 18:51:20.152326,Vaishali Nagar,97.2,24.71,43.34,425.1
2026-08-27 19:51:20.152326,Vaishali Nagar,88.6,19.67,34.19,450.3
2026-08-27 20:51:20.152326,Vaishali Nagar,78.5,18.94,38.13,453.9
2026-08-27 21:51:20.152326,Vaishali Nagar,74.2,16.64,34.53,429.5
2026-08-27 22:51:20.152326,Vaishali Nagar,84.8,20.37,38.08,446.1
2026-08-27 23:51:20.152326,Vaishali Nagar,78.9,16.5,25.86,436.5
2026-08-28 00:51:20.152326,Vaishali Nagar,87.4,18.27,35.79,436.3
2026-08-28 01:51:20.152326,Vaishali Nagar,89.9,20.7,40.56,454.5
2026-08-28 02:51:20.152326,Vaishali Nagar,81.5,17.97,35.01,443.0
2026-08-28 03:51:20.152326,Vaishali Nagar,78.8,17.94,36.92,444.4
2026-08-28 04:51:20.152326,Vaishali Nagar,74.9,20.82,34.87,436.8
2026-08-28 05:51:20.152326,Vaishali Nagar,80.1,14.7,23.74,440.4
2026-08-28 06:51:20.152326,Vaishali Nagar,80.4,18.76,36.36,432.4
2026-08-28 07:51:20.152326,Vaishali Nagar,95.8,22.8,42.32,454.8
2026-08-28 08:51:20.152326,Vaishali Nagar,108.3,24.15,46.38,467.4
2026-08-28 09:51:20.152326,Vaishali Nagar,84.9,20.09,34.41,440.4
2026-08-28 10:51:20.152326,Vaishali Nagar,93.4,20.06,35.26,475.9
2026-08-28 11:51:20.152326,Vaishali Nagar,84.9,22.24,38.94,449.6
2026-08-28 12:51:20.152326,Vaishali Nagar,90.1,21.3,42.47,435.5
2026-08-28 13:51:20.152326,Vaishali Nagar,67.8,15.3,24.49,423.8
2026-08-28 14:51:20.152326,Vaishali Nagar,65.2,13.71,28.22,429.2
2026-08-28 15:51:20.152326,Vaishali Nagar,76.5,17.33,28.95,449.8
2026-08-28 16:51:20.152326,Vaishali Nagar,76.4,17.23,33.92,462.6
2026-08-28 17:51:20.152326,Vaishali Nagar,89.2,21.23,36.68,430.4
2026-08-28 18:51:20.152326,Vaishali Nagar,102.3,27.78,54.73,433.0
2026-08-28 19:51:20.152326,Vaishali Nagar,91.4,20.43,36.8,447.8
2026-08-28 20:51:20.152326,Vaishali Nagar,85.9,19.06,36.53,444.6
2026-08-28 21:51:20.152326,Vaishali Nagar,80.0,18.85,36.99,464.6
2026-08-28 22:51:20.152326,Vaishali Nagar,75.1,17.91,33.53,439.6
2026-08-28 23:51:20.152326,Vaishali Nagar,74.8,19.29,36.36,449.8
2026-08-29 00:51:20.152326,Vaishali Nagar,73.9,21.81,46.05,437.7
2026-08-29 01:51:20.152326,Vaishali Nagar,71.5,14.74,24.66,441.3
2026-08-29 02:51:20.152326,Vaishali Nagar,79.2,16.82,30.37,440.5
2026-08-29 03:51:20.152326,Vaishali Nagar,95.6,28.09,55.37,428.7
2026-08-29 04:51:20.152326,Vaishali Nagar,95.7,26.19,44.22,432.5
2026-08-29 05:51:20.152326,Vaishali Nagar,78.3,19.22,38.61,424.9
2026-08-29 06:51:20.152326,Vaishali Nagar,71.2,20.28,41.88,410.5
2026-08-29 07:51:20.152326,Vaishali Nagar,96.4,23.91,50.28,440.1
2026-08-29 08:51:20.152326,Vaishali Nagar,103.9,25.67,50.88,427.9
2026-08-29 09:51:20.152326,Vaishali Nagar,98.6,24.63,49.65,439.1
2026-08-29 10:51:20.152326,Vaishali Nagar,92.7,22.42,40.66,435.6
2026-08-29 11:51:20.152326,Vaishali Nagar,95.9,22.24,45.05,455.4
2026-08-29 12:51:20.152326,Vaishali Nagar,73.9,14.77,25.71,438.2
2026-08-29 13:51:20.152326,Vaishali Nagar,81.0,17.92,31.37,443.3
2026-08-29 14:51:20.152326,Vaishali Nagar,81.8,22.09,33.15,432.1
2026-08-29 15:51:20.152326,Vaishali Nagar,88.3,19.57,39.88,472.5
2026-08-29 16:51:20.152326,Vaishali Nagar,96.9,22.95,38.63,442.0
2026-08-29 17:51:20.152326,Vaishali Nagar,93.1,22.2,45.64,427.5
2026-08-29 18:51:20.152326,Vaishali Nagar,89.0,16.95,26.37,436.3
2026-08-29 19:51:20.152326,Vaishali Nagar,94.6,20.17,36.11,436.8
2026-08-29 20:51:20.152326,Vaishali Nagar,82.8,20.78,38.37,447.7
2026-08-29 21:51:20.152326,Vaishali Nagar,90.3,20.81,39.03,448.9
2026-08-29 22:51:20.152326,Vaishali Nagar,89.3,22.67,38.26,471.9
2026-08-29 23:51:20.152326,Vaishali Nagar,87.9,21.94,42.86,453.5
2026-08-30 00:51:20.152326,Vaishali Nagar,87.1,20.48,35.25,439.8
2026-08-30 01:51:20.152326,Vaishali Nagar,87.7,23.64,47.55,419.6
2026-08-30 02:51:20.152326,Vaishali Nagar,87.2,23.69,45.15,472.7
2026-08-30 03:51:20.152326,Vaishali Nagar,96.3,22.39,45.51,435.5
2026-08-30 04:51:20.152326,Vaishali Nagar,79.4,15.55,29.63,440.6
2026-08-30 05:51:20.152326,Vaishali Nagar,75.9,18.25,30.66,449.8
2026-08-30 06:51:20.152326,Vaishali Nagar,77.3,14.3,23.79,457.2
2026-08-30 07:51:20.152326,Vaishali Nagar,101.5,22.97,44.99,428.7
2026-08-30 08:51:20.152326,Vaishali Nagar,95.2,23.0,45.15,411.0
2026-08-30 09:51:20.152326,Vaishali Nagar,90.4,20.38,35.93,458.1
2026-08-30 10:51:20.152326,Vaishali Nagar,72.5,19.79,27.51,453.1
2026-08-30 11:51:20.152326,Vaishali Nagar,74.4,19.69,34.53,425.2
2026-08-30 12:51:20.152326,Vaishali Nagar,87.5,21.63,35.0,452.5
2026-08-30 13:51:20.152326,Vaishali Nagar,78.5,14.86,21.76,420.6
2026-08-30 14:51:20.152326,Vaishali Nagar,102.3,23.17,53.58,443.1
2026-08-30 15:51:20.152326,Vaishali Nagar,85.4,19.04,34.65,429.6
2026-08-30 16:51:20.152326,Vaishali Nagar,88.7,21.96,41.38,434.2
2026-08-30 17:51:20.152326,Vaishali Nagar,96.3,24.79,49.28,457.4
2026-08-30 18:51:20.152326,Vaishali Nagar,96.4,23.86,43.87,453.3
2026-08-30 19:51:20.152326,Vaishali Nagar,101.5,22.86,44.46,441.0
2026-08-30 20:51:20.152326,Vaishali Nagar,75.5,21.99,40.64,445.9
2026-08-30 21:51:20.152326,Vaishali Nagar,97.7,23.96,48.49,425.2
2026-08-30 22:51:20.152326,Vaishali Nagar,97.2,21.93,39.34,457.0
2026-08-30 23:51:20.152326,Vaishali Nagar,73.7,17.1,34.11,427.6
2026-08-31 00:51:20.152326,Vaishali Nagar,79.0,16.54,35.61,439.7
2026-08-31 01:51:20.152326,Vaishali Nagar,95.4,19.29,32.08,434.6
2026-08-31 02:51:20.152326,Vaishali Nagar,83.0,19.56,35.91,449.8
2026-08-31 03:51:20.152326,Vaishali Nagar,84.6,21.23,37.59,435.9
2026-08-31 04:51:20.152326,Vaishali Nagar,81.7,22.03,37.95,447.7
2026-08-31 05:51:20.152326,Vaishali Nagar,77.7,16.16,28.43,451.9
2026-08-31 06:51:20.152326,Vaishali Nagar,82.6,20.12,39.72,441.3
2026-08-31 07:51:20.152326,Vaishali Nagar,100.1,23.22,43.32,466.8
2026-08-31 08:51:20.152326,Vaishali Nagar,94.4,21.61,40.94,443.2
2026-08-31 09:51:20.152326,Vaishali Nagar,102.4,23.7,47.57,440.5
2026-08-31 10:51:20.152326,Vaishali Nagar,78.2,16.34,29.24,437.6
2026-08-31 11:51:20.152326,Vaishali Nagar,85.8,20.53,47.18,436.6
2026-08-31 12:51:20.152326,Vaishali Nagar,73.5,19.59,39.48,439.0
2026-08-31 13:51:20.152326,Vaishali Nagar,76.8,17.03,24.12,431.6
2026-08-31 14:51:20.152326,Vaishali Nagar,67.3,15.74,25.89,432.6
2026-08-31 15:51:20.152326,Vaishali Nagar,73.7,16.37,33.69,473.5
2026-08-31 16:51:20.152326,Vaishali Nagar,84.2,19.55,41.27,457.5
2026-08-31 17:51:20.152326,Vaishali Nagar,86.7,18.5,34.32,443.7
2026-08-31 18:51:20.152326,Vaishali Nagar,92.7,21.58,34.45,420.9
2026-08-31 19:51:20.152326,Vaishali Nagar,84.1,21.47,41.18,433.4
2026-08-31 20:51:20.152326,Vaishali Nagar,78.8,18.43,29.15,432.3
2026-08-31 21:51:20.152326,Vaishali Nagar,74.3,17.51,37.47,414.2
2026-08-31 22:51:20.152326,Vaishali Nagar,73.5,19.56,39.29,449.6
2026-08-31 23:51:20.152326,Vaishali Nagar,89.6,24.49,44.74,427.5
2026-09-01 00:51:20.152326,Vaishali Nagar,76.6,16.2,30.57,418.1
2026-09-01 01:51:20.152326,Vaishali Nagar,95.7,22.86,40.34,457.6
2026-09-01 02:51:20.152326,Vaishali Nagar,87.6,18.5,38.57,447.9
2026-09-01 03:51:20.152326,Vaishali Nagar,68.9,18.38,37.84,438.1
2026-09-01 04:51:20.152326,Vaishali Nagar,79.8,16.98,29.12,470.7
2026-09-01 05:51:20.152326,Vaishali Nagar,74.9,16.64,33.54,446.9
2026-09-01 06:51:20.152326,Vaishali Nagar,103.0,26.9,49.34,446.7
2026-09-01 07:51:20.152326,Vaishali Nagar,94.6,18.6,32.26,448.2
2026-09-01 08:51:20.152326,Vaishali Nagar,96.1,24.96,45.08,456.0
2026-09-01 09:51:20.152326,Vaishali Nagar,100.2,21.95,36.58,435.6
2026-09-01 10:51:20.152326,Vaishali Nagar,93.4,24.47,46.79,455.4
2026-09-01 11:51:20.152326,Vaishali Nagar,93.1,19.62,34.07,422.7
2026-09-01 12:51:20.152326,Vaishali Nagar,77.0,19.82,40.51,429.8
2026-09-01 13:51:20.152326,Vaishali Nagar,79.2,22.42,44.1,440.1
2026-09-01 14:51:20.152326,Vaishali Nagar,85.0,21.0,38.24,434.0
2026-09-01 15:51:20.152326,Vaishali Nagar,78.0,17.38,33.74,442.9
2026-09-01 16:51:20.152326,Vaishali Nagar,79.7,21.2,40.25,431.9
2026-09-01 17:51:20.152326,Vaishali Nagar,88.5,20.84,38.9,405.3
2026-09-01 18:51:20.152326,Vaishali Nagar,91.5,22.2,43.88,471.4
2026-09-01 19:51:20.152326,Vaishali Nagar,87.8,18.41,29.1,422.0
2026-09-01 20:51:20.152326,Vaishali Nagar,76.0,20.54,41.1,427.4
2026-09-01 21:51:20.152326,Vaishali Nagar,78.3,19.92,30.69,430.9
2026-09-01 22:51:20.152326,Vaishali Nagar,87.7,22.56,40.31,419.5
2026-09-01 23:51:20.152326,Vaishali Nagar,86.5,19.26,32.88,428.2
2026-09-02 00:51:20.152326,Vaishali Nagar,89.7,20.41,38.78,404.5
2026-09-02 01:51:20.152326,Vaishali Nagar,84.1,20.19,37.42,470.7
2026-09-02 02:51:20.152326,Vaishali Nagar,77.7,21.54,36.67,439.3
2026-09-02 03:51:20.152326,Vaishali Nagar,89.9,19.34,35.51,448.9
2026-09-02 04:51:20.152326,Vaishali Nagar,83.0,18.34,29.92,437.1
2026-09-02 05:51:20.152326,Vaishali Nagar,88.0,21.08,38.68,427.4
2026-09-02 06:51:20.152326,Vaishali Nagar,87.0,17.45,33.93,431.9
2026-09-02 07:51:20.152326,Vaishali Nagar,92.3,23.06,39.6,447.9
2026-09-02 08:51:20.152326,Vaishali Nagar,97.0,24.49,48.76,442.6
2026-09-02 09:51:20.152326,Vaishali Nagar,95.5,21.98,35.9,484.5
2026-09-02 10:51:20.152326,Vaishali Nagar,84.1,18.03,35.63,452.9
2026-09-02 11:51:20.152326,Vaishali Nagar,97.7,21.59,39.92,428.8
2026-09-02 12:51:20.152326,Vaishali Nagar,80.3,21.44,35.65,454.2
2026-09-02 13:51:20.152326,Vaishali Nagar,75.8,17.16,27.18,442.7
2026-09-02 14:51:20.152326,Vaishali Nagar,83.5,22.62,47.35,425.8
2026-09-02 15:51:20.152326,Vaishali Nagar,79.9,17.84,30.06,427.1
2026-09-02 16:51:20.152326,Vaishali Nagar,70.6,12.71,26.41,422.8
2026-09-02 17:51:20.152326,Vaishali Nagar,94.2,22.99,46.55,441.8
2026-09-02 18:51:20.152326,Vaishali Nagar,97.6,22.48,42.27,467.8
2026-09-02 19:51:20.152326,Vaishali Nagar,95.3,18.75,36.32,435.0
2026-09-02 20:51:20.152326,Vaishali Nagar,69.0,14.29,20.93,424.1
2026-09-02 21:51:20.152326,Vaishali Nagar,78.3,17.92,37.55,439.9
2026-09-02 22:51:20.152326,Vaishali Nagar,84.6,20.33,28.24,430.8
2026-09-02 23:51:20.152326,Vaishali Nagar,70.9,16.58,29.25,401.2
2026-09-03 00:51:20.152326,Vaishali Nagar,91.5,20.64,38.99,448.6
2026-09-03 01:51:20.152326,Vaishali Nagar,86.5,22.93,39.68,449.9
2026-09-03 02:51:20.152326,Vaishali Nagar,96.8,23.71,46.42,448.3
2026-09-03 03:51:20.152326,Vaishali Nagar,71.3,17.46,36.23,436.6
2026-09-03 04:51:20.152326,Vaishali Nagar,80.7,12.56,20.16,405.1
2026-09-03 05:51:20.152326,Vaishali Nagar,95.2,22.59,42.51,466.1
2026-09-03 06:51:20.152326,Vaishali Nagar,86.6,18.96,34.67,458.3
2026-09-03 07:51:20.152326,Vaishali Nagar,104.2,23.22,44.94,452.7
2026-09-03 08:51:20.152326,Vaishali Nagar,91.7,20.52,42.6,444.8
2026-09-03 09:51:20.152326,Vaishali Nagar,94.9,23.3,41.56,457.6
2026-09-03 10:51:20.152326,Vaishali Nagar,92.5,22.08,37.94,433.0
2026-09-03 11:51:20.152326,Vaishali Nagar,92.1,19.35,40.79,435.0
2026-09-03 12:51:20.152326,Vaishali Nagar,78.8,18.03,30.68,438.6
2026-09-03 13:51:20.152326,Vaishali Nagar,86.3,21.03,40.24,459.4
2026-09-03 14:51:20.152326,Vaishali Nagar,86.8,17.03,34.21,430.6
2026-09-03 15:51:20.152326,Vaishali Nagar,91.7,21.15,39.42,425.2
2026-09-03 16:51:20.152326,Vaishali Nagar,68.3,17.77,26.19,444.3
2026-09-03 17:51:20.152326,Vaishali Nagar,96.5,24.98,45.2,423.3
2026-09-03 18:51:20.152326,Vaishali Nagar,100.2,25.13,48.13,444.5
2026-09-03 19:51:20.152326,Vaishali Nagar,86.4,20.59,35.54,429.8
2026-09-03 20:51:20.152326,Vaishali Nagar,91.9,23.7,44.86,445.8
2026-09-03 21:51:20.152326,Vaishali Nagar,84.5,21.0,39.11,433.7
2026-09-03 22:51:20.152326,Vaishali Nagar,70.2,15.53,26.35,428.4
2026-09-03 23:51:20.152326,Vaishali Nagar,96.0,23.75,41.66,418.8
2026-09-04 00:51:20.152326,Vaishali Nagar,72.5,15.98,29.16,432.3
2026-09-04 01:51:20.152326,Vaishali Nagar,87.2,22.08,40.96,438.7
2026-09-04 02:51:20.152326,Vaishali Nagar,81.1,24.44,42.99,446.6
2026-09-04 03:51:20.152326,Vaishali Nagar,80.9,17.76,34.44,428.6
2026-09-04 04:51:20.152326,Vaishali Nagar,86.8,23.26,42.43,444.4
2026-09-04 05:51:20.152326,Vaishali Nagar,81.5,21.96,42.44,450.0
2026-09-04 06:51:20.152326,Vaishali Nagar,87.6,20.12,33.95,449.2
2026-09-04 07:51:20.152326,Vaishali Nagar,88.1,21.65,34.5,431.2
2026-09-04 08:51:20.152326,Vaishali Nagar,87.0,22.76,48.26,420.7
2026-09-04 09:51:20.152326,Vaishali Nagar,105.9,26.78,50.93,412.6
2026-09-04 10:51:20.152326,Vaishali Nagar,65.1,15.48,28.87,448.5
2026-09-04 11:51:20.152326,Vaishali Nagar,100.5,21.97,42.67,477.1
2026-09-04 12:51:20.152326,Vaishali Nagar,97.6,24.57,47.41,445.7
2026-09-04 13:51:20.152326,Vaishali Nagar,93.1,21.28,35.8,443.2
2026-09-04 14:51:20.152326,Vaishali Nagar,77.0,18.15,38.88,425.7
2026-09-04 15:51:20.152326,Vaishali Nagar,79.4,19.33,36.64,412.8
2026-09-04 16:51:20.152326,Vaishali Nagar,67.8,16.55,29.77,431.1
2026-09-04 17:51:20.152326,Vaishali Nagar,99.9,25.07,47.56,475.3
2026-09-04 18:51:20.152326,Vaishali Nagar,110.7,31.02,58.6,479.0
2026-09-04 19:51:20.152326,Vaishali Nagar,89.1,21.53,43.11,470.2
2026-09-04 20:51:20.152326,Vaishali Nagar,70.9,13.33,20.4,429.0
2026-09-04 21:51:20.152326,Vaishali Nagar,75.2,20.49,42.13,437.3
2026-09-04 22:51:20.152326,Vaishali Nagar,83.7,23.13,36.14,442.7
2026-09-04 23:51:20.152326,Vaishali Nagar,92.6,23.56,46.5,461.0
2026-09-05 00:51:20.152326,Vaishali Nagar,72.8,21.64,41.05,412.5
2026-09-05 01:51:20.152326,Vaishali Nagar,74.4,22.25,38.4,423.2
2026-09-05 02:51:20.152326,Vaishali Nagar,78.6,17.25,31.17,433.4
2026-09-05 03:51:20.152326,Vaishali Nagar,87.0,21.96,42.45,460.3
2026-09-05 04:51:20.152326,Vaishali Nagar,78.4,22.65,37.87,420.3
2026-09-05 05:51:20.152326,Vaishali Nagar,88.8,22.27,36.95,403.0
2026-09-05 06:51:20.152326,Vaishali Nagar,92.4,19.71,36.37,454.8
2026-09-05 07:51:20.152326,Vaishali Nagar,92.7,25.57,47.24,424.7
2026-09-05 08:51:20.152326,Vaishali Nagar,103.7,28.08,51.67,452.8
2026-09-05 09:51:20.152326,Vaishali Nagar,93.6,21.69,38.95,454.0
2026-09-05 10:51:20.152326,Vaishali Nagar,92.9,21.47,41.29,407.7
2026-09-05 11:51:20.152326,Vaishali Nagar,92.1,23.29,47.81,468.8
2026-09-05 12:51:20.152326,Vaishali Nagar,81.8,21.41,38.81,453.7
2026-09-05 13:51:20.152326,Vaishali Nagar,79.2,15.67,24.15,426.2
2026-09-05 14:51:20.152326,Vaishali Nagar,85.6,21.64,40.24,447.2
2026-09-05 15:51:20.152326,Vaishali Nagar,92.2,21.06,37.52,420.5
2026-09-05 16:51:20.152326,Vaishali Nagar,90.8,21.88,33.76,430.6
2026-09-05 17:51:20.152326,Vaishali Nagar,102.9,22.53,42.88,429.7
2026-09-05 18:51:20.152326,Vaishali Nagar,101.8,24.3,39.86,424.0
2026-09-05 19:51:20.152326,Vaishali Nagar,95.0,22.87,42.19,470.3
2026-09-05 20:51:20.152326,Vaishali Nagar,97.3,24.14,43.81,424.2
2026-09-05 21:51:20.152326,Vaishali Nagar,84.3,20.51,40.32,442.2
2026-09-05 22:51:20.152326,Vaishali Nagar,91.8,22.95,42.42,467.6
2026-09-05 23:51:20.152326,Vaishali Nagar,77.3,16.05,30.23,433.2
2026-09-06 00:51:20.152326,Vaishali Nagar,79.3,17.85,34.0,433.8
2026-09-06 01:51:20.152326,Vaishali Nagar,80.1,15.83,28.32,458.5
2026-09-06 02:51:20.152326,Vaishali Nagar,80.8,21.11,41.08,435.2
2026-09-06 03:51:20.152326,Vaishali Nagar,97.6,23.97,47.57,454.0
2026-09-06 04:51:20.152326,Vaishali Nagar,83.5,23.02,41.63,464.3
2026-09-06 05:51:20.152326,Vaishali Nagar,80.7,16.75,28.16,431.5
2026-09-06 06:51:20.152326,Vaishali Nagar,82.8,23.68,42.62,467.8
2026-09-06 07:51:20.152326,Vaishali Nagar,115.4,29.96,52.77,453.4
2026-09-06 08:51:20.152326,Vaishali Nagar,106.3,24.59,41.79,438.5
2026-09-06 09:51:20.152326,Vaishali Nagar,113.6,29.02,57.95,465.8
2026-09-06 10:51:20.152326,Vaishali Nagar,72.3,20.85,38.66,418.1
2026-09-06 11:51:20.152326,Vaishali Nagar,99.0,27.26,48.96,441.0
2026-09-06 12:51:20.152326,Vaishali Nagar,84.2,17.56,33.55,433.3
2026-09-06 13:51:20.152326,Vaishali Nagar,97.0,23.1,43.21,434.9
2026-09-06 14:51:20.152326,Vaishali Nagar,92.1,19.85,36.09,436.5
2026-09-06 15:51:20.152326,Vaishali Nagar,83.5,21.75,36.89,452.9
2026-09-06 16:51:20.152326,Vaishali Nagar,81.1,17.38,35.33,432.1
2026-09-06 17:51:20.152326,Vaishali Nagar,89.6,20.92,32.81,430.2
2026-09-06 18:51:20.152326,Vaishali Nagar,86.2,17.52,28.54,433.2
2026-09-06 19:51:20.152326,Vaishali Nagar,90.6,23.09,47.66,426.7
2026-09-06 20:51:20.152326,Vaishali Nagar,90.4,22.81,44.07,451.1
2026-09-06 21:51:20.152326,Vaishali Nagar,87.8,20.96,42.53,411.4
2026-09-06 22:51:20.152326,Vaishali Nagar,78.1,16.34,31.89,426.5
2026-09-06 23:51:20.152326,Vaishali Nagar,91.7,21.93,42.97,467.8
2026-09-07 00:51:20.152326,Vaishali Nagar,74.1,18.68,32.47,443.5
2026-09-07 01:51:20.152326,Vaishali Nagar,87.5,22.45,40.02,421.7
2026-09-07 02:51:20.152326,Vaishali Nagar,76.1,16.92,26.28,429.9
2026-09-07 03:51:20.152326,Vaishali Nagar,82.7,22.38,42.11,421.4
2026-09-07 04:51:20.152326,Vaishali Nagar,81.1,19.5,40.87,457.0
2026-09-07 05:51:20.152326,Vaishali Nagar,87.3,20.41,35.22,465.6
2026-09-07 06:51:20.152326,Vaishali Nagar,77.4,20.48,38.17,419.0
2026-09-07 07:51:20.152326,Vaishali Nagar,89.7,19.58,41.46,468.6
2026-09-07 08:51:20.152326,Vaishali Nagar,96.7,22.63,39.76,450.7
2026-09-07 09:51:20.152326,Vaishali Nagar,94.0,26.41,51.6,438.1
2026-09-07 10:51:20.152326,Vaishali Nagar,88.3,18.86,33.2,437.9
2026-09-07 11:51:20.152326,Vaishali Nagar,90.2,19.84,37.72,450.2
2026-09-07 12:51:20.152326,Vaishali Nagar,83.7,21.52,37.42,453.2
2026-09-07 13:51:20.152326,Vaishali Nagar,73.1,19.44,36.96,415.0
2026-09-07 14:51:20.152326,Vaishali Nagar,74.7,18.31,34.95,425.1
2026-09-07 15:51:20.152326,Vaishali Nagar,83.7,20.31,35.35,439.8
2026-09-07 16:51:20.152326,Vaishali Nagar,71.1,15.74,27.58,412.0
2026-09-07 17:51:20.152326,Vaishali Nagar,82.3,19.07,40.53,433.9
2026-09-07 18:51:20.152326,Vaishali Nagar,92.3,19.26,29.77,425.7
2026-09-07 19:51:20.152326,Vaishali Nagar,99.4,23.25,40.89,456.4
2026-09-07 20:51:20.152326,Vaishali Nagar,95.9,22.61,39.83,449.5
2026-09-07 21:51:20.152326,Vaishali Nagar,80.3,17.67,31.75,412.8
2026-09-07 22:51:20.152326,Vaishali Nagar,77.7,21.03,39.92,455.0
2026-09-07 23:51:20.152326,Vaishali Nagar,82.9,21.7,41.65,431.7
2026-09-08 00:51:20.152326,Vaishali Nagar,66.6,13.88,22.41,433.1
2026-09-08 01:51:20.152326,Vaishali Nagar,83.4,19.28,38.79,454.6
2026-09-08 02:51:20.152326,Vaishali Nagar,100.0,24.84,43.83,425.6
2026-09-08 03:51:20.152326,Vaishali Nagar,91.0,19.51,37.87,442.4
2026-09-08 04:51:20.152326,Vaishali Nagar,73.2,18.42,35.07,444.3
2026-09-08 05:51:20.152326,Vaishali Nagar,78.2,17.94,26.76,444.8
2026-09-08 06:51:20.152326,Vaishali Nagar,92.9,24.25,47.4,449.4
2026-09-08 07:51:20.152326,Vaishali Nagar,88.6,21.24,39.04,447.8
2026-09-08 08:51:20.152326,Vaishali Nagar,90.2,22.18,41.34,468.4
2026-09-08 09:51:20.152326,Vaishali Nagar,85.3,23.3,47.15,444.1
2026-09-08 10:51:20.152326,Vaishali Nagar,88.0,21.34,33.44,451.8
2026-09-08 11:51:20.152326,Vaishali Nagar,88.0,19.04,31.8,432.0
2026-09-08 12:51:20.152326,Vaishali Nagar,88.1,24.41,46.05,434.1
2026-09-08 13:51:20.152326,Vaishali Nagar,81.6,21.46,43.83,442.7
2026-09-08 14:51:20.152326,Vaishali Nagar,78.9,23.19,35.36,440.1
2026-09-08 15:51:20.152326,Vaishali Nagar,77.7,19.74,35.15,416.4
2026-09-08 16:51:20.152326,Vaishali Nagar,78.4,22.7,37.96,433.2
2026-09-08 17:51:20.152326,Vaishali Nagar,100.7,22.86,41.51,463.0
2026-09-08 18:51:20.152326,Vaishali Nagar,85.1,18.83,29.58,442.4
2026-09-08 19:51:20.152326,Vaishali Nagar,98.3,29.0,55.48,462.2
2026-09-08 20:51:20.152326,Vaishali Nagar,87.8,24.79,49.45,441.9
2026-09-08 21:51:20.152326,Vaishali Nagar,86.4,21.44,44.29,466.2
2026-09-08 22:51:20.152326,Vaishali Nagar,85.9,18.27,30.15,429.7
2026-09-08 23:51:20.152326,Vaishali Nagar,86.6,15.86,26.08,448.8
2026-09-09 00:51:20.152326,Vaishali Nagar,83.2,16.24,29.16,444.1
2026-09-09 01:51:20.152326,Vaishali Nagar,88.7,17.81,33.35,441.6
2026-09-09 02:51:20.152326,Vaishali Nagar,85.3,21.78,46.12,415.8
2026-09-09 03:51:20.152326,Vaishali Nagar,77.4,20.94,34.68,436.8
2026-09-09 04:51:20.152326,Vaishali Nagar,78.2,17.82,29.49,444.5
2026-09-09 05:51:20.152326,Vaishali Nagar,77.5,15.33,28.25,448.0
2026-09-09 06:51:20.152326,Vaishali Nagar,85.4,17.92,32.06,448.8
2026-09-09 07:51:20.152326,Vaishali Nagar,97.9,24.77,45.76,444.6
2026-09-09 08:51:20.152326,Vaishali Nagar,97.5,22.0,39.21,426.8
2026-09-09 09:51:20.152326,Vaishali Nagar,91.8,22.13,43.53,445.3
2026-09-09 10:51:20.152326,Vaishali Nagar,78.1,16.14,33.83,415.9
2026-09-09 11:51:20.152326,Vaishali Nagar,84.1,18.25,32.96,458.1
2026-09-09 12:51:20.152326,Vaishali Nagar,85.6,20.38,35.81,445.2
2026-09-09 13:51:20.152326,Vaishali Nagar,79.0,16.24,28.28,466.3
2026-09-09 14:51:20.152326,Vaishali Nagar,76.0,17.04,31.41,454.2
2026-09-09 15:51:20.152326,Vaishali Nagar,82.3,17.1,28.82,436.5
2026-09-09 16:51:20.152326,Vaishali Nagar,87.9,21.92,42.84,425.2
2026-09-09 17:51:20.152326,Vaishali Nagar,100.2,24.78,45.16,432.3
2026-09-09 18:51:20.152326,Vaishali Nagar,81.4,20.99,36.88,432.9
2026-09-09 19:51:20.152326,Vaishali Nagar,86.7,20.7,37.58,405.1
2026-09-09 20:51:20.152326,Vaishali Nagar,84.1,21.49,43.68,416.3
2026-09-09 21:51:20.152326,Vaishali Nagar,83.1,18.0,34.7,455.6
2026-09-09 22:51:20.152326,Vaishali Nagar,69.7,17.89,31.92,444.4
2026-09-09 23:51:20.152326,Vaishali Nagar,83.8,18.61,32.04,466.4
2026-09-10 00:51:20.152326,Vaishali Nagar,83.5,18.99,39.15,453.4
2026-09-10 01:51:20.152326,Vaishali Nagar,75.5,19.18,32.97,461.8
2026-09-10 02:51:20.152326,Vaishali Nagar,79.0,20.9,42.75,443.1
2026-09-10 03:51:20.152326,Vaishali Nagar,93.1,22.62,41.56,425.7
2026-09-10 04:51:20.152326,Vaishali Nagar,79.5,13.04,19.7,440.2
2026-09-10 05:51:20.152326,Vaishali Nagar,66.5,17.92,27.9,431.3
2026-09-10 06:51:20.152326,Vaishali Nagar,87.8,21.52,33.19,460.4
2026-09-10 07:51:20.152326,Vaishali Nagar,96.0,21.03,35.95,458.2
2026-09-10 08:51:20.152326,Vaishali Nagar,97.2,20.53,36.0,451.6
2026-09-10 09:51:20.152326,Vaishali Nagar,89.9,23.51,43.57,487.0
2026-09-10 10:51:20.152326,Vaishali Nagar,85.8,20.41,38.91,454.4
2026-09-10 11:51:20.152326,Vaishali Nagar,81.6,22.54,44.35,467.7
2026-09-10 12:51:20.152326,Vaishali Nagar,84.5,19.27,41.4,440.4
2026-09-10 13:51:20.152326,Vaishali Nagar,85.0,16.83,33.99,452.3
2026-09-10 14:51:20.152326,Vaishali Nagar,90.5,21.46,38.92,421.7
2026-09-10 15:51:20.152326,Vaishali Nagar,91.1,20.5,40.73,442.2
2026-09-10 16:51:20.152326,Vaishali Nagar,78.1,20.33,35.49,427.7
2026-09-10 17:51:20.152326,Vaishali Nagar,86.0,19.03,33.39,421.6
2026-09-10 18:51:20.152326,Vaishali Nagar,103.2,22.04,37.93,454.6
2026-09-10 19:51:20.152326,Vaishali Nagar,84.5,18.51,34.85,471.9
2026-09-10 20:51:20.152326,Vaishali Nagar,85.4,19.82,35.93,441.0
2026-09-10 21:51:20.152326,Vaishali Nagar,74.8,20.26,36.87,431.6
2026-09-10 22:51:20.152326,Vaishali Nagar,76.3,21.5,38.99,413.9
2026-09-10 23:51:20.152326,Vaishali Nagar,78.5,18.54,35.5,466.0
2026-09-11 00:51:20.152326,Vaishali Nagar,96.4,20.77,40.51,433.4
2026-09-11 01:51:20.152326,Vaishali Nagar,75.3,17.86,37.03,451.8
2026-09-11 02:51:20.152326,Vaishali Nagar,81.9,18.84,35.19,462.5
2026-09-11 03:51:20.152326,Vaishali Nagar,80.0,17.52,29.75,456.3
2026-09-11 04:51:20.152326,Vaishali Nagar,90.5,21.46,38.46,456.4
2026-09-11 05:51:20.152326,Vaishali Nagar,72.4,15.0,28.25,444.9
2026-09-11 06:51:20.152326,Vaishali Nagar,81.8,18.71,36.39,440.0
2026-09-11 07:51:20.152326,Vaishali Nagar,106.7,24.97,43.75,436.3
2026-09-11 08:51:20.152326,Vaishali Nagar,106.0,26.95,51.93,426.1
2026-09-11 09:51:20.152326,Vaishali Nagar,96.7,16.54,28.8,444.8
2026-09-11 10:51:20.152326,Vaishali Nagar,76.3,18.46,32.07,422.0
2026-09-11 11:51:20.152326,Vaishali Nagar,76.5,20.42,37.19,439.3
2026-09-11 12:51:20.152326,Vaishali Nagar,81.5,18.64,36.68,437.3
2026-09-11 13:51:20.152326,Vaishali Nagar,100.5,26.18,45.95,448.4
2026-09-11 14:51:20.152326,Vaishali Nagar,99.7,22.92,42.04,460.6
2026-09-11 15:51:20.152326,Vaishali Nagar,75.0,18.56,40.88,423.1
2026-09-11 16:51:20.152326,Vaishali Nagar,87.6,18.82,38.13,438.4
2026-09-11 17:51:20.152326,Vaishali Nagar,100.7,24.61,43.14,443.9
2026-09-11 18:51:20.152326,Vaishali Nagar,83.4,22.49,36.92,443.0
2026-09-11 19:51:20.152326,Vaishali Nagar,104.8,26.53,51.94,450.9
2026-09-11 20:51:20.152326,Vaishali Nagar,83.5,19.54,38.74,450.1
2026-09-11 21:51:20.152326,Vaishali Nagar,77.3,18.35,31.17,452.3
2026-09-11 22:51:20.152326,Vaishali Nagar,89.0,20.19,39.63,446.4
2026-09-11 23:51:20.152326,Vaishali Nagar,76.5,20.09,38.11,448.0
2026-09-12 00:51:20.152326,Vaishali Nagar,77.6,16.21,23.21,456.9
2026-09-12 01:51:20.152326,Vaishali Nagar,79.3,17.62,33.91,449.9
2026-09-12 02:51:20.152326,Vaishali Nagar,94.4,27.19,49.58,459.5
2026-09-12 03:51:20.152326,Vaishali Nagar,80.8,19.58,41.7,429.9
2026-09-12 04:51:20.152326,Vaishali Nagar,80.1,20.97,38.47,421.3
2026-09-12 05:51:20.152326,Vaishali Nagar,73.7,16.1,31.89,417.8
2026-09-12 06:51:20.152326,Vaishali Nagar,95.4,23.07,40.26,468.7
2026-09-12 07:51:20.152326,Vaishali Nagar,110.6,24.63,43.3,476.2
2026-09-12 08:51:20.152326,Vaishali Nagar,103.8,28.6,51.32,444.1
2026-09-12 09:51:20.152326,Vaishali Nagar,103.3,25.34,44.37,417.3
2026-09-12 10:51:20.152326,Vaishali Nagar,94.5,23.83,41.79,427.9
2026-09-12 11:51:20.152326,Vaishali Nagar,92.6,26.74,53.16,466.3
2026-09-12 12:51:20.152326,Vaishali Nagar,82.3,19.52,36.94,454.3
2026-09-12 13:51:20.152326,Vaishali Nagar,79.1,17.25,33.73,448.3
2026-09-12 14:51:20.152326,Vaishali Nagar,85.0,23.16,47.67,454.0
2026-09-12 15:51:20.152326,Vaishali Nagar,83.5,19.3,29.89,428.8
2026-09-12 16:51:20.152326,Vaishali Nagar,72.6,14.36,26.79,423.5
2026-09-12 17:51:20.152326,Vaishali Nagar,100.2,20.32,38.67,442.0
2026-09-12 18:51:20.152326,Vaishali Nagar,103.3,29.93,55.96,455.7
2026-09-12 19:51:20.152326,Vaishali Nagar,93.9,24.19,43.01,433.6
2026-09-12 20:51:20.152326,Vaishali Nagar,94.6,23.43,43.99,466.3
2026-09-12 21:51:20.152326,Vaishali Nagar,85.0,21.29,36.22,418.9
2026-09-12 22:51:20.152326,Vaishali Nagar,84.1,20.19,38.6,419.8
2026-09-12 23:51:20.152326,Vaishali Nagar,78.5,22.28,46.6,435.6
2026-09-13 00:51:20.152326,Vaishali Nagar,95.8,26.03,46.55,467.3
2026-09-13 01:51:20.152326,Vaishali Nagar,76.2,16.79,27.55,456.9
2026-09-13 02:51:20.152326,Vaishali Nagar,77.0,18.01,31.37,454.9
2026-09-13 03:51:20.152326,Vaishali Nagar,86.0,20.68,45.01,428.2
2026-09-13 04:51:20.152326,Vaishali Nagar,76.0,18.04,35.07,439.0
2026-09-13 05:51:20.152326,Vaishali Nagar,79.5,21.03,40.82,435.4
2026-09-13 06:51:20.152326,Vaishali Nagar,84.2,19.47,36.66,463.2
2026-09-13 07:51:20.152326,Vaishali Nagar,109.6,28.28,51.15,448.1
2026-09-13 08:51:20.152326,Vaishali Nagar,93.3,21.66,35.79,456.0
2026-09-13 09:51:20.152326,Vaishali Nagar,112.2,26.52,47.58,465.3
2026-09-13 10:51:20.152326,Vaishali Nagar,91.4,22.08,39.92,461.9
2026-09-13 11:51:20.152326,Vaishali Nagar,76.7,15.28,24.77,404.8
2026-09-13 12:51:20.152326,Vaishali Nagar,74.7,19.47,33.4,455.0
2026-09-13 13:51:20.152326,Vaishali Nagar,90.3,23.03,44.89,442.1
2026-09-13 14:51:20.152326,Vaishali Nagar,68.9,16.48,29.89,447.4
2026-09-13 15:51:20.152326,Vaishali Nagar,80.8,19.08,34.45,448.0
2026-09-13 16:51:20.152326,Vaishali Nagar,86.5,19.64,33.62,421.6
2026-09-13 17:51:20.152326,Vaishali Nagar,98.3,25.51,44.21,463.7
2026-09-13 18:51:20.152326,Vaishali Nagar,90.4,21.39,41.03,434.2
2026-09-13 19:51:20.152326,Vaishali Nagar,86.9,22.06,41.49,430.0
2026-09-13 20:51:20.152326,Vaishali Nagar,75.0,18.27,35.23,407.1
2026-09-13 21:51:20.152326,Vaishali Nagar,75.4,12.95,24.16,459.9
2026-09-13 22:51:20.152326,Vaishali Nagar,89.7,21.6,37.07,436.1
2026-09-13 23:51:20.152326,Vaishali Nagar,83.3,18.64,37.39,445.9
2026-09-14 00:51:20.152326,Vaishali Nagar,67.6,18.14,35.17,427.3
2026-09-14 01:51:20.152326,Vaishali Nagar,78.1,21.72,40.54,413.4
2026-09-14 02:51:20.152326,Vaishali Nagar,84.4,20.67,34.45,403.4
2026-09-14 03:51:20.152326,Vaishali Nagar,81.3,18.69,35.02,445.1
2026-09-14 04:51:20.152326,Vaishali Nagar,96.3,22.56,45.47,446.7
2026-09-14 05:51:20.152326,Vaishali Nagar,81.5,20.34,40.15,427.8
2026-09-14 06:51:20.152326,Vaishali Nagar,80.9,20.21,41.09,446.6
2026-09-14 07:51:20.152326,Vaishali Nagar,80.6,18.86,32.19,444.9
2026-09-14 08:51:20.152326,Vaishali Nagar,92.3,25.25,46.77,426.5
2026-09-14 09:51:20.152326,Vaishali Nagar,90.3,25.28,46.84,450.5
2026-09-14 10:51:20.152326,Vaishali Nagar,94.5,22.25,38.66,450.9
2026-09-14 11:51:20.152326,Vaishali Nagar,89.8,25.84,48.37,425.7
2026-09-14 12:51:20.152326,Vaishali Nagar,71.6,19.35,33.11,426.8
2026-09-14 13:51:20.152326,Vaishali Nagar,79.5,18.94,34.6,437.1
2026-09-14 14:51:20.152326,Vaishali Nagar,91.4,23.21,43.39,421.2
2026-09-14 15:51:20.152326,Vaishali Nagar,70.7,18.02,28.72,423.2
2026-09-14 16:51:20.152326,Vaishali Nagar,94.7,25.07,44.66,462.1
2026-09-14 17:51:20.152326,Vaishali Nagar,83.9,20.25,35.04,449.7
2026-09-14 18:51:20.152326,Vaishali Nagar,100.8,24.18,45.84,439.6
2026-09-14 19:51:20.152326,Vaishali Nagar,90.6,24.83,41.34,424.3
2026-09-14 20:51:20.152326,Vaishali Nagar,81.6,20.94,41.18,450.9
2026-09-14 21:51:20.152326,Vaishali Nagar,79.7,17.05,30.17,435.0
2026-09-14 22:51:20.152326,Vaishali Nagar,90.6,22.31,45.36,427.1
2026-09-14 23:51:20.152326,Vaishali Nagar,98.5,22.36,39.01,429.9
2026-09-15 00:51:20.152326,Vaishali Nagar,81.1,18.27,31.01,478.2
2026-09-15 01:51:20.152326,Vaishali Nagar,89.1,16.82,31.53,452.0
2026-09-15 02:51:20.152326,Vaishali Nagar,79.4,14.93,30.08,435.7
2026-09-15 03:51:20.152326,Vaishali Nagar,87.6,18.67,38.06,422.9
2026-09-15 04:51:20.152326,Vaishali Nagar,84.8,18.54,34.42,414.7
2026-09-15 05:51:20.152326,Vaishali Nagar,68.8,16.48,31.17,491.2
2026-09-15 06:51:20.152326,Vaishali Nagar,79.3,19.63,34.89,434.5
2026-09-15 07:51:20.152326,Vaishali Nagar,93.5,23.52,43.21,456.9
2026-09-15 08:51:20.152326,Vaishali Nagar,97.3,23.6,40.54,477.0
2026-09-15 09:51:20.152326,Vaishali Nagar,78.9,19.81,38.21,443.1
2026-09-15 10:51:20.152326,Vaishali Nagar,79.7,20.29,42.17,423.8
2026-09-15 11:51:20.152326,Vaishali Nagar,78.2,21.04,42.04,404.4
2026-09-15 12:51:20.152326,Vaishali Nagar,75.6,18.59,36.91,434.2
2026-09-15 13:51:20.152326,Vaishali Nagar,100.1,24.45,43.59,470.0
2026-09-15 14:51:20.152326,Vaishali Nagar,84.4,21.14,34.98,447.7
2026-09-15 15:51:20.152326,Vaishali Nagar,86.9,22.7,43.66,450.3
2026-09-15 16:51:20.152326,Vaishali Nagar,87.4,20.96,38.7,444.3
2026-09-15 17:51:20.152326,Vaishali Nagar,94.1,22.59,45.85,450.3
2026-09-15 18:51:20.152326,Vaishali Nagar,102.4,25.73,50.43,436.7
2026-09-15 19:51:20.152326,Vaishali Nagar,103.2,25.53,47.28,421.6
2026-09-15 20:51:20.152326,Vaishali Nagar,79.4,19.37,37.18,426.6
2026-09-15 21:51:20.152326,Vaishali Nagar,84.4,20.35,39.06,446.2
2026-09-15 22:51:20.152326,Vaishali Nagar,87.6,21.89,39.39,470.1
2026-09-15 23:51:20.152326,Vaishali Nagar,75.5,14.38,31.26,448.2
2026-09-16 00:51:20.152326,Vaishali Nagar,90.3,18.74,32.49,429.2
2026-09-16 01:51:20.152326,Vaishali Nagar,92.0,21.48,38.39,444.8
2026-09-16 02:51:20.152326,Vaishali Nagar,75.2,16.54,34.36,429.8
2026-09-16 03:51:20.152326,Vaishali Nagar,91.5,20.66,39.63,453.4
2026-09-16 04:51:20.152326,Vaishali Nagar,83.8,20.6,35.31,444.3
2026-09-16 05:51:20.152326,Vaishali Nagar,82.4,21.08,43.35,434.9
2026-09-16 06:51:20.152326,Vaishali Nagar,65.9,14.0,26.2,422.9
2026-09-16 07:51:20.152326,Vaishali Nagar,82.9,22.39,40.8,428.3
2026-09-16 08:51:20.152326,Vaishali Nagar,95.5,25.85,46.66,436.5
2026-09-16 09:51:20.152326,Vaishali Nagar,102.8,24.61,43.62,464.4
2026-09-16 10:51:20.152326,Vaishali Nagar,92.8,21.93,41.78,442.7
2026-09-16 11:51:20.152326,Vaishali Nagar,79.0,22.12,43.01,394.7
2026-09-16 12:51:20.152326,Vaishali Nagar,88.3,20.1,39.44,440.9
2026-09-16 13:51:20.152326,Vaishali Nagar,72.4,17.87,32.32,416.7
2026-09-16 14:51:20.152326,Vaishali Nagar,98.5,25.78,46.33,451.7
2026-09-16 15:51:20.152326,Vaishali Nagar,78.7,17.58,34.04,445.9
2026-09-16 16:51:20.152326,Vaishali Nagar,96.9,22.63,37.93,453.4
2026-09-16 17:51:20.152326,Vaishali Nagar,89.6,19.92,33.72,441.7
2026-09-16 18:51:20.152326,Vaishali Nagar,92.7,23.35,42.29,434.8
2026-09-16 19:51:20.152326,Vaishali Nagar,105.5,24.65,45.06,469.4
2026-09-16 20:51:20.152326,Vaishali Nagar,81.1,19.76,36.68,410.3
2026-09-16 21:51:20.152326,Vaishali Nagar,85.7,22.55,42.9,429.6
2026-09-16 22:51:20.152326,Vaishali Nagar,75.2,16.84,31.95,445.6
2026-09-16 23:51:20.152326,Vaishali Nagar,89.2,22.12,40.47,431.0
2026-09-17 00:51:20.152326,Vaishali Nagar,84.1,20.26,36.69,447.7
2026-09-17 01:51:20.152326,Vaishali Nagar,70.5,17.49,35.22,456.3
2026-09-17 02:51:20.152326,Vaishali Nagar,73.8,18.16,31.95,422.8
2026-09-17 03:51:20.152326,Vaishali Nagar,79.0,17.6,32.99,424.9
2026-09-17 04:51:20.152326,Vaishali Nagar,87.2,20.48,34.43,410.3
2026-09-17 05:51:20.152326,Vaishali Nagar,74.0,18.39,33.74,433.1
2026-09-17 06:51:20.152326,Vaishali Nagar,75.1,23.12,40.53,434.8
2026-09-17 07:51:20.152326,Vaishali Nagar,115.9,26.22,48.01,482.4
2026-09-17 08:51:20.152326,Vaishali Nagar,90.2,23.31,46.15,434.4
2026-09-17 09:51:20.152326,Vaishali Nagar,89.3,22.85,41.52,426.8
2026-09-17 10:51:20.152326,Vaishali Nagar,66.9,13.17,24.04,424.6
2026-09-17 11:51:20.152326,Vaishali Nagar,91.0,20.43,36.56,439.3
2026-09-17 12:51:20.152326,Vaishali Nagar,66.1,17.73,35.05,426.3
2026-09-17 13:51:20.152326,Vaishali Nagar,84.5,17.91,34.71,403.8
2026-09-17 14:51:20.152326,Vaishali Nagar,71.2,12.9,19.1,433.8
2026-09-17 15:51:20.152326,Vaishali Nagar,80.9,19.71,37.41,428.8
2026-09-17 16:51:20.152326,Vaishali Nagar,74.3,21.09,37.39,412.1
2026-09-17 17:51:20.152326,Vaishali Nagar,110.4,25.13,46.45,460.8
2026-09-17 18:51:20.152326,Vaishali Nagar,86.7,20.31,39.59,429.4
2026-09-17 19:51:20.152326,Vaishali Nagar,83.2,21.35,39.73,452.6
2026-09-17 20:51:20.152326,Vaishali Nagar,88.1,21.78,32.55,482.9
2026-09-17 21:51:20.152326,Vaishali Nagar,76.1,19.48,39.19,465.9
2026-09-17 22:51:20.152326,Vaishali Nagar,68.5,15.09,25.87,424.1
2026-09-17 23:51:20.152326,Vaishali Nagar,75.2,15.66,31.84,408.9
2026-09-18 00:51:20.152326,Vaishali Nagar,80.8,19.56,27.23,468.6
2026-09-18 01:51:20.152326,Vaishali Nagar,74.1,20.01,32.35,451.4
2026-09-18 02:51:20.152326,Vaishali Nagar,82.4,18.12,33.45,452.0
2026-09-18 03:51:20.152326,Vaishali Nagar,87.1,19.28,41.8,447.9
2026-09-18 04:51:20.152326,Vaishali Nagar,95.3,25.72,48.58,432.8
2026-09-18 05:51:20.152326,Vaishali Nagar,97.8,25.51,46.97,445.6
2026-09-18 06:51:20.152326,Vaishali Nagar,75.8,19.09,32.49,421.1
2026-09-18 07:51:20.152326,Vaishali Nagar,101.1,26.02,47.06,431.9
2026-09-18 08:51:20.152326,Vaishali Nagar,104.5,23.61,38.79,441.7
2026-09-18 09:51:20.152326,Vaishali Nagar,97.8,25.5,48.78,449.5
2026-09-18 10:51:20.152326,Vaishali Nagar,95.4,25.3,43.68,444.0
2026-09-18 11:51:20.152326,Vaishali Nagar,75.9,23.85,42.41,443.9
2026-09-18 12:51:20.152326,Vaishali Nagar,79.2,16.91,29.78,447.9
2026-09-18 13:51:20.152326,Vaishali Nagar,67.5,14.88,27.78,449.4
2026-09-18 14:51:20.152326,Vaishali Nagar,70.6,17.35,37.91,423.0
2026-09-18 15:51:20.152326,Vaishali Nagar,70.8,18.2,30.96,409.9
2026-09-18 16:51:20.152326,Vaishali Nagar,84.4,20.78,37.45,436.4
2026-09-18 17:51:20.152326,Vaishali Nagar,115.1,27.48,49.98,464.1
2026-09-18 18:51:20.152326,Vaishali Nagar,90.7,24.0,41.47,466.5
2026-09-18 19:51:20.152326,Vaishali Nagar,93.2,20.4,37.44,446.0
2026-09-18 20:51:20.152326,Vaishali Nagar,80.7,20.14,33.47,431.4
2026-09-18 21:51:20.152326,Vaishali Nagar,92.0,24.55,41.77,440.7
2026-09-18 22:51:20.152326,Vaishali Nagar,81.6,22.02,34.22,450.4
2026-09-18 23:51:20.152326,Vaishali Nagar,87.6,20.34,40.39,450.2
2026-09-19 00:51:20.152326,Vaishali Nagar,67.8,16.9,26.0,447.2
2026-09-19 01:51:20.152326,Vaishali Nagar,75.8,19.65,35.73,431.6
2026-09-19 02:51:20.152326,Vaishali Nagar,87.8,21.04,35.72,465.7
2026-09-19 03:51:20.152326,Vaishali Nagar,81.4,20.78,36.25,424.0
2026-09-19 04:51:20.152326,Vaishali Nagar,77.1,19.23,30.53,425.3
2026-09-19 05:51:20.152326,Vaishali Nagar,79.8,19.12,33.23,443.1
2026-09-19 06:51:20.152326,Vaishali Nagar,72.0,15.12,25.38,421.0
2026-09-19 07:51:20.152326,Vaishali Nagar,104.4,29.07,51.53,432.2
2026-09-19 08:51:20.152326,Vaishali Nagar,104.4,22.98,46.84,466.4
2026-09-19 09:51:20.152326,Vaishali Nagar,104.2,23.66,48.09,459.2
2026-09-19 10:51:20.152326,Vaishali Nagar,81.0,22.75,36.35,454.9
2026-09-19 11:51:20.152326,Vaishali Nagar,94.3,25.6,49.46,454.5
2026-09-19 12:51:20.152326,Vaishali Nagar,84.6,19.51,35.35,418.4
2026-09-19 13:51:20.152326,Vaishali Nagar,106.7,29.19,50.4,445.9
2026-09-19 14:51:20.152326,Vaishali Nagar,82.5,19.74,34.24,449.8
2026-09-19 15:51:20.152326,Vaishali Nagar,81.4,20.01,37.84,433.7
2026-09-19 16:51:20.152326,Vaishali Nagar,88.2,20.57,32.7,428.1
2026-09-19 17:51:20.152326,Vaishali Nagar,91.3,21.54,38.54,471.0
2026-09-19 18:51:20.152326,Vaishali Nagar,105.5,27.53,51.49,436.5
2026-09-19 19:51:20.152326,Vaishali Nagar,104.2,25.33,48.99,441.1
2026-09-19 20:51:20.152326,Vaishali Nagar,96.2,26.71,45.28,415.1
2026-09-19 21:51:20.152326,Vaishali Nagar,100.8,21.67,40.47,466.0
2026-09-19 22:51:20.152326,Vaishali Nagar,96.3,24.66,51.93,443.0
2026-09-19 23:51:20.152326,Vaishali Nagar,98.0,24.06,42.87,451.5
2026-09-20 00:51:20.152326,Vaishali Nagar,76.1,21.69,43.02,420.4
2026-09-20 01:51:20.152326,Vaishali Nagar,85.1,20.26,31.46,426.5
2026-09-20 02:51:20.152326,Vaishali Nagar,93.8,24.75,46.05,425.6
2026-09-20 03:51:20.152326,Vaishali Nagar,92.9,22.59,37.8,455.2
2026-09-20 04:51:20.152326,Vaishali Nagar,82.2,19.74,35.91,442.7
2026-09-20 05:51:20.152326,Vaishali Nagar,88.4,21.17,36.04,430.5
2026-09-20 06:51:20.152326,Vaishali Nagar,75.6,19.54,34.67,428.7
2026-09-20 07:51:20.152326,Vaishali Nagar,91.4,22.81,40.14,449.9
2026-09-20 08:51:20.152326,Vaishali Nagar,93.9,21.45,37.95,438.4
2026-09-20 09:51:20.152326,Vaishali Nagar,87.0,22.29,41.71,436.7
2026-09-20 10:51:20.152326,Vaishali Nagar,87.5,19.13,33.26,439.8
2026-09-20 11:51:20.152326,Vaishali Nagar,92.4,18.93,36.36,448.8
2026-09-20 12:51:20.152326,Vaishali Nagar,98.6,21.83,37.85,455.5
2026-09-20 13:51:20.152326,Vaishali Nagar,70.8,19.96,41.83,430.8
2026-09-20 14:51:20.152326,Vaishali Nagar,89.1,22.91,44.1,433.2
2026-09-20 15:51:20.152326,Vaishali Nagar,92.7,21.46,40.62,459.3
2026-09-20 16:51:20.152326,Vaishali Nagar,82.4,17.64,29.92,428.4
2026-09-20 17:51:20.152326,Vaishali Nagar,84.8,18.42,35.05,440.2
2026-09-20 18:51:20.152326,Vaishali Nagar,93.3,17.65,28.02,447.0
2026-09-20 19:51:20.152326,Vaishali Nagar,109.0,25.95,44.13,437.8
2026-09-20 20:51:20.152326,Vaishali Nagar,91.2,22.85,42.19,441.3
2026-09-20 21:51:20.152326,Vaishali Nagar,90.3,17.66,28.48,470.1
2026-09-20 22:51:20.152326,Vaishali Nagar,89.3,20.54,38.63,427.4
2026-09-20 23:51:20.152326,Vaishali Nagar,70.8,18.08,34.0,450.7
2026-09-21 00:51:20.152326,Vaishali Nagar,82.3,23.21,46.79,443.7
2026-09-21 01:51:20.152326,Vaishali Nagar,85.3,18.99,36.79,456.8
2026-09-21 02:51:20.152326,Vaishali Nagar,80.0,20.28,36.28,435.0
2026-09-21 03:51:20.152326,Vaishali Nagar,76.8,19.97,36.21,458.4
2026-09-21 04:51:20.152326,Vaishali Nagar,65.4,16.33,25.27,428.5
2026-09-21 05:51:20.152326,Vaishali Nagar,85.8,19.13,34.71,444.9
2026-09-21 06:51:20.152326,Vaishali Nagar,97.5,21.39,39.44,433.0
2026-09-21 07:51:20.152326,Vaishali Nagar,88.1,18.97,33.94,437.7
2026-09-21 08:51:20.152326,Vaishali Nagar,103.1,23.36,48.43,471.5
2026-09-21 09:51:20.152326,Vaishali Nagar,85.0,19.91,34.2,441.4
2026-09-21 10:51:20.152326,Vaishali Nagar,82.9,22.8,42.77,414.3
2026-09-21 11:51:20.152326,Vaishali Nagar,82.3,19.98,40.01,432.0
2026-09-21 12:51:20.152326,Vaishali Nagar,91.9,22.79,38.5,424.0
2026-09-21 13:51:20.152326,Vaishali Nagar,100.8,20.21,37.8,465.3
2026-09-21 14:51:20.152326,Vaishali Nagar,71.3,18.12,35.65,449.9
2026-09-21 15:51:20.152326,Vaishali Nagar,90.4,23.67,41.95,445.6
2026-09-21 16:51:20.152326,Vaishali Nagar,63.2,8.43,19.62,421.1
2026-09-21 17:51:20.152326,Vaishali Nagar,85.5,18.12,34.92,413.6
2026-09-21 18:51:20.152326,Vaishali Nagar,84.7,20.22,35.09,416.7
2026-09-21 19:51:20.152326,Vaishali Nagar,83.9,20.94,33.46,458.0
2026-09-21 20:51:20.152326,Vaishali Nagar,93.5,20.51,41.46,448.2
2026-09-21 21:51:20.152326,Vaishali Nagar,89.7,23.61,47.17,458.5
2026-09-21 22:51:20.152326,Vaishali Nagar,87.1,20.93,41.18,457.1
2026-09-21 23:51:20.152326,Vaishali Nagar,79.5,14.95,25.42,437.7
2026-09-22 00:51:20.152326,Vaishali Nagar,89.4,20.41,37.15,417.1
2026-09-22 01:51:20.152326,Vaishali Nagar,88.5,23.06,43.02,451.5
2026-09-22 02:51:20.152326,Vaishali Nagar,62.0,14.78,28.05,436.7
2026-09-22 03:51:20.152326,Vaishali Nagar,81.6,17.31,33.14,472.1
2026-09-22 04:51:20.152326,Vaishali Nagar,79.6,19.37,42.41,420.5
2026-09-22 05:51:20.152326,Vaishali Nagar,92.4,25.75,45.99,483.7
2026-09-22 06:51:20.152326,Vaishali Nagar,81.2,21.24,32.8,421.9
2026-09-22 07:51:20.152326,Vaishali Nagar,95.1,19.95,36.79,473.0
2026-09-22 08:51:20.152326,Vaishali Nagar,105.0,25.08,48.68,445.7
2026-09-22 09:51:20.152326,Vaishali Nagar,103.8,24.99,41.81,458.0
2026-09-22 10:51:20.152326,Vaishali Nagar,71.2,17.7,31.06,420.0
2026-09-22 11:51:20.152326,Vaishali Nagar,80.6,17.99,34.69,421.0
2026-09-22 12:51:20.152326,Vaishali Nagar,84.8,19.62,37.18,464.7
2026-09-22 13:51:20.152326,Vaishali Nagar,78.0,16.23,27.55,444.0
2026-09-22 14:51:20.152326,Vaishali Nagar,98.3,25.55,47.5,465.2
2026-09-22 15:51:20.152326,Vaishali Nagar,87.9,18.73,34.48,444.0
2026-09-22 16:51:20.152326,Vaishali Nagar,75.7,15.73,32.49,426.9
2026-09-22 17:51:20.152326,Vaishali Nagar,91.9,20.8,33.9,421.5
2026-09-22 18:51:20.152326,Vaishali Nagar,92.6,21.97,36.59,448.3
2026-09-22 19:51:20.152326,Vaishali Nagar,92.4,25.24,46.88,456.0
2026-09-22 20:51:20.152326,Vaishali Nagar,77.0,18.09,36.59,456.6
2026-09-22 21:51:20.152326,Vaishali Nagar,82.9,21.35,40.72,433.9
2026-09-22 22:51:20.152326,Vaishali Nagar,76.8,20.31,33.63,459.1
2026-09-22 23:51:20.152326,Vaishali Nagar,72.2,16.73,30.22,418.2
2026-09-23 00:51:20.152326,Vaishali Nagar,91.9,24.0,46.29,454.8
2026-09-23 01:51:20.152326,Vaishali Nagar,76.6,20.5,32.56,426.5
2026-09-23 02:51:20.152326,Vaishali Nagar,79.5,19.51,40.96,435.8
2026-09-23 03:51:20.152326,Vaishali Nagar,95.1,21.73,40.17,452.5
2026-09-23 04:51:20.152326,Vaishali Nagar,80.9,21.72,38.86,436.9
2026-09-23 05:51:20.152326,Vaishali Nagar,72.2,17.82,30.52,449.0
2026-09-23 06:51:20.152326,Vaishali Nagar,100.1,28.25,50.26,454.6
2026-09-23 07:51:20.152326,Vaishali Nagar,86.9,17.25,31.62,458.4
2026-09-23 08:51:20.152326,Vaishali Nagar,95.2,23.86,47.13,439.6
2026-09-23 09:51:20.152326,Vaishali Nagar,100.1,25.35,53.25,441.6
2026-09-23 10:51:20.152326,Vaishali Nagar,66.3,11.35,19.62,409.9
2026-09-23 11:51:20.152326,Vaishali Nagar,84.9,19.5,36.37,461.3
2026-09-23 12:51:20.152326,Vaishali Nagar,84.4,20.43,34.39,440.7
2026-09-23 13:51:20.152326,Vaishali Nagar,75.8,14.78,28.72,430.6
2026-09-23 14:51:20.152326,Vaishali Nagar,71.2,19.01,36.69,453.5
2026-09-23 15:51:20.152326,Vaishali Nagar,83.2,19.87,32.79,459.6
2026-09-23 16:51:20.152326,Vaishali Nagar,92.6,22.87,51.36,433.0
2026-09-23 17:51:20.152326,Vaishali Nagar,104.2,24.63,45.28,480.6
2026-09-23 18:51:20.152326,Vaishali Nagar,99.7,23.31,34.98,450.7
2026-09-23 19:51:20.152326,Vaishali Nagar,108.5,24.76,47.44,435.6
2026-09-23 20:51:20.152326,Vaishali Nagar,82.4,20.06,40.88,450.3
2026-09-23 21:51:20.152326,Vaishali Nagar,74.0,18.27,38.33,414.1
2026-09-23 22:51:20.152326,Vaishali Nagar,81.1,16.19,31.01,444.3
2026-09-23 23:51:20.152326,Vaishali Nagar,91.1,23.19,45.36,439.7
2026-09-24 00:51:20.152326,Vaishali Nagar,79.9,20.39,40.71,452.4
2026-09-24 01:51:20.152326,Vaishali Nagar,85.1,22.95,41.93,440.5
2026-09-24 02:51:20.152326,Vaishali Nagar,85.8,21.3,39.93,450.4
2026-09-24 03:51:20.152326,Vaishali Nagar,84.2,20.54,32.56,425.8
2026-09-24 04:51:20.152326,Vaishali Nagar,83.2,17.85,31.2,442.8
2026-09-24 05:51:20.152326,Vaishali Nagar,70.7,15.02,28.14,448.4
2026-09-24 06:51:20.152326,Vaishali Nagar,88.5,18.68,32.75,455.4
2026-09-24 07:51:20.152326,Vaishali Nagar,105.1,20.25,42.32,480.4
2026-09-24 08:51:20.152326,Vaishali Nagar,101.6,24.72,46.59,460.4
2026-09-24 09:51:20.152326,Vaishali Nagar,90.3,21.85,41.13,454.6
2026-09-24 10:51:20.152326,Vaishali Nagar,82.9,17.29,28.03,468.6
2026-09-24 11:51:20.152326,Vaishali Nagar,112.8,26.68,48.22,442.5
2026-09-24 12:51:20.152326,Vaishali Nagar,88.0,18.5,39.77,424.4
2026-09-24 13:51:20.152326,Vaishali Nagar,76.4,21.08,35.24,418.3
2026-09-24 14:51:20.152326,Vaishali Nagar,86.2,22.95,44.56,456.5
2026-09-24 15:51:20.152326,Vaishali Nagar,81.0,19.44,31.28,467.9
2026-09-24 16:51:20.152326,Vaishali Nagar,92.4,21.95,44.42,476.2
2026-09-24 17:51:20.152326,Vaishali Nagar,80.4,18.84,34.24,431.5
2026-09-24 18:51:20.152326,Vaishali Nagar,92.6,20.67,41.45,467.0
2026-09-24 19:51:20.152326,Vaishali Nagar,97.8,26.03,44.49,459.8
2026-09-24 20:51:20.152326,Vaishali Nagar,84.3,21.94,36.94,450.4
2026-09-24 21:51:20.152326,Vaishali Nagar,78.1,18.39,34.95,439.6
2026-06-26 22:51:20.152326,Sitapura Industrial,59.3,15.8,30.32,416.8
2026-06-26 23:51:20.152326,Sitapura Industrial,50.0,12.36,19.45,396.8
2026-06-27 00:51:20.152326,Sitapura Industrial,61.1,13.26,19.92,425.2
2026-06-27 01:51:20.152326,Sitapura Industrial,48.1,11.52,30.49,433.0
2026-06-27 02:51:20.152326,Sitapura Industrial,45.4,10.9,23.0,441.2
2026-06-27 03:51:20.152326,Sitapura Industrial,49.4,9.29,18.22,426.7
2026-06-27 04:51:20.152326,Sitapura Industrial,46.8,10.72,22.25,402.6
2026-06-27 05:51:20.152326,Sitapura Industrial,70.8,17.41,36.88,409.6
2026-06-27 06:51:20.152326,Sitapura Industrial,69.7,16.7,33.88,455.6
2026-06-27 07:51:20.152326,Sitapura Industrial,69.4,16.82,32.01,440.3
2026-06-27 08:51:20.152326,Sitapura Industrial,79.5,17.91,30.01,425.7
2026-06-27 09:51:20.152326,Sitapura Industrial,76.9,20.17,35.26,424.4
2026-06-27 10:51:20.152326,Sitapura Industrial,42.4,11.77,18.81,404.0
2026-06-27 11:51:20.152326,Sitapura Industrial,59.6,10.81,26.03,423.9
2026-06-27 12:51:20.152326,Sitapura Industrial,57.2,12.07,22.61,419.0
2026-06-27 13:51:20.152326,Sitapura Industrial,52.3,7.77,12.87,435.3
2026-06-27 14:51:20.152326,Sitapura Industrial,58.7,15.29,25.49,447.8
2026-06-27 15:51:20.152326,Sitapura Industrial,59.0,10.31,18.84,436.3
2026-06-27 16:51:20.152326,Sitapura Industrial,55.8,11.77,21.35,417.1
2026-06-27 17:51:20.152326,Sitapura Industrial,75.4,18.1,30.77,436.7
2026-06-27 18:51:20.152326,Sitapura Industrial,69.6,14.69,29.67,416.0
2026-06-27 19:51:20.152326,Sitapura Industrial,61.3,16.36,31.78,401.1
2026-06-27 20:51:20.152326,Sitapura Industrial,67.7,16.65,25.68,442.9
2026-06-27 21:51:20.152326,Sitapura Industrial,54.1,11.11,23.88,415.8
2026-06-27 22:51:20.152326,Sitapura Industrial,47.7,10.31,18.68,417.8
2026-06-27 23:51:20.152326,Sitapura Industrial,48.9,9.59,15.7,416.5
2026-06-28 00:51:20.152326,Sitapura Industrial,66.7,11.55,18.5,455.1
2026-06-28 01:51:20.152326,Sitapura Industrial,50.7,12.04,20.74,431.1
2026-06-28 02:51:20.152326,Sitapura Industrial,47.2,14.78,26.26,414.2
2026-06-28 03:51:20.152326,Sitapura Industrial,64.7,18.36,36.12,428.3
2026-06-28 04:51:20.152326,Sitapura Industrial,58.4,14.82,28.96,440.3
2026-06-28 05:51:20.152326,Sitapura Industrial,54.0,15.12,30.62,412.4
2026-06-28 06:51:20.152326,Sitapura Industrial,56.1,14.54,31.15,416.4
2026-06-28 07:51:20.152326,Sitapura Industrial,71.1,17.41,32.2,432.8
2026-06-28 08:51:20.152326,Sitapura Industrial,85.4,19.17,32.18,411.4
2026-06-28 09:51:20.152326,Sitapura Industrial,66.0,15.87,24.85,423.1
2026-06-28 10:51:20.152326,Sitapura Industrial,56.5,12.56,18.55,429.2
2026-06-28 11:51:20.152326,Sitapura Industrial,44.0,7.74,12.43,409.8
2026-06-28 12:51:20.152326,Sitapura Industrial,54.2,12.83,22.63,423.8
2026-06-28 13:51:20.152326,Sitapura Industrial,45.3,12.06,21.05,415.2
2026-06-28 14:51:20.152326,Sitapura Industrial,52.7,12.78,25.83,415.7
2026-06-28 15:51:20.152326,Sitapura Industrial,59.0,10.56,18.39,467.9
2026-06-28 16:51:20.152326,Sitapura Industrial,60.6,14.24,27.62,441.3
2026-06-28 17:51:20.152326,Sitapura Industrial,62.4,18.74,33.47,416.4
2026-06-28 18:51:20.152326,Sitapura Industrial,71.6,14.52,25.37,438.4
2026-06-28 19:51:20.152326,Sitapura Industrial,62.6,10.52,19.52,437.3
2026-06-28 20:51:20.152326,Sitapura Industrial,48.0,13.92,25.78,432.0
2026-06-28 21:51:20.152326,Sitapura Industrial,57.9,15.04,25.14,415.1
2026-06-28 22:51:20.152326,Sitapura Industrial,44.4,9.6,19.78,426.1
2026-06-28 23:51:20.152326,Sitapura Industrial,44.1,12.02,23.43,415.3
2026-06-29 00:51:20.152326,Sitapura Industrial,55.2,12.25,19.49,421.5
2026-06-29 01:51:20.152326,Sitapura Industrial,53.1,12.58,24.5,416.4
2026-06-29 02:51:20.152326,Sitapura Industrial,52.8,14.92,28.8,431.6
2026-06-29 03:51:20.152326,Sitapura Industrial,48.7,9.84,22.26,423.6
2026-06-29 04:51:20.152326,Sitapura Industrial,58.0,9.7,10.29,453.6
2026-06-29 05:51:20.152326,Sitapura Industrial,53.8,13.89,30.78,421.5
2026-06-29 06:51:20.152326,Sitapura Industrial,61.8,17.2,34.74,455.5
2026-06-29 07:51:20.152326,Sitapura Industrial,89.2,21.93,40.88,445.4
2026-06-29 08:51:20.152326,Sitapura Industrial,67.2,15.92,33.84,425.8
2026-06-29 09:51:20.152326,Sitapura Industrial,85.2,17.4,37.46,427.7
2026-06-29 10:51:20.152326,Sitapura Industrial,58.7,16.92,30.22,406.7
2026-06-29 11:51:20.152326,Sitapura Industrial,64.7,14.55,27.0,428.8
2026-06-29 12:51:20.152326,Sitapura Industrial,63.4,14.54,32.53,424.5
2026-06-29 13:51:20.152326,Sitapura Industrial,54.7,13.92,26.17,409.4
2026-06-29 14:51:20.152326,Sitapura Industrial,70.0,17.49,31.55,452.8
2026-06-29 15:51:20.152326,Sitapura Industrial,61.2,9.75,16.4,407.1
2026-06-29 16:51:20.152326,Sitapura Industrial,53.4,12.05,21.39,419.0
2026-06-29 17:51:20.152326,Sitapura Industrial,69.0,18.98,31.07,425.7
2026-06-29 18:51:20.152326,Sitapura Industrial,76.6,17.78,34.44,443.5
2026-06-29 19:51:20.152326,Sitapura Industrial,59.7,15.5,31.39,434.7
2026-06-29 20:51:20.152326,Sitapura Industrial,66.7,16.61,27.51,415.3
2026-06-29 21:51:20.152326,Sitapura Industrial,57.1,17.37,31.93,441.8
2026-06-29 22:51:20.152326,Sitapura Industrial,60.3,12.78,28.41,447.1
2026-06-29 23:51:20.152326,Sitapura Industrial,51.5,12.82,29.22,407.5
2026-06-30 00:51:20.152326,Sitapura Industrial,59.9,15.04,25.97,417.4
2026-06-30 01:51:20.152326,Sitapura Industrial,55.7,11.83,25.07,419.9
2026-06-30 02:51:20.152326,Sitapura Industrial,46.7,12.7,15.93,409.1
2026-06-30 03:51:20.152326,Sitapura Industrial,49.4,10.2,19.69,437.8
2026-06-30 04:51:20.152326,Sitapura Industrial,49.1,13.36,29.64,405.0
2026-06-30 05:51:20.152326,Sitapura Industrial,57.8,10.85,17.85,412.2
2026-06-30 06:51:20.152326,Sitapura Industrial,48.8,8.55,15.38,414.0
2026-06-30 07:51:20.152326,Sitapura Industrial,68.0,18.11,33.48,438.8
2026-06-30 08:51:20.152326,Sitapura Industrial,60.0,11.01,16.71,450.5
2026-06-30 09:51:20.152326,Sitapura Industrial,71.9,17.27,30.72,418.8
2026-06-30 10:51:20.152326,Sitapura Industrial,55.8,14.96,21.57,449.2
2026-06-30 11:51:20.152326,Sitapura Industrial,55.8,12.7,20.8,419.3
2026-06-30 12:51:20.152326,Sitapura Industrial,46.6,12.61,24.23,444.3
2026-06-30 13:51:20.152326,Sitapura Industrial,57.1,16.79,30.75,433.7
2026-06-30 14:51:20.152326,Sitapura Industrial,42.8,8.94,18.21,421.3
2026-06-30 15:51:20.152326,Sitapura Industrial,51.7,11.95,23.71,419.7
2026-06-30 16:51:20.152326,Sitapura Industrial,51.1,13.69,28.76,431.4
2026-06-30 17:51:20.152326,Sitapura Industrial,64.3,15.81,23.63,399.2
2026-06-30 18:51:20.152326,Sitapura Industrial,57.4,12.26,20.46,445.9
2026-06-30 19:51:20.152326,Sitapura Industrial,59.0,11.94,20.93,430.7
2026-06-30 20:51:20.152326,Sitapura Industrial,43.6,11.23,21.03,423.2
2026-06-30 21:51:20.152326,Sitapura Industrial,46.6,10.2,17.97,425.4
2026-06-30 22:51:20.152326,Sitapura Industrial,52.6,15.69,27.67,433.8
2026-06-30 23:51:20.152326,Sitapura Industrial,55.3,11.11,15.91,433.8
2026-07-01 00:51:20.152326,Sitapura Industrial,59.4,15.07,25.88,442.1
2026-07-01 01:51:20.152326,Sitapura Industrial,43.3,9.76,18.39,438.1
2026-07-01 02:51:20.152326,Sitapura Industrial,43.4,8.72,19.48,417.7
2026-07-01 03:51:20.152326,Sitapura Industrial,56.8,14.55,30.16,419.1
2026-07-01 04:51:20.152326,Sitapura Industrial,51.1,11.31,14.07,421.8
2026-07-01 05:51:20.152326,Sitapura Industrial,53.4,12.07,25.71,423.9
2026-07-01 06:51:20.152326,Sitapura Industrial,61.8,13.83,26.37,431.5
2026-07-01 07:51:20.152326,Sitapura Industrial,80.1,19.87,36.11,442.4
2026-07-01 08:51:20.152326,Sitapura Industrial,71.7,18.4,36.16,409.8
2026-07-01 09:51:20.152326,Sitapura Industrial,73.0,16.38,29.83,436.9
2026-07-01 10:51:20.152326,Sitapura Industrial,66.8,15.68,28.45,431.4
2026-07-01 11:51:20.152326,Sitapura Industrial,51.0,8.3,13.4,403.9
2026-07-01 12:51:20.152326,Sitapura Industrial,65.5,13.13,20.84,453.3
2026-07-01 13:51:20.152326,Sitapura Industrial,45.6,17.26,31.71,415.5
2026-07-01 14:51:20.152326,Sitapura Industrial,46.0,14.4,30.09,420.7
2026-07-01 15:51:20.152326,Sitapura Industrial,38.3,10.02,16.61,418.0
2026-07-01 16:51:20.152326,Sitapura Industrial,44.3,11.75,16.88,436.2
2026-07-01 17:51:20.152326,Sitapura Industrial,74.2,18.7,34.05,432.3
2026-07-01 18:51:20.152326,Sitapura Industrial,59.6,17.24,35.4,440.4
2026-07-01 19:51:20.152326,Sitapura Industrial,53.3,11.71,22.1,426.9
2026-07-01 20:51:20.152326,Sitapura Industrial,63.5,15.64,32.99,411.1
2026-07-01 21:51:20.152326,Sitapura Industrial,51.2,12.34,23.68,460.3
2026-07-01 22:51:20.152326,Sitapura Industrial,54.8,11.55,25.04,421.7
2026-07-01 23:51:20.152326,Sitapura Industrial,47.5,11.49,21.37,416.7
2026-07-02 00:51:20.152326,Sitapura Industrial,43.9,8.82,13.81,431.1
2026-07-02 01:51:20.152326,Sitapura Industrial,51.0,11.11,21.04,440.1
2026-07-02 02:51:20.152326,Sitapura Industrial,54.7,15.57,31.73,405.7
2026-07-02 03:51:20.152326,Sitapura Industrial,49.9,15.04,26.26,421.0
2026-07-02 04:51:20.152326,Sitapura Industrial,52.8,11.95,24.33,413.3
2026-07-02 05:51:20.152326,Sitapura Industrial,56.0,13.07,20.92,428.5
2026-07-02 06:51:20.152326,Sitapura Industrial,48.7,11.52,25.09,413.9
2026-07-02 07:51:20.152326,Sitapura Industrial,76.9,17.97,34.62,428.2
2026-07-02 08:51:20.152326,Sitapura Industrial,59.1,13.47,22.91,416.1
2026-07-02 09:51:20.152326,Sitapura Industrial,76.5,20.5,36.56,450.4
2026-07-02 10:51:20.152326,Sitapura Industrial,60.7,15.81,28.19,440.6
2026-07-02 11:51:20.152326,Sitapura Industrial,66.8,17.24,30.94,445.0
2026-07-02 12:51:20.152326,Sitapura Industrial,63.2,15.46,33.77,429.7
2026-07-02 13:51:20.152326,Sitapura Industrial,57.3,11.98,21.24,447.0
2026-07-02 14:51:20.152326,Sitapura Industrial,55.0,13.85,28.04,398.4
2026-07-02 15:51:20.152326,Sitapura Industrial,41.3,9.62,16.76,404.5
2026-07-02 16:51:20.152326,Sitapura Industrial,56.5,11.36,18.08,430.9
2026-07-02 17:51:20.152326,Sitapura Industrial,62.9,13.09,29.2,426.5
2026-07-02 18:51:20.152326,Sitapura Industrial,66.2,18.98,38.35,425.8
2026-07-02 19:51:20.152326,Sitapura Industrial,68.6,19.21,33.02,434.9
2026-07-02 20:51:20.152326,Sitapura Industrial,39.6,9.23,12.8,431.8
2026-07-02 21:51:20.152326,Sitapura Industrial,62.1,14.02,20.11,419.8
2026-07-02 22:51:20.152326,Sitapura Industrial,70.0,15.99,32.91,428.5
2026-07-02 23:51:20.152326,Sitapura Industrial,53.5,13.58,22.79,427.5
2026-07-03 00:51:20.152326,Sitapura Industrial,37.8,10.98,17.99,422.3
2026-07-03 01:51:20.152326,Sitapura Industrial,41.5,8.95,18.91,424.7
2026-07-03 02:51:20.152326,Sitapura Industrial,46.7,12.27,20.69,461.6
2026-07-03 03:51:20.152326,Sitapura Industrial,50.8,11.76,26.74,423.6
2026-07-03 04:51:20.152326,Sitapura Industrial,58.5,14.85,33.96,441.8
2026-07-03 05:51:20.152326,Sitapura Industrial,46.6,11.97,24.04,434.0
2026-07-03 06:51:20.152326,Sitapura Industrial,51.1,14.38,22.41,433.0
2026-07-03 07:51:20.152326,Sitapura Industrial,73.1,17.33,32.52,439.8
2026-07-03 08:51:20.152326,Sitapura Industrial,84.4,25.18,50.82,441.4
2026-07-03 09:51:20.152326,Sitapura Industrial,67.1,14.09,25.1,418.8
2026-07-03 10:51:20.152326,Sitapura Industrial,52.5,14.08,22.27,423.1
2026-07-03 11:51:20.152326,Sitapura Industrial,55.6,15.27,32.82,386.9
2026-07-03 12:51:20.152326,Sitapura Industrial,51.1,11.25,15.5,407.2
2026-07-03 13:51:20.152326,Sitapura Industrial,34.6,7.36,13.45,412.1
2026-07-03 14:51:20.152326,Sitapura Industrial,49.9,11.15,18.4,422.0
2026-07-03 15:51:20.152326,Sitapura Industrial,50.1,9.74,18.1,425.0
2026-07-03 16:51:20.152326,Sitapura Industrial,49.3,9.61,14.97,444.0
2026-07-03 17:51:20.152326,Sitapura Industrial,73.1,18.09,34.52,436.9
2026-07-03 18:51:20.152326,Sitapura Industrial,62.5,16.23,28.46,427.8
2026-07-03 19:51:20.152326,Sitapura Industrial,75.9,18.02,30.51,437.9
2026-07-03 20:51:20.152326,Sitapura Industrial,43.1,4.59,10.15,428.8
2026-07-03 21:51:20.152326,Sitapura Industrial,46.4,9.41,18.22,417.9
2026-07-03 22:51:20.152326,Sitapura Industrial,60.4,11.11,20.77,438.7
2026-07-03 23:51:20.152326,Sitapura Industrial,54.2,11.73,16.88,432.4
2026-07-04 00:51:20.152326,Sitapura Industrial,35.2,9.68,21.83,410.2
2026-07-04 01:51:20.152326,Sitapura Industrial,41.9,10.64,22.38,431.5
2026-07-04 02:51:20.152326,Sitapura Industrial,52.3,14.77,28.68,408.0
2026-07-04 03:51:20.152326,Sitapura Industrial,50.0,11.53,21.63,424.6
2026-07-04 04:51:20.152326,Sitapura Industrial,60.2,16.56,31.12,432.1
2026-07-04 05:51:20.152326,Sitapura Industrial,54.7,15.19,24.21,423.8
2026-07-04 06:51:20.152326,Sitapura Industrial,51.8,12.63,22.51,429.9
2026-07-04 07:51:20.152326,Sitapura Industrial,70.3,18.05,31.88,462.2
2026-07-04 08:51:20.152326,Sitapura Industrial,65.0,16.17,24.66,461.1
2026-07-04 09:51:20.152326,Sitapura Industrial,82.1,15.08,32.96,438.7
2026-07-04 10:51:20.152326,Sitapura Industrial,42.1,12.8,20.63,425.5
2026-07-04 11:51:20.152326,Sitapura Industrial,47.0,8.17,16.46,418.5
2026-07-04 12:51:20.152326,Sitapura Industrial,56.4,13.68,18.26,413.7
2026-07-04 13:51:20.152326,Sitapura Industrial,52.8,11.54,21.51,432.0
2026-07-04 14:51:20.152326,Sitapura Industrial,57.4,11.76,24.14,425.7
2026-07-04 15:51:20.152326,Sitapura Industrial,45.1,8.57,15.35,414.2
2026-07-04 16:51:20.152326,Sitapura Industrial,51.8,9.23,16.01,400.5
2026-07-04 17:51:20.152326,Sitapura Industrial,75.9,18.68,33.18,440.8
2026-07-04 18:51:20.152326,Sitapura Industrial,67.0,15.68,29.58,424.3
2026-07-04 19:51:20.152326,Sitapura Industrial,55.0,16.46,30.02,431.8
2026-07-04 20:51:20.152326,Sitapura Industrial,57.2,9.61,16.62,424.3
2026-07-04 21:51:20.152326,Sitapura Industrial,69.2,19.79,40.07,454.4
2026-07-04 22:51:20.152326,Sitapura Industrial,50.4,12.48,19.35,433.6
2026-07-04 23:51:20.152326,Sitapura Industrial,59.1,19.1,32.68,437.6
2026-07-05 00:51:20.152326,Sitapura Industrial,43.3,9.85,14.89,404.7
2026-07-05 01:51:20.152326,Sitapura Industrial,54.1,11.7,21.46,432.6
2026-07-05 02:51:20.152326,Sitapura Industrial,61.3,13.78,25.77,426.8
2026-07-05 03:51:20.152326,Sitapura Industrial,53.8,14.62,26.85,443.6
2026-07-05 04:51:20.152326,Sitapura Industrial,49.1,11.61,22.43,421.8
2026-07-05 05:51:20.152326,Sitapura Industrial,46.6,9.3,22.23,426.1
2026-07-05 06:51:20.152326,Sitapura Industrial,55.6,13.36,20.65,422.6
2026-07-05 07:51:20.152326,Sitapura Industrial,75.5,17.11,30.91,428.9
2026-07-05 08:51:20.152326,Sitapura Industrial,73.0,16.16,27.26,425.6
2026-07-05 09:51:20.152326,Sitapura Industrial,84.0,21.22,46.84,458.2
2026-07-05 10:51:20.152326,Sitapura Industrial,55.8,15.09,26.12,441.9
2026-07-05 11:51:20.152326,Sitapura Industrial,69.6,16.6,32.13,408.4
2026-07-05 12:51:20.152326,Sitapura Industrial,56.6,15.2,31.51,452.2
2026-07-05 13:51:20.152326,Sitapura Industrial,36.6,11.14,18.73,444.6
2026-07-05 14:51:20.152326,Sitapura Industrial,57.0,13.94,27.56,422.4
2026-07-05 15:51:20.152326,Sitapura Industrial,51.3,9.58,13.23,442.4
2026-07-05 16:51:20.152326,Sitapura Industrial,54.8,17.34,28.92,443.0
2026-07-05 17:51:20.152326,Sitapura Industrial,60.7,12.86,22.89,449.3
2026-07-05 18:51:20.152326,Sitapura Industrial,48.8,14.24,27.51,429.5
2026-07-05 19:51:20.152326,Sitapura Industrial,67.8,14.4,26.38,407.3
2026-07-05 20:51:20.152326,Sitapura Industrial,49.4,8.59,14.11,425.8
2026-07-05 21:51:20.152326,Sitapura Industrial,59.1,13.98,27.68,427.2
2026-07-05 22:51:20.152326,Sitapura Industrial,63.1,15.81,32.71,430.9
2026-07-05 23:51:20.152326,Sitapura Industrial,36.1,8.1,14.93,395.5
2026-07-06 00:51:20.152326,Sitapura Industrial,42.3,7.08,11.43,412.8
2026-07-06 01:51:20.152326,Sitapura Industrial,58.7,14.01,20.86,413.0
2026-07-06 02:51:20.152326,Sitapura Industrial,44.0,8.19,12.35,431.7
2026-07-06 03:51:20.152326,Sitapura Industrial,53.6,10.09,19.27,439.2
2026-07-06 04:51:20.152326,Sitapura Industrial,48.2,13.91,28.38,418.4
2026-07-06 05:51:20.152326,Sitapura Industrial,59.1,14.97,30.13,402.8
2026-07-06 06:51:20.152326,Sitapura Industrial,48.7,14.06,21.13,424.8
2026-07-06 07:51:20.152326,Sitapura Industrial,61.1,14.22,25.8,435.6
2026-07-06 08:51:20.152326,Sitapura Industrial,63.5,15.22,27.99,432.8
2026-07-06 09:51:20.152326,Sitapura Industrial,64.2,18.39,35.91,428.2
2026-07-06 10:51:20.152326,Sitapura Industrial,46.0,12.66,26.11,432.1
2026-07-06 11:51:20.152326,Sitapura Industrial,65.0,15.42,26.2,444.5
2026-07-06 12:51:20.152326,Sitapura Industrial,44.5,10.99,25.76,405.6
2026-07-06 13:51:20.152326,Sitapura Industrial,58.7,11.96,28.27,412.9
2026-07-06 14:51:20.152326,Sitapura Industrial,52.6,11.67,17.84,382.3
2026-07-06 15:51:20.152326,Sitapura Industrial,55.5,15.86,28.27,406.4
2026-07-06 16:51:20.152326,Sitapura Industrial,51.5,11.45,15.94,429.8
2026-07-06 17:51:20.152326,Sitapura Industrial,52.2,10.95,21.22,421.4
2026-07-06 18:51:20.152326,Sitapura Industrial,61.4,13.81,25.82,430.2
2026-07-06 19:51:20.152326,Sitapura Industrial,74.9,19.53,41.64,462.5
2026-07-06 20:51:20.152326,Sitapura Industrial,60.4,13.55,19.84,452.9
2026-07-06 21:51:20.152326,Sitapura Industrial,51.4,9.72,15.5,405.0
2026-07-06 22:51:20.152326,Sitapura Industrial,55.2,15.95,31.5,425.3
2026-07-06 23:51:20.152326,Sitapura Industrial,68.0,14.59,28.77,413.3
2026-07-07 00:51:20.152326,Sitapura Industrial,52.9,12.47,22.93,457.9
2026-07-07 01:51:20.152326,Sitapura Industrial,58.2,13.3,22.95,441.6
2026-07-07 02:51:20.152326,Sitapura Industrial,62.3,17.17,28.09,424.3
2026-07-07 03:51:20.152326,Sitapura Industrial,37.2,11.14,16.98,397.6
2026-07-07 04:51:20.152326,Sitapura Industrial,63.5,13.08,19.89,423.0
2026-07-07 05:51:20.152326,Sitapura Industrial,45.8,12.88,22.4,431.0
2026-07-07 06:51:20.152326,Sitapura Industrial,57.0,13.23,24.3,410.2
2026-07-07 07:51:20.152326,Sitapura Industrial,76.6,17.16,37.74,423.7
2026-07-07 08:51:20.152326,Sitapura Industrial,51.4,14.37,23.0,423.2
2026-07-07 09:51:20.152326,Sitapura Industrial,64.9,15.26,29.93,437.2
2026-07-07 10:51:20.152326,Sitapura Industrial,55.4,11.71,23.52,424.7
2026-07-07 11:51:20.152326,Sitapura Industrial,52.3,15.76,32.05,472.2
2026-07-07 12:51:20.152326,Sitapura Industrial,51.8,13.69,29.15,394.1
2026-07-07 13:51:20.152326,Sitapura Industrial,42.4,12.67,22.25,430.5
2026-07-07 14:51:20.152326,Sitapura Industrial,48.0,14.21,27.7,423.4
2026-07-07 15:51:20.152326,Sitapura Industrial,51.1,14.33,26.61,409.0
2026-07-07 16:51:20.152326,Sitapura Industrial,49.4,11.53,19.71,458.0
2026-07-07 17:51:20.152326,Sitapura Industrial,83.6,18.28,30.28,415.4
2026-07-07 18:51:20.152326,Sitapura Industrial,71.7,16.2,35.21,427.0
2026-07-07 19:51:20.152326,Sitapura Industrial,71.1,13.92,25.96,472.8
2026-07-07 20:51:20.152326,Sitapura Industrial,51.6,16.45,28.56,417.0
2026-07-07 21:51:20.152326,Sitapura Industrial,43.6,10.62,20.6,414.9
2026-07-07 22:51:20.152326,Sitapura Industrial,57.5,13.42,24.03,442.4
2026-07-07 23:51:20.152326,Sitapura Industrial,61.8,18.01,31.04,443.3
2026-07-08 00:51:20.152326,Sitapura Industrial,48.4,10.43,22.13,404.4
2026-07-08 01:51:20.152326,Sitapura Industrial,60.5,14.72,26.21,444.9
2026-07-08 02:51:20.152326,Sitapura Industrial,52.0,15.27,23.43,422.2
2026-07-08 03:51:20.152326,Sitapura Industrial,41.8,12.97,25.43,439.5
2026-07-08 04:51:20.152326,Sitapura Industrial,61.3,15.26,35.17,429.9
2026-07-08 05:51:20.152326,Sitapura Industrial,63.9,16.74,30.56,444.6
2026-07-08 06:51:20.152326,Sitapura Industrial,51.0,12.04,25.27,439.3
2026-07-08 07:51:20.152326,Sitapura Industrial,86.9,21.17,34.87,440.9
2026-07-08 08:51:20.152326,Sitapura Industrial,67.6,19.44,34.53,416.5
2026-07-08 09:51:20.152326,Sitapura Industrial,73.0,17.17,29.05,439.9
2026-07-08 10:51:20.152326,Sitapura Industrial,43.5,13.11,25.45,422.5
2026-07-08 11:51:20.152326,Sitapura Industrial,49.1,13.57,28.11,416.5
2026-07-08 12:51:20.152326,Sitapura Industrial,49.4,12.96,23.48,455.0
2026-07-08 13:51:20.152326,Sitapura Industrial,51.9,8.84,15.56,430.2
2026-07-08 14:51:20.152326,Sitapura Industrial,53.8,12.24,21.4,409.7
2026-07-08 15:51:20.152326,Sitapura Industrial,50.3,9.65,18.62,420.8
2026-07-08 16:51:20.152326,Sitapura Industrial,50.6,14.51,26.53,416.7
2026-07-08 17:51:20.152326,Sitapura Industrial,72.9,19.74,37.17,444.7
2026-07-08 18:51:20.152326,Sitapura Industrial,67.6,16.68,29.27,434.4
2026-07-08 19:51:20.152326,Sitapura Industrial,75.9,17.11,35.35,429.9
2026-07-08 20:51:20.152326,Sitapura Industrial,65.1,14.76,30.88,441.1
2026-07-08 21:51:20.152326,Sitapura Industrial,32.6,7.84,15.19,427.4
2026-07-08 22:51:20.152326,Sitapura Industrial,60.3,13.02,24.86,439.3
2026-07-08 23:51:20.152326,Sitapura Industrial,48.6,11.95,21.0,427.0
2026-07-09 00:51:20.152326,Sitapura Industrial,66.5,15.97,32.79,429.1
2026-07-09 01:51:20.152326,Sitapura Industrial,50.1,11.45,24.24,436.7
2026-07-09 02:51:20.152326,Sitapura Industrial,57.9,10.94,16.75,439.4
2026-07-09 03:51:20.152326,Sitapura Industrial,52.1,11.45,16.88,426.1
2026-07-09 04:51:20.152326,Sitapura Industrial,61.8,13.62,23.82,412.6
2026-07-09 05:51:20.152326,Sitapura Industrial,63.7,17.03,32.19,454.2
2026-07-09 06:51:20.152326,Sitapura Industrial,47.6,10.68,18.61,435.7
2026-07-09 07:51:20.152326,Sitapura Industrial,60.9,12.76,23.01,430.0
2026-07-09 08:51:20.152326,Sitapura Industrial,57.6,13.02,27.09,436.6
2026-07-09 09:51:20.152326,Sitapura Industrial,73.2,15.58,31.75,408.7
2026-07-09 10:51:20.152326,Sitapura Industrial,54.9,12.81,21.46,412.9
2026-07-09 11:51:20.152326,Sitapura Industrial,59.3,12.31,23.95,417.9
2026-07-09 12:51:20.152326,Sitapura Industrial,53.1,11.47,17.92,436.5
2026-07-09 13:51:20.152326,Sitapura Industrial,65.2,13.03,29.06,431.7
2026-07-09 14:51:20.152326,Sitapura Industrial,56.5,12.96,25.7,413.8
2026-07-09 15:51:20.152326,Sitapura Industrial,44.9,11.56,24.08,429.1
2026-07-09 16:51:20.152326,Sitapura Industrial,43.8,10.03,18.65,395.6
2026-07-09 17:51:20.152326,Sitapura Industrial,71.6,20.16,38.31,451.8
2026-07-09 18:51:20.152326,Sitapura Industrial,62.1,15.6,25.23,453.4
2026-07-09 19:51:20.152326,Sitapura Industrial,61.7,17.35,31.96,425.6
2026-07-09 20:51:20.152326,Sitapura Industrial,53.5,11.14,18.98,432.2
2026-07-09 21:51:20.152326,Sitapura Industrial,50.8,13.92,24.5,434.0
2026-07-09 22:51:20.152326,Sitapura Industrial,41.2,11.17,16.64,411.9
2026-07-09 23:51:20.152326,Sitapura Industrial,53.8,14.22,27.26,423.5
2026-07-10 00:51:20.152326,Sitapura Industrial,51.9,11.88,23.31,427.7
2026-07-10 01:51:20.152326,Sitapura Industrial,56.1,11.38,17.13,419.0
2026-07-10 02:51:20.152326,Sitapura Industrial,52.5,14.77,24.03,433.3
2026-07-10 03:51:20.152326,Sitapura Industrial,47.9,12.91,24.26,405.5
2026-07-10 04:51:20.152326,Sitapura Industrial,59.1,14.17,27.34,417.1
2026-07-10 05:51:20.152326,Sitapura Industrial,59.5,17.16,34.83,431.5
2026-07-10 06:51:20.152326,Sitapura Industrial,51.2,12.6,27.19,448.5
2026-07-10 07:51:20.152326,Sitapura Industrial,72.0,18.58,33.57,451.7
2026-07-10 08:51:20.152326,Sitapura Industrial,63.4,19.59,39.0,442.3
2026-07-10 09:51:20.152326,Sitapura Industrial,66.4,15.62,32.29,452.4
2026-07-10 10:51:20.152326,Sitapura Industrial,59.7,15.71,31.46,431.6
2026-07-10 11:51:20.152326,Sitapura Industrial,36.4,8.44,14.44,431.4
2026-07-10 12:51:20.152326,Sitapura Industrial,32.4,7.57,16.1,399.0
2026-07-10 13:51:20.152326,Sitapura Industrial,49.0,15.81,32.57,421.1
2026-07-10 14:51:20.152326,Sitapura Industrial,50.1,13.45,30.19,441.2
2026-07-10 15:51:20.152326,Sitapura Industrial,47.7,13.91,21.83,431.9
2026-07-10 16:51:20.152326,Sitapura Industrial,60.2,17.78,30.79,456.2
2026-07-10 17:51:20.152326,Sitapura Industrial,76.7,15.34,25.69,445.9
2026-07-10 18:51:20.152326,Sitapura Industrial,70.0,13.17,28.18,475.8
2026-07-10 19:51:20.152326,Sitapura Industrial,61.7,13.36,25.37,425.5
2026-07-10 20:51:20.152326,Sitapura Industrial,65.3,15.27,30.78,430.4
2026-07-10 21:51:20.152326,Sitapura Industrial,35.8,7.65,20.19,430.9
2026-07-10 22:51:20.152326,Sitapura Industrial,56.2,15.72,25.27,392.1
2026-07-10 23:51:20.152326,Sitapura Industrial,41.7,8.04,18.29,410.7
2026-07-11 00:51:20.152326,Sitapura Industrial,62.2,12.83,20.96,443.5
2026-07-11 01:51:20.152326,Sitapura Industrial,53.5,8.61,16.88,399.6
2026-07-11 02:51:20.152326,Sitapura Industrial,60.6,14.16,22.68,433.6
2026-07-11 03:51:20.152326,Sitapura Industrial,55.1,12.04,20.07,397.9
2026-07-11 04:51:20.152326,Sitapura Industrial,50.8,14.09,28.91,440.0
2026-07-11 05:51:20.152326,Sitapura Industrial,46.1,9.36,17.15,427.7
2026-07-11 06:51:20.152326,Sitapura Industrial,64.8,17.03,33.07,436.8
2026-07-11 07:51:20.152326,Sitapura Industrial,73.7,15.44,31.37,449.4
2026-07-11 08:51:20.152326,Sitapura Industrial,72.7,17.41,31.34,450.2
2026-07-11 09:51:20.152326,Sitapura Industrial,74.9,17.0,35.12,437.5
2026-07-11 10:51:20.152326,Sitapura Industrial,65.9,13.36,24.2,421.0
2026-07-11 11:51:20.152326,Sitapura Industrial,53.6,14.37,28.91,422.6
2026-07-11 12:51:20.152326,Sitapura Industrial,54.7,14.32,26.88,437.7
2026-07-11 13:51:20.152326,Sitapura Industrial,51.7,13.38,23.06,415.5
2026-07-11 14:51:20.152326,Sitapura Industrial,56.5,14.81,27.13,420.6
2026-07-11 15:51:20.152326,Sitapura Industrial,58.9,13.62,24.38,444.0
2026-07-11 16:51:20.152326,Sitapura Industrial,48.4,13.31,26.32,404.7
2026-07-11 17:51:20.152326,Sitapura Industrial,75.4,19.72,35.72,436.7
2026-07-11 18:51:20.152326,Sitapura Industrial,62.4,10.07,16.05,426.9
2026-07-11 19:51:20.152326,Sitapura Industrial,67.6,12.12,21.04,435.5
2026-07-11 20:51:20.152326,Sitapura Industrial,63.8,16.42,34.42,439.1
2026-07-11 21:51:20.152326,Sitapura Industrial,50.3,11.17,16.01,449.6
2026-07-11 22:51:20.152326,Sitapura Industrial,47.6,14.02,26.78,412.2
2026-07-11 23:51:20.152326,Sitapura Industrial,55.7,13.99,22.23,439.3
2026-07-12 00:51:20.152326,Sitapura Industrial,64.4,18.68,35.32,430.7
2026-07-12 01:51:20.152326,Sitapura Industrial,47.5,13.33,22.89,427.8
2026-07-12 02:51:20.152326,Sitapura Industrial,47.2,11.87,24.79,419.4
2026-07-12 03:51:20.152326,Sitapura Industrial,58.9,12.15,24.92,417.7
2026-07-12 04:51:20.152326,Sitapura Industrial,40.5,11.72,25.22,416.6
2026-07-12 05:51:20.152326,Sitapura Industrial,57.5,14.99,29.02,437.5
2026-07-12 06:51:20.152326,Sitapura Industrial,54.7,12.47,18.69,436.0
2026-07-12 07:51:20.152326,Sitapura Industrial,77.0,19.79,44.58,423.8
2026-07-12 08:51:20.152326,Sitapura Industrial,72.7,17.54,31.43,469.8
2026-07-12 09:51:20.152326,Sitapura Industrial,77.2,20.15,34.88,444.2
2026-07-12 10:51:20.152326,Sitapura Industrial,59.9,14.59,28.83,424.0
2026-07-12 11:51:20.152326,Sitapura Industrial,66.4,14.57,28.89,446.0
2026-07-12 12:51:20.152326,Sitapura Industrial,51.3,13.85,27.06,457.0
2026-07-12 13:51:20.152326,Sitapura Industrial,68.5,18.42,36.55,447.0
2026-07-12 14:51:20.152326,Sitapura Industrial,54.2,11.89,21.41,427.7
2026-07-12 15:51:20.152326,Sitapura Industrial,36.0,8.41,15.64,410.9
2026-07-12 16:51:20.152326,Sitapura Industrial,55.2,14.6,27.89,411.2
2026-07-12 17:51:20.152326,Sitapura Industrial,79.4,17.07,29.75,445.9
2026-07-12 18:51:20.152326,Sitapura Industrial,61.5,14.08,26.99,442.1
2026-07-12 19:51:20.152326,Sitapura Industrial,63.3,14.17,23.45,440.0
2026-07-12 20:51:20.152326,Sitapura Industrial,57.5,14.94,26.84,427.3
2026-07-12 21:51:20.152326,Sitapura Industrial,40.9,8.56,16.74,420.2
2026-07-12 22:51:20.152326,Sitapura Industrial,58.9,12.32,22.74,412.4
2026-07-12 23:51:20.152326,Sitapura Industrial,55.7,15.0,26.63,413.5
2026-07-13 00:51:20.152326,Sitapura Industrial,44.5,7.15,11.62,441.7
2026-07-13 01:51:20.152326,Sitapura Industrial,44.5,11.48,22.2,412.8
2026-07-13 02:51:20.152326,Sitapura Industrial,53.0,10.18,22.02,432.4
2026-07-13 03:51:20.152326,Sitapura Industrial,48.9,14.5,23.1,409.6
2026-07-13 04:51:20.152326,Sitapura Industrial,55.1,14.02,27.6,401.6
2026-07-13 05:51:20.152326,Sitapura Industrial,54.8,11.21,23.73,427.3
2026-07-13 06:51:20.152326,Sitapura Industrial,50.6,12.68,26.95,419.2
2026-07-13 07:51:20.152326,Sitapura Industrial,64.2,15.86,28.05,427.2
2026-07-13 08:51:20.152326,Sitapura Industrial,72.6,15.67,35.95,446.5
2026-07-13 09:51:20.152326,Sitapura Industrial,82.8,19.84,40.77,443.1
2026-07-13 10:51:20.152326,Sitapura Industrial,57.0,14.73,28.65,408.6
2026-07-13 11:51:20.152326,Sitapura Industrial,42.3,8.25,15.05,417.3
2026-07-13 12:51:20.152326,Sitapura Industrial,55.7,16.16,30.92,452.3
2026-07-13 13:51:20.152326,Sitapura Industrial,55.3,13.25,18.7,392.9
2026-07-13 14:51:20.152326,Sitapura Industrial,59.9,16.37,26.26,414.9
2026-07-13 15:51:20.152326,Sitapura Industrial,60.2,13.13,23.06,418.6
2026-07-13 16:51:20.152326,Sitapura Industrial,52.4,15.48,27.43,421.5
2026-07-13 17:51:20.152326,Sitapura Industrial,72.2,16.19,30.54,419.9
2026-07-13 18:51:20.152326,Sitapura Industrial,61.0,12.47,28.66,437.4
2026-07-13 19:51:20.152326,Sitapura Industrial,82.7,21.36,42.24,459.3
2026-07-13 20:51:20.152326,Sitapura Industrial,48.6,8.13,18.44,420.6
2026-07-13 21:51:20.152326,Sitapura Industrial,47.9,11.82,20.75,411.4
2026-07-13 22:51:20.152326,Sitapura Industrial,54.3,16.87,33.61,416.2
2026-07-13 23:51:20.152326,Sitapura Industrial,48.0,12.84,20.49,416.0
2026-07-14 00:51:20.152326,Sitapura Industrial,59.3,12.23,27.5,419.2
2026-07-14 01:51:20.152326,Sitapura Industrial,44.6,10.26,18.01,391.1
2026-07-14 02:51:20.152326,Sitapura Industrial,50.1,18.24,36.78,428.6
2026-07-14 03:51:20.152326,Sitapura Industrial,48.5,10.09,14.96,419.3
2026-07-14 04:51:20.152326,Sitapura Industrial,42.2,10.23,23.3,424.8
2026-07-14 05:51:20.152326,Sitapura Industrial,48.2,12.62,26.62,445.4
2026-07-14 06:51:20.152326,Sitapura Industrial,45.7,14.51,25.44,411.2
2026-07-14 07:51:20.152326,Sitapura Industrial,58.9,11.86,22.11,412.8
2026-07-14 08:51:20.152326,Sitapura Industrial,69.2,15.39,32.67,444.3
2026-07-14 09:51:20.152326,Sitapura Industrial,65.5,16.91,29.63,420.5
2026-07-14 10:51:20.152326,Sitapura Industrial,52.1,12.95,25.29,436.7
2026-07-14 11:51:20.152326,Sitapura Industrial,44.3,10.05,17.83,449.2
2026-07-14 12:51:20.152326,Sitapura Industrial,72.4,17.87,28.89,427.3
2026-07-14 13:51:20.152326,Sitapura Industrial,45.6,14.14,20.53,426.7
2026-07-14 14:51:20.152326,Sitapura Industrial,65.7,17.14,27.17,438.6
2026-07-14 15:51:20.152326,Sitapura Industrial,63.9,16.38,32.56,441.5
2026-07-14 16:51:20.152326,Sitapura Industrial,45.6,9.46,14.0,429.0
2026-07-14 17:51:20.152326,Sitapura Industrial,57.6,8.62,15.17,418.1
2026-07-14 18:51:20.152326,Sitapura Industrial,73.4,19.46,35.29,442.5
2026-07-14 19:51:20.152326,Sitapura Industrial,53.2,10.55,17.78,402.2
2026-07-14 20:51:20.152326,Sitapura Industrial,50.8,14.54,23.82,415.5
2026-07-14 21:51:20.152326,Sitapura Industrial,48.1,8.3,10.97,404.4
2026-07-14 22:51:20.152326,Sitapura Industrial,53.0,11.8,23.59,463.6
2026-07-14 23:51:20.152326,Sitapura Industrial,51.5,9.28,21.01,414.5
2026-07-15 00:51:20.152326,Sitapura Industrial,59.9,16.76,28.29,382.6
2026-07-15 01:51:20.152326,Sitapura Industrial,56.9,15.6,28.98,405.1
2026-07-15 02:51:20.152326,Sitapura Industrial,76.9,16.42,31.46,453.7
2026-07-15 03:51:20.152326,Sitapura Industrial,49.5,13.1,21.64,414.7
2026-07-15 04:51:20.152326,Sitapura Industrial,45.6,8.86,19.26,429.4
2026-07-15 05:51:20.152326,Sitapura Industrial,59.2,15.32,27.9,405.2
2026-07-15 06:51:20.152326,Sitapura Industrial,59.0,12.13,22.61,439.4
2026-07-15 07:51:20.152326,Sitapura Industrial,56.5,14.17,28.03,424.4
2026-07-15 08:51:20.152326,Sitapura Industrial,59.9,12.25,20.52,425.2
2026-07-15 09:51:20.152326,Sitapura Industrial,65.9,15.56,28.59,434.9
2026-07-15 10:51:20.152326,Sitapura Industrial,50.1,14.99,24.66,418.5
2026-07-15 11:51:20.152326,Sitapura Industrial,36.4,9.39,12.77,420.2
2026-07-15 12:51:20.152326,Sitapura Industrial,55.6,12.01,26.64,436.1
2026-07-15 13:51:20.152326,Sitapura Industrial,51.4,8.91,17.56,408.7
2026-07-15 14:51:20.152326,Sitapura Industrial,64.0,16.66,28.17,399.6
2026-07-15 15:51:20.152326,Sitapura Industrial,54.2,12.52,26.76,397.5
2026-07-15 16:51:20.152326,Sitapura Industrial,60.8,12.24,26.82,408.6
2026-07-15 17:51:20.152326,Sitapura Industrial,76.1,16.12,30.53,433.8
2026-07-15 18:51:20.152326,Sitapura Industrial,66.2,17.54,29.07,439.1
2026-07-15 19:51:20.152326,Sitapura Industrial,64.5,16.14,22.97,450.3
2026-07-15 20:51:20.152326,Sitapura Industrial,51.9,9.34,12.9,418.5
2026-07-15 21:51:20.152326,Sitapura Industrial,51.9,11.51,22.05,451.0
2026-07-15 22:51:20.152326,Sitapura Industrial,38.6,9.69,20.73,414.6
2026-07-15 23:51:20.152326,Sitapura Industrial,50.6,10.55,12.36,442.7
2026-07-16 00:51:20.152326,Sitapura Industrial,52.9,11.19,21.89,445.9
2026-07-16 01:51:20.152326,Sitapura Industrial,41.9,6.69,14.02,436.5
2026-07-16 02:51:20.152326,Sitapura Industrial,69.7,16.25,29.96,439.5
2026-07-16 03:51:20.152326,Sitapura Industrial,55.5,15.74,28.21,408.6
2026-07-16 04:51:20.152326,Sitapura Industrial,52.6,16.2,33.86,416.8
2026-07-16 05:51:20.152326,Sitapura Industrial,66.3,14.8,28.43,433.0
2026-07-16 06:51:20.152326,Sitapura Industrial,48.0,11.05,18.68,428.1
2026-07-16 07:51:20.152326,Sitapura Industrial,83.2,20.8,36.21,435.4
2026-07-16 08:51:20.152326,Sitapura Industrial,57.2,11.76,21.76,420.4
2026-07-16 09:51:20.152326,Sitapura Industrial,64.1,16.35,29.98,421.2
2026-07-16 10:51:20.152326,Sitapura Industrial,51.3,14.95,27.36,413.2
2026-07-16 11:51:20.152326,Sitapura Industrial,60.6,11.62,20.69,395.3
2026-07-16 12:51:20.152326,Sitapura Industrial,49.0,12.6,22.99,437.0
2026-07-16 13:51:20.152326,Sitapura Industrial,56.9,13.17,24.7,430.9
2026-07-16 14:51:20.152326,Sitapura Industrial,57.4,13.49,24.66,429.1
2026-07-16 15:51:20.152326,Sitapura Industrial,50.7,15.58,29.7,398.2
2026-07-16 16:51:20.152326,Sitapura Industrial,70.2,14.99,22.34,428.7
2026-07-16 17:51:20.152326,Sitapura Industrial,77.7,18.29,40.33,422.7
2026-07-16 18:51:20.152326,Sitapura Industrial,74.0,18.14,30.55,436.0
2026-07-16 19:51:20.152326,Sitapura Industrial,73.1,17.62,31.45,427.1
2026-07-16 20:51:20.152326,Sitapura Industrial,55.7,10.18,20.19,469.3
2026-07-16 21:51:20.152326,Sitapura Industrial,47.4,9.76,20.31,416.8
2026-07-16 22:51:20.152326,Sitapura Industrial,60.4,13.75,30.5,443.5
2026-07-16 23:51:20.152326,Sitapura Industrial,54.0,10.12,16.01,414.8
2026-07-17 00:51:20.152326,Sitapura Industrial,43.6,9.72,13.8,424.0
2026-07-17 01:51:20.152326,Sitapura Industrial,51.0,10.3,16.35,409.6
2026-07-17 02:51:20.152326,Sitapura Industrial,56.1,12.4,16.68,430.6
2026-07-17 03:51:20.152326,Sitapura Industrial,48.1,10.29,23.82,449.3
2026-07-17 04:51:20.152326,Sitapura Industrial,47.8,11.41,18.84,420.2
2026-07-17 05:51:20.152326,Sitapura Industrial,41.1,8.53,15.22,428.2
2026-07-17 06:51:20.152326,Sitapura Industrial,50.2,14.16,28.44,443.2
2026-07-17 07:51:20.152326,Sitapura Industrial,69.5,17.09,35.29,427.0
2026-07-17 08:51:20.152326,Sitapura Industrial,66.0,13.93,25.19,438.1
2026-07-17 09:51:20.152326,Sitapura Industrial,68.1,17.13,27.85,409.9
2026-07-17 10:51:20.152326,Sitapura Industrial,54.0,13.19,20.4,415.1
2026-07-17 11:51:20.152326,Sitapura Industrial,70.8,19.19,37.43,463.3
2026-07-17 12:51:20.152326,Sitapura Industrial,56.9,11.58,21.99,445.7
2026-07-17 13:51:20.152326,Sitapura Industrial,40.2,8.77,18.85,403.5
2026-07-17 14:51:20.152326,Sitapura Industrial,55.5,10.54,21.51,407.5
2026-07-17 15:51:20.152326,Sitapura Industrial,56.9,15.92,30.39,437.2
2026-07-17 16:51:20.152326,Sitapura Industrial,52.3,12.43,23.61,409.3
2026-07-17 17:51:20.152326,Sitapura Industrial,61.6,13.83,26.53,415.4
2026-07-17 18:51:20.152326,Sitapura Industrial,57.8,15.78,31.0,409.2
2026-07-17 19:51:20.152326,Sitapura Industrial,67.9,19.43,33.39,411.9
2026-07-17 20:51:20.152326,Sitapura Industrial,56.1,14.54,25.93,424.8
2026-07-17 21:51:20.152326,Sitapura Industrial,44.7,11.2,21.54,417.9
2026-07-17 22:51:20.152326,Sitapura Industrial,41.7,11.72,23.17,414.4
2026-07-17 23:51:20.152326,Sitapura Industrial,52.3,14.58,24.93,430.4
2026-07-18 00:51:20.152326,Sitapura Industrial,56.7,12.44,24.64,455.8
2026-07-18 01:51:20.152326,Sitapura Industrial,47.5,9.44,16.29,438.3
2026-07-18 02:51:20.152326,Sitapura Industrial,36.0,5.92,12.15,419.1
2026-07-18 03:51:20.152326,Sitapura Industrial,52.8,11.27,22.23,458.5
2026-07-18 04:51:20.152326,Sitapura Industrial,43.9,11.79,20.89,414.5
2026-07-18 05:51:20.152326,Sitapura Industrial,58.5,14.76,33.1,450.4
2026-07-18 06:51:20.152326,Sitapura Industrial,55.2,11.98,21.41,431.1
2026-07-18 07:51:20.152326,Sitapura Industrial,62.9,12.13,26.53,438.0
2026-07-18 08:51:20.152326,Sitapura Industrial,72.0,18.76,32.91,409.8
2026-07-18 09:51:20.152326,Sitapura Industrial,70.8,17.02,31.42,431.4
2026-07-18 10:51:20.152326,Sitapura Industrial,54.5,13.53,24.36,423.6
2026-07-18 11:51:20.152326,Sitapura Industrial,45.7,12.66,25.76,442.0
2026-07-18 12:51:20.152326,Sitapura Industrial,74.7,16.07,35.17,436.9
2026-07-18 13:51:20.152326,Sitapura Industrial,58.0,14.91,23.2,427.9
2026-07-18 14:51:20.152326,Sitapura Industrial,47.8,8.56,18.23,412.0
2026-07-18 15:51:20.152326,Sitapura Industrial,59.7,14.94,28.6,466.0
2026-07-18 16:51:20.152326,Sitapura Industrial,52.1,11.66,20.29,405.2
2026-07-18 17:51:20.152326,Sitapura Industrial,64.1,15.2,28.86,415.8
2026-07-18 18:51:20.152326,Sitapura Industrial,80.6,20.53,39.35,460.3
2026-07-18 19:51:20.152326,Sitapura Industrial,54.0,11.03,21.01,441.5
2026-07-18 20:51:20.152326,Sitapura Industrial,60.4,13.9,23.17,445.9
2026-07-18 21:51:20.152326,Sitapura Industrial,51.0,11.44,19.5,406.2
2026-07-18 22:51:20.152326,Sitapura Industrial,53.4,13.89,26.44,409.0
2026-07-18 23:51:20.152326,Sitapura Industrial,69.9,16.47,24.97,447.4
2026-07-19 00:51:20.152326,Sitapura Industrial,54.1,12.43,27.27,446.2
2026-07-19 01:51:20.152326,Sitapura Industrial,44.9,11.5,19.47,435.4
2026-07-19 02:51:20.152326,Sitapura Industrial,58.3,12.96,26.2,433.9
2026-07-19 03:51:20.152326,Sitapura Industrial,49.9,12.2,20.18,422.2
2026-07-19 04:51:20.152326,Sitapura Industrial,63.2,16.42,31.72,405.6
2026-07-19 05:51:20.152326,Sitapura Industrial,59.0,15.09,26.96,405.4
2026-07-19 06:51:20.152326,Sitapura Industrial,44.9,12.22,20.96,425.8
2026-07-19 07:51:20.152326,Sitapura Industrial,76.5,16.17,23.23,425.9
2026-07-19 08:51:20.152326,Sitapura Industrial,70.7,16.74,25.33,438.2
2026-07-19 09:51:20.152326,Sitapura Industrial,66.4,14.86,19.1,436.0
2026-07-19 10:51:20.152326,Sitapura Industrial,58.5,16.93,34.17,418.0
2026-07-19 11:51:20.152326,Sitapura Industrial,46.5,11.88,25.22,413.2
2026-07-19 12:51:20.152326,Sitapura Industrial,36.4,10.17,22.69,431.3
2026-07-19 13:51:20.152326,Sitapura Industrial,55.0,15.27,28.76,405.9
2026-07-19 14:51:20.152326,Sitapura Industrial,48.4,13.35,21.21,407.7
2026-07-19 15:51:20.152326,Sitapura Industrial,45.2,10.4,20.05,410.3
2026-07-19 16:51:20.152326,Sitapura Industrial,54.0,12.99,22.67,419.5
2026-07-19 17:51:20.152326,Sitapura Industrial,68.9,16.01,31.96,431.2
2026-07-19 18:51:20.152326,Sitapura Industrial,75.5,21.84,40.07,440.0
2026-07-19 19:51:20.152326,Sitapura Industrial,69.2,16.25,28.63,448.0
2026-07-19 20:51:20.152326,Sitapura Industrial,38.6,9.59,17.19,408.9
2026-07-19 21:51:20.152326,Sitapura Industrial,44.1,9.51,17.12,416.1
2026-07-19 22:51:20.152326,Sitapura Industrial,52.4,14.22,27.84,438.4
2026-07-19 23:51:20.152326,Sitapura Industrial,44.4,6.42,9.07,431.2
2026-07-20 00:51:20.152326,Sitapura Industrial,52.3,13.06,26.78,440.7
2026-07-20 01:51:20.152326,Sitapura Industrial,54.5,9.72,14.2,409.9
2026-07-20 02:51:20.152326,Sitapura Industrial,58.9,15.79,28.45,458.8
2026-07-20 03:51:20.152326,Sitapura Industrial,53.8,9.54,15.94,441.2
2026-07-20 04:51:20.152326,Sitapura Industrial,73.6,16.52,33.67,458.0
2026-07-20 05:51:20.152326,Sitapura Industrial,56.3,14.41,26.93,425.5
2026-07-20 06:51:20.152326,Sitapura Industrial,59.0,14.92,27.09,427.9
2026-07-20 07:51:20.152326,Sitapura Industrial,73.3,18.84,39.56,450.9
2026-07-20 08:51:20.152326,Sitapura Industrial,76.4,14.41,26.72,442.1
2026-07-20 09:51:20.152326,Sitapura Industrial,67.4,13.53,23.44,426.3
2026-07-20 10:51:20.152326,Sitapura Industrial,47.6,12.73,27.15,428.3
2026-07-20 11:51:20.152326,Sitapura Industrial,50.5,13.65,27.65,423.2
2026-07-20 12:51:20.152326,Sitapura Industrial,50.5,11.68,22.67,441.5
2026-07-20 13:51:20.152326,Sitapura Industrial,42.6,12.29,21.23,399.0
2026-07-20 14:51:20.152326,Sitapura Industrial,64.2,17.79,31.13,427.2
2026-07-20 15:51:20.152326,Sitapura Industrial,51.2,7.99,11.69,401.9
2026-07-20 16:51:20.152326,Sitapura Industrial,68.4,18.65,33.07,407.6
2026-07-20 17:51:20.152326,Sitapura Industrial,59.9,19.68,38.76,431.4
2026-07-20 18:51:20.152326,Sitapura Industrial,56.7,12.58,22.87,437.0
2026-07-20 19:51:20.152326,Sitapura Industrial,81.4,19.53,37.85,411.1
2026-07-20 20:51:20.152326,Sitapura Industrial,65.5,18.94,37.72,397.7
2026-07-20 21:51:20.152326,Sitapura Industrial,53.0,10.95,16.86,433.1
2026-07-20 22:51:20.152326,Sitapura Industrial,44.5,9.55,21.02,423.1
2026-07-20 23:51:20.152326,Sitapura Industrial,48.1,10.66,18.17,445.0
2026-07-21 00:51:20.152326,Sitapura Industrial,58.5,12.37,19.47,426.9
2026-07-21 01:51:20.152326,Sitapura Industrial,54.5,13.55,31.93,436.1
2026-07-21 02:51:20.152326,Sitapura Industrial,41.3,7.42,13.91,412.1
2026-07-21 03:51:20.152326,Sitapura Industrial,63.9,15.64,27.02,428.8
2026-07-21 04:51:20.152326,Sitapura Industrial,69.1,18.35,30.78,460.1
2026-07-21 05:51:20.152326,Sitapura Industrial,61.5,12.55,19.55,434.5
2026-07-21 06:51:20.152326,Sitapura Industrial,45.5,5.8,15.87,458.1
2026-07-21 07:51:20.152326,Sitapura Industrial,62.1,11.05,24.36,430.9
2026-07-21 08:51:20.152326,Sitapura Industrial,76.4,16.38,30.91,408.4
2026-07-21 09:51:20.152326,Sitapura Industrial,60.8,15.64,32.15,420.0
2026-07-21 10:51:20.152326,Sitapura Industrial,40.1,8.93,13.38,418.8
2026-07-21 11:51:20.152326,Sitapura Industrial,52.6,9.85,17.2,436.8
2026-07-21 12:51:20.152326,Sitapura Industrial,53.9,12.23,30.12,406.7
2026-07-21 13:51:20.152326,Sitapura Industrial,62.4,11.18,18.94,455.0
2026-07-21 14:51:20.152326,Sitapura Industrial,47.8,10.28,15.87,406.8
2026-07-21 15:51:20.152326,Sitapura Industrial,38.1,8.84,15.47,400.2
2026-07-21 16:51:20.152326,Sitapura Industrial,51.8,13.39,21.07,393.0
2026-07-21 17:51:20.152326,Sitapura Industrial,67.1,15.89,33.77,422.6
2026-07-21 18:51:20.152326,Sitapura Industrial,63.5,18.3,33.72,442.8
2026-07-21 19:51:20.152326,Sitapura Industrial,61.7,17.28,32.94,416.6
2026-07-21 20:51:20.152326,Sitapura Industrial,61.2,13.35,24.43,410.8
2026-07-21 21:51:20.152326,Sitapura Industrial,55.1,10.2,17.78,418.0
2026-07-21 22:51:20.152326,Sitapura Industrial,62.0,12.75,26.48,414.3
2026-07-21 23:51:20.152326,Sitapura Industrial,41.1,11.66,23.71,434.1
2026-07-22 00:51:20.152326,Sitapura Industrial,54.3,15.28,25.94,394.5
2026-07-22 01:51:20.152326,Sitapura Industrial,63.9,17.4,33.62,450.1
2026-07-22 02:51:20.152326,Sitapura Industrial,48.7,14.37,24.38,405.1
2026-07-22 03:51:20.152326,Sitapura Industrial,52.7,9.56,21.11,419.6
2026-07-22 04:51:20.152326,Sitapura Industrial,58.5,10.08,20.23,440.2
2026-07-22 05:51:20.152326,Sitapura Industrial,65.3,15.43,26.17,433.6
2026-07-22 06:51:20.152326,Sitapura Industrial,60.0,16.46,28.85,458.1
2026-07-22 07:51:20.152326,Sitapura Industrial,53.8,14.79,28.14,427.0
2026-07-22 08:51:20.152326,Sitapura Industrial,69.2,19.0,36.81,443.3
2026-07-22 09:51:20.152326,Sitapura Industrial,76.1,18.25,37.16,418.4
2026-07-22 10:51:20.152326,Sitapura Industrial,63.8,15.22,30.33,444.0
2026-07-22 11:51:20.152326,Sitapura Industrial,64.8,17.2,32.67,440.6
2026-07-22 12:51:20.152326,Sitapura Industrial,46.5,8.2,14.16,454.6
2026-07-22 13:51:20.152326,Sitapura Industrial,51.1,13.68,22.56,439.9
2026-07-22 14:51:20.152326,Sitapura Industrial,68.0,13.87,24.05,431.7
2026-07-22 15:51:20.152326,Sitapura Industrial,49.6,9.45,15.66,424.6
2026-07-22 16:51:20.152326,Sitapura Industrial,67.7,14.41,25.7,437.5
2026-07-22 17:51:20.152326,Sitapura Industrial,61.8,12.7,18.38,425.7
2026-07-22 18:51:20.152326,Sitapura Industrial,67.2,12.66,24.7,430.0
2026-07-22 19:51:20.152326,Sitapura Industrial,67.7,19.05,27.98,437.2
2026-07-22 20:51:20.152326,Sitapura Industrial,50.4,9.12,16.19,413.3
2026-07-22 21:51:20.152326,Sitapura Industrial,55.5,12.67,24.29,429.2
2026-07-22 22:51:20.152326,Sitapura Industrial,48.7,13.23,19.03,400.0
2026-07-22 23:51:20.152326,Sitapura Industrial,48.9,10.85,22.01,432.5
2026-07-23 00:51:20.152326,Sitapura Industrial,35.6,5.08,8.82,391.9
2026-07-23 01:51:20.152326,Sitapura Industrial,64.1,16.11,25.76,424.6
2026-07-23 02:51:20.152326,Sitapura Industrial,48.3,9.55,17.52,430.0
2026-07-23 03:51:20.152326,Sitapura Industrial,54.7,13.64,24.8,435.6
2026-07-23 04:51:20.152326,Sitapura Industrial,53.3,15.04,29.18,433.2
2026-07-23 05:51:20.152326,Sitapura Industrial,34.8,6.21,12.3,442.7
2026-07-23 06:51:20.152326,Sitapura Industrial,68.4,18.67,31.66,446.0
2026-07-23 07:51:20.152326,Sitapura Industrial,65.4,15.64,25.77,456.5
2026-07-23 08:51:20.152326,Sitapura Industrial,82.4,15.62,22.97,420.7
2026-07-23 09:51:20.152326,Sitapura Industrial,62.9,12.27,18.85,438.7
2026-07-23 10:51:20.152326,Sitapura Industrial,42.5,12.26,25.82,401.7
2026-07-23 11:51:20.152326,Sitapura Industrial,46.7,8.49,11.28,451.0
2026-07-23 12:51:20.152326,Sitapura Industrial,45.5,12.06,22.32,424.5
2026-07-23 13:51:20.152326,Sitapura Industrial,52.8,12.58,21.88,430.5
2026-07-23 14:51:20.152326,Sitapura Industrial,62.5,15.29,26.35,435.3
2026-07-23 15:51:20.152326,Sitapura Industrial,50.6,11.94,20.54,431.4
2026-07-23 16:51:20.152326,Sitapura Industrial,47.4,10.52,20.18,438.8
2026-07-23 17:51:20.152326,Sitapura Industrial,61.4,13.91,24.7,454.6
2026-07-23 18:51:20.152326,Sitapura Industrial,64.7,10.13,20.65,425.1
2026-07-23 19:51:20.152326,Sitapura Industrial,65.4,14.92,31.53,446.3
2026-07-23 20:51:20.152326,Sitapura Industrial,44.0,14.52,23.69,418.1
2026-07-23 21:51:20.152326,Sitapura Industrial,63.8,15.76,25.83,430.5
2026-07-23 22:51:20.152326,Sitapura Industrial,42.6,10.58,18.45,410.8
2026-07-23 23:51:20.152326,Sitapura Industrial,42.7,10.87,16.5,417.3
2026-07-24 00:51:20.152326,Sitapura Industrial,63.2,14.53,26.4,440.1
2026-07-24 01:51:20.152326,Sitapura Industrial,53.8,14.76,28.68,425.4
2026-07-24 02:51:20.152326,Sitapura Industrial,63.3,15.77,22.85,415.7
2026-07-24 03:51:20.152326,Sitapura Industrial,42.9,9.58,17.83,449.4
2026-07-24 04:51:20.152326,Sitapura Industrial,55.2,14.09,30.29,404.2
2026-07-24 05:51:20.152326,Sitapura Industrial,39.3,7.86,16.3,419.3
2026-07-24 06:51:20.152326,Sitapura Industrial,57.8,11.99,23.22,427.8
2026-07-24 07:51:20.152326,Sitapura Industrial,62.7,13.29,26.18,420.6
2026-07-24 08:51:20.152326,Sitapura Industrial,58.3,18.67,31.96,414.4
2026-07-24 09:51:20.152326,Sitapura Industrial,69.2,18.26,32.57,429.3
2026-07-24 10:51:20.152326,Sitapura Industrial,63.8,14.97,27.41,442.7
2026-07-24 11:51:20.152326,Sitapura Industrial,43.9,15.1,23.6,407.6
2026-07-24 12:51:20.152326,Sitapura Industrial,61.6,12.58,32.83,422.0
2026-07-24 13:51:20.152326,Sitapura Industrial,43.8,9.34,22.93,437.1
2026-07-24 14:51:20.152326,Sitapura Industrial,58.6,16.95,30.36,422.7
2026-07-24 15:51:20.152326,Sitapura Industrial,57.8,10.65,17.9,417.4
2026-07-24 16:51:20.152326,Sitapura Industrial,62.9,14.34,25.02,423.5
2026-07-24 17:51:20.152326,Sitapura Industrial,70.5,16.34,32.46,424.4
2026-07-24 18:51:20.152326,Sitapura Industrial,79.2,20.82,41.73,421.8
2026-07-24 19:51:20.152326,Sitapura Industrial,65.9,16.11,23.87,431.1
2026-07-24 20:51:20.152326,Sitapura Industrial,65.5,17.61,34.15,418.0
2026-07-24 21:51:20.152326,Sitapura Industrial,55.6,14.36,32.31,389.4
2026-07-24 22:51:20.152326,Sitapura Industrial,44.2,13.47,23.49,415.9
2026-07-24 23:51:20.152326,Sitapura Industrial,49.1,7.89,11.3,426.6
2026-07-25 00:51:20.152326,Sitapura Industrial,52.1,12.34,18.7,440.9
2026-07-25 01:51:20.152326,Sitapura Industrial,72.8,18.41,35.09,439.8
2026-07-25 02:51:20.152326,Sitapura Industrial,48.3,11.04,21.03,419.4
2026-07-25 03:51:20.152326,Sitapura Industrial,50.9,10.12,14.06,443.6
2026-07-25 04:51:20.152326,Sitapura Industrial,51.5,14.5,30.61,425.1
2026-07-25 05:51:20.152326,Sitapura Industrial,36.8,14.98,29.75,413.2
2026-07-25 06:51:20.152326,Sitapura Industrial,52.1,13.77,22.47,450.2
2026-07-25 07:51:20.152326,Sitapura Industrial,56.1,16.27,30.55,415.2
2026-07-25 08:51:20.152326,Sitapura Industrial,71.7,16.67,28.49,453.5
2026-07-25 09:51:20.152326,Sitapura Industrial,77.8,19.79,36.64,427.2
2026-07-25 10:51:20.152326,Sitapura Industrial,45.1,9.16,18.45,436.1
2026-07-25 11:51:20.152326,Sitapura Industrial,53.3,15.56,27.69,452.0
2026-07-25 12:51:20.152326,Sitapura Industrial,49.9,12.23,26.3,408.5
2026-07-25 13:51:20.152326,Sitapura Industrial,56.4,14.25,22.44,422.2
2026-07-25 14:51:20.152326,Sitapura Industrial,66.2,16.15,33.29,439.2
2026-07-25 15:51:20.152326,Sitapura Industrial,57.3,14.8,28.61,443.6
2026-07-25 16:51:20.152326,Sitapura Industrial,47.5,12.38,20.93,413.7
2026-07-25 17:51:20.152326,Sitapura Industrial,65.5,18.23,33.98,451.2
2026-07-25 18:51:20.152326,Sitapura Industrial,66.3,14.45,23.56,390.8
2026-07-25 19:51:20.152326,Sitapura Industrial,64.9,17.88,36.61,442.3
2026-07-25 20:51:20.152326,Sitapura Industrial,51.9,11.57,17.92,432.9
2026-07-25 21:51:20.152326,Sitapura Industrial,54.1,15.36,32.46,412.0
2026-07-25 22:51:20.152326,Sitapura Industrial,46.4,12.31,25.1,421.7
2026-07-25 23:51:20.152326,Sitapura Industrial,56.5,10.58,18.16,425.9
2026-07-26 00:51:20.152326,Sitapura Industrial,55.6,14.24,19.83,440.3
2026-07-26 01:51:20.152326,Sitapura Industrial,55.6,14.25,26.59,421.8
2026-07-26 02:51:20.152326,Sitapura Industrial,47.4,9.45,20.55,423.3
2026-07-26 03:51:20.152326,Sitapura Industrial,57.9,12.75,28.05,412.2
2026-07-26 04:51:20.152326,Sitapura Industrial,57.6,8.65,16.13,419.4
2026-07-26 05:51:20.152326,Sitapura Industrial,38.7,6.61,11.69,425.8
2026-07-26 06:51:20.152326,Sitapura Industrial,58.9,17.39,32.71,430.5
2026-07-26 07:51:20.152326,Sitapura Industrial,70.2,20.0,39.6,458.7
2026-07-26 08:51:20.152326,Sitapura Industrial,76.9,20.57,37.44,457.5
2026-07-26 09:51:20.152326,Sitapura Industrial,62.1,16.72,26.82,414.6
2026-07-26 10:51:20.152326,Sitapura Industrial,59.3,15.79,27.1,460.2
2026-07-26 11:51:20.152326,Sitapura Industrial,57.3,11.72,23.85,425.9
2026-07-26 12:51:20.152326,Sitapura Industrial,51.4,15.52,28.0,418.9
2026-07-26 13:51:20.152326,Sitapura Industrial,50.7,13.15,29.39,410.7
2026-07-26 14:51:20.152326,Sitapura Industrial,48.2,12.41,27.53,429.6
2026-07-26 15:51:20.152326,Sitapura Industrial,52.8,11.44,25.1,406.0
2026-07-26 16:51:20.152326,Sitapura Industrial,36.7,9.87,18.35,439.2
2026-07-26 17:51:20.152326,Sitapura Industrial,66.9,15.34,22.48,445.8
2026-07-26 18:51:20.152326,Sitapura Industrial,77.4,17.88,28.91,465.3
2026-07-26 19:51:20.152326,Sitapura Industrial,54.7,6.01,12.11,440.4
2026-07-26 20:51:20.152326,Sitapura Industrial,53.8,14.83,28.48,416.2
2026-07-26 21:51:20.152326,Sitapura Industrial,55.8,11.4,16.6,421.8
2026-07-26 22:51:20.152326,Sitapura Industrial,55.5,11.25,18.06,380.0
2026-07-26 23:51:20.152326,Sitapura Industrial,58.4,14.04,22.63,429.4
2026-07-27 00:51:20.152326,Sitapura Industrial,52.1,12.96,27.88,418.9
2026-07-27 01:51:20.152326,Sitapura Industrial,59.7,14.03,23.49,428.1
2026-07-27 02:51:20.152326,Sitapura Industrial,62.1,17.75,33.54,434.8
2026-07-27 03:51:20.152326,Sitapura Industrial,53.9,10.12,21.06,442.7
2026-07-27 04:51:20.152326,Sitapura Industrial,53.7,11.83,19.74,435.0
2026-07-27 05:51:20.152326,Sitapura Industrial,51.9,11.58,14.78,427.7
2026-07-27 06:51:20.152326,Sitapura Industrial,52.3,13.77,21.41,421.0
2026-07-27 07:51:20.152326,Sitapura Industrial,81.5,20.64,37.77,435.1
2026-07-27 08:51:20.152326,Sitapura Industrial,60.4,13.22,24.21,435.1
2026-07-27 09:51:20.152326,Sitapura Industrial,60.1,16.2,33.68,432.9
2026-07-27 10:51:20.152326,Sitapura Industrial,50.5,10.37,19.63,424.0
2026-07-27 11:51:20.152326,Sitapura Industrial,59.2,13.45,28.9,410.6
2026-07-27 12:51:20.152326,Sitapura Industrial,54.3,15.14,23.71,433.3
2026-07-27 13:51:20.152326,Sitapura Industrial,42.7,11.1,20.3,399.0
2026-07-27 14:51:20.152326,Sitapura Industrial,54.8,11.88,21.38,425.0
2026-07-27 15:51:20.152326,Sitapura Industrial,60.6,16.08,32.71,415.2
2026-07-27 16:51:20.152326,Sitapura Industrial,48.6,14.01,31.05,415.7
2026-07-27 17:51:20.152326,Sitapura Industrial,74.0,18.52,38.83,463.6
2026-07-27 18:51:20.152326,Sitapura Industrial,77.8,21.4,41.31,446.2
2026-07-27 19:51:20.152326,Sitapura Industrial,65.7,17.28,36.96,429.1
2026-07-27 20:51:20.152326,Sitapura Industrial,60.3,14.7,29.67,429.8
2026-07-27 21:51:20.152326,Sitapura Industrial,49.8,10.2,15.3,412.7
2026-07-27 22:51:20.152326,Sitapura Industrial,57.7,16.53,29.0,408.2
2026-07-27 23:51:20.152326,Sitapura Industrial,47.6,12.04,23.15,405.0
2026-07-28 00:51:20.152326,Sitapura Industrial,46.5,11.58,25.25,425.7
2026-07-28 01:51:20.152326,Sitapura Industrial,57.9,15.07,23.86,451.8
2026-07-28 02:51:20.152326,Sitapura Industrial,35.8,4.01,9.41,417.8
2026-07-28 03:51:20.152326,Sitapura Industrial,49.8,14.09,27.46,437.6
2026-07-28 04:51:20.152326,Sitapura Industrial,58.0,16.08,29.08,430.1
2026-07-28 05:51:20.152326,Sitapura Industrial,55.5,15.54,25.39,420.8
2026-07-28 06:51:20.152326,Sitapura Industrial,43.6,9.84,12.8,426.7
2026-07-28 07:51:20.152326,Sitapura Industrial,72.4,12.85,18.47,427.8
2026-07-28 08:51:20.152326,Sitapura Industrial,74.6,17.51,30.99,430.7
2026-07-28 09:51:20.152326,Sitapura Industrial,64.9,14.18,19.18,429.6
2026-07-28 10:51:20.152326,Sitapura Industrial,40.7,11.59,22.12,427.1
2026-07-28 11:51:20.152326,Sitapura Industrial,44.2,12.83,24.98,423.2
2026-07-28 12:51:20.152326,Sitapura Industrial,37.8,10.01,19.06,400.3
2026-07-28 13:51:20.152326,Sitapura Industrial,51.3,15.91,25.72,424.6
2026-07-28 14:51:20.152326,Sitapura Industrial,49.0,12.51,20.36,425.2
2026-07-28 15:51:20.152326,Sitapura Industrial,48.4,8.35,13.4,411.2
2026-07-28 16:51:20.152326,Sitapura Industrial,63.4,15.17,32.36,426.7
2026-07-28 17:51:20.152326,Sitapura Industrial,66.2,14.67,35.74,443.1
2026-07-28 18:51:20.152326,Sitapura Industrial,57.3,14.93,26.13,401.3
2026-07-28 19:51:20.152326,Sitapura Industrial,74.3,18.07,37.0,435.1
2026-07-28 20:51:20.152326,Sitapura Industrial,49.9,14.54,30.12,397.0
2026-07-28 21:51:20.152326,Sitapura Industrial,58.9,12.85,27.54,413.3
2026-07-28 22:51:20.152326,Sitapura Industrial,61.2,14.52,30.01,427.9
2026-07-28 23:51:20.152326,Sitapura Industrial,61.2,14.09,23.39,420.9
2026-07-29 00:51:20.152326,Sitapura Industrial,43.8,8.26,16.05,426.4
2026-07-29 01:51:20.152326,Sitapura Industrial,58.9,14.05,21.17,442.3
2026-07-29 02:51:20.152326,Sitapura Industrial,47.5,10.51,18.04,421.4
2026-07-29 03:51:20.152326,Sitapura Industrial,42.6,12.96,24.24,407.7
2026-07-29 04:51:20.152326,Sitapura Industrial,55.0,16.77,32.72,433.0
2026-07-29 05:51:20.152326,Sitapura Industrial,56.0,11.56,17.7,426.1
2026-07-29 06:51:20.152326,Sitapura Industrial,59.5,16.99,31.12,430.0
2026-07-29 07:51:20.152326,Sitapura Industrial,65.4,17.75,32.25,434.0
2026-07-29 08:51:20.152326,Sitapura Industrial,66.4,16.28,29.27,435.6
2026-07-29 09:51:20.152326,Sitapura Industrial,65.5,16.33,29.52,423.5
2026-07-29 10:51:20.152326,Sitapura Industrial,56.6,14.51,30.57,428.9
2026-07-29 11:51:20.152326,Sitapura Industrial,49.7,16.04,27.19,415.3
2026-07-29 12:51:20.152326,Sitapura Industrial,62.8,13.72,24.55,438.3
2026-07-29 13:51:20.152326,Sitapura Industrial,49.1,9.18,15.84,423.2
2026-07-29 14:51:20.152326,Sitapura Industrial,68.4,14.39,26.69,444.0
2026-07-29 15:51:20.152326,Sitapura Industrial,69.3,13.82,26.32,442.7
2026-07-29 16:51:20.152326,Sitapura Industrial,68.3,15.91,26.71,415.1
2026-07-29 17:51:20.152326,Sitapura Industrial,59.0,15.2,24.12,437.1
2026-07-29 18:51:20.152326,Sitapura Industrial,57.0,14.61,27.41,402.3
2026-07-29 19:51:20.152326,Sitapura Industrial,64.5,15.96,32.35,450.1
2026-07-29 20:51:20.152326,Sitapura Industrial,45.5,8.42,10.44,425.1
2026-07-29 21:51:20.152326,Sitapura Industrial,43.8,10.81,16.9,450.4
2026-07-29 22:51:20.152326,Sitapura Industrial,49.5,11.97,23.12,429.3
2026-07-29 23:51:20.152326,Sitapura Industrial,53.6,15.12,24.25,441.3
2026-07-30 00:51:20.152326,Sitapura Industrial,35.2,8.23,13.7,432.8
2026-07-30 01:51:20.152326,Sitapura Industrial,56.9,14.6,27.14,414.2
2026-07-30 02:51:20.152326,Sitapura Industrial,55.4,12.48,26.32,452.2
2026-07-30 03:51:20.152326,Sitapura Industrial,61.9,12.6,26.56,408.3
2026-07-30 04:51:20.152326,Sitapura Industrial,55.7,13.17,22.73,399.2
2026-07-30 05:51:20.152326,Sitapura Industrial,53.9,13.99,29.74,417.6
2026-07-30 06:51:20.152326,Sitapura Industrial,42.6,9.11,16.96,398.3
2026-07-30 07:51:20.152326,Sitapura Industrial,82.8,20.87,36.73,430.4
2026-07-30 08:51:20.152326,Sitapura Industrial,57.5,13.69,23.22,425.0
2026-07-30 09:51:20.152326,Sitapura Industrial,59.6,16.09,24.85,412.2
2026-07-30 10:51:20.152326,Sitapura Industrial,45.9,13.05,26.99,426.1
2026-07-30 11:51:20.152326,Sitapura Industrial,33.7,8.51,22.03,420.8
2026-07-30 12:51:20.152326,Sitapura Industrial,46.9,10.06,20.66,402.8
2026-07-30 13:51:20.152326,Sitapura Industrial,42.3,12.41,22.39,398.6
2026-07-30 14:51:20.152326,Sitapura Industrial,46.4,11.97,22.0,380.0
2026-07-30 15:51:20.152326,Sitapura Industrial,59.4,12.2,25.17,418.0
2026-07-30 16:51:20.152326,Sitapura Industrial,48.9,13.32,24.06,433.8
2026-07-30 17:51:20.152326,Sitapura Industrial,72.7,15.67,29.96,418.4
2026-07-30 18:51:20.152326,Sitapura Industrial,83.3,20.26,43.29,438.5
2026-07-30 19:51:20.152326,Sitapura Industrial,64.5,15.56,32.87,432.2
2026-07-30 20:51:20.152326,Sitapura Industrial,51.9,12.73,26.37,395.5
2026-07-30 21:51:20.152326,Sitapura Industrial,54.6,13.09,21.14,422.6
2026-07-30 22:51:20.152326,Sitapura Industrial,50.0,11.96,23.03,443.3
2026-07-30 23:51:20.152326,Sitapura Industrial,54.1,11.22,24.68,424.5
2026-07-31 00:51:20.152326,Sitapura Industrial,61.7,13.14,22.64,427.9
2026-07-31 01:51:20.152326,Sitapura Industrial,61.9,10.12,20.44,431.3
2026-07-31 02:51:20.152326,Sitapura Industrial,57.2,10.59,20.99,403.6
2026-07-31 03:51:20.152326,Sitapura Industrial,56.3,16.55,31.28,416.6
2026-07-31 04:51:20.152326,Sitapura Industrial,46.0,8.87,15.22,467.0
2026-07-31 05:51:20.152326,Sitapura Industrial,46.1,6.76,14.1,442.9
2026-07-31 06:51:20.152326,Sitapura Industrial,47.3,9.58,20.29,411.1
2026-07-31 07:51:20.152326,Sitapura Industrial,74.7,21.5,43.5,428.0
2026-07-31 08:51:20.152326,Sitapura Industrial,73.0,17.29,33.63,441.4
2026-07-31 09:51:20.152326,Sitapura Industrial,78.8,19.69,34.21,406.4
2026-07-31 10:51:20.152326,Sitapura Industrial,35.4,8.32,15.96,443.5
2026-07-31 11:51:20.152326,Sitapura Industrial,59.4,16.25,32.25,417.5
2026-07-31 12:51:20.152326,Sitapura Industrial,54.9,13.13,24.05,436.1
2026-07-31 13:51:20.152326,Sitapura Industrial,48.9,10.2,16.45,438.7
2026-07-31 14:51:20.152326,Sitapura Industrial,57.9,14.15,27.0,442.2
2026-07-31 15:51:20.152326,Sitapura Industrial,69.2,15.05,24.95,427.6
2026-07-31 16:51:20.152326,Sitapura Industrial,65.3,13.12,24.99,453.1
2026-07-31 17:51:20.152326,Sitapura Industrial,66.0,15.9,29.3,433.5
2026-07-31 18:51:20.152326,Sitapura Industrial,67.8,14.4,22.16,438.6
2026-07-31 19:51:20.152326,Sitapura Industrial,57.4,14.87,28.16,425.7
2026-07-31 20:51:20.152326,Sitapura Industrial,50.5,9.82,22.12,426.7
2026-07-31 21:51:20.152326,Sitapura Industrial,58.6,14.64,21.05,435.1
2026-07-31 22:51:20.152326,Sitapura Industrial,43.1,12.48,22.19,395.8
2026-07-31 23:51:20.152326,Sitapura Industrial,37.7,9.14,17.0,440.8
2026-08-01 00:51:20.152326,Sitapura Industrial,53.8,12.45,21.28,404.7
2026-08-01 01:51:20.152326,Sitapura Industrial,57.9,13.99,23.97,431.3
2026-08-01 02:51:20.152326,Sitapura Industrial,57.1,15.13,29.47,447.8
2026-08-01 03:51:20.152326,Sitapura Industrial,59.6,14.57,29.33,413.7
2026-08-01 04:51:20.152326,Sitapura Industrial,44.9,6.71,8.03,468.3
2026-08-01 05:51:20.152326,Sitapura Industrial,40.1,11.12,18.87,435.8
2026-08-01 06:51:20.152326,Sitapura Industrial,42.3,11.79,24.07,410.2
2026-08-01 07:51:20.152326,Sitapura Industrial,64.0,16.69,33.06,420.4
2026-08-01 08:51:20.152326,Sitapura Industrial,70.9,16.29,31.06,415.7
2026-08-01 09:51:20.152326,Sitapura Industrial,66.7,16.65,27.98,438.3
2026-08-01 10:51:20.152326,Sitapura Industrial,50.2,11.15,21.74,440.6
2026-08-01 11:51:20.152326,Sitapura Industrial,56.3,10.45,19.81,423.9
2026-08-01 12:51:20.152326,Sitapura Industrial,49.4,12.24,17.51,436.1
2026-08-01 13:51:20.152326,Sitapura Industrial,52.3,11.48,21.11,428.8
2026-08-01 14:51:20.152326,Sitapura Industrial,48.6,9.09,21.77,402.6
2026-08-01 15:51:20.152326,Sitapura Industrial,43.7,10.26,25.43,439.9
2026-08-01 16:51:20.152326,Sitapura Industrial,45.2,12.24,19.77,405.4
2026-08-01 17:51:20.152326,Sitapura Industrial,43.1,7.19,11.1,437.1
2026-08-01 18:51:20.152326,Sitapura Industrial,66.8,14.07,24.05,414.2
2026-08-01 19:51:20.152326,Sitapura Industrial,69.6,17.49,39.49,443.6
2026-08-01 20:51:20.152326,Sitapura Industrial,48.5,10.18,21.52,445.2
2026-08-01 21:51:20.152326,Sitapura Industrial,37.8,8.67,14.91,417.1
2026-08-01 22:51:20.152326,Sitapura Industrial,61.3,17.13,38.98,443.6
2026-08-01 23:51:20.152326,Sitapura Industrial,43.9,13.58,27.67,438.3
2026-08-02 00:51:20.152326,Sitapura Industrial,60.1,11.12,27.34,446.9
2026-08-02 01:51:20.152326,Sitapura Industrial,49.1,8.05,12.57,435.4
2026-08-02 02:51:20.152326,Sitapura Industrial,55.1,14.35,27.65,418.9
2026-08-02 03:51:20.152326,Sitapura Industrial,51.4,11.38,18.93,413.5
2026-08-02 04:51:20.152326,Sitapura Industrial,55.1,14.99,26.73,444.5
2026-08-02 05:51:20.152326,Sitapura Industrial,57.1,14.26,24.88,446.6
2026-08-02 06:51:20.152326,Sitapura Industrial,62.7,9.2,17.82,448.3
2026-08-02 07:51:20.152326,Sitapura Industrial,90.4,19.52,42.85,444.8
2026-08-02 08:51:20.152326,Sitapura Industrial,67.0,15.01,27.86,426.7
2026-08-02 09:51:20.152326,Sitapura Industrial,74.9,20.56,43.46,456.8
2026-08-02 10:51:20.152326,Sitapura Industrial,52.2,14.28,30.32,418.0
2026-08-02 11:51:20.152326,Sitapura Industrial,53.3,12.81,21.35,410.7
2026-08-02 12:51:20.152326,Sitapura Industrial,52.2,9.43,20.72,442.5
2026-08-02 13:51:20.152326,Sitapura Industrial,55.0,14.95,28.34,418.9
2026-08-02 14:51:20.152326,Sitapura Industrial,59.0,12.95,25.64,420.4
2026-08-02 15:51:20.152326,Sitapura Industrial,45.0,8.15,21.25,399.7
2026-08-02 16:51:20.152326,Sitapura Industrial,44.9,14.3,24.69,414.2
2026-08-02 17:51:20.152326,Sitapura Industrial,74.4,17.24,33.72,432.3
2026-08-02 18:51:20.152326,Sitapura Industrial,65.3,15.94,31.93,425.9
2026-08-02 19:51:20.152326,Sitapura Industrial,77.9,17.3,34.67,463.7
2026-08-02 20:51:20.152326,Sitapura Industrial,62.1,16.16,30.9,458.4
2026-08-02 21:51:20.152326,Sitapura Industrial,50.6,14.18,24.14,422.1
2026-08-02 22:51:20.152326,Sitapura Industrial,58.5,16.12,26.82,414.7
2026-08-02 23:51:20.152326,Sitapura Industrial,50.1,10.04,16.61,433.4
2026-08-03 00:51:20.152326,Sitapura Industrial,50.0,10.3,17.63,431.6
2026-08-03 01:51:20.152326,Sitapura Industrial,37.4,7.67,11.79,422.5
2026-08-03 02:51:20.152326,Sitapura Industrial,48.3,7.68,14.63,426.8
2026-08-03 03:51:20.152326,Sitapura Industrial,69.8,13.69,28.28,447.2
2026-08-03 04:51:20.152326,Sitapura Industrial,49.8,11.68,19.5,411.2
2026-08-03 05:51:20.152326,Sitapura Industrial,57.3,11.15,19.07,420.8
2026-08-03 06:51:20.152326,Sitapura Industrial,51.2,6.81,9.92,450.8
2026-08-03 07:51:20.152326,Sitapura Industrial,78.0,15.19,29.37,448.8
2026-08-03 08:51:20.152326,Sitapura Industrial,72.7,18.38,39.04,434.1
2026-08-03 09:51:20.152326,Sitapura Industrial,79.6,21.82,46.09,428.6
2026-08-03 10:51:20.152326,Sitapura Industrial,52.5,11.58,20.89,411.6
2026-08-03 11:51:20.152326,Sitapura Industrial,51.5,17.37,35.03,413.3
2026-08-03 12:51:20.152326,Sitapura Industrial,48.7,14.81,32.04,438.0
2026-08-03 13:51:20.152326,Sitapura Industrial,53.9,12.32,25.19,439.6
2026-08-03 14:51:20.152326,Sitapura Industrial,66.2,18.67,35.26,432.5
2026-08-03 15:51:20.152326,Sitapura Industrial,61.1,13.47,21.74,428.1
2026-08-03 16:51:20.152326,Sitapura Industrial,55.1,15.48,30.41,479.1
2026-08-03 17:51:20.152326,Sitapura Industrial,62.4,16.96,33.9,416.3
2026-08-03 18:51:20.152326,Sitapura Industrial,62.1,13.73,29.04,444.9
2026-08-03 19:51:20.152326,Sitapura Industrial,69.3,17.43,30.35,438.0
2026-08-03 20:51:20.152326,Sitapura Industrial,40.2,9.59,20.56,411.5
2026-08-03 21:51:20.152326,Sitapura Industrial,55.0,11.27,25.22,404.5
2026-08-03 22:51:20.152326,Sitapura Industrial,44.7,13.26,25.57,403.1
2026-08-03 23:51:20.152326,Sitapura Industrial,57.0,13.03,19.98,411.0
2026-08-04 00:51:20.152326,Sitapura Industrial,60.9,15.44,29.73,445.9
2026-08-04 01:51:20.152326,Sitapura Industrial,54.8,12.03,20.99,436.2
2026-08-04 02:51:20.152326,Sitapura Industrial,49.1,13.54,24.06,421.3
2026-08-04 03:51:20.152326,Sitapura Industrial,55.9,12.57,26.54,451.8
2026-08-04 04:51:20.152326,Sitapura Industrial,53.9,15.33,27.93,429.2
2026-08-04 05:51:20.152326,Sitapura Industrial,46.7,11.3,18.27,413.6
2026-08-04 06:51:20.152326,Sitapura Industrial,51.8,15.1,25.36,413.8
2026-08-04 07:51:20.152326,Sitapura Industrial,72.5,14.63,28.07,428.2
2026-08-04 08:51:20.152326,Sitapura Industrial,76.7,22.34,47.9,416.7
2026-08-04 09:51:20.152326,Sitapura Industrial,66.5,17.98,30.82,443.3
2026-08-04 10:51:20.152326,Sitapura Industrial,58.7,12.68,25.12,439.8
2026-08-04 11:51:20.152326,Sitapura Industrial,56.5,15.76,29.14,436.6
2026-08-04 12:51:20.152326,Sitapura Industrial,71.2,18.26,33.33,431.2
2026-08-04 13:51:20.152326,Sitapura Industrial,56.4,16.16,34.92,442.2
2026-08-04 14:51:20.152326,Sitapura Industrial,62.9,16.24,26.48,441.4
2026-08-04 15:51:20.152326,Sitapura Industrial,56.5,13.77,27.19,424.6
2026-08-04 16:51:20.152326,Sitapura Industrial,51.0,11.12,27.21,417.7
2026-08-04 17:51:20.152326,Sitapura Industrial,68.1,14.83,25.9,443.3
2026-08-04 18:51:20.152326,Sitapura Industrial,75.6,18.01,30.57,467.7
2026-08-04 19:51:20.152326,Sitapura Industrial,70.4,16.41,30.48,455.6
2026-08-04 20:51:20.152326,Sitapura Industrial,61.6,13.02,25.0,429.9
2026-08-04 21:51:20.152326,Sitapura Industrial,49.4,12.11,24.26,405.8
2026-08-04 22:51:20.152326,Sitapura Industrial,57.9,15.22,30.72,455.5
2026-08-04 23:51:20.152326,Sitapura Industrial,45.3,13.08,29.04,410.3
2026-08-05 00:51:20.152326,Sitapura Industrial,54.7,10.87,20.5,450.1
2026-08-05 01:51:20.152326,Sitapura Industrial,69.1,17.82,28.29,443.3
2026-08-05 02:51:20.152326,Sitapura Industrial,52.9,13.12,27.25,460.7
2026-08-05 03:51:20.152326,Sitapura Industrial,53.1,13.13,20.13,442.6
2026-08-05 04:51:20.152326,Sitapura Industrial,60.4,15.79,25.1,427.3
2026-08-05 05:51:20.152326,Sitapura Industrial,53.7,11.2,23.21,418.1
2026-08-05 06:51:20.152326,Sitapura Industrial,60.5,13.17,23.1,438.0
2026-08-05 07:51:20.152326,Sitapura Industrial,51.6,14.51,31.62,416.9
2026-08-05 08:51:20.152326,Sitapura Industrial,57.7,13.56,27.91,429.3
2026-08-05 09:51:20.152326,Sitapura Industrial,62.3,17.08,31.39,462.7
2026-08-05 10:51:20.152326,Sitapura Industrial,55.4,9.02,17.86,456.5
2026-08-05 11:51:20.152326,Sitapura Industrial,42.9,13.1,22.53,393.5
2026-08-05 12:51:20.152326,Sitapura Industrial,56.9,15.17,27.3,439.7
2026-08-05 13:51:20.152326,Sitapura Industrial,63.4,15.69,34.97,443.6
2026-08-05 14:51:20.152326,Sitapura Industrial,47.8,7.86,11.59,420.5
2026-08-05 15:51:20.152326,Sitapura Industrial,49.8,11.76,21.4,432.0
2026-08-05 16:51:20.152326,Sitapura Industrial,49.7,12.23,22.45,420.8
2026-08-05 17:51:20.152326,Sitapura Industrial,70.7,15.88,32.86,438.8
2026-08-05 18:51:20.152326,Sitapura Industrial,76.3,18.41,31.78,452.6
2026-08-05 19:51:20.152326,Sitapura Industrial,82.2,20.62,38.04,445.0
2026-08-05 20:51:20.152326,Sitapura Industrial,58.0,11.68,18.02,429.2
2026-08-05 21:51:20.152326,Sitapura Industrial,57.1,9.59,20.03,464.2
2026-08-05 22:51:20.152326,Sitapura Industrial,50.6,12.85,26.29,398.0
2026-08-05 23:51:20.152326,Sitapura Industrial,52.8,9.88,22.5,433.9
2026-08-06 00:51:20.152326,Sitapura Industrial,60.3,14.39,26.24,416.9
2026-08-06 01:51:20.152326,Sitapura Industrial,49.3,12.5,20.65,424.9
2026-08-06 02:51:20.152326,Sitapura Industrial,62.8,13.81,27.23,400.5
2026-08-06 03:51:20.152326,Sitapura Industrial,45.5,13.39,23.29,444.1
2026-08-06 04:51:20.152326,Sitapura Industrial,50.6,11.12,14.43,432.0
2026-08-06 05:51:20.152326,Sitapura Industrial,46.2,10.4,19.68,407.2
2026-08-06 06:51:20.152326,Sitapura Industrial,67.9,15.44,33.99,431.9
2026-08-06 07:51:20.152326,Sitapura Industrial,55.5,14.63,32.42,426.2
2026-08-06 08:51:20.152326,Sitapura Industrial,74.8,16.91,27.21,450.9
2026-08-06 09:51:20.152326,Sitapura Industrial,81.8,16.2,32.49,451.9
2026-08-06 10:51:20.152326,Sitapura Industrial,54.2,14.1,28.52,453.1
2026-08-06 11:51:20.152326,Sitapura Industrial,60.7,16.0,33.57,440.7
2026-08-06 12:51:20.152326,Sitapura Industrial,67.2,15.93,31.51,444.2
2026-08-06 13:51:20.152326,Sitapura Industrial,61.4,14.8,33.33,417.5
2026-08-06 14:51:20.152326,Sitapura Industrial,55.2,12.34,24.33,414.1
2026-08-06 15:51:20.152326,Sitapura Industrial,35.9,9.83,12.88,423.7
2026-08-06 16:51:20.152326,Sitapura Industrial,54.1,12.24,24.92,450.7
2026-08-06 17:51:20.152326,Sitapura Industrial,58.2,16.62,29.83,426.8
2026-08-06 18:51:20.152326,Sitapura Industrial,67.1,16.62,27.96,436.7
2026-08-06 19:51:20.152326,Sitapura Industrial,65.3,12.33,25.23,424.7
2026-08-06 20:51:20.152326,Sitapura Industrial,39.4,7.76,15.44,438.3
2026-08-06 21:51:20.152326,Sitapura Industrial,55.1,9.84,16.57,433.8
2026-08-06 22:51:20.152326,Sitapura Industrial,35.8,11.96,18.18,438.8
2026-08-06 23:51:20.152326,Sitapura Industrial,50.6,12.61,26.84,415.0
2026-08-07 00:51:20.152326,Sitapura Industrial,49.2,13.38,24.65,423.1
2026-08-07 01:51:20.152326,Sitapura Industrial,50.3,14.31,29.27,421.3
2026-08-07 02:51:20.152326,Sitapura Industrial,43.2,14.05,23.03,427.8
2026-08-07 03:51:20.152326,Sitapura Industrial,62.9,12.91,18.83,403.2
2026-08-07 04:51:20.152326,Sitapura Industrial,44.7,11.36,20.4,422.9
2026-08-07 05:51:20.152326,Sitapura Industrial,62.5,15.85,27.28,422.1
2026-08-07 06:51:20.152326,Sitapura Industrial,57.4,12.65,23.66,433.9
2026-08-07 07:51:20.152326,Sitapura Industrial,69.0,17.28,32.67,447.2
2026-08-07 08:51:20.152326,Sitapura Industrial,65.7,15.04,26.46,432.2
2026-08-07 09:51:20.152326,Sitapura Industrial,65.7,14.13,21.88,409.1
2026-08-07 10:51:20.152326,Sitapura Industrial,39.4,11.73,23.41,413.0
2026-08-07 11:51:20.152326,Sitapura Industrial,35.8,7.65,10.52,436.1
2026-08-07 12:51:20.152326,Sitapura Industrial,39.0,8.83,15.36,411.7
2026-08-07 13:51:20.152326,Sitapura Industrial,54.2,11.52,20.34,403.2
2026-08-07 14:51:20.152326,Sitapura Industrial,61.2,14.75,27.04,422.7
2026-08-07 15:51:20.152326,Sitapura Industrial,65.0,16.01,28.53,447.3
2026-08-07 16:51:20.152326,Sitapura Industrial,58.6,14.44,26.76,436.1
2026-08-07 17:51:20.152326,Sitapura Industrial,63.9,19.3,32.53,420.0
2026-08-07 18:51:20.152326,Sitapura Industrial,72.9,14.12,27.2,446.6
2026-08-07 19:51:20.152326,Sitapura Industrial,73.9,20.28,35.98,433.5
2026-08-07 20:51:20.152326,Sitapura Industrial,65.2,17.98,34.74,398.8
2026-08-07 21:51:20.152326,Sitapura Industrial,61.2,14.23,26.6,422.9
2026-08-07 22:51:20.152326,Sitapura Industrial,56.2,10.78,18.47,409.7
2026-08-07 23:51:20.152326,Sitapura Industrial,58.2,16.1,33.61,414.6
2026-08-08 00:51:20.152326,Sitapura Industrial,37.3,7.93,11.5,427.9
2026-08-08 01:51:20.152326,Sitapura Industrial,46.7,9.94,14.84,426.0
2026-08-08 02:51:20.152326,Sitapura Industrial,64.3,13.85,26.09,417.9
2026-08-08 03:51:20.152326,Sitapura Industrial,65.9,17.32,38.67,432.3
2026-08-08 04:51:20.152326,Sitapura Industrial,63.5,13.37,20.96,429.6
2026-08-08 05:51:20.152326,Sitapura Industrial,48.3,11.97,23.2,415.7
2026-08-08 06:51:20.152326,Sitapura Industrial,67.8,17.11,31.14,438.6
2026-08-08 07:51:20.152326,Sitapura Industrial,72.7,20.35,40.41,404.5
2026-08-08 08:51:20.152326,Sitapura Industrial,72.7,20.04,34.88,425.6
2026-08-08 09:51:20.152326,Sitapura Industrial,84.1,17.87,31.97,442.0
2026-08-08 10:51:20.152326,Sitapura Industrial,44.1,8.64,18.91,402.8
2026-08-08 11:51:20.152326,Sitapura Industrial,48.5,10.51,15.32,430.3
2026-08-08 12:51:20.152326,Sitapura Industrial,56.2,13.35,27.28,395.8
2026-08-08 13:51:20.152326,Sitapura Industrial,59.5,15.11,25.82,424.5
2026-08-08 14:51:20.152326,Sitapura Industrial,54.9,14.23,26.58,440.6
2026-08-08 15:51:20.152326,Sitapura Industrial,57.8,11.54,25.36,404.7
2026-08-08 16:51:20.152326,Sitapura Industrial,52.5,12.68,21.38,400.3
2026-08-08 17:51:20.152326,Sitapura Industrial,58.5,13.61,28.02,432.3
2026-08-08 18:51:20.152326,Sitapura Industrial,68.7,18.75,31.75,441.1
2026-08-08 19:51:20.152326,Sitapura Industrial,81.2,17.3,34.22,446.6
2026-08-08 20:51:20.152326,Sitapura Industrial,48.5,11.35,19.22,411.1
2026-08-08 21:51:20.152326,Sitapura Industrial,43.7,9.52,21.64,434.0
2026-08-08 22:51:20.152326,Sitapura Industrial,51.6,14.71,33.04,436.9
2026-08-08 23:51:20.152326,Sitapura Industrial,54.0,12.0,19.34,431.9
2026-08-09 00:51:20.152326,Sitapura Industrial,59.8,15.92,33.02,437.2
2026-08-09 01:51:20.152326,Sitapura Industrial,48.8,11.74,20.38,435.4
2026-08-09 02:51:20.152326,Sitapura Industrial,45.1,10.67,20.4,414.2
2026-08-09 03:51:20.152326,Sitapura Industrial,49.0,10.51,17.91,431.9
2026-08-09 04:51:20.152326,Sitapura Industrial,57.9,14.47,31.95,431.4
2026-08-09 05:51:20.152326,Sitapura Industrial,65.2,16.85,33.13,443.6
2026-08-09 06:51:20.152326,Sitapura Industrial,53.1,14.89,26.88,452.9
2026-08-09 07:51:20.152326,Sitapura Industrial,53.8,11.12,21.79,433.7
2026-08-09 08:51:20.152326,Sitapura Industrial,67.7,13.27,24.8,417.2
2026-08-09 09:51:20.152326,Sitapura Industrial,73.4,20.63,37.04,451.9
2026-08-09 10:51:20.152326,Sitapura Industrial,51.5,11.07,24.4,421.3
2026-08-09 11:51:20.152326,Sitapura Industrial,58.9,15.56,30.91,429.7
2026-08-09 12:51:20.152326,Sitapura Industrial,55.0,15.7,27.24,412.0
2026-08-09 13:51:20.152326,Sitapura Industrial,54.9,14.67,25.47,419.3
2026-08-09 14:51:20.152326,Sitapura Industrial,52.5,13.44,27.6,425.2
2026-08-09 15:51:20.152326,Sitapura Industrial,46.8,6.71,9.04,413.2
2026-08-09 16:51:20.152326,Sitapura Industrial,49.5,13.77,27.97,429.8
2026-08-09 17:51:20.152326,Sitapura Industrial,61.4,15.17,31.64,417.1
2026-08-09 18:51:20.152326,Sitapura Industrial,71.7,17.82,31.7,437.2
2026-08-09 19:51:20.152326,Sitapura Industrial,78.3,17.51,30.45,458.6
2026-08-09 20:51:20.152326,Sitapura Industrial,68.3,14.51,28.55,461.1
2026-08-09 21:51:20.152326,Sitapura Industrial,49.4,12.07,21.66,421.3
2026-08-09 22:51:20.152326,Sitapura Industrial,60.2,13.55,24.53,432.6
2026-08-09 23:51:20.152326,Sitapura Industrial,52.5,16.7,32.77,425.3
2026-08-10 00:51:20.152326,Sitapura Industrial,52.5,12.04,19.11,423.1
2026-08-10 01:51:20.152326,Sitapura Industrial,54.3,13.28,23.7,441.7
2026-08-10 02:51:20.152326,Sitapura Industrial,59.2,14.05,27.42,415.5
2026-08-10 03:51:20.152326,Sitapura Industrial,67.3,14.28,24.24,418.4
2026-08-10 04:51:20.152326,Sitapura Industrial,63.6,11.94,22.56,438.2
2026-08-10 05:51:20.152326,Sitapura Industrial,51.1,14.04,26.61,427.7
2026-08-10 06:51:20.152326,Sitapura Industrial,48.3,11.92,23.04,410.0
2026-08-10 07:51:20.152326,Sitapura Industrial,69.7,17.95,33.66,421.9
2026-08-10 08:51:20.152326,Sitapura Industrial,69.4,14.72,21.98,465.0
2026-08-10 09:51:20.152326,Sitapura Industrial,68.8,17.07,39.35,437.2
2026-08-10 10:51:20.152326,Sitapura Industrial,71.1,17.57,29.07,416.7
2026-08-10 11:51:20.152326,Sitapura Industrial,57.7,14.82,27.88,432.9
2026-08-10 12:51:20.152326,Sitapura Industrial,35.0,12.23,23.44,392.1
2026-08-10 13:51:20.152326,Sitapura Industrial,59.5,14.39,26.63,433.5
2026-08-10 14:51:20.152326,Sitapura Industrial,45.2,9.51,20.03,447.5
2026-08-10 15:51:20.152326,Sitapura Industrial,48.2,11.73,21.02,443.7
2026-08-10 16:51:20.152326,Sitapura Industrial,71.3,17.08,33.83,420.5
2026-08-10 17:51:20.152326,Sitapura Industrial,72.4,16.98,28.0,432.7
2026-08-10 18:51:20.152326,Sitapura Industrial,69.8,16.13,29.33,427.0
2026-08-10 19:51:20.152326,Sitapura Industrial,68.7,16.18,30.09,450.0
2026-08-10 20:51:20.152326,Sitapura Industrial,50.6,10.15,19.23,461.1
2026-08-10 21:51:20.152326,Sitapura Industrial,50.5,14.34,27.28,410.5
2026-08-10 22:51:20.152326,Sitapura Industrial,59.8,14.07,26.87,403.5
2026-08-10 23:51:20.152326,Sitapura Industrial,56.6,15.67,31.12,454.2
2026-08-11 00:51:20.152326,Sitapura Industrial,68.0,15.13,23.6,429.4
2026-08-11 01:51:20.152326,Sitapura Industrial,44.2,11.25,23.91,404.6
2026-08-11 02:51:20.152326,Sitapura Industrial,56.9,11.65,18.27,417.8
2026-08-11 03:51:20.152326,Sitapura Industrial,47.0,8.4,9.98,404.5
2026-08-11 04:51:20.152326,Sitapura Industrial,45.9,10.77,18.47,441.1
2026-08-11 05:51:20.152326,Sitapura Industrial,55.3,12.6,25.99,439.1
2026-08-11 06:51:20.152326,Sitapura Industrial,58.9,14.33,27.05,441.4
2026-08-11 07:51:20.152326,Sitapura Industrial,80.8,20.34,39.79,435.7
2026-08-11 08:51:20.152326,Sitapura Industrial,64.5,15.23,24.5,437.8
2026-08-11 09:51:20.152326,Sitapura Industrial,71.8,19.41,41.63,448.5
2026-08-11 10:51:20.152326,Sitapura Industrial,65.3,16.81,24.45,415.3
2026-08-11 11:51:20.152326,Sitapura Industrial,48.6,11.72,17.58,426.6
2026-08-11 12:51:20.152326,Sitapura Industrial,44.8,13.4,24.16,395.8
2026-08-11 13:51:20.152326,Sitapura Industrial,67.5,16.51,35.02,402.6
2026-08-11 14:51:20.152326,Sitapura Industrial,55.9,14.26,28.89,441.0
2026-08-11 15:51:20.152326,Sitapura Industrial,51.3,13.46,30.03,387.1
2026-08-11 16:51:20.152326,Sitapura Industrial,37.3,6.98,17.15,430.2
2026-08-11 17:51:20.152326,Sitapura Industrial,56.9,7.25,15.06,421.7
2026-08-11 18:51:20.152326,Sitapura Industrial,83.3,21.29,40.73,453.0
2026-08-11 19:51:20.152326,Sitapura Industrial,65.7,16.94,29.25,422.5
2026-08-11 20:51:20.152326,Sitapura Industrial,62.4,17.0,31.79,435.0
2026-08-11 21:51:20.152326,Sitapura Industrial,49.0,11.52,22.77,433.7
2026-08-11 22:51:20.152326,Sitapura Industrial,52.2,11.64,17.16,427.3
2026-08-11 23:51:20.152326,Sitapura Industrial,50.3,16.17,32.8,437.5
2026-08-12 00:51:20.152326,Sitapura Industrial,42.0,9.63,19.65,427.3
2026-08-12 01:51:20.152326,Sitapura Industrial,51.7,12.72,20.55,415.3
2026-08-12 02:51:20.152326,Sitapura Industrial,59.8,13.93,26.75,433.7
2026-08-12 03:51:20.152326,Sitapura Industrial,52.5,11.48,21.34,436.3
2026-08-12 04:51:20.152326,Sitapura Industrial,65.6,15.04,25.51,407.7
2026-08-12 05:51:20.152326,Sitapura Industrial,45.8,12.87,24.46,436.7
2026-08-12 06:51:20.152326,Sitapura Industrial,73.5,18.87,35.27,437.7
2026-08-12 07:51:20.152326,Sitapura Industrial,82.0,21.87,37.28,437.6
2026-08-12 08:51:20.152326,Sitapura Industrial,65.2,16.91,30.89,442.2
2026-08-12 09:51:20.152326,Sitapura Industrial,63.4,13.19,29.08,442.8
2026-08-12 10:51:20.152326,Sitapura Industrial,50.4,10.41,19.22,423.2
2026-08-12 11:51:20.152326,Sitapura Industrial,54.7,15.08,30.57,454.3
2026-08-12 12:51:20.152326,Sitapura Industrial,52.0,13.02,27.77,428.5
2026-08-12 13:51:20.152326,Sitapura Industrial,58.2,13.34,24.9,438.9
2026-08-12 14:51:20.152326,Sitapura Industrial,41.7,12.21,22.42,422.8
2026-08-12 15:51:20.152326,Sitapura Industrial,51.4,12.05,19.88,428.4
2026-08-12 16:51:20.152326,Sitapura Industrial,54.1,13.68,25.76,421.9
2026-08-12 17:51:20.152326,Sitapura Industrial,61.3,19.09,32.65,430.1
2026-08-12 18:51:20.152326,Sitapura Industrial,66.7,15.57,22.09,421.9
2026-08-12 19:51:20.152326,Sitapura Industrial,64.8,18.08,32.61,407.9
2026-08-12 20:51:20.152326,Sitapura Industrial,61.6,14.79,24.69,441.0
2026-08-12 21:51:20.152326,Sitapura Industrial,64.6,12.83,26.94,433.7
2026-08-12 22:51:20.152326,Sitapura Industrial,60.5,13.6,25.03,429.6
2026-08-12 23:51:20.152326,Sitapura Industrial,56.2,16.22,30.54,422.4
2026-08-13 00:51:20.152326,Sitapura Industrial,59.9,9.71,12.42,442.7
2026-08-13 01:51:20.152326,Sitapura Industrial,58.0,11.83,25.46,414.4
2026-08-13 02:51:20.152326,Sitapura Industrial,55.5,13.07,25.54,426.2
2026-08-13 03:51:20.152326,Sitapura Industrial,59.7,14.1,31.9,435.0
2026-08-13 04:51:20.152326,Sitapura Industrial,50.9,13.86,31.02,437.2
2026-08-13 05:51:20.152326,Sitapura Industrial,59.9,16.05,27.94,429.1
2026-08-13 06:51:20.152326,Sitapura Industrial,41.2,10.26,15.97,403.2
2026-08-13 07:51:20.152326,Sitapura Industrial,74.2,16.43,31.49,433.1
2026-08-13 08:51:20.152326,Sitapura Industrial,76.2,17.04,30.74,449.3
2026-08-13 09:51:20.152326,Sitapura Industrial,78.2,19.25,34.94,464.6
2026-08-13 10:51:20.152326,Sitapura Industrial,61.2,15.8,31.0,432.8
2026-08-13 11:51:20.152326,Sitapura Industrial,56.0,13.08,24.78,397.9
2026-08-13 12:51:20.152326,Sitapura Industrial,64.5,16.38,35.03,407.2
2026-08-13 13:51:20.152326,Sitapura Industrial,59.4,12.31,25.77,430.9
2026-08-13 14:51:20.152326,Sitapura Industrial,53.1,11.12,17.05,417.7
2026-08-13 15:51:20.152326,Sitapura Industrial,49.7,11.99,23.68,440.3
2026-08-13 16:51:20.152326,Sitapura Industrial,45.7,11.51,22.77,418.9
2026-08-13 17:51:20.152326,Sitapura Industrial,57.0,14.37,27.4,428.7
2026-08-13 18:51:20.152326,Sitapura Industrial,68.5,19.21,37.71,445.0
2026-08-13 19:51:20.152326,Sitapura Industrial,59.1,15.99,31.76,408.1
2026-08-13 20:51:20.152326,Sitapura Industrial,49.4,10.61,17.96,417.4
2026-08-13 21:51:20.152326,Sitapura Industrial,43.8,10.68,18.3,422.6
2026-08-13 22:51:20.152326,Sitapura Industrial,47.2,12.82,24.57,429.8
2026-08-13 23:51:20.152326,Sitapura Industrial,51.0,9.93,19.67,424.9
2026-08-14 00:51:20.152326,Sitapura Industrial,56.3,14.18,28.62,426.5
2026-08-14 01:51:20.152326,Sitapura Industrial,64.3,12.8,22.64,434.4
2026-08-14 02:51:20.152326,Sitapura Industrial,50.2,11.2,22.0,435.8
2026-08-14 03:51:20.152326,Sitapura Industrial,43.3,12.62,21.38,434.8
2026-08-14 04:51:20.152326,Sitapura Industrial,48.1,10.73,21.02,446.7
2026-08-14 05:51:20.152326,Sitapura Industrial,54.0,15.34,23.4,444.7
2026-08-14 06:51:20.152326,Sitapura Industrial,56.6,14.06,23.67,445.6
2026-08-14 07:51:20.152326,Sitapura Industrial,55.6,14.75,32.52,427.3
2026-08-14 08:51:20.152326,Sitapura Industrial,74.6,20.03,35.94,441.0
2026-08-14 09:51:20.152326,Sitapura Industrial,70.8,14.57,28.05,419.5
2026-08-14 10:51:20.152326,Sitapura Industrial,45.4,11.93,22.02,408.4
2026-08-14 11:51:20.152326,Sitapura Industrial,54.3,15.86,28.55,445.7
2026-08-14 12:51:20.152326,Sitapura Industrial,44.8,13.94,22.64,444.5
2026-08-14 13:51:20.152326,Sitapura Industrial,66.3,13.17,24.47,435.3
2026-08-14 14:51:20.152326,Sitapura Industrial,59.8,13.37,25.7,427.0
2026-08-14 15:51:20.152326,Sitapura Industrial,55.1,13.55,28.24,440.1
2026-08-14 16:51:20.152326,Sitapura Industrial,60.8,13.39,24.27,433.5
2026-08-14 17:51:20.152326,Sitapura Industrial,72.2,14.99,27.92,430.2
2026-08-14 18:51:20.152326,Sitapura Industrial,71.0,16.78,27.55,444.8
2026-08-14 19:51:20.152326,Sitapura Industrial,58.6,13.37,27.4,453.5
2026-08-14 20:51:20.152326,Sitapura Industrial,50.3,12.39,16.89,391.5
2026-08-14 21:51:20.152326,Sitapura Industrial,58.5,14.79,24.2,421.9
2026-08-14 22:51:20.152326,Sitapura Industrial,41.3,11.79,22.33,442.8
2026-08-14 23:51:20.152326,Sitapura Industrial,57.5,9.67,19.66,449.8
2026-08-15 00:51:20.152326,Sitapura Industrial,68.4,14.59,29.17,433.1
2026-08-15 01:51:20.152326,Sitapura Industrial,52.1,11.4,19.92,436.8
2026-08-15 02:51:20.152326,Sitapura Industrial,44.0,12.71,25.21,423.5
2026-08-15 03:51:20.152326,Sitapura Industrial,42.6,12.08,18.61,446.5
2026-08-15 04:51:20.152326,Sitapura Industrial,62.3,15.78,31.82,418.7
2026-08-15 05:51:20.152326,Sitapura Industrial,58.0,11.33,25.4,416.1
2026-08-15 06:51:20.152326,Sitapura Industrial,57.1,15.69,32.74,423.6
2026-08-15 07:51:20.152326,Sitapura Industrial,77.1,18.6,36.02,414.2
2026-08-15 08:51:20.152326,Sitapura Industrial,66.8,16.55,29.05,446.1
2026-08-15 09:51:20.152326,Sitapura Industrial,65.1,13.44,22.12,394.1
2026-08-15 10:51:20.152326,Sitapura Industrial,53.2,11.49,20.02,440.8
2026-08-15 11:51:20.152326,Sitapura Industrial,35.5,5.63,18.95,432.3
2026-08-15 12:51:20.152326,Sitapura Industrial,52.4,14.73,24.79,441.0
2026-08-15 13:51:20.152326,Sitapura Industrial,40.4,8.33,14.83,443.4
2026-08-15 14:51:20.152326,Sitapura Industrial,59.6,11.4,26.16,444.7
2026-08-15 15:51:20.152326,Sitapura Industrial,68.2,16.8,31.06,440.9
2026-08-15 16:51:20.152326,Sitapura Industrial,49.0,14.51,31.26,442.0
2026-08-15 17:51:20.152326,Sitapura Industrial,64.8,16.86,27.64,411.1
2026-08-15 18:51:20.152326,Sitapura Industrial,68.1,18.33,38.99,430.2
2026-08-15 19:51:20.152326,Sitapura Industrial,60.6,13.97,25.07,434.0
2026-08-15 20:51:20.152326,Sitapura Industrial,53.4,11.02,14.8,457.4
2026-08-15 21:51:20.152326,Sitapura Industrial,66.8,14.96,24.35,431.4
2026-08-15 22:51:20.152326,Sitapura Industrial,64.2,15.54,23.2,458.6
2026-08-15 23:51:20.152326,Sitapura Industrial,44.6,10.72,21.73,414.4
2026-08-16 00:51:20.152326,Sitapura Industrial,53.5,16.01,29.76,416.4
2026-08-16 01:51:20.152326,Sitapura Industrial,67.1,17.77,34.24,412.0
2026-08-16 02:51:20.152326,Sitapura Industrial,51.2,13.47,24.09,419.7
2026-08-16 03:51:20.152326,Sitapura Industrial,72.5,15.39,22.79,424.2
2026-08-16 04:51:20.152326,Sitapura Industrial,55.5,11.27,18.97,433.1
2026-08-16 05:51:20.152326,Sitapura Industrial,43.0,8.48,14.96,401.2
2026-08-16 06:51:20.152326,Sitapura Industrial,61.2,12.8,22.13,459.7
2026-08-16 07:51:20.152326,Sitapura Industrial,56.5,14.31,31.24,415.2
2026-08-16 08:51:20.152326,Sitapura Industrial,69.8,15.81,29.3,422.0
2026-08-16 09:51:20.152326,Sitapura Industrial,80.9,20.73,32.06,433.2
2026-08-16 10:51:20.152326,Sitapura Industrial,56.3,15.35,25.25,445.3
2026-08-16 11:51:20.152326,Sitapura Industrial,49.1,11.69,18.96,438.3
2026-08-16 12:51:20.152326,Sitapura Industrial,43.0,13.21,25.2,441.7
2026-08-16 13:51:20.152326,Sitapura Industrial,50.5,12.62,21.95,426.1
2026-08-16 14:51:20.152326,Sitapura Industrial,49.3,6.0,14.94,404.3
2026-08-16 15:51:20.152326,Sitapura Industrial,48.9,11.91,21.78,467.6
2026-08-16 16:51:20.152326,Sitapura Industrial,54.5,12.65,23.92,430.3
2026-08-16 17:51:20.152326,Sitapura Industrial,47.9,10.06,19.73,417.3
2026-08-16 18:51:20.152326,Sitapura Industrial,63.8,13.44,24.65,463.5
2026-08-16 19:51:20.152326,Sitapura Industrial,83.6,20.23,38.52,451.7
2026-08-16 20:51:20.152326,Sitapura Industrial,56.1,12.66,21.32,434.2
2026-08-16 21:51:20.152326,Sitapura Industrial,51.5,15.28,26.07,435.0
2026-08-16 22:51:20.152326,Sitapura Industrial,45.5,10.37,18.09,429.8
2026-08-16 23:51:20.152326,Sitapura Industrial,66.6,15.09,32.4,400.0
2026-08-17 00:51:20.152326,Sitapura Industrial,65.2,16.85,27.54,438.5
2026-08-17 01:51:20.152326,Sitapura Industrial,41.3,9.88,15.85,397.2
2026-08-17 02:51:20.152326,Sitapura Industrial,69.3,15.91,29.07,432.0
2026-08-17 03:51:20.152326,Sitapura Industrial,43.8,9.91,18.79,408.9
2026-08-17 04:51:20.152326,Sitapura Industrial,41.9,8.77,6.97,422.3
2026-08-17 05:51:20.152326,Sitapura Industrial,54.4,18.35,36.82,447.2
2026-08-17 06:51:20.152326,Sitapura Industrial,61.9,14.85,31.15,439.1
2026-08-17 07:51:20.152326,Sitapura Industrial,73.7,19.6,36.41,457.3
2026-08-17 08:51:20.152326,Sitapura Industrial,66.1,16.86,29.24,443.7
2026-08-17 09:51:20.152326,Sitapura Industrial,64.8,14.92,25.6,425.6
2026-08-17 10:51:20.152326,Sitapura Industrial,64.9,17.47,31.24,446.8
2026-08-17 11:51:20.152326,Sitapura Industrial,47.4,7.67,16.11,420.5
2026-08-17 12:51:20.152326,Sitapura Industrial,57.1,10.88,20.24,437.7
2026-08-17 13:51:20.152326,Sitapura Industrial,54.5,12.1,24.08,429.6
2026-08-17 14:51:20.152326,Sitapura Industrial,46.4,12.96,26.65,410.8
2026-08-17 15:51:20.152326,Sitapura Industrial,55.2,13.47,24.14,413.8
2026-08-17 16:51:20.152326,Sitapura Industrial,44.6,11.54,22.51,450.8
2026-08-17 17:51:20.152326,Sitapura Industrial,77.5,18.9,30.35,445.7
2026-08-17 18:51:20.152326,Sitapura Industrial,59.6,14.6,33.25,410.3
2026-08-17 19:51:20.152326,Sitapura Industrial,58.7,13.3,25.56,422.2
2026-08-17 20:51:20.152326,Sitapura Industrial,45.1,11.5,20.69,408.8
2026-08-17 21:51:20.152326,Sitapura Industrial,45.7,7.8,19.67,431.6
2026-08-17 22:51:20.152326,Sitapura Industrial,43.3,10.33,16.57,380.0
2026-08-17 23:51:20.152326,Sitapura Industrial,46.3,9.67,16.59,409.7
2026-08-18 00:51:20.152326,Sitapura Industrial,61.4,11.82,24.81,434.3
2026-08-18 01:51:20.152326,Sitapura Industrial,50.7,13.47,27.5,429.0
2026-08-18 02:51:20.152326,Sitapura Industrial,60.9,19.16,29.89,458.5
2026-08-18 03:51:20.152326,Sitapura Industrial,57.0,14.07,29.14,443.5
2026-08-18 04:51:20.152326,Sitapura Industrial,52.4,10.86,18.73,438.0
2026-08-18 05:51:20.152326,Sitapura Industrial,50.6,14.07,25.1,420.8
2026-08-18 06:51:20.152326,Sitapura Industrial,73.7,16.93,32.95,430.6
2026-08-18 07:51:20.152326,Sitapura Industrial,64.1,14.19,23.39,430.8
2026-08-18 08:51:20.152326,Sitapura Industrial,65.3,14.95,25.58,416.4
2026-08-18 09:51:20.152326,Sitapura Industrial,70.1,17.71,32.37,444.6
2026-08-18 10:51:20.152326,Sitapura Industrial,51.9,11.32,25.71,399.1
2026-08-18 11:51:20.152326,Sitapura Industrial,46.1,13.05,25.51,423.9
2026-08-18 12:51:20.152326,Sitapura Industrial,56.4,12.61,27.77,461.8
2026-08-18 13:51:20.152326,Sitapura Industrial,55.2,14.27,29.81,427.3
2026-08-18 14:51:20.152326,Sitapura Industrial,54.3,14.34,25.46,421.6
2026-08-18 15:51:20.152326,Sitapura Industrial,50.7,14.74,25.25,425.5
2026-08-18 16:51:20.152326,Sitapura Industrial,53.6,11.7,18.94,423.0
2026-08-18 17:51:20.152326,Sitapura Industrial,55.3,13.85,28.76,415.6
2026-08-18 18:51:20.152326,Sitapura Industrial,66.3,19.12,38.51,449.7
2026-08-18 19:51:20.152326,Sitapura Industrial,69.6,14.17,25.87,483.1
2026-08-18 20:51:20.152326,Sitapura Industrial,56.4,8.27,16.9,415.1
2026-08-18 21:51:20.152326,Sitapura Industrial,66.6,17.36,34.58,425.4
2026-08-18 22:51:20.152326,Sitapura Industrial,44.2,9.78,17.74,414.6
2026-08-18 23:51:20.152326,Sitapura Industrial,61.5,18.93,34.5,438.4
2026-08-19 00:51:20.152326,Sitapura Industrial,43.1,10.4,17.68,422.9
2026-08-19 01:51:20.152326,Sitapura Industrial,41.0,11.17,22.14,426.2
2026-08-19 02:51:20.152326,Sitapura Industrial,48.7,9.97,18.36,427.2
2026-08-19 03:51:20.152326,Sitapura Industrial,34.5,13.09,22.93,415.7
2026-08-19 04:51:20.152326,Sitapura Industrial,57.5,17.15,33.15,430.1
2026-08-19 05:51:20.152326,Sitapura Industrial,67.3,17.25,31.24,444.5
2026-08-19 06:51:20.152326,Sitapura Industrial,55.1,11.18,18.34,426.4
2026-08-19 07:51:20.152326,Sitapura Industrial,74.2,15.0,27.55,429.6
2026-08-19 08:51:20.152326,Sitapura Industrial,71.1,17.71,34.83,451.7
2026-08-19 09:51:20.152326,Sitapura Industrial,85.5,21.95,39.79,442.5
2026-08-19 10:51:20.152326,Sitapura Industrial,67.3,17.0,26.24,439.5
2026-08-19 11:51:20.152326,Sitapura Industrial,39.3,7.03,11.44,424.8
2026-08-19 12:51:20.152326,Sitapura Industrial,47.4,11.2,16.82,456.4
2026-08-19 13:51:20.152326,Sitapura Industrial,43.1,10.42,23.24,419.2
2026-08-19 14:51:20.152326,Sitapura Industrial,54.4,13.33,23.34,413.4
2026-08-19 15:51:20.152326,Sitapura Industrial,50.2,10.8,18.64,428.4
2026-08-19 16:51:20.152326,Sitapura Industrial,54.4,13.41,30.03,427.3
2026-08-19 17:51:20.152326,Sitapura Industrial,54.0,7.64,16.55,431.6
2026-08-19 18:51:20.152326,Sitapura Industrial,57.1,12.46,24.88,455.7
2026-08-19 19:51:20.152326,Sitapura Industrial,65.7,14.79,25.1,449.2
2026-08-19 20:51:20.152326,Sitapura Industrial,50.6,12.23,25.09,443.4
2026-08-19 21:51:20.152326,Sitapura Industrial,52.5,12.01,14.8,436.6
2026-08-19 22:51:20.152326,Sitapura Industrial,63.0,15.77,31.04,444.5
2026-08-19 23:51:20.152326,Sitapura Industrial,51.3,13.62,26.27,424.2
2026-08-20 00:51:20.152326,Sitapura Industrial,59.7,12.88,24.75,434.0
2026-08-20 01:51:20.152326,Sitapura Industrial,54.1,13.18,20.55,421.9
2026-08-20 02:51:20.152326,Sitapura Industrial,54.8,12.54,21.65,432.2
2026-08-20 03:51:20.152326,Sitapura Industrial,53.5,12.66,22.47,425.8
2026-08-20 04:51:20.152326,Sitapura Industrial,42.3,10.22,20.01,411.9
2026-08-20 05:51:20.152326,Sitapura Industrial,43.8,10.08,19.12,405.5
2026-08-20 06:51:20.152326,Sitapura Industrial,42.7,10.58,23.11,427.7
2026-08-20 07:51:20.152326,Sitapura Industrial,75.9,19.09,40.77,432.0
2026-08-20 08:51:20.152326,Sitapura Industrial,64.8,14.22,27.98,459.4
2026-08-20 09:51:20.152326,Sitapura Industrial,68.2,16.63,33.74,418.8
2026-08-20 10:51:20.152326,Sitapura Industrial,57.5,15.36,28.86,408.8
2026-08-20 11:51:20.152326,Sitapura Industrial,48.6,13.35,27.09,408.9
2026-08-20 12:51:20.152326,Sitapura Industrial,36.8,11.64,21.03,411.9
2026-08-20 13:51:20.152326,Sitapura Industrial,55.9,10.44,17.97,421.4
2026-08-20 14:51:20.152326,Sitapura Industrial,56.6,14.71,29.76,460.8
2026-08-20 15:51:20.152326,Sitapura Industrial,42.2,12.72,24.75,416.0
2026-08-20 16:51:20.152326,Sitapura Industrial,54.0,13.73,21.04,443.4
2026-08-20 17:51:20.152326,Sitapura Industrial,81.8,20.21,43.81,461.1
2026-08-20 18:51:20.152326,Sitapura Industrial,59.8,16.46,30.56,428.2
2026-08-20 19:51:20.152326,Sitapura Industrial,63.0,17.33,31.26,428.6
2026-08-20 20:51:20.152326,Sitapura Industrial,47.3,12.45,19.88,441.0
2026-08-20 21:51:20.152326,Sitapura Industrial,56.2,11.05,26.05,409.4
2026-08-20 22:51:20.152326,Sitapura Industrial,60.5,15.22,28.75,414.2
2026-08-20 23:51:20.152326,Sitapura Industrial,43.3,13.4,26.48,420.5
2026-08-21 00:51:20.152326,Sitapura Industrial,56.1,12.47,23.89,441.0
2026-08-21 01:51:20.152326,Sitapura Industrial,48.1,12.65,24.1,425.6
2026-08-21 02:51:20.152326,Sitapura Industrial,56.8,13.52,26.02,418.7
2026-08-21 03:51:20.152326,Sitapura Industrial,52.1,10.9,20.24,409.4
2026-08-21 04:51:20.152326,Sitapura Industrial,68.2,19.2,35.16,426.9
2026-08-21 05:51:20.152326,Sitapura Industrial,54.4,12.53,26.95,422.0
2026-08-21 06:51:20.152326,Sitapura Industrial,55.9,15.61,31.9,393.5
2026-08-21 07:51:20.152326,Sitapura Industrial,79.0,19.56,38.56,443.0
2026-08-21 08:51:20.152326,Sitapura Industrial,79.2,18.4,33.31,439.3
2026-08-21 09:51:20.152326,Sitapura Industrial,65.7,18.02,31.91,438.2
2026-08-21 10:51:20.152326,Sitapura Industrial,43.7,9.7,26.22,441.3
2026-08-21 11:51:20.152326,Sitapura Industrial,50.7,7.18,8.51,426.7
2026-08-21 12:51:20.152326,Sitapura Industrial,52.2,12.71,20.33,401.7
2026-08-21 13:51:20.152326,Sitapura Industrial,73.7,17.03,30.22,436.0
2026-08-21 14:51:20.152326,Sitapura Industrial,62.9,14.26,27.15,420.6
2026-08-21 15:51:20.152326,Sitapura Industrial,62.4,12.03,23.28,422.8
2026-08-21 16:51:20.152326,Sitapura Industrial,42.6,9.97,17.22,404.0
2026-08-21 17:51:20.152326,Sitapura Industrial,68.3,18.44,36.14,453.8
2026-08-21 18:51:20.152326,Sitapura Industrial,67.5,19.24,37.44,421.3
2026-08-21 19:51:20.152326,Sitapura Industrial,75.5,19.4,38.2,427.0
2026-08-21 20:51:20.152326,Sitapura Industrial,49.0,10.87,22.28,430.8
2026-08-21 21:51:20.152326,Sitapura Industrial,52.8,16.48,27.29,429.0
2026-08-21 22:51:20.152326,Sitapura Industrial,48.4,15.05,30.15,380.0
2026-08-21 23:51:20.152326,Sitapura Industrial,51.0,12.39,22.85,446.8
2026-08-22 00:51:20.152326,Sitapura Industrial,42.2,11.22,21.69,433.3
2026-08-22 01:51:20.152326,Sitapura Industrial,43.7,10.5,23.63,405.5
2026-08-22 02:51:20.152326,Sitapura Industrial,55.4,16.08,25.79,426.5
2026-08-22 03:51:20.152326,Sitapura Industrial,49.6,13.91,26.71,403.0
2026-08-22 04:51:20.152326,Sitapura Industrial,50.2,8.86,17.27,386.7
2026-08-22 05:51:20.152326,Sitapura Industrial,60.6,16.33,28.49,450.4
2026-08-22 06:51:20.152326,Sitapura Industrial,56.7,12.71,24.26,418.4
2026-08-22 07:51:20.152326,Sitapura Industrial,68.7,16.24,28.57,450.2
2026-08-22 08:51:20.152326,Sitapura Industrial,69.2,19.73,35.52,412.6
2026-08-22 09:51:20.152326,Sitapura Industrial,69.2,15.55,29.49,455.0
2026-08-22 10:51:20.152326,Sitapura Industrial,53.1,10.96,19.57,406.3
2026-08-22 11:51:20.152326,Sitapura Industrial,38.1,8.34,17.84,414.5
2026-08-22 12:51:20.152326,Sitapura Industrial,66.5,17.01,33.94,442.0
2026-08-22 13:51:20.152326,Sitapura Industrial,58.8,14.03,26.78,439.0
2026-08-22 14:51:20.152326,Sitapura Industrial,56.9,13.31,24.06,411.6
2026-08-22 15:51:20.152326,Sitapura Industrial,50.4,14.75,23.75,421.5
2026-08-22 16:51:20.152326,Sitapura Industrial,55.4,13.42,25.83,414.8
2026-08-22 17:51:20.152326,Sitapura Industrial,62.7,18.47,37.57,431.1
2026-08-22 18:51:20.152326,Sitapura Industrial,69.0,17.19,32.84,440.9
2026-08-22 19:51:20.152326,Sitapura Industrial,62.0,16.7,31.28,445.4
2026-08-22 20:51:20.152326,Sitapura Industrial,49.7,10.65,23.18,417.1
2026-08-22 21:51:20.152326,Sitapura Industrial,55.9,15.8,27.75,408.1
2026-08-22 22:51:20.152326,Sitapura Industrial,59.9,14.63,24.37,435.4
2026-08-22 23:51:20.152326,Sitapura Industrial,49.3,18.66,37.0,399.9
2026-08-23 00:51:20.152326,Sitapura Industrial,48.2,13.53,24.6,399.6
2026-08-23 01:51:20.152326,Sitapura Industrial,53.0,14.33,25.56,426.6
2026-08-23 02:51:20.152326,Sitapura Industrial,50.7,13.57,22.28,439.3
2026-08-23 03:51:20.152326,Sitapura Industrial,40.2,9.04,22.14,380.0
2026-08-23 04:51:20.152326,Sitapura Industrial,44.0,10.62,16.13,407.9
2026-08-23 05:51:20.152326,Sitapura Industrial,50.0,13.93,28.68,421.3
2026-08-23 06:51:20.152326,Sitapura Industrial,53.5,14.99,28.58,426.9
2026-08-23 07:51:20.152326,Sitapura Industrial,56.2,15.09,27.32,415.9
2026-08-23 08:51:20.152326,Sitapura Industrial,77.6,17.62,28.98,469.4
2026-08-23 09:51:20.152326,Sitapura Industrial,74.8,18.74,34.34,438.2
2026-08-23 10:51:20.152326,Sitapura Industrial,50.6,11.92,20.93,459.7
2026-08-23 11:51:20.152326,Sitapura Industrial,47.6,11.1,21.32,438.6
2026-08-23 12:51:20.152326,Sitapura Industrial,54.0,13.97,26.15,415.6
2026-08-23 13:51:20.152326,Sitapura Industrial,52.7,11.28,26.24,426.3
2026-08-23 14:51:20.152326,Sitapura Industrial,50.6,8.98,14.92,414.1
2026-08-23 15:51:20.152326,Sitapura Industrial,49.0,8.67,20.55,435.8
2026-08-23 16:51:20.152326,Sitapura Industrial,44.3,9.76,21.23,418.4
2026-08-23 17:51:20.152326,Sitapura Industrial,59.7,13.74,22.27,435.4
2026-08-23 18:51:20.152326,Sitapura Industrial,73.7,20.01,31.4,459.3
2026-08-23 19:51:20.152326,Sitapura Industrial,65.4,16.57,30.52,439.8
2026-08-23 20:51:20.152326,Sitapura Industrial,48.1,12.65,18.24,426.1
2026-08-23 21:51:20.152326,Sitapura Industrial,42.6,12.22,22.56,407.6
2026-08-23 22:51:20.152326,Sitapura Industrial,36.8,5.24,11.94,442.4
2026-08-23 23:51:20.152326,Sitapura Industrial,52.0,10.77,25.24,460.5
2026-08-24 00:51:20.152326,Sitapura Industrial,53.2,8.06,8.76,412.2
2026-08-24 01:51:20.152326,Sitapura Industrial,72.4,16.34,29.25,436.0
2026-08-24 02:51:20.152326,Sitapura Industrial,60.7,12.06,19.38,423.7
2026-08-24 03:51:20.152326,Sitapura Industrial,61.3,12.07,18.05,444.5
2026-08-24 04:51:20.152326,Sitapura Industrial,39.6,10.14,23.3,409.1
2026-08-24 05:51:20.152326,Sitapura Industrial,52.4,10.91,23.42,448.8
2026-08-24 06:51:20.152326,Sitapura Industrial,36.7,10.99,20.06,464.0
2026-08-24 07:51:20.152326,Sitapura Industrial,59.3,16.87,33.01,415.5
2026-08-24 08:51:20.152326,Sitapura Industrial,67.1,14.68,27.44,423.6
2026-08-24 09:51:20.152326,Sitapura Industrial,55.5,12.54,27.27,438.3
2026-08-24 10:51:20.152326,Sitapura Industrial,49.5,13.81,31.04,435.8
2026-08-24 11:51:20.152326,Sitapura Industrial,59.0,14.8,30.78,438.3
2026-08-24 12:51:20.152326,Sitapura Industrial,73.7,16.16,30.06,437.7
2026-08-24 13:51:20.152326,Sitapura Industrial,60.1,13.0,22.65,421.8
2026-08-24 14:51:20.152326,Sitapura Industrial,59.1,19.83,34.99,436.6
2026-08-24 15:51:20.152326,Sitapura Industrial,47.3,14.34,33.32,428.5
2026-08-24 16:51:20.152326,Sitapura Industrial,51.2,13.71,26.68,405.4
2026-08-24 17:51:20.152326,Sitapura Industrial,63.9,15.79,28.65,457.6
2026-08-24 18:51:20.152326,Sitapura Industrial,70.1,18.92,37.31,453.1
2026-08-24 19:51:20.152326,Sitapura Industrial,65.9,18.45,40.37,410.2
2026-08-24 20:51:20.152326,Sitapura Industrial,48.4,10.43,16.21,426.2
2026-08-24 21:51:20.152326,Sitapura Industrial,53.9,16.11,27.5,444.6
2026-08-24 22:51:20.152326,Sitapura Industrial,55.7,10.01,20.32,432.6
2026-08-24 23:51:20.152326,Sitapura Industrial,51.4,12.73,26.41,410.5
2026-08-25 00:51:20.152326,Sitapura Industrial,51.4,13.65,26.74,423.3
2026-08-25 01:51:20.152326,Sitapura Industrial,53.3,12.22,24.77,415.0
2026-08-25 02:51:20.152326,Sitapura Industrial,48.2,12.9,26.24,416.5
2026-08-25 03:51:20.152326,Sitapura Industrial,44.8,10.05,19.06,444.3
2026-08-25 04:51:20.152326,Sitapura Industrial,43.7,12.49,22.07,427.6
2026-08-25 05:51:20.152326,Sitapura Industrial,59.9,15.24,27.89,432.0
2026-08-25 06:51:20.152326,Sitapura Industrial,57.1,13.52,27.71,402.8
2026-08-25 07:51:20.152326,Sitapura Industrial,66.1,12.7,23.57,434.3
2026-08-25 08:51:20.152326,Sitapura Industrial,64.6,17.46,29.36,441.9
2026-08-25 09:51:20.152326,Sitapura Industrial,55.7,15.38,25.84,418.2
2026-08-25 10:51:20.152326,Sitapura Industrial,50.7,8.9,14.49,413.1
2026-08-25 11:51:20.152326,Sitapura Industrial,59.2,14.77,29.49,411.1
2026-08-25 12:51:20.152326,Sitapura Industrial,43.7,9.64,19.21,439.7
2026-08-25 13:51:20.152326,Sitapura Industrial,52.1,9.85,16.37,435.8
2026-08-25 14:51:20.152326,Sitapura Industrial,55.6,11.64,23.38,436.7
2026-08-25 15:51:20.152326,Sitapura Industrial,47.2,11.27,23.65,444.6
2026-08-25 16:51:20.152326,Sitapura Industrial,54.2,11.69,18.1,427.8
2026-08-25 17:51:20.152326,Sitapura Industrial,89.4,23.71,45.16,428.6
2026-08-25 18:51:20.152326,Sitapura Industrial,58.5,13.28,22.38,449.6
2026-08-25 19:51:20.152326,Sitapura Industrial,60.5,12.46,28.26,422.6
2026-08-25 20:51:20.152326,Sitapura Industrial,56.9,11.87,20.01,403.7
2026-08-25 21:51:20.152326,Sitapura Industrial,54.6,16.57,32.8,403.5
2026-08-25 22:51:20.152326,Sitapura Industrial,60.7,12.72,22.36,427.4
2026-08-25 23:51:20.152326,Sitapura Industrial,73.0,16.6,31.97,438.9
2026-08-26 00:51:20.152326,Sitapura Industrial,62.6,17.48,33.75,437.9
2026-08-26 01:51:20.152326,Sitapura Industrial,53.8,14.16,24.09,400.0
2026-08-26 02:51:20.152326,Sitapura Industrial,57.6,15.81,34.26,451.3
2026-08-26 03:51:20.152326,Sitapura Industrial,52.5,10.06,19.59,396.3
2026-08-26 04:51:20.152326,Sitapura Industrial,66.1,14.25,26.0,423.0
2026-08-26 05:51:20.152326,Sitapura Industrial,51.2,14.81,36.79,415.6
2026-08-26 06:51:20.152326,Sitapura Industrial,55.6,11.34,27.04,406.8
2026-08-26 07:51:20.152326,Sitapura Industrial,73.5,20.3,39.88,454.7
2026-08-26 08:51:20.152326,Sitapura Industrial,77.4,18.95,30.17,434.7
2026-08-26 09:51:20.152326,Sitapura Industrial,66.9,18.07,32.73,442.7
2026-08-26 10:51:20.152326,Sitapura Industrial,54.3,14.17,30.59,413.0
2026-08-26 11:51:20.152326,Sitapura Industrial,64.1,16.01,27.4,435.7
2026-08-26 12:51:20.152326,Sitapura Industrial,61.6,15.95,27.6,448.1
2026-08-26 13:51:20.152326,Sitapura Industrial,54.9,15.31,31.72,426.9
2026-08-26 14:51:20.152326,Sitapura Industrial,41.1,9.99,15.09,406.2
2026-08-26 15:51:20.152326,Sitapura Industrial,56.1,14.91,28.71,414.1
2026-08-26 16:51:20.152326,Sitapura Industrial,52.0,11.57,21.97,428.3
2026-08-26 17:51:20.152326,Sitapura Industrial,57.2,11.92,20.74,417.9
2026-08-26 18:51:20.152326,Sitapura Industrial,44.2,9.84,19.45,425.0
2026-08-26 19:51:20.152326,Sitapura Industrial,69.9,18.42,38.75,450.7
2026-08-26 20:51:20.152326,Sitapura Industrial,62.9,16.14,30.01,422.5
2026-08-26 21:51:20.152326,Sitapura Industrial,55.7,13.07,31.17,441.9
2026-08-26 22:51:20.152326,Sitapura Industrial,58.8,18.4,36.14,410.4
2026-08-26 23:51:20.152326,Sitapura Industrial,53.3,12.16,23.66,412.1
2026-08-27 00:51:20.152326,Sitapura Industrial,50.8,12.89,19.98,438.9
2026-08-27 01:51:20.152326,Sitapura Industrial,44.4,10.96,15.65,431.5
2026-08-27 02:51:20.152326,Sitapura Industrial,53.1,13.57,27.96,430.2
2026-08-27 03:51:20.152326,Sitapura Industrial,57.4,14.14,32.23,430.0
2026-08-27 04:51:20.152326,Sitapura Industrial,53.7,15.21,26.92,427.0
2026-08-27 05:51:20.152326,Sitapura Industrial,64.0,18.32,32.83,425.1
2026-08-27 06:51:20.152326,Sitapura Industrial,47.0,12.96,22.8,427.9
2026-08-27 07:51:20.152326,Sitapura Industrial,69.2,15.4,31.39,421.7
2026-08-27 08:51:20.152326,Sitapura Industrial,74.6,18.04,29.74,441.1
2026-08-27 09:51:20.152326,Sitapura Industrial,65.8,16.42,29.63,428.8
2026-08-27 10:51:20.152326,Sitapura Industrial,54.5,11.96,24.74,443.5
2026-08-27 11:51:20.152326,Sitapura Industrial,56.1,14.72,21.35,426.1
2026-08-27 12:51:20.152326,Sitapura Industrial,69.4,16.27,31.37,417.2
2026-08-27 13:51:20.152326,Sitapura Industrial,53.1,10.4,14.72,440.6
2026-08-27 14:51:20.152326,Sitapura Industrial,42.9,7.59,9.75,402.8
2026-08-27 15:51:20.152326,Sitapura Industrial,41.3,7.88,12.12,451.8
2026-08-27 16:51:20.152326,Sitapura Industrial,53.5,13.42,18.8,428.6
2026-08-27 17:51:20.152326,Sitapura Industrial,57.1,13.14,19.87,413.2
2026-08-27 18:51:20.152326,Sitapura Industrial,67.7,18.76,35.54,447.2
2026-08-27 19:51:20.152326,Sitapura Industrial,61.1,15.75,33.12,455.6
2026-08-27 20:51:20.152326,Sitapura Industrial,42.2,10.5,17.99,406.1
2026-08-27 21:51:20.152326,Sitapura Industrial,40.3,6.11,9.77,405.8
2026-08-27 22:51:20.152326,Sitapura Industrial,67.0,14.23,21.03,432.4
2026-08-27 23:51:20.152326,Sitapura Industrial,49.9,11.92,25.77,410.4
2026-08-28 00:51:20.152326,Sitapura Industrial,49.3,12.86,18.34,430.7
2026-08-28 01:51:20.152326,Sitapura Industrial,55.1,15.73,33.65,404.2
2026-08-28 02:51:20.152326,Sitapura Industrial,46.3,12.24,19.76,409.7
2026-08-28 03:51:20.152326,Sitapura Industrial,38.9,6.48,9.73,412.4
2026-08-28 04:51:20.152326,Sitapura Industrial,59.9,15.25,23.14,428.9
2026-08-28 05:51:20.152326,Sitapura Industrial,46.1,11.13,15.0,419.0
2026-08-28 06:51:20.152326,Sitapura Industrial,73.9,16.88,34.99,445.4
2026-08-28 07:51:20.152326,Sitapura Industrial,70.3,14.78,20.48,439.1
2026-08-28 08:51:20.152326,Sitapura Industrial,80.3,20.91,36.69,433.9
2026-08-28 09:51:20.152326,Sitapura Industrial,87.9,22.61,45.01,415.0
2026-08-28 10:51:20.152326,Sitapura Industrial,55.3,13.54,25.23,410.3
2026-08-28 11:51:20.152326,Sitapura Industrial,44.9,9.49,16.32,411.7
2026-08-28 12:51:20.152326,Sitapura Industrial,54.9,12.56,20.12,440.2
2026-08-28 13:51:20.152326,Sitapura Industrial,49.1,11.76,23.8,437.5
2026-08-28 14:51:20.152326,Sitapura Industrial,45.7,13.57,28.13,431.8
2026-08-28 15:51:20.152326,Sitapura Industrial,52.4,14.72,23.09,438.4
2026-08-28 16:51:20.152326,Sitapura Industrial,66.1,16.51,33.14,441.6
2026-08-28 17:51:20.152326,Sitapura Industrial,68.0,16.02,27.14,434.5
2026-08-28 18:51:20.152326,Sitapura Industrial,48.8,10.46,15.64,406.4
2026-08-28 19:51:20.152326,Sitapura Industrial,58.4,15.54,26.21,429.4
2026-08-28 20:51:20.152326,Sitapura Industrial,46.1,10.38,17.74,438.3
2026-08-28 21:51:20.152326,Sitapura Industrial,45.6,11.46,23.88,436.8
2026-08-28 22:51:20.152326,Sitapura Industrial,51.0,9.79,17.49,429.5
2026-08-28 23:51:20.152326,Sitapura Industrial,44.6,9.94,18.91,432.9
2026-08-29 00:51:20.152326,Sitapura Industrial,53.1,12.68,25.9,425.9
2026-08-29 01:51:20.152326,Sitapura Industrial,44.6,8.0,14.14,430.6
2026-08-29 02:51:20.152326,Sitapura Industrial,54.7,14.72,31.42,433.3
2026-08-29 03:51:20.152326,Sitapura Industrial,67.4,16.68,38.92,438.2
2026-08-29 04:51:20.152326,Sitapura Industrial,53.1,13.78,27.21,432.8
2026-08-29 05:51:20.152326,Sitapura Industrial,53.7,10.59,24.04,391.2
2026-08-29 06:51:20.152326,Sitapura Industrial,50.9,16.15,27.54,423.1
2026-08-29 07:51:20.152326,Sitapura Industrial,72.0,16.94,29.9,430.4
2026-08-29 08:51:20.152326,Sitapura Industrial,81.9,18.08,30.18,454.4
2026-08-29 09:51:20.152326,Sitapura Industrial,62.5,15.01,26.34,450.9
2026-08-29 10:51:20.152326,Sitapura Industrial,50.0,11.71,24.57,429.7
2026-08-29 11:51:20.152326,Sitapura Industrial,49.3,12.33,26.6,408.0
2026-08-29 12:51:20.152326,Sitapura Industrial,50.2,10.94,19.2,416.1
2026-08-29 13:51:20.152326,Sitapura Industrial,55.7,16.5,33.17,436.2
2026-08-29 14:51:20.152326,Sitapura Industrial,42.3,12.5,26.45,447.9
2026-08-29 15:51:20.152326,Sitapura Industrial,47.4,11.53,21.51,420.2
2026-08-29 16:51:20.152326,Sitapura Industrial,38.4,10.58,20.56,428.0
2026-08-29 17:51:20.152326,Sitapura Industrial,62.6,14.63,25.49,431.9
2026-08-29 18:51:20.152326,Sitapura Industrial,71.4,20.6,39.85,411.5
2026-08-29 19:51:20.152326,Sitapura Industrial,62.9,14.5,27.47,428.7
2026-08-29 20:51:20.152326,Sitapura Industrial,68.1,11.42,23.31,429.9
2026-08-29 21:51:20.152326,Sitapura Industrial,58.7,12.72,29.37,428.8
2026-08-29 22:51:20.152326,Sitapura Industrial,46.7,12.58,27.12,411.6
2026-08-29 23:51:20.152326,Sitapura Industrial,46.1,10.58,19.48,440.0
2026-08-30 00:51:20.152326,Sitapura Industrial,70.4,18.49,36.64,448.8
2026-08-30 01:51:20.152326,Sitapura Industrial,61.7,15.29,29.95,452.7
2026-08-30 02:51:20.152326,Sitapura Industrial,55.1,12.32,22.57,441.1
2026-08-30 03:51:20.152326,Sitapura Industrial,35.7,10.63,19.25,435.6
2026-08-30 04:51:20.152326,Sitapura Industrial,51.1,11.64,21.59,433.4
2026-08-30 05:51:20.152326,Sitapura Industrial,48.4,11.85,27.18,421.7
2026-08-30 06:51:20.152326,Sitapura Industrial,54.4,13.61,23.42,419.5
2026-08-30 07:51:20.152326,Sitapura Industrial,63.1,17.77,30.14,442.4
2026-08-30 08:51:20.152326,Sitapura Industrial,61.1,16.39,36.22,426.2
2026-08-30 09:51:20.152326,Sitapura Industrial,85.3,20.5,40.83,446.4
2026-08-30 10:51:20.152326,Sitapura Industrial,45.8,11.82,23.31,423.2
2026-08-30 11:51:20.152326,Sitapura Industrial,49.3,9.28,20.1,407.5
2026-08-30 12:51:20.152326,Sitapura Industrial,61.3,11.97,23.0,454.8
2026-08-30 13:51:20.152326,Sitapura Industrial,44.9,7.53,18.28,440.8
2026-08-30 14:51:20.152326,Sitapura Industrial,58.8,13.93,24.05,425.8
2026-08-30 15:51:20.152326,Sitapura Industrial,51.3,8.87,17.04,402.3
2026-08-30 16:51:20.152326,Sitapura Industrial,35.6,6.53,10.58,430.3
2026-08-30 17:51:20.152326,Sitapura Industrial,63.7,14.55,25.1,409.4
2026-08-30 18:51:20.152326,Sitapura Industrial,64.8,16.1,28.95,437.7
2026-08-30 19:51:20.152326,Sitapura Industrial,63.1,13.73,19.99,456.8
2026-08-30 20:51:20.152326,Sitapura Industrial,62.4,13.2,21.59,422.4
2026-08-30 21:51:20.152326,Sitapura Industrial,46.6,9.06,15.57,432.8
2026-08-30 22:51:20.152326,Sitapura Industrial,65.0,17.39,34.68,418.6
2026-08-30 23:51:20.152326,Sitapura Industrial,57.0,14.91,26.43,426.0
2026-08-31 00:51:20.152326,Sitapura Industrial,56.9,13.55,23.44,436.9
2026-08-31 01:51:20.152326,Sitapura Industrial,49.2,17.39,31.96,400.5
2026-08-31 02:51:20.152326,Sitapura Industrial,64.6,19.49,35.07,409.0
2026-08-31 03:51:20.152326,Sitapura Industrial,47.4,13.56,26.04,430.7
2026-08-31 04:51:20.152326,Sitapura Industrial,54.3,14.92,27.83,446.7
2026-08-31 05:51:20.152326,Sitapura Industrial,48.3,13.14,24.32,449.1
2026-08-31 06:51:20.152326,Sitapura Industrial,48.7,12.8,24.71,424.0
2026-08-31 07:51:20.152326,Sitapura Industrial,61.7,12.28,20.47,416.3
2026-08-31 08:51:20.152326,Sitapura Industrial,72.6,21.16,34.62,420.9
2026-08-31 09:51:20.152326,Sitapura Industrial,68.5,15.18,30.77,441.5
2026-08-31 10:51:20.152326,Sitapura Industrial,50.4,14.7,28.88,434.9
2026-08-31 11:51:20.152326,Sitapura Industrial,39.9,9.09,14.71,433.5
2026-08-31 12:51:20.152326,Sitapura Industrial,55.0,12.53,25.39,445.6
2026-08-31 13:51:20.152326,Sitapura Industrial,61.4,13.84,26.15,425.0
2026-08-31 14:51:20.152326,Sitapura Industrial,47.6,11.07,15.75,437.7
2026-08-31 15:51:20.152326,Sitapura Industrial,50.9,10.96,26.42,425.0
2026-08-31 16:51:20.152326,Sitapura Industrial,41.1,9.61,20.37,412.1
2026-08-31 17:51:20.152326,Sitapura Industrial,67.2,13.94,21.05,483.4
2026-08-31 18:51:20.152326,Sitapura Industrial,73.1,17.41,35.87,478.8
2026-08-31 19:51:20.152326,Sitapura Industrial,66.1,15.89,33.59,435.1
2026-08-31 20:51:20.152326,Sitapura Industrial,51.7,15.13,29.28,405.6
2026-08-31 21:51:20.152326,Sitapura Industrial,55.2,10.88,21.57,413.7
2026-08-31 22:51:20.152326,Sitapura Industrial,43.9,12.99,22.71,439.5
2026-08-31 23:51:20.152326,Sitapura Industrial,55.5,11.09,23.68,426.6
2026-09-01 00:51:20.152326,Sitapura Industrial,62.2,12.35,26.85,411.5
2026-09-01 01:51:20.152326,Sitapura Industrial,48.7,14.97,29.77,427.1
2026-09-01 02:51:20.152326,Sitapura Industrial,49.9,14.04,29.15,400.4
2026-09-01 03:51:20.152326,Sitapura Industrial,36.7,7.47,13.51,432.6
2026-09-01 04:51:20.152326,Sitapura Industrial,52.6,12.33,20.93,417.3
2026-09-01 05:51:20.152326,Sitapura Industrial,59.6,13.95,22.92,417.8
2026-09-01 06:51:20.152326,Sitapura Industrial,54.4,14.59,23.01,446.0
2026-09-01 07:51:20.152326,Sitapura Industrial,57.4,14.8,28.21,442.0
2026-09-01 08:51:20.152326,Sitapura Industrial,72.4,13.99,29.44,460.2
2026-09-01 09:51:20.152326,Sitapura Industrial,74.2,17.81,39.34,461.6
2026-09-01 10:51:20.152326,Sitapura Industrial,52.8,13.3,21.59,427.4
2026-09-01 11:51:20.152326,Sitapura Industrial,50.4,13.96,28.13,403.8
2026-09-01 12:51:20.152326,Sitapura Industrial,41.3,11.21,24.45,428.4
2026-09-01 13:51:20.152326,Sitapura Industrial,52.5,13.56,26.04,425.4
2026-09-01 14:51:20.152326,Sitapura Industrial,66.0,16.76,29.49,431.2
2026-09-01 15:51:20.152326,Sitapura Industrial,52.7,9.02,12.88,448.9
2026-09-01 16:51:20.152326,Sitapura Industrial,76.4,20.9,34.43,441.5
2026-09-01 17:51:20.152326,Sitapura Industrial,64.3,10.73,16.53,415.3
2026-09-01 18:51:20.152326,Sitapura Industrial,74.1,16.53,31.4,456.3
2026-09-01 19:51:20.152326,Sitapura Industrial,52.6,15.0,26.47,444.0
2026-09-01 20:51:20.152326,Sitapura Industrial,57.9,17.08,30.39,435.5
2026-09-01 21:51:20.152326,Sitapura Industrial,55.8,15.62,23.22,415.2
2026-09-01 22:51:20.152326,Sitapura Industrial,60.0,16.41,31.01,396.2
2026-09-01 23:51:20.152326,Sitapura Industrial,62.5,16.96,31.35,452.4
2026-09-02 00:51:20.152326,Sitapura Industrial,51.9,14.03,25.95,430.9
2026-09-02 01:51:20.152326,Sitapura Industrial,58.6,17.59,32.97,397.7
2026-09-02 02:51:20.152326,Sitapura Industrial,55.5,14.48,28.18,422.7
2026-09-02 03:51:20.152326,Sitapura Industrial,53.9,12.69,29.51,436.2
2026-09-02 04:51:20.152326,Sitapura Industrial,55.2,13.1,22.21,409.4
2026-09-02 05:51:20.152326,Sitapura Industrial,53.4,17.02,31.19,420.8
2026-09-02 06:51:20.152326,Sitapura Industrial,58.0,15.83,28.43,424.1
2026-09-02 07:51:20.152326,Sitapura Industrial,61.0,14.57,31.57,432.5
2026-09-02 08:51:20.152326,Sitapura Industrial,68.2,13.66,26.2,416.0
2026-09-02 09:51:20.152326,Sitapura Industrial,57.5,10.95,21.72,398.6
2026-09-02 10:51:20.152326,Sitapura Industrial,49.7,14.77,26.26,409.2
2026-09-02 11:51:20.152326,Sitapura Industrial,48.9,12.78,24.93,411.1
2026-09-02 12:51:20.152326,Sitapura Industrial,52.2,10.97,19.18,427.5
2026-09-02 13:51:20.152326,Sitapura Industrial,51.6,7.9,15.72,438.5
2026-09-02 14:51:20.152326,Sitapura Industrial,47.2,13.26,25.7,430.7
2026-09-02 15:51:20.152326,Sitapura Industrial,48.9,12.87,22.06,427.7
2026-09-02 16:51:20.152326,Sitapura Industrial,47.5,12.18,25.86,400.5
2026-09-02 17:51:20.152326,Sitapura Industrial,74.7,19.61,36.57,423.4
2026-09-02 18:51:20.152326,Sitapura Industrial,79.1,17.65,31.6,458.1
2026-09-02 19:51:20.152326,Sitapura Industrial,55.6,15.92,27.93,413.0
2026-09-02 20:51:20.152326,Sitapura Industrial,49.7,10.62,25.71,430.4
2026-09-02 21:51:20.152326,Sitapura Industrial,52.5,15.18,25.24,429.0
2026-09-02 22:51:20.152326,Sitapura Industrial,50.7,12.53,19.13,408.3
2026-09-02 23:51:20.152326,Sitapura Industrial,59.6,14.86,29.29,395.6
2026-09-03 00:51:20.152326,Sitapura Industrial,48.5,12.62,24.5,424.8
2026-09-03 01:51:20.152326,Sitapura Industrial,46.8,10.14,21.01,412.3
2026-09-03 02:51:20.152326,Sitapura Industrial,55.0,16.19,29.5,434.5
2026-09-03 03:51:20.152326,Sitapura Industrial,51.9,11.31,20.46,432.4
2026-09-03 04:51:20.152326,Sitapura Industrial,51.3,14.86,29.64,433.1
2026-09-03 05:51:20.152326,Sitapura Industrial,45.5,14.29,29.0,412.4
2026-09-03 06:51:20.152326,Sitapura Industrial,43.4,8.14,15.23,417.1
2026-09-03 07:51:20.152326,Sitapura Industrial,71.5,17.98,29.4,449.7
2026-09-03 08:51:20.152326,Sitapura Industrial,67.9,14.04,22.51,442.8
2026-09-03 09:51:20.152326,Sitapura Industrial,71.1,23.46,46.06,450.7
2026-09-03 10:51:20.152326,Sitapura Industrial,43.7,10.36,19.26,420.0
2026-09-03 11:51:20.152326,Sitapura Industrial,48.4,13.71,27.67,426.1
2026-09-03 12:51:20.152326,Sitapura Industrial,46.4,11.78,24.94,427.0
2026-09-03 13:51:20.152326,Sitapura Industrial,38.6,8.15,11.36,434.0
2026-09-03 14:51:20.152326,Sitapura Industrial,44.9,9.16,16.18,401.9
2026-09-03 15:51:20.152326,Sitapura Industrial,55.7,17.15,33.22,436.1
2026-09-03 16:51:20.152326,Sitapura Industrial,68.9,16.2,27.34,448.5
2026-09-03 17:51:20.152326,Sitapura Industrial,68.9,19.44,36.1,454.6
2026-09-03 18:51:20.152326,Sitapura Industrial,63.5,15.22,26.57,451.7
2026-09-03 19:51:20.152326,Sitapura Industrial,74.3,15.72,32.19,448.7
2026-09-03 20:51:20.152326,Sitapura Industrial,48.2,11.12,18.57,451.1
2026-09-03 21:51:20.152326,Sitapura Industrial,42.1,8.15,13.84,441.4
2026-09-03 22:51:20.152326,Sitapura Industrial,50.2,10.38,20.59,423.1
2026-09-03 23:51:20.152326,Sitapura Industrial,51.4,8.42,17.89,407.1
2026-09-04 00:51:20.152326,Sitapura Industrial,60.0,15.86,29.44,397.2
2026-09-04 01:51:20.152326,Sitapura Industrial,55.7,13.2,22.46,439.9
2026-09-04 02:51:20.152326,Sitapura Industrial,60.9,14.57,26.84,449.7
2026-09-04 03:51:20.152326,Sitapura Industrial,45.8,9.93,16.32,433.8
2026-09-04 04:51:20.152326,Sitapura Industrial,52.7,10.41,20.42,429.8
2026-09-04 05:51:20.152326,Sitapura Industrial,55.5,14.9,28.57,414.9
2026-09-04 06:51:20.152326,Sitapura Industrial,68.5,17.69,27.56,440.4
2026-09-04 07:51:20.152326,Sitapura Industrial,69.5,15.93,30.65,408.7
2026-09-04 08:51:20.152326,Sitapura Industrial,70.4,15.75,30.24,419.2
2026-09-04 09:51:20.152326,Sitapura Industrial,72.7,19.93,34.65,425.9
2026-09-04 10:51:20.152326,Sitapura Industrial,39.3,11.66,18.14,444.3
2026-09-04 11:51:20.152326,Sitapura Industrial,48.8,13.57,27.63,412.4
2026-09-04 12:51:20.152326,Sitapura Industrial,46.1,14.36,28.0,416.3
2026-09-04 13:51:20.152326,Sitapura Industrial,62.2,19.03,34.66,439.5
2026-09-04 14:51:20.152326,Sitapura Industrial,43.8,11.8,20.02,397.4
2026-09-04 15:51:20.152326,Sitapura Industrial,47.0,8.73,18.05,433.0
2026-09-04 16:51:20.152326,Sitapura Industrial,47.2,11.3,16.62,424.8
2026-09-04 17:51:20.152326,Sitapura Industrial,47.6,9.51,15.18,428.6
2026-09-04 18:51:20.152326,Sitapura Industrial,60.9,13.01,28.68,440.2
2026-09-04 19:51:20.152326,Sitapura Industrial,62.9,18.74,26.17,453.4
2026-09-04 20:51:20.152326,Sitapura Industrial,39.1,8.06,15.94,423.2
2026-09-04 21:51:20.152326,Sitapura Industrial,46.3,13.37,24.28,418.5
2026-09-04 22:51:20.152326,Sitapura Industrial,60.0,13.8,25.65,438.6
2026-09-04 23:51:20.152326,Sitapura Industrial,39.6,10.02,22.71,439.6
2026-09-05 00:51:20.152326,Sitapura Industrial,50.0,8.44,17.22,434.9
2026-09-05 01:51:20.152326,Sitapura Industrial,58.2,10.39,23.48,453.8
2026-09-05 02:51:20.152326,Sitapura Industrial,64.9,18.16,36.36,426.7
2026-09-05 03:51:20.152326,Sitapura Industrial,69.7,15.81,27.74,413.9
2026-09-05 04:51:20.152326,Sitapura Industrial,47.9,9.73,15.13,418.5
2026-09-05 05:51:20.152326,Sitapura Industrial,55.9,13.33,28.76,470.4
2026-09-05 06:51:20.152326,Sitapura Industrial,49.1,13.45,30.87,417.0
2026-09-05 07:51:20.152326,Sitapura Industrial,69.2,15.25,26.06,455.7
2026-09-05 08:51:20.152326,Sitapura Industrial,72.8,21.08,39.6,423.4
2026-09-05 09:51:20.152326,Sitapura Industrial,65.0,16.8,27.55,410.6
2026-09-05 10:51:20.152326,Sitapura Industrial,57.5,10.63,16.82,420.7
2026-09-05 11:51:20.152326,Sitapura Industrial,60.2,17.16,30.61,429.6
2026-09-05 12:51:20.152326,Sitapura Industrial,51.9,11.33,20.05,425.2
2026-09-05 13:51:20.152326,Sitapura Industrial,51.5,10.81,16.06,422.3
2026-09-05 14:51:20.152326,Sitapura Industrial,51.9,13.12,22.79,432.0
2026-09-05 15:51:20.152326,Sitapura Industrial,57.9,12.69,15.18,436.1
2026-09-05 16:51:20.152326,Sitapura Industrial,46.9,15.17,29.31,442.9
2026-09-05 17:51:20.152326,Sitapura Industrial,66.0,17.28,32.02,408.0
2026-09-05 18:51:20.152326,Sitapura Industrial,75.1,14.9,28.14,422.3
2026-09-05 19:51:20.152326,Sitapura Industrial,60.7,17.68,27.18,442.5
2026-09-05 20:51:20.152326,Sitapura Industrial,55.9,14.99,26.97,441.4
2026-09-05 21:51:20.152326,Sitapura Industrial,52.9,16.47,29.93,427.1
2026-09-05 22:51:20.152326,Sitapura Industrial,42.9,9.26,15.41,449.0
2026-09-05 23:51:20.152326,Sitapura Industrial,53.2,15.17,25.96,445.9
2026-09-06 00:51:20.152326,Sitapura Industrial,46.7,10.66,17.48,430.3
2026-09-06 01:51:20.152326,Sitapura Industrial,59.1,12.72,19.19,405.2
2026-09-06 02:51:20.152326,Sitapura Industrial,66.0,17.78,28.88,433.6
2026-09-06 03:51:20.152326,Sitapura Industrial,56.8,13.4,21.45,447.5
2026-09-06 04:51:20.152326,Sitapura Industrial,53.1,14.42,29.67,426.2
2026-09-06 05:51:20.152326,Sitapura Industrial,45.2,13.79,25.01,449.3
2026-09-06 06:51:20.152326,Sitapura Industrial,57.2,13.29,27.35,425.3
2026-09-06 07:51:20.152326,Sitapura Industrial,73.2,17.99,36.08,435.3
2026-09-06 08:51:20.152326,Sitapura Industrial,68.1,18.73,33.37,441.3
2026-09-06 09:51:20.152326,Sitapura Industrial,63.2,14.32,26.4,417.7
2026-09-06 10:51:20.152326,Sitapura Industrial,59.2,13.74,18.37,420.6
2026-09-06 11:51:20.152326,Sitapura Industrial,58.3,13.64,21.45,437.6
2026-09-06 12:51:20.152326,Sitapura Industrial,59.4,17.86,26.19,406.6
2026-09-06 13:51:20.152326,Sitapura Industrial,59.0,13.45,25.16,418.7
2026-09-06 14:51:20.152326,Sitapura Industrial,48.2,10.6,19.58,443.6
2026-09-06 15:51:20.152326,Sitapura Industrial,53.5,8.78,11.63,443.0
2026-09-06 16:51:20.152326,Sitapura Industrial,49.0,9.03,15.14,444.8
2026-09-06 17:51:20.152326,Sitapura Industrial,60.3,15.68,29.04,442.9
2026-09-06 18:51:20.152326,Sitapura Industrial,72.4,17.56,35.59,452.3
2026-09-06 19:51:20.152326,Sitapura Industrial,69.6,16.88,33.89,442.7
2026-09-06 20:51:20.152326,Sitapura Industrial,53.3,14.38,25.75,440.5
2026-09-06 21:51:20.152326,Sitapura Industrial,47.7,10.97,17.01,403.4
2026-09-06 22:51:20.152326,Sitapura Industrial,50.2,17.56,32.7,433.6
2026-09-06 23:51:20.152326,Sitapura Industrial,45.7,8.44,17.25,383.2
2026-09-07 00:51:20.152326,Sitapura Industrial,64.5,15.79,31.43,412.4
2026-09-07 01:51:20.152326,Sitapura Industrial,56.5,13.2,24.81,439.0
2026-09-07 02:51:20.152326,Sitapura Industrial,58.2,15.64,32.71,401.4
2026-09-07 03:51:20.152326,Sitapura Industrial,52.2,10.14,21.04,431.1
2026-09-07 04:51:20.152326,Sitapura Industrial,51.7,12.72,24.99,436.9
2026-09-07 05:51:20.152326,Sitapura Industrial,40.0,9.22,16.81,400.9
2026-09-07 06:51:20.152326,Sitapura Industrial,45.4,11.27,28.46,432.1
2026-09-07 07:51:20.152326,Sitapura Industrial,65.9,17.21,28.37,433.1
2026-09-07 08:51:20.152326,Sitapura Industrial,79.7,23.12,44.11,422.9
2026-09-07 09:51:20.152326,Sitapura Industrial,63.8,16.08,31.37,439.3
2026-09-07 10:51:20.152326,Sitapura Industrial,54.8,15.9,29.24,437.6
2026-09-07 11:51:20.152326,Sitapura Industrial,45.0,9.2,17.45,411.5
2026-09-07 12:51:20.152326,Sitapura Industrial,45.6,15.05,27.98,418.1
2026-09-07 13:51:20.152326,Sitapura Industrial,63.2,16.57,33.5,429.9
2026-09-07 14:51:20.152326,Sitapura Industrial,63.3,16.43,31.66,451.1
2026-09-07 15:51:20.152326,Sitapura Industrial,50.3,12.21,26.28,414.4
2026-09-07 16:51:20.152326,Sitapura Industrial,59.9,17.69,30.9,443.7
2026-09-07 17:51:20.152326,Sitapura Industrial,70.8,19.4,37.83,410.9
2026-09-07 18:51:20.152326,Sitapura Industrial,62.2,13.52,23.33,450.0
2026-09-07 19:51:20.152326,Sitapura Industrial,64.5,16.08,25.41,425.1
2026-09-07 20:51:20.152326,Sitapura Industrial,52.8,16.37,26.18,461.1
2026-09-07 21:51:20.152326,Sitapura Industrial,51.9,11.41,19.2,435.9
2026-09-07 22:51:20.152326,Sitapura Industrial,49.7,12.42,18.67,455.6
2026-09-07 23:51:20.152326,Sitapura Industrial,49.0,8.69,17.6,441.0
2026-09-08 00:51:20.152326,Sitapura Industrial,76.4,19.28,32.96,426.2
2026-09-08 01:51:20.152326,Sitapura Industrial,57.2,17.6,37.81,435.7
2026-09-08 02:51:20.152326,Sitapura Industrial,49.5,11.97,21.01,446.1
2026-09-08 03:51:20.152326,Sitapura Industrial,56.9,12.77,16.94,437.7
2026-09-08 04:51:20.152326,Sitapura Industrial,44.5,10.22,19.38,423.0
2026-09-08 05:51:20.152326,Sitapura Industrial,42.5,9.2,18.09,401.6
2026-09-08 06:51:20.152326,Sitapura Industrial,68.7,17.77,26.45,438.6
2026-09-08 07:51:20.152326,Sitapura Industrial,71.8,14.14,26.81,428.3
2026-09-08 08:51:20.152326,Sitapura Industrial,60.0,16.85,36.27,450.4
2026-09-08 09:51:20.152326,Sitapura Industrial,69.2,16.19,30.92,421.6
2026-09-08 10:51:20.152326,Sitapura Industrial,30.4,9.77,10.68,414.6
2026-09-08 11:51:20.152326,Sitapura Industrial,54.6,10.49,22.87,426.3
2026-09-08 12:51:20.152326,Sitapura Industrial,57.8,13.03,25.65,440.3
2026-09-08 13:51:20.152326,Sitapura Industrial,70.7,15.79,27.93,448.7
2026-09-08 14:51:20.152326,Sitapura Industrial,70.3,16.4,27.06,456.7
2026-09-08 15:51:20.152326,Sitapura Industrial,51.9,12.72,26.1,416.4
2026-09-08 16:51:20.152326,Sitapura Industrial,43.8,10.27,21.03,409.5
2026-09-08 17:51:20.152326,Sitapura Industrial,73.0,18.13,29.06,420.1
2026-09-08 18:51:20.152326,Sitapura Industrial,63.0,11.25,19.12,416.3
2026-09-08 19:51:20.152326,Sitapura Industrial,63.3,13.75,24.92,447.4
2026-09-08 20:51:20.152326,Sitapura Industrial,58.4,16.21,27.46,439.3
2026-09-08 21:51:20.152326,Sitapura Industrial,63.5,17.2,31.43,431.8
2026-09-08 22:51:20.152326,Sitapura Industrial,57.4,11.73,23.22,443.6
2026-09-08 23:51:20.152326,Sitapura Industrial,53.3,10.41,22.85,402.6
2026-09-09 00:51:20.152326,Sitapura Industrial,42.0,13.34,22.0,416.7
2026-09-09 01:51:20.152326,Sitapura Industrial,48.1,8.93,13.77,442.9
2026-09-09 02:51:20.152326,Sitapura Industrial,46.6,10.39,18.25,429.2
2026-09-09 03:51:20.152326,Sitapura Industrial,53.1,13.2,23.48,424.5
2026-09-09 04:51:20.152326,Sitapura Industrial,43.9,10.56,24.14,416.5
2026-09-09 05:51:20.152326,Sitapura Industrial,58.6,14.38,24.92,434.9
2026-09-09 06:51:20.152326,Sitapura Industrial,36.9,8.66,21.14,415.1
2026-09-09 07:51:20.152326,Sitapura Industrial,67.0,15.87,30.49,422.2
2026-09-09 08:51:20.152326,Sitapura Industrial,65.6,19.12,36.23,415.6
2026-09-09 09:51:20.152326,Sitapura Industrial,71.9,18.12,33.05,427.9
2026-09-09 10:51:20.152326,Sitapura Industrial,59.5,15.64,25.98,417.5
2026-09-09 11:51:20.152326,Sitapura Industrial,60.2,15.13,28.65,445.5
2026-09-09 12:51:20.152326,Sitapura Industrial,61.7,15.68,27.56,422.7
2026-09-09 13:51:20.152326,Sitapura Industrial,47.8,12.92,30.71,432.0
2026-09-09 14:51:20.152326,Sitapura Industrial,49.2,12.81,23.82,443.1
2026-09-09 15:51:20.152326,Sitapura Industrial,53.2,11.52,19.04,402.0
2026-09-09 16:51:20.152326,Sitapura Industrial,65.3,13.76,26.49,441.4
2026-09-09 17:51:20.152326,Sitapura Industrial,70.2,19.39,36.81,438.4
2026-09-09 18:51:20.152326,Sitapura Industrial,84.4,21.56,38.99,419.8
2026-09-09 19:51:20.152326,Sitapura Industrial,57.5,12.94,29.23,415.5
2026-09-09 20:51:20.152326,Sitapura Industrial,67.5,12.91,21.82,438.7
2026-09-09 21:51:20.152326,Sitapura Industrial,61.0,13.55,30.21,424.7
2026-09-09 22:51:20.152326,Sitapura Industrial,47.3,12.41,21.54,432.0
2026-09-09 23:51:20.152326,Sitapura Industrial,58.1,12.19,17.14,429.6
2026-09-10 00:51:20.152326,Sitapura Industrial,57.1,16.15,30.6,451.1
2026-09-10 01:51:20.152326,Sitapura Industrial,64.2,12.42,26.31,409.9
2026-09-10 02:51:20.152326,Sitapura Industrial,50.6,13.65,30.49,415.4
2026-09-10 03:51:20.152326,Sitapura Industrial,58.4,13.21,25.61,439.2
2026-09-10 04:51:20.152326,Sitapura Industrial,59.0,13.54,27.23,424.6
2026-09-10 05:51:20.152326,Sitapura Industrial,45.8,14.6,29.88,420.5
2026-09-10 06:51:20.152326,Sitapura Industrial,47.2,9.32,21.07,423.1
2026-09-10 07:51:20.152326,Sitapura Industrial,76.8,18.84,37.2,424.6
2026-09-10 08:51:20.152326,Sitapura Industrial,71.4,16.27,28.08,430.9
2026-09-10 09:51:20.152326,Sitapura Industrial,71.7,16.19,34.27,424.5
2026-09-10 10:51:20.152326,Sitapura Industrial,62.1,13.61,24.52,456.7
2026-09-10 11:51:20.152326,Sitapura Industrial,61.0,14.79,23.67,416.7
2026-09-10 12:51:20.152326,Sitapura Industrial,50.6,11.81,19.32,415.0
2026-09-10 13:51:20.152326,Sitapura Industrial,56.1,17.47,34.55,427.8
2026-09-10 14:51:20.152326,Sitapura Industrial,55.1,12.02,19.12,435.5
2026-09-10 15:51:20.152326,Sitapura Industrial,70.4,17.92,28.75,443.5
2026-09-10 16:51:20.152326,Sitapura Industrial,39.8,11.5,21.48,418.5
2026-09-10 17:51:20.152326,Sitapura Industrial,61.9,13.52,20.02,439.3
2026-09-10 18:51:20.152326,Sitapura Industrial,68.2,15.19,31.45,446.8
2026-09-10 19:51:20.152326,Sitapura Industrial,76.2,17.63,32.42,427.4
2026-09-10 20:51:20.152326,Sitapura Industrial,65.3,16.31,29.24,414.2
2026-09-10 21:51:20.152326,Sitapura Industrial,42.2,13.43,25.64,419.7
2026-09-10 22:51:20.152326,Sitapura Industrial,60.0,14.96,28.85,449.3
2026-09-10 23:51:20.152326,Sitapura Industrial,59.8,16.66,29.21,426.3
2026-09-11 00:51:20.152326,Sitapura Industrial,52.4,12.21,19.78,417.6
2026-09-11 01:51:20.152326,Sitapura Industrial,62.8,17.0,28.94,424.5
2026-09-11 02:51:20.152326,Sitapura Industrial,39.5,5.18,7.42,419.3
2026-09-11 03:51:20.152326,Sitapura Industrial,54.4,16.95,33.48,448.9
2026-09-11 04:51:20.152326,Sitapura Industrial,59.4,16.54,30.63,417.2
2026-09-11 05:51:20.152326,Sitapura Industrial,53.7,13.41,21.22,410.0
2026-09-11 06:51:20.152326,Sitapura Industrial,49.9,13.13,27.7,432.0
2026-09-11 07:51:20.152326,Sitapura Industrial,63.7,13.5,27.05,425.4
2026-09-11 08:51:20.152326,Sitapura Industrial,69.0,13.82,23.4,417.0
2026-09-11 09:51:20.152326,Sitapura Industrial,63.9,17.72,32.21,417.2
2026-09-11 10:51:20.152326,Sitapura Industrial,56.6,12.59,26.58,429.7
2026-09-11 11:51:20.152326,Sitapura Industrial,42.3,10.25,21.13,422.5
2026-09-11 12:51:20.152326,Sitapura Industrial,55.2,11.89,25.35,396.1
2026-09-11 13:51:20.152326,Sitapura Industrial,47.3,12.93,22.62,419.9
2026-09-11 14:51:20.152326,Sitapura Industrial,62.0,14.87,29.08,456.5
2026-09-11 15:51:20.152326,Sitapura Industrial,59.3,11.15,19.54,430.3
2026-09-11 16:51:20.152326,Sitapura Industrial,46.1,10.5,21.93,429.6
2026-09-11 17:51:20.152326,Sitapura Industrial,77.3,20.11,32.73,433.3
2026-09-11 18:51:20.152326,Sitapura Industrial,65.0,16.47,31.8,435.7
2026-09-11 19:51:20.152326,Sitapura Industrial,73.9,16.17,32.29,444.8
2026-09-11 20:51:20.152326,Sitapura Industrial,50.5,13.69,24.95,399.4
2026-09-11 21:51:20.152326,Sitapura Industrial,57.2,17.65,30.52,399.7
2026-09-11 22:51:20.152326,Sitapura Industrial,54.9,11.5,20.16,431.6
2026-09-11 23:51:20.152326,Sitapura Industrial,59.4,13.49,21.96,405.0
2026-09-12 00:51:20.152326,Sitapura Industrial,57.4,13.07,28.22,402.1
2026-09-12 01:51:20.152326,Sitapura Industrial,59.9,12.46,22.2,453.0
2026-09-12 02:51:20.152326,Sitapura Industrial,55.7,14.48,29.51,452.5
2026-09-12 03:51:20.152326,Sitapura Industrial,70.4,15.53,25.77,430.5
2026-09-12 04:51:20.152326,Sitapura Industrial,55.4,14.03,22.16,422.6
2026-09-12 05:51:20.152326,Sitapura Industrial,65.0,17.84,25.29,447.0
2026-09-12 06:51:20.152326,Sitapura Industrial,61.1,17.58,31.27,429.7
2026-09-12 07:51:20.152326,Sitapura Industrial,70.4,17.77,27.41,431.1
2026-09-12 08:51:20.152326,Sitapura Industrial,67.6,12.48,20.38,445.0
2026-09-12 09:51:20.152326,Sitapura Industrial,76.3,19.58,36.2,465.6
2026-09-12 10:51:20.152326,Sitapura Industrial,57.3,14.28,20.91,441.6
2026-09-12 11:51:20.152326,Sitapura Industrial,51.2,10.83,19.23,442.9
2026-09-12 12:51:20.152326,Sitapura Industrial,46.9,15.14,28.98,416.3
2026-09-12 13:51:20.152326,Sitapura Industrial,50.7,11.1,21.07,434.6
2026-09-12 14:51:20.152326,Sitapura Industrial,49.3,10.96,18.17,428.3
2026-09-12 15:51:20.152326,Sitapura Industrial,51.5,11.83,26.45,412.6
2026-09-12 16:51:20.152326,Sitapura Industrial,50.7,9.22,19.19,409.1
2026-09-12 17:51:20.152326,Sitapura Industrial,62.2,15.54,26.67,439.7
2026-09-12 18:51:20.152326,Sitapura Industrial,56.1,13.84,29.52,438.7
2026-09-12 19:51:20.152326,Sitapura Industrial,66.8,17.52,34.63,448.4
2026-09-12 20:51:20.152326,Sitapura Industrial,56.0,12.11,19.5,416.2
2026-09-12 21:51:20.152326,Sitapura Industrial,46.9,9.2,20.07,425.4
2026-09-12 22:51:20.152326,Sitapura Industrial,53.1,12.11,24.13,392.5
2026-09-12 23:51:20.152326,Sitapura Industrial,48.4,13.16,28.61,408.4
2026-09-13 00:51:20.152326,Sitapura Industrial,60.3,15.63,24.03,427.6
2026-09-13 01:51:20.152326,Sitapura Industrial,61.0,12.56,27.51,423.5
2026-09-13 02:51:20.152326,Sitapura Industrial,49.0,6.95,8.31,415.7
2026-09-13 03:51:20.152326,Sitapura Industrial,60.3,16.14,27.74,425.2
2026-09-13 04:51:20.152326,Sitapura Industrial,51.1,9.32,16.98,438.4
2026-09-13 05:51:20.152326,Sitapura Industrial,48.9,13.37,18.94,436.5
2026-09-13 06:51:20.152326,Sitapura Industrial,47.0,13.08,27.08,414.5
2026-09-13 07:51:20.152326,Sitapura Industrial,74.7,17.93,32.61,446.8
2026-09-13 08:51:20.152326,Sitapura Industrial,65.3,14.84,28.45,436.4
2026-09-13 09:51:20.152326,Sitapura Industrial,80.6,20.24,41.36,465.1
2026-09-13 10:51:20.152326,Sitapura Industrial,55.5,15.8,32.65,422.5
2026-09-13 11:51:20.152326,Sitapura Industrial,54.1,13.0,23.98,407.9
2026-09-13 12:51:20.152326,Sitapura Industrial,48.3,14.41,28.11,422.3
2026-09-13 13:51:20.152326,Sitapura Industrial,53.2,12.76,20.15,429.2
2026-09-13 14:51:20.152326,Sitapura Industrial,44.0,9.42,17.29,420.8
2026-09-13 15:51:20.152326,Sitapura Industrial,62.3,16.71,30.55,433.7
2026-09-13 16:51:20.152326,Sitapura Industrial,52.2,13.62,31.25,391.5
2026-09-13 17:51:20.152326,Sitapura Industrial,63.9,15.94,28.61,454.6
2026-09-13 18:51:20.152326,Sitapura Industrial,76.3,19.37,42.41,432.7
2026-09-13 19:51:20.152326,Sitapura Industrial,67.8,17.03,31.65,462.2
2026-09-13 20:51:20.152326,Sitapura Industrial,50.6,11.12,23.6,424.0
2026-09-13 21:51:20.152326,Sitapura Industrial,60.5,16.75,29.22,430.0
2026-09-13 22:51:20.152326,Sitapura Industrial,55.9,9.16,18.29,422.0
2026-09-13 23:51:20.152326,Sitapura Industrial,47.1,9.55,17.84,429.4
2026-09-14 00:51:20.152326,Sitapura Industrial,52.1,7.93,10.87,432.8
2026-09-14 01:51:20.152326,Sitapura Industrial,49.8,14.65,27.48,380.0
2026-09-14 02:51:20.152326,Sitapura Industrial,66.4,16.54,32.28,401.7
2026-09-14 03:51:20.152326,Sitapura Industrial,51.9,10.23,16.72,423.8
2026-09-14 04:51:20.152326,Sitapura Industrial,48.5,13.23,27.43,433.4
2026-09-14 05:51:20.152326,Sitapura Industrial,43.8,8.36,19.82,425.4
2026-09-14 06:51:20.152326,Sitapura Industrial,52.4,10.2,16.23,427.9
2026-09-14 07:51:20.152326,Sitapura Industrial,83.0,21.04,39.16,434.8
2026-09-14 08:51:20.152326,Sitapura Industrial,80.3,15.72,29.61,422.2
2026-09-14 09:51:20.152326,Sitapura Industrial,73.4,19.42,31.85,429.2
2026-09-14 10:51:20.152326,Sitapura Industrial,40.0,13.61,28.93,415.4
2026-09-14 11:51:20.152326,Sitapura Industrial,55.0,12.12,24.81,421.3
2026-09-14 12:51:20.152326,Sitapura Industrial,52.3,12.8,25.26,430.8
2026-09-14 13:51:20.152326,Sitapura Industrial,57.2,12.69,23.49,444.5
2026-09-14 14:51:20.152326,Sitapura Industrial,49.6,13.6,25.57,431.7
2026-09-14 15:51:20.152326,Sitapura Industrial,47.7,13.84,24.55,441.0
2026-09-14 16:51:20.152326,Sitapura Industrial,59.6,14.46,24.34,448.6
2026-09-14 17:51:20.152326,Sitapura Industrial,58.1,18.32,28.99,453.1
2026-09-14 18:51:20.152326,Sitapura Industrial,47.6,10.78,24.36,416.3
2026-09-14 19:51:20.152326,Sitapura Industrial,70.9,15.74,31.62,445.2
2026-09-14 20:51:20.152326,Sitapura Industrial,43.7,12.3,25.77,397.2
2026-09-14 21:51:20.152326,Sitapura Industrial,65.2,15.6,31.33,414.1
2026-09-14 22:51:20.152326,Sitapura Industrial,48.7,10.88,25.44,411.8
2026-09-14 23:51:20.152326,Sitapura Industrial,56.0,11.39,22.16,414.0
2026-09-15 00:51:20.152326,Sitapura Industrial,52.3,11.23,21.58,432.8
2026-09-15 01:51:20.152326,Sitapura Industrial,54.7,12.47,20.87,416.1
2026-09-15 02:51:20.152326,Sitapura Industrial,58.6,16.26,31.42,417.1
2026-09-15 03:51:20.152326,Sitapura Industrial,51.6,13.7,23.01,441.5
2026-09-15 04:51:20.152326,Sitapura Industrial,50.7,12.73,23.81,411.6
2026-09-15 05:51:20.152326,Sitapura Industrial,55.8,15.36,34.18,436.1
2026-09-15 06:51:20.152326,Sitapura Industrial,40.3,7.08,17.84,428.0
2026-09-15 07:51:20.152326,Sitapura Industrial,79.0,17.01,31.29,455.2
2026-09-15 08:51:20.152326,Sitapura Industrial,55.9,12.52,28.48,389.6
2026-09-15 09:51:20.152326,Sitapura Industrial,62.2,15.66,24.07,424.0
2026-09-15 10:51:20.152326,Sitapura Industrial,52.9,11.76,21.13,412.2
2026-09-15 11:51:20.152326,Sitapura Industrial,43.3,6.45,12.46,401.4
2026-09-15 12:51:20.152326,Sitapura Industrial,53.4,10.53,22.28,413.7
2026-09-15 13:51:20.152326,Sitapura Industrial,63.8,17.67,39.39,428.8
2026-09-15 14:51:20.152326,Sitapura Industrial,51.0,11.49,25.73,410.8
2026-09-15 15:51:20.152326,Sitapura Industrial,49.7,13.06,22.84,419.3
2026-09-15 16:51:20.152326,Sitapura Industrial,57.2,16.17,25.74,432.6
2026-09-15 17:51:20.152326,Sitapura Industrial,81.5,23.41,40.15,420.3
2026-09-15 18:51:20.152326,Sitapura Industrial,62.5,16.59,30.94,414.0
2026-09-15 19:51:20.152326,Sitapura Industrial,80.1,23.11,47.0,426.1
2026-09-15 20:51:20.152326,Sitapura Industrial,46.0,7.4,12.72,414.6
2026-09-15 21:51:20.152326,Sitapura Industrial,59.7,14.62,27.39,405.4
2026-09-15 22:51:20.152326,Sitapura Industrial,55.3,14.34,26.76,414.3
2026-09-15 23:51:20.152326,Sitapura Industrial,35.0,10.01,17.59,408.2
2026-09-16 00:51:20.152326,Sitapura Industrial,49.7,8.14,18.72,397.1
2026-09-16 01:51:20.152326,Sitapura Industrial,57.3,13.22,26.98,435.4
2026-09-16 02:51:20.152326,Sitapura Industrial,56.4,17.04,34.43,442.8
2026-09-16 03:51:20.152326,Sitapura Industrial,40.4,11.81,18.67,426.0
2026-09-16 04:51:20.152326,Sitapura Industrial,57.0,14.92,22.61,432.4
2026-09-16 05:51:20.152326,Sitapura Industrial,48.1,11.44,19.61,408.1
2026-09-16 06:51:20.152326,Sitapura Industrial,57.1,14.13,23.2,410.7
2026-09-16 07:51:20.152326,Sitapura Industrial,66.1,15.74,30.68,417.9
2026-09-16 08:51:20.152326,Sitapura Industrial,76.8,20.72,35.99,426.4
2026-09-16 09:51:20.152326,Sitapura Industrial,76.7,18.61,36.14,433.9
2026-09-16 10:51:20.152326,Sitapura Industrial,51.2,10.45,25.9,424.2
2026-09-16 11:51:20.152326,Sitapura Industrial,51.0,9.12,15.12,434.6
2026-09-16 12:51:20.152326,Sitapura Industrial,55.5,12.33,24.99,423.9
2026-09-16 13:51:20.152326,Sitapura Industrial,69.9,16.92,30.75,453.3
2026-09-16 14:51:20.152326,Sitapura Industrial,58.3,12.3,16.66,440.6
2026-09-16 15:51:20.152326,Sitapura Industrial,50.2,12.82,26.25,427.1
2026-09-16 16:51:20.152326,Sitapura Industrial,60.6,18.3,32.89,395.1
2026-09-16 17:51:20.152326,Sitapura Industrial,69.2,16.14,29.46,398.1
2026-09-16 18:51:20.152326,Sitapura Industrial,64.9,17.39,32.99,434.3
2026-09-16 19:51:20.152326,Sitapura Industrial,77.6,17.44,33.98,440.7
2026-09-16 20:51:20.152326,Sitapura Industrial,58.4,15.74,31.88,407.5
2026-09-16 21:51:20.152326,Sitapura Industrial,52.1,11.4,22.77,419.4
2026-09-16 22:51:20.152326,Sitapura Industrial,58.1,16.61,31.46,445.9
2026-09-16 23:51:20.152326,Sitapura Industrial,46.1,7.97,9.64,419.8
2026-09-17 00:51:20.152326,Sitapura Industrial,45.0,9.64,20.16,393.9
2026-09-17 01:51:20.152326,Sitapura Industrial,35.7,13.2,29.61,445.5
2026-09-17 02:51:20.152326,Sitapura Industrial,62.0,16.11,30.77,404.1
2026-09-17 03:51:20.152326,Sitapura Industrial,64.1,17.94,37.24,448.8
2026-09-17 04:51:20.152326,Sitapura Industrial,51.2,13.07,22.33,406.8
2026-09-17 05:51:20.152326,Sitapura Industrial,44.6,9.46,15.63,436.4
2026-09-17 06:51:20.152326,Sitapura Industrial,43.8,8.17,19.72,413.2
2026-09-17 07:51:20.152326,Sitapura Industrial,76.3,17.14,33.48,438.8
2026-09-17 08:51:20.152326,Sitapura Industrial,86.0,17.98,33.38,433.8
2026-09-17 09:51:20.152326,Sitapura Industrial,69.0,19.41,36.19,399.1
2026-09-17 10:51:20.152326,Sitapura Industrial,66.3,12.16,27.53,431.3
2026-09-17 11:51:20.152326,Sitapura Industrial,54.2,13.43,24.56,437.3
2026-09-17 12:51:20.152326,Sitapura Industrial,46.8,11.83,25.32,449.0
2026-09-17 13:51:20.152326,Sitapura Industrial,53.9,11.89,22.88,394.2
2026-09-17 14:51:20.152326,Sitapura Industrial,63.1,12.22,23.6,474.9
2026-09-17 15:51:20.152326,Sitapura Industrial,52.0,12.6,22.37,391.1
2026-09-17 16:51:20.152326,Sitapura Industrial,45.7,9.22,16.94,433.2
2026-09-17 17:51:20.152326,Sitapura Industrial,73.7,21.62,36.55,432.9
2026-09-17 18:51:20.152326,Sitapura Industrial,72.8,15.98,28.27,445.7
2026-09-17 19:51:20.152326,Sitapura Industrial,53.0,13.36,22.94,429.8
2026-09-17 20:51:20.152326,Sitapura Industrial,47.4,9.85,21.49,437.4
2026-09-17 21:51:20.152326,Sitapura Industrial,55.0,14.28,28.7,431.4
2026-09-17 22:51:20.152326,Sitapura Industrial,46.2,12.87,27.47,426.0
2026-09-17 23:51:20.152326,Sitapura Industrial,41.7,9.17,16.07,431.9
2026-09-18 00:51:20.152326,Sitapura Industrial,49.1,12.95,27.18,400.0
2026-09-18 01:51:20.152326,Sitapura Industrial,57.9,7.75,12.92,412.9
2026-09-18 02:51:20.152326,Sitapura Industrial,44.1,7.78,10.86,439.5
2026-09-18 03:51:20.152326,Sitapura Industrial,52.4,12.32,28.53,423.5
2026-09-18 04:51:20.152326,Sitapura Industrial,47.9,11.11,20.55,429.7
2026-09-18 05:51:20.152326,Sitapura Industrial,46.7,8.82,15.27,419.4
2026-09-18 06:51:20.152326,Sitapura Industrial,57.1,13.38,21.38,435.6
2026-09-18 07:51:20.152326,Sitapura Industrial,69.0,15.2,24.07,441.4
2026-09-18 08:51:20.152326,Sitapura Industrial,61.4,17.54,31.28,440.7
2026-09-18 09:51:20.152326,Sitapura Industrial,64.6,14.21,29.03,463.8
2026-09-18 10:51:20.152326,Sitapura Industrial,58.7,13.05,25.21,437.7
2026-09-18 11:51:20.152326,Sitapura Industrial,48.3,9.55,16.48,440.6
2026-09-18 12:51:20.152326,Sitapura Industrial,54.5,14.83,27.97,428.0
2026-09-18 13:51:20.152326,Sitapura Industrial,47.6,11.81,23.76,409.5
2026-09-18 14:51:20.152326,Sitapura Industrial,53.3,12.07,19.37,421.5
2026-09-18 15:51:20.152326,Sitapura Industrial,63.0,13.15,22.72,452.0
2026-09-18 16:51:20.152326,Sitapura Industrial,68.2,18.55,28.71,426.0
2026-09-18 17:51:20.152326,Sitapura Industrial,71.2,17.94,29.95,428.6
2026-09-18 18:51:20.152326,Sitapura Industrial,62.4,13.76,25.14,430.6
2026-09-18 19:51:20.152326,Sitapura Industrial,72.8,19.56,35.55,441.1
2026-09-18 20:51:20.152326,Sitapura Industrial,50.3,10.79,23.22,440.8
2026-09-18 21:51:20.152326,Sitapura Industrial,52.8,11.39,17.54,407.7
2026-09-18 22:51:20.152326,Sitapura Industrial,44.1,8.86,19.92,429.7
2026-09-18 23:51:20.152326,Sitapura Industrial,51.1,10.0,13.44,412.6
2026-09-19 00:51:20.152326,Sitapura Industrial,35.2,6.03,10.57,422.6
2026-09-19 01:51:20.152326,Sitapura Industrial,46.4,10.48,17.96,429.0
2026-09-19 02:51:20.152326,Sitapura Industrial,60.9,15.9,30.51,432.6
2026-09-19 03:51:20.152326,Sitapura Industrial,63.2,16.7,33.67,447.3
2026-09-19 04:51:20.152326,Sitapura Industrial,37.6,10.01,19.62,407.6
2026-09-19 05:51:20.152326,Sitapura Industrial,49.3,10.04,22.53,426.8
2026-09-19 06:51:20.152326,Sitapura Industrial,41.6,13.44,31.65,432.3
2026-09-19 07:51:20.152326,Sitapura Industrial,75.1,20.94,37.25,414.4
2026-09-19 08:51:20.152326,Sitapura Industrial,67.8,14.86,31.36,427.7
2026-09-19 09:51:20.152326,Sitapura Industrial,77.1,16.87,34.22,438.0
2026-09-19 10:51:20.152326,Sitapura Industrial,58.7,10.77,19.32,431.6
2026-09-19 11:51:20.152326,Sitapura Industrial,47.6,9.88,12.39,431.0
2026-09-19 12:51:20.152326,Sitapura Industrial,52.7,14.82,31.66,422.0
2026-09-19 13:51:20.152326,Sitapura Industrial,47.0,10.35,16.92,417.7
2026-09-19 14:51:20.152326,Sitapura Industrial,46.2,13.74,26.27,437.7
2026-09-19 15:51:20.152326,Sitapura Industrial,63.1,13.56,26.17,427.9
2026-09-19 16:51:20.152326,Sitapura Industrial,63.4,18.17,32.18,435.1
2026-09-19 17:51:20.152326,Sitapura Industrial,74.5,15.32,28.53,437.9
2026-09-19 18:51:20.152326,Sitapura Industrial,64.3,15.54,30.4,402.7
2026-09-19 19:51:20.152326,Sitapura Industrial,68.5,18.27,35.72,434.1
2026-09-19 20:51:20.152326,Sitapura Industrial,50.4,12.42,27.61,454.1
2026-09-19 21:51:20.152326,Sitapura Industrial,55.5,13.13,24.2,428.3
2026-09-19 22:51:20.152326,Sitapura Industrial,48.6,16.28,28.87,439.6
2026-09-19 23:51:20.152326,Sitapura Industrial,64.8,14.24,24.34,416.9
2026-09-20 00:51:20.152326,Sitapura Industrial,56.2,7.27,12.72,437.0
2026-09-20 01:51:20.152326,Sitapura Industrial,60.6,13.75,31.4,408.7
2026-09-20 02:51:20.152326,Sitapura Industrial,46.8,10.66,21.93,424.3
2026-09-20 03:51:20.152326,Sitapura Industrial,59.1,15.78,26.15,430.4
2026-09-20 04:51:20.152326,Sitapura Industrial,56.0,13.89,19.77,418.0
2026-09-20 05:51:20.152326,Sitapura Industrial,57.6,13.75,26.56,426.9
2026-09-20 06:51:20.152326,Sitapura Industrial,51.2,12.6,21.96,434.8
2026-09-20 07:51:20.152326,Sitapura Industrial,73.1,16.16,33.38,408.5
2026-09-20 08:51:20.152326,Sitapura Industrial,64.2,11.13,23.34,442.4
2026-09-20 09:51:20.152326,Sitapura Industrial,70.1,12.91,22.49,430.9
2026-09-20 10:51:20.152326,Sitapura Industrial,58.3,13.02,26.32,437.9
2026-09-20 11:51:20.152326,Sitapura Industrial,55.0,15.53,25.59,413.9
2026-09-20 12:51:20.152326,Sitapura Industrial,51.9,14.22,25.79,430.5
2026-09-20 13:51:20.152326,Sitapura Industrial,58.7,14.44,29.26,408.6
2026-09-20 14:51:20.152326,Sitapura Industrial,68.7,17.97,34.9,401.4
2026-09-20 15:51:20.152326,Sitapura Industrial,64.7,18.82,37.85,435.7
2026-09-20 16:51:20.152326,Sitapura Industrial,53.5,14.27,27.27,409.9
2026-09-20 17:51:20.152326,Sitapura Industrial,52.6,16.06,32.25,420.2
2026-09-20 18:51:20.152326,Sitapura Industrial,69.1,18.64,33.42,406.6
2026-09-20 19:51:20.152326,Sitapura Industrial,63.3,14.85,31.44,441.0
2026-09-20 20:51:20.152326,Sitapura Industrial,60.2,13.33,18.38,447.9
2026-09-20 21:51:20.152326,Sitapura Industrial,50.1,11.18,21.47,430.7
2026-09-20 22:51:20.152326,Sitapura Industrial,61.8,15.81,30.19,432.5
2026-09-20 23:51:20.152326,Sitapura Industrial,53.1,9.48,17.54,436.1
2026-09-21 00:51:20.152326,Sitapura Industrial,58.0,12.84,23.92,450.7
2026-09-21 01:51:20.152326,Sitapura Industrial,47.7,13.37,21.42,424.0
2026-09-21 02:51:20.152326,Sitapura Industrial,53.6,10.32,16.96,424.8
2026-09-21 03:51:20.152326,Sitapura Industrial,42.4,8.11,15.79,404.1
2026-09-21 04:51:20.152326,Sitapura Industrial,58.9,16.35,32.21,430.7
2026-09-21 05:51:20.152326,Sitapura Industrial,42.0,13.15,27.33,421.9
2026-09-21 06:51:20.152326,Sitapura Industrial,35.1,4.7,9.73,418.0
2026-09-21 07:51:20.152326,Sitapura Industrial,58.2,13.25,22.05,427.8
2026-09-21 08:51:20.152326,Sitapura Industrial,103.2,26.13,50.83,462.6
2026-09-21 09:51:20.152326,Sitapura Industrial,62.8,14.33,23.09,420.7
2026-09-21 10:51:20.152326,Sitapura Industrial,49.0,12.58,24.4,441.0
2026-09-21 11:51:20.152326,Sitapura Industrial,56.0,13.06,25.22,433.6
2026-09-21 12:51:20.152326,Sitapura Industrial,57.9,10.97,13.93,386.1
2026-09-21 13:51:20.152326,Sitapura Industrial,52.3,13.56,23.18,395.1
2026-09-21 14:51:20.152326,Sitapura Industrial,56.9,14.16,27.94,450.9
2026-09-21 15:51:20.152326,Sitapura Industrial,47.6,13.69,21.8,422.6
2026-09-21 16:51:20.152326,Sitapura Industrial,49.7,17.49,31.94,417.1
2026-09-21 17:51:20.152326,Sitapura Industrial,50.0,14.14,23.1,421.3
2026-09-21 18:51:20.152326,Sitapura Industrial,61.6,13.68,26.99,425.8
2026-09-21 19:51:20.152326,Sitapura Industrial,72.6,14.81,27.77,456.3
2026-09-21 20:51:20.152326,Sitapura Industrial,50.1,14.2,23.25,420.9
2026-09-21 21:51:20.152326,Sitapura Industrial,48.1,11.89,24.94,424.8
2026-09-21 22:51:20.152326,Sitapura Industrial,43.6,10.61,20.69,402.3
2026-09-21 23:51:20.152326,Sitapura Industrial,61.1,19.28,36.7,431.3
2026-09-22 00:51:20.152326,Sitapura Industrial,57.5,14.45,28.98,427.8
2026-09-22 01:51:20.152326,Sitapura Industrial,43.3,8.89,15.15,416.3
2026-09-22 02:51:20.152326,Sitapura Industrial,62.8,16.34,34.72,410.9
2026-09-22 03:51:20.152326,Sitapura Industrial,63.0,14.82,26.13,446.7
2026-09-22 04:51:20.152326,Sitapura Industrial,48.4,11.55,16.36,426.8
2026-09-22 05:51:20.152326,Sitapura Industrial,46.1,10.37,15.34,416.5
2026-09-22 06:51:20.152326,Sitapura Industrial,53.8,10.25,23.35,416.2
2026-09-22 07:51:20.152326,Sitapura Industrial,71.0,16.81,30.33,448.8
2026-09-22 08:51:20.152326,Sitapura Industrial,61.7,13.91,29.3,449.1
2026-09-22 09:51:20.152326,Sitapura Industrial,68.5,19.1,39.2,429.4
2026-09-22 10:51:20.152326,Sitapura Industrial,49.4,11.02,17.62,390.5
2026-09-22 11:51:20.152326,Sitapura Industrial,37.1,8.03,14.98,427.4
2026-09-22 12:51:20.152326,Sitapura Industrial,47.0,12.36,20.66,428.7
2026-09-22 13:51:20.152326,Sitapura Industrial,45.0,12.43,24.52,417.9
2026-09-22 14:51:20.152326,Sitapura Industrial,69.6,16.63,30.62,426.6
2026-09-22 15:51:20.152326,Sitapura Industrial,60.8,11.94,18.11,425.9
2026-09-22 16:51:20.152326,Sitapura Industrial,66.0,10.85,20.88,437.6
2026-09-22 17:51:20.152326,Sitapura Industrial,70.1,13.64,29.91,436.5
2026-09-22 18:51:20.152326,Sitapura Industrial,62.6,14.93,32.03,437.3
2026-09-22 19:51:20.152326,Sitapura Industrial,77.0,18.23,32.73,452.4
2026-09-22 20:51:20.152326,Sitapura Industrial,72.3,16.07,31.35,432.3
2026-09-22 21:51:20.152326,Sitapura Industrial,50.8,11.09,21.75,415.5
2026-09-22 22:51:20.152326,Sitapura Industrial,54.2,12.05,23.02,437.7
2026-09-22 23:51:20.152326,Sitapura Industrial,49.2,11.31,14.17,451.7
2026-09-23 00:51:20.152326,Sitapura Industrial,48.3,12.65,20.04,424.2
2026-09-23 01:51:20.152326,Sitapura Industrial,50.6,9.16,15.71,435.1
2026-09-23 02:51:20.152326,Sitapura Industrial,54.2,14.31,22.58,422.6
2026-09-23 03:51:20.152326,Sitapura Industrial,53.9,13.55,25.99,412.8
2026-09-23 04:51:20.152326,Sitapura Industrial,53.9,10.91,20.43,445.0
2026-09-23 05:51:20.152326,Sitapura Industrial,58.7,11.67,21.27,424.8
2026-09-23 06:51:20.152326,Sitapura Industrial,63.3,17.05,37.07,440.5
2026-09-23 07:51:20.152326,Sitapura Industrial,63.2,17.25,31.44,443.6
2026-09-23 08:51:20.152326,Sitapura Industrial,63.0,17.68,33.26,433.7
2026-09-23 09:51:20.152326,Sitapura Industrial,69.2,17.27,27.87,444.1
2026-09-23 10:51:20.152326,Sitapura Industrial,50.0,11.27,25.79,420.3
2026-09-23 11:51:20.152326,Sitapura Industrial,59.2,14.21,24.63,440.3
2026-09-23 12:51:20.152326,Sitapura Industrial,47.0,10.75,20.85,393.7
2026-09-23 13:51:20.152326,Sitapura Industrial,54.2,15.53,24.81,423.1
2026-09-23 14:51:20.152326,Sitapura Industrial,55.7,8.7,14.2,439.2
2026-09-23 15:51:20.152326,Sitapura Industrial,52.3,14.71,27.76,419.5
2026-09-23 16:51:20.152326,Sitapura Industrial,48.1,12.92,24.45,413.9
2026-09-23 17:51:20.152326,Sitapura Industrial,59.3,12.71,26.68,433.3
2026-09-23 18:51:20.152326,Sitapura Industrial,61.7,15.56,27.16,455.6
2026-09-23 19:51:20.152326,Sitapura Industrial,66.6,18.34,33.41,426.4
2026-09-23 20:51:20.152326,Sitapura Industrial,57.9,12.1,17.37,439.5
2026-09-23 21:51:20.152326,Sitapura Industrial,62.1,11.68,27.14,442.4
2026-09-23 22:51:20.152326,Sitapura Industrial,60.0,15.27,27.71,452.8
2026-09-23 23:51:20.152326,Sitapura Industrial,51.3,15.77,26.8,444.0
2026-09-24 00:51:20.152326,Sitapura Industrial,44.4,6.57,13.17,432.8
2026-09-24 01:51:20.152326,Sitapura Industrial,40.6,8.26,21.53,432.5
2026-09-24 02:51:20.152326,Sitapura Industrial,50.5,14.41,24.37,424.0
2026-09-24 03:51:20.152326,Sitapura Industrial,53.3,10.69,19.45,424.8
2026-09-24 04:51:20.152326,Sitapura Industrial,53.5,10.68,22.67,447.1
2026-09-24 05:51:20.152326,Sitapura Industrial,52.0,12.51,27.75,415.4
2026-09-24 06:51:20.152326,Sitapura Industrial,55.0,14.45,29.37,450.8
2026-09-24 07:51:20.152326,Sitapura Industrial,72.3,20.18,38.63,453.9
2026-09-24 08:51:20.152326,Sitapura Industrial,73.1,20.17,38.74,452.3
2026-09-24 09:51:20.152326,Sitapura Industrial,63.8,13.07,23.4,428.2
2026-09-24 10:51:20.152326,Sitapura Industrial,54.2,12.58,26.31,420.0
2026-09-24 11:51:20.152326,Sitapura Industrial,60.0,15.05,29.72,436.9
2026-09-24 12:51:20.152326,Sitapura Industrial,50.4,8.98,14.51,429.9
2026-09-24 13:51:20.152326,Sitapura Industrial,48.3,11.81,22.52,432.6
2026-09-24 14:51:20.152326,Sitapura Industrial,55.9,11.41,21.7,417.9
2026-09-24 15:51:20.152326,Sitapura Industrial,39.2,6.73,9.57,417.8
2026-09-24 16:51:20.152326,Sitapura Industrial,45.1,13.17,21.56,441.5
2026-09-24 17:51:20.152326,Sitapura Industrial,62.3,11.54,21.47,448.5
2026-09-24 18:51:20.152326,Sitapura Industrial,73.3,18.55,33.4,453.7
2026-09-24 19:51:20.152326,Sitapura Industrial,58.3,15.5,29.52,425.5
2026-09-24 20:51:20.152326,Sitapura Industrial,45.8,10.29,21.2,434.5
2026-09-24 21:51:20.152326,Sitapura Industrial,53.2,13.07,27.61,420.5
