timestamp,zone,consumption_kwh,solar_generation_kwh,grid_load_pct
2026-06-26 22:51:20.152326,Mansarovar,449.74,1.45,53.4
2026-06-26 23:51:20.152326,Mansarovar,410.86,0.38,48.9
2026-06-27 00:51:20.152326,Mansarovar,391.55,0.0,46.6
2026-06-27 01:51:20.152326,Mansarovar,435.18,0.02,51.8
2026-06-27 02:51:20.152326,Mansarovar,430.18,0.07,51.2
2026-06-27 03:51:20.152326,Mansarovar,412.55,0.32,49.1
2026-06-27 04:51:20.152326,Mansarovar,482.02,1.05,57.3
2026-06-27 05:51:20.152326,Mansarovar,422.45,3.34,49.9
2026-06-27 06:51:20.152326,Mansarovar,376.54,9.43,43.7
2026-06-27 07:51:20.152326,Mansarovar,405.97,18.51,46.1
2026-06-27 08:51:20.152326,Mansarovar,907.07,32.1,104.2
2026-06-27 09:51:20.152326,Mansarovar,723.0,67.02,78.1
2026-06-27 10:51:20.152326,Mansarovar,861.23,108.56,89.6
2026-06-27 11:51:20.152326,Mansarovar,782.99,133.66,77.3
2026-06-27 12:51:20.152326,Mansarovar,818.81,174.78,76.7
2026-06-27 13:51:20.152326,Mansarovar,839.57,150.34,82.1
2026-06-27 14:51:20.152326,Mansarovar,759.07,186.07,68.2
2026-06-27 15:51:20.152326,Mansarovar,793.44,145.94,77.1
2026-06-27 16:51:20.152326,Mansarovar,868.18,108.1,90.5
2026-06-27 17:51:20.152326,Mansarovar,850.37,62.07,93.8
2026-06-27 18:51:20.152326,Mansarovar,734.16,34.07,83.3
2026-06-27 19:51:20.152326,Mansarovar,431.86,21.44,48.9
2026-06-27 20:51:20.152326,Mansarovar,421.95,7.41,49.3
2026-06-27 21:51:20.152326,Mansarovar,435.09,2.84,51.5
2026-06-27 22:51:20.152326,Mansarovar,437.68,1.16,52.0
2026-06-27 23:51:20.152326,Mansarovar,411.07,0.29,48.9
2026-06-28 00:51:20.152326,Mansarovar,381.47,0.0,45.4
2026-06-28 01:51:20.152326,Mansarovar,429.06,0.02,51.1
2026-06-28 02:51:20.152326,Mansarovar,452.92,0.09,53.9
2026-06-28 03:51:20.152326,Mansarovar,427.33,0.29,50.8
2026-06-28 04:51:20.152326,Mansarovar,416.68,1.04,49.5
2026-06-28 05:51:20.152326,Mansarovar,404.22,3.13,47.7
2026-06-28 06:51:20.152326,Mansarovar,420.54,9.15,49.0
2026-06-28 07:51:20.152326,Mansarovar,432.33,21.56,48.9
2026-06-28 08:51:20.152326,Mansarovar,893.13,40.05,101.6
2026-06-28 09:51:20.152326,Mansarovar,871.1,63.35,96.2
2026-06-28 10:51:20.152326,Mansarovar,884.01,88.24,94.7
2026-06-28 11:51:20.152326,Mansarovar,876.4,169.72,84.1
2026-06-28 12:51:20.152326,Mansarovar,890.75,203.44,81.8
2026-06-28 13:51:20.152326,Mansarovar,906.97,180.43,86.5
2026-06-28 14:51:20.152326,Mansarovar,884.57,139.02,88.8
2026-06-28 15:51:20.152326,Mansarovar,898.86,114.45,93.4
2026-06-28 16:51:20.152326,Mansarovar,870.7,113.77,90.1
2026-06-28 17:51:20.152326,Mansarovar,879.2,64.97,96.9
2026-06-28 18:51:20.152326,Mansarovar,880.89,31.69,101.1
2026-06-28 19:51:20.152326,Mansarovar,360.81,20.3,40.5
2026-06-28 20:51:20.152326,Mansarovar,435.61,6.96,51.0
2026-06-28 21:51:20.152326,Mansarovar,425.03,3.01,50.2
2026-06-28 22:51:20.152326,Mansarovar,421.53,1.13,50.0
2026-06-28 23:51:20.152326,Mansarovar,434.49,0.25,51.7
2026-06-29 00:51:20.152326,Mansarovar,408.56,0.0,48.6
2026-06-29 01:51:20.152326,Mansarovar,432.58,0.03,51.5
2026-06-29 02:51:20.152326,Mansarovar,439.28,0.13,52.3
2026-06-29 03:51:20.152326,Mansarovar,432.04,0.39,51.4
2026-06-29 04:51:20.152326,Mansarovar,461.11,1.44,54.7
2026-06-29 05:51:20.152326,Mansarovar,446.04,4.0,52.6
2026-06-29 06:51:20.152326,Mansarovar,433.37,9.78,50.4
2026-06-29 07:51:20.152326,Mansarovar,409.71,26.1,45.7
2026-06-29 08:51:20.152326,Mansarovar,860.66,50.64,96.4
2026-06-29 09:51:20.152326,Mansarovar,882.08,83.28,95.1
2026-06-29 10:51:20.152326,Mansarovar,870.8,159.39,84.7
2026-06-29 11:51:20.152326,Mansarovar,844.98,185.8,78.5
2026-06-29 12:51:20.152326,Mansarovar,885.67,226.9,78.4
2026-06-29 13:51:20.152326,Mansarovar,775.36,265.3,60.7
2026-06-29 14:51:20.152326,Mansarovar,759.09,252.08,60.4
2026-06-29 15:51:20.152326,Mansarovar,821.74,173.28,77.2
2026-06-29 16:51:20.152326,Mansarovar,875.16,125.77,89.2
2026-06-29 17:51:20.152326,Mansarovar,796.83,85.3,84.7
2026-06-29 18:51:20.152326,Mansarovar,837.73,52.55,93.5
2026-06-29 19:51:20.152326,Mansarovar,412.87,26.71,46.0
2026-06-29 20:51:20.152326,Mansarovar,410.48,9.89,47.7
2026-06-29 21:51:20.152326,Mansarovar,404.54,4.85,47.6
2026-06-29 22:51:20.152326,Mansarovar,424.22,1.48,50.3
2026-06-29 23:51:20.152326,Mansarovar,454.96,0.33,54.1
2026-06-30 00:51:20.152326,Mansarovar,448.97,0.01,53.4
2026-06-30 01:51:20.152326,Mansarovar,463.47,0.03,55.2
2026-06-30 02:51:20.152326,Mansarovar,380.08,0.09,45.2
2026-06-30 03:51:20.152326,Mansarovar,419.02,0.42,49.8
2026-06-30 04:51:20.152326,Mansarovar,423.76,1.13,50.3
2026-06-30 05:51:20.152326,Mansarovar,361.94,4.17,42.6
2026-06-30 06:51:20.152326,Mansarovar,402.84,11.67,46.6
2026-06-30 07:51:20.152326,Mansarovar,446.23,21.48,50.6
2026-06-30 08:51:20.152326,Mansarovar,917.32,46.0,103.7
2026-06-30 09:51:20.152326,Mansarovar,787.8,97.39,82.2
2026-06-30 10:51:20.152326,Mansarovar,814.19,148.71,79.2
2026-06-30 11:51:20.152326,Mansarovar,938.03,172.95,91.1
2026-06-30 12:51:20.152326,Mansarovar,873.37,222.06,77.5
2026-06-30 13:51:20.152326,Mansarovar,825.49,251.85,68.3
2026-06-30 14:51:20.152326,Mansarovar,843.61,240.47,71.8
2026-06-30 15:51:20.152326,Mansarovar,869.1,212.89,78.1
2026-06-30 16:51:20.152326,Mansarovar,946.04,131.17,97.0
2026-06-30 17:51:20.152326,Mansarovar,788.26,91.53,82.9
2026-06-30 18:51:20.152326,Mansarovar,897.78,46.81,101.3
2026-06-30 19:51:20.152326,Mansarovar,378.14,24.3,42.1
2026-06-30 20:51:20.152326,Mansarovar,459.39,12.8,53.2
2026-06-30 21:51:20.152326,Mansarovar,461.22,4.16,54.4
2026-06-30 22:51:20.152326,Mansarovar,406.65,1.59,48.2
2026-06-30 23:51:20.152326,Mansarovar,429.95,0.5,51.1
2026-07-01 00:51:20.152326,Mansarovar,438.23,0.01,52.2
2026-07-01 01:51:20.152326,Mansarovar,391.79,0.03,46.6
2026-07-01 02:51:20.152326,Mansarovar,416.82,0.12,49.6
2026-07-01 03:51:20.152326,Mansarovar,407.21,0.4,48.4
2026-07-01 04:51:20.152326,Mansarovar,392.87,1.27,46.6
2026-07-01 05:51:20.152326,Mansarovar,480.44,4.23,56.7
2026-07-01 06:51:20.152326,Mansarovar,454.11,12.55,52.6
2026-07-01 07:51:20.152326,Mansarovar,416.91,24.56,46.7
2026-07-01 08:51:20.152326,Mansarovar,892.21,49.59,100.3
2026-07-01 09:51:20.152326,Mansarovar,904.83,79.37,98.3
2026-07-01 10:51:20.152326,Mansarovar,833.49,114.45,85.6
2026-07-01 11:51:20.152326,Mansarovar,877.78,183.82,82.6
2026-07-01 12:51:20.152326,Mansarovar,899.43,220.11,80.9
2026-07-01 13:51:20.152326,Mansarovar,818.67,263.74,66.1
2026-07-01 14:51:20.152326,Mansarovar,795.0,221.43,68.3
2026-07-01 15:51:20.152326,Mansarovar,786.05,175.45,72.7
2026-07-01 16:51:20.152326,Mansarovar,797.87,137.52,78.6
2026-07-01 17:51:20.152326,Mansarovar,737.28,92.66,76.7
2026-07-01 18:51:20.152326,Mansarovar,771.01,56.97,85.0
2026-07-01 19:51:20.152326,Mansarovar,444.09,25.65,49.8
2026-07-01 20:51:20.152326,Mansarovar,411.61,9.27,47.9
2026-07-01 21:51:20.152326,Mansarovar,424.24,4.59,50.0
2026-07-01 22:51:20.152326,Mansarovar,406.76,1.14,48.3
2026-07-01 23:51:20.152326,Mansarovar,423.97,0.4,50.4
2026-07-02 00:51:20.152326,Mansarovar,432.96,0.01,51.5
2026-07-02 01:51:20.152326,Mansarovar,425.9,0.03,50.7
2026-07-02 02:51:20.152326,Mansarovar,419.92,0.11,50.0
2026-07-02 03:51:20.152326,Mansarovar,472.08,0.53,56.1
2026-07-02 04:51:20.152326,Mansarovar,427.07,1.45,50.7
2026-07-02 05:51:20.152326,Mansarovar,410.39,4.12,48.4
2026-07-02 06:51:20.152326,Mansarovar,418.56,11.89,48.4
2026-07-02 07:51:20.152326,Mansarovar,419.61,23.72,47.1
2026-07-02 08:51:20.152326,Mansarovar,849.5,52.08,94.9
2026-07-02 09:51:20.152326,Mansarovar,940.3,72.02,103.4
2026-07-02 10:51:20.152326,Mansarovar,903.02,150.02,89.6
2026-07-02 11:51:20.152326,Mansarovar,804.66,160.89,76.6
2026-07-02 12:51:20.152326,Mansarovar,841.58,257.74,69.5
2026-07-02 13:51:20.152326,Mansarovar,868.8,222.78,76.9
2026-07-02 14:51:20.152326,Mansarovar,788.53,220.61,67.6
2026-07-02 15:51:20.152326,Mansarovar,969.41,199.43,91.7
2026-07-02 16:51:20.152326,Mansarovar,883.16,162.42,85.8
2026-07-02 17:51:20.152326,Mansarovar,848.41,88.42,90.5
2026-07-02 18:51:20.152326,Mansarovar,819.7,45.06,92.2
2026-07-02 19:51:20.152326,Mansarovar,369.37,26.84,40.8
2026-07-02 20:51:20.152326,Mansarovar,396.78,9.53,46.1
2026-07-02 21:51:20.152326,Mansarovar,427.55,4.39,50.4
2026-07-02 22:51:20.152326,Mansarovar,435.64,1.1,51.7
2026-07-02 23:51:20.152326,Mansarovar,426.37,0.39,50.7
2026-07-03 00:51:20.152326,Mansarovar,464.51,0.01,55.3
2026-07-03 01:51:20.152326,Mansarovar,422.17,0.03,50.3
2026-07-03 02:51:20.152326,Mansarovar,384.89,0.11,45.8
2026-07-03 03:51:20.152326,Mansarovar,386.81,0.41,46.0
2026-07-03 04:51:20.152326,Mansarovar,405.88,1.09,48.2
2026-07-03 05:51:20.152326,Mansarovar,408.89,3.49,48.3
2026-07-03 06:51:20.152326,Mansarovar,492.72,10.3,57.4
2026-07-03 07:51:20.152326,Mansarovar,486.73,22.11,55.3
2026-07-03 08:51:20.152326,Mansarovar,853.87,38.23,97.1
2026-07-03 09:51:20.152326,Mansarovar,819.26,90.66,86.7
2026-07-03 10:51:20.152326,Mansarovar,840.54,148.83,82.3
2026-07-03 11:51:20.152326,Mansarovar,896.92,204.26,82.5
2026-07-03 12:51:20.152326,Mansarovar,841.83,230.78,72.7
2026-07-03 13:51:20.152326,Mansarovar,791.06,296.13,58.9
2026-07-03 14:51:20.152326,Mansarovar,840.96,205.53,75.6
2026-07-03 15:51:20.152326,Mansarovar,868.37,201.85,79.3
2026-07-03 16:51:20.152326,Mansarovar,813.66,141.5,80.0
2026-07-03 17:51:20.152326,Mansarovar,814.14,94.96,85.6
2026-07-03 18:51:20.152326,Mansarovar,861.13,48.91,96.7
2026-07-03 19:51:20.152326,Mansarovar,411.96,23.51,46.2
2026-07-03 20:51:20.152326,Mansarovar,414.94,12.71,47.9
2026-07-03 21:51:20.152326,Mansarovar,421.41,4.04,49.7
2026-07-03 22:51:20.152326,Mansarovar,404.91,1.56,48.0
2026-07-03 23:51:20.152326,Mansarovar,426.76,0.42,50.8
2026-07-04 00:51:20.152326,Mansarovar,416.03,0.0,49.5
2026-07-04 01:51:20.152326,Mansarovar,463.48,0.02,55.2
2026-07-04 02:51:20.152326,Mansarovar,395.57,0.08,47.1
2026-07-04 03:51:20.152326,Mansarovar,415.84,0.39,49.5
2026-07-04 04:51:20.152326,Mansarovar,405.95,1.14,48.2
2026-07-04 05:51:20.152326,Mansarovar,410.58,2.27,48.6
2026-07-04 06:51:20.152326,Mansarovar,465.6,8.04,54.5
2026-07-04 07:51:20.152326,Mansarovar,409.47,18.57,46.5
2026-07-04 08:51:20.152326,Mansarovar,821.74,37.3,93.4
2026-07-04 09:51:20.152326,Mansarovar,817.14,63.95,89.7
2026-07-04 10:51:20.152326,Mansarovar,798.22,119.43,80.8
2026-07-04 11:51:20.152326,Mansarovar,855.45,149.92,84.0
2026-07-04 12:51:20.152326,Mansarovar,743.91,186.7,66.3
2026-07-04 13:51:20.152326,Mansarovar,822.08,184.84,75.9
2026-07-04 14:51:20.152326,Mansarovar,799.99,137.83,78.8
2026-07-04 15:51:20.152326,Mansarovar,773.29,139.81,75.4
2026-07-04 16:51:20.152326,Mansarovar,931.38,110.57,97.7
2026-07-04 17:51:20.152326,Mansarovar,939.69,73.2,103.2
2026-07-04 18:51:20.152326,Mansarovar,896.84,33.85,102.7
2026-07-04 19:51:20.152326,Mansarovar,409.73,21.25,46.2
2026-07-04 20:51:20.152326,Mansarovar,385.8,8.36,44.9
2026-07-04 21:51:20.152326,Mansarovar,414.6,2.89,49.0
2026-07-04 22:51:20.152326,Mansarovar,421.46,1.02,50.1
2026-07-04 23:51:20.152326,Mansarovar,399.46,0.3,47.5
2026-07-05 00:51:20.152326,Mansarovar,428.16,0.0,51.0
2026-07-05 01:51:20.152326,Mansarovar,413.41,0.02,49.2
2026-07-05 02:51:20.152326,Mansarovar,429.93,0.09,51.2
2026-07-05 03:51:20.152326,Mansarovar,415.2,0.3,49.4
2026-07-05 04:51:20.152326,Mansarovar,413.16,1.02,49.1
2026-07-05 05:51:20.152326,Mansarovar,420.02,3.29,49.6
2026-07-05 06:51:20.152326,Mansarovar,428.44,9.34,49.9
2026-07-05 07:51:20.152326,Mansarovar,405.07,16.1,46.3
2026-07-05 08:51:20.152326,Mansarovar,826.86,36.8,94.1
2026-07-05 09:51:20.152326,Mansarovar,803.76,65.43,87.9
2026-07-05 10:51:20.152326,Mansarovar,843.43,92.21,89.4
2026-07-05 11:51:20.152326,Mansarovar,844.51,169.08,80.4
2026-07-05 12:51:20.152326,Mansarovar,867.85,173.25,82.7
2026-07-05 13:51:20.152326,Mansarovar,903.69,203.3,83.4
2026-07-05 14:51:20.152326,Mansarovar,953.13,149.8,95.6
2026-07-05 15:51:20.152326,Mansarovar,840.72,139.87,83.4
2026-07-05 16:51:20.152326,Mansarovar,829.91,95.72,87.4
2026-07-05 17:51:20.152326,Mansarovar,808.48,72.73,87.6
2026-07-05 18:51:20.152326,Mansarovar,863.0,34.34,98.7
2026-07-05 19:51:20.152326,Mansarovar,392.56,17.02,44.7
2026-07-05 20:51:20.152326,Mansarovar,432.28,8.07,50.5
2026-07-05 21:51:20.152326,Mansarovar,430.36,3.24,50.8
2026-07-05 22:51:20.152326,Mansarovar,438.11,0.99,52.0
2026-07-05 23:51:20.152326,Mansarovar,427.83,0.29,50.9
2026-07-06 00:51:20.152326,Mansarovar,414.2,0.01,49.3
2026-07-06 01:51:20.152326,Mansarovar,431.11,0.03,51.3
2026-07-06 02:51:20.152326,Mansarovar,424.49,0.12,50.5
2026-07-06 03:51:20.152326,Mansarovar,406.98,0.44,48.4
2026-07-06 04:51:20.152326,Mansarovar,414.61,1.77,49.1
2026-07-06 05:51:20.152326,Mansarovar,382.73,3.72,45.1
2026-07-06 06:51:20.152326,Mansarovar,405.77,12.49,46.8
2026-07-06 07:51:20.152326,Mansarovar,408.02,24.04,45.7
2026-07-06 08:51:20.152326,Mansarovar,820.13,56.93,90.9
2026-07-06 09:51:20.152326,Mansarovar,877.67,98.15,92.8
2026-07-06 10:51:20.152326,Mansarovar,844.03,154.98,82.0
2026-07-06 11:51:20.152326,Mansarovar,879.76,174.31,84.0
2026-07-06 12:51:20.152326,Mansarovar,849.34,234.04,73.2
2026-07-06 13:51:20.152326,Mansarovar,912.02,245.6,79.3
2026-07-06 14:51:20.152326,Mansarovar,849.56,260.56,70.1
2026-07-06 15:51:20.152326,Mansarovar,755.3,202.24,65.8
2026-07-06 16:51:20.152326,Mansarovar,874.28,134.17,88.1
2026-07-06 17:51:20.152326,Mansarovar,914.26,98.78,97.1
2026-07-06 18:51:20.152326,Mansarovar,848.27,61.94,93.6
2026-07-06 19:51:20.152326,Mansarovar,392.5,27.1,43.5
2026-07-06 20:51:20.152326,Mansarovar,413.75,10.49,48.0
2026-07-06 21:51:20.152326,Mansarovar,396.36,4.2,46.7
2026-07-06 22:51:20.152326,Mansarovar,415.45,1.41,49.3
2026-07-06 23:51:20.152326,Mansarovar,473.45,0.41,56.3
2026-07-07 00:51:20.152326,Mansarovar,431.67,0.01,51.4
2026-07-07 01:51:20.152326,Mansarovar,415.39,0.02,49.4
2026-07-07 02:51:20.152326,Mansarovar,396.91,0.12,47.2
2026-07-07 03:51:20.152326,Mansarovar,451.74,0.47,53.7
2026-07-07 04:51:20.152326,Mansarovar,431.15,1.49,51.1
2026-07-07 05:51:20.152326,Mansarovar,446.39,3.89,52.7
2026-07-07 06:51:20.152326,Mansarovar,410.96,11.26,47.6
2026-07-07 07:51:20.152326,Mansarovar,403.66,19.11,45.8
2026-07-07 08:51:20.152326,Mansarovar,817.12,52.35,91.0
2026-07-07 09:51:20.152326,Mansarovar,875.66,75.81,95.2
2026-07-07 10:51:20.152326,Mansarovar,879.57,150.68,86.8
2026-07-07 11:51:20.152326,Mansarovar,759.75,182.89,68.7
2026-07-07 12:51:20.152326,Mansarovar,895.7,240.31,78.0
2026-07-07 13:51:20.152326,Mansarovar,872.98,208.17,79.1
2026-07-07 14:51:20.152326,Mansarovar,892.1,230.31,78.8
2026-07-07 15:51:20.152326,Mansarovar,817.99,183.65,75.5
2026-07-07 16:51:20.152326,Mansarovar,790.7,110.44,81.0
2026-07-07 17:51:20.152326,Mansarovar,815.2,78.76,87.7
2026-07-07 18:51:20.152326,Mansarovar,872.41,53.08,97.5
2026-07-07 19:51:20.152326,Mansarovar,415.43,26.27,46.3
2026-07-07 20:51:20.152326,Mansarovar,402.9,9.86,46.8
2026-07-07 21:51:20.152326,Mansarovar,444.66,4.88,52.4
2026-07-07 22:51:20.152326,Mansarovar,445.04,1.29,52.8
2026-07-07 23:51:20.152326,Mansarovar,441.14,0.43,52.5
2026-07-08 00:51:20.152326,Mansarovar,441.03,0.0,52.5
2026-07-08 01:51:20.152326,Mansarovar,451.01,0.03,53.7
2026-07-08 02:51:20.152326,Mansarovar,397.01,0.11,47.2
2026-07-08 03:51:20.152326,Mansarovar,378.92,0.43,45.1
2026-07-08 04:51:20.152326,Mansarovar,423.85,1.63,50.3
2026-07-08 05:51:20.152326,Mansarovar,423.37,4.5,49.9
2026-07-08 06:51:20.152326,Mansarovar,411.28,9.33,47.9
2026-07-08 07:51:20.152326,Mansarovar,435.34,22.56,49.1
2026-07-08 08:51:20.152326,Mansarovar,896.59,46.11,101.2
2026-07-08 09:51:20.152326,Mansarovar,832.37,109.35,86.1
2026-07-08 10:51:20.152326,Mansarovar,916.68,130.74,93.6
2026-07-08 11:51:20.152326,Mansarovar,915.81,178.22,87.8
2026-07-08 12:51:20.152326,Mansarovar,816.47,216.63,71.4
2026-07-08 13:51:20.152326,Mansarovar,839.17,235.89,71.8
2026-07-08 14:51:20.152326,Mansarovar,797.64,254.67,64.6
2026-07-08 15:51:20.152326,Mansarovar,835.88,177.21,78.4
2026-07-08 16:51:20.152326,Mansarovar,874.6,151.17,86.1
2026-07-08 17:51:20.152326,Mansarovar,832.41,88.79,88.5
2026-07-08 18:51:20.152326,Mansarovar,768.54,52.59,85.2
2026-07-08 19:51:20.152326,Mansarovar,406.6,19.07,46.1
2026-07-08 20:51:20.152326,Mansarovar,401.25,11.25,46.4
2026-07-08 21:51:20.152326,Mansarovar,398.01,4.42,46.9
2026-07-08 22:51:20.152326,Mansarovar,391.21,1.54,46.4
2026-07-08 23:51:20.152326,Mansarovar,412.13,0.44,49.0
2026-07-09 00:51:20.152326,Mansarovar,418.16,0.0,49.8
2026-07-09 01:51:20.152326,Mansarovar,361.15,0.02,43.0
2026-07-09 02:51:20.152326,Mansarovar,425.05,0.11,50.6
2026-07-09 03:51:20.152326,Mansarovar,422.99,0.48,50.3
2026-07-09 04:51:20.152326,Mansarovar,425.16,1.27,50.5
2026-07-09 05:51:20.152326,Mansarovar,423.24,3.97,49.9
2026-07-09 06:51:20.152326,Mansarovar,415.08,10.58,48.2
2026-07-09 07:51:20.152326,Mansarovar,402.98,26.3,44.8
2026-07-09 08:51:20.152326,Mansarovar,849.05,49.75,95.2
2026-07-09 09:51:20.152326,Mansarovar,823.78,80.73,88.5
2026-07-09 10:51:20.152326,Mansarovar,835.21,122.26,84.9
2026-07-09 11:51:20.152326,Mansarovar,886.13,204.28,81.2
2026-07-09 12:51:20.152326,Mansarovar,747.16,221.7,62.6
2026-07-09 13:51:20.152326,Mansarovar,832.11,259.32,68.2
2026-07-09 14:51:20.152326,Mansarovar,850.27,250.92,71.4
2026-07-09 15:51:20.152326,Mansarovar,869.62,208.26,78.7
2026-07-09 16:51:20.152326,Mansarovar,791.94,125.72,79.3
2026-07-09 17:51:20.152326,Mansarovar,818.17,74.9,88.5
2026-07-09 18:51:20.152326,Mansarovar,877.68,52.34,98.3
2026-07-09 19:51:20.152326,Mansarovar,418.37,25.61,46.8
2026-07-09 20:51:20.152326,Mansarovar,433.02,11.73,50.2
2026-07-09 21:51:20.152326,Mansarovar,391.87,3.88,46.2
2026-07-09 22:51:20.152326,Mansarovar,428.5,1.28,50.9
2026-07-09 23:51:20.152326,Mansarovar,437.31,0.41,52.0
2026-07-10 00:51:20.152326,Mansarovar,447.33,0.0,53.3
2026-07-10 01:51:20.152326,Mansarovar,432.33,0.03,51.5
2026-07-10 02:51:20.152326,Mansarovar,405.22,0.11,48.2
2026-07-10 03:51:20.152326,Mansarovar,364.1,0.34,43.3
2026-07-10 04:51:20.152326,Mansarovar,390.4,1.36,46.3
2026-07-10 05:51:20.152326,Mansarovar,413.6,4.74,48.7
2026-07-10 06:51:20.152326,Mansarovar,382.91,10.47,44.3
2026-07-10 07:51:20.152326,Mansarovar,417.37,25.06,46.7
2026-07-10 08:51:20.152326,Mansarovar,861.13,41.27,97.6
2026-07-10 09:51:20.152326,Mansarovar,925.28,90.52,99.4
2026-07-10 10:51:20.152326,Mansarovar,872.29,154.02,85.5
2026-07-10 11:51:20.152326,Mansarovar,781.12,225.58,66.1
2026-07-10 12:51:20.152326,Mansarovar,789.34,286.39,59.9
2026-07-10 13:51:20.152326,Mansarovar,870.53,253.08,73.5
2026-07-10 14:51:20.152326,Mansarovar,872.69,211.62,78.7
2026-07-10 15:51:20.152326,Mansarovar,825.81,182.63,76.6
2026-07-10 16:51:20.152326,Mansarovar,812.52,139.41,80.1
2026-07-10 17:51:20.152326,Mansarovar,817.96,93.95,86.2
2026-07-10 18:51:20.152326,Mansarovar,768.59,50.55,85.5
2026-07-10 19:51:20.152326,Mansarovar,405.38,25.23,45.3
2026-07-10 20:51:20.152326,Mansarovar,425.02,12.24,49.1
2026-07-10 21:51:20.152326,Mansarovar,429.31,3.83,50.7
2026-07-10 22:51:20.152326,Mansarovar,403.53,1.55,47.9
2026-07-10 23:51:20.152326,Mansarovar,418.51,0.4,49.8
2026-07-11 00:51:20.152326,Mansarovar,462.19,0.0,55.0
2026-07-11 01:51:20.152326,Mansarovar,419.73,0.02,50.0
2026-07-11 02:51:20.152326,Mansarovar,405.32,0.07,48.2
2026-07-11 03:51:20.152326,Mansarovar,384.9,0.28,45.8
2026-07-11 04:51:20.152326,Mansarovar,436.33,1.06,51.8
2026-07-11 05:51:20.152326,Mansarovar,418.3,3.48,49.4
2026-07-11 06:51:20.152326,Mansarovar,422.74,8.7,49.3
2026-07-11 07:51:20.152326,Mansarovar,422.24,20.51,47.8
2026-07-11 08:51:20.152326,Mansarovar,788.66,37.88,89.4
2026-07-11 09:51:20.152326,Mansarovar,803.91,68.46,87.6
2026-07-11 10:51:20.152326,Mansarovar,880.68,92.89,93.8
2026-07-11 11:51:20.152326,Mansarovar,924.93,131.36,94.5
2026-07-11 12:51:20.152326,Mansarovar,816.16,163.87,77.7
2026-07-11 13:51:20.152326,Mansarovar,848.62,174.07,80.3
2026-07-11 14:51:20.152326,Mansarovar,778.19,171.47,72.2
2026-07-11 15:51:20.152326,Mansarovar,830.67,143.12,81.9
2026-07-11 16:51:20.152326,Mansarovar,819.32,105.99,84.9
2026-07-11 17:51:20.152326,Mansarovar,822.88,49.48,92.1
2026-07-11 18:51:20.152326,Mansarovar,762.1,34.92,86.6
2026-07-11 19:51:20.152326,Mansarovar,454.1,16.46,52.1
2026-07-11 20:51:20.152326,Mansarovar,475.98,7.83,55.7
2026-07-11 21:51:20.152326,Mansarovar,437.44,2.93,51.7
2026-07-11 22:51:20.152326,Mansarovar,422.62,1.05,50.2
2026-07-11 23:51:20.152326,Mansarovar,404.48,0.33,48.1
2026-07-12 00:51:20.152326,Mansarovar,379.26,0.0,45.1
2026-07-12 01:51:20.152326,Mansarovar,435.89,0.02,51.9
2026-07-12 02:51:20.152326,Mansarovar,427.28,0.07,50.9
2026-07-12 03:51:20.152326,Mansarovar,437.65,0.32,52.1
2026-07-12 04:51:20.152326,Mansarovar,452.14,0.95,53.7
2026-07-12 05:51:20.152326,Mansarovar,435.53,3.17,51.5
2026-07-12 06:51:20.152326,Mansarovar,394.07,7.26,46.0
2026-07-12 07:51:20.152326,Mansarovar,416.74,19.2,47.3
2026-07-12 08:51:20.152326,Mansarovar,805.3,37.44,91.4
2026-07-12 09:51:20.152326,Mansarovar,875.85,64.8,96.6
2026-07-12 10:51:20.152326,Mansarovar,811.44,111.9,83.3
2026-07-12 11:51:20.152326,Mansarovar,752.88,158.47,70.8
2026-07-12 12:51:20.152326,Mansarovar,722.92,174.74,65.3
2026-07-12 13:51:20.152326,Mansarovar,850.68,176.62,80.2
2026-07-12 14:51:20.152326,Mansarovar,922.62,211.57,84.6
2026-07-12 15:51:20.152326,Mansarovar,778.33,153.1,74.4
2026-07-12 16:51:20.152326,Mansarovar,805.74,106.28,83.3
2026-07-12 17:51:20.152326,Mansarovar,907.15,58.57,101.0
2026-07-12 18:51:20.152326,Mansarovar,766.43,36.03,87.0
2026-07-12 19:51:20.152326,Mansarovar,460.73,18.42,52.7
2026-07-12 20:51:20.152326,Mansarovar,436.45,8.67,50.9
2026-07-12 21:51:20.152326,Mansarovar,453.54,2.97,53.6
2026-07-12 22:51:20.152326,Mansarovar,424.65,0.93,50.4
2026-07-12 23:51:20.152326,Mansarovar,468.3,0.39,55.7
2026-07-13 00:51:20.152326,Mansarovar,397.27,0.0,47.3
2026-07-13 01:51:20.152326,Mansarovar,412.76,0.02,49.1
2026-07-13 02:51:20.152326,Mansarovar,417.97,0.11,49.7
2026-07-13 03:51:20.152326,Mansarovar,431.22,0.44,51.3
2026-07-13 04:51:20.152326,Mansarovar,398.59,1.7,47.2
2026-07-13 05:51:20.152326,Mansarovar,433.72,4.12,51.1
2026-07-13 06:51:20.152326,Mansarovar,398.37,10.81,46.1
2026-07-13 07:51:20.152326,Mansarovar,437.02,27.1,48.8
2026-07-13 08:51:20.152326,Mansarovar,910.25,48.54,102.6
2026-07-13 09:51:20.152326,Mansarovar,899.08,81.89,97.3
2026-07-13 10:51:20.152326,Mansarovar,769.03,138.55,75.1
2026-07-13 11:51:20.152326,Mansarovar,833.03,206.35,74.6
2026-07-13 12:51:20.152326,Mansarovar,874.27,220.07,77.9
2026-07-13 13:51:20.152326,Mansarovar,922.09,232.31,82.1
2026-07-13 14:51:20.152326,Mansarovar,813.17,220.54,70.6
2026-07-13 15:51:20.152326,Mansarovar,848.82,183.95,79.2
2026-07-13 16:51:20.152326,Mansarovar,849.61,135.75,85.0
2026-07-13 17:51:20.152326,Mansarovar,868.09,81.93,93.6
2026-07-13 18:51:20.152326,Mansarovar,873.64,46.36,98.5
2026-07-13 19:51:20.152326,Mansarovar,429.8,24.76,48.2
2026-07-13 20:51:20.152326,Mansarovar,427.41,9.97,49.7
2026-07-13 21:51:20.152326,Mansarovar,397.47,4.39,46.8
2026-07-13 22:51:20.152326,Mansarovar,403.69,1.28,47.9
2026-07-13 23:51:20.152326,Mansarovar,413.79,0.43,49.2
2026-07-14 00:51:20.152326,Mansarovar,404.86,0.0,48.2
2026-07-14 01:51:20.152326,Mansarovar,411.17,0.03,48.9
2026-07-14 02:51:20.152326,Mansarovar,386.5,0.09,46.0
2026-07-14 03:51:20.152326,Mansarovar,401.57,0.45,47.8
2026-07-14 04:51:20.152326,Mansarovar,413.88,1.43,49.1
2026-07-14 05:51:20.152326,Mansarovar,378.99,4.49,44.6
2026-07-14 06:51:20.152326,Mansarovar,359.72,11.58,41.4
2026-07-14 07:51:20.152326,Mansarovar,416.79,22.21,47.0
2026-07-14 08:51:20.152326,Mansarovar,862.2,45.65,97.2
2026-07-14 09:51:20.152326,Mansarovar,832.31,100.84,87.1
2026-07-14 10:51:20.152326,Mansarovar,820.09,136.29,81.4
2026-07-14 11:51:20.152326,Mansarovar,872.96,163.93,84.4
2026-07-14 12:51:20.152326,Mansarovar,771.2,247.95,62.3
2026-07-14 13:51:20.152326,Mansarovar,957.55,239.27,85.5
2026-07-14 14:51:20.152326,Mansarovar,806.08,235.27,68.0
2026-07-14 15:51:20.152326,Mansarovar,847.15,199.43,77.1
2026-07-14 16:51:20.152326,Mansarovar,855.74,137.6,85.5
2026-07-14 17:51:20.152326,Mansarovar,718.57,94.61,74.3
2026-07-14 18:51:20.152326,Mansarovar,892.7,53.69,99.9
2026-07-14 19:51:20.152326,Mansarovar,421.4,25.93,47.1
2026-07-14 20:51:20.152326,Mansarovar,430.27,10.86,49.9
2026-07-14 21:51:20.152326,Mansarovar,412.19,4.46,48.5
2026-07-14 22:51:20.152326,Mansarovar,402.48,1.5,47.7
2026-07-14 23:51:20.152326,Mansarovar,420.11,0.39,50.0
2026-07-15 00:51:20.152326,Mansarovar,426.73,0.0,50.8
2026-07-15 01:51:20.152326,Mansarovar,376.72,0.02,44.8
2026-07-15 02:51:20.152326,Mansarovar,410.93,0.1,48.9
2026-07-15 03:51:20.152326,Mansarovar,421.72,0.44,50.2
2026-07-15 04:51:20.152326,Mansarovar,443.63,1.43,52.6
2026-07-15 05:51:20.152326,Mansarovar,430.87,3.93,50.8
2026-07-15 06:51:20.152326,Mansarovar,440.06,12.14,50.9
2026-07-15 07:51:20.152326,Mansarovar,481.83,26.68,54.2
2026-07-15 08:51:20.152326,Mansarovar,818.13,48.9,91.6
2026-07-15 09:51:20.152326,Mansarovar,830.92,82.11,89.1
2026-07-15 10:51:20.152326,Mansarovar,810.04,135.73,80.3
2026-07-15 11:51:20.152326,Mansarovar,807.22,223.36,69.5
2026-07-15 12:51:20.152326,Mansarovar,898.96,221.4,80.7
2026-07-15 13:51:20.152326,Mansarovar,850.18,263.52,69.8
2026-07-15 14:51:20.152326,Mansarovar,827.61,206.58,73.9
2026-07-15 15:51:20.152326,Mansarovar,850.06,218.24,75.2
2026-07-15 16:51:20.152326,Mansarovar,841.89,135.0,84.2
2026-07-15 17:51:20.152326,Mansarovar,781.51,90.08,82.3
2026-07-15 18:51:20.152326,Mansarovar,850.18,51.55,95.1
2026-07-15 19:51:20.152326,Mansarovar,396.94,24.43,44.3
2026-07-15 20:51:20.152326,Mansarovar,431.58,11.83,50.0
2026-07-15 21:51:20.152326,Mansarovar,379.63,4.27,44.7
2026-07-15 22:51:20.152326,Mansarovar,456.31,1.53,54.1
2026-07-15 23:51:20.152326,Mansarovar,386.39,0.39,46.0
2026-07-16 00:51:20.152326,Mansarovar,415.89,0.01,49.5
2026-07-16 01:51:20.152326,Mansarovar,360.26,0.03,42.9
2026-07-16 02:51:20.152326,Mansarovar,408.03,0.12,48.6
2026-07-16 03:51:20.152326,Mansarovar,447.24,0.41,53.2
2026-07-16 04:51:20.152326,Mansarovar,432.3,1.47,51.3
2026-07-16 05:51:20.152326,Mansarovar,426.21,4.35,50.2
2026-07-16 06:51:20.152326,Mansarovar,438.39,11.72,50.8
2026-07-16 07:51:20.152326,Mansarovar,471.39,27.67,52.8
2026-07-16 08:51:20.152326,Mansarovar,868.14,42.48,98.3
2026-07-16 09:51:20.152326,Mansarovar,810.97,87.3,86.2
2026-07-16 10:51:20.152326,Mansarovar,858.54,137.93,85.8
2026-07-16 11:51:20.152326,Mansarovar,933.25,172.38,90.6
2026-07-16 12:51:20.152326,Mansarovar,845.17,276.24,67.7
2026-07-16 13:51:20.152326,Mansarovar,787.35,234.62,65.8
2026-07-16 14:51:20.152326,Mansarovar,764.04,206.09,66.4
2026-07-16 15:51:20.152326,Mansarovar,903.59,195.38,84.3
2026-07-16 16:51:20.152326,Mansarovar,862.9,129.46,87.3
2026-07-16 17:51:20.152326,Mansarovar,847.0,94.88,89.5
2026-07-16 18:51:20.152326,Mansarovar,817.75,47.2,91.7
2026-07-16 19:51:20.152326,Mansarovar,446.97,24.69,50.3
2026-07-16 20:51:20.152326,Mansarovar,406.07,13.24,46.8
2026-07-16 21:51:20.152326,Mansarovar,388.23,4.75,45.7
2026-07-16 22:51:20.152326,Mansarovar,416.19,1.49,49.4
2026-07-16 23:51:20.152326,Mansarovar,425.56,0.46,50.6
2026-07-17 00:51:20.152326,Mansarovar,433.0,0.0,51.5
2026-07-17 01:51:20.152326,Mansarovar,462.84,0.02,55.1
2026-07-17 02:51:20.152326,Mansarovar,409.98,0.11,48.8
2026-07-17 03:51:20.152326,Mansarovar,426.21,0.34,50.7
2026-07-17 04:51:20.152326,Mansarovar,446.34,1.33,53.0
2026-07-17 05:51:20.152326,Mansarovar,429.39,4.27,50.6
2026-07-17 06:51:20.152326,Mansarovar,344.18,10.73,39.7
2026-07-17 07:51:20.152326,Mansarovar,387.74,26.04,43.1
2026-07-17 08:51:20.152326,Mansarovar,843.76,55.9,93.8
2026-07-17 09:51:20.152326,Mansarovar,852.5,104.21,89.1
2026-07-17 10:51:20.152326,Mansarovar,876.35,154.16,86.0
2026-07-17 11:51:20.152326,Mansarovar,812.91,196.32,73.4
2026-07-17 12:51:20.152326,Mansarovar,815.21,224.75,70.3
2026-07-17 13:51:20.152326,Mansarovar,857.21,234.11,74.2
2026-07-17 14:51:20.152326,Mansarovar,907.51,262.4,76.8
2026-07-17 15:51:20.152326,Mansarovar,790.88,187.63,71.8
2026-07-17 16:51:20.152326,Mansarovar,846.57,145.18,83.5
2026-07-17 17:51:20.152326,Mansarovar,809.62,69.43,88.1
2026-07-17 18:51:20.152326,Mansarovar,825.88,44.36,93.0
2026-07-17 19:51:20.152326,Mansarovar,403.69,24.37,45.2
2026-07-17 20:51:20.152326,Mansarovar,379.66,9.62,44.1
2026-07-17 21:51:20.152326,Mansarovar,394.27,4.14,46.4
2026-07-17 22:51:20.152326,Mansarovar,430.25,1.31,51.1
2026-07-17 23:51:20.152326,Mansarovar,382.31,0.46,45.5
2026-07-18 00:51:20.152326,Mansarovar,445.29,0.0,53.0
2026-07-18 01:51:20.152326,Mansarovar,409.56,0.02,48.8
2026-07-18 02:51:20.152326,Mansarovar,412.88,0.08,49.1
2026-07-18 03:51:20.152326,Mansarovar,460.06,0.37,54.7
2026-07-18 04:51:20.152326,Mansarovar,442.41,1.14,52.5
2026-07-18 05:51:20.152326,Mansarovar,425.66,3.3,50.3
2026-07-18 06:51:20.152326,Mansarovar,363.19,7.52,42.3
2026-07-18 07:51:20.152326,Mansarovar,437.25,18.49,49.9
2026-07-18 08:51:20.152326,Mansarovar,821.61,34.39,93.7
2026-07-18 09:51:20.152326,Mansarovar,851.98,70.26,93.1
2026-07-18 10:51:20.152326,Mansarovar,826.41,110.66,85.2
2026-07-18 11:51:20.152326,Mansarovar,884.64,147.52,87.8
2026-07-18 12:51:20.152326,Mansarovar,863.18,157.02,84.1
2026-07-18 13:51:20.152326,Mansarovar,902.7,184.12,85.5
2026-07-18 14:51:20.152326,Mansarovar,886.68,196.89,82.1
2026-07-18 15:51:20.152326,Mansarovar,785.5,146.52,76.1
2026-07-18 16:51:20.152326,Mansarovar,840.95,115.74,86.3
2026-07-18 17:51:20.152326,Mansarovar,833.18,65.13,91.4
2026-07-18 18:51:20.152326,Mansarovar,820.91,37.3,93.3
2026-07-18 19:51:20.152326,Mansarovar,394.64,18.23,44.8
2026-07-18 20:51:20.152326,Mansarovar,416.31,8.4,48.6
2026-07-18 21:51:20.152326,Mansarovar,403.98,3.5,47.7
2026-07-18 22:51:20.152326,Mansarovar,391.45,1.05,46.5
2026-07-18 23:51:20.152326,Mansarovar,463.54,0.36,55.1
2026-07-19 00:51:20.152326,Mansarovar,457.24,0.0,54.4
2026-07-19 01:51:20.152326,Mansarovar,382.11,0.02,45.5
2026-07-19 02:51:20.152326,Mansarovar,377.66,0.09,44.9
2026-07-19 03:51:20.152326,Mansarovar,393.91,0.33,46.9
2026-07-19 04:51:20.152326,Mansarovar,430.27,1.0,51.1
2026-07-19 05:51:20.152326,Mansarovar,381.33,3.27,45.0
2026-07-19 06:51:20.152326,Mansarovar,436.52,8.1,51.0
2026-07-19 07:51:20.152326,Mansarovar,386.48,17.98,43.9
2026-07-19 08:51:20.152326,Mansarovar,854.27,44.66,96.4
2026-07-19 09:51:20.152326,Mansarovar,921.05,79.13,100.2
2026-07-19 10:51:20.152326,Mansarovar,834.33,101.26,87.3
2026-07-19 11:51:20.152326,Mansarovar,841.82,122.82,85.6
2026-07-19 12:51:20.152326,Mansarovar,871.52,160.09,84.7
2026-07-19 13:51:20.152326,Mansarovar,799.91,195.43,72.0
2026-07-19 14:51:20.152326,Mansarovar,814.52,171.92,76.5
2026-07-19 15:51:20.152326,Mansarovar,853.37,131.53,85.9
2026-07-19 16:51:20.152326,Mansarovar,816.97,105.14,84.7
2026-07-19 17:51:20.152326,Mansarovar,864.96,65.57,95.2
2026-07-19 18:51:20.152326,Mansarovar,819.89,42.2,92.6
2026-07-19 19:51:20.152326,Mansarovar,449.0,18.57,51.2
2026-07-19 20:51:20.152326,Mansarovar,436.36,8.11,51.0
2026-07-19 21:51:20.152326,Mansarovar,423.18,3.59,50.0
2026-07-19 22:51:20.152326,Mansarovar,415.25,1.14,49.3
2026-07-19 23:51:20.152326,Mansarovar,414.42,0.3,49.3
2026-07-20 00:51:20.152326,Mansarovar,407.51,0.01,48.5
2026-07-20 01:51:20.152326,Mansarovar,416.54,0.03,49.6
2026-07-20 02:51:20.152326,Mansarovar,430.78,0.11,51.3
2026-07-20 03:51:20.152326,Mansarovar,429.3,0.39,51.1
2026-07-20 04:51:20.152326,Mansarovar,381.17,1.57,45.2
2026-07-20 05:51:20.152326,Mansarovar,393.63,4.83,46.3
2026-07-20 06:51:20.152326,Mansarovar,459.14,10.56,53.4
2026-07-20 07:51:20.152326,Mansarovar,425.88,23.09,48.0
2026-07-20 08:51:20.152326,Mansarovar,908.47,48.73,102.3
2026-07-20 09:51:20.152326,Mansarovar,844.58,106.21,87.9
2026-07-20 10:51:20.152326,Mansarovar,906.72,129.37,92.5
2026-07-20 11:51:20.152326,Mansarovar,804.94,204.82,71.4
2026-07-20 12:51:20.152326,Mansarovar,805.7,209.32,71.0
2026-07-20 13:51:20.152326,Mansarovar,831.73,229.41,71.7
2026-07-20 14:51:20.152326,Mansarovar,879.63,253.92,74.5
2026-07-20 15:51:20.152326,Mansarovar,898.83,209.52,82.1
2026-07-20 16:51:20.152326,Mansarovar,824.93,134.31,82.2
2026-07-20 17:51:20.152326,Mansarovar,854.58,113.54,88.2
2026-07-20 18:51:20.152326,Mansarovar,692.61,49.85,76.5
2026-07-20 19:51:20.152326,Mansarovar,432.39,25.13,48.5
2026-07-20 20:51:20.152326,Mansarovar,400.93,11.47,46.4
2026-07-20 21:51:20.152326,Mansarovar,414.7,3.49,49.0
2026-07-20 22:51:20.152326,Mansarovar,421.24,1.24,50.0
2026-07-20 23:51:20.152326,Mansarovar,434.16,0.38,51.6
2026-07-21 00:51:20.152326,Mansarovar,446.12,0.01,53.1
2026-07-21 01:51:20.152326,Mansarovar,414.75,0.03,49.4
2026-07-21 02:51:20.152326,Mansarovar,413.8,0.11,49.2
2026-07-21 03:51:20.152326,Mansarovar,443.86,0.4,52.8
2026-07-21 04:51:20.152326,Mansarovar,403.14,1.21,47.8
2026-07-21 05:51:20.152326,Mansarovar,417.59,3.47,49.3
2026-07-21 06:51:20.152326,Mansarovar,419.36,8.91,48.9
2026-07-21 07:51:20.152326,Mansarovar,459.76,22.9,52.0
2026-07-21 08:51:20.152326,Mansarovar,869.44,48.97,97.7
2026-07-21 09:51:20.152326,Mansarovar,749.25,95.98,77.8
2026-07-21 10:51:20.152326,Mansarovar,801.47,128.14,80.2
2026-07-21 11:51:20.152326,Mansarovar,805.28,213.31,70.5
2026-07-21 12:51:20.152326,Mansarovar,818.39,224.95,70.6
2026-07-21 13:51:20.152326,Mansarovar,802.48,229.44,68.2
2026-07-21 14:51:20.152326,Mansarovar,791.2,250.79,64.3
2026-07-21 15:51:20.152326,Mansarovar,863.86,226.13,75.9
2026-07-21 16:51:20.152326,Mansarovar,792.77,158.08,75.6
2026-07-21 17:51:20.152326,Mansarovar,821.21,100.97,85.7
2026-07-21 18:51:20.152326,Mansarovar,866.24,48.3,97.4
2026-07-21 19:51:20.152326,Mansarovar,423.96,25.15,47.5
2026-07-21 20:51:20.152326,Mansarovar,439.17,11.6,50.9
2026-07-21 21:51:20.152326,Mansarovar,428.73,4.04,50.6
2026-07-21 22:51:20.152326,Mansarovar,454.02,1.27,53.9
2026-07-21 23:51:20.152326,Mansarovar,488.6,0.43,58.1
2026-07-22 00:51:20.152326,Mansarovar,459.39,0.0,54.7
2026-07-22 01:51:20.152326,Mansarovar,368.57,0.03,43.9
2026-07-22 02:51:20.152326,Mansarovar,402.91,0.12,48.0
2026-07-22 03:51:20.152326,Mansarovar,418.89,0.39,49.8
2026-07-22 04:51:20.152326,Mansarovar,394.64,1.41,46.8
2026-07-22 05:51:20.152326,Mansarovar,441.18,4.97,51.9
2026-07-22 06:51:20.152326,Mansarovar,427.1,12.69,49.3
2026-07-22 07:51:20.152326,Mansarovar,414.49,28.82,45.9
2026-07-22 08:51:20.152326,Mansarovar,861.5,45.09,97.2
2026-07-22 09:51:20.152326,Mansarovar,862.26,94.79,91.4
2026-07-22 10:51:20.152326,Mansarovar,862.65,152.51,84.5
2026-07-22 11:51:20.152326,Mansarovar,754.11,215.29,64.1
2026-07-22 12:51:20.152326,Mansarovar,856.64,254.21,71.7
2026-07-22 13:51:20.152326,Mansarovar,849.71,245.93,71.9
2026-07-22 14:51:20.152326,Mansarovar,804.75,247.44,66.3
2026-07-22 15:51:20.152326,Mansarovar,774.17,221.27,65.8
2026-07-22 16:51:20.152326,Mansarovar,797.11,125.92,79.9
2026-07-22 17:51:20.152326,Mansarovar,821.81,95.74,86.4
2026-07-22 18:51:20.152326,Mansarovar,857.82,57.55,95.3
2026-07-22 19:51:20.152326,Mansarovar,423.99,21.89,47.9
2026-07-22 20:51:20.152326,Mansarovar,444.46,11.01,51.6
2026-07-22 21:51:20.152326,Mansarovar,418.01,3.99,49.3
2026-07-22 22:51:20.152326,Mansarovar,418.24,1.3,49.6
2026-07-22 23:51:20.152326,Mansarovar,407.78,0.34,48.5
2026-07-23 00:51:20.152326,Mansarovar,478.01,0.01,56.9
2026-07-23 01:51:20.152326,Mansarovar,434.9,0.02,51.8
2026-07-23 02:51:20.152326,Mansarovar,419.4,0.1,49.9
2026-07-23 03:51:20.152326,Mansarovar,408.97,0.47,48.6
2026-07-23 04:51:20.152326,Mansarovar,387.64,1.35,46.0
2026-07-23 05:51:20.152326,Mansarovar,394.61,4.31,46.5
2026-07-23 06:51:20.152326,Mansarovar,461.2,12.76,53.4
2026-07-23 07:51:20.152326,Mansarovar,443.8,26.63,49.7
2026-07-23 08:51:20.152326,Mansarovar,899.81,44.1,101.9
2026-07-23 09:51:20.152326,Mansarovar,815.88,81.78,87.4
2026-07-23 10:51:20.152326,Mansarovar,879.13,144.98,87.4
2026-07-23 11:51:20.152326,Mansarovar,819.59,149.38,79.8
2026-07-23 12:51:20.152326,Mansarovar,782.42,234.36,65.2
2026-07-23 13:51:20.152326,Mansarovar,789.14,281.8,60.4
2026-07-23 14:51:20.152326,Mansarovar,784.42,254.29,63.1
2026-07-23 15:51:20.152326,Mansarovar,856.97,214.34,76.5
2026-07-23 16:51:20.152326,Mansarovar,768.4,153.55,73.2
2026-07-23 17:51:20.152326,Mansarovar,877.94,88.07,94.0
2026-07-23 18:51:20.152326,Mansarovar,854.08,55.59,95.1
2026-07-23 19:51:20.152326,Mansarovar,419.27,24.47,47.0
2026-07-23 20:51:20.152326,Mansarovar,377.43,9.37,43.8
2026-07-23 21:51:20.152326,Mansarovar,426.01,4.6,50.2
2026-07-23 22:51:20.152326,Mansarovar,434.14,1.61,51.5
2026-07-23 23:51:20.152326,Mansarovar,386.34,0.54,45.9
2026-07-24 00:51:20.152326,Mansarovar,406.39,0.01,48.4
2026-07-24 01:51:20.152326,Mansarovar,421.78,0.03,50.2
2026-07-24 02:51:20.152326,Mansarovar,434.83,0.1,51.8
2026-07-24 03:51:20.152326,Mansarovar,418.69,0.39,49.8
2026-07-24 04:51:20.152326,Mansarovar,449.38,1.23,53.4
2026-07-24 05:51:20.152326,Mansarovar,418.97,4.37,49.4
2026-07-24 06:51:20.152326,Mansarovar,442.43,13.5,51.1
2026-07-24 07:51:20.152326,Mansarovar,377.93,23.6,42.2
2026-07-24 08:51:20.152326,Mansarovar,852.3,50.1,95.5
2026-07-24 09:51:20.152326,Mansarovar,878.32,85.96,94.3
2026-07-24 10:51:20.152326,Mansarovar,832.17,169.16,78.9
2026-07-24 11:51:20.152326,Mansarovar,744.81,221.74,62.3
2026-07-24 12:51:20.152326,Mansarovar,880.12,195.86,81.5
2026-07-24 13:51:20.152326,Mansarovar,819.99,270.04,65.5
2026-07-24 14:51:20.152326,Mansarovar,936.62,251.84,81.5
2026-07-24 15:51:20.152326,Mansarovar,838.85,194.86,76.7
2026-07-24 16:51:20.152326,Mansarovar,769.21,163.98,72.1
2026-07-24 17:51:20.152326,Mansarovar,907.64,83.84,98.1
2026-07-24 18:51:20.152326,Mansarovar,847.19,59.71,93.7
2026-07-24 19:51:20.152326,Mansarovar,419.58,24.69,47.0
2026-07-24 20:51:20.152326,Mansarovar,432.83,9.88,50.4
2026-07-24 21:51:20.152326,Mansarovar,395.78,4.08,46.6
2026-07-24 22:51:20.152326,Mansarovar,404.21,1.36,48.0
2026-07-24 23:51:20.152326,Mansarovar,415.19,0.4,49.4
2026-07-25 00:51:20.152326,Mansarovar,448.05,0.0,53.3
2026-07-25 01:51:20.152326,Mansarovar,434.35,0.02,51.7
2026-07-25 02:51:20.152326,Mansarovar,440.76,0.08,52.5
2026-07-25 03:51:20.152326,Mansarovar,416.99,0.32,49.6
2026-07-25 04:51:20.152326,Mansarovar,409.9,1.1,48.7
2026-07-25 05:51:20.152326,Mansarovar,411.97,3.26,48.7
2026-07-25 06:51:20.152326,Mansarovar,425.83,6.72,49.9
2026-07-25 07:51:20.152326,Mansarovar,424.18,16.36,48.6
2026-07-25 08:51:20.152326,Mansarovar,834.48,30.76,95.7
2026-07-25 09:51:20.152326,Mansarovar,837.62,70.0,91.4
2026-07-25 10:51:20.152326,Mansarovar,811.33,112.48,83.2
2026-07-25 11:51:20.152326,Mansarovar,864.23,158.89,84.0
2026-07-25 12:51:20.152326,Mansarovar,976.59,138.55,99.8
2026-07-25 13:51:20.152326,Mansarovar,753.02,185.47,67.6
2026-07-25 14:51:20.152326,Mansarovar,884.44,170.6,85.0
2026-07-25 15:51:20.152326,Mansarovar,826.0,140.23,81.6
2026-07-25 16:51:20.152326,Mansarovar,803.5,110.55,82.5
2026-07-25 17:51:20.152326,Mansarovar,903.3,76.76,98.4
2026-07-25 18:51:20.152326,Mansarovar,870.23,35.76,99.3
2026-07-25 19:51:20.152326,Mansarovar,466.64,16.82,53.6
2026-07-25 20:51:20.152326,Mansarovar,420.23,8.74,49.0
2026-07-25 21:51:20.152326,Mansarovar,392.17,3.17,46.3
2026-07-25 22:51:20.152326,Mansarovar,394.98,1.29,46.9
2026-07-25 23:51:20.152326,Mansarovar,391.76,0.33,46.6
2026-07-26 00:51:20.152326,Mansarovar,394.7,0.0,47.0
2026-07-26 01:51:20.152326,Mansarovar,413.02,0.02,49.2
2026-07-26 02:51:20.152326,Mansarovar,421.74,0.07,50.2
2026-07-26 03:51:20.152326,Mansarovar,392.29,0.3,46.7
2026-07-26 04:51:20.152326,Mansarovar,468.87,1.03,55.7
2026-07-26 05:51:20.152326,Mansarovar,424.16,3.46,50.1
2026-07-26 06:51:20.152326,Mansarovar,414.06,7.43,48.4
2026-07-26 07:51:20.152326,Mansarovar,417.06,19.7,47.3
2026-07-26 08:51:20.152326,Mansarovar,800.16,35.46,91.0
2026-07-26 09:51:20.152326,Mansarovar,852.86,65.27,93.8
2026-07-26 10:51:20.152326,Mansarovar,825.7,112.87,84.9
2026-07-26 11:51:20.152326,Mansarovar,902.19,143.73,90.3
2026-07-26 12:51:20.152326,Mansarovar,845.91,198.28,77.1
2026-07-26 13:51:20.152326,Mansarovar,772.23,200.1,68.1
2026-07-26 14:51:20.152326,Mansarovar,910.33,188.57,85.9
2026-07-26 15:51:20.152326,Mansarovar,850.75,155.29,82.8
2026-07-26 16:51:20.152326,Mansarovar,787.43,91.49,82.8
2026-07-26 17:51:20.152326,Mansarovar,886.47,65.82,97.7
2026-07-26 18:51:20.152326,Mansarovar,850.32,35.58,97.0
2026-07-26 19:51:20.152326,Mansarovar,405.54,17.35,46.2
2026-07-26 20:51:20.152326,Mansarovar,450.49,8.44,52.6
2026-07-26 21:51:20.152326,Mansarovar,428.98,3.56,50.6
2026-07-26 22:51:20.152326,Mansarovar,422.87,1.26,50.2
2026-07-26 23:51:20.152326,Mansarovar,436.16,0.29,51.9
2026-07-27 00:51:20.152326,Mansarovar,466.52,0.01,55.5
2026-07-27 01:51:20.152326,Mansarovar,413.84,0.03,49.3
2026-07-27 02:51:20.152326,Mansarovar,434.18,0.11,51.7
2026-07-27 03:51:20.152326,Mansarovar,442.86,0.39,52.7
2026-07-27 04:51:20.152326,Mansarovar,391.18,1.41,46.4
2026-07-27 05:51:20.152326,Mansarovar,417.24,4.02,49.2
2026-07-27 06:51:20.152326,Mansarovar,392.58,11.21,45.4
2026-07-27 07:51:20.152326,Mansarovar,451.12,25.84,50.6
2026-07-27 08:51:20.152326,Mansarovar,852.66,48.18,95.8
2026-07-27 09:51:20.152326,Mansarovar,817.65,79.57,87.9
2026-07-27 10:51:20.152326,Mansarovar,784.98,146.66,76.0
2026-07-27 11:51:20.152326,Mansarovar,749.95,194.71,66.1
2026-07-27 12:51:20.152326,Mansarovar,965.58,262.15,83.7
2026-07-27 13:51:20.152326,Mansarovar,836.64,245.79,70.3
2026-07-27 14:51:20.152326,Mansarovar,838.44,201.51,75.8
2026-07-27 15:51:20.152326,Mansarovar,816.39,197.39,73.7
2026-07-27 16:51:20.152326,Mansarovar,776.8,141.01,75.7
2026-07-27 17:51:20.152326,Mansarovar,876.91,96.27,92.9
2026-07-27 18:51:20.152326,Mansarovar,867.46,48.05,97.5
2026-07-27 19:51:20.152326,Mansarovar,455.68,22.0,51.6
2026-07-27 20:51:20.152326,Mansarovar,396.28,11.12,45.9
2026-07-27 21:51:20.152326,Mansarovar,407.87,3.71,48.1
2026-07-27 22:51:20.152326,Mansarovar,422.97,1.49,50.2
2026-07-27 23:51:20.152326,Mansarovar,485.78,0.44,57.8
2026-07-28 00:51:20.152326,Mansarovar,389.94,0.0,46.4
2026-07-28 01:51:20.152326,Mansarovar,412.09,0.03,49.1
2026-07-28 02:51:20.152326,Mansarovar,425.22,0.12,50.6
2026-07-28 03:51:20.152326,Mansarovar,426.55,0.42,50.7
2026-07-28 04:51:20.152326,Mansarovar,378.47,1.19,44.9
2026-07-28 05:51:20.152326,Mansarovar,464.36,3.85,54.8
2026-07-28 06:51:20.152326,Mansarovar,435.54,10.41,50.6
2026-07-28 07:51:20.152326,Mansarovar,393.22,27.05,43.6
2026-07-28 08:51:20.152326,Mansarovar,868.47,51.95,97.2
2026-07-28 09:51:20.152326,Mansarovar,800.49,80.54,85.7
2026-07-28 10:51:20.152326,Mansarovar,876.3,124.07,89.6
2026-07-28 11:51:20.152326,Mansarovar,870.29,191.97,80.8
2026-07-28 12:51:20.152326,Mansarovar,838.84,226.37,72.9
2026-07-28 13:51:20.152326,Mansarovar,922.48,210.51,84.8
2026-07-28 14:51:20.152326,Mansarovar,824.66,222.09,71.7
2026-07-28 15:51:20.152326,Mansarovar,918.91,182.88,87.6
2026-07-28 16:51:20.152326,Mansarovar,811.62,123.16,82.0
2026-07-28 17:51:20.152326,Mansarovar,828.28,94.35,87.4
2026-07-28 18:51:20.152326,Mansarovar,925.6,56.83,103.4
2026-07-28 19:51:20.152326,Mansarovar,453.26,26.42,50.8
2026-07-28 20:51:20.152326,Mansarovar,430.34,10.85,49.9
2026-07-28 21:51:20.152326,Mansarovar,387.93,4.33,45.7
2026-07-28 22:51:20.152326,Mansarovar,426.6,1.41,50.6
2026-07-28 23:51:20.152326,Mansarovar,399.98,0.5,47.6
2026-07-29 00:51:20.152326,Mansarovar,426.51,0.01,50.8
2026-07-29 01:51:20.152326,Mansarovar,452.53,0.03,53.9
2026-07-29 02:51:20.152326,Mansarovar,422.67,0.12,50.3
2026-07-29 03:51:20.152326,Mansarovar,456.67,0.48,54.3
2026-07-29 04:51:20.152326,Mansarovar,376.65,1.45,44.7
2026-07-29 05:51:20.152326,Mansarovar,412.39,3.71,48.7
2026-07-29 06:51:20.152326,Mansarovar,440.14,12.11,51.0
2026-07-29 07:51:20.152326,Mansarovar,480.17,28.51,53.8
2026-07-29 08:51:20.152326,Mansarovar,784.72,52.3,87.2
2026-07-29 09:51:20.152326,Mansarovar,942.34,68.62,104.0
2026-07-29 10:51:20.152326,Mansarovar,989.93,135.54,101.7
2026-07-29 11:51:20.152326,Mansarovar,859.7,194.37,79.2
2026-07-29 12:51:20.152326,Mansarovar,850.14,212.35,75.9
2026-07-29 13:51:20.152326,Mansarovar,857.63,317.1,64.3
2026-07-29 14:51:20.152326,Mansarovar,833.97,222.08,72.8
2026-07-29 15:51:20.152326,Mansarovar,856.81,199.3,78.3
2026-07-29 16:51:20.152326,Mansarovar,862.85,151.85,84.6
2026-07-29 17:51:20.152326,Mansarovar,929.21,86.27,100.3
2026-07-29 18:51:20.152326,Mansarovar,847.24,58.78,93.9
2026-07-29 19:51:20.152326,Mansarovar,406.28,24.62,45.4
2026-07-29 20:51:20.152326,Mansarovar,423.16,9.85,49.2
2026-07-29 21:51:20.152326,Mansarovar,434.7,4.54,51.2
2026-07-29 22:51:20.152326,Mansarovar,422.46,1.27,50.1
2026-07-29 23:51:20.152326,Mansarovar,418.52,0.32,49.8
2026-07-30 00:51:20.152326,Mansarovar,371.32,0.0,44.2
2026-07-30 01:51:20.152326,Mansarovar,427.98,0.03,50.9
2026-07-30 02:51:20.152326,Mansarovar,420.3,0.11,50.0
2026-07-30 03:51:20.152326,Mansarovar,444.9,0.4,52.9
2026-07-30 04:51:20.152326,Mansarovar,398.93,1.38,47.3
2026-07-30 05:51:20.152326,Mansarovar,437.4,4.58,51.5
2026-07-30 06:51:20.152326,Mansarovar,438.07,11.23,50.8
2026-07-30 07:51:20.152326,Mansarovar,422.15,21.07,47.7
2026-07-30 08:51:20.152326,Mansarovar,908.79,42.83,103.1
2026-07-30 09:51:20.152326,Mansarovar,833.15,104.55,86.7
2026-07-30 10:51:20.152326,Mansarovar,797.83,134.5,79.0
2026-07-30 11:51:20.152326,Mansarovar,832.58,164.79,79.5
2026-07-30 12:51:20.152326,Mansarovar,804.36,180.75,74.2
2026-07-30 13:51:20.152326,Mansarovar,839.17,246.26,70.6
2026-07-30 14:51:20.152326,Mansarovar,885.01,249.13,75.7
2026-07-30 15:51:20.152326,Mansarovar,888.62,195.05,82.6
2026-07-30 16:51:20.152326,Mansarovar,821.64,141.87,80.9
2026-07-30 17:51:20.152326,Mansarovar,790.72,81.28,84.5
2026-07-30 18:51:20.152326,Mansarovar,832.7,42.63,94.1
2026-07-30 19:51:20.152326,Mansarovar,394.68,26.79,43.8
2026-07-30 20:51:20.152326,Mansarovar,426.17,11.7,49.3
2026-07-30 21:51:20.152326,Mansarovar,429.33,3.97,50.6
2026-07-30 22:51:20.152326,Mansarovar,404.2,1.54,47.9
2026-07-30 23:51:20.152326,Mansarovar,378.6,0.42,45.0
2026-07-31 00:51:20.152326,Mansarovar,419.47,0.01,49.9
2026-07-31 01:51:20.152326,Mansarovar,421.75,0.03,50.2
2026-07-31 02:51:20.152326,Mansarovar,385.15,0.12,45.8
2026-07-31 03:51:20.152326,Mansarovar,433.25,0.4,51.5
2026-07-31 04:51:20.152326,Mansarovar,421.17,1.38,50.0
2026-07-31 05:51:20.152326,Mansarovar,463.12,4.25,54.6
2026-07-31 06:51:20.152326,Mansarovar,433.27,10.21,50.4
2026-07-31 07:51:20.152326,Mansarovar,413.8,26.21,46.1
2026-07-31 08:51:20.152326,Mansarovar,772.48,51.16,85.9
2026-07-31 09:51:20.152326,Mansarovar,890.38,93.01,94.9
2026-07-31 10:51:20.152326,Mansarovar,917.86,130.69,93.7
2026-07-31 11:51:20.152326,Mansarovar,810.57,210.9,71.4
2026-07-31 12:51:20.152326,Mansarovar,923.32,193.98,86.8
2026-07-31 13:51:20.152326,Mansarovar,832.09,254.78,68.7
2026-07-31 14:51:20.152326,Mansarovar,808.62,212.8,70.9
2026-07-31 15:51:20.152326,Mansarovar,757.64,164.38,70.6
2026-07-31 16:51:20.152326,Mansarovar,869.62,159.78,84.5
2026-07-31 17:51:20.152326,Mansarovar,675.72,101.77,68.3
2026-07-31 18:51:20.152326,Mansarovar,838.76,50.38,93.9
2026-07-31 19:51:20.152326,Mansarovar,429.48,27.3,47.9
2026-07-31 20:51:20.152326,Mansarovar,392.46,10.7,45.4
2026-07-31 21:51:20.152326,Mansarovar,388.7,3.99,45.8
2026-07-31 22:51:20.152326,Mansarovar,405.4,1.43,48.1
2026-07-31 23:51:20.152326,Mansarovar,430.37,0.33,51.2
2026-08-01 00:51:20.152326,Mansarovar,441.65,0.0,52.6
2026-08-01 01:51:20.152326,Mansarovar,401.53,0.02,47.8
2026-08-01 02:51:20.152326,Mansarovar,396.65,0.09,47.2
2026-08-01 03:51:20.152326,Mansarovar,442.81,0.29,52.7
2026-08-01 04:51:20.152326,Mansarovar,423.75,1.01,50.3
2026-08-01 05:51:20.152326,Mansarovar,380.64,3.48,44.9
2026-08-01 06:51:20.152326,Mansarovar,457.32,8.19,53.5
2026-08-01 07:51:20.152326,Mansarovar,426.86,16.62,48.8
2026-08-01 08:51:20.152326,Mansarovar,893.45,36.64,102.0
2026-08-01 09:51:20.152326,Mansarovar,915.57,71.81,100.4
2026-08-01 10:51:20.152326,Mansarovar,871.0,101.37,91.6
2026-08-01 11:51:20.152326,Mansarovar,940.43,163.55,92.5
2026-08-01 12:51:20.152326,Mansarovar,763.26,164.76,71.2
2026-08-01 13:51:20.152326,Mansarovar,793.03,165.93,74.7
2026-08-01 14:51:20.152326,Mansarovar,829.65,154.96,80.3
2026-08-01 15:51:20.152326,Mansarovar,842.41,127.16,85.1
2026-08-01 16:51:20.152326,Mansarovar,836.59,127.33,84.4
2026-08-01 17:51:20.152326,Mansarovar,847.18,73.44,92.1
2026-08-01 18:51:20.152326,Mansarovar,928.49,47.22,104.9
2026-08-01 19:51:20.152326,Mansarovar,437.0,16.4,50.1
2026-08-01 20:51:20.152326,Mansarovar,441.96,8.02,51.7
2026-08-01 21:51:20.152326,Mansarovar,433.46,2.77,51.3
2026-08-01 22:51:20.152326,Mansarovar,438.43,1.02,52.1
2026-08-01 23:51:20.152326,Mansarovar,398.37,0.28,47.4
2026-08-02 00:51:20.152326,Mansarovar,399.13,0.0,47.5
2026-08-02 01:51:20.152326,Mansarovar,390.81,0.02,46.5
2026-08-02 02:51:20.152326,Mansarovar,396.92,0.08,47.2
2026-08-02 03:51:20.152326,Mansarovar,379.96,0.35,45.2
2026-08-02 04:51:20.152326,Mansarovar,416.91,1.03,49.5
2026-08-02 05:51:20.152326,Mansarovar,418.14,3.07,49.4
2026-08-02 06:51:20.152326,Mansarovar,394.57,7.55,46.1
2026-08-02 07:51:20.152326,Mansarovar,446.65,19.83,50.8
2026-08-02 08:51:20.152326,Mansarovar,789.73,36.42,89.7
2026-08-02 09:51:20.152326,Mansarovar,827.86,72.26,90.0
2026-08-02 10:51:20.152326,Mansarovar,832.38,109.14,86.1
2026-08-02 11:51:20.152326,Mansarovar,868.93,148.5,85.8
2026-08-02 12:51:20.152326,Mansarovar,853.53,146.25,84.2
2026-08-02 13:51:20.152326,Mansarovar,806.4,159.41,77.0
2026-08-02 14:51:20.152326,Mansarovar,876.86,172.2,83.9
2026-08-02 15:51:20.152326,Mansarovar,823.26,155.15,79.5
2026-08-02 16:51:20.152326,Mansarovar,923.9,106.52,97.3
2026-08-02 17:51:20.152326,Mansarovar,845.48,65.67,92.8
2026-08-02 18:51:20.152326,Mansarovar,852.43,43.2,96.3
2026-08-02 19:51:20.152326,Mansarovar,412.61,22.58,46.4
2026-08-02 20:51:20.152326,Mansarovar,379.49,7.31,44.3
2026-08-02 21:51:20.152326,Mansarovar,398.37,3.25,47.0
2026-08-02 22:51:20.152326,Mansarovar,423.87,0.97,50.3
2026-08-02 23:51:20.152326,Mansarovar,372.77,0.39,44.3
2026-08-03 00:51:20.152326,Mansarovar,443.32,0.01,52.8
2026-08-03 01:51:20.152326,Mansarovar,413.12,0.03,49.2
2026-08-03 02:51:20.152326,Mansarovar,488.61,0.1,58.2
2026-08-03 03:51:20.152326,Mansarovar,425.62,0.42,50.6
2026-08-03 04:51:20.152326,Mansarovar,417.77,1.44,49.6
2026-08-03 05:51:20.152326,Mansarovar,443.6,4.93,52.2
2026-08-03 06:51:20.152326,Mansarovar,403.57,10.2,46.8
2026-08-03 07:51:20.152326,Mansarovar,411.21,25.33,45.9
2026-08-03 08:51:20.152326,Mansarovar,826.01,48.14,92.6
2026-08-03 09:51:20.152326,Mansarovar,823.91,91.29,87.2
2026-08-03 10:51:20.152326,Mansarovar,759.7,126.22,75.4
2026-08-03 11:51:20.152326,Mansarovar,878.36,191.71,81.7
2026-08-03 12:51:20.152326,Mansarovar,814.27,256.44,66.4
2026-08-03 13:51:20.152326,Mansarovar,789.56,216.22,68.3
2026-08-03 14:51:20.152326,Mansarovar,898.38,271.8,74.6
2026-08-03 15:51:20.152326,Mansarovar,905.13,154.01,89.4
2026-08-03 16:51:20.152326,Mansarovar,797.7,142.5,78.0
2026-08-03 17:51:20.152326,Mansarovar,807.33,92.77,85.1
2026-08-03 18:51:20.152326,Mansarovar,896.44,41.04,101.8
2026-08-03 19:51:20.152326,Mansarovar,430.68,25.57,48.2
2026-08-03 20:51:20.152326,Mansarovar,368.84,11.18,42.6
2026-08-03 21:51:20.152326,Mansarovar,404.4,4.33,47.6
2026-08-03 22:51:20.152326,Mansarovar,397.51,1.33,47.2
2026-08-03 23:51:20.152326,Mansarovar,418.23,0.48,49.7
2026-08-04 00:51:20.152326,Mansarovar,440.9,0.0,52.5
2026-08-04 01:51:20.152326,Mansarovar,425.99,0.02,50.7
2026-08-04 02:51:20.152326,Mansarovar,395.17,0.11,47.0
2026-08-04 03:51:20.152326,Mansarovar,403.61,0.46,48.0
2026-08-04 04:51:20.152326,Mansarovar,416.58,1.53,49.4
2026-08-04 05:51:20.152326,Mansarovar,430.4,4.62,50.7
2026-08-04 06:51:20.152326,Mansarovar,442.08,10.37,51.4
2026-08-04 07:51:20.152326,Mansarovar,447.46,23.03,50.5
2026-08-04 08:51:20.152326,Mansarovar,822.44,48.48,92.1
2026-08-04 09:51:20.152326,Mansarovar,829.16,102.93,86.5
2026-08-04 10:51:20.152326,Mansarovar,806.36,130.35,80.5
2026-08-04 11:51:20.152326,Mansarovar,821.45,163.8,78.3
2026-08-04 12:51:20.152326,Mansarovar,847.8,222.81,74.4
2026-08-04 13:51:20.152326,Mansarovar,870.98,223.43,77.1
2026-08-04 14:51:20.152326,Mansarovar,811.57,266.21,64.9
2026-08-04 15:51:20.152326,Mansarovar,829.49,222.5,72.3
2026-08-04 16:51:20.152326,Mansarovar,814.82,151.67,78.9
2026-08-04 17:51:20.152326,Mansarovar,800.11,105.23,82.7
2026-08-04 18:51:20.152326,Mansarovar,810.4,45.12,91.1
2026-08-04 19:51:20.152326,Mansarovar,415.65,27.17,46.2
2026-08-04 20:51:20.152326,Mansarovar,399.73,10.31,46.4
2026-08-04 21:51:20.152326,Mansarovar,420.14,4.52,49.5
2026-08-04 22:51:20.152326,Mansarovar,442.96,1.22,52.6
2026-08-04 23:51:20.152326,Mansarovar,429.3,0.52,51.0
2026-08-05 00:51:20.152326,Mansarovar,414.41,0.0,49.3
2026-08-05 01:51:20.152326,Mansarovar,409.16,0.02,48.7
2026-08-05 02:51:20.152326,Mansarovar,391.19,0.1,46.6
2026-08-05 03:51:20.152326,Mansarovar,443.59,0.47,52.8
2026-08-05 04:51:20.152326,Mansarovar,402.3,1.45,47.7
2026-08-05 05:51:20.152326,Mansarovar,426.78,4.01,50.3
2026-08-05 06:51:20.152326,Mansarovar,417.15,8.97,48.6
2026-08-05 07:51:20.152326,Mansarovar,408.15,20.18,46.2
2026-08-05 08:51:20.152326,Mansarovar,907.88,56.56,101.3
2026-08-05 09:51:20.152326,Mansarovar,842.97,102.27,88.2
2026-08-05 10:51:20.152326,Mansarovar,851.68,143.95,84.3
2026-08-05 11:51:20.152326,Mansarovar,796.11,168.02,74.8
2026-08-05 12:51:20.152326,Mansarovar,822.57,241.06,69.2
2026-08-05 13:51:20.152326,Mansarovar,885.7,218.86,79.4
2026-08-05 14:51:20.152326,Mansarovar,911.54,225.08,81.7
2026-08-05 15:51:20.152326,Mansarovar,842.84,172.97,79.7
2026-08-05 16:51:20.152326,Mansarovar,898.6,151.27,89.0
2026-08-05 17:51:20.152326,Mansarovar,808.12,88.2,85.7
2026-08-05 18:51:20.152326,Mansarovar,840.74,54.09,93.6
2026-08-05 19:51:20.152326,Mansarovar,400.21,21.25,45.1
2026-08-05 20:51:20.152326,Mansarovar,427.62,9.09,49.8
2026-08-05 21:51:20.152326,Mansarovar,408.24,3.8,48.1
2026-08-05 22:51:20.152326,Mansarovar,404.7,1.29,48.0
2026-08-05 23:51:20.152326,Mansarovar,452.18,0.38,53.8
2026-08-06 00:51:20.152326,Mansarovar,443.06,0.01,52.7
2026-08-06 01:51:20.152326,Mansarovar,470.08,0.03,56.0
2026-08-06 02:51:20.152326,Mansarovar,433.72,0.1,51.6
2026-08-06 03:51:20.152326,Mansarovar,418.75,0.39,49.8
2026-08-06 04:51:20.152326,Mansarovar,375.23,1.6,44.5
2026-08-06 05:51:20.152326,Mansarovar,454.48,4.02,53.6
2026-08-06 06:51:20.152326,Mansarovar,423.39,11.94,49.0
2026-08-06 07:51:20.152326,Mansarovar,439.13,20.93,49.8
2026-08-06 08:51:20.152326,Mansarovar,744.21,48.83,82.8
2026-08-06 09:51:20.152326,Mansarovar,874.45,91.29,93.2
2026-08-06 10:51:20.152326,Mansarovar,793.28,125.25,79.5
2026-08-06 11:51:20.152326,Mansarovar,888.06,190.18,83.1
2026-08-06 12:51:20.152326,Mansarovar,848.25,223.9,74.3
2026-08-06 13:51:20.152326,Mansarovar,855.53,255.08,71.5
2026-08-06 14:51:20.152326,Mansarovar,854.61,261.72,70.6
2026-08-06 15:51:20.152326,Mansarovar,750.76,185.51,67.3
2026-08-06 16:51:20.152326,Mansarovar,825.54,128.77,82.9
2026-08-06 17:51:20.152326,Mansarovar,919.49,72.75,100.8
2026-08-06 18:51:20.152326,Mansarovar,846.88,47.19,95.2
2026-08-06 19:51:20.152326,Mansarovar,438.82,27.47,49.0
2026-08-06 20:51:20.152326,Mansarovar,411.92,11.29,47.7
2026-08-06 21:51:20.152326,Mansarovar,432.26,4.56,50.9
2026-08-06 22:51:20.152326,Mansarovar,443.01,1.58,52.6
2026-08-06 23:51:20.152326,Mansarovar,413.02,0.39,49.1
2026-08-07 00:51:20.152326,Mansarovar,429.48,0.0,51.1
2026-08-07 01:51:20.152326,Mansarovar,427.25,0.02,50.9
2026-08-07 02:51:20.152326,Mansarovar,458.58,0.11,54.6
2026-08-07 03:51:20.152326,Mansarovar,404.14,0.45,48.1
2026-08-07 04:51:20.152326,Mansarovar,402.56,1.45,47.8
2026-08-07 05:51:20.152326,Mansarovar,418.89,4.98,49.3
2026-08-07 06:51:20.152326,Mansarovar,437.76,8.86,51.1
2026-08-07 07:51:20.152326,Mansarovar,443.73,26.75,49.6
2026-08-07 08:51:20.152326,Mansarovar,862.77,52.78,96.4
2026-08-07 09:51:20.152326,Mansarovar,893.23,75.71,97.3
2026-08-07 10:51:20.152326,Mansarovar,777.04,124.08,77.7
2026-08-07 11:51:20.152326,Mansarovar,814.23,179.23,75.6
2026-08-07 12:51:20.152326,Mansarovar,843.16,243.19,71.4
2026-08-07 13:51:20.152326,Mansarovar,772.65,252.58,61.9
2026-08-07 14:51:20.152326,Mansarovar,779.21,288.25,58.4
2026-08-07 15:51:20.152326,Mansarovar,945.95,202.46,88.5
2026-08-07 16:51:20.152326,Mansarovar,873.34,133.11,88.1
2026-08-07 17:51:20.152326,Mansarovar,822.05,89.93,87.2
2026-08-07 18:51:20.152326,Mansarovar,871.14,54.39,97.2
2026-08-07 19:51:20.152326,Mansarovar,418.55,26.06,46.7
2026-08-07 20:51:20.152326,Mansarovar,411.26,10.18,47.7
2026-08-07 21:51:20.152326,Mansarovar,426.07,3.98,50.2
2026-08-07 22:51:20.152326,Mansarovar,464.01,1.55,55.1
2026-08-07 23:51:20.152326,Mansarovar,425.42,0.44,50.6
2026-08-08 00:51:20.152326,Mansarovar,421.74,0.0,50.2
2026-08-08 01:51:20.152326,Mansarovar,403.1,0.02,48.0
2026-08-08 02:51:20.152326,Mansarovar,452.91,0.08,53.9
2026-08-08 03:51:20.152326,Mansarovar,409.65,0.3,48.7
2026-08-08 04:51:20.152326,Mansarovar,399.72,1.12,47.5
2026-08-08 05:51:20.152326,Mansarovar,429.97,3.2,50.8
2026-08-08 06:51:20.152326,Mansarovar,446.37,7.53,52.2
2026-08-08 07:51:20.152326,Mansarovar,393.15,17.52,44.7
2026-08-08 08:51:20.152326,Mansarovar,809.18,33.67,92.3
2026-08-08 09:51:20.152326,Mansarovar,823.84,60.48,90.9
2026-08-08 10:51:20.152326,Mansarovar,845.15,107.23,87.8
2026-08-08 11:51:20.152326,Mansarovar,838.14,159.69,80.8
2026-08-08 12:51:20.152326,Mansarovar,804.57,168.61,75.7
2026-08-08 13:51:20.152326,Mansarovar,857.15,177.64,80.9
2026-08-08 14:51:20.152326,Mansarovar,782.39,176.44,72.1
2026-08-08 15:51:20.152326,Mansarovar,943.75,164.18,92.8
2026-08-08 16:51:20.152326,Mansarovar,885.1,108.11,92.5
2026-08-08 17:51:20.152326,Mansarovar,775.05,73.15,83.6
2026-08-08 18:51:20.152326,Mansarovar,961.58,40.11,109.7
2026-08-08 19:51:20.152326,Mansarovar,449.36,19.09,51.2
2026-08-08 20:51:20.152326,Mansarovar,384.16,9.49,44.6
2026-08-08 21:51:20.152326,Mansarovar,435.63,2.39,51.6
2026-08-08 22:51:20.152326,Mansarovar,432.67,1.03,51.4
2026-08-08 23:51:20.152326,Mansarovar,380.35,0.26,45.2
2026-08-09 00:51:20.152326,Mansarovar,408.04,0.0,48.6
2026-08-09 01:51:20.152326,Mansarovar,393.03,0.02,46.8
2026-08-09 02:51:20.152326,Mansarovar,431.14,0.09,51.3
2026-08-09 03:51:20.152326,Mansarovar,389.78,0.35,46.4
2026-08-09 04:51:20.152326,Mansarovar,428.1,1.18,50.8
2026-08-09 05:51:20.152326,Mansarovar,431.22,3.2,51.0
2026-08-09 06:51:20.152326,Mansarovar,465.91,8.52,54.5
2026-08-09 07:51:20.152326,Mansarovar,432.01,21.64,48.9
2026-08-09 08:51:20.152326,Mansarovar,803.67,35.85,91.4
2026-08-09 09:51:20.152326,Mansarovar,863.01,53.45,96.4
2026-08-09 10:51:20.152326,Mansarovar,874.26,105.41,91.5
2026-08-09 11:51:20.152326,Mansarovar,754.4,129.49,74.4
2026-08-09 12:51:20.152326,Mansarovar,808.24,190.31,73.6
2026-08-09 13:51:20.152326,Mansarovar,908.09,202.1,84.0
2026-08-09 14:51:20.152326,Mansarovar,876.62,184.19,82.4
2026-08-09 15:51:20.152326,Mansarovar,881.0,141.0,88.1
2026-08-09 16:51:20.152326,Mansarovar,799.49,97.9,83.5
2026-08-09 17:51:20.152326,Mansarovar,818.77,70.98,89.0
2026-08-09 18:51:20.152326,Mansarovar,937.86,33.44,107.7
2026-08-09 19:51:20.152326,Mansarovar,411.74,18.85,46.8
2026-08-09 20:51:20.152326,Mansarovar,435.53,7.93,50.9
2026-08-09 21:51:20.152326,Mansarovar,412.66,3.97,48.7
2026-08-09 22:51:20.152326,Mansarovar,360.09,1.03,42.7
2026-08-09 23:51:20.152326,Mansarovar,406.7,0.32,48.4
2026-08-10 00:51:20.152326,Mansarovar,421.66,0.0,50.2
2026-08-10 01:51:20.152326,Mansarovar,452.57,0.03,53.9
2026-08-10 02:51:20.152326,Mansarovar,405.93,0.13,48.3
2026-08-10 03:51:20.152326,Mansarovar,418.36,0.33,49.8
2026-08-10 04:51:20.152326,Mansarovar,414.54,1.24,49.2
2026-08-10 05:51:20.152326,Mansarovar,417.72,3.58,49.3
2026-08-10 06:51:20.152326,Mansarovar,425.04,12.57,49.1
2026-08-10 07:51:20.152326,Mansarovar,398.53,28.33,44.1
2026-08-10 08:51:20.152326,Mansarovar,819.82,43.15,92.5
2026-08-10 09:51:20.152326,Mansarovar,879.71,90.06,94.0
2026-08-10 10:51:20.152326,Mansarovar,783.5,143.97,76.1
2026-08-10 11:51:20.152326,Mansarovar,812.3,191.08,74.0
2026-08-10 12:51:20.152326,Mansarovar,856.57,210.58,76.9
2026-08-10 13:51:20.152326,Mansarovar,858.91,210.05,77.2
2026-08-10 14:51:20.152326,Mansarovar,892.2,272.37,73.8
2026-08-10 15:51:20.152326,Mansarovar,790.23,226.99,67.1
2026-08-10 16:51:20.152326,Mansarovar,903.64,140.87,90.8
2026-08-10 17:51:20.152326,Mansarovar,895.45,102.97,94.3
2026-08-10 18:51:20.152326,Mansarovar,829.08,37.13,94.3
2026-08-10 19:51:20.152326,Mansarovar,422.0,27.0,47.0
2026-08-10 20:51:20.152326,Mansarovar,441.84,10.81,51.3
2026-08-10 21:51:20.152326,Mansarovar,424.84,3.82,50.1
2026-08-10 22:51:20.152326,Mansarovar,402.14,1.56,47.7
2026-08-10 23:51:20.152326,Mansarovar,433.86,0.45,51.6
2026-08-11 00:51:20.152326,Mansarovar,434.16,0.0,51.7
2026-08-11 01:51:20.152326,Mansarovar,445.06,0.02,53.0
2026-08-11 02:51:20.152326,Mansarovar,368.79,0.13,43.9
2026-08-11 03:51:20.152326,Mansarovar,467.04,0.34,55.6
2026-08-11 04:51:20.152326,Mansarovar,385.31,1.44,45.7
2026-08-11 05:51:20.152326,Mansarovar,396.59,3.29,46.8
2026-08-11 06:51:20.152326,Mansarovar,435.36,11.24,50.5
2026-08-11 07:51:20.152326,Mansarovar,397.94,22.04,44.7
2026-08-11 08:51:20.152326,Mansarovar,716.99,49.46,79.5
2026-08-11 09:51:20.152326,Mansarovar,836.31,75.09,90.6
2026-08-11 10:51:20.152326,Mansarovar,905.9,158.51,89.0
2026-08-11 11:51:20.152326,Mansarovar,847.59,195.34,77.6
2026-08-11 12:51:20.152326,Mansarovar,895.68,224.64,79.9
2026-08-11 13:51:20.152326,Mansarovar,858.09,257.88,71.5
2026-08-11 14:51:20.152326,Mansarovar,823.05,245.6,68.7
2026-08-11 15:51:20.152326,Mansarovar,820.87,245.06,68.5
2026-08-11 16:51:20.152326,Mansarovar,855.29,154.6,83.4
2026-08-11 17:51:20.152326,Mansarovar,846.56,83.63,90.8
2026-08-11 18:51:20.152326,Mansarovar,776.2,48.27,86.7
2026-08-11 19:51:20.152326,Mansarovar,449.58,23.45,50.7
2026-08-11 20:51:20.152326,Mansarovar,428.65,10.67,49.8
2026-08-11 21:51:20.152326,Mansarovar,419.08,4.69,49.3
2026-08-11 22:51:20.152326,Mansarovar,458.71,1.12,54.5
2026-08-11 23:51:20.152326,Mansarovar,426.77,0.5,50.7
2026-08-12 00:51:20.152326,Mansarovar,378.33,0.01,45.0
2026-08-12 01:51:20.152326,Mansarovar,412.41,0.03,49.1
2026-08-12 02:51:20.152326,Mansarovar,427.23,0.1,50.8
2026-08-12 03:51:20.152326,Mansarovar,440.36,0.42,52.4
2026-08-12 04:51:20.152326,Mansarovar,462.45,1.33,54.9
2026-08-12 05:51:20.152326,Mansarovar,454.4,4.32,53.6
2026-08-12 06:51:20.152326,Mansarovar,417.59,11.12,48.4
2026-08-12 07:51:20.152326,Mansarovar,473.62,28.31,53.0
2026-08-12 08:51:20.152326,Mansarovar,830.46,54.29,92.4
2026-08-12 09:51:20.152326,Mansarovar,841.52,101.22,88.1
2026-08-12 10:51:20.152326,Mansarovar,889.67,131.72,90.2
2026-08-12 11:51:20.152326,Mansarovar,874.57,155.97,85.5
2026-08-12 12:51:20.152326,Mansarovar,867.68,252.99,73.2
2026-08-12 13:51:20.152326,Mansarovar,767.06,254.11,61.1
2026-08-12 14:51:20.152326,Mansarovar,786.25,237.4,65.3
2026-08-12 15:51:20.152326,Mansarovar,827.15,189.82,75.9
2026-08-12 16:51:20.152326,Mansarovar,916.41,139.2,92.5
2026-08-12 17:51:20.152326,Mansarovar,900.64,90.47,96.4
2026-08-12 18:51:20.152326,Mansarovar,904.39,56.14,101.0
2026-08-12 19:51:20.152326,Mansarovar,406.79,22.71,45.7
2026-08-12 20:51:20.152326,Mansarovar,439.82,10.13,51.2
2026-08-12 21:51:20.152326,Mansarovar,393.62,3.64,46.4
2026-08-12 22:51:20.152326,Mansarovar,425.13,1.45,50.4
2026-08-12 23:51:20.152326,Mansarovar,448.06,0.41,53.3
2026-08-13 00:51:20.152326,Mansarovar,429.5,0.01,51.1
2026-08-13 01:51:20.152326,Mansarovar,409.31,0.03,48.7
2026-08-13 02:51:20.152326,Mansarovar,424.06,0.11,50.5
2026-08-13 03:51:20.152326,Mansarovar,436.97,0.41,52.0
2026-08-13 04:51:20.152326,Mansarovar,477.24,1.65,56.6
2026-08-13 05:51:20.152326,Mansarovar,381.37,4.04,44.9
2026-08-13 06:51:20.152326,Mansarovar,443.49,12.78,51.3
2026-08-13 07:51:20.152326,Mansarovar,426.6,25.75,47.7
2026-08-13 08:51:20.152326,Mansarovar,832.71,52.02,92.9
2026-08-13 09:51:20.152326,Mansarovar,867.85,85.12,93.2
2026-08-13 10:51:20.152326,Mansarovar,909.45,144.86,91.0
2026-08-13 11:51:20.152326,Mansarovar,885.98,159.45,86.5
2026-08-13 12:51:20.152326,Mansarovar,844.91,269.12,68.5
2026-08-13 13:51:20.152326,Mansarovar,786.65,271.21,61.4
2026-08-13 14:51:20.152326,Mansarovar,884.71,231.79,77.7
2026-08-13 15:51:20.152326,Mansarovar,877.13,193.26,81.4
2026-08-13 16:51:20.152326,Mansarovar,882.84,178.01,83.9
2026-08-13 17:51:20.152326,Mansarovar,892.99,95.46,94.9
2026-08-13 18:51:20.152326,Mansarovar,828.78,42.01,93.7
2026-08-13 19:51:20.152326,Mansarovar,372.12,21.45,41.7
2026-08-13 20:51:20.152326,Mansarovar,459.56,11.6,53.3
2026-08-13 21:51:20.152326,Mansarovar,433.71,4.48,51.1
2026-08-13 22:51:20.152326,Mansarovar,452.6,1.18,53.7
2026-08-13 23:51:20.152326,Mansarovar,405.88,0.42,48.3
2026-08-14 00:51:20.152326,Mansarovar,423.04,0.0,50.4
2026-08-14 01:51:20.152326,Mansarovar,431.91,0.03,51.4
2026-08-14 02:51:20.152326,Mansarovar,422.46,0.11,50.3
2026-08-14 03:51:20.152326,Mansarovar,409.11,0.41,48.7
2026-08-14 04:51:20.152326,Mansarovar,453.01,1.15,53.8
2026-08-14 05:51:20.152326,Mansarovar,408.26,4.93,48.0
2026-08-14 06:51:20.152326,Mansarovar,389.93,10.34,45.2
2026-08-14 07:51:20.152326,Mansarovar,410.38,20.91,46.4
2026-08-14 08:51:20.152326,Mansarovar,927.66,45.02,105.1
2026-08-14 09:51:20.152326,Mansarovar,781.2,78.52,83.7
2026-08-14 10:51:20.152326,Mansarovar,882.6,128.61,89.8
2026-08-14 11:51:20.152326,Mansarovar,744.45,165.18,69.0
2026-08-14 12:51:20.152326,Mansarovar,899.7,233.69,79.3
2026-08-14 13:51:20.152326,Mansarovar,789.66,265.14,62.4
2026-08-14 14:51:20.152326,Mansarovar,829.84,218.12,72.8
2026-08-14 15:51:20.152326,Mansarovar,824.13,190.6,75.4
2026-08-14 16:51:20.152326,Mansarovar,790.03,143.29,77.0
2026-08-14 17:51:20.152326,Mansarovar,814.08,101.18,84.9
2026-08-14 18:51:20.152326,Mansarovar,868.92,48.45,97.7
2026-08-14 19:51:20.152326,Mansarovar,456.14,25.63,51.3
2026-08-14 20:51:20.152326,Mansarovar,426.48,8.49,49.8
2026-08-14 21:51:20.152326,Mansarovar,424.64,4.3,50.0
2026-08-14 22:51:20.152326,Mansarovar,400.42,1.26,47.5
2026-08-14 23:51:20.152326,Mansarovar,398.3,0.48,47.4
2026-08-15 00:51:20.152326,Mansarovar,447.48,0.0,53.3
2026-08-15 01:51:20.152326,Mansarovar,429.81,0.02,51.2
2026-08-15 02:51:20.152326,Mansarovar,406.48,0.07,48.4
2026-08-15 03:51:20.152326,Mansarovar,465.55,0.29,55.4
2026-08-15 04:51:20.152326,Mansarovar,397.25,1.1,47.2
2026-08-15 05:51:20.152326,Mansarovar,442.49,3.17,52.3
2026-08-15 06:51:20.152326,Mansarovar,431.38,7.0,50.5
2026-08-15 07:51:20.152326,Mansarovar,423.7,18.05,48.3
2026-08-15 08:51:20.152326,Mansarovar,808.47,38.62,91.6
2026-08-15 09:51:20.152326,Mansarovar,858.84,56.87,95.5
2026-08-15 10:51:20.152326,Mansarovar,926.8,114.8,96.7
2026-08-15 11:51:20.152326,Mansarovar,800.12,158.52,76.4
2026-08-15 12:51:20.152326,Mansarovar,783.41,178.42,72.0
2026-08-15 13:51:20.152326,Mansarovar,848.58,203.0,76.9
2026-08-15 14:51:20.152326,Mansarovar,789.27,181.13,72.4
2026-08-15 15:51:20.152326,Mansarovar,768.37,145.39,74.2
2026-08-15 16:51:20.152326,Mansarovar,824.24,96.44,86.6
2026-08-15 17:51:20.152326,Mansarovar,907.55,66.11,100.2
2026-08-15 18:51:20.152326,Mansarovar,858.05,33.81,98.1
2026-08-15 19:51:20.152326,Mansarovar,395.79,17.9,45.0
2026-08-15 20:51:20.152326,Mansarovar,416.38,7.42,48.7
2026-08-15 21:51:20.152326,Mansarovar,440.43,2.85,52.1
2026-08-15 22:51:20.152326,Mansarovar,437.04,1.05,51.9
2026-08-15 23:51:20.152326,Mansarovar,481.52,0.34,57.3
2026-08-16 00:51:20.152326,Mansarovar,437.82,0.0,52.1
2026-08-16 01:51:20.152326,Mansarovar,408.9,0.02,48.7
2026-08-16 02:51:20.152326,Mansarovar,402.67,0.08,47.9
2026-08-16 03:51:20.152326,Mansarovar,447.13,0.32,53.2
2026-08-16 04:51:20.152326,Mansarovar,445.56,0.97,52.9
2026-08-16 05:51:20.152326,Mansarovar,433.97,2.98,51.3
2026-08-16 06:51:20.152326,Mansarovar,453.54,7.53,53.1
2026-08-16 07:51:20.152326,Mansarovar,456.71,15.39,52.5
2026-08-16 08:51:20.152326,Mansarovar,850.51,33.28,97.3
2026-08-16 09:51:20.152326,Mansarovar,866.55,70.5,94.8
2026-08-16 10:51:20.152326,Mansarovar,804.26,102.11,83.6
2026-08-16 11:51:20.152326,Mansarovar,844.65,129.72,85.1
2026-08-16 12:51:20.152326,Mansarovar,839.97,157.61,81.2
2026-08-16 13:51:20.152326,Mansarovar,804.67,181.14,74.2
2026-08-16 14:51:20.152326,Mansarovar,924.98,177.53,89.0
2026-08-16 15:51:20.152326,Mansarovar,788.37,136.21,77.6
2026-08-16 16:51:20.152326,Mansarovar,788.19,126.14,78.8
2026-08-16 17:51:20.152326,Mansarovar,830.61,69.31,90.6
2026-08-16 18:51:20.152326,Mansarovar,897.0,38.48,102.2
2026-08-16 19:51:20.152326,Mansarovar,394.19,16.82,44.9
2026-08-16 20:51:20.152326,Mansarovar,401.99,6.6,47.1
2026-08-16 21:51:20.152326,Mansarovar,446.5,3.02,52.8
2026-08-16 22:51:20.152326,Mansarovar,438.92,1.28,52.1
2026-08-16 23:51:20.152326,Mansarovar,402.64,0.28,47.9
2026-08-17 00:51:20.152326,Mansarovar,407.81,0.01,48.5
2026-08-17 01:51:20.152326,Mansarovar,462.48,0.03,55.1
2026-08-17 02:51:20.152326,Mansarovar,427.31,0.1,50.9
2026-08-17 03:51:20.152326,Mansarovar,426.34,0.44,50.7
2026-08-17 04:51:20.152326,Mansarovar,433.27,1.51,51.4
2026-08-17 05:51:20.152326,Mansarovar,423.64,4.05,50.0
2026-08-17 06:51:20.152326,Mansarovar,378.52,10.02,43.9
2026-08-17 07:51:20.152326,Mansarovar,400.38,26.2,44.5
2026-08-17 08:51:20.152326,Mansarovar,811.3,40.54,91.8
2026-08-17 09:51:20.152326,Mansarovar,758.32,88.59,79.7
2026-08-17 10:51:20.152326,Mansarovar,756.85,155.66,71.6
2026-08-17 11:51:20.152326,Mansarovar,823.47,199.86,74.2
2026-08-17 12:51:20.152326,Mansarovar,804.69,245.29,66.6
2026-08-17 13:51:20.152326,Mansarovar,809.19,288.75,62.0
2026-08-17 14:51:20.152326,Mansarovar,892.46,232.2,78.6
2026-08-17 15:51:20.152326,Mansarovar,728.99,168.09,66.8
2026-08-17 16:51:20.152326,Mansarovar,860.97,111.37,89.2
2026-08-17 17:51:20.152326,Mansarovar,847.49,85.37,90.7
2026-08-17 18:51:20.152326,Mansarovar,876.13,63.54,96.7
2026-08-17 19:51:20.152326,Mansarovar,417.44,22.32,47.0
2026-08-17 20:51:20.152326,Mansarovar,423.4,11.33,49.1
2026-08-17 21:51:20.152326,Mansarovar,423.06,3.79,49.9
2026-08-17 22:51:20.152326,Mansarovar,414.09,1.72,49.1
2026-08-17 23:51:20.152326,Mansarovar,406.6,0.41,48.4
2026-08-18 00:51:20.152326,Mansarovar,413.13,0.01,49.2
2026-08-18 01:51:20.152326,Mansarovar,399.84,0.03,47.6
2026-08-18 02:51:20.152326,Mansarovar,388.85,0.11,46.3
2026-08-18 03:51:20.152326,Mansarovar,452.48,0.45,53.8
2026-08-18 04:51:20.152326,Mansarovar,426.29,1.26,50.6
2026-08-18 05:51:20.152326,Mansarovar,423.16,4.52,49.8
2026-08-18 06:51:20.152326,Mansarovar,405.04,10.33,47.0
2026-08-18 07:51:20.152326,Mansarovar,430.24,25.86,48.1
2026-08-18 08:51:20.152326,Mansarovar,858.88,54.49,95.8
2026-08-18 09:51:20.152326,Mansarovar,786.52,97.34,82.0
2026-08-18 10:51:20.152326,Mansarovar,846.94,136.32,84.6
2026-08-18 11:51:20.152326,Mansarovar,957.78,195.17,90.8
2026-08-18 12:51:20.152326,Mansarovar,806.22,228.06,68.8
2026-08-18 13:51:20.152326,Mansarovar,745.84,230.3,61.4
2026-08-18 14:51:20.152326,Mansarovar,826.03,215.79,72.6
2026-08-18 15:51:20.152326,Mansarovar,831.11,176.18,78.0
2026-08-18 16:51:20.152326,Mansarovar,849.2,149.28,83.3
2026-08-18 17:51:20.152326,Mansarovar,854.19,86.74,91.4
2026-08-18 18:51:20.152326,Mansarovar,900.46,44.66,101.9
2026-08-18 19:51:20.152326,Mansarovar,403.67,23.74,45.2
2026-08-18 20:51:20.152326,Mansarovar,408.95,10.5,47.4
2026-08-18 21:51:20.152326,Mansarovar,414.53,4.94,48.8
2026-08-18 22:51:20.152326,Mansarovar,392.08,1.23,46.5
2026-08-18 23:51:20.152326,Mansarovar,399.53,0.46,47.5
2026-08-19 00:51:20.152326,Mansarovar,435.24,0.0,51.8
2026-08-19 01:51:20.152326,Mansarovar,449.17,0.02,53.5
2026-08-19 02:51:20.152326,Mansarovar,428.3,0.09,51.0
2026-08-19 03:51:20.152326,Mansarovar,392.52,0.34,46.7
2026-08-19 04:51:20.152326,Mansarovar,347.84,1.08,41.3
2026-08-19 05:51:20.152326,Mansarovar,437.44,3.8,51.6
2026-08-19 06:51:20.152326,Mansarovar,422.85,10.03,49.1
2026-08-19 07:51:20.152326,Mansarovar,422.53,25.56,47.3
2026-08-19 08:51:20.152326,Mansarovar,860.94,51.18,96.4
2026-08-19 09:51:20.152326,Mansarovar,835.04,77.76,90.2
2026-08-19 10:51:20.152326,Mansarovar,818.25,138.93,80.9
2026-08-19 11:51:20.152326,Mansarovar,783.45,208.15,68.5
2026-08-19 12:51:20.152326,Mansarovar,876.94,236.38,76.3
2026-08-19 13:51:20.152326,Mansarovar,814.04,215.61,71.2
2026-08-19 14:51:20.152326,Mansarovar,831.03,238.47,70.5
2026-08-19 15:51:20.152326,Mansarovar,831.65,219.57,72.9
2026-08-19 16:51:20.152326,Mansarovar,843.46,104.36,88.0
2026-08-19 17:51:20.152326,Mansarovar,910.09,95.85,96.9
2026-08-19 18:51:20.152326,Mansarovar,789.22,59.94,86.8
2026-08-19 19:51:20.152326,Mansarovar,418.84,28.45,46.5
2026-08-19 20:51:20.152326,Mansarovar,414.58,8.61,48.3
2026-08-19 21:51:20.152326,Mansarovar,402.78,3.54,47.5
2026-08-19 22:51:20.152326,Mansarovar,382.43,1.51,45.3
2026-08-19 23:51:20.152326,Mansarovar,455.69,0.42,54.2
2026-08-20 00:51:20.152326,Mansarovar,398.73,0.01,47.5
2026-08-20 01:51:20.152326,Mansarovar,428.3,0.02,51.0
2026-08-20 02:51:20.152326,Mansarovar,422.18,0.12,50.2
2026-08-20 03:51:20.152326,Mansarovar,411.49,0.4,48.9
2026-08-20 04:51:20.152326,Mansarovar,405.19,1.33,48.1
2026-08-20 05:51:20.152326,Mansarovar,433.26,4.41,51.1
2026-08-20 06:51:20.152326,Mansarovar,415.15,11.01,48.1
2026-08-20 07:51:20.152326,Mansarovar,386.03,24.68,43.0
2026-08-20 08:51:20.152326,Mansarovar,875.1,51.77,98.0
2026-08-20 09:51:20.152326,Mansarovar,804.59,83.92,85.8
2026-08-20 10:51:20.152326,Mansarovar,934.18,139.23,94.6
2026-08-20 11:51:20.152326,Mansarovar,852.09,153.5,83.2
2026-08-20 12:51:20.152326,Mansarovar,877.88,236.1,76.4
2026-08-20 13:51:20.152326,Mansarovar,840.39,255.43,69.6
2026-08-20 14:51:20.152326,Mansarovar,893.54,251.51,76.4
2026-08-20 15:51:20.152326,Mansarovar,764.25,201.74,67.0
2026-08-20 16:51:20.152326,Mansarovar,890.72,127.3,90.9
2026-08-20 17:51:20.152326,Mansarovar,775.64,84.94,82.2
2026-08-20 18:51:20.152326,Mansarovar,793.52,56.36,87.8
2026-08-20 19:51:20.152326,Mansarovar,387.98,23.44,43.4
2026-08-20 20:51:20.152326,Mansarovar,409.45,11.21,47.4
2026-08-20 21:51:20.152326,Mansarovar,399.05,4.16,47.0
2026-08-20 22:51:20.152326,Mansarovar,406.16,1.63,48.2
2026-08-20 23:51:20.152326,Mansarovar,362.84,0.41,43.1
2026-08-21 00:51:20.152326,Mansarovar,433.81,0.01,51.6
2026-08-21 01:51:20.152326,Mansarovar,405.06,0.03,48.2
2026-08-21 02:51:20.152326,Mansarovar,420.87,0.1,50.1
2026-08-21 03:51:20.152326,Mansarovar,407.73,0.45,48.5
2026-08-21 04:51:20.152326,Mansarovar,433.28,1.48,51.4
2026-08-21 05:51:20.152326,Mansarovar,422.75,4.81,49.8
2026-08-21 06:51:20.152326,Mansarovar,365.58,11.28,42.2
2026-08-21 07:51:20.152326,Mansarovar,404.32,24.64,45.2
2026-08-21 08:51:20.152326,Mansarovar,859.16,52.57,96.0
2026-08-21 09:51:20.152326,Mansarovar,932.06,94.83,99.7
2026-08-21 10:51:20.152326,Mansarovar,796.45,138.57,78.3
2026-08-21 11:51:20.152326,Mansarovar,844.55,165.75,80.8
2026-08-21 12:51:20.152326,Mansarovar,862.73,252.89,72.6
2026-08-21 13:51:20.152326,Mansarovar,824.48,217.97,72.2
2026-08-21 14:51:20.152326,Mansarovar,867.47,203.9,79.0
2026-08-21 15:51:20.152326,Mansarovar,823.39,179.74,76.6
2026-08-21 16:51:20.152326,Mansarovar,813.76,139.56,80.3
2026-08-21 17:51:20.152326,Mansarovar,852.46,94.69,90.2
2026-08-21 18:51:20.152326,Mansarovar,811.7,53.1,90.3
2026-08-21 19:51:20.152326,Mansarovar,419.47,21.81,47.3
2026-08-21 20:51:20.152326,Mansarovar,462.78,10.11,53.9
2026-08-21 21:51:20.152326,Mansarovar,418.38,3.6,49.4
2026-08-21 22:51:20.152326,Mansarovar,446.36,1.56,53.0
2026-08-21 23:51:20.152326,Mansarovar,447.87,0.32,53.3
2026-08-22 00:51:20.152326,Mansarovar,409.23,0.0,48.7
2026-08-22 01:51:20.152326,Mansarovar,424.39,0.02,50.5
2026-08-22 02:51:20.152326,Mansarovar,420.84,0.08,50.1
2026-08-22 03:51:20.152326,Mansarovar,422.41,0.31,50.2
2026-08-22 04:51:20.152326,Mansarovar,410.89,1.06,48.8
2026-08-22 05:51:20.152326,Mansarovar,460.97,2.71,54.6
2026-08-22 06:51:20.152326,Mansarovar,404.19,9.28,47.0
2026-08-22 07:51:20.152326,Mansarovar,417.48,17.59,47.6
2026-08-22 08:51:20.152326,Mansarovar,872.3,34.92,99.7
2026-08-22 09:51:20.152326,Mansarovar,837.7,62.92,92.2
2026-08-22 10:51:20.152326,Mansarovar,867.39,106.04,90.6
2026-08-22 11:51:20.152326,Mansarovar,813.08,144.36,79.6
2026-08-22 12:51:20.152326,Mansarovar,761.34,183.34,68.8
2026-08-22 13:51:20.152326,Mansarovar,926.22,191.52,87.5
2026-08-22 14:51:20.152326,Mansarovar,785.07,145.03,76.2
2026-08-22 15:51:20.152326,Mansarovar,869.78,147.71,86.0
2026-08-22 16:51:20.152326,Mansarovar,816.89,91.28,86.4
2026-08-22 17:51:20.152326,Mansarovar,815.07,62.81,89.6
2026-08-22 18:51:20.152326,Mansarovar,819.55,37.22,93.1
2026-08-22 19:51:20.152326,Mansarovar,461.45,17.72,52.8
2026-08-22 20:51:20.152326,Mansarovar,401.22,7.97,46.8
2026-08-22 21:51:20.152326,Mansarovar,387.6,3.43,45.7
2026-08-22 22:51:20.152326,Mansarovar,381.28,1.02,45.3
2026-08-22 23:51:20.152326,Mansarovar,440.3,0.37,52.4
2026-08-23 00:51:20.152326,Mansarovar,380.18,0.0,45.3
2026-08-23 01:51:20.152326,Mansarovar,386.61,0.02,46.0
2026-08-23 02:51:20.152326,Mansarovar,444.23,0.1,52.9
2026-08-23 03:51:20.152326,Mansarovar,435.68,0.29,51.8
2026-08-23 04:51:20.152326,Mansarovar,447.17,1.13,53.1
2026-08-23 05:51:20.152326,Mansarovar,417.31,3.51,49.3
2026-08-23 06:51:20.152326,Mansarovar,422.38,6.59,49.5
2026-08-23 07:51:20.152326,Mansarovar,373.6,19.66,42.1
2026-08-23 08:51:20.152326,Mansarovar,809.82,34.76,92.3
2026-08-23 09:51:20.152326,Mansarovar,804.7,61.92,88.4
2026-08-23 10:51:20.152326,Mansarovar,857.65,97.56,90.5
2026-08-23 11:51:20.152326,Mansarovar,912.02,150.58,90.6
2026-08-23 12:51:20.152326,Mansarovar,831.97,174.89,78.2
2026-08-23 13:51:20.152326,Mansarovar,750.34,209.91,64.3
2026-08-23 14:51:20.152326,Mansarovar,738.19,178.84,66.6
2026-08-23 15:51:20.152326,Mansarovar,816.9,162.43,77.9
2026-08-23 16:51:20.152326,Mansarovar,815.73,105.54,84.5
2026-08-23 17:51:20.152326,Mansarovar,886.34,62.73,98.0
2026-08-23 18:51:20.152326,Mansarovar,973.03,27.81,112.5
2026-08-23 19:51:20.152326,Mansarovar,408.43,21.02,46.1
2026-08-23 20:51:20.152326,Mansarovar,377.94,8.91,43.9
2026-08-23 21:51:20.152326,Mansarovar,424.15,3.56,50.1
2026-08-23 22:51:20.152326,Mansarovar,408.88,1.01,48.6
2026-08-23 23:51:20.152326,Mansarovar,457.45,0.31,54.4
2026-08-24 00:51:20.152326,Mansarovar,468.51,0.01,55.8
2026-08-24 01:51:20.152326,Mansarovar,398.43,0.02,47.4
2026-08-24 02:51:20.152326,Mansarovar,467.54,0.11,55.6
2026-08-24 03:51:20.152326,Mansarovar,389.94,0.44,46.4
2026-08-24 04:51:20.152326,Mansarovar,394.27,1.61,46.7
2026-08-24 05:51:20.152326,Mansarovar,422.56,4.73,49.7
2026-08-24 06:51:20.152326,Mansarovar,373.21,10.15,43.2
2026-08-24 07:51:20.152326,Mansarovar,373.8,26.14,41.4
2026-08-24 08:51:20.152326,Mansarovar,802.19,55.55,88.9
2026-08-24 09:51:20.152326,Mansarovar,769.23,85.92,81.3
2026-08-24 10:51:20.152326,Mansarovar,746.52,111.99,75.5
2026-08-24 11:51:20.152326,Mansarovar,863.28,192.39,79.9
2026-08-24 12:51:20.152326,Mansarovar,832.89,207.61,74.4
2026-08-24 13:51:20.152326,Mansarovar,841.43,255.83,69.7
2026-08-24 14:51:20.152326,Mansarovar,834.76,242.49,70.5
2026-08-24 15:51:20.152326,Mansarovar,798.07,186.78,72.8
2026-08-24 16:51:20.152326,Mansarovar,851.97,142.39,84.5
2026-08-24 17:51:20.152326,Mansarovar,803.93,86.96,85.4
2026-08-24 18:51:20.152326,Mansarovar,849.07,42.7,96.0
2026-08-24 19:51:20.152326,Mansarovar,429.3,25.3,48.1
2026-08-24 20:51:20.152326,Mansarovar,411.96,10.37,47.8
2026-08-24 21:51:20.152326,Mansarovar,464.43,4.4,54.8
2026-08-24 22:51:20.152326,Mansarovar,422.59,1.4,50.1
2026-08-24 23:51:20.152326,Mansarovar,399.86,0.47,47.5
2026-08-25 00:51:20.152326,Mansarovar,438.26,0.0,52.2
2026-08-25 01:51:20.152326,Mansarovar,370.93,0.03,44.2
2026-08-25 02:51:20.152326,Mansarovar,443.49,0.11,52.8
2026-08-25 03:51:20.152326,Mansarovar,437.99,0.43,52.1
2026-08-25 04:51:20.152326,Mansarovar,397.89,1.55,47.2
2026-08-25 05:51:20.152326,Mansarovar,435.95,3.67,51.5
2026-08-25 06:51:20.152326,Mansarovar,440.19,8.93,51.3
2026-08-25 07:51:20.152326,Mansarovar,399.28,23.85,44.7
2026-08-25 08:51:20.152326,Mansarovar,780.3,51.67,86.7
2026-08-25 09:51:20.152326,Mansarovar,839.99,91.21,89.1
2026-08-25 10:51:20.152326,Mansarovar,800.47,157.22,76.6
2026-08-25 11:51:20.152326,Mansarovar,880.11,192.15,81.9
2026-08-25 12:51:20.152326,Mansarovar,840.19,243.07,71.1
2026-08-25 13:51:20.152326,Mansarovar,786.32,272.09,61.2
2026-08-25 14:51:20.152326,Mansarovar,756.8,244.18,61.0
2026-08-25 15:51:20.152326,Mansarovar,875.67,173.65,83.6
2026-08-25 16:51:20.152326,Mansarovar,820.67,143.47,80.6
2026-08-25 17:51:20.152326,Mansarovar,805.33,88.22,85.4
2026-08-25 18:51:20.152326,Mansarovar,787.82,39.96,89.0
2026-08-25 19:51:20.152326,Mansarovar,465.25,27.38,52.1
2026-08-25 20:51:20.152326,Mansarovar,386.75,9.25,44.9
2026-08-25 21:51:20.152326,Mansarovar,386.95,3.64,45.6
2026-08-25 22:51:20.152326,Mansarovar,451.47,1.53,53.6
2026-08-25 23:51:20.152326,Mansarovar,434.6,0.36,51.7
2026-08-26 00:51:20.152326,Mansarovar,365.34,0.0,43.5
2026-08-26 01:51:20.152326,Mansarovar,411.93,0.02,49.0
2026-08-26 02:51:20.152326,Mansarovar,466.79,0.1,55.6
2026-08-26 03:51:20.152326,Mansarovar,407.59,0.46,48.5
2026-08-26 04:51:20.152326,Mansarovar,404.85,1.44,48.0
2026-08-26 05:51:20.152326,Mansarovar,406.76,3.92,48.0
2026-08-26 06:51:20.152326,Mansarovar,395.51,12.0,45.7
2026-08-26 07:51:20.152326,Mansarovar,377.32,25.07,41.9
2026-08-26 08:51:20.152326,Mansarovar,815.7,53.34,90.8
2026-08-26 09:51:20.152326,Mansarovar,743.87,90.68,77.8
2026-08-26 10:51:20.152326,Mansarovar,920.83,150.64,91.7
2026-08-26 11:51:20.152326,Mansarovar,835.56,180.13,78.0
2026-08-26 12:51:20.152326,Mansarovar,930.56,228.06,83.6
2026-08-26 13:51:20.152326,Mansarovar,830.28,277.18,65.8
2026-08-26 14:51:20.152326,Mansarovar,812.2,273.83,64.1
2026-08-26 15:51:20.152326,Mansarovar,781.04,219.32,66.9
2026-08-26 16:51:20.152326,Mansarovar,819.63,145.31,80.3
2026-08-26 17:51:20.152326,Mansarovar,856.78,86.15,91.7
2026-08-26 18:51:20.152326,Mansarovar,917.04,51.68,103.0
2026-08-26 19:51:20.152326,Mansarovar,422.31,28.38,46.9
2026-08-26 20:51:20.152326,Mansarovar,404.96,13.34,46.6
2026-08-26 21:51:20.152326,Mansarovar,464.14,4.52,54.7
2026-08-26 22:51:20.152326,Mansarovar,419.22,1.41,49.7
2026-08-26 23:51:20.152326,Mansarovar,443.73,0.36,52.8
2026-08-27 00:51:20.152326,Mansarovar,435.26,0.01,51.8
2026-08-27 01:51:20.152326,Mansarovar,437.47,0.03,52.1
2026-08-27 02:51:20.152326,Mansarovar,477.96,0.11,56.9
2026-08-27 03:51:20.152326,Mansarovar,406.3,0.43,48.3
2026-08-27 04:51:20.152326,Mansarovar,425.79,1.2,50.5
2026-08-27 05:51:20.152326,Mansarovar,420.36,3.86,49.6
2026-08-27 06:51:20.152326,Mansarovar,406.62,10.16,47.2
2026-08-27 07:51:20.152326,Mansarovar,412.28,22.68,46.4
2026-08-27 08:51:20.152326,Mansarovar,754.28,58.84,82.8
2026-08-27 09:51:20.152326,Mansarovar,912.98,77.09,99.5
2026-08-27 10:51:20.152326,Mansarovar,755.28,117.44,75.9
2026-08-27 11:51:20.152326,Mansarovar,904.01,179.63,86.2
2026-08-27 12:51:20.152326,Mansarovar,825.67,200.9,74.4
2026-08-27 13:51:20.152326,Mansarovar,877.13,260.15,73.4
2026-08-27 14:51:20.152326,Mansarovar,831.17,217.79,73.0
2026-08-27 15:51:20.152326,Mansarovar,849.61,180.95,79.6
2026-08-27 16:51:20.152326,Mansarovar,809.32,154.37,78.0
2026-08-27 17:51:20.152326,Mansarovar,800.83,112.04,82.0
2026-08-27 18:51:20.152326,Mansarovar,830.12,39.44,94.1
2026-08-27 19:51:20.152326,Mansarovar,400.07,26.82,44.4
2026-08-27 20:51:20.152326,Mansarovar,418.59,10.98,48.5
2026-08-27 21:51:20.152326,Mansarovar,416.71,4.59,49.1
2026-08-27 22:51:20.152326,Mansarovar,452.42,1.33,53.7
2026-08-27 23:51:20.152326,Mansarovar,451.72,0.41,53.7
2026-08-28 00:51:20.152326,Mansarovar,410.23,0.0,48.8
2026-08-28 01:51:20.152326,Mansarovar,387.98,0.03,46.2
2026-08-28 02:51:20.152326,Mansarovar,439.19,0.11,52.3
2026-08-28 03:51:20.152326,Mansarovar,408.57,0.4,48.6
2026-08-28 04:51:20.152326,Mansarovar,391.06,1.21,46.4
2026-08-28 05:51:20.152326,Mansarovar,423.17,4.25,49.9
2026-08-28 06:51:20.152326,Mansarovar,406.93,7.68,47.5
2026-08-28 07:51:20.152326,Mansarovar,416.9,24.33,46.7
2026-08-28 08:51:20.152326,Mansarovar,845.21,54.39,94.1
2026-08-28 09:51:20.152326,Mansarovar,908.91,99.32,96.4
2026-08-28 10:51:20.152326,Mansarovar,876.61,128.99,89.0
2026-08-28 11:51:20.152326,Mansarovar,968.56,178.43,94.1
2026-08-28 12:51:20.152326,Mansarovar,842.29,196.44,76.9
2026-08-28 13:51:20.152326,Mansarovar,857.9,235.74,74.1
2026-08-28 14:51:20.152326,Mansarovar,795.97,225.31,67.9
2026-08-28 15:51:20.152326,Mansarovar,825.05,199.15,74.5
2026-08-28 16:51:20.152326,Mansarovar,745.51,127.82,73.5
2026-08-28 17:51:20.152326,Mansarovar,821.65,95.05,86.5
2026-08-28 18:51:20.152326,Mansarovar,813.76,51.02,90.8
2026-08-28 19:51:20.152326,Mansarovar,411.19,29.5,45.4
2026-08-28 20:51:20.152326,Mansarovar,398.64,9.76,46.3
2026-08-28 21:51:20.152326,Mansarovar,392.66,4.17,46.2
2026-08-28 22:51:20.152326,Mansarovar,420.54,1.37,49.9
2026-08-28 23:51:20.152326,Mansarovar,429.24,0.43,51.0
2026-08-29 00:51:20.152326,Mansarovar,429.33,0.0,51.1
2026-08-29 01:51:20.152326,Mansarovar,436.43,0.02,52.0
2026-08-29 02:51:20.152326,Mansarovar,404.01,0.09,48.1
2026-08-29 03:51:20.152326,Mansarovar,430.51,0.37,51.2
2026-08-29 04:51:20.152326,Mansarovar,387.17,1.1,46.0
2026-08-29 05:51:20.152326,Mansarovar,384.37,3.04,45.4
2026-08-29 06:51:20.152326,Mansarovar,387.71,8.94,45.1
2026-08-29 07:51:20.152326,Mansarovar,442.68,15.93,50.8
2026-08-29 08:51:20.152326,Mansarovar,933.88,44.1,105.9
2026-08-29 09:51:20.152326,Mansarovar,840.12,77.52,90.8
2026-08-29 10:51:20.152326,Mansarovar,912.94,105.65,96.1
2026-08-29 11:51:20.152326,Mansarovar,815.5,148.08,79.5
2026-08-29 12:51:20.152326,Mansarovar,896.41,196.07,83.4
2026-08-29 13:51:20.152326,Mansarovar,891.78,206.15,81.6
2026-08-29 14:51:20.152326,Mansarovar,864.22,169.57,82.7
2026-08-29 15:51:20.152326,Mansarovar,771.71,147.79,74.3
2026-08-29 16:51:20.152326,Mansarovar,867.04,100.67,91.2
2026-08-29 17:51:20.152326,Mansarovar,844.13,68.43,92.3
2026-08-29 18:51:20.152326,Mansarovar,821.5,35.05,93.6
2026-08-29 19:51:20.152326,Mansarovar,409.51,19.39,46.4
2026-08-29 20:51:20.152326,Mansarovar,412.89,7.55,48.3
2026-08-29 21:51:20.152326,Mansarovar,438.11,3.49,51.7
2026-08-29 22:51:20.152326,Mansarovar,481.41,1.15,57.2
2026-08-29 23:51:20.152326,Mansarovar,428.0,0.33,50.9
2026-08-30 00:51:20.152326,Mansarovar,406.06,0.0,48.3
2026-08-30 01:51:20.152326,Mansarovar,442.05,0.02,52.6
2026-08-30 02:51:20.152326,Mansarovar,416.77,0.09,49.6
2026-08-30 03:51:20.152326,Mansarovar,426.49,0.3,50.7
2026-08-30 04:51:20.152326,Mansarovar,442.04,1.05,52.5
2026-08-30 05:51:20.152326,Mansarovar,479.94,3.07,56.8
2026-08-30 06:51:20.152326,Mansarovar,452.88,7.87,53.0
2026-08-30 07:51:20.152326,Mansarovar,395.44,19.48,44.8
2026-08-30 08:51:20.152326,Mansarovar,747.21,35.62,84.7
2026-08-30 09:51:20.152326,Mansarovar,848.93,64.8,93.3
2026-08-30 10:51:20.152326,Mansarovar,787.23,100.05,81.8
2026-08-30 11:51:20.152326,Mansarovar,864.16,165.77,83.1
2026-08-30 12:51:20.152326,Mansarovar,837.38,167.75,79.7
2026-08-30 13:51:20.152326,Mansarovar,857.31,156.03,83.5
2026-08-30 14:51:20.152326,Mansarovar,852.91,184.12,79.6
2026-08-30 15:51:20.152326,Mansarovar,818.72,141.96,80.6
2026-08-30 16:51:20.152326,Mansarovar,789.18,81.02,84.3
2026-08-30 17:51:20.152326,Mansarovar,881.56,65.68,97.1
2026-08-30 18:51:20.152326,Mansarovar,871.26,40.01,99.0
2026-08-30 19:51:20.152326,Mansarovar,434.27,16.86,49.7
2026-08-30 20:51:20.152326,Mansarovar,411.2,7.99,48.0
2026-08-30 21:51:20.152326,Mansarovar,431.35,3.29,51.0
2026-08-30 22:51:20.152326,Mansarovar,467.81,0.89,55.6
2026-08-30 23:51:20.152326,Mansarovar,403.39,0.32,48.0
2026-08-31 00:51:20.152326,Mansarovar,432.83,0.01,51.5
2026-08-31 01:51:20.152326,Mansarovar,389.45,0.02,46.4
2026-08-31 02:51:20.152326,Mansarovar,440.74,0.12,52.5
2026-08-31 03:51:20.152326,Mansarovar,396.75,0.41,47.2
2026-08-31 04:51:20.152326,Mansarovar,459.02,1.52,54.5
2026-08-31 05:51:20.152326,Mansarovar,393.25,4.21,46.3
2026-08-31 06:51:20.152326,Mansarovar,426.21,10.26,49.5
2026-08-31 07:51:20.152326,Mansarovar,428.77,25.97,48.0
2026-08-31 08:51:20.152326,Mansarovar,794.24,55.34,88.0
2026-08-31 09:51:20.152326,Mansarovar,773.89,85.92,81.9
2026-08-31 10:51:20.152326,Mansarovar,813.01,151.43,78.8
2026-08-31 11:51:20.152326,Mansarovar,791.72,233.22,66.5
2026-08-31 12:51:20.152326,Mansarovar,751.05,237.54,61.1
2026-08-31 13:51:20.152326,Mansarovar,808.92,229.29,69.0
2026-08-31 14:51:20.152326,Mansarovar,826.4,204.97,74.0
2026-08-31 15:51:20.152326,Mansarovar,793.29,185.51,72.4
2026-08-31 16:51:20.152326,Mansarovar,825.73,154.21,79.9
2026-08-31 17:51:20.152326,Mansarovar,909.83,73.35,99.6
2026-08-31 18:51:20.152326,Mansarovar,944.59,55.91,105.8
2026-08-31 19:51:20.152326,Mansarovar,426.3,27.07,47.5
2026-08-31 20:51:20.152326,Mansarovar,389.02,11.52,44.9
2026-08-31 21:51:20.152326,Mansarovar,391.91,3.64,46.2
2026-08-31 22:51:20.152326,Mansarovar,411.63,1.55,48.8
2026-08-31 23:51:20.152326,Mansarovar,441.99,0.47,52.6
2026-09-01 00:51:20.152326,Mansarovar,458.78,0.0,54.6
2026-09-01 01:51:20.152326,Mansarovar,436.19,0.02,51.9
2026-09-01 02:51:20.152326,Mansarovar,386.84,0.12,46.0
2026-09-01 03:51:20.152326,Mansarovar,424.59,0.4,50.5
2026-09-01 04:51:20.152326,Mansarovar,424.47,1.55,50.3
2026-09-01 05:51:20.152326,Mansarovar,441.86,4.0,52.1
2026-09-01 06:51:20.152326,Mansarovar,434.97,9.09,50.7
2026-09-01 07:51:20.152326,Mansarovar,454.09,23.3,51.3
2026-09-01 08:51:20.152326,Mansarovar,788.12,49.14,88.0
2026-09-01 09:51:20.152326,Mansarovar,812.99,81.04,87.1
2026-09-01 10:51:20.152326,Mansarovar,858.54,150.4,84.3
2026-09-01 11:51:20.152326,Mansarovar,797.68,173.62,74.3
2026-09-01 12:51:20.152326,Mansarovar,918.19,214.92,83.7
2026-09-01 13:51:20.152326,Mansarovar,928.36,253.87,80.3
2026-09-01 14:51:20.152326,Mansarovar,911.41,200.08,84.7
2026-09-01 15:51:20.152326,Mansarovar,875.27,202.25,80.1
2026-09-01 16:51:20.152326,Mansarovar,752.78,150.4,71.7
2026-09-01 17:51:20.152326,Mansarovar,782.7,92.41,82.2
2026-09-01 18:51:20.152326,Mansarovar,853.62,58.21,94.7
2026-09-01 19:51:20.152326,Mansarovar,442.72,32.04,48.9
2026-09-01 20:51:20.152326,Mansarovar,403.34,11.85,46.6
2026-09-01 21:51:20.152326,Mansarovar,408.27,3.83,48.1
2026-09-01 22:51:20.152326,Mansarovar,410.41,1.43,48.7
2026-09-01 23:51:20.152326,Mansarovar,426.2,0.44,50.7
2026-09-02 00:51:20.152326,Mansarovar,376.76,0.01,44.9
2026-09-02 01:51:20.152326,Mansarovar,461.83,0.03,55.0
2026-09-02 02:51:20.152326,Mansarovar,460.03,0.14,54.7
2026-09-02 03:51:20.152326,Mansarovar,417.59,0.4,49.7
2026-09-02 04:51:20.152326,Mansarovar,454.08,1.46,53.9
2026-09-02 05:51:20.152326,Mansarovar,423.86,4.0,50.0
2026-09-02 06:51:20.152326,Mansarovar,414.45,11.06,48.0
2026-09-02 07:51:20.152326,Mansarovar,429.69,24.67,48.2
2026-09-02 08:51:20.152326,Mansarovar,845.23,50.57,94.6
2026-09-02 09:51:20.152326,Mansarovar,854.99,100.96,89.8
2026-09-02 10:51:20.152326,Mansarovar,836.51,148.56,81.9
2026-09-02 11:51:20.152326,Mansarovar,848.92,232.09,73.4
2026-09-02 12:51:20.152326,Mansarovar,845.19,233.25,72.9
2026-09-02 13:51:20.152326,Mansarovar,796.94,231.13,67.4
2026-09-02 14:51:20.152326,Mansarovar,829.54,195.03,75.5
2026-09-02 15:51:20.152326,Mansarovar,858.19,224.08,75.5
2026-09-02 16:51:20.152326,Mansarovar,846.98,121.3,86.4
2026-09-02 17:51:20.152326,Mansarovar,767.71,85.1,81.3
2026-09-02 18:51:20.152326,Mansarovar,869.5,51.34,97.4
2026-09-02 19:51:20.152326,Mansarovar,395.7,28.66,43.7
2026-09-02 20:51:20.152326,Mansarovar,437.37,9.89,50.9
2026-09-02 21:51:20.152326,Mansarovar,385.87,3.42,45.5
2026-09-02 22:51:20.152326,Mansarovar,446.79,1.36,53.0
2026-09-02 23:51:20.152326,Mansarovar,419.35,0.38,49.9
2026-09-03 00:51:20.152326,Mansarovar,420.61,0.0,50.1
2026-09-03 01:51:20.152326,Mansarovar,394.82,0.03,47.0
2026-09-03 02:51:20.152326,Mansarovar,375.96,0.1,44.7
2026-09-03 03:51:20.152326,Mansarovar,464.65,0.43,55.3
2026-09-03 04:51:20.152326,Mansarovar,440.32,1.42,52.2
2026-09-03 05:51:20.152326,Mansarovar,427.36,3.81,50.4
2026-09-03 06:51:20.152326,Mansarovar,440.43,11.45,51.1
2026-09-03 07:51:20.152326,Mansarovar,415.83,22.25,46.9
2026-09-03 08:51:20.152326,Mansarovar,852.76,52.19,95.3
2026-09-03 09:51:20.152326,Mansarovar,855.98,86.1,91.7
2026-09-03 10:51:20.152326,Mansarovar,781.32,130.75,77.4
2026-09-03 11:51:20.152326,Mansarovar,831.57,186.6,76.8
2026-09-03 12:51:20.152326,Mansarovar,882.89,282.59,71.5
2026-09-03 13:51:20.152326,Mansarovar,900.4,274.74,74.5
2026-09-03 14:51:20.152326,Mansarovar,832.36,212.36,73.8
2026-09-03 15:51:20.152326,Mansarovar,891.97,165.86,86.4
2026-09-03 16:51:20.152326,Mansarovar,896.22,145.01,89.4
2026-09-03 17:51:20.152326,Mansarovar,885.0,97.31,93.8
2026-09-03 18:51:20.152326,Mansarovar,796.37,53.73,88.4
2026-09-03 19:51:20.152326,Mansarovar,422.02,23.13,47.5
2026-09-03 20:51:20.152326,Mansarovar,431.7,11.09,50.1
2026-09-03 21:51:20.152326,Mansarovar,438.8,4.29,51.7
2026-09-03 22:51:20.152326,Mansarovar,379.05,1.54,44.9
2026-09-03 23:51:20.152326,Mansarovar,408.85,0.4,48.6
2026-09-04 00:51:20.152326,Mansarovar,438.99,0.0,52.3
2026-09-04 01:51:20.152326,Mansarovar,444.16,0.03,52.9
2026-09-04 02:51:20.152326,Mansarovar,415.42,0.11,49.4
2026-09-04 03:51:20.152326,Mansarovar,387.7,0.41,46.1
2026-09-04 04:51:20.152326,Mansarovar,423.04,1.5,50.2
2026-09-04 05:51:20.152326,Mansarovar,414.46,4.38,48.8
2026-09-04 06:51:20.152326,Mansarovar,441.12,9.69,51.4
2026-09-04 07:51:20.152326,Mansarovar,388.6,23.96,43.4
2026-09-04 08:51:20.152326,Mansarovar,816.62,47.57,91.6
2026-09-04 09:51:20.152326,Mansarovar,832.68,100.08,87.2
2026-09-04 10:51:20.152326,Mansarovar,837.93,148.17,82.1
2026-09-04 11:51:20.152326,Mansarovar,781.63,221.48,66.7
2026-09-04 12:51:20.152326,Mansarovar,834.66,259.62,68.5
2026-09-04 13:51:20.152326,Mansarovar,823.44,256.8,67.5
2026-09-04 14:51:20.152326,Mansarovar,866.38,211.47,78.0
2026-09-04 15:51:20.152326,Mansarovar,855.14,184.01,79.9
2026-09-04 16:51:20.152326,Mansarovar,859.26,160.52,83.2
2026-09-04 17:51:20.152326,Mansarovar,838.79,75.31,90.9
2026-09-04 18:51:20.152326,Mansarovar,839.99,62.9,92.5
2026-09-04 19:51:20.152326,Mansarovar,375.51,21.32,42.2
2026-09-04 20:51:20.152326,Mansarovar,380.19,10.73,44.0
2026-09-04 21:51:20.152326,Mansarovar,466.08,3.52,55.1
2026-09-04 22:51:20.152326,Mansarovar,419.65,1.54,49.8
2026-09-04 23:51:20.152326,Mansarovar,439.7,0.39,52.3
2026-09-05 00:51:20.152326,Mansarovar,394.19,0.0,46.9
2026-09-05 01:51:20.152326,Mansarovar,428.43,0.02,51.0
2026-09-05 02:51:20.152326,Mansarovar,410.53,0.09,48.9
2026-09-05 03:51:20.152326,Mansarovar,406.02,0.33,48.3
2026-09-05 04:51:20.152326,Mansarovar,417.87,1.04,49.6
2026-09-05 05:51:20.152326,Mansarovar,373.26,3.51,44.0
2026-09-05 06:51:20.152326,Mansarovar,422.58,8.35,49.3
2026-09-05 07:51:20.152326,Mansarovar,440.3,19.16,50.1
2026-09-05 08:51:20.152326,Mansarovar,833.12,34.14,95.1
2026-09-05 09:51:20.152326,Mansarovar,934.09,68.49,103.0
2026-09-05 10:51:20.152326,Mansarovar,866.87,105.18,90.7
2026-09-05 11:51:20.152326,Mansarovar,748.51,165.14,69.4
2026-09-05 12:51:20.152326,Mansarovar,763.96,153.97,72.6
2026-09-05 13:51:20.152326,Mansarovar,773.45,228.67,64.9
2026-09-05 14:51:20.152326,Mansarovar,850.75,178.21,80.1
2026-09-05 15:51:20.152326,Mansarovar,899.21,143.35,90.0
2026-09-05 16:51:20.152326,Mansarovar,860.12,96.74,90.9
2026-09-05 17:51:20.152326,Mansarovar,781.5,58.0,86.1
2026-09-05 18:51:20.152326,Mansarovar,809.11,36.8,91.9
2026-09-05 19:51:20.152326,Mansarovar,419.24,20.24,47.5
2026-09-05 20:51:20.152326,Mansarovar,392.87,8.22,45.8
2026-09-05 21:51:20.152326,Mansarovar,422.56,3.44,49.9
2026-09-05 22:51:20.152326,Mansarovar,478.17,1.12,56.8
2026-09-05 23:51:20.152326,Mansarovar,425.66,0.33,50.6
2026-09-06 00:51:20.152326,Mansarovar,392.32,0.0,46.7
2026-09-06 01:51:20.152326,Mansarovar,438.23,0.02,52.2
2026-09-06 02:51:20.152326,Mansarovar,439.26,0.09,52.3
2026-09-06 03:51:20.152326,Mansarovar,420.69,0.27,50.1
2026-09-06 04:51:20.152326,Mansarovar,403.83,0.99,48.0
2026-09-06 05:51:20.152326,Mansarovar,387.52,3.37,45.7
2026-09-06 06:51:20.152326,Mansarovar,396.12,8.87,46.1
2026-09-06 07:51:20.152326,Mansarovar,392.87,19.35,44.5
2026-09-06 08:51:20.152326,Mansarovar,880.5,33.76,100.8
2026-09-06 09:51:20.152326,Mansarovar,796.96,66.74,86.9
2026-09-06 10:51:20.152326,Mansarovar,815.38,93.04,86.0
2026-09-06 11:51:20.152326,Mansarovar,878.67,144.61,87.4
2026-09-06 12:51:20.152326,Mansarovar,863.28,160.47,83.7
2026-09-06 13:51:20.152326,Mansarovar,909.56,214.38,82.8
2026-09-06 14:51:20.152326,Mansarovar,851.58,172.85,80.8
2026-09-06 15:51:20.152326,Mansarovar,844.96,152.47,82.4
2026-09-06 16:51:20.152326,Mansarovar,860.37,100.73,90.4
2026-09-06 17:51:20.152326,Mansarovar,882.92,68.96,96.9
2026-09-06 18:51:20.152326,Mansarovar,842.41,39.37,95.6
2026-09-06 19:51:20.152326,Mansarovar,460.1,19.46,52.5
2026-09-06 20:51:20.152326,Mansarovar,444.27,9.42,51.8
2026-09-06 21:51:20.152326,Mansarovar,403.92,2.91,47.7
2026-09-06 22:51:20.152326,Mansarovar,369.78,1.03,43.9
2026-09-06 23:51:20.152326,Mansarovar,435.6,0.26,51.8
2026-09-07 00:51:20.152326,Mansarovar,411.89,0.01,49.0
2026-09-07 01:51:20.152326,Mansarovar,386.58,0.03,46.0
2026-09-07 02:51:20.152326,Mansarovar,414.2,0.12,49.3
2026-09-07 03:51:20.152326,Mansarovar,451.78,0.42,53.7
2026-09-07 04:51:20.152326,Mansarovar,467.75,1.53,55.5
2026-09-07 05:51:20.152326,Mansarovar,408.36,4.18,48.1
2026-09-07 06:51:20.152326,Mansarovar,423.31,11.88,49.0
2026-09-07 07:51:20.152326,Mansarovar,404.82,19.41,45.9
2026-09-07 08:51:20.152326,Mansarovar,816.23,53.47,90.8
2026-09-07 09:51:20.152326,Mansarovar,907.58,75.39,99.1
2026-09-07 10:51:20.152326,Mansarovar,792.17,159.12,75.4
2026-09-07 11:51:20.152326,Mansarovar,762.15,242.2,61.9
2026-09-07 12:51:20.152326,Mansarovar,889.82,231.59,78.4
2026-09-07 13:51:20.152326,Mansarovar,858.63,283.94,68.4
2026-09-07 14:51:20.152326,Mansarovar,770.47,261.49,60.6
2026-09-07 15:51:20.152326,Mansarovar,757.44,209.48,65.2
2026-09-07 16:51:20.152326,Mansarovar,760.41,124.48,75.7
2026-09-07 17:51:20.152326,Mansarovar,864.77,83.71,93.0
2026-09-07 18:51:20.152326,Mansarovar,771.5,45.83,86.4
2026-09-07 19:51:20.152326,Mansarovar,390.12,28.44,43.1
2026-09-07 20:51:20.152326,Mansarovar,434.27,10.85,50.4
2026-09-07 21:51:20.152326,Mansarovar,440.6,4.58,51.9
2026-09-07 22:51:20.152326,Mansarovar,416.92,1.5,49.5
2026-09-07 23:51:20.152326,Mansarovar,422.52,0.4,50.3
2026-09-08 00:51:20.152326,Mansarovar,455.33,0.01,54.2
2026-09-08 01:51:20.152326,Mansarovar,430.53,0.02,51.3
2026-09-08 02:51:20.152326,Mansarovar,390.71,0.14,46.5
2026-09-08 03:51:20.152326,Mansarovar,392.42,0.41,46.7
2026-09-08 04:51:20.152326,Mansarovar,470.65,1.22,55.9
2026-09-08 05:51:20.152326,Mansarovar,399.18,3.26,47.1
2026-09-08 06:51:20.152326,Mansarovar,409.21,12.74,47.2
2026-09-08 07:51:20.152326,Mansarovar,404.81,25.38,45.2
2026-09-08 08:51:20.152326,Mansarovar,853.64,53.76,95.2
2026-09-08 09:51:20.152326,Mansarovar,735.3,80.81,77.9
2026-09-08 10:51:20.152326,Mansarovar,817.3,148.41,79.6
2026-09-08 11:51:20.152326,Mansarovar,801.45,199.51,71.7
2026-09-08 12:51:20.152326,Mansarovar,871.19,226.66,76.7
2026-09-08 13:51:20.152326,Mansarovar,801.38,244.22,66.3
2026-09-08 14:51:20.152326,Mansarovar,771.79,237.0,63.7
2026-09-08 15:51:20.152326,Mansarovar,798.04,152.6,76.8
2026-09-08 16:51:20.152326,Mansarovar,775.52,140.45,75.6
2026-09-08 17:51:20.152326,Mansarovar,853.31,96.03,90.2
2026-09-08 18:51:20.152326,Mansarovar,800.11,40.35,90.4
2026-09-08 19:51:20.152326,Mansarovar,394.94,23.96,44.2
2026-09-08 20:51:20.152326,Mansarovar,382.25,11.04,44.2
2026-09-08 21:51:20.152326,Mansarovar,427.8,4.47,50.4
2026-09-08 22:51:20.152326,Mansarovar,392.02,1.59,46.5
2026-09-08 23:51:20.152326,Mansarovar,433.14,0.42,51.5
2026-09-09 00:51:20.152326,Mansarovar,450.66,0.0,53.6
2026-09-09 01:51:20.152326,Mansarovar,413.08,0.02,49.2
2026-09-09 02:51:20.152326,Mansarovar,443.82,0.13,52.8
2026-09-09 03:51:20.152326,Mansarovar,439.63,0.48,52.3
2026-09-09 04:51:20.152326,Mansarovar,455.63,1.29,54.1
2026-09-09 05:51:20.152326,Mansarovar,370.81,4.61,43.6
2026-09-09 06:51:20.152326,Mansarovar,408.73,10.79,47.4
2026-09-09 07:51:20.152326,Mansarovar,456.86,26.18,51.3
2026-09-09 08:51:20.152326,Mansarovar,850.13,46.19,95.7
2026-09-09 09:51:20.152326,Mansarovar,891.9,103.44,93.9
2026-09-09 10:51:20.152326,Mansarovar,845.04,128.56,85.3
2026-09-09 11:51:20.152326,Mansarovar,825.55,197.83,74.7
2026-09-09 12:51:20.152326,Mansarovar,907.56,266.45,76.3
2026-09-09 13:51:20.152326,Mansarovar,783.52,276.09,60.4
2026-09-09 14:51:20.152326,Mansarovar,813.99,178.64,75.6
2026-09-09 15:51:20.152326,Mansarovar,878.84,208.49,79.8
2026-09-09 16:51:20.152326,Mansarovar,839.06,133.74,84.0
2026-09-09 17:51:20.152326,Mansarovar,885.3,99.56,93.5
2026-09-09 18:51:20.152326,Mansarovar,826.62,53.57,92.0
2026-09-09 19:51:20.152326,Mansarovar,389.39,24.69,43.4
2026-09-09 20:51:20.152326,Mansarovar,340.35,13.01,39.0
2026-09-09 21:51:20.152326,Mansarovar,416.61,4.77,49.0
2026-09-09 22:51:20.152326,Mansarovar,400.01,1.56,47.4
2026-09-09 23:51:20.152326,Mansarovar,397.74,0.52,47.3
2026-09-10 00:51:20.152326,Mansarovar,406.35,0.01,48.4
2026-09-10 01:51:20.152326,Mansarovar,457.38,0.03,54.4
2026-09-10 02:51:20.152326,Mansarovar,463.59,0.1,55.2
2026-09-10 03:51:20.152326,Mansarovar,357.1,0.4,42.5
2026-09-10 04:51:20.152326,Mansarovar,450.32,1.49,53.4
2026-09-10 05:51:20.152326,Mansarovar,432.61,4.68,50.9
2026-09-10 06:51:20.152326,Mansarovar,436.32,12.0,50.5
2026-09-10 07:51:20.152326,Mansarovar,433.25,24.45,48.7
2026-09-10 08:51:20.152326,Mansarovar,864.29,49.25,97.0
2026-09-10 09:51:20.152326,Mansarovar,889.52,85.07,95.8
2026-09-10 10:51:20.152326,Mansarovar,752.92,164.87,70.0
2026-09-10 11:51:20.152326,Mansarovar,864.19,189.9,80.3
2026-09-10 12:51:20.152326,Mansarovar,823.76,220.82,71.8
2026-09-10 13:51:20.152326,Mansarovar,811.16,251.75,66.6
2026-09-10 14:51:20.152326,Mansarovar,844.87,247.73,71.1
2026-09-10 15:51:20.152326,Mansarovar,882.35,200.76,81.1
2026-09-10 16:51:20.152326,Mansarovar,728.47,145.72,69.4
2026-09-10 17:51:20.152326,Mansarovar,816.07,98.12,85.5
2026-09-10 18:51:20.152326,Mansarovar,849.81,56.21,94.5
2026-09-10 19:51:20.152326,Mansarovar,392.99,24.03,43.9
2026-09-10 20:51:20.152326,Mansarovar,420.84,8.78,49.1
2026-09-10 21:51:20.152326,Mansarovar,399.44,3.44,47.1
2026-09-10 22:51:20.152326,Mansarovar,430.99,1.49,51.1
2026-09-10 23:51:20.152326,Mansarovar,440.87,0.43,52.4
2026-09-11 00:51:20.152326,Mansarovar,407.21,0.01,48.5
2026-09-11 01:51:20.152326,Mansarovar,381.45,0.03,45.4
2026-09-11 02:51:20.152326,Mansarovar,459.85,0.12,54.7
2026-09-11 03:51:20.152326,Mansarovar,437.56,0.36,52.0
2026-09-11 04:51:20.152326,Mansarovar,415.87,1.34,49.3
2026-09-11 05:51:20.152326,Mansarovar,431.74,3.9,50.9
2026-09-11 06:51:20.152326,Mansarovar,425.45,11.76,49.2
2026-09-11 07:51:20.152326,Mansarovar,462.43,27.14,51.8
2026-09-11 08:51:20.152326,Mansarovar,688.32,48.96,76.1
2026-09-11 09:51:20.152326,Mansarovar,856.07,90.82,91.1
2026-09-11 10:51:20.152326,Mansarovar,890.6,135.61,89.9
2026-09-11 11:51:20.152326,Mansarovar,802.52,210.67,70.5
2026-09-11 12:51:20.152326,Mansarovar,816.96,243.24,68.3
2026-09-11 13:51:20.152326,Mansarovar,837.32,255.79,69.2
2026-09-11 14:51:20.152326,Mansarovar,802.63,230.54,68.1
2026-09-11 15:51:20.152326,Mansarovar,853.15,205.6,77.1
2026-09-11 16:51:20.152326,Mansarovar,866.93,129.01,87.8
2026-09-11 17:51:20.152326,Mansarovar,799.17,88.61,84.6
2026-09-11 18:51:20.152326,Mansarovar,776.7,51.91,86.3
2026-09-11 19:51:20.152326,Mansarovar,420.97,26.83,46.9
2026-09-11 20:51:20.152326,Mansarovar,407.54,10.78,47.2
2026-09-11 21:51:20.152326,Mansarovar,407.87,3.59,48.1
2026-09-11 22:51:20.152326,Mansarovar,403.83,1.7,47.9
2026-09-11 23:51:20.152326,Mansarovar,430.29,0.46,51.2
2026-09-12 00:51:20.152326,Mansarovar,398.59,0.0,47.5
2026-09-12 01:51:20.152326,Mansarovar,426.28,0.02,50.7
2026-09-12 02:51:20.152326,Mansarovar,439.77,0.08,52.3
2026-09-12 03:51:20.152326,Mansarovar,442.02,0.31,52.6
2026-09-12 04:51:20.152326,Mansarovar,408.62,1.12,48.5
2026-09-12 05:51:20.152326,Mansarovar,394.99,3.41,46.6
2026-09-12 06:51:20.152326,Mansarovar,399.09,9.03,46.4
2026-09-12 07:51:20.152326,Mansarovar,418.28,19.91,47.4
2026-09-12 08:51:20.152326,Mansarovar,747.78,37.27,84.6
2026-09-12 09:51:20.152326,Mansarovar,860.64,66.05,94.6
2026-09-12 10:51:20.152326,Mansarovar,725.32,101.0,74.3
2026-09-12 11:51:20.152326,Mansarovar,864.3,127.93,87.7
2026-09-12 12:51:20.152326,Mansarovar,828.54,178.77,77.4
2026-09-12 13:51:20.152326,Mansarovar,795.94,165.95,75.0
2026-09-12 14:51:20.152326,Mansarovar,817.9,186.09,75.2
2026-09-12 15:51:20.152326,Mansarovar,849.58,150.62,83.2
2026-09-12 16:51:20.152326,Mansarovar,794.37,103.9,82.2
2026-09-12 17:51:20.152326,Mansarovar,776.73,60.49,85.3
2026-09-12 18:51:20.152326,Mansarovar,855.26,35.3,97.6
2026-09-12 19:51:20.152326,Mansarovar,452.5,19.84,51.5
2026-09-12 20:51:20.152326,Mansarovar,430.38,9.01,50.2
2026-09-12 21:51:20.152326,Mansarovar,456.3,2.9,54.0
2026-09-12 22:51:20.152326,Mansarovar,420.58,0.94,50.0
2026-09-12 23:51:20.152326,Mansarovar,445.61,0.28,53.0
2026-09-13 00:51:20.152326,Mansarovar,436.12,0.0,51.9
2026-09-13 01:51:20.152326,Mansarovar,412.53,0.02,49.1
2026-09-13 02:51:20.152326,Mansarovar,427.58,0.09,50.9
2026-09-13 03:51:20.152326,Mansarovar,380.09,0.34,45.2
2026-09-13 04:51:20.152326,Mansarovar,428.63,1.04,50.9
2026-09-13 05:51:20.152326,Mansarovar,433.93,3.02,51.3
2026-09-13 06:51:20.152326,Mansarovar,435.81,8.83,50.8
2026-09-13 07:51:20.152326,Mansarovar,429.97,19.8,48.8
2026-09-13 08:51:20.152326,Mansarovar,789.44,41.17,89.1
2026-09-13 09:51:20.152326,Mansarovar,769.11,68.67,83.4
2026-09-13 10:51:20.152326,Mansarovar,869.83,104.49,91.1
2026-09-13 11:51:20.152326,Mansarovar,792.37,150.85,76.4
2026-09-13 12:51:20.152326,Mansarovar,784.97,175.3,72.6
2026-09-13 13:51:20.152326,Mansarovar,812.71,158.0,77.9
2026-09-13 14:51:20.152326,Mansarovar,838.05,177.55,78.6
2026-09-13 15:51:20.152326,Mansarovar,826.99,160.87,79.3
2026-09-13 16:51:20.152326,Mansarovar,782.44,102.12,81.0
2026-09-13 17:51:20.152326,Mansarovar,801.35,61.74,88.0
2026-09-13 18:51:20.152326,Mansarovar,823.23,42.67,92.9
2026-09-13 19:51:20.152326,Mansarovar,374.2,18.25,42.4
2026-09-13 20:51:20.152326,Mansarovar,436.45,8.06,51.0
2026-09-13 21:51:20.152326,Mansarovar,392.09,3.21,46.3
2026-09-13 22:51:20.152326,Mansarovar,386.89,1.15,45.9
2026-09-13 23:51:20.152326,Mansarovar,453.45,0.3,53.9
2026-09-14 00:51:20.152326,Mansarovar,427.99,0.01,51.0
2026-09-14 01:51:20.152326,Mansarovar,442.97,0.03,52.7
2026-09-14 02:51:20.152326,Mansarovar,372.72,0.12,44.4
2026-09-14 03:51:20.152326,Mansarovar,405.94,0.5,48.3
2026-09-14 04:51:20.152326,Mansarovar,406.2,1.31,48.2
2026-09-14 05:51:20.152326,Mansarovar,407.7,3.38,48.1
2026-09-14 06:51:20.152326,Mansarovar,451.54,11.86,52.3
2026-09-14 07:51:20.152326,Mansarovar,387.59,23.26,43.4
2026-09-14 08:51:20.152326,Mansarovar,806.5,47.4,90.4
2026-09-14 09:51:20.152326,Mansarovar,811.03,79.52,87.1
2026-09-14 10:51:20.152326,Mansarovar,825.1,133.35,82.4
2026-09-14 11:51:20.152326,Mansarovar,720.42,192.27,62.9
2026-09-14 12:51:20.152326,Mansarovar,772.38,222.48,65.5
2026-09-14 13:51:20.152326,Mansarovar,811.46,201.88,72.6
2026-09-14 14:51:20.152326,Mansarovar,964.6,225.78,88.0
2026-09-14 15:51:20.152326,Mansarovar,893.39,196.71,82.9
2026-09-14 16:51:20.152326,Mansarovar,911.52,130.73,93.0
2026-09-14 17:51:20.152326,Mansarovar,852.04,80.71,91.8
2026-09-14 18:51:20.152326,Mansarovar,836.11,55.1,93.0
2026-09-14 19:51:20.152326,Mansarovar,441.58,25.93,49.5
2026-09-14 20:51:20.152326,Mansarovar,397.84,10.2,46.1
2026-09-14 21:51:20.152326,Mansarovar,404.18,4.28,47.6
2026-09-14 22:51:20.152326,Mansarovar,430.79,1.3,51.1
2026-09-14 23:51:20.152326,Mansarovar,400.27,0.35,47.6
2026-09-15 00:51:20.152326,Mansarovar,415.63,0.01,49.5
2026-09-15 01:51:20.152326,Mansarovar,453.15,0.03,53.9
2026-09-15 02:51:20.152326,Mansarovar,459.4,0.14,54.7
2026-09-15 03:51:20.152326,Mansarovar,418.71,0.38,49.8
2026-09-15 04:51:20.152326,Mansarovar,444.05,1.47,52.7
2026-09-15 05:51:20.152326,Mansarovar,442.67,4.59,52.2
2026-09-15 06:51:20.152326,Mansarovar,426.84,10.45,49.6
2026-09-15 07:51:20.152326,Mansarovar,419.27,21.23,47.4
2026-09-15 08:51:20.152326,Mansarovar,881.13,53.82,98.5
2026-09-15 09:51:20.152326,Mansarovar,863.21,84.56,92.7
2026-09-15 10:51:20.152326,Mansarovar,820.6,122.56,83.1
2026-09-15 11:51:20.152326,Mansarovar,961.13,228.33,87.2
2026-09-15 12:51:20.152326,Mansarovar,891.13,218.39,80.1
2026-09-15 13:51:20.152326,Mansarovar,848.13,239.96,72.4
2026-09-15 14:51:20.152326,Mansarovar,844.07,180.39,79.0
2026-09-15 15:51:20.152326,Mansarovar,773.14,233.2,64.3
2026-09-15 16:51:20.152326,Mansarovar,862.21,101.46,90.6
2026-09-15 17:51:20.152326,Mansarovar,906.55,84.92,97.8
2026-09-15 18:51:20.152326,Mansarovar,841.15,49.72,94.2
2026-09-15 19:51:20.152326,Mansarovar,379.65,24.93,42.2
2026-09-15 20:51:20.152326,Mansarovar,401.43,11.54,46.4
2026-09-15 21:51:20.152326,Mansarovar,425.22,3.86,50.2
2026-09-15 22:51:20.152326,Mansarovar,410.54,1.59,48.7
2026-09-15 23:51:20.152326,Mansarovar,421.11,0.43,50.1
2026-09-16 00:51:20.152326,Mansarovar,428.44,0.0,51.0
2026-09-16 01:51:20.152326,Mansarovar,420.81,0.03,50.1
2026-09-16 02:51:20.152326,Mansarovar,427.94,0.12,50.9
2026-09-16 03:51:20.152326,Mansarovar,425.27,0.42,50.6
2026-09-16 04:51:20.152326,Mansarovar,472.53,1.56,56.1
2026-09-16 05:51:20.152326,Mansarovar,463.17,4.33,54.6
2026-09-16 06:51:20.152326,Mansarovar,441.22,8.52,51.5
2026-09-16 07:51:20.152326,Mansarovar,425.42,20.77,48.2
2026-09-16 08:51:20.152326,Mansarovar,826.22,55.26,91.8
2026-09-16 09:51:20.152326,Mansarovar,775.82,90.44,81.6
2026-09-16 10:51:20.152326,Mansarovar,891.63,141.13,89.3
2026-09-16 11:51:20.152326,Mansarovar,849.27,193.23,78.1
2026-09-16 12:51:20.152326,Mansarovar,876.93,274.01,71.8
2026-09-16 13:51:20.152326,Mansarovar,1056.28,249.1,96.1
2026-09-16 14:51:20.152326,Mansarovar,796.21,215.98,69.1
2026-09-16 15:51:20.152326,Mansarovar,852.06,197.9,77.9
2026-09-16 16:51:20.152326,Mansarovar,791.85,139.54,77.7
2026-09-16 17:51:20.152326,Mansarovar,890.19,93.33,94.9
2026-09-16 18:51:20.152326,Mansarovar,881.1,30.33,101.3
2026-09-16 19:51:20.152326,Mansarovar,425.19,24.79,47.7
2026-09-16 20:51:20.152326,Mansarovar,387.85,12.11,44.7
2026-09-16 21:51:20.152326,Mansarovar,430.37,4.28,50.7
2026-09-16 22:51:20.152326,Mansarovar,421.21,1.49,50.0
2026-09-16 23:51:20.152326,Mansarovar,403.87,0.44,48.0
2026-09-17 00:51:20.152326,Mansarovar,437.88,0.0,52.1
2026-09-17 01:51:20.152326,Mansarovar,463.92,0.03,55.2
2026-09-17 02:51:20.152326,Mansarovar,398.27,0.12,47.4
2026-09-17 03:51:20.152326,Mansarovar,444.44,0.44,52.9
2026-09-17 04:51:20.152326,Mansarovar,445.46,1.25,52.9
2026-09-17 05:51:20.152326,Mansarovar,444.64,4.12,52.4
2026-09-17 06:51:20.152326,Mansarovar,420.26,8.96,49.0
2026-09-17 07:51:20.152326,Mansarovar,405.93,28.42,44.9
2026-09-17 08:51:20.152326,Mansarovar,800.53,52.18,89.1
2026-09-17 09:51:20.152326,Mansarovar,849.41,95.75,89.7
2026-09-17 10:51:20.152326,Mansarovar,865.19,145.17,85.7
2026-09-17 11:51:20.152326,Mansarovar,821.77,189.04,75.3
2026-09-17 12:51:20.152326,Mansarovar,848.48,219.33,74.9
2026-09-17 13:51:20.152326,Mansarovar,823.23,228.22,70.8
2026-09-17 14:51:20.152326,Mansarovar,732.75,243.16,58.3
2026-09-17 15:51:20.152326,Mansarovar,842.48,178.15,79.1
2026-09-17 16:51:20.152326,Mansarovar,841.94,110.71,87.1
2026-09-17 17:51:20.152326,Mansarovar,833.45,88.98,88.6
2026-09-17 18:51:20.152326,Mansarovar,830.39,48.74,93.1
2026-09-17 19:51:20.152326,Mansarovar,411.61,26.41,45.9
2026-09-17 20:51:20.152326,Mansarovar,417.85,12.16,48.3
2026-09-17 21:51:20.152326,Mansarovar,400.91,4.26,47.2
2026-09-17 22:51:20.152326,Mansarovar,421.63,1.54,50.0
2026-09-17 23:51:20.152326,Mansarovar,414.53,0.37,49.3
2026-09-18 00:51:20.152326,Mansarovar,410.48,0.01,48.9
2026-09-18 01:51:20.152326,Mansarovar,416.23,0.03,49.5
2026-09-18 02:51:20.152326,Mansarovar,406.51,0.14,48.4
2026-09-18 03:51:20.152326,Mansarovar,409.65,0.47,48.7
2026-09-18 04:51:20.152326,Mansarovar,430.51,1.26,51.1
2026-09-18 05:51:20.152326,Mansarovar,355.4,4.06,41.8
2026-09-18 06:51:20.152326,Mansarovar,421.16,12.08,48.7
2026-09-18 07:51:20.152326,Mansarovar,443.44,27.51,49.5
2026-09-18 08:51:20.152326,Mansarovar,835.13,55.59,92.8
2026-09-18 09:51:20.152326,Mansarovar,765.76,70.13,82.8
2026-09-18 10:51:20.152326,Mansarovar,746.34,133.16,73.0
2026-09-18 11:51:20.152326,Mansarovar,818.99,194.02,74.4
2026-09-18 12:51:20.152326,Mansarovar,866.08,272.75,70.6
2026-09-18 13:51:20.152326,Mansarovar,860.56,214.87,76.9
2026-09-18 14:51:20.152326,Mansarovar,831.11,260.86,67.9
2026-09-18 15:51:20.152326,Mansarovar,863.59,196.28,79.4
2026-09-18 16:51:20.152326,Mansarovar,919.08,121.92,94.9
2026-09-18 17:51:20.152326,Mansarovar,837.18,91.56,88.8
2026-09-18 18:51:20.152326,Mansarovar,842.44,51.34,94.2
2026-09-18 19:51:20.152326,Mansarovar,397.01,21.41,44.7
2026-09-18 20:51:20.152326,Mansarovar,402.08,10.74,46.6
2026-09-18 21:51:20.152326,Mansarovar,400.62,4.55,47.2
2026-09-18 22:51:20.152326,Mansarovar,414.85,1.32,49.2
2026-09-18 23:51:20.152326,Mansarovar,438.3,0.47,52.1
2026-09-19 00:51:20.152326,Mansarovar,387.91,0.0,46.2
2026-09-19 01:51:20.152326,Mansarovar,439.33,0.02,52.3
2026-09-19 02:51:20.152326,Mansarovar,407.05,0.08,48.4
2026-09-19 03:51:20.152326,Mansarovar,394.06,0.38,46.9
2026-09-19 04:51:20.152326,Mansarovar,431.56,1.18,51.2
2026-09-19 05:51:20.152326,Mansarovar,432.66,3.21,51.1
2026-09-19 06:51:20.152326,Mansarovar,370.27,8.25,43.1
2026-09-19 07:51:20.152326,Mansarovar,461.55,19.82,52.6
2026-09-19 08:51:20.152326,Mansarovar,811.67,37.49,92.2
2026-09-19 09:51:20.152326,Mansarovar,883.06,64.47,97.5
2026-09-19 10:51:20.152326,Mansarovar,796.13,106.66,82.1
2026-09-19 11:51:20.152326,Mansarovar,878.11,148.46,86.9
2026-09-19 12:51:20.152326,Mansarovar,841.05,181.36,78.5
2026-09-19 13:51:20.152326,Mansarovar,855.74,187.79,79.5
2026-09-19 14:51:20.152326,Mansarovar,835.29,161.84,80.2
2026-09-19 15:51:20.152326,Mansarovar,959.51,144.68,97.0
2026-09-19 16:51:20.152326,Mansarovar,810.81,107.23,83.8
2026-09-19 17:51:20.152326,Mansarovar,814.41,75.04,88.0
2026-09-19 18:51:20.152326,Mansarovar,832.38,35.86,94.8
2026-09-19 19:51:20.152326,Mansarovar,427.05,19.17,48.6
2026-09-19 20:51:20.152326,Mansarovar,446.63,8.35,52.2
2026-09-19 21:51:20.152326,Mansarovar,388.58,3.15,45.9
2026-09-19 22:51:20.152326,Mansarovar,409.71,1.01,48.7
2026-09-19 23:51:20.152326,Mansarovar,415.22,0.3,49.4
2026-09-20 00:51:20.152326,Mansarovar,392.52,0.0,46.7
2026-09-20 01:51:20.152326,Mansarovar,405.55,0.02,48.3
2026-09-20 02:51:20.152326,Mansarovar,426.52,0.09,50.8
2026-09-20 03:51:20.152326,Mansarovar,431.03,0.32,51.3
2026-09-20 04:51:20.152326,Mansarovar,386.64,0.93,45.9
2026-09-20 05:51:20.152326,Mansarovar,392.61,2.63,46.4
2026-09-20 06:51:20.152326,Mansarovar,430.41,9.06,50.2
2026-09-20 07:51:20.152326,Mansarovar,417.45,17.39,47.6
2026-09-20 08:51:20.152326,Mansarovar,804.61,35.02,91.6
2026-09-20 09:51:20.152326,Mansarovar,908.18,72.8,99.5
2026-09-20 10:51:20.152326,Mansarovar,790.56,101.4,82.0
2026-09-20 11:51:20.152326,Mansarovar,805.66,141.64,79.1
2026-09-20 12:51:20.152326,Mansarovar,808.1,188.23,73.8
2026-09-20 13:51:20.152326,Mansarovar,778.7,180.48,71.2
2026-09-20 14:51:20.152326,Mansarovar,837.43,147.8,82.1
2026-09-20 15:51:20.152326,Mansarovar,915.8,131.16,93.4
2026-09-20 16:51:20.152326,Mansarovar,868.4,121.99,88.9
2026-09-20 17:51:20.152326,Mansarovar,777.35,73.96,83.7
2026-09-20 18:51:20.152326,Mansarovar,788.91,41.18,89.0
2026-09-20 19:51:20.152326,Mansarovar,454.02,17.99,51.9
2026-09-20 20:51:20.152326,Mansarovar,447.66,8.79,52.2
2026-09-20 21:51:20.152326,Mansarovar,425.31,3.34,50.2
2026-09-20 22:51:20.152326,Mansarovar,422.64,0.96,50.2
2026-09-20 23:51:20.152326,Mansarovar,403.47,0.34,48.0
2026-09-21 00:51:20.152326,Mansarovar,433.39,0.0,51.6
2026-09-21 01:51:20.152326,Mansarovar,413.72,0.02,49.3
2026-09-21 02:51:20.152326,Mansarovar,472.47,0.1,56.2
2026-09-21 03:51:20.152326,Mansarovar,389.7,0.46,46.3
2026-09-21 04:51:20.152326,Mansarovar,436.57,1.27,51.8
2026-09-21 05:51:20.152326,Mansarovar,434.34,3.75,51.3
2026-09-21 06:51:20.152326,Mansarovar,422.53,11.55,48.9
2026-09-21 07:51:20.152326,Mansarovar,432.98,28.33,48.2
2026-09-21 08:51:20.152326,Mansarovar,885.77,52.14,99.2
2026-09-21 09:51:20.152326,Mansarovar,768.78,87.7,81.1
2026-09-21 10:51:20.152326,Mansarovar,896.24,154.32,88.3
2026-09-21 11:51:20.152326,Mansarovar,792.62,183.45,72.5
2026-09-21 12:51:20.152326,Mansarovar,819.11,239.28,69.0
2026-09-21 13:51:20.152326,Mansarovar,767.41,238.47,63.0
2026-09-21 14:51:20.152326,Mansarovar,772.79,204.76,67.6
2026-09-21 15:51:20.152326,Mansarovar,752.72,195.1,66.4
2026-09-21 16:51:20.152326,Mansarovar,812.9,123.32,82.1
2026-09-21 17:51:20.152326,Mansarovar,797.05,92.88,83.8
2026-09-21 18:51:20.152326,Mansarovar,838.69,50.48,93.8
2026-09-21 19:51:20.152326,Mansarovar,362.13,25.14,40.1
2026-09-21 20:51:20.152326,Mansarovar,400.76,11.76,46.3
2026-09-21 21:51:20.152326,Mansarovar,418.03,3.61,49.3
2026-09-21 22:51:20.152326,Mansarovar,442.78,1.42,52.5
2026-09-21 23:51:20.152326,Mansarovar,400.61,0.46,47.6
2026-09-22 00:51:20.152326,Mansarovar,391.06,0.01,46.6
2026-09-22 01:51:20.152326,Mansarovar,426.14,0.02,50.7
2026-09-22 02:51:20.152326,Mansarovar,435.27,0.1,51.8
2026-09-22 03:51:20.152326,Mansarovar,447.62,0.48,53.2
2026-09-22 04:51:20.152326,Mansarovar,402.91,1.33,47.8
2026-09-22 05:51:20.152326,Mansarovar,383.21,4.65,45.1
2026-09-22 06:51:20.152326,Mansarovar,384.78,11.78,44.4
2026-09-22 07:51:20.152326,Mansarovar,384.53,28.9,42.3
2026-09-22 08:51:20.152326,Mansarovar,868.76,52.67,97.2
2026-09-22 09:51:20.152326,Mansarovar,837.99,91.32,88.9
2026-09-22 10:51:20.152326,Mansarovar,842.57,129.64,84.9
2026-09-22 11:51:20.152326,Mansarovar,821.97,188.67,75.4
2026-09-22 12:51:20.152326,Mansarovar,852.8,231.35,74.0
2026-09-22 13:51:20.152326,Mansarovar,803.67,279.92,62.4
2026-09-22 14:51:20.152326,Mansarovar,867.45,209.83,78.3
2026-09-22 15:51:20.152326,Mansarovar,812.78,195.56,73.5
2026-09-22 16:51:20.152326,Mansarovar,903.06,127.01,92.4
2026-09-22 17:51:20.152326,Mansarovar,821.24,95.99,86.3
2026-09-22 18:51:20.152326,Mansarovar,851.07,47.52,95.7
2026-09-22 19:51:20.152326,Mansarovar,443.59,22.26,50.2
2026-09-22 20:51:20.152326,Mansarovar,374.18,9.42,43.4
2026-09-22 21:51:20.152326,Mansarovar,408.1,4.23,48.1
2026-09-22 22:51:20.152326,Mansarovar,409.78,1.25,48.6
2026-09-22 23:51:20.152326,Mansarovar,411.74,0.4,49.0
2026-09-23 00:51:20.152326,Mansarovar,385.75,0.0,45.9
2026-09-23 01:51:20.152326,Mansarovar,469.08,0.03,55.8
2026-09-23 02:51:20.152326,Mansarovar,384.82,0.09,45.8
2026-09-23 03:51:20.152326,Mansarovar,419.45,0.41,49.9
2026-09-23 04:51:20.152326,Mansarovar,436.09,1.53,51.7
2026-09-23 05:51:20.152326,Mansarovar,421.86,3.83,49.8
2026-09-23 06:51:20.152326,Mansarovar,409.7,11.03,47.5
2026-09-23 07:51:20.152326,Mansarovar,409.84,24.44,45.9
2026-09-23 08:51:20.152326,Mansarovar,844.49,48.98,94.7
2026-09-23 09:51:20.152326,Mansarovar,823.93,90.06,87.4
2026-09-23 10:51:20.152326,Mansarovar,949.01,152.39,94.8
2026-09-23 11:51:20.152326,Mansarovar,783.22,199.84,69.4
2026-09-23 12:51:20.152326,Mansarovar,852.15,198.85,77.8
2026-09-23 13:51:20.152326,Mansarovar,843.3,248.49,70.8
2026-09-23 14:51:20.152326,Mansarovar,868.13,260.57,72.3
2026-09-23 15:51:20.152326,Mansarovar,946.17,198.04,89.1
2026-09-23 16:51:20.152326,Mansarovar,862.76,105.59,90.1
2026-09-23 17:51:20.152326,Mansarovar,919.24,80.8,99.8
2026-09-23 18:51:20.152326,Mansarovar,829.58,49.69,92.8
2026-09-23 19:51:20.152326,Mansarovar,412.96,27.41,45.9
2026-09-23 20:51:20.152326,Mansarovar,445.62,10.22,51.8
2026-09-23 21:51:20.152326,Mansarovar,372.29,4.62,43.8
2026-09-23 22:51:20.152326,Mansarovar,399.14,1.17,47.4
2026-09-23 23:51:20.152326,Mansarovar,445.12,0.37,52.9
2026-09-24 00:51:20.152326,Mansarovar,381.12,0.01,45.4
2026-09-24 01:51:20.152326,Mansarovar,414.62,0.03,49.4
2026-09-24 02:51:20.152326,Mansarovar,424.69,0.1,50.5
2026-09-24 03:51:20.152326,Mansarovar,405.06,0.34,48.2
2026-09-24 04:51:20.152326,Mansarovar,411.4,1.44,48.8
2026-09-24 05:51:20.152326,Mansarovar,444.71,3.68,52.5
2026-09-24 06:51:20.152326,Mansarovar,463.35,9.03,54.1
2026-09-24 07:51:20.152326,Mansarovar,441.93,22.43,49.9
2026-09-24 08:51:20.152326,Mansarovar,817.08,49.7,91.4
2026-09-24 09:51:20.152326,Mansarovar,796.73,79.3,85.4
2026-09-24 10:51:20.152326,Mansarovar,863.15,137.97,86.3
2026-09-24 11:51:20.152326,Mansarovar,808.92,187.19,74.0
2026-09-24 12:51:20.152326,Mansarovar,896.38,229.47,79.4
2026-09-24 13:51:20.152326,Mansarovar,791.81,262.47,63.0
2026-09-24 14:51:20.152326,Mansarovar,824.33,239.28,69.6
2026-09-24 15:51:20.152326,Mansarovar,869.77,160.98,84.4
2026-09-24 16:51:20.152326,Mansarovar,825.71,134.87,82.2
2026-09-24 17:51:20.152326,Mansarovar,813.48,89.46,86.2
2026-09-24 18:51:20.152326,Mansarovar,774.29,47.52,86.5
2026-09-24 19:51:20.152326,Mansarovar,441.41,23.4,49.8
2026-09-24 20:51:20.152326,Mansarovar,407.65,9.74,47.4
2026-09-24 21:51:20.152326,Mansarovar,399.07,3.84,47.1
2026-06-26 22:51:20.152326,Malviya Nagar,1115.49,3.34,53.0
2026-06-26 23:51:20.152326,Malviya Nagar,999.77,1.06,47.6
2026-06-27 00:51:20.152326,Malviya Nagar,982.14,0.01,46.8
2026-06-27 01:51:20.152326,Malviya Nagar,993.41,0.05,47.3
2026-06-27 02:51:20.152326,Malviya Nagar,1072.15,0.21,51.0
2026-06-27 03:51:20.152326,Malviya Nagar,1023.12,0.76,48.7
2026-06-27 04:51:20.152326,Malviya Nagar,1043.65,2.85,49.6
2026-06-27 05:51:20.152326,Malviya Nagar,1020.47,7.66,48.2
2026-06-27 06:51:20.152326,Malviya Nagar,971.55,22.63,45.2
2026-06-27 07:51:20.152326,Malviya Nagar,933.03,58.84,41.6
2026-06-27 08:51:20.152326,Malviya Nagar,2253.69,89.99,103.0
2026-06-27 09:51:20.152326,Malviya Nagar,2349.24,172.3,103.7
2026-06-27 10:51:20.152326,Malviya Nagar,2072.51,253.07,86.6
2026-06-27 11:51:20.152326,Malviya Nagar,2119.61,312.66,86.0
2026-06-27 12:51:20.152326,Malviya Nagar,2221.29,400.45,86.7
2026-06-27 13:51:20.152326,Malviya Nagar,2169.0,511.42,78.9
2026-06-27 14:51:20.152326,Malviya Nagar,2230.31,424.61,86.0
2026-06-27 15:51:20.152326,Malviya Nagar,2035.97,381.04,78.8
2026-06-27 16:51:20.152326,Malviya Nagar,2127.14,266.24,88.6
2026-06-27 17:51:20.152326,Malviya Nagar,2124.53,192.11,92.0
2026-06-27 18:51:20.152326,Malviya Nagar,1967.64,91.8,89.3
2026-06-27 19:51:20.152326,Malviya Nagar,1066.6,53.98,48.2
2026-06-27 20:51:20.152326,Malviya Nagar,1033.01,20.47,48.2
2026-06-27 21:51:20.152326,Malviya Nagar,1101.16,8.87,52.0
2026-06-27 22:51:20.152326,Malviya Nagar,989.62,1.97,47.0
2026-06-27 23:51:20.152326,Malviya Nagar,1065.46,0.84,50.7
2026-06-28 00:51:20.152326,Malviya Nagar,1009.87,0.01,48.1
2026-06-28 01:51:20.152326,Malviya Nagar,960.2,0.05,45.7
2026-06-28 02:51:20.152326,Malviya Nagar,1072.76,0.23,51.1
2026-06-28 03:51:20.152326,Malviya Nagar,1118.83,0.92,53.2
2026-06-28 04:51:20.152326,Malviya Nagar,1145.1,3.13,54.4
2026-06-28 05:51:20.152326,Malviya Nagar,1090.06,8.29,51.5
2026-06-28 06:51:20.152326,Malviya Nagar,992.26,22.96,46.2
2026-06-28 07:51:20.152326,Malviya Nagar,943.71,46.59,42.7
2026-06-28 08:51:20.152326,Malviya Nagar,2204.58,91.96,100.6
2026-06-28 09:51:20.152326,Malviya Nagar,2064.47,182.17,89.6
2026-06-28 10:51:20.152326,Malviya Nagar,1997.98,258.97,82.8
2026-06-28 11:51:20.152326,Malviya Nagar,2256.71,370.12,89.8
2026-06-28 12:51:20.152326,Malviya Nagar,2066.72,397.26,79.5
2026-06-28 13:51:20.152326,Malviya Nagar,2032.35,474.19,74.2
2026-06-28 14:51:20.152326,Malviya Nagar,2208.76,363.25,87.9
2026-06-28 15:51:20.152326,Malviya Nagar,1976.88,388.64,75.6
2026-06-28 16:51:20.152326,Malviya Nagar,2043.1,287.4,83.6
2026-06-28 17:51:20.152326,Malviya Nagar,2014.36,165.91,88.0
2026-06-28 18:51:20.152326,Malviya Nagar,2119.56,92.66,96.5
2026-06-28 19:51:20.152326,Malviya Nagar,1025.12,43.41,46.7
2026-06-28 20:51:20.152326,Malviya Nagar,1074.86,21.29,50.2
2026-06-28 21:51:20.152326,Malviya Nagar,1103.12,7.38,52.2
2026-06-28 22:51:20.152326,Malviya Nagar,1062.53,2.81,50.5
2026-06-28 23:51:20.152326,Malviya Nagar,1088.47,0.7,51.8
2026-06-29 00:51:20.152326,Malviya Nagar,1079.05,0.01,51.4
2026-06-29 01:51:20.152326,Malviya Nagar,1053.29,0.06,50.2
2026-06-29 02:51:20.152326,Malviya Nagar,917.01,0.28,43.7
2026-06-29 03:51:20.152326,Malviya Nagar,959.99,1.15,45.7
2026-06-29 04:51:20.152326,Malviya Nagar,941.99,3.42,44.7
2026-06-29 05:51:20.152326,Malviya Nagar,1024.95,10.53,48.3
2026-06-29 06:51:20.152326,Malviya Nagar,991.05,26.14,45.9
2026-06-29 07:51:20.152326,Malviya Nagar,1051.65,60.87,47.2
2026-06-29 08:51:20.152326,Malviya Nagar,2040.89,112.78,91.8
2026-06-29 09:51:20.152326,Malviya Nagar,2051.85,207.65,87.8
2026-06-29 10:51:20.152326,Malviya Nagar,2015.1,291.51,82.1
2026-06-29 11:51:20.152326,Malviya Nagar,2048.66,501.99,73.7
2026-06-29 12:51:20.152326,Malviya Nagar,1986.82,514.27,70.1
2026-06-29 13:51:20.152326,Malviya Nagar,2094.17,642.71,69.1
2026-06-29 14:51:20.152326,Malviya Nagar,1946.3,679.14,60.3
2026-06-29 15:51:20.152326,Malviya Nagar,2205.59,468.79,82.7
2026-06-29 16:51:20.152326,Malviya Nagar,2101.94,365.31,82.7
2026-06-29 17:51:20.152326,Malviya Nagar,2207.43,205.4,95.3
2026-06-29 18:51:20.152326,Malviya Nagar,2073.75,120.18,93.0
2026-06-29 19:51:20.152326,Malviya Nagar,1079.96,65.82,48.3
2026-06-29 20:51:20.152326,Malviya Nagar,1099.06,26.93,51.1
2026-06-29 21:51:20.152326,Malviya Nagar,1108.04,11.31,52.2
2026-06-29 22:51:20.152326,Malviya Nagar,1080.85,3.99,51.3
2026-06-29 23:51:20.152326,Malviya Nagar,1021.21,1.02,48.6
2026-06-30 00:51:20.152326,Malviya Nagar,1161.26,0.01,55.3
2026-06-30 01:51:20.152326,Malviya Nagar,1071.06,0.06,51.0
2026-06-30 02:51:20.152326,Malviya Nagar,1002.4,0.25,47.7
2026-06-30 03:51:20.152326,Malviya Nagar,1016.55,0.96,48.4
2026-06-30 04:51:20.152326,Malviya Nagar,1088.11,3.01,51.7
2026-06-30 05:51:20.152326,Malviya Nagar,1052.51,10.58,49.6
2026-06-30 06:51:20.152326,Malviya Nagar,1095.47,23.79,51.0
2026-06-30 07:51:20.152326,Malviya Nagar,1077.12,57.55,48.6
2026-06-30 08:51:20.152326,Malviya Nagar,2008.14,108.34,90.5
2026-06-30 09:51:20.152326,Malviya Nagar,2251.71,251.41,95.3
2026-06-30 10:51:20.152326,Malviya Nagar,2230.61,326.26,90.7
2026-06-30 11:51:20.152326,Malviya Nagar,2110.85,545.21,74.6
2026-06-30 12:51:20.152326,Malviya Nagar,2191.62,520.07,79.6
2026-06-30 13:51:20.152326,Malviya Nagar,2010.33,634.14,65.5
2026-06-30 14:51:20.152326,Malviya Nagar,2116.8,659.94,69.4
2026-06-30 15:51:20.152326,Malviya Nagar,2252.14,550.66,81.0
2026-06-30 16:51:20.152326,Malviya Nagar,1905.81,342.32,74.5
2026-06-30 17:51:20.152326,Malviya Nagar,2060.49,193.17,88.9
2026-06-30 18:51:20.152326,Malviya Nagar,2220.46,118.51,100.1
2026-06-30 19:51:20.152326,Malviya Nagar,1015.07,60.03,45.5
2026-06-30 20:51:20.152326,Malviya Nagar,1068.0,23.97,49.7
2026-06-30 21:51:20.152326,Malviya Nagar,1098.41,10.09,51.8
2026-06-30 22:51:20.152326,Malviya Nagar,1090.25,4.05,51.7
2026-06-30 23:51:20.152326,Malviya Nagar,1031.04,1.17,49.0
2026-07-01 00:51:20.152326,Malviya Nagar,1047.25,0.01,49.9
2026-07-01 01:51:20.152326,Malviya Nagar,1086.38,0.07,51.7
2026-07-01 02:51:20.152326,Malviya Nagar,1059.93,0.25,50.5
2026-07-01 03:51:20.152326,Malviya Nagar,1183.83,1.0,56.3
2026-07-01 04:51:20.152326,Malviya Nagar,1100.55,3.54,52.2
2026-07-01 05:51:20.152326,Malviya Nagar,1014.68,10.7,47.8
2026-07-01 06:51:20.152326,Malviya Nagar,991.82,28.37,45.9
2026-07-01 07:51:20.152326,Malviya Nagar,1029.61,72.11,45.6
2026-07-01 08:51:20.152326,Malviya Nagar,2347.86,121.48,106.0
2026-07-01 09:51:20.152326,Malviya Nagar,2218.16,216.84,95.3
2026-07-01 10:51:20.152326,Malviya Nagar,2142.15,348.64,85.4
2026-07-01 11:51:20.152326,Malviya Nagar,2136.9,442.49,80.7
2026-07-01 12:51:20.152326,Malviya Nagar,2160.89,604.46,74.1
2026-07-01 13:51:20.152326,Malviya Nagar,2133.6,622.05,72.0
2026-07-01 14:51:20.152326,Malviya Nagar,1991.74,529.02,69.7
2026-07-01 15:51:20.152326,Malviya Nagar,2165.43,490.64,79.8
2026-07-01 16:51:20.152326,Malviya Nagar,2055.53,333.46,82.0
2026-07-01 17:51:20.152326,Malviya Nagar,2175.31,244.09,92.0
2026-07-01 18:51:20.152326,Malviya Nagar,2050.96,122.08,91.9
2026-07-01 19:51:20.152326,Malviya Nagar,1047.51,54.16,47.3
2026-07-01 20:51:20.152326,Malviya Nagar,1052.57,22.41,49.1
2026-07-01 21:51:20.152326,Malviya Nagar,1085.82,10.57,51.2
2026-07-01 22:51:20.152326,Malviya Nagar,1066.68,3.46,50.6
2026-07-01 23:51:20.152326,Malviya Nagar,1046.5,1.2,49.8
2026-07-02 00:51:20.152326,Malviya Nagar,1119.55,0.01,53.3
2026-07-02 01:51:20.152326,Malviya Nagar,1143.1,0.06,54.4
2026-07-02 02:51:20.152326,Malviya Nagar,967.59,0.28,46.1
2026-07-02 03:51:20.152326,Malviya Nagar,1197.21,1.21,57.0
2026-07-02 04:51:20.152326,Malviya Nagar,1049.92,3.98,49.8
2026-07-02 05:51:20.152326,Malviya Nagar,1174.43,9.58,55.5
2026-07-02 06:51:20.152326,Malviya Nagar,1010.25,27.49,46.8
2026-07-02 07:51:20.152326,Malviya Nagar,1011.39,60.5,45.3
2026-07-02 08:51:20.152326,Malviya Nagar,2115.44,152.92,93.5
2026-07-02 09:51:20.152326,Malviya Nagar,2102.28,238.52,88.8
2026-07-02 10:51:20.152326,Malviya Nagar,2230.05,355.05,89.3
2026-07-02 11:51:20.152326,Malviya Nagar,1996.58,448.31,73.7
2026-07-02 12:51:20.152326,Malviya Nagar,2074.41,479.89,75.9
2026-07-02 13:51:20.152326,Malviya Nagar,2306.35,623.1,80.2
2026-07-02 14:51:20.152326,Malviya Nagar,1921.03,522.5,66.6
2026-07-02 15:51:20.152326,Malviya Nagar,1909.55,420.5,70.9
2026-07-02 16:51:20.152326,Malviya Nagar,2039.84,357.47,80.1
2026-07-02 17:51:20.152326,Malviya Nagar,2058.77,220.4,87.5
2026-07-02 18:51:20.152326,Malviya Nagar,2012.67,142.61,89.1
2026-07-02 19:51:20.152326,Malviya Nagar,972.0,53.33,43.7
2026-07-02 20:51:20.152326,Malviya Nagar,1047.77,29.18,48.5
2026-07-02 21:51:20.152326,Malviya Nagar,986.36,10.55,46.5
2026-07-02 22:51:20.152326,Malviya Nagar,999.45,3.68,47.4
2026-07-02 23:51:20.152326,Malviya Nagar,1045.81,1.05,49.8
2026-07-03 00:51:20.152326,Malviya Nagar,1073.39,0.02,51.1
2026-07-03 01:51:20.152326,Malviya Nagar,1026.77,0.07,48.9
2026-07-03 02:51:20.152326,Malviya Nagar,970.83,0.26,46.2
2026-07-03 03:51:20.152326,Malviya Nagar,1182.5,1.11,56.3
2026-07-03 04:51:20.152326,Malviya Nagar,1178.39,3.31,56.0
2026-07-03 05:51:20.152326,Malviya Nagar,1043.28,10.26,49.2
2026-07-03 06:51:20.152326,Malviya Nagar,999.19,30.03,46.2
2026-07-03 07:51:20.152326,Malviya Nagar,1141.53,68.73,51.1
2026-07-03 08:51:20.152326,Malviya Nagar,1951.08,137.15,86.4
2026-07-03 09:51:20.152326,Malviya Nagar,1979.96,254.6,82.2
2026-07-03 10:51:20.152326,Malviya Nagar,2213.74,353.58,88.6
2026-07-03 11:51:20.152326,Malviya Nagar,1967.38,516.76,69.1
2026-07-03 12:51:20.152326,Malviya Nagar,2062.85,548.68,72.1
2026-07-03 13:51:20.152326,Malviya Nagar,2208.15,742.59,69.8
2026-07-03 14:51:20.152326,Malviya Nagar,2038.4,634.21,66.9
2026-07-03 15:51:20.152326,Malviya Nagar,1997.28,348.14,78.5
2026-07-03 16:51:20.152326,Malviya Nagar,2138.66,383.16,83.6
2026-07-03 17:51:20.152326,Malviya Nagar,1944.96,237.76,81.3
2026-07-03 18:51:20.152326,Malviya Nagar,2190.02,119.6,98.6
2026-07-03 19:51:20.152326,Malviya Nagar,1073.14,64.41,48.0
2026-07-03 20:51:20.152326,Malviya Nagar,1051.97,26.75,48.8
2026-07-03 21:51:20.152326,Malviya Nagar,1064.43,10.99,50.2
2026-07-03 22:51:20.152326,Malviya Nagar,991.76,3.64,47.1
2026-07-03 23:51:20.152326,Malviya Nagar,1055.99,0.91,50.2
2026-07-04 00:51:20.152326,Malviya Nagar,984.77,0.01,46.9
2026-07-04 01:51:20.152326,Malviya Nagar,1052.0,0.05,50.1
2026-07-04 02:51:20.152326,Malviya Nagar,994.27,0.19,47.3
2026-07-04 03:51:20.152326,Malviya Nagar,1024.29,0.73,48.7
2026-07-04 04:51:20.152326,Malviya Nagar,1080.34,2.94,51.3
2026-07-04 05:51:20.152326,Malviya Nagar,1169.78,8.47,55.3
2026-07-04 06:51:20.152326,Malviya Nagar,980.74,20.69,45.7
2026-07-04 07:51:20.152326,Malviya Nagar,955.92,46.97,43.3
2026-07-04 08:51:20.152326,Malviya Nagar,1981.81,81.55,90.5
2026-07-04 09:51:20.152326,Malviya Nagar,1997.83,202.17,85.5
2026-07-04 10:51:20.152326,Malviya Nagar,2064.76,250.23,86.4
2026-07-04 11:51:20.152326,Malviya Nagar,2310.42,324.09,94.6
2026-07-04 12:51:20.152326,Malviya Nagar,2159.39,497.04,79.2
2026-07-04 13:51:20.152326,Malviya Nagar,1988.62,451.3,73.2
2026-07-04 14:51:20.152326,Malviya Nagar,2334.8,502.96,87.2
2026-07-04 15:51:20.152326,Malviya Nagar,1980.29,380.08,76.2
2026-07-04 16:51:20.152326,Malviya Nagar,2045.97,295.97,83.3
2026-07-04 17:51:20.152326,Malviya Nagar,2142.93,149.55,94.9
2026-07-04 18:51:20.152326,Malviya Nagar,2244.23,103.46,101.9
2026-07-04 19:51:20.152326,Malviya Nagar,1094.67,44.93,50.0
2026-07-04 20:51:20.152326,Malviya Nagar,991.59,17.85,46.4
2026-07-04 21:51:20.152326,Malviya Nagar,1003.97,8.09,47.4
2026-07-04 22:51:20.152326,Malviya Nagar,934.15,2.75,44.4
2026-07-04 23:51:20.152326,Malviya Nagar,1141.57,0.69,54.3
2026-07-05 00:51:20.152326,Malviya Nagar,1114.59,0.01,53.1
2026-07-05 01:51:20.152326,Malviya Nagar,1121.98,0.04,53.4
2026-07-05 02:51:20.152326,Malviya Nagar,1156.71,0.21,55.1
2026-07-05 03:51:20.152326,Malviya Nagar,1180.28,0.79,56.2
2026-07-05 04:51:20.152326,Malviya Nagar,976.24,2.93,46.3
2026-07-05 05:51:20.152326,Malviya Nagar,1028.7,8.52,48.6
2026-07-05 06:51:20.152326,Malviya Nagar,942.64,23.1,43.8
2026-07-05 07:51:20.152326,Malviya Nagar,1074.45,48.36,48.9
2026-07-05 08:51:20.152326,Malviya Nagar,2096.54,98.86,95.1
2026-07-05 09:51:20.152326,Malviya Nagar,2150.96,169.91,94.3
2026-07-05 10:51:20.152326,Malviya Nagar,1911.73,276.42,77.9
2026-07-05 11:51:20.152326,Malviya Nagar,2067.87,385.39,80.1
2026-07-05 12:51:20.152326,Malviya Nagar,2085.78,381.45,81.2
2026-07-05 13:51:20.152326,Malviya Nagar,2129.38,561.39,74.7
2026-07-05 14:51:20.152326,Malviya Nagar,1834.36,446.98,66.1
2026-07-05 15:51:20.152326,Malviya Nagar,2186.89,330.78,88.4
2026-07-05 16:51:20.152326,Malviya Nagar,2112.32,229.71,89.6
2026-07-05 17:51:20.152326,Malviya Nagar,1948.4,172.37,84.6
2026-07-05 18:51:20.152326,Malviya Nagar,2163.66,100.12,98.3
2026-07-05 19:51:20.152326,Malviya Nagar,1097.02,36.54,50.5
2026-07-05 20:51:20.152326,Malviya Nagar,1069.16,19.42,50.0
2026-07-05 21:51:20.152326,Malviya Nagar,1092.0,8.41,51.6
2026-07-05 22:51:20.152326,Malviya Nagar,1173.48,2.69,55.8
2026-07-05 23:51:20.152326,Malviya Nagar,1160.58,0.84,55.2
2026-07-06 00:51:20.152326,Malviya Nagar,1016.93,0.01,48.4
2026-07-06 01:51:20.152326,Malviya Nagar,1084.4,0.05,51.6
2026-07-06 02:51:20.152326,Malviya Nagar,1054.35,0.33,50.2
2026-07-06 03:51:20.152326,Malviya Nagar,1046.06,1.03,49.8
2026-07-06 04:51:20.152326,Malviya Nagar,1050.84,3.5,49.9
2026-07-06 05:51:20.152326,Malviya Nagar,990.05,10.68,46.6
2026-07-06 06:51:20.152326,Malviya Nagar,1057.02,26.47,49.1
2026-07-06 07:51:20.152326,Malviya Nagar,980.96,63.51,43.7
2026-07-06 08:51:20.152326,Malviya Nagar,2252.48,131.27,101.0
2026-07-06 09:51:20.152326,Malviya Nagar,2235.51,244.87,94.8
2026-07-06 10:51:20.152326,Malviya Nagar,2063.53,398.07,79.3
2026-07-06 11:51:20.152326,Malviya Nagar,2193.76,364.51,87.1
2026-07-06 12:51:20.152326,Malviya Nagar,2084.27,535.08,73.8
2026-07-06 13:51:20.152326,Malviya Nagar,2317.13,646.51,79.6
2026-07-06 14:51:20.152326,Malviya Nagar,1961.66,558.42,66.8
2026-07-06 15:51:20.152326,Malviya Nagar,2216.63,474.15,83.0
2026-07-06 16:51:20.152326,Malviya Nagar,1901.09,223.47,79.9
2026-07-06 17:51:20.152326,Malviya Nagar,1979.17,223.67,83.6
2026-07-06 18:51:20.152326,Malviya Nagar,2138.55,104.9,96.8
2026-07-06 19:51:20.152326,Malviya Nagar,975.19,58.82,43.6
2026-07-06 20:51:20.152326,Malviya Nagar,1012.12,24.48,47.0
2026-07-06 21:51:20.152326,Malviya Nagar,1066.2,11.54,50.2
2026-07-06 22:51:20.152326,Malviya Nagar,1153.94,3.35,54.8
2026-07-06 23:51:20.152326,Malviya Nagar,1041.11,1.08,49.5
2026-07-07 00:51:20.152326,Malviya Nagar,1091.84,0.01,52.0
2026-07-07 01:51:20.152326,Malviya Nagar,1036.01,0.07,49.3
2026-07-07 02:51:20.152326,Malviya Nagar,1100.4,0.21,52.4
2026-07-07 03:51:20.152326,Malviya Nagar,1001.83,1.21,47.6
2026-07-07 04:51:20.152326,Malviya Nagar,952.23,3.78,45.2
2026-07-07 05:51:20.152326,Malviya Nagar,1036.96,10.52,48.9
2026-07-07 06:51:20.152326,Malviya Nagar,1060.28,21.8,49.5
2026-07-07 07:51:20.152326,Malviya Nagar,986.55,62.46,44.0
2026-07-07 08:51:20.152326,Malviya Nagar,2057.17,108.13,92.8
2026-07-07 09:51:20.152326,Malviya Nagar,1857.27,203.81,78.7
2026-07-07 10:51:20.152326,Malviya Nagar,2014.36,371.48,78.2
2026-07-07 11:51:20.152326,Malviya Nagar,1948.98,486.36,69.6
2026-07-07 12:51:20.152326,Malviya Nagar,2051.65,575.84,70.3
2026-07-07 13:51:20.152326,Malviya Nagar,2270.44,642.31,77.5
2026-07-07 14:51:20.152326,Malviya Nagar,2031.23,531.45,71.4
2026-07-07 15:51:20.152326,Malviya Nagar,2023.26,487.45,73.1
2026-07-07 16:51:20.152326,Malviya Nagar,2604.59,331.11,108.3
2026-07-07 17:51:20.152326,Malviya Nagar,2053.54,246.52,86.0
2026-07-07 18:51:20.152326,Malviya Nagar,2165.3,141.82,96.4
2026-07-07 19:51:20.152326,Malviya Nagar,1054.84,70.59,46.9
2026-07-07 20:51:20.152326,Malviya Nagar,1075.92,27.1,49.9
2026-07-07 21:51:20.152326,Malviya Nagar,1094.89,10.36,51.6
2026-07-07 22:51:20.152326,Malviya Nagar,1055.22,3.26,50.1
2026-07-07 23:51:20.152326,Malviya Nagar,989.37,0.96,47.1
2026-07-08 00:51:20.152326,Malviya Nagar,1064.01,0.01,50.7
2026-07-08 01:51:20.152326,Malviya Nagar,1131.23,0.07,53.9
2026-07-08 02:51:20.152326,Malviya Nagar,966.32,0.24,46.0
2026-07-08 03:51:20.152326,Malviya Nagar,1076.61,1.08,51.2
2026-07-08 04:51:20.152326,Malviya Nagar,973.53,2.6,46.2
2026-07-08 05:51:20.152326,Malviya Nagar,1005.06,9.68,47.4
2026-07-08 06:51:20.152326,Malviya Nagar,1018.24,27.39,47.2
2026-07-08 07:51:20.152326,Malviya Nagar,1073.1,60.34,48.2
2026-07-08 08:51:20.152326,Malviya Nagar,2066.51,124.44,92.5
2026-07-08 09:51:20.152326,Malviya Nagar,1966.07,164.52,85.8
2026-07-08 10:51:20.152326,Malviya Nagar,2267.65,385.75,89.6
2026-07-08 11:51:20.152326,Malviya Nagar,2092.69,470.4,77.3
2026-07-08 12:51:20.152326,Malviya Nagar,2248.94,494.67,83.5
2026-07-08 13:51:20.152326,Malviya Nagar,2019.78,716.56,62.1
2026-07-08 14:51:20.152326,Malviya Nagar,2147.75,621.71,72.7
2026-07-08 15:51:20.152326,Malviya Nagar,2216.19,565.6,78.6
2026-07-08 16:51:20.152326,Malviya Nagar,2085.61,335.05,83.4
2026-07-08 17:51:20.152326,Malviya Nagar,2064.68,224.17,87.6
2026-07-08 18:51:20.152326,Malviya Nagar,2127.34,111.15,96.0
2026-07-08 19:51:20.152326,Malviya Nagar,944.53,44.87,42.8
2026-07-08 20:51:20.152326,Malviya Nagar,962.27,29.64,44.4
2026-07-08 21:51:20.152326,Malviya Nagar,974.22,10.04,45.9
2026-07-08 22:51:20.152326,Malviya Nagar,1039.32,3.8,49.3
2026-07-08 23:51:20.152326,Malviya Nagar,974.59,0.89,46.4
2026-07-09 00:51:20.152326,Malviya Nagar,1074.02,0.01,51.1
2026-07-09 01:51:20.152326,Malviya Nagar,1068.11,0.07,50.9
2026-07-09 02:51:20.152326,Malviya Nagar,1106.25,0.26,52.7
2026-07-09 03:51:20.152326,Malviya Nagar,1089.92,1.06,51.9
2026-07-09 04:51:20.152326,Malviya Nagar,967.93,3.68,45.9
2026-07-09 05:51:20.152326,Malviya Nagar,1034.82,11.6,48.7
2026-07-09 06:51:20.152326,Malviya Nagar,1049.71,30.4,48.5
2026-07-09 07:51:20.152326,Malviya Nagar,988.34,54.27,44.5
2026-07-09 08:51:20.152326,Malviya Nagar,2344.35,117.4,106.0
2026-07-09 09:51:20.152326,Malviya Nagar,2047.12,222.67,86.9
2026-07-09 10:51:20.152326,Malviya Nagar,2034.65,392.08,78.2
2026-07-09 11:51:20.152326,Malviya Nagar,2282.1,468.41,86.4
2026-07-09 12:51:20.152326,Malviya Nagar,1988.99,623.61,65.0
2026-07-09 13:51:20.152326,Malviya Nagar,2136.85,549.54,75.6
2026-07-09 14:51:20.152326,Malviya Nagar,1967.47,579.53,66.1
2026-07-09 15:51:20.152326,Malviya Nagar,1905.29,527.84,65.6
2026-07-09 16:51:20.152326,Malviya Nagar,1974.06,417.23,74.1
2026-07-09 17:51:20.152326,Malviya Nagar,2344.94,213.66,101.5
2026-07-09 18:51:20.152326,Malviya Nagar,2045.67,143.97,90.6
2026-07-09 19:51:20.152326,Malviya Nagar,1095.88,64.61,49.1
2026-07-09 20:51:20.152326,Malviya Nagar,1008.84,24.81,46.9
2026-07-09 21:51:20.152326,Malviya Nagar,1014.77,9.62,47.9
2026-07-09 22:51:20.152326,Malviya Nagar,985.36,3.31,46.8
2026-07-09 23:51:20.152326,Malviya Nagar,1134.46,1.05,54.0
2026-07-10 00:51:20.152326,Malviya Nagar,1061.69,0.01,50.6
2026-07-10 01:51:20.152326,Malviya Nagar,1016.67,0.08,48.4
2026-07-10 02:51:20.152326,Malviya Nagar,990.44,0.26,47.2
2026-07-10 03:51:20.152326,Malviya Nagar,1057.52,1.05,50.3
2026-07-10 04:51:20.152326,Malviya Nagar,1035.68,3.32,49.2
2026-07-10 05:51:20.152326,Malviya Nagar,1076.36,10.71,50.7
2026-07-10 06:51:20.152326,Malviya Nagar,955.31,27.67,44.2
2026-07-10 07:51:20.152326,Malviya Nagar,1094.02,57.88,49.3
2026-07-10 08:51:20.152326,Malviya Nagar,2107.55,137.08,93.8
2026-07-10 09:51:20.152326,Malviya Nagar,1974.36,220.49,83.5
2026-07-10 10:51:20.152326,Malviya Nagar,2054.18,330.65,82.1
2026-07-10 11:51:20.152326,Malviya Nagar,2020.67,444.1,75.1
2026-07-10 12:51:20.152326,Malviya Nagar,2019.42,637.47,65.8
2026-07-10 13:51:20.152326,Malviya Nagar,1991.73,644.25,64.2
2026-07-10 14:51:20.152326,Malviya Nagar,2074.94,578.79,71.2
2026-07-10 15:51:20.152326,Malviya Nagar,2077.37,472.61,76.4
2026-07-10 16:51:20.152326,Malviya Nagar,2055.23,322.51,82.5
2026-07-10 17:51:20.152326,Malviya Nagar,1882.53,232.8,78.6
2026-07-10 18:51:20.152326,Malviya Nagar,2279.84,111.03,103.3
2026-07-10 19:51:20.152326,Malviya Nagar,1074.39,66.44,48.0
2026-07-10 20:51:20.152326,Malviya Nagar,1051.23,28.76,48.7
2026-07-10 21:51:20.152326,Malviya Nagar,1010.88,11.59,47.6
2026-07-10 22:51:20.152326,Malviya Nagar,1167.48,3.43,55.4
2026-07-10 23:51:20.152326,Malviya Nagar,1031.1,1.15,49.0
2026-07-11 00:51:20.152326,Malviya Nagar,1109.66,0.01,52.8
2026-07-11 01:51:20.152326,Malviya Nagar,936.62,0.05,44.6
2026-07-11 02:51:20.152326,Malviya Nagar,985.05,0.23,46.9
2026-07-11 03:51:20.152326,Malviya Nagar,1010.97,0.86,48.1
2026-07-11 04:51:20.152326,Malviya Nagar,1096.77,2.61,52.1
2026-07-11 05:51:20.152326,Malviya Nagar,1164.47,7.59,55.1
2026-07-11 06:51:20.152326,Malviya Nagar,1000.45,18.57,46.8
2026-07-11 07:51:20.152326,Malviya Nagar,1053.8,47.27,47.9
2026-07-11 08:51:20.152326,Malviya Nagar,2065.98,86.75,94.2
2026-07-11 09:51:20.152326,Malviya Nagar,2114.46,167.38,92.7
2026-07-11 10:51:20.152326,Malviya Nagar,1927.61,254.15,79.7
2026-07-11 11:51:20.152326,Malviya Nagar,2209.06,361.74,88.0
2026-07-11 12:51:20.152326,Malviya Nagar,1851.15,435.81,67.4
2026-07-11 13:51:20.152326,Malviya Nagar,2331.01,433.46,90.4
2026-07-11 14:51:20.152326,Malviya Nagar,2090.55,369.64,81.9
2026-07-11 15:51:20.152326,Malviya Nagar,2182.77,312.9,89.0
2026-07-11 16:51:20.152326,Malviya Nagar,2217.59,237.92,94.3
2026-07-11 17:51:20.152326,Malviya Nagar,2118.47,175.31,92.5
2026-07-11 18:51:20.152326,Malviya Nagar,1902.25,90.45,86.3
2026-07-11 19:51:20.152326,Malviya Nagar,1038.73,43.97,47.4
2026-07-11 20:51:20.152326,Malviya Nagar,1149.47,20.54,53.8
2026-07-11 21:51:20.152326,Malviya Nagar,1136.08,8.08,53.7
2026-07-11 22:51:20.152326,Malviya Nagar,975.88,2.66,46.3
2026-07-11 23:51:20.152326,Malviya Nagar,1045.68,0.79,49.8
2026-07-12 00:51:20.152326,Malviya Nagar,1092.02,0.01,52.0
2026-07-12 01:51:20.152326,Malviya Nagar,1087.33,0.05,51.8
2026-07-12 02:51:20.152326,Malviya Nagar,1061.91,0.21,50.6
2026-07-12 03:51:20.152326,Malviya Nagar,931.78,0.65,44.3
2026-07-12 04:51:20.152326,Malviya Nagar,986.32,2.77,46.8
2026-07-12 05:51:20.152326,Malviya Nagar,1006.35,7.09,47.6
2026-07-12 06:51:20.152326,Malviya Nagar,1112.37,19.34,52.0
2026-07-12 07:51:20.152326,Malviya Nagar,1030.57,45.53,46.9
2026-07-12 08:51:20.152326,Malviya Nagar,2010.62,99.1,91.0
2026-07-12 09:51:20.152326,Malviya Nagar,2061.31,157.71,90.6
2026-07-12 10:51:20.152326,Malviya Nagar,2253.37,189.35,98.3
2026-07-12 11:51:20.152326,Malviya Nagar,2023.81,361.6,79.2
2026-07-12 12:51:20.152326,Malviya Nagar,2040.89,465.79,75.0
2026-07-12 13:51:20.152326,Malviya Nagar,2091.47,492.2,76.2
2026-07-12 14:51:20.152326,Malviya Nagar,2003.82,448.01,74.1
2026-07-12 15:51:20.152326,Malviya Nagar,2283.55,391.22,90.1
2026-07-12 16:51:20.152326,Malviya Nagar,2072.5,255.82,86.5
2026-07-12 17:51:20.152326,Malviya Nagar,2171.77,179.18,94.9
2026-07-12 18:51:20.152326,Malviya Nagar,2228.03,110.68,100.8
2026-07-12 19:51:20.152326,Malviya Nagar,1107.89,43.67,50.7
2026-07-12 20:51:20.152326,Malviya Nagar,936.24,22.14,43.5
2026-07-12 21:51:20.152326,Malviya Nagar,1070.97,7.92,50.6
2026-07-12 22:51:20.152326,Malviya Nagar,1023.6,2.77,48.6
2026-07-12 23:51:20.152326,Malviya Nagar,1123.74,0.69,53.5
2026-07-13 00:51:20.152326,Malviya Nagar,1081.21,0.01,51.5
2026-07-13 01:51:20.152326,Malviya Nagar,1025.9,0.07,48.8
2026-07-13 02:51:20.152326,Malviya Nagar,1110.11,0.3,52.8
2026-07-13 03:51:20.152326,Malviya Nagar,1056.72,1.25,50.3
2026-07-13 04:51:20.152326,Malviya Nagar,1026.13,3.96,48.7
2026-07-13 05:51:20.152326,Malviya Nagar,1093.85,12.79,51.5
2026-07-13 06:51:20.152326,Malviya Nagar,1016.19,25.11,47.2
2026-07-13 07:51:20.152326,Malviya Nagar,1084.6,62.26,48.7
2026-07-13 08:51:20.152326,Malviya Nagar,2021.08,134.14,89.9
2026-07-13 09:51:20.152326,Malviya Nagar,2013.27,209.22,85.9
2026-07-13 10:51:20.152326,Malviya Nagar,2284.86,312.64,93.9
2026-07-13 11:51:20.152326,Malviya Nagar,1977.65,439.31,73.3
2026-07-13 12:51:20.152326,Malviya Nagar,2005.67,513.04,71.1
2026-07-13 13:51:20.152326,Malviya Nagar,2187.48,620.99,74.6
2026-07-13 14:51:20.152326,Malviya Nagar,1937.2,482.6,69.3
2026-07-13 15:51:20.152326,Malviya Nagar,2082.84,472.33,76.7
2026-07-13 16:51:20.152326,Malviya Nagar,2143.85,339.58,85.9
2026-07-13 17:51:20.152326,Malviya Nagar,2199.2,195.72,95.4
2026-07-13 18:51:20.152326,Malviya Nagar,1891.51,146.58,83.1
2026-07-13 19:51:20.152326,Malviya Nagar,1135.25,56.64,51.4
2026-07-13 20:51:20.152326,Malviya Nagar,977.98,27.43,45.3
2026-07-13 21:51:20.152326,Malviya Nagar,991.81,9.6,46.8
2026-07-13 22:51:20.152326,Malviya Nagar,1049.21,3.69,49.8
2026-07-13 23:51:20.152326,Malviya Nagar,1051.99,0.94,50.0
2026-07-14 00:51:20.152326,Malviya Nagar,976.73,0.01,46.5
2026-07-14 01:51:20.152326,Malviya Nagar,1101.99,0.06,52.5
2026-07-14 02:51:20.152326,Malviya Nagar,1021.29,0.27,48.6
2026-07-14 03:51:20.152326,Malviya Nagar,1084.47,1.01,51.6
2026-07-14 04:51:20.152326,Malviya Nagar,1006.59,3.73,47.8
2026-07-14 05:51:20.152326,Malviya Nagar,1020.97,11.04,48.1
2026-07-14 06:51:20.152326,Malviya Nagar,1029.32,30.32,47.6
2026-07-14 07:51:20.152326,Malviya Nagar,1062.51,55.06,48.0
2026-07-14 08:51:20.152326,Malviya Nagar,2008.94,106.89,90.6
2026-07-14 09:51:20.152326,Malviya Nagar,2269.64,225.34,97.3
2026-07-14 10:51:20.152326,Malviya Nagar,2232.02,378.24,88.3
2026-07-14 11:51:20.152326,Malviya Nagar,2063.49,444.48,77.1
2026-07-14 12:51:20.152326,Malviya Nagar,2410.77,603.31,86.1
2026-07-14 13:51:20.152326,Malviya Nagar,2087.08,637.19,69.0
2026-07-14 14:51:20.152326,Malviya Nagar,2130.22,636.68,71.1
2026-07-14 15:51:20.152326,Malviya Nagar,2046.72,383.38,79.2
2026-07-14 16:51:20.152326,Malviya Nagar,2267.07,340.94,91.7
2026-07-14 17:51:20.152326,Malviya Nagar,2213.23,232.82,94.3
2026-07-14 18:51:20.152326,Malviya Nagar,1899.83,126.85,84.4
2026-07-14 19:51:20.152326,Malviya Nagar,1150.23,48.81,52.4
2026-07-14 20:51:20.152326,Malviya Nagar,976.52,29.21,45.1
2026-07-14 21:51:20.152326,Malviya Nagar,1126.19,11.4,53.1
2026-07-14 22:51:20.152326,Malviya Nagar,1103.09,3.97,52.3
2026-07-14 23:51:20.152326,Malviya Nagar,1067.36,1.07,50.8
2026-07-15 00:51:20.152326,Malviya Nagar,1041.96,0.01,49.6
2026-07-15 01:51:20.152326,Malviya Nagar,1047.21,0.06,49.9
2026-07-15 02:51:20.152326,Malviya Nagar,1073.15,0.24,51.1
2026-07-15 03:51:20.152326,Malviya Nagar,1107.06,1.03,52.7
2026-07-15 04:51:20.152326,Malviya Nagar,1017.24,3.81,48.3
2026-07-15 05:51:20.152326,Malviya Nagar,1091.48,10.11,51.5
2026-07-15 06:51:20.152326,Malviya Nagar,1031.08,24.91,47.9
2026-07-15 07:51:20.152326,Malviya Nagar,932.45,68.27,41.2
2026-07-15 08:51:20.152326,Malviya Nagar,2189.89,125.42,98.3
2026-07-15 09:51:20.152326,Malviya Nagar,2082.54,240.75,87.7
2026-07-15 10:51:20.152326,Malviya Nagar,1854.13,289.31,74.5
2026-07-15 11:51:20.152326,Malviya Nagar,2174.76,502.69,79.6
2026-07-15 12:51:20.152326,Malviya Nagar,2098.46,545.34,74.0
2026-07-15 13:51:20.152326,Malviya Nagar,2181.21,490.59,80.5
2026-07-15 14:51:20.152326,Malviya Nagar,2012.56,513.93,71.4
2026-07-15 15:51:20.152326,Malviya Nagar,2161.97,520.56,78.2
2026-07-15 16:51:20.152326,Malviya Nagar,2031.59,343.12,80.4
2026-07-15 17:51:20.152326,Malviya Nagar,2272.09,244.6,96.5
2026-07-15 18:51:20.152326,Malviya Nagar,1993.9,144.2,88.1
2026-07-15 19:51:20.152326,Malviya Nagar,1059.02,65.68,47.3
2026-07-15 20:51:20.152326,Malviya Nagar,915.36,29.36,42.2
2026-07-15 21:51:20.152326,Malviya Nagar,1181.99,10.5,55.8
2026-07-15 22:51:20.152326,Malviya Nagar,1029.19,3.02,48.9
2026-07-15 23:51:20.152326,Malviya Nagar,1028.38,1.1,48.9
2026-07-16 00:51:20.152326,Malviya Nagar,1101.26,0.01,52.4
2026-07-16 01:51:20.152326,Malviya Nagar,1058.23,0.07,50.4
2026-07-16 02:51:20.152326,Malviya Nagar,1062.7,0.25,50.6
2026-07-16 03:51:20.152326,Malviya Nagar,1021.45,0.97,48.6
2026-07-16 04:51:20.152326,Malviya Nagar,854.16,3.94,40.5
2026-07-16 05:51:20.152326,Malviya Nagar,1045.74,12.39,49.2
2026-07-16 06:51:20.152326,Malviya Nagar,1057.84,30.25,48.9
2026-07-16 07:51:20.152326,Malviya Nagar,1079.94,76.22,47.8
2026-07-16 08:51:20.152326,Malviya Nagar,2079.11,134.5,92.6
2026-07-16 09:51:20.152326,Malviya Nagar,2024.62,240.41,85.0
2026-07-16 10:51:20.152326,Malviya Nagar,2155.84,477.42,79.9
2026-07-16 11:51:20.152326,Malviya Nagar,1988.89,487.88,71.5
2026-07-16 12:51:20.152326,Malviya Nagar,1923.68,472.78,69.1
2026-07-16 13:51:20.152326,Malviya Nagar,2182.42,602.66,75.2
2026-07-16 14:51:20.152326,Malviya Nagar,1928.81,577.6,64.3
2026-07-16 15:51:20.152326,Malviya Nagar,1980.53,461.53,72.3
2026-07-16 16:51:20.152326,Malviya Nagar,2099.4,358.67,82.9
2026-07-16 17:51:20.152326,Malviya Nagar,1973.9,213.12,83.8
2026-07-16 18:51:20.152326,Malviya Nagar,2033.37,145.05,89.9
2026-07-16 19:51:20.152326,Malviya Nagar,1065.22,67.65,47.5
2026-07-16 20:51:20.152326,Malviya Nagar,1067.52,24.35,49.7
2026-07-16 21:51:20.152326,Malviya Nagar,1111.5,10.76,52.4
2026-07-16 22:51:20.152326,Malviya Nagar,1130.49,4.22,53.6
2026-07-16 23:51:20.152326,Malviya Nagar,936.2,1.05,44.5
2026-07-17 00:51:20.152326,Malviya Nagar,1035.08,0.01,49.3
2026-07-17 01:51:20.152326,Malviya Nagar,1038.0,0.08,49.4
2026-07-17 02:51:20.152326,Malviya Nagar,1090.45,0.24,51.9
2026-07-17 03:51:20.152326,Malviya Nagar,1067.66,1.2,50.8
2026-07-17 04:51:20.152326,Malviya Nagar,1042.37,3.67,49.5
2026-07-17 05:51:20.152326,Malviya Nagar,1036.15,9.86,48.9
2026-07-17 06:51:20.152326,Malviya Nagar,1105.29,26.61,51.4
2026-07-17 07:51:20.152326,Malviya Nagar,1022.5,63.61,45.7
2026-07-17 08:51:20.152326,Malviya Nagar,2138.69,122.03,96.0
2026-07-17 09:51:20.152326,Malviya Nagar,2123.15,253.84,89.0
2026-07-17 10:51:20.152326,Malviya Nagar,2116.14,414.96,81.0
2026-07-17 11:51:20.152326,Malviya Nagar,2008.77,483.5,72.6
2026-07-17 12:51:20.152326,Malviya Nagar,2163.26,666.91,71.3
2026-07-17 13:51:20.152326,Malviya Nagar,2087.39,685.15,66.8
2026-07-17 14:51:20.152326,Malviya Nagar,2054.89,541.33,72.1
2026-07-17 15:51:20.152326,Malviya Nagar,1890.32,532.15,64.7
2026-07-17 16:51:20.152326,Malviya Nagar,2278.72,301.94,94.1
2026-07-17 17:51:20.152326,Malviya Nagar,1997.12,237.21,83.8
2026-07-17 18:51:20.152326,Malviya Nagar,2033.93,116.4,91.3
2026-07-17 19:51:20.152326,Malviya Nagar,1070.55,49.22,48.6
2026-07-17 20:51:20.152326,Malviya Nagar,1015.37,28.46,47.0
2026-07-17 21:51:20.152326,Malviya Nagar,939.22,10.45,44.2
2026-07-17 22:51:20.152326,Malviya Nagar,964.73,3.38,45.8
2026-07-17 23:51:20.152326,Malviya Nagar,1064.22,1.29,50.6
2026-07-18 00:51:20.152326,Malviya Nagar,1040.24,0.01,49.5
2026-07-18 01:51:20.152326,Malviya Nagar,1000.67,0.05,47.6
2026-07-18 02:51:20.152326,Malviya Nagar,1122.13,0.2,53.4
2026-07-18 03:51:20.152326,Malviya Nagar,1093.43,0.8,52.0
2026-07-18 04:51:20.152326,Malviya Nagar,992.13,2.55,47.1
2026-07-18 05:51:20.152326,Malviya Nagar,979.63,8.58,46.2
2026-07-18 06:51:20.152326,Malviya Nagar,974.08,16.83,45.6
2026-07-18 07:51:20.152326,Malviya Nagar,1008.53,42.41,46.0
2026-07-18 08:51:20.152326,Malviya Nagar,2274.15,88.21,104.1
2026-07-18 09:51:20.152326,Malviya Nagar,2143.69,148.53,95.0
2026-07-18 10:51:20.152326,Malviya Nagar,2218.71,278.83,92.4
2026-07-18 11:51:20.152326,Malviya Nagar,2250.32,354.34,90.3
2026-07-18 12:51:20.152326,Malviya Nagar,2096.14,465.74,77.6
2026-07-18 13:51:20.152326,Malviya Nagar,2234.73,394.94,87.6
2026-07-18 14:51:20.152326,Malviya Nagar,2116.48,502.01,76.9
2026-07-18 15:51:20.152326,Malviya Nagar,2060.48,380.25,80.0
2026-07-18 16:51:20.152326,Malviya Nagar,2080.78,269.87,86.2
2026-07-18 17:51:20.152326,Malviya Nagar,1776.72,183.5,75.9
2026-07-18 18:51:20.152326,Malviya Nagar,2069.6,90.98,94.2
2026-07-18 19:51:20.152326,Malviya Nagar,1037.82,53.69,46.9
2026-07-18 20:51:20.152326,Malviya Nagar,1131.33,20.25,52.9
2026-07-18 21:51:20.152326,Malviya Nagar,988.25,8.49,46.7
2026-07-18 22:51:20.152326,Malviya Nagar,1091.99,2.32,51.9
2026-07-18 23:51:20.152326,Malviya Nagar,1076.77,0.87,51.2
2026-07-19 00:51:20.152326,Malviya Nagar,999.09,0.01,47.6
2026-07-19 01:51:20.152326,Malviya Nagar,935.76,0.05,44.6
2026-07-19 02:51:20.152326,Malviya Nagar,1054.19,0.21,50.2
2026-07-19 03:51:20.152326,Malviya Nagar,953.37,0.86,45.4
2026-07-19 04:51:20.152326,Malviya Nagar,1073.81,2.32,51.0
2026-07-19 05:51:20.152326,Malviya Nagar,1106.08,7.06,52.3
2026-07-19 06:51:20.152326,Malviya Nagar,1067.95,20.09,49.9
2026-07-19 07:51:20.152326,Malviya Nagar,963.01,42.8,43.8
2026-07-19 08:51:20.152326,Malviya Nagar,2232.48,102.59,101.4
2026-07-19 09:51:20.152326,Malviya Nagar,2160.06,161.94,95.1
2026-07-19 10:51:20.152326,Malviya Nagar,2122.55,253.96,89.0
2026-07-19 11:51:20.152326,Malviya Nagar,2221.92,315.99,90.8
2026-07-19 12:51:20.152326,Malviya Nagar,2107.76,424.72,80.1
2026-07-19 13:51:20.152326,Malviya Nagar,1970.2,478.41,71.0
2026-07-19 14:51:20.152326,Malviya Nagar,2178.35,425.55,83.5
2026-07-19 15:51:20.152326,Malviya Nagar,2002.73,368.76,77.8
2026-07-19 16:51:20.152326,Malviya Nagar,2048.3,248.42,85.7
2026-07-19 17:51:20.152326,Malviya Nagar,2181.08,184.41,95.1
2026-07-19 18:51:20.152326,Malviya Nagar,1840.96,95.39,83.1
2026-07-19 19:51:20.152326,Malviya Nagar,1061.93,50.79,48.1
2026-07-19 20:51:20.152326,Malviya Nagar,1025.44,17.23,48.0
2026-07-19 21:51:20.152326,Malviya Nagar,1044.85,7.63,49.4
2026-07-19 22:51:20.152326,Malviya Nagar,1136.34,2.52,54.0
2026-07-19 23:51:20.152326,Malviya Nagar,1050.93,0.68,50.0
2026-07-20 00:51:20.152326,Malviya Nagar,1044.27,0.01,49.7
2026-07-20 01:51:20.152326,Malviya Nagar,1036.35,0.07,49.3
2026-07-20 02:51:20.152326,Malviya Nagar,953.31,0.26,45.4
2026-07-20 03:51:20.152326,Malviya Nagar,997.22,0.92,47.4
2026-07-20 04:51:20.152326,Malviya Nagar,1155.25,3.27,54.9
2026-07-20 05:51:20.152326,Malviya Nagar,1165.65,11.16,55.0
2026-07-20 06:51:20.152326,Malviya Nagar,1064.36,24.08,49.5
2026-07-20 07:51:20.152326,Malviya Nagar,1166.5,60.51,52.7
2026-07-20 08:51:20.152326,Malviya Nagar,1991.7,143.01,88.0
2026-07-20 09:51:20.152326,Malviya Nagar,1983.8,222.78,83.9
2026-07-20 10:51:20.152326,Malviya Nagar,2149.13,327.93,86.7
2026-07-20 11:51:20.152326,Malviya Nagar,2105.55,487.17,77.1
2026-07-20 12:51:20.152326,Malviya Nagar,2047.43,581.27,69.8
2026-07-20 13:51:20.152326,Malviya Nagar,2086.61,598.53,70.9
2026-07-20 14:51:20.152326,Malviya Nagar,2141.41,588.89,73.9
2026-07-20 15:51:20.152326,Malviya Nagar,2170.18,411.49,83.7
2026-07-20 16:51:20.152326,Malviya Nagar,1908.13,368.33,73.3
2026-07-20 17:51:20.152326,Malviya Nagar,2029.14,237.08,85.3
2026-07-20 18:51:20.152326,Malviya Nagar,1906.76,113.79,85.4
2026-07-20 19:51:20.152326,Malviya Nagar,1148.88,57.12,52.0
2026-07-20 20:51:20.152326,Malviya Nagar,1027.2,27.96,47.6
2026-07-20 21:51:20.152326,Malviya Nagar,1118.54,10.52,52.8
2026-07-20 22:51:20.152326,Malviya Nagar,1062.04,3.36,50.4
2026-07-20 23:51:20.152326,Malviya Nagar,1087.38,0.9,51.7
2026-07-21 00:51:20.152326,Malviya Nagar,1001.8,0.01,47.7
2026-07-21 01:51:20.152326,Malviya Nagar,1067.58,0.06,50.8
2026-07-21 02:51:20.152326,Malviya Nagar,1078.55,0.29,51.3
2026-07-21 03:51:20.152326,Malviya Nagar,1097.28,1.12,52.2
2026-07-21 04:51:20.152326,Malviya Nagar,1163.13,3.35,55.2
2026-07-21 05:51:20.152326,Malviya Nagar,1016.45,12.49,47.8
2026-07-21 06:51:20.152326,Malviya Nagar,1000.64,28.02,46.3
2026-07-21 07:51:20.152326,Malviya Nagar,1001.96,60.94,44.8
2026-07-21 08:51:20.152326,Malviya Nagar,2141.87,124.91,96.0
2026-07-21 09:51:20.152326,Malviya Nagar,2030.44,264.37,84.1
2026-07-21 10:51:20.152326,Malviya Nagar,2014.78,360.3,78.8
2026-07-21 11:51:20.152326,Malviya Nagar,2094.83,466.78,77.5
2026-07-21 12:51:20.152326,Malviya Nagar,2122.58,653.43,70.0
2026-07-21 13:51:20.152326,Malviya Nagar,2043.57,729.76,62.6
2026-07-21 14:51:20.152326,Malviya Nagar,2277.19,659.32,77.0
2026-07-21 15:51:20.152326,Malviya Nagar,2123.63,460.71,79.2
2026-07-21 16:51:20.152326,Malviya Nagar,2106.36,346.83,83.8
2026-07-21 17:51:20.152326,Malviya Nagar,2044.83,249.59,85.5
2026-07-21 18:51:20.152326,Malviya Nagar,1925.55,105.35,86.7
2026-07-21 19:51:20.152326,Malviya Nagar,1027.33,56.69,46.2
2026-07-21 20:51:20.152326,Malviya Nagar,1011.85,25.86,47.0
2026-07-21 21:51:20.152326,Malviya Nagar,1067.36,9.26,50.4
2026-07-21 22:51:20.152326,Malviya Nagar,1003.34,3.97,47.6
2026-07-21 23:51:20.152326,Malviya Nagar,1042.94,1.04,49.6
2026-07-22 00:51:20.152326,Malviya Nagar,967.12,0.01,46.1
2026-07-22 01:51:20.152326,Malviya Nagar,1130.8,0.07,53.8
2026-07-22 02:51:20.152326,Malviya Nagar,1076.08,0.26,51.2
2026-07-22 03:51:20.152326,Malviya Nagar,1092.5,1.23,52.0
2026-07-22 04:51:20.152326,Malviya Nagar,939.41,3.28,44.6
2026-07-22 05:51:20.152326,Malviya Nagar,1020.92,12.29,48.0
2026-07-22 06:51:20.152326,Malviya Nagar,980.87,29.24,45.3
2026-07-22 07:51:20.152326,Malviya Nagar,1107.93,70.02,49.4
2026-07-22 08:51:20.152326,Malviya Nagar,2016.73,101.5,91.2
2026-07-22 09:51:20.152326,Malviya Nagar,2194.13,190.3,95.4
2026-07-22 10:51:20.152326,Malviya Nagar,2115.08,312.73,85.8
2026-07-22 11:51:20.152326,Malviya Nagar,1833.97,477.0,64.6
2026-07-22 12:51:20.152326,Malviya Nagar,2053.6,465.12,75.6
2026-07-22 13:51:20.152326,Malviya Nagar,2164.25,569.32,75.9
2026-07-22 14:51:20.152326,Malviya Nagar,2170.03,604.49,74.5
2026-07-22 15:51:20.152326,Malviya Nagar,1984.58,485.85,71.4
2026-07-22 16:51:20.152326,Malviya Nagar,2142.92,324.87,86.6
2026-07-22 17:51:20.152326,Malviya Nagar,2180.06,244.17,92.2
2026-07-22 18:51:20.152326,Malviya Nagar,1971.21,124.22,88.0
2026-07-22 19:51:20.152326,Malviya Nagar,1006.02,53.6,45.4
2026-07-22 20:51:20.152326,Malviya Nagar,1111.53,28.36,51.6
2026-07-22 21:51:20.152326,Malviya Nagar,1079.7,10.19,50.9
2026-07-22 22:51:20.152326,Malviya Nagar,1076.43,3.82,51.1
2026-07-22 23:51:20.152326,Malviya Nagar,1026.78,1.19,48.8
2026-07-23 00:51:20.152326,Malviya Nagar,1014.91,0.01,48.3
2026-07-23 01:51:20.152326,Malviya Nagar,1016.28,0.07,48.4
2026-07-23 02:51:20.152326,Malviya Nagar,1089.7,0.26,51.9
2026-07-23 03:51:20.152326,Malviya Nagar,1101.38,1.24,52.4
2026-07-23 04:51:20.152326,Malviya Nagar,951.21,3.48,45.1
2026-07-23 05:51:20.152326,Malviya Nagar,1052.5,10.71,49.6
2026-07-23 06:51:20.152326,Malviya Nagar,1076.63,28.01,49.9
2026-07-23 07:51:20.152326,Malviya Nagar,1068.55,64.08,47.8
2026-07-23 08:51:20.152326,Malviya Nagar,1983.54,124.94,88.5
2026-07-23 09:51:20.152326,Malviya Nagar,2266.36,195.1,98.6
2026-07-23 10:51:20.152326,Malviya Nagar,2070.41,358.46,81.5
2026-07-23 11:51:20.152326,Malviya Nagar,2114.14,504.34,76.7
2026-07-23 12:51:20.152326,Malviya Nagar,2011.61,584.49,68.0
2026-07-23 13:51:20.152326,Malviya Nagar,2128.97,585.53,73.5
2026-07-23 14:51:20.152326,Malviya Nagar,2160.76,649.29,72.0
2026-07-23 15:51:20.152326,Malviya Nagar,1956.08,546.2,67.1
2026-07-23 16:51:20.152326,Malviya Nagar,2028.86,357.37,79.6
2026-07-23 17:51:20.152326,Malviya Nagar,2042.69,264.64,84.7
2026-07-23 18:51:20.152326,Malviya Nagar,1941.85,125.03,86.5
2026-07-23 19:51:20.152326,Malviya Nagar,1142.0,57.94,51.6
2026-07-23 20:51:20.152326,Malviya Nagar,1105.15,31.68,51.1
2026-07-23 21:51:20.152326,Malviya Nagar,980.18,9.12,46.2
2026-07-23 22:51:20.152326,Malviya Nagar,989.87,3.37,47.0
2026-07-23 23:51:20.152326,Malviya Nagar,968.42,0.81,46.1
2026-07-24 00:51:20.152326,Malviya Nagar,1066.67,0.01,50.8
2026-07-24 01:51:20.152326,Malviya Nagar,1082.33,0.06,51.5
2026-07-24 02:51:20.152326,Malviya Nagar,1008.78,0.29,48.0
2026-07-24 03:51:20.152326,Malviya Nagar,1020.01,1.13,48.5
2026-07-24 04:51:20.152326,Malviya Nagar,1032.8,3.82,49.0
2026-07-24 05:51:20.152326,Malviya Nagar,1049.98,11.4,49.5
2026-07-24 06:51:20.152326,Malviya Nagar,1021.72,28.52,47.3
2026-07-24 07:51:20.152326,Malviya Nagar,1038.35,61.1,46.5
2026-07-24 08:51:20.152326,Malviya Nagar,2054.9,127.46,91.8
2026-07-24 09:51:20.152326,Malviya Nagar,1956.86,209.84,83.2
2026-07-24 10:51:20.152326,Malviya Nagar,2211.93,368.38,87.8
2026-07-24 11:51:20.152326,Malviya Nagar,2307.15,471.29,87.4
2026-07-24 12:51:20.152326,Malviya Nagar,2160.5,502.93,78.9
2026-07-24 13:51:20.152326,Malviya Nagar,2124.27,686.94,68.4
2026-07-24 14:51:20.152326,Malviya Nagar,2029.16,663.22,65.0
2026-07-24 15:51:20.152326,Malviya Nagar,2198.08,442.15,83.6
2026-07-24 16:51:20.152326,Malviya Nagar,2233.67,379.24,88.3
2026-07-24 17:51:20.152326,Malviya Nagar,1976.58,214.01,83.9
2026-07-24 18:51:20.152326,Malviya Nagar,2036.45,124.45,91.0
2026-07-24 19:51:20.152326,Malviya Nagar,1033.05,60.28,46.3
2026-07-24 20:51:20.152326,Malviya Nagar,1137.68,23.8,53.0
2026-07-24 21:51:20.152326,Malviya Nagar,1082.82,10.53,51.1
2026-07-24 22:51:20.152326,Malviya Nagar,1174.9,3.06,55.8
2026-07-24 23:51:20.152326,Malviya Nagar,965.25,1.16,45.9
2026-07-25 00:51:20.152326,Malviya Nagar,1103.27,0.01,52.5
2026-07-25 01:51:20.152326,Malviya Nagar,1066.67,0.05,50.8
2026-07-25 02:51:20.152326,Malviya Nagar,1097.06,0.23,52.2
2026-07-25 03:51:20.152326,Malviya Nagar,1133.05,0.74,53.9
2026-07-25 04:51:20.152326,Malviya Nagar,896.51,2.54,42.6
2026-07-25 05:51:20.152326,Malviya Nagar,1062.26,6.61,50.3
2026-07-25 06:51:20.152326,Malviya Nagar,1064.28,19.84,49.7
2026-07-25 07:51:20.152326,Malviya Nagar,908.04,51.41,40.8
2026-07-25 08:51:20.152326,Malviya Nagar,1971.6,88.99,89.6
2026-07-25 09:51:20.152326,Malviya Nagar,2215.13,171.13,97.3
2026-07-25 10:51:20.152326,Malviya Nagar,2105.52,327.82,84.7
2026-07-25 11:51:20.152326,Malviya Nagar,2039.25,324.37,81.7
2026-07-25 12:51:20.152326,Malviya Nagar,1752.73,415.47,63.7
2026-07-25 13:51:20.152326,Malviya Nagar,2033.3,458.76,75.0
2026-07-25 14:51:20.152326,Malviya Nagar,2094.34,427.82,79.4
2026-07-25 15:51:20.152326,Malviya Nagar,2178.72,381.33,85.6
2026-07-25 16:51:20.152326,Malviya Nagar,2152.62,268.56,89.7
2026-07-25 17:51:20.152326,Malviya Nagar,2152.85,173.78,94.2
2026-07-25 18:51:20.152326,Malviya Nagar,2096.91,99.19,95.1
2026-07-25 19:51:20.152326,Malviya Nagar,1013.41,38.81,46.4
2026-07-25 20:51:20.152326,Malviya Nagar,1020.41,22.99,47.5
2026-07-25 21:51:20.152326,Malviya Nagar,983.25,7.49,46.5
2026-07-25 22:51:20.152326,Malviya Nagar,923.48,2.46,43.9
2026-07-25 23:51:20.152326,Malviya Nagar,1021.13,0.8,48.6
2026-07-26 00:51:20.152326,Malviya Nagar,1064.77,0.01,50.7
2026-07-26 01:51:20.152326,Malviya Nagar,1089.67,0.05,51.9
2026-07-26 02:51:20.152326,Malviya Nagar,1040.25,0.25,49.5
2026-07-26 03:51:20.152326,Malviya Nagar,991.84,0.75,47.2
2026-07-26 04:51:20.152326,Malviya Nagar,1054.53,2.45,50.1
2026-07-26 05:51:20.152326,Malviya Nagar,1122.42,7.3,53.1
2026-07-26 06:51:20.152326,Malviya Nagar,1094.02,17.58,51.3
2026-07-26 07:51:20.152326,Malviya Nagar,1054.04,39.77,48.3
2026-07-26 08:51:20.152326,Malviya Nagar,1971.49,110.97,88.6
2026-07-26 09:51:20.152326,Malviya Nagar,2273.02,176.96,99.8
2026-07-26 10:51:20.152326,Malviya Nagar,1895.55,284.08,76.7
2026-07-26 11:51:20.152326,Malviya Nagar,1789.62,384.33,66.9
2026-07-26 12:51:20.152326,Malviya Nagar,2064.02,350.3,81.6
2026-07-26 13:51:20.152326,Malviya Nagar,2169.96,489.29,80.0
2026-07-26 14:51:20.152326,Malviya Nagar,2307.87,437.89,89.0
2026-07-26 15:51:20.152326,Malviya Nagar,1952.06,399.64,73.9
2026-07-26 16:51:20.152326,Malviya Nagar,2254.81,282.92,93.9
2026-07-26 17:51:20.152326,Malviya Nagar,2344.6,181.21,103.0
2026-07-26 18:51:20.152326,Malviya Nagar,2345.35,90.08,107.4
2026-07-26 19:51:20.152326,Malviya Nagar,1007.2,43.5,45.9
2026-07-26 20:51:20.152326,Malviya Nagar,988.56,18.98,46.2
2026-07-26 21:51:20.152326,Malviya Nagar,1080.33,7.17,51.1
2026-07-26 22:51:20.152326,Malviya Nagar,1050.51,3.01,49.9
2026-07-26 23:51:20.152326,Malviya Nagar,1056.04,0.78,50.3
2026-07-27 00:51:20.152326,Malviya Nagar,1050.32,0.01,50.0
2026-07-27 01:51:20.152326,Malviya Nagar,1093.69,0.07,52.1
2026-07-27 02:51:20.152326,Malviya Nagar,1036.66,0.3,49.4
2026-07-27 03:51:20.152326,Malviya Nagar,1011.34,1.22,48.1
2026-07-27 04:51:20.152326,Malviya Nagar,1139.6,3.82,54.1
2026-07-27 05:51:20.152326,Malviya Nagar,1075.95,9.67,50.8
2026-07-27 06:51:20.152326,Malviya Nagar,1082.87,27.97,50.2
2026-07-27 07:51:20.152326,Malviya Nagar,1023.67,65.33,45.6
2026-07-27 08:51:20.152326,Malviya Nagar,2017.17,100.2,91.3
2026-07-27 09:51:20.152326,Malviya Nagar,2341.04,229.0,100.6
2026-07-27 10:51:20.152326,Malviya Nagar,1951.63,328.23,77.3
2026-07-27 11:51:20.152326,Malviya Nagar,2195.46,506.99,80.4
2026-07-27 12:51:20.152326,Malviya Nagar,2270.79,515.18,83.6
2026-07-27 13:51:20.152326,Malviya Nagar,2087.24,595.71,71.0
2026-07-27 14:51:20.152326,Malviya Nagar,2278.64,540.58,82.8
2026-07-27 15:51:20.152326,Malviya Nagar,2198.42,504.78,80.6
2026-07-27 16:51:20.152326,Malviya Nagar,2065.07,384.19,80.0
2026-07-27 17:51:20.152326,Malviya Nagar,2084.09,191.44,90.1
2026-07-27 18:51:20.152326,Malviya Nagar,2009.51,120.79,89.9
2026-07-27 19:51:20.152326,Malviya Nagar,1155.62,52.7,52.5
2026-07-27 20:51:20.152326,Malviya Nagar,1121.11,23.55,52.3
2026-07-27 21:51:20.152326,Malviya Nagar,928.62,9.21,43.8
2026-07-27 22:51:20.152326,Malviya Nagar,1110.23,2.99,52.7
2026-07-27 23:51:20.152326,Malviya Nagar,1031.65,0.95,49.1
2026-07-28 00:51:20.152326,Malviya Nagar,1107.01,0.01,52.7
2026-07-28 01:51:20.152326,Malviya Nagar,1010.67,0.07,48.1
2026-07-28 02:51:20.152326,Malviya Nagar,1028.86,0.22,49.0
2026-07-28 03:51:20.152326,Malviya Nagar,1139.67,0.81,54.2
2026-07-28 04:51:20.152326,Malviya Nagar,1003.92,4.13,47.6
2026-07-28 05:51:20.152326,Malviya Nagar,962.1,9.56,45.4
2026-07-28 06:51:20.152326,Malviya Nagar,993.57,27.08,46.0
2026-07-28 07:51:20.152326,Malviya Nagar,998.27,62.18,44.6
2026-07-28 08:51:20.152326,Malviya Nagar,1967.16,120.63,87.9
2026-07-28 09:51:20.152326,Malviya Nagar,2055.48,232.02,86.8
2026-07-28 10:51:20.152326,Malviya Nagar,2279.4,322.31,93.2
2026-07-28 11:51:20.152326,Malviya Nagar,2082.82,532.86,73.8
2026-07-28 12:51:20.152326,Malviya Nagar,2086.7,589.77,71.3
2026-07-28 13:51:20.152326,Malviya Nagar,2077.75,575.47,71.5
2026-07-28 14:51:20.152326,Malviya Nagar,2045.49,518.27,72.7
2026-07-28 15:51:20.152326,Malviya Nagar,2269.03,461.38,86.1
2026-07-28 16:51:20.152326,Malviya Nagar,2132.34,355.13,84.6
2026-07-28 17:51:20.152326,Malviya Nagar,2028.55,190.98,87.5
2026-07-28 18:51:20.152326,Malviya Nagar,2129.02,123.07,95.5
2026-07-28 19:51:20.152326,Malviya Nagar,1044.62,57.87,47.0
2026-07-28 20:51:20.152326,Malviya Nagar,1113.77,31.06,51.6
2026-07-28 21:51:20.152326,Malviya Nagar,994.82,11.08,46.8
2026-07-28 22:51:20.152326,Malviya Nagar,1012.9,4.2,48.0
2026-07-28 23:51:20.152326,Malviya Nagar,1094.26,1.12,52.1
2026-07-29 00:51:20.152326,Malviya Nagar,1083.0,0.01,51.6
2026-07-29 01:51:20.152326,Malviya Nagar,1025.15,0.05,48.8
2026-07-29 02:51:20.152326,Malviya Nagar,1070.33,0.27,51.0
2026-07-29 03:51:20.152326,Malviya Nagar,971.39,1.02,46.2
2026-07-29 04:51:20.152326,Malviya Nagar,1047.14,3.53,49.7
2026-07-29 05:51:20.152326,Malviya Nagar,1065.53,10.67,50.2
2026-07-29 06:51:20.152326,Malviya Nagar,995.27,29.03,46.0
2026-07-29 07:51:20.152326,Malviya Nagar,1043.73,56.42,47.0
2026-07-29 08:51:20.152326,Malviya Nagar,2106.12,137.46,93.7
2026-07-29 09:51:20.152326,Malviya Nagar,2253.11,212.38,97.2
2026-07-29 10:51:20.152326,Malviya Nagar,1922.64,388.49,73.1
2026-07-29 11:51:20.152326,Malviya Nagar,2097.93,519.64,75.2
2026-07-29 12:51:20.152326,Malviya Nagar,2241.36,636.53,76.4
2026-07-29 13:51:20.152326,Malviya Nagar,2044.81,617.4,68.0
2026-07-29 14:51:20.152326,Malviya Nagar,2000.25,575.04,67.9
2026-07-29 15:51:20.152326,Malviya Nagar,2108.85,444.38,79.3
2026-07-29 16:51:20.152326,Malviya Nagar,2170.06,352.14,86.6
2026-07-29 17:51:20.152326,Malviya Nagar,2151.44,254.23,90.3
2026-07-29 18:51:20.152326,Malviya Nagar,2096.04,105.36,94.8
2026-07-29 19:51:20.152326,Malviya Nagar,1068.14,61.92,47.9
2026-07-29 20:51:20.152326,Malviya Nagar,1127.59,27.33,52.4
2026-07-29 21:51:20.152326,Malviya Nagar,1131.79,12.82,53.3
2026-07-29 22:51:20.152326,Malviya Nagar,929.66,3.34,44.1
2026-07-29 23:51:20.152326,Malviya Nagar,996.16,0.84,47.4
2026-07-30 00:51:20.152326,Malviya Nagar,1083.71,0.01,51.6
2026-07-30 01:51:20.152326,Malviya Nagar,907.76,0.07,43.2
2026-07-30 02:51:20.152326,Malviya Nagar,995.21,0.3,47.4
2026-07-30 03:51:20.152326,Malviya Nagar,1192.91,1.09,56.8
2026-07-30 04:51:20.152326,Malviya Nagar,983.75,3.52,46.7
2026-07-30 05:51:20.152326,Malviya Nagar,1109.7,10.19,52.4
2026-07-30 06:51:20.152326,Malviya Nagar,975.96,24.22,45.3
2026-07-30 07:51:20.152326,Malviya Nagar,1086.05,57.29,49.0
2026-07-30 08:51:20.152326,Malviya Nagar,2120.46,133.76,94.6
2026-07-30 09:51:20.152326,Malviya Nagar,2144.36,226.99,91.3
2026-07-30 10:51:20.152326,Malviya Nagar,1975.75,349.07,77.5
2026-07-30 11:51:20.152326,Malviya Nagar,2217.36,500.88,81.7
2026-07-30 12:51:20.152326,Malviya Nagar,1868.22,526.27,63.9
2026-07-30 13:51:20.152326,Malviya Nagar,2120.74,467.58,78.7
2026-07-30 14:51:20.152326,Malviya Nagar,2136.77,518.55,77.1
2026-07-30 15:51:20.152326,Malviya Nagar,2025.69,472.92,73.9
2026-07-30 16:51:20.152326,Malviya Nagar,2056.42,362.56,80.7
2026-07-30 17:51:20.152326,Malviya Nagar,2128.26,203.19,91.7
2026-07-30 18:51:20.152326,Malviya Nagar,2098.57,137.71,93.4
2026-07-30 19:51:20.152326,Malviya Nagar,1019.39,57.9,45.8
2026-07-30 20:51:20.152326,Malviya Nagar,1058.6,30.27,49.0
2026-07-30 21:51:20.152326,Malviya Nagar,968.07,11.44,45.6
2026-07-30 22:51:20.152326,Malviya Nagar,1057.36,3.73,50.2
2026-07-30 23:51:20.152326,Malviya Nagar,965.03,1.05,45.9
2026-07-31 00:51:20.152326,Malviya Nagar,1043.88,0.01,49.7
2026-07-31 01:51:20.152326,Malviya Nagar,1024.13,0.07,48.8
2026-07-31 02:51:20.152326,Malviya Nagar,1014.71,0.24,48.3
2026-07-31 03:51:20.152326,Malviya Nagar,1057.03,1.14,50.3
2026-07-31 04:51:20.152326,Malviya Nagar,1078.12,3.74,51.2
2026-07-31 05:51:20.152326,Malviya Nagar,1017.44,11.05,47.9
2026-07-31 06:51:20.152326,Malviya Nagar,1066.21,30.36,49.3
2026-07-31 07:51:20.152326,Malviya Nagar,1034.11,59.04,46.4
2026-07-31 08:51:20.152326,Malviya Nagar,1925.34,112.44,86.3
2026-07-31 09:51:20.152326,Malviya Nagar,2126.5,215.28,91.0
2026-07-31 10:51:20.152326,Malviya Nagar,2132.4,344.07,85.2
2026-07-31 11:51:20.152326,Malviya Nagar,2052.6,418.72,77.8
2026-07-31 12:51:20.152326,Malviya Nagar,2105.67,675.9,68.1
2026-07-31 13:51:20.152326,Malviya Nagar,1879.85,697.93,56.3
2026-07-31 14:51:20.152326,Malviya Nagar,2023.09,514.83,71.8
2026-07-31 15:51:20.152326,Malviya Nagar,2156.4,474.51,80.1
2026-07-31 16:51:20.152326,Malviya Nagar,2167.53,367.45,85.7
2026-07-31 17:51:20.152326,Malviya Nagar,2153.51,250.56,90.6
2026-07-31 18:51:20.152326,Malviya Nagar,2149.3,139.58,95.7
2026-07-31 19:51:20.152326,Malviya Nagar,1095.17,51.68,49.7
2026-07-31 20:51:20.152326,Malviya Nagar,1144.64,27.1,53.2
2026-07-31 21:51:20.152326,Malviya Nagar,1032.0,9.53,48.7
2026-07-31 22:51:20.152326,Malviya Nagar,1074.89,3.8,51.0
2026-07-31 23:51:20.152326,Malviya Nagar,1015.97,1.17,48.3
2026-08-01 00:51:20.152326,Malviya Nagar,1067.95,0.01,50.9
2026-08-01 01:51:20.152326,Malviya Nagar,962.6,0.05,45.8
2026-08-01 02:51:20.152326,Malviya Nagar,1062.01,0.24,50.6
2026-08-01 03:51:20.152326,Malviya Nagar,983.73,0.87,46.8
2026-08-01 04:51:20.152326,Malviya Nagar,937.43,3.01,44.5
2026-08-01 05:51:20.152326,Malviya Nagar,980.86,5.89,46.4
2026-08-01 06:51:20.152326,Malviya Nagar,982.82,18.81,45.9
2026-08-01 07:51:20.152326,Malviya Nagar,1049.12,49.34,47.6
2026-08-01 08:51:20.152326,Malviya Nagar,2044.61,96.33,92.8
2026-08-01 09:51:20.152326,Malviya Nagar,2126.66,203.23,91.6
2026-08-01 10:51:20.152326,Malviya Nagar,2077.3,340.38,82.7
2026-08-01 11:51:20.152326,Malviya Nagar,2128.27,341.7,85.1
2026-08-01 12:51:20.152326,Malviya Nagar,2522.54,433.18,99.5
2026-08-01 13:51:20.152326,Malviya Nagar,2165.33,498.87,79.4
2026-08-01 14:51:20.152326,Malviya Nagar,2344.5,416.51,91.8
2026-08-01 15:51:20.152326,Malviya Nagar,2015.4,381.55,77.8
2026-08-01 16:51:20.152326,Malviya Nagar,2014.14,276.61,82.7
2026-08-01 17:51:20.152326,Malviya Nagar,2092.97,199.87,90.1
2026-08-01 18:51:20.152326,Malviya Nagar,2059.91,79.28,94.3
2026-08-01 19:51:20.152326,Malviya Nagar,983.03,44.44,44.7
2026-08-01 20:51:20.152326,Malviya Nagar,1031.54,21.66,48.1
2026-08-01 21:51:20.152326,Malviya Nagar,1028.33,7.54,48.6
2026-08-01 22:51:20.152326,Malviya Nagar,946.07,2.86,44.9
2026-08-01 23:51:20.152326,Malviya Nagar,1108.87,0.76,52.8
2026-08-02 00:51:20.152326,Malviya Nagar,1103.36,0.01,52.5
2026-08-02 01:51:20.152326,Malviya Nagar,1031.59,0.04,49.1
2026-08-02 02:51:20.152326,Malviya Nagar,1080.46,0.2,51.4
2026-08-02 03:51:20.152326,Malviya Nagar,1028.7,0.76,48.9
2026-08-02 04:51:20.152326,Malviya Nagar,1107.04,2.74,52.6
2026-08-02 05:51:20.152326,Malviya Nagar,1044.32,8.15,49.3
2026-08-02 06:51:20.152326,Malviya Nagar,1006.01,21.04,46.9
2026-08-02 07:51:20.152326,Malviya Nagar,1043.93,51.56,47.3
2026-08-02 08:51:20.152326,Malviya Nagar,1958.24,89.06,89.0
2026-08-02 09:51:20.152326,Malviya Nagar,2027.27,172.83,88.3
2026-08-02 10:51:20.152326,Malviya Nagar,2043.13,226.73,86.5
2026-08-02 11:51:20.152326,Malviya Nagar,2271.71,347.63,91.6
2026-08-02 12:51:20.152326,Malviya Nagar,2098.86,343.14,83.6
2026-08-02 13:51:20.152326,Malviya Nagar,2040.59,414.8,77.4
2026-08-02 14:51:20.152326,Malviya Nagar,2182.86,438.4,83.1
2026-08-02 15:51:20.152326,Malviya Nagar,2187.32,337.37,88.1
2026-08-02 16:51:20.152326,Malviya Nagar,2013.58,247.85,84.1
2026-08-02 17:51:20.152326,Malviya Nagar,1753.12,167.52,75.5
2026-08-02 18:51:20.152326,Malviya Nagar,2178.85,97.93,99.1
2026-08-02 19:51:20.152326,Malviya Nagar,1033.24,46.13,47.0
2026-08-02 20:51:20.152326,Malviya Nagar,1115.53,23.34,52.0
2026-08-02 21:51:20.152326,Malviya Nagar,1072.82,7.54,50.7
2026-08-02 22:51:20.152326,Malviya Nagar,1184.46,2.46,56.3
2026-08-02 23:51:20.152326,Malviya Nagar,1146.49,0.85,54.6
2026-08-03 00:51:20.152326,Malviya Nagar,1060.46,0.01,50.5
2026-08-03 01:51:20.152326,Malviya Nagar,953.36,0.06,45.4
2026-08-03 02:51:20.152326,Malviya Nagar,1171.48,0.29,55.8
2026-08-03 03:51:20.152326,Malviya Nagar,1013.58,1.12,48.2
2026-08-03 04:51:20.152326,Malviya Nagar,1103.82,3.97,52.4
2026-08-03 05:51:20.152326,Malviya Nagar,1126.16,11.48,53.1
2026-08-03 06:51:20.152326,Malviya Nagar,1025.18,25.2,47.6
2026-08-03 07:51:20.152326,Malviya Nagar,972.91,57.73,43.6
2026-08-03 08:51:20.152326,Malviya Nagar,2061.51,108.39,93.0
2026-08-03 09:51:20.152326,Malviya Nagar,2185.72,248.9,92.2
2026-08-03 10:51:20.152326,Malviya Nagar,2057.81,360.15,80.8
2026-08-03 11:51:20.152326,Malviya Nagar,2162.77,492.77,79.5
2026-08-03 12:51:20.152326,Malviya Nagar,1998.03,681.86,62.7
2026-08-03 13:51:20.152326,Malviya Nagar,2257.12,557.93,80.9
2026-08-03 14:51:20.152326,Malviya Nagar,1884.43,459.34,67.9
2026-08-03 15:51:20.152326,Malviya Nagar,2113.15,502.78,76.7
2026-08-03 16:51:20.152326,Malviya Nagar,1846.71,327.1,72.4
2026-08-03 17:51:20.152326,Malviya Nagar,2263.31,163.86,100.0
2026-08-03 18:51:20.152326,Malviya Nagar,1917.53,123.59,85.4
2026-08-03 19:51:20.152326,Malviya Nagar,940.15,68.59,41.5
2026-08-03 20:51:20.152326,Malviya Nagar,925.11,29.38,42.7
2026-08-03 21:51:20.152326,Malviya Nagar,1226.41,10.38,57.9
2026-08-03 22:51:20.152326,Malviya Nagar,1042.95,3.37,49.5
2026-08-03 23:51:20.152326,Malviya Nagar,1020.64,1.05,48.6
2026-08-04 00:51:20.152326,Malviya Nagar,1212.5,0.01,57.7
2026-08-04 01:51:20.152326,Malviya Nagar,1074.21,0.06,51.1
2026-08-04 02:51:20.152326,Malviya Nagar,1027.58,0.25,48.9
2026-08-04 03:51:20.152326,Malviya Nagar,1076.46,0.97,51.2
2026-08-04 04:51:20.152326,Malviya Nagar,990.64,3.94,47.0
2026-08-04 05:51:20.152326,Malviya Nagar,996.32,9.42,47.0
2026-08-04 06:51:20.152326,Malviya Nagar,1138.79,25.27,53.0
2026-08-04 07:51:20.152326,Malviya Nagar,1066.44,51.86,48.3
2026-08-04 08:51:20.152326,Malviya Nagar,2194.85,128.7,98.4
2026-08-04 09:51:20.152326,Malviya Nagar,1937.69,232.39,81.2
2026-08-04 10:51:20.152326,Malviya Nagar,2053.09,381.3,79.6
2026-08-04 11:51:20.152326,Malviya Nagar,2063.76,425.76,78.0
2026-08-04 12:51:20.152326,Malviya Nagar,2029.2,583.33,68.9
2026-08-04 13:51:20.152326,Malviya Nagar,2001.94,597.14,66.9
2026-08-04 14:51:20.152326,Malviya Nagar,2110.0,482.25,77.5
2026-08-04 15:51:20.152326,Malviya Nagar,2135.42,378.48,83.7
2026-08-04 16:51:20.152326,Malviya Nagar,2020.84,375.04,78.4
2026-08-04 17:51:20.152326,Malviya Nagar,2101.84,193.03,90.9
2026-08-04 18:51:20.152326,Malviya Nagar,2138.92,139.89,95.2
2026-08-04 19:51:20.152326,Malviya Nagar,1043.7,55.9,47.0
2026-08-04 20:51:20.152326,Malviya Nagar,994.38,24.88,46.2
2026-08-04 21:51:20.152326,Malviya Nagar,1053.1,10.59,49.6
2026-08-04 22:51:20.152326,Malviya Nagar,1095.95,3.82,52.0
2026-08-04 23:51:20.152326,Malviya Nagar,971.71,1.08,46.2
2026-08-05 00:51:20.152326,Malviya Nagar,1086.7,0.01,51.7
2026-08-05 01:51:20.152326,Malviya Nagar,1174.91,0.06,55.9
2026-08-05 02:51:20.152326,Malviya Nagar,1107.43,0.29,52.7
2026-08-05 03:51:20.152326,Malviya Nagar,973.77,1.21,46.3
2026-08-05 04:51:20.152326,Malviya Nagar,1075.5,2.95,51.1
2026-08-05 05:51:20.152326,Malviya Nagar,1066.69,11.1,50.3
2026-08-05 06:51:20.152326,Malviya Nagar,1124.0,28.11,52.2
2026-08-05 07:51:20.152326,Malviya Nagar,1031.67,70.37,45.8
2026-08-05 08:51:20.152326,Malviya Nagar,2093.15,117.42,94.1
2026-08-05 09:51:20.152326,Malviya Nagar,2183.77,265.07,91.4
2026-08-05 10:51:20.152326,Malviya Nagar,2290.66,402.73,89.9
2026-08-05 11:51:20.152326,Malviya Nagar,2065.01,521.63,73.5
2026-08-05 12:51:20.152326,Malviya Nagar,1992.64,569.78,67.8
2026-08-05 13:51:20.152326,Malviya Nagar,2117.3,675.03,68.7
2026-08-05 14:51:20.152326,Malviya Nagar,2213.55,446.17,84.2
2026-08-05 15:51:20.152326,Malviya Nagar,1966.71,531.72,68.3
2026-08-05 16:51:20.152326,Malviya Nagar,2343.78,366.31,94.2
2026-08-05 17:51:20.152326,Malviya Nagar,2002.09,218.81,84.9
2026-08-05 18:51:20.152326,Malviya Nagar,2069.17,130.58,92.3
2026-08-05 19:51:20.152326,Malviya Nagar,1144.7,66.29,51.4
2026-08-05 20:51:20.152326,Malviya Nagar,1130.77,33.38,52.3
2026-08-05 21:51:20.152326,Malviya Nagar,1014.23,10.96,47.8
2026-08-05 22:51:20.152326,Malviya Nagar,1117.88,3.04,53.1
2026-08-05 23:51:20.152326,Malviya Nagar,1083.15,1.09,51.5
2026-08-06 00:51:20.152326,Malviya Nagar,988.52,0.02,47.1
2026-08-06 01:51:20.152326,Malviya Nagar,996.22,0.06,47.4
2026-08-06 02:51:20.152326,Malviya Nagar,1114.13,0.25,53.0
2026-08-06 03:51:20.152326,Malviya Nagar,1118.38,0.95,53.2
2026-08-06 04:51:20.152326,Malviya Nagar,1016.53,3.55,48.2
2026-08-06 05:51:20.152326,Malviya Nagar,1078.04,10.9,50.8
2026-08-06 06:51:20.152326,Malviya Nagar,1043.54,32.59,48.1
2026-08-06 07:51:20.152326,Malviya Nagar,1091.09,52.4,49.5
2026-08-06 08:51:20.152326,Malviya Nagar,2183.27,146.45,97.0
2026-08-06 09:51:20.152326,Malviya Nagar,2100.83,238.59,88.7
2026-08-06 10:51:20.152326,Malviya Nagar,1821.56,328.4,71.1
2026-08-06 11:51:20.152326,Malviya Nagar,2107.0,450.12,78.9
2026-08-06 12:51:20.152326,Malviya Nagar,1994.88,643.07,64.4
2026-08-06 13:51:20.152326,Malviya Nagar,2213.23,547.52,79.3
2026-08-06 14:51:20.152326,Malviya Nagar,2086.84,651.79,68.3
2026-08-06 15:51:20.152326,Malviya Nagar,2135.02,457.01,79.9
2026-08-06 16:51:20.152326,Malviya Nagar,1999.15,313.76,80.3
2026-08-06 17:51:20.152326,Malviya Nagar,2229.39,212.75,96.0
2026-08-06 18:51:20.152326,Malviya Nagar,2164.87,132.84,96.8
2026-08-06 19:51:20.152326,Malviya Nagar,1033.41,69.02,45.9
2026-08-06 20:51:20.152326,Malviya Nagar,1031.97,29.46,47.7
2026-08-06 21:51:20.152326,Malviya Nagar,925.9,11.14,43.6
2026-08-06 22:51:20.152326,Malviya Nagar,1108.93,2.93,52.7
2026-08-06 23:51:20.152326,Malviya Nagar,1171.52,1.09,55.7
2026-08-07 00:51:20.152326,Malviya Nagar,1054.52,0.01,50.2
2026-08-07 01:51:20.152326,Malviya Nagar,1144.89,0.07,54.5
2026-08-07 02:51:20.152326,Malviya Nagar,1110.61,0.23,52.9
2026-08-07 03:51:20.152326,Malviya Nagar,1129.84,0.87,53.8
2026-08-07 04:51:20.152326,Malviya Nagar,1143.47,3.42,54.3
2026-08-07 05:51:20.152326,Malviya Nagar,1099.32,10.3,51.9
2026-08-07 06:51:20.152326,Malviya Nagar,975.2,25.74,45.2
2026-08-07 07:51:20.152326,Malviya Nagar,1109.52,67.98,49.6
2026-08-07 08:51:20.152326,Malviya Nagar,2055.2,123.24,92.0
2026-08-07 09:51:20.152326,Malviya Nagar,1987.87,217.14,84.3
2026-08-07 10:51:20.152326,Malviya Nagar,2174.41,313.17,88.6
2026-08-07 11:51:20.152326,Malviya Nagar,2182.7,534.29,78.5
2026-08-07 12:51:20.152326,Malviya Nagar,2033.67,679.15,64.5
2026-08-07 13:51:20.152326,Malviya Nagar,2188.67,710.29,70.4
2026-08-07 14:51:20.152326,Malviya Nagar,2098.42,583.77,72.1
2026-08-07 15:51:20.152326,Malviya Nagar,2022.36,493.03,72.8
2026-08-07 16:51:20.152326,Malviya Nagar,2226.08,313.3,91.1
2026-08-07 17:51:20.152326,Malviya Nagar,2237.16,233.56,95.4
2026-08-07 18:51:20.152326,Malviya Nagar,2041.15,109.04,92.0
2026-08-07 19:51:20.152326,Malviya Nagar,1112.74,54.72,50.4
2026-08-07 20:51:20.152326,Malviya Nagar,1073.44,28.31,49.8
2026-08-07 21:51:20.152326,Malviya Nagar,1160.93,9.95,54.8
2026-08-07 22:51:20.152326,Malviya Nagar,1058.06,3.65,50.2
2026-08-07 23:51:20.152326,Malviya Nagar,1010.21,1.21,48.0
2026-08-08 00:51:20.152326,Malviya Nagar,1154.05,0.01,55.0
2026-08-08 01:51:20.152326,Malviya Nagar,1051.67,0.04,50.1
2026-08-08 02:51:20.152326,Malviya Nagar,1136.93,0.21,54.1
2026-08-08 03:51:20.152326,Malviya Nagar,995.65,0.87,47.4
2026-08-08 04:51:20.152326,Malviya Nagar,969.47,2.6,46.0
2026-08-08 05:51:20.152326,Malviya Nagar,1017.26,7.95,48.1
2026-08-08 06:51:20.152326,Malviya Nagar,967.11,21.4,45.0
2026-08-08 07:51:20.152326,Malviya Nagar,1027.39,40.07,47.0
2026-08-08 08:51:20.152326,Malviya Nagar,2055.75,89.75,93.6
2026-08-08 09:51:20.152326,Malviya Nagar,2066.38,155.28,91.0
2026-08-08 10:51:20.152326,Malviya Nagar,2342.08,215.53,101.3
2026-08-08 11:51:20.152326,Malviya Nagar,2080.41,393.41,80.3
2026-08-08 12:51:20.152326,Malviya Nagar,2284.06,474.77,86.2
2026-08-08 13:51:20.152326,Malviya Nagar,2010.68,480.41,72.9
2026-08-08 14:51:20.152326,Malviya Nagar,2041.11,425.13,77.0
2026-08-08 15:51:20.152326,Malviya Nagar,2204.79,341.35,88.7
2026-08-08 16:51:20.152326,Malviya Nagar,2254.35,283.3,93.9
2026-08-08 17:51:20.152326,Malviya Nagar,2370.68,168.03,104.9
2026-08-08 18:51:20.152326,Malviya Nagar,2072.95,89.14,94.5
2026-08-08 19:51:20.152326,Malviya Nagar,1150.7,39.76,52.9
2026-08-08 20:51:20.152326,Malviya Nagar,1060.31,23.09,49.4
2026-08-08 21:51:20.152326,Malviya Nagar,945.9,7.69,44.7
2026-08-08 22:51:20.152326,Malviya Nagar,1039.65,2.68,49.4
2026-08-08 23:51:20.152326,Malviya Nagar,1055.69,0.89,50.2
2026-08-09 00:51:20.152326,Malviya Nagar,1035.95,0.01,49.3
2026-08-09 01:51:20.152326,Malviya Nagar,1140.97,0.05,54.3
2026-08-09 02:51:20.152326,Malviya Nagar,1081.57,0.23,51.5
2026-08-09 03:51:20.152326,Malviya Nagar,1090.01,0.75,51.9
2026-08-09 04:51:20.152326,Malviya Nagar,1062.87,2.69,50.5
2026-08-09 05:51:20.152326,Malviya Nagar,1049.92,8.42,49.6
2026-08-09 06:51:20.152326,Malviya Nagar,1041.74,19.75,48.7
2026-08-09 07:51:20.152326,Malviya Nagar,1181.65,37.46,54.5
2026-08-09 08:51:20.152326,Malviya Nagar,1830.9,93.34,82.7
2026-08-09 09:51:20.152326,Malviya Nagar,2108.71,168.46,92.4
2026-08-09 10:51:20.152326,Malviya Nagar,1860.95,260.58,76.2
2026-08-09 11:51:20.152326,Malviya Nagar,2198.8,403.64,85.5
2026-08-09 12:51:20.152326,Malviya Nagar,2205.95,404.24,85.8
2026-08-09 13:51:20.152326,Malviya Nagar,2312.99,493.83,86.6
2026-08-09 14:51:20.152326,Malviya Nagar,2003.94,430.52,74.9
2026-08-09 15:51:20.152326,Malviya Nagar,2112.36,312.67,85.7
2026-08-09 16:51:20.152326,Malviya Nagar,1918.11,330.68,75.6
2026-08-09 17:51:20.152326,Malviya Nagar,2198.42,175.85,96.3
2026-08-09 18:51:20.152326,Malviya Nagar,2103.15,110.61,94.9
2026-08-09 19:51:20.152326,Malviya Nagar,1072.71,42.27,49.1
2026-08-09 20:51:20.152326,Malviya Nagar,939.3,20.88,43.7
2026-08-09 21:51:20.152326,Malviya Nagar,1094.6,8.3,51.7
2026-08-09 22:51:20.152326,Malviya Nagar,1027.25,2.41,48.8
2026-08-09 23:51:20.152326,Malviya Nagar,986.75,0.83,46.9
2026-08-10 00:51:20.152326,Malviya Nagar,1090.89,0.01,51.9
2026-08-10 01:51:20.152326,Malviya Nagar,992.9,0.06,47.3
2026-08-10 02:51:20.152326,Malviya Nagar,1004.64,0.27,47.8
2026-08-10 03:51:20.152326,Malviya Nagar,1052.81,0.93,50.1
2026-08-10 04:51:20.152326,Malviya Nagar,1163.01,3.17,55.2
2026-08-10 05:51:20.152326,Malviya Nagar,1014.31,11.16,47.8
2026-08-10 06:51:20.152326,Malviya Nagar,1111.09,36.11,51.2
2026-08-10 07:51:20.152326,Malviya Nagar,1202.41,65.79,54.1
2026-08-10 08:51:20.152326,Malviya Nagar,1917.09,121.65,85.5
2026-08-10 09:51:20.152326,Malviya Nagar,1986.37,192.7,85.4
2026-08-10 10:51:20.152326,Malviya Nagar,1967.15,348.39,77.1
2026-08-10 11:51:20.152326,Malviya Nagar,2239.84,506.4,82.5
2026-08-10 12:51:20.152326,Malviya Nagar,2184.27,682.6,71.5
2026-08-10 13:51:20.152326,Malviya Nagar,2078.41,573.36,71.7
2026-08-10 14:51:20.152326,Malviya Nagar,2645.04,572.54,98.7
2026-08-10 15:51:20.152326,Malviya Nagar,2138.09,572.03,74.6
2026-08-10 16:51:20.152326,Malviya Nagar,1874.63,344.07,72.9
2026-08-10 17:51:20.152326,Malviya Nagar,2345.98,230.0,100.8
2026-08-10 18:51:20.152326,Malviya Nagar,2129.82,140.83,94.7
2026-08-10 19:51:20.152326,Malviya Nagar,1004.11,62.21,44.9
2026-08-10 20:51:20.152326,Malviya Nagar,1004.46,31.85,46.3
2026-08-10 21:51:20.152326,Malviya Nagar,1079.29,12.25,50.8
2026-08-10 22:51:20.152326,Malviya Nagar,1105.38,3.35,52.5
2026-08-10 23:51:20.152326,Malviya Nagar,991.3,1.15,47.2
2026-08-11 00:51:20.152326,Malviya Nagar,1002.78,0.01,47.8
2026-08-11 01:51:20.152326,Malviya Nagar,1112.51,0.06,53.0
2026-08-11 02:51:20.152326,Malviya Nagar,1133.29,0.29,54.0
2026-08-11 03:51:20.152326,Malviya Nagar,1008.03,0.84,48.0
2026-08-11 04:51:20.152326,Malviya Nagar,1127.25,4.26,53.5
2026-08-11 05:51:20.152326,Malviya Nagar,970.11,11.15,45.7
2026-08-11 06:51:20.152326,Malviya Nagar,982.81,27.85,45.5
2026-08-11 07:51:20.152326,Malviya Nagar,1180.88,62.92,53.2
2026-08-11 08:51:20.152326,Malviya Nagar,1977.0,120.7,88.4
2026-08-11 09:51:20.152326,Malviya Nagar,1929.67,256.02,79.7
2026-08-11 10:51:20.152326,Malviya Nagar,2153.72,347.87,86.0
2026-08-11 11:51:20.152326,Malviya Nagar,2059.4,452.06,76.5
2026-08-11 12:51:20.152326,Malviya Nagar,1848.69,599.19,59.5
2026-08-11 13:51:20.152326,Malviya Nagar,2339.6,481.3,88.5
2026-08-11 14:51:20.152326,Malviya Nagar,2001.09,638.92,64.9
2026-08-11 15:51:20.152326,Malviya Nagar,2122.67,498.87,77.3
2026-08-11 16:51:20.152326,Malviya Nagar,2289.86,399.06,90.0
2026-08-11 17:51:20.152326,Malviya Nagar,2091.88,200.99,90.0
2026-08-11 18:51:20.152326,Malviya Nagar,1978.29,100.38,89.4
2026-08-11 19:51:20.152326,Malviya Nagar,991.42,51.15,44.8
2026-08-11 20:51:20.152326,Malviya Nagar,1084.3,26.66,50.4
2026-08-11 21:51:20.152326,Malviya Nagar,998.01,8.93,47.1
2026-08-11 22:51:20.152326,Malviya Nagar,903.74,2.95,42.9
2026-08-11 23:51:20.152326,Malviya Nagar,1169.93,1.19,55.7
2026-08-12 00:51:20.152326,Malviya Nagar,978.54,0.01,46.6
2026-08-12 01:51:20.152326,Malviya Nagar,1143.82,0.06,54.5
2026-08-12 02:51:20.152326,Malviya Nagar,973.97,0.29,46.4
2026-08-12 03:51:20.152326,Malviya Nagar,1055.36,1.21,50.2
2026-08-12 04:51:20.152326,Malviya Nagar,1067.37,2.77,50.7
2026-08-12 05:51:20.152326,Malviya Nagar,1037.76,11.35,48.9
2026-08-12 06:51:20.152326,Malviya Nagar,1021.94,31.22,47.2
2026-08-12 07:51:20.152326,Malviya Nagar,1112.78,63.23,50.0
2026-08-12 08:51:20.152326,Malviya Nagar,2236.34,118.78,100.8
2026-08-12 09:51:20.152326,Malviya Nagar,2038.88,245.56,85.4
2026-08-12 10:51:20.152326,Malviya Nagar,2030.93,399.84,77.7
2026-08-12 11:51:20.152326,Malviya Nagar,2258.75,388.36,89.1
2026-08-12 12:51:20.152326,Malviya Nagar,2199.21,679.53,72.4
2026-08-12 13:51:20.152326,Malviya Nagar,2084.67,646.37,68.5
2026-08-12 14:51:20.152326,Malviya Nagar,2197.45,500.03,80.8
2026-08-12 15:51:20.152326,Malviya Nagar,2290.68,431.45,88.5
2026-08-12 16:51:20.152326,Malviya Nagar,1820.1,372.88,68.9
2026-08-12 17:51:20.152326,Malviya Nagar,2275.05,197.93,98.9
2026-08-12 18:51:20.152326,Malviya Nagar,2298.77,104.73,104.5
2026-08-12 19:51:20.152326,Malviya Nagar,985.22,57.31,44.2
2026-08-12 20:51:20.152326,Malviya Nagar,1132.94,24.3,52.8
2026-08-12 21:51:20.152326,Malviya Nagar,926.81,10.1,43.7
2026-08-12 22:51:20.152326,Malviya Nagar,1070.26,3.63,50.8
2026-08-12 23:51:20.152326,Malviya Nagar,1152.32,1.1,54.8
2026-08-13 00:51:20.152326,Malviya Nagar,1143.99,0.01,54.5
2026-08-13 01:51:20.152326,Malviya Nagar,1034.64,0.07,49.3
2026-08-13 02:51:20.152326,Malviya Nagar,1021.02,0.27,48.6
2026-08-13 03:51:20.152326,Malviya Nagar,1065.44,0.86,50.7
2026-08-13 04:51:20.152326,Malviya Nagar,1104.6,3.42,52.4
2026-08-13 05:51:20.152326,Malviya Nagar,1139.58,12.16,53.7
2026-08-13 06:51:20.152326,Malviya Nagar,1015.25,27.68,47.0
2026-08-13 07:51:20.152326,Malviya Nagar,1015.83,55.33,45.7
2026-08-13 08:51:20.152326,Malviya Nagar,2252.51,146.06,100.3
2026-08-13 09:51:20.152326,Malviya Nagar,2282.96,231.01,97.7
2026-08-13 10:51:20.152326,Malviya Nagar,2093.79,336.72,83.7
2026-08-13 11:51:20.152326,Malviya Nagar,2192.23,495.52,80.8
2026-08-13 12:51:20.152326,Malviya Nagar,2354.99,583.53,84.4
2026-08-13 13:51:20.152326,Malviya Nagar,2140.28,655.57,70.7
2026-08-13 14:51:20.152326,Malviya Nagar,2154.24,503.08,78.6
2026-08-13 15:51:20.152326,Malviya Nagar,2124.45,547.11,75.1
2026-08-13 16:51:20.152326,Malviya Nagar,2162.16,368.48,85.4
2026-08-13 17:51:20.152326,Malviya Nagar,2108.7,237.48,89.1
2026-08-13 18:51:20.152326,Malviya Nagar,1964.25,117.73,87.9
2026-08-13 19:51:20.152326,Malviya Nagar,959.07,68.24,42.4
2026-08-13 20:51:20.152326,Malviya Nagar,1159.33,28.68,53.8
2026-08-13 21:51:20.152326,Malviya Nagar,882.66,10.8,41.5
2026-08-13 22:51:20.152326,Malviya Nagar,1047.02,3.54,49.7
2026-08-13 23:51:20.152326,Malviya Nagar,1122.58,1.07,53.4
2026-08-14 00:51:20.152326,Malviya Nagar,1021.78,0.01,48.7
2026-08-14 01:51:20.152326,Malviya Nagar,1046.12,0.06,49.8
2026-08-14 02:51:20.152326,Malviya Nagar,1043.22,0.23,49.7
2026-08-14 03:51:20.152326,Malviya Nagar,1050.16,1.24,49.9
2026-08-14 04:51:20.152326,Malviya Nagar,1092.26,3.48,51.8
2026-08-14 05:51:20.152326,Malviya Nagar,1039.58,10.07,49.0
2026-08-14 06:51:20.152326,Malviya Nagar,1112.95,25.57,51.8
2026-08-14 07:51:20.152326,Malviya Nagar,1052.16,60.74,47.2
2026-08-14 08:51:20.152326,Malviya Nagar,2236.18,125.44,100.5
2026-08-14 09:51:20.152326,Malviya Nagar,1963.02,237.46,82.2
2026-08-14 10:51:20.152326,Malviya Nagar,2079.69,343.86,82.7
2026-08-14 11:51:20.152326,Malviya Nagar,2074.07,401.64,79.6
2026-08-14 12:51:20.152326,Malviya Nagar,2066.62,545.84,72.4
2026-08-14 13:51:20.152326,Malviya Nagar,1880.24,593.09,61.3
2026-08-14 14:51:20.152326,Malviya Nagar,2047.38,523.28,72.6
2026-08-14 15:51:20.152326,Malviya Nagar,2152.64,485.3,79.4
2026-08-14 16:51:20.152326,Malviya Nagar,2079.56,366.82,81.6
2026-08-14 17:51:20.152326,Malviya Nagar,2109.79,218.05,90.1
2026-08-14 18:51:20.152326,Malviya Nagar,1873.02,152.12,81.9
2026-08-14 19:51:20.152326,Malviya Nagar,1137.69,58.11,51.4
2026-08-14 20:51:20.152326,Malviya Nagar,1073.75,31.35,49.6
2026-08-14 21:51:20.152326,Malviya Nagar,1092.83,11.24,51.5
2026-08-14 22:51:20.152326,Malviya Nagar,1058.45,3.56,50.2
2026-08-14 23:51:20.152326,Malviya Nagar,1161.77,0.81,55.3
2026-08-15 00:51:20.152326,Malviya Nagar,1068.67,0.01,50.9
2026-08-15 01:51:20.152326,Malviya Nagar,1015.62,0.04,48.4
2026-08-15 02:51:20.152326,Malviya Nagar,1138.57,0.2,54.2
2026-08-15 03:51:20.152326,Malviya Nagar,945.32,0.88,45.0
2026-08-15 04:51:20.152326,Malviya Nagar,972.51,2.59,46.2
2026-08-15 05:51:20.152326,Malviya Nagar,978.76,8.28,46.2
2026-08-15 06:51:20.152326,Malviya Nagar,1041.94,21.67,48.6
2026-08-15 07:51:20.152326,Malviya Nagar,1073.69,40.58,49.2
2026-08-15 08:51:20.152326,Malviya Nagar,2161.52,91.62,98.6
2026-08-15 09:51:20.152326,Malviya Nagar,2058.02,153.84,90.7
2026-08-15 10:51:20.152326,Malviya Nagar,2047.01,233.04,86.4
2026-08-15 11:51:20.152326,Malviya Nagar,2008.43,323.79,80.2
2026-08-15 12:51:20.152326,Malviya Nagar,2135.51,399.12,82.7
2026-08-15 13:51:20.152326,Malviya Nagar,2121.76,498.94,77.3
2026-08-15 14:51:20.152326,Malviya Nagar,2246.19,436.4,86.2
2026-08-15 15:51:20.152326,Malviya Nagar,2335.14,424.23,91.0
2026-08-15 16:51:20.152326,Malviya Nagar,2205.41,229.94,94.1
2026-08-15 17:51:20.152326,Malviya Nagar,2160.64,149.43,95.8
2026-08-15 18:51:20.152326,Malviya Nagar,2252.99,100.42,102.5
2026-08-15 19:51:20.152326,Malviya Nagar,1017.84,46.31,46.3
2026-08-15 20:51:20.152326,Malviya Nagar,1049.92,18.64,49.1
2026-08-15 21:51:20.152326,Malviya Nagar,1026.08,7.98,48.5
2026-08-15 22:51:20.152326,Malviya Nagar,1170.12,2.87,55.6
2026-08-15 23:51:20.152326,Malviya Nagar,1060.84,0.77,50.5
2026-08-16 00:51:20.152326,Malviya Nagar,939.67,0.01,44.7
2026-08-16 01:51:20.152326,Malviya Nagar,998.42,0.05,47.5
2026-08-16 02:51:20.152326,Malviya Nagar,1096.14,0.22,52.2
2026-08-16 03:51:20.152326,Malviya Nagar,954.94,0.76,45.4
2026-08-16 04:51:20.152326,Malviya Nagar,1095.41,2.79,52.0
2026-08-16 05:51:20.152326,Malviya Nagar,1046.15,7.15,49.5
2026-08-16 06:51:20.152326,Malviya Nagar,965.21,23.21,44.9
2026-08-16 07:51:20.152326,Malviya Nagar,1108.37,40.66,50.8
2026-08-16 08:51:20.152326,Malviya Nagar,2088.69,106.99,94.4
2026-08-16 09:51:20.152326,Malviya Nagar,2215.96,162.66,97.8
2026-08-16 10:51:20.152326,Malviya Nagar,2338.2,294.23,97.3
2026-08-16 11:51:20.152326,Malviya Nagar,2211.58,362.32,88.1
2026-08-16 12:51:20.152326,Malviya Nagar,2099.36,447.32,78.7
2026-08-16 13:51:20.152326,Malviya Nagar,2135.24,414.69,81.9
2026-08-16 14:51:20.152326,Malviya Nagar,2193.33,453.06,82.9
2026-08-16 15:51:20.152326,Malviya Nagar,2193.2,382.04,86.2
2026-08-16 16:51:20.152326,Malviya Nagar,2185.2,263.99,91.5
2026-08-16 17:51:20.152326,Malviya Nagar,2111.94,154.77,93.2
2026-08-16 18:51:20.152326,Malviya Nagar,2087.43,95.44,94.9
2026-08-16 19:51:20.152326,Malviya Nagar,1011.82,44.23,46.1
2026-08-16 20:51:20.152326,Malviya Nagar,1061.25,20.77,49.5
2026-08-16 21:51:20.152326,Malviya Nagar,1069.75,8.09,50.6
2026-08-16 22:51:20.152326,Malviya Nagar,1025.55,3.2,48.7
2026-08-16 23:51:20.152326,Malviya Nagar,1063.29,0.81,50.6
2026-08-17 00:51:20.152326,Malviya Nagar,1123.66,0.01,53.5
2026-08-17 01:51:20.152326,Malviya Nagar,1020.75,0.06,48.6
2026-08-17 02:51:20.152326,Malviya Nagar,1108.55,0.31,52.8
2026-08-17 03:51:20.152326,Malviya Nagar,937.98,1.06,44.6
2026-08-17 04:51:20.152326,Malviya Nagar,1076.92,3.91,51.1
2026-08-17 05:51:20.152326,Malviya Nagar,1044.5,11.0,49.2
2026-08-17 06:51:20.152326,Malviya Nagar,1005.78,27.7,46.6
2026-08-17 07:51:20.152326,Malviya Nagar,1018.87,67.44,45.3
2026-08-17 08:51:20.152326,Malviya Nagar,2146.22,137.54,95.7
2026-08-17 09:51:20.152326,Malviya Nagar,2416.85,224.31,104.4
2026-08-17 10:51:20.152326,Malviya Nagar,2425.86,360.3,98.4
2026-08-17 11:51:20.152326,Malviya Nagar,2210.01,424.62,85.0
2026-08-17 12:51:20.152326,Malviya Nagar,2027.42,558.83,69.9
2026-08-17 13:51:20.152326,Malviya Nagar,2056.62,518.69,73.2
2026-08-17 14:51:20.152326,Malviya Nagar,2147.79,540.59,76.5
2026-08-17 15:51:20.152326,Malviya Nagar,2166.79,508.7,79.0
2026-08-17 16:51:20.152326,Malviya Nagar,1901.8,409.07,71.1
2026-08-17 17:51:20.152326,Malviya Nagar,2072.8,217.94,88.3
2026-08-17 18:51:20.152326,Malviya Nagar,2039.6,121.0,91.4
2026-08-17 19:51:20.152326,Malviya Nagar,1132.14,71.22,50.5
2026-08-17 20:51:20.152326,Malviya Nagar,1062.56,23.5,49.5
2026-08-17 21:51:20.152326,Malviya Nagar,1046.27,11.04,49.3
2026-08-17 22:51:20.152326,Malviya Nagar,1105.69,3.29,52.5
2026-08-17 23:51:20.152326,Malviya Nagar,1001.72,1.01,47.7
2026-08-18 00:51:20.152326,Malviya Nagar,1029.72,0.01,49.0
2026-08-18 01:51:20.152326,Malviya Nagar,1100.24,0.06,52.4
2026-08-18 02:51:20.152326,Malviya Nagar,1082.56,0.27,51.5
2026-08-18 03:51:20.152326,Malviya Nagar,1040.99,0.9,49.5
2026-08-18 04:51:20.152326,Malviya Nagar,1019.34,3.61,48.4
2026-08-18 05:51:20.152326,Malviya Nagar,1185.79,9.34,56.0
2026-08-18 06:51:20.152326,Malviya Nagar,926.91,26.49,42.9
2026-08-18 07:51:20.152326,Malviya Nagar,1090.21,64.25,48.9
2026-08-18 08:51:20.152326,Malviya Nagar,2289.58,106.45,104.0
2026-08-18 09:51:20.152326,Malviya Nagar,2147.91,196.49,92.9
2026-08-18 10:51:20.152326,Malviya Nagar,2199.7,322.8,89.4
2026-08-18 11:51:20.152326,Malviya Nagar,2290.94,515.95,84.5
2026-08-18 12:51:20.152326,Malviya Nagar,2004.67,667.89,63.7
2026-08-18 13:51:20.152326,Malviya Nagar,2243.31,654.18,75.7
2026-08-18 14:51:20.152326,Malviya Nagar,2096.58,591.98,71.6
2026-08-18 15:51:20.152326,Malviya Nagar,2113.32,472.2,78.1
2026-08-18 16:51:20.152326,Malviya Nagar,2141.44,354.54,85.1
2026-08-18 17:51:20.152326,Malviya Nagar,2006.05,210.71,85.5
2026-08-18 18:51:20.152326,Malviya Nagar,2243.84,97.83,102.2
2026-08-18 19:51:20.152326,Malviya Nagar,1093.94,60.16,49.2
2026-08-18 20:51:20.152326,Malviya Nagar,1044.21,20.58,48.7
2026-08-18 21:51:20.152326,Malviya Nagar,1059.27,9.48,50.0
2026-08-18 22:51:20.152326,Malviya Nagar,952.39,3.32,45.2
2026-08-18 23:51:20.152326,Malviya Nagar,1098.32,1.15,52.2
2026-08-19 00:51:20.152326,Malviya Nagar,946.56,0.01,45.1
2026-08-19 01:51:20.152326,Malviya Nagar,1178.84,0.06,56.1
2026-08-19 02:51:20.152326,Malviya Nagar,1032.2,0.31,49.1
2026-08-19 03:51:20.152326,Malviya Nagar,1091.84,0.91,51.9
2026-08-19 04:51:20.152326,Malviya Nagar,1123.49,4.05,53.3
2026-08-19 05:51:20.152326,Malviya Nagar,1007.46,10.86,47.5
2026-08-19 06:51:20.152326,Malviya Nagar,993.62,27.78,46.0
2026-08-19 07:51:20.152326,Malviya Nagar,968.07,55.89,43.4
2026-08-19 08:51:20.152326,Malviya Nagar,2156.93,106.55,97.6
2026-08-19 09:51:20.152326,Malviya Nagar,2044.45,237.98,86.0
2026-08-19 10:51:20.152326,Malviya Nagar,2108.9,362.19,83.2
2026-08-19 11:51:20.152326,Malviya Nagar,2092.32,441.24,78.6
2026-08-19 12:51:20.152326,Malviya Nagar,2255.32,590.31,79.3
2026-08-19 13:51:20.152326,Malviya Nagar,1972.04,672.56,61.9
2026-08-19 14:51:20.152326,Malviya Nagar,2227.6,685.09,73.5
2026-08-19 15:51:20.152326,Malviya Nagar,2361.39,519.99,87.7
2026-08-19 16:51:20.152326,Malviya Nagar,2134.07,389.63,83.1
2026-08-19 17:51:20.152326,Malviya Nagar,2160.56,215.44,92.6
2026-08-19 18:51:20.152326,Malviya Nagar,2017.0,134.14,89.7
2026-08-19 19:51:20.152326,Malviya Nagar,971.02,54.73,43.6
2026-08-19 20:51:20.152326,Malviya Nagar,909.54,23.18,42.2
2026-08-19 21:51:20.152326,Malviya Nagar,1004.08,9.97,47.3
2026-08-19 22:51:20.152326,Malviya Nagar,1048.24,2.69,49.8
2026-08-19 23:51:20.152326,Malviya Nagar,1175.97,1.0,56.0
2026-08-20 00:51:20.152326,Malviya Nagar,1076.71,0.01,51.3
2026-08-20 01:51:20.152326,Malviya Nagar,1174.62,0.06,55.9
2026-08-20 02:51:20.152326,Malviya Nagar,1026.08,0.28,48.8
2026-08-20 03:51:20.152326,Malviya Nagar,982.81,1.15,46.7
2026-08-20 04:51:20.152326,Malviya Nagar,1044.14,3.21,49.6
2026-08-20 05:51:20.152326,Malviya Nagar,1080.7,9.66,51.0
2026-08-20 06:51:20.152326,Malviya Nagar,1003.48,24.17,46.6
2026-08-20 07:51:20.152326,Malviya Nagar,997.71,68.3,44.3
2026-08-20 08:51:20.152326,Malviya Nagar,2080.36,122.33,93.2
2026-08-20 09:51:20.152326,Malviya Nagar,1996.04,236.22,83.8
2026-08-20 10:51:20.152326,Malviya Nagar,2252.62,334.51,91.3
2026-08-20 11:51:20.152326,Malviya Nagar,2230.27,472.69,83.7
2026-08-20 12:51:20.152326,Malviya Nagar,2033.96,679.78,64.5
2026-08-20 13:51:20.152326,Malviya Nagar,2213.13,519.1,80.7
2026-08-20 14:51:20.152326,Malviya Nagar,2145.04,657.42,70.8
2026-08-20 15:51:20.152326,Malviya Nagar,2150.16,533.99,77.0
2026-08-20 16:51:20.152326,Malviya Nagar,2216.64,396.2,86.7
2026-08-20 17:51:20.152326,Malviya Nagar,2131.48,176.48,93.1
2026-08-20 18:51:20.152326,Malviya Nagar,2239.28,139.48,100.0
2026-08-20 19:51:20.152326,Malviya Nagar,981.39,60.68,43.8
2026-08-20 20:51:20.152326,Malviya Nagar,1160.9,24.34,54.1
2026-08-20 21:51:20.152326,Malviya Nagar,1027.75,14.31,48.3
2026-08-20 22:51:20.152326,Malviya Nagar,1015.6,3.43,48.2
2026-08-20 23:51:20.152326,Malviya Nagar,1074.22,1.04,51.1
2026-08-21 00:51:20.152326,Malviya Nagar,966.98,0.01,46.0
2026-08-21 01:51:20.152326,Malviya Nagar,972.85,0.07,46.3
2026-08-21 02:51:20.152326,Malviya Nagar,908.04,0.34,43.2
2026-08-21 03:51:20.152326,Malviya Nagar,1151.66,0.99,54.8
2026-08-21 04:51:20.152326,Malviya Nagar,1036.03,3.0,49.2
2026-08-21 05:51:20.152326,Malviya Nagar,982.07,10.79,46.3
2026-08-21 06:51:20.152326,Malviya Nagar,1040.62,28.57,48.2
2026-08-21 07:51:20.152326,Malviya Nagar,1124.96,65.8,50.4
2026-08-21 08:51:20.152326,Malviya Nagar,2056.63,147.44,90.9
2026-08-21 09:51:20.152326,Malviya Nagar,2089.06,233.79,88.3
2026-08-21 10:51:20.152326,Malviya Nagar,1955.48,377.6,75.1
2026-08-21 11:51:20.152326,Malviya Nagar,2180.27,427.11,83.5
2026-08-21 12:51:20.152326,Malviya Nagar,1910.45,668.87,59.1
2026-08-21 13:51:20.152326,Malviya Nagar,2145.54,586.29,74.2
2026-08-21 14:51:20.152326,Malviya Nagar,1907.74,574.2,63.5
2026-08-21 15:51:20.152326,Malviya Nagar,2030.54,443.88,75.6
2026-08-21 16:51:20.152326,Malviya Nagar,2124.65,299.88,86.9
2026-08-21 17:51:20.152326,Malviya Nagar,2034.94,196.32,87.6
2026-08-21 18:51:20.152326,Malviya Nagar,1946.76,117.4,87.1
2026-08-21 19:51:20.152326,Malviya Nagar,1000.41,74.07,44.1
2026-08-21 20:51:20.152326,Malviya Nagar,928.01,27.92,42.9
2026-08-21 21:51:20.152326,Malviya Nagar,1009.78,10.99,47.6
2026-08-21 22:51:20.152326,Malviya Nagar,1006.24,3.37,47.8
2026-08-21 23:51:20.152326,Malviya Nagar,1104.23,0.99,52.5
2026-08-22 00:51:20.152326,Malviya Nagar,979.95,0.01,46.7
2026-08-22 01:51:20.152326,Malviya Nagar,978.39,0.04,46.6
2026-08-22 02:51:20.152326,Malviya Nagar,911.18,0.2,43.4
2026-08-22 03:51:20.152326,Malviya Nagar,1196.91,0.83,57.0
2026-08-22 04:51:20.152326,Malviya Nagar,1100.19,2.72,52.3
2026-08-22 05:51:20.152326,Malviya Nagar,1089.08,7.36,51.5
2026-08-22 06:51:20.152326,Malviya Nagar,963.46,16.58,45.1
2026-08-22 07:51:20.152326,Malviya Nagar,926.83,43.67,42.1
2026-08-22 08:51:20.152326,Malviya Nagar,2046.09,91.33,93.1
2026-08-22 09:51:20.152326,Malviya Nagar,2084.48,137.75,92.7
2026-08-22 10:51:20.152326,Malviya Nagar,1925.62,302.84,77.3
2026-08-22 11:51:20.152326,Malviya Nagar,2012.14,320.51,80.6
2026-08-22 12:51:20.152326,Malviya Nagar,1949.03,371.47,75.1
2026-08-22 13:51:20.152326,Malviya Nagar,2122.74,478.17,78.3
2026-08-22 14:51:20.152326,Malviya Nagar,2034.75,432.36,76.3
2026-08-22 15:51:20.152326,Malviya Nagar,2062.17,350.34,81.5
2026-08-22 16:51:20.152326,Malviya Nagar,2075.25,234.85,87.6
2026-08-22 17:51:20.152326,Malviya Nagar,1942.79,152.76,85.2
2026-08-22 18:51:20.152326,Malviya Nagar,2061.37,90.48,93.9
2026-08-22 19:51:20.152326,Malviya Nagar,1146.82,49.13,52.3
2026-08-22 20:51:20.152326,Malviya Nagar,1000.71,17.62,46.8
2026-08-22 21:51:20.152326,Malviya Nagar,940.25,8.36,44.4
2026-08-22 22:51:20.152326,Malviya Nagar,1038.66,2.43,49.3
2026-08-22 23:51:20.152326,Malviya Nagar,988.16,0.73,47.0
2026-08-23 00:51:20.152326,Malviya Nagar,994.69,0.01,47.4
2026-08-23 01:51:20.152326,Malviya Nagar,1123.48,0.05,53.5
2026-08-23 02:51:20.152326,Malviya Nagar,966.22,0.21,46.0
2026-08-23 03:51:20.152326,Malviya Nagar,1078.96,0.79,51.3
2026-08-23 04:51:20.152326,Malviya Nagar,1118.62,2.71,53.1
2026-08-23 05:51:20.152326,Malviya Nagar,940.13,8.65,44.4
2026-08-23 06:51:20.152326,Malviya Nagar,1032.57,18.69,48.3
2026-08-23 07:51:20.152326,Malviya Nagar,1165.69,43.97,53.4
2026-08-23 08:51:20.152326,Malviya Nagar,2006.8,84.13,91.6
2026-08-23 09:51:20.152326,Malviya Nagar,2341.43,148.03,104.4
2026-08-23 10:51:20.152326,Malviya Nagar,2195.15,256.92,92.3
2026-08-23 11:51:20.152326,Malviya Nagar,1939.18,333.16,76.5
2026-08-23 12:51:20.152326,Malviya Nagar,2206.61,433.0,84.5
2026-08-23 13:51:20.152326,Malviya Nagar,2025.12,423.98,76.2
2026-08-23 14:51:20.152326,Malviya Nagar,2225.7,323.47,90.6
2026-08-23 15:51:20.152326,Malviya Nagar,2052.99,329.35,82.1
2026-08-23 16:51:20.152326,Malviya Nagar,2153.3,265.75,89.9
2026-08-23 17:51:20.152326,Malviya Nagar,2201.1,213.7,94.6
2026-08-23 18:51:20.152326,Malviya Nagar,1975.6,80.0,90.3
2026-08-23 19:51:20.152326,Malviya Nagar,1043.46,50.16,47.3
2026-08-23 20:51:20.152326,Malviya Nagar,1032.16,20.2,48.2
2026-08-23 21:51:20.152326,Malviya Nagar,1104.3,8.05,52.2
2026-08-23 22:51:20.152326,Malviya Nagar,1042.48,2.41,49.5
2026-08-23 23:51:20.152326,Malviya Nagar,969.72,0.6,46.1
2026-08-24 00:51:20.152326,Malviya Nagar,1005.05,0.01,47.9
2026-08-24 01:51:20.152326,Malviya Nagar,1052.57,0.07,50.1
2026-08-24 02:51:20.152326,Malviya Nagar,996.47,0.24,47.4
2026-08-24 03:51:20.152326,Malviya Nagar,1042.55,0.99,49.6
2026-08-24 04:51:20.152326,Malviya Nagar,1066.1,2.81,50.6
2026-08-24 05:51:20.152326,Malviya Nagar,924.68,10.85,43.5
2026-08-24 06:51:20.152326,Malviya Nagar,1133.61,25.03,52.8
2026-08-24 07:51:20.152326,Malviya Nagar,1077.54,74.23,47.8
2026-08-24 08:51:20.152326,Malviya Nagar,2002.75,121.07,89.6
2026-08-24 09:51:20.152326,Malviya Nagar,2046.91,226.37,86.7
2026-08-24 10:51:20.152326,Malviya Nagar,2114.09,378.21,82.7
2026-08-24 11:51:20.152326,Malviya Nagar,1915.02,479.02,68.4
2026-08-24 12:51:20.152326,Malviya Nagar,1951.11,582.08,65.2
2026-08-24 13:51:20.152326,Malviya Nagar,2131.79,600.43,72.9
2026-08-24 14:51:20.152326,Malviya Nagar,2434.9,597.94,87.5
2026-08-24 15:51:20.152326,Malviya Nagar,2290.2,385.78,90.7
2026-08-24 16:51:20.152326,Malviya Nagar,2261.08,337.02,91.6
2026-08-24 17:51:20.152326,Malviya Nagar,2110.18,194.11,91.2
2026-08-24 18:51:20.152326,Malviya Nagar,2050.59,120.67,91.9
2026-08-24 19:51:20.152326,Malviya Nagar,1099.72,62.42,49.4
2026-08-24 20:51:20.152326,Malviya Nagar,1157.88,25.01,53.9
2026-08-24 21:51:20.152326,Malviya Nagar,1051.27,9.36,49.6
2026-08-24 22:51:20.152326,Malviya Nagar,965.9,2.61,45.9
2026-08-24 23:51:20.152326,Malviya Nagar,849.63,1.17,40.4
2026-08-25 00:51:20.152326,Malviya Nagar,1039.55,0.01,49.5
2026-08-25 01:51:20.152326,Malviya Nagar,995.63,0.06,47.4
2026-08-25 02:51:20.152326,Malviya Nagar,1109.07,0.28,52.8
2026-08-25 03:51:20.152326,Malviya Nagar,947.35,1.0,45.1
2026-08-25 04:51:20.152326,Malviya Nagar,1049.4,3.79,49.8
2026-08-25 05:51:20.152326,Malviya Nagar,1062.79,12.38,50.0
2026-08-25 06:51:20.152326,Malviya Nagar,1067.03,29.92,49.4
2026-08-25 07:51:20.152326,Malviya Nagar,1014.46,56.6,45.6
2026-08-25 08:51:20.152326,Malviya Nagar,2086.5,131.99,93.1
2026-08-25 09:51:20.152326,Malviya Nagar,2187.94,232.58,93.1
2026-08-25 10:51:20.152326,Malviya Nagar,2158.67,351.94,86.0
2026-08-25 11:51:20.152326,Malviya Nagar,1826.73,493.04,63.5
2026-08-25 12:51:20.152326,Malviya Nagar,2184.31,601.19,75.4
2026-08-25 13:51:20.152326,Malviya Nagar,2210.07,649.97,74.3
2026-08-25 14:51:20.152326,Malviya Nagar,1952.1,520.0,68.2
2026-08-25 15:51:20.152326,Malviya Nagar,1983.63,461.27,72.5
2026-08-25 16:51:20.152326,Malviya Nagar,2114.31,318.51,85.5
2026-08-25 17:51:20.152326,Malviya Nagar,2080.19,234.16,87.9
2026-08-25 18:51:20.152326,Malviya Nagar,2089.38,102.31,94.6
2026-08-25 19:51:20.152326,Malviya Nagar,994.74,56.93,44.7
2026-08-25 20:51:20.152326,Malviya Nagar,1054.96,25.13,49.0
2026-08-25 21:51:20.152326,Malviya Nagar,1119.91,9.98,52.9
2026-08-25 22:51:20.152326,Malviya Nagar,1063.29,3.69,50.5
2026-08-25 23:51:20.152326,Malviya Nagar,1012.33,1.04,48.2
2026-08-26 00:51:20.152326,Malviya Nagar,1098.68,0.01,52.3
2026-08-26 01:51:20.152326,Malviya Nagar,1001.95,0.07,47.7
2026-08-26 02:51:20.152326,Malviya Nagar,1039.03,0.25,49.5
2026-08-26 03:51:20.152326,Malviya Nagar,1053.56,1.12,50.1
2026-08-26 04:51:20.152326,Malviya Nagar,960.89,4.13,45.6
2026-08-26 05:51:20.152326,Malviya Nagar,1059.01,10.18,49.9
2026-08-26 06:51:20.152326,Malviya Nagar,971.74,29.27,44.9
2026-08-26 07:51:20.152326,Malviya Nagar,1091.17,65.99,48.8
2026-08-26 08:51:20.152326,Malviya Nagar,2162.64,107.98,97.8
2026-08-26 09:51:20.152326,Malviya Nagar,2174.05,204.44,93.8
2026-08-26 10:51:20.152326,Malviya Nagar,2072.07,367.9,81.2
2026-08-26 11:51:20.152326,Malviya Nagar,1959.48,444.99,72.1
2026-08-26 12:51:20.152326,Malviya Nagar,1874.08,543.15,63.4
2026-08-26 13:51:20.152326,Malviya Nagar,2150.66,631.71,72.3
2026-08-26 14:51:20.152326,Malviya Nagar,1986.54,519.53,69.9
2026-08-26 15:51:20.152326,Malviya Nagar,2042.78,443.84,76.1
2026-08-26 16:51:20.152326,Malviya Nagar,2171.99,334.32,87.5
2026-08-26 17:51:20.152326,Malviya Nagar,1993.25,220.98,84.4
2026-08-26 18:51:20.152326,Malviya Nagar,1899.6,109.02,85.3
2026-08-26 19:51:20.152326,Malviya Nagar,1010.45,63.99,45.1
2026-08-26 20:51:20.152326,Malviya Nagar,964.99,28.36,44.6
2026-08-26 21:51:20.152326,Malviya Nagar,1186.39,8.88,56.1
2026-08-26 22:51:20.152326,Malviya Nagar,1136.83,4.02,53.9
2026-08-26 23:51:20.152326,Malviya Nagar,1115.3,1.01,53.1
2026-08-27 00:51:20.152326,Malviya Nagar,1056.69,0.01,50.3
2026-08-27 01:51:20.152326,Malviya Nagar,1096.4,0.06,52.2
2026-08-27 02:51:20.152326,Malviya Nagar,1079.43,0.27,51.4
2026-08-27 03:51:20.152326,Malviya Nagar,1028.88,1.19,48.9
2026-08-27 04:51:20.152326,Malviya Nagar,994.34,3.54,47.2
2026-08-27 05:51:20.152326,Malviya Nagar,968.75,10.43,45.6
2026-08-27 06:51:20.152326,Malviya Nagar,918.94,26.98,42.5
2026-08-27 07:51:20.152326,Malviya Nagar,1045.71,65.73,46.7
2026-08-27 08:51:20.152326,Malviya Nagar,2070.96,141.86,91.9
2026-08-27 09:51:20.152326,Malviya Nagar,2039.15,235.47,85.9
2026-08-27 10:51:20.152326,Malviya Nagar,2191.37,399.37,85.3
2026-08-27 11:51:20.152326,Malviya Nagar,2119.29,404.73,81.6
2026-08-27 12:51:20.152326,Malviya Nagar,1978.81,609.57,65.2
2026-08-27 13:51:20.152326,Malviya Nagar,1881.44,645.83,58.8
2026-08-27 14:51:20.152326,Malviya Nagar,2178.27,598.79,75.2
2026-08-27 15:51:20.152326,Malviya Nagar,1881.7,464.5,67.5
2026-08-27 16:51:20.152326,Malviya Nagar,2180.76,371.27,86.2
2026-08-27 17:51:20.152326,Malviya Nagar,2197.39,237.27,93.3
2026-08-27 18:51:20.152326,Malviya Nagar,2143.1,124.47,96.1
2026-08-27 19:51:20.152326,Malviya Nagar,1097.19,62.35,49.3
2026-08-27 20:51:20.152326,Malviya Nagar,1039.25,29.24,48.1
2026-08-27 21:51:20.152326,Malviya Nagar,1051.86,9.8,49.6
2026-08-27 22:51:20.152326,Malviya Nagar,1100.58,3.8,52.2
2026-08-27 23:51:20.152326,Malviya Nagar,997.01,1.05,47.4
2026-08-28 00:51:20.152326,Malviya Nagar,1078.09,0.01,51.3
2026-08-28 01:51:20.152326,Malviya Nagar,1090.81,0.06,51.9
2026-08-28 02:51:20.152326,Malviya Nagar,1058.67,0.25,50.4
2026-08-28 03:51:20.152326,Malviya Nagar,1072.42,1.12,51.0
2026-08-28 04:51:20.152326,Malviya Nagar,973.9,4.0,46.2
2026-08-28 05:51:20.152326,Malviya Nagar,945.07,10.9,44.5
2026-08-28 06:51:20.152326,Malviya Nagar,1144.31,27.84,53.2
2026-08-28 07:51:20.152326,Malviya Nagar,999.25,52.16,45.1
2026-08-28 08:51:20.152326,Malviya Nagar,1979.2,104.5,89.3
2026-08-28 09:51:20.152326,Malviya Nagar,2022.77,188.6,87.3
2026-08-28 10:51:20.152326,Malviya Nagar,2259.17,321.84,92.3
2026-08-28 11:51:20.152326,Malviya Nagar,1942.06,459.95,70.6
2026-08-28 12:51:20.152326,Malviya Nagar,2235.21,584.49,78.6
2026-08-28 13:51:20.152326,Malviya Nagar,2125.07,689.87,68.3
2026-08-28 14:51:20.152326,Malviya Nagar,2216.8,588.24,77.6
2026-08-28 15:51:20.152326,Malviya Nagar,2388.65,487.49,90.5
2026-08-28 16:51:20.152326,Malviya Nagar,2086.81,370.57,81.7
2026-08-28 17:51:20.152326,Malviya Nagar,1979.49,234.29,83.1
2026-08-28 18:51:20.152326,Malviya Nagar,1866.91,135.01,82.5
2026-08-28 19:51:20.152326,Malviya Nagar,1006.14,64.83,44.8
2026-08-28 20:51:20.152326,Malviya Nagar,986.48,23.93,45.8
2026-08-28 21:51:20.152326,Malviya Nagar,1107.45,8.2,52.3
2026-08-28 22:51:20.152326,Malviya Nagar,958.68,3.22,45.5
2026-08-28 23:51:20.152326,Malviya Nagar,1163.74,1.1,55.4
2026-08-29 00:51:20.152326,Malviya Nagar,998.22,0.01,47.5
2026-08-29 01:51:20.152326,Malviya Nagar,1155.43,0.04,55.0
2026-08-29 02:51:20.152326,Malviya Nagar,891.52,0.21,42.4
2026-08-29 03:51:20.152326,Malviya Nagar,1141.45,0.92,54.3
2026-08-29 04:51:20.152326,Malviya Nagar,1058.8,2.34,50.3
2026-08-29 05:51:20.152326,Malviya Nagar,1062.0,6.87,50.2
2026-08-29 06:51:20.152326,Malviya Nagar,1046.46,22.23,48.8
2026-08-29 07:51:20.152326,Malviya Nagar,925.19,52.95,41.5
2026-08-29 08:51:20.152326,Malviya Nagar,1839.22,86.31,83.5
2026-08-29 09:51:20.152326,Malviya Nagar,1873.68,183.06,80.5
2026-08-29 10:51:20.152326,Malviya Nagar,2222.83,228.59,95.0
2026-08-29 11:51:20.152326,Malviya Nagar,2072.33,328.63,83.0
2026-08-29 12:51:20.152326,Malviya Nagar,2193.18,499.63,80.6
2026-08-29 13:51:20.152326,Malviya Nagar,2149.49,439.89,81.4
2026-08-29 14:51:20.152326,Malviya Nagar,2313.21,410.76,90.6
2026-08-29 15:51:20.152326,Malviya Nagar,2071.25,352.54,81.8
2026-08-29 16:51:20.152326,Malviya Nagar,2028.78,249.27,84.7
2026-08-29 17:51:20.152326,Malviya Nagar,2008.47,174.33,87.3
2026-08-29 18:51:20.152326,Malviya Nagar,2133.61,85.36,97.5
2026-08-29 19:51:20.152326,Malviya Nagar,1025.0,45.91,46.6
2026-08-29 20:51:20.152326,Malviya Nagar,1024.19,21.37,47.8
2026-08-29 21:51:20.152326,Malviya Nagar,1018.42,7.67,48.1
2026-08-29 22:51:20.152326,Malviya Nagar,1062.22,2.54,50.5
2026-08-29 23:51:20.152326,Malviya Nagar,1039.08,0.79,49.4
2026-08-30 00:51:20.152326,Malviya Nagar,1092.79,0.01,52.0
2026-08-30 01:51:20.152326,Malviya Nagar,1052.45,0.05,50.1
2026-08-30 02:51:20.152326,Malviya Nagar,1039.79,0.21,49.5
2026-08-30 03:51:20.152326,Malviya Nagar,1144.35,0.8,54.5
2026-08-30 04:51:20.152326,Malviya Nagar,1101.2,2.76,52.3
2026-08-30 05:51:20.152326,Malviya Nagar,1056.23,8.96,49.9
2026-08-30 06:51:20.152326,Malviya Nagar,1008.71,17.86,47.2
2026-08-30 07:51:20.152326,Malviya Nagar,1212.34,39.69,55.8
2026-08-30 08:51:20.152326,Malviya Nagar,1938.37,89.16,88.1
2026-08-30 09:51:20.152326,Malviya Nagar,2252.39,171.78,99.1
2026-08-30 10:51:20.152326,Malviya Nagar,1965.75,216.5,83.3
2026-08-30 11:51:20.152326,Malviya Nagar,2094.42,340.7,83.5
2026-08-30 12:51:20.152326,Malviya Nagar,1964.2,454.24,71.9
2026-08-30 13:51:20.152326,Malviya Nagar,2063.58,423.67,78.1
2026-08-30 14:51:20.152326,Malviya Nagar,2357.11,475.56,89.6
2026-08-30 15:51:20.152326,Malviya Nagar,2142.88,348.29,85.5
2026-08-30 16:51:20.152326,Malviya Nagar,2167.6,262.14,90.7
2026-08-30 17:51:20.152326,Malviya Nagar,2061.95,146.33,91.2
2026-08-30 18:51:20.152326,Malviya Nagar,2129.07,90.75,97.1
2026-08-30 19:51:20.152326,Malviya Nagar,1121.84,52.39,50.9
2026-08-30 20:51:20.152326,Malviya Nagar,1036.28,21.91,48.3
2026-08-30 21:51:20.152326,Malviya Nagar,981.55,7.06,46.4
2026-08-30 22:51:20.152326,Malviya Nagar,1029.74,3.06,48.9
2026-08-30 23:51:20.152326,Malviya Nagar,1117.74,0.77,53.2
2026-08-31 00:51:20.152326,Malviya Nagar,1044.74,0.01,49.7
2026-08-31 01:51:20.152326,Malviya Nagar,1117.91,0.06,53.2
2026-08-31 02:51:20.152326,Malviya Nagar,958.12,0.27,45.6
2026-08-31 03:51:20.152326,Malviya Nagar,974.27,1.15,46.3
2026-08-31 04:51:20.152326,Malviya Nagar,1036.6,4.03,49.2
2026-08-31 05:51:20.152326,Malviya Nagar,1048.61,12.81,49.3
2026-08-31 06:51:20.152326,Malviya Nagar,1108.58,22.33,51.7
2026-08-31 07:51:20.152326,Malviya Nagar,1056.77,71.62,46.9
2026-08-31 08:51:20.152326,Malviya Nagar,2251.54,122.92,101.4
2026-08-31 09:51:20.152326,Malviya Nagar,2136.3,262.06,89.2
2026-08-31 10:51:20.152326,Malviya Nagar,2121.78,330.02,85.3
2026-08-31 11:51:20.152326,Malviya Nagar,2031.32,533.95,71.3
2026-08-31 12:51:20.152326,Malviya Nagar,2145.93,577.85,74.7
2026-08-31 13:51:20.152326,Malviya Nagar,2437.41,588.72,88.0
2026-08-31 14:51:20.152326,Malviya Nagar,1957.67,566.79,66.2
2026-08-31 15:51:20.152326,Malviya Nagar,2096.07,427.37,79.5
2026-08-31 16:51:20.152326,Malviya Nagar,1887.78,378.11,71.9
2026-08-31 17:51:20.152326,Malviya Nagar,2098.41,230.09,89.0
2026-08-31 18:51:20.152326,Malviya Nagar,2297.09,128.31,103.3
2026-08-31 19:51:20.152326,Malviya Nagar,1009.12,64.82,45.0
2026-08-31 20:51:20.152326,Malviya Nagar,988.16,28.87,45.7
2026-08-31 21:51:20.152326,Malviya Nagar,1093.2,11.33,51.5
2026-08-31 22:51:20.152326,Malviya Nagar,1064.01,3.42,50.5
2026-08-31 23:51:20.152326,Malviya Nagar,1077.98,0.97,51.3
2026-09-01 00:51:20.152326,Malviya Nagar,1011.22,0.01,48.2
2026-09-01 01:51:20.152326,Malviya Nagar,1021.81,0.07,48.7
2026-09-01 02:51:20.152326,Malviya Nagar,1098.16,0.31,52.3
2026-09-01 03:51:20.152326,Malviya Nagar,924.68,1.05,44.0
2026-09-01 04:51:20.152326,Malviya Nagar,1030.25,3.31,48.9
2026-09-01 05:51:20.152326,Malviya Nagar,1077.18,10.02,50.8
2026-09-01 06:51:20.152326,Malviya Nagar,1052.52,29.0,48.7
2026-09-01 07:51:20.152326,Malviya Nagar,1101.51,70.33,49.1
2026-09-01 08:51:20.152326,Malviya Nagar,2169.57,115.43,97.8
2026-09-01 09:51:20.152326,Malviya Nagar,2111.07,228.86,89.6
2026-09-01 10:51:20.152326,Malviya Nagar,2077.54,381.77,80.8
2026-09-01 11:51:20.152326,Malviya Nagar,1927.87,481.76,68.9
2026-09-01 12:51:20.152326,Malviya Nagar,2085.84,605.76,70.5
2026-09-01 13:51:20.152326,Malviya Nagar,1876.3,656.4,58.1
2026-09-01 14:51:20.152326,Malviya Nagar,1964.11,575.96,66.1
2026-09-01 15:51:20.152326,Malviya Nagar,1875.05,496.8,65.6
2026-09-01 16:51:20.152326,Malviya Nagar,2155.9,314.96,87.7
2026-09-01 17:51:20.152326,Malviya Nagar,1987.69,194.86,85.4
2026-09-01 18:51:20.152326,Malviya Nagar,2190.44,124.88,98.4
2026-09-01 19:51:20.152326,Malviya Nagar,1083.8,71.06,48.2
2026-09-01 20:51:20.152326,Malviya Nagar,968.89,27.73,44.8
2026-09-01 21:51:20.152326,Malviya Nagar,1055.84,11.49,49.7
2026-09-01 22:51:20.152326,Malviya Nagar,1123.0,3.82,53.3
2026-09-01 23:51:20.152326,Malviya Nagar,1064.99,1.02,50.7
2026-09-02 00:51:20.152326,Malviya Nagar,1174.48,0.01,55.9
2026-09-02 01:51:20.152326,Malviya Nagar,1102.28,0.07,52.5
2026-09-02 02:51:20.152326,Malviya Nagar,997.49,0.29,47.5
2026-09-02 03:51:20.152326,Malviya Nagar,1062.59,1.08,50.5
2026-09-02 04:51:20.152326,Malviya Nagar,1045.49,3.07,49.6
2026-09-02 05:51:20.152326,Malviya Nagar,979.13,9.09,46.2
2026-09-02 06:51:20.152326,Malviya Nagar,1033.22,27.05,47.9
2026-09-02 07:51:20.152326,Malviya Nagar,989.32,68.95,43.8
2026-09-02 08:51:20.152326,Malviya Nagar,1964.9,111.15,88.3
2026-09-02 09:51:20.152326,Malviya Nagar,2283.36,219.76,98.3
2026-09-02 10:51:20.152326,Malviya Nagar,1976.51,384.83,75.8
2026-09-02 11:51:20.152326,Malviya Nagar,2077.69,532.05,73.6
2026-09-02 12:51:20.152326,Malviya Nagar,2028.14,634.76,66.4
2026-09-02 13:51:20.152326,Malviya Nagar,2112.36,610.32,71.5
2026-09-02 14:51:20.152326,Malviya Nagar,2228.42,585.44,78.2
2026-09-02 15:51:20.152326,Malviya Nagar,2256.64,531.24,82.2
2026-09-02 16:51:20.152326,Malviya Nagar,2124.36,380.64,83.0
2026-09-02 17:51:20.152326,Malviya Nagar,2148.44,247.35,90.5
2026-09-02 18:51:20.152326,Malviya Nagar,1943.71,121.02,86.8
2026-09-02 19:51:20.152326,Malviya Nagar,1070.22,64.16,47.9
2026-09-02 20:51:20.152326,Malviya Nagar,1126.99,24.77,52.5
2026-09-02 21:51:20.152326,Malviya Nagar,935.17,9.04,44.1
2026-09-02 22:51:20.152326,Malviya Nagar,997.7,2.86,47.4
2026-09-02 23:51:20.152326,Malviya Nagar,1027.36,1.16,48.9
2026-09-03 00:51:20.152326,Malviya Nagar,1045.96,0.02,49.8
2026-09-03 01:51:20.152326,Malviya Nagar,1143.99,0.07,54.5
2026-09-03 02:51:20.152326,Malviya Nagar,1044.26,0.22,49.7
2026-09-03 03:51:20.152326,Malviya Nagar,1041.09,0.93,49.5
2026-09-03 04:51:20.152326,Malviya Nagar,1135.6,4.06,53.9
2026-09-03 05:51:20.152326,Malviya Nagar,1147.91,10.29,54.2
2026-09-03 06:51:20.152326,Malviya Nagar,996.89,26.84,46.2
2026-09-03 07:51:20.152326,Malviya Nagar,1083.16,58.57,48.8
2026-09-03 08:51:20.152326,Malviya Nagar,2049.77,108.56,92.4
2026-09-03 09:51:20.152326,Malviya Nagar,2024.64,208.96,86.5
2026-09-03 10:51:20.152326,Malviya Nagar,1989.16,309.11,80.0
2026-09-03 11:51:20.152326,Malviya Nagar,2170.43,464.55,81.2
2026-09-03 12:51:20.152326,Malviya Nagar,2233.74,491.29,83.0
2026-09-03 13:51:20.152326,Malviya Nagar,2127.71,581.79,73.6
2026-09-03 14:51:20.152326,Malviya Nagar,2119.82,577.71,73.4
2026-09-03 15:51:20.152326,Malviya Nagar,2214.83,380.44,87.4
2026-09-03 16:51:20.152326,Malviya Nagar,1915.55,329.1,75.5
2026-09-03 17:51:20.152326,Malviya Nagar,2291.24,181.54,100.5
2026-09-03 18:51:20.152326,Malviya Nagar,2017.8,131.05,89.8
2026-09-03 19:51:20.152326,Malviya Nagar,1071.76,62.31,48.1
2026-09-03 20:51:20.152326,Malviya Nagar,1051.23,26.86,48.8
2026-09-03 21:51:20.152326,Malviya Nagar,1144.43,10.2,54.0
2026-09-03 22:51:20.152326,Malviya Nagar,1098.93,3.66,52.2
2026-09-03 23:51:20.152326,Malviya Nagar,1087.49,1.01,51.7
2026-09-04 00:51:20.152326,Malviya Nagar,1049.8,0.01,50.0
2026-09-04 01:51:20.152326,Malviya Nagar,1188.83,0.07,56.6
2026-09-04 02:51:20.152326,Malviya Nagar,1148.39,0.29,54.7
2026-09-04 03:51:20.152326,Malviya Nagar,870.69,1.19,41.4
2026-09-04 04:51:20.152326,Malviya Nagar,1056.17,3.56,50.1
2026-09-04 05:51:20.152326,Malviya Nagar,1089.57,11.91,51.3
2026-09-04 06:51:20.152326,Malviya Nagar,1034.15,23.61,48.1
2026-09-04 07:51:20.152326,Malviya Nagar,1026.34,54.96,46.3
2026-09-04 08:51:20.152326,Malviya Nagar,2169.6,118.8,97.7
2026-09-04 09:51:20.152326,Malviya Nagar,2185.33,210.89,94.0
2026-09-04 10:51:20.152326,Malviya Nagar,2092.27,337.31,83.6
2026-09-04 11:51:20.152326,Malviya Nagar,2054.93,478.87,75.1
2026-09-04 12:51:20.152326,Malviya Nagar,2053.4,639.57,67.3
2026-09-04 13:51:20.152326,Malviya Nagar,2026.27,613.31,67.3
2026-09-04 14:51:20.152326,Malviya Nagar,2161.7,629.03,73.0
2026-09-04 15:51:20.152326,Malviya Nagar,2123.41,458.02,79.3
2026-09-04 16:51:20.152326,Malviya Nagar,2044.27,356.89,80.4
2026-09-04 17:51:20.152326,Malviya Nagar,2111.89,246.06,88.8
2026-09-04 18:51:20.152326,Malviya Nagar,2296.37,100.15,104.6
2026-09-04 19:51:20.152326,Malviya Nagar,1063.69,70.63,47.3
2026-09-04 20:51:20.152326,Malviya Nagar,1114.08,28.78,51.7
2026-09-04 21:51:20.152326,Malviya Nagar,983.89,11.46,46.3
2026-09-04 22:51:20.152326,Malviya Nagar,1096.17,3.15,52.0
2026-09-04 23:51:20.152326,Malviya Nagar,1012.97,1.31,48.2
2026-09-05 00:51:20.152326,Malviya Nagar,954.41,0.01,45.4
2026-09-05 01:51:20.152326,Malviya Nagar,992.42,0.05,47.3
2026-09-05 02:51:20.152326,Malviya Nagar,1084.9,0.21,51.7
2026-09-05 03:51:20.152326,Malviya Nagar,1022.62,0.78,48.7
2026-09-05 04:51:20.152326,Malviya Nagar,1042.55,2.37,49.5
2026-09-05 05:51:20.152326,Malviya Nagar,1082.4,7.96,51.2
2026-09-05 06:51:20.152326,Malviya Nagar,1089.6,19.6,51.0
2026-09-05 07:51:20.152326,Malviya Nagar,1123.01,47.86,51.2
2026-09-05 08:51:20.152326,Malviya Nagar,1998.79,100.45,90.4
2026-09-05 09:51:20.152326,Malviya Nagar,2097.73,196.77,90.5
2026-09-05 10:51:20.152326,Malviya Nagar,2032.28,215.05,86.5
2026-09-05 11:51:20.152326,Malviya Nagar,1981.15,332.62,78.5
2026-09-05 12:51:20.152326,Malviya Nagar,2220.45,425.97,85.5
2026-09-05 13:51:20.152326,Malviya Nagar,2094.98,485.89,76.6
2026-09-05 14:51:20.152326,Malviya Nagar,2197.07,295.9,90.5
2026-09-05 15:51:20.152326,Malviya Nagar,2368.84,350.82,96.1
2026-09-05 16:51:20.152326,Malviya Nagar,2027.81,237.0,85.3
2026-09-05 17:51:20.152326,Malviya Nagar,2247.72,159.79,99.4
2026-09-05 18:51:20.152326,Malviya Nagar,2119.19,92.34,96.5
2026-09-05 19:51:20.152326,Malviya Nagar,976.15,42.21,44.5
2026-09-05 20:51:20.152326,Malviya Nagar,1073.51,22.88,50.0
2026-09-05 21:51:20.152326,Malviya Nagar,964.78,8.14,45.6
2026-09-05 22:51:20.152326,Malviya Nagar,930.67,2.5,44.2
2026-09-05 23:51:20.152326,Malviya Nagar,1034.69,0.68,49.2
2026-09-06 00:51:20.152326,Malviya Nagar,1007.95,0.01,48.0
2026-09-06 01:51:20.152326,Malviya Nagar,1004.91,0.05,47.9
2026-09-06 02:51:20.152326,Malviya Nagar,1020.14,0.24,48.6
2026-09-06 03:51:20.152326,Malviya Nagar,1098.8,0.81,52.3
2026-09-06 04:51:20.152326,Malviya Nagar,986.44,2.74,46.8
2026-09-06 05:51:20.152326,Malviya Nagar,1073.4,9.07,50.7
2026-09-06 06:51:20.152326,Malviya Nagar,1153.53,22.41,53.9
2026-09-06 07:51:20.152326,Malviya Nagar,1119.05,41.84,51.3
2026-09-06 08:51:20.152326,Malviya Nagar,2040.52,101.52,92.3
2026-09-06 09:51:20.152326,Malviya Nagar,2061.6,177.52,89.7
2026-09-06 10:51:20.152326,Malviya Nagar,2131.0,283.02,88.0
2026-09-06 11:51:20.152326,Malviya Nagar,2125.6,355.14,84.3
2026-09-06 12:51:20.152326,Malviya Nagar,2032.13,461.94,74.8
2026-09-06 13:51:20.152326,Malviya Nagar,2160.75,528.03,77.7
2026-09-06 14:51:20.152326,Malviya Nagar,2413.5,481.23,92.0
2026-09-06 15:51:20.152326,Malviya Nagar,1976.77,330.9,78.4
2026-09-06 16:51:20.152326,Malviya Nagar,2298.12,223.37,98.8
2026-09-06 17:51:20.152326,Malviya Nagar,2114.72,179.34,92.2
2026-09-06 18:51:20.152326,Malviya Nagar,1951.05,72.95,89.4
2026-09-06 19:51:20.152326,Malviya Nagar,1083.65,51.28,49.2
2026-09-06 20:51:20.152326,Malviya Nagar,1069.63,20.46,50.0
2026-09-06 21:51:20.152326,Malviya Nagar,1111.82,7.8,52.6
2026-09-06 22:51:20.152326,Malviya Nagar,1188.78,2.37,56.5
2026-09-06 23:51:20.152326,Malviya Nagar,1025.58,0.81,48.8
2026-09-07 00:51:20.152326,Malviya Nagar,1074.34,0.01,51.2
2026-09-07 01:51:20.152326,Malviya Nagar,1092.69,0.06,52.0
2026-09-07 02:51:20.152326,Malviya Nagar,1057.76,0.31,50.4
2026-09-07 03:51:20.152326,Malviya Nagar,1091.03,1.09,51.9
2026-09-07 04:51:20.152326,Malviya Nagar,967.73,3.8,45.9
2026-09-07 05:51:20.152326,Malviya Nagar,1040.7,11.87,49.0
2026-09-07 06:51:20.152326,Malviya Nagar,1017.89,24.77,47.3
2026-09-07 07:51:20.152326,Malviya Nagar,1140.26,61.04,51.4
2026-09-07 08:51:20.152326,Malviya Nagar,2125.51,131.83,94.9
2026-09-07 09:51:20.152326,Malviya Nagar,2107.37,203.93,90.6
2026-09-07 10:51:20.152326,Malviya Nagar,2186.07,375.35,86.2
2026-09-07 11:51:20.152326,Malviya Nagar,2199.76,421.36,84.7
2026-09-07 12:51:20.152326,Malviya Nagar,2227.14,552.59,79.7
2026-09-07 13:51:20.152326,Malviya Nagar,2116.81,669.52,68.9
2026-09-07 14:51:20.152326,Malviya Nagar,1898.76,645.4,59.7
2026-09-07 15:51:20.152326,Malviya Nagar,2138.37,448.92,80.5
2026-09-07 16:51:20.152326,Malviya Nagar,2262.89,356.3,90.8
2026-09-07 17:51:20.152326,Malviya Nagar,2100.7,254.46,87.9
2026-09-07 18:51:20.152326,Malviya Nagar,1978.26,114.6,88.7
2026-09-07 19:51:20.152326,Malviya Nagar,1063.64,65.45,47.5
2026-09-07 20:51:20.152326,Malviya Nagar,987.95,27.62,45.7
2026-09-07 21:51:20.152326,Malviya Nagar,1084.65,11.65,51.1
2026-09-07 22:51:20.152326,Malviya Nagar,1096.85,3.62,52.1
2026-09-07 23:51:20.152326,Malviya Nagar,1055.71,0.91,50.2
2026-09-08 00:51:20.152326,Malviya Nagar,1105.61,0.01,52.6
2026-09-08 01:51:20.152326,Malviya Nagar,1157.37,0.06,55.1
2026-09-08 02:51:20.152326,Malviya Nagar,1146.82,0.3,54.6
2026-09-08 03:51:20.152326,Malviya Nagar,1038.04,1.1,49.4
2026-09-08 04:51:20.152326,Malviya Nagar,1006.8,3.96,47.8
2026-09-08 05:51:20.152326,Malviya Nagar,1180.38,9.6,55.8
2026-09-08 06:51:20.152326,Malviya Nagar,1170.8,26.2,54.5
2026-09-08 07:51:20.152326,Malviya Nagar,1024.56,54.83,46.2
2026-09-08 08:51:20.152326,Malviya Nagar,2349.97,144.85,105.0
2026-09-08 09:51:20.152326,Malviya Nagar,2211.48,196.07,96.0
2026-09-08 10:51:20.152326,Malviya Nagar,2353.4,391.26,93.4
2026-09-08 11:51:20.152326,Malviya Nagar,2182.12,563.78,77.1
2026-09-08 12:51:20.152326,Malviya Nagar,2482.27,547.91,92.1
2026-09-08 13:51:20.152326,Malviya Nagar,2264.65,522.23,83.0
2026-09-08 14:51:20.152326,Malviya Nagar,1999.49,718.47,61.0
2026-09-08 15:51:20.152326,Malviya Nagar,2216.24,474.72,82.9
2026-09-08 16:51:20.152326,Malviya Nagar,2186.49,391.83,85.5
2026-09-08 17:51:20.152326,Malviya Nagar,2247.15,219.84,96.5
2026-09-08 18:51:20.152326,Malviya Nagar,2065.48,112.13,93.0
2026-09-08 19:51:20.152326,Malviya Nagar,930.01,55.75,41.6
2026-09-08 20:51:20.152326,Malviya Nagar,1061.32,31.44,49.0
2026-09-08 21:51:20.152326,Malviya Nagar,1035.04,12.54,48.7
2026-09-08 22:51:20.152326,Malviya Nagar,1153.34,3.47,54.8
2026-09-08 23:51:20.152326,Malviya Nagar,1007.43,1.06,47.9
2026-09-09 00:51:20.152326,Malviya Nagar,1115.86,0.01,53.1
2026-09-09 01:51:20.152326,Malviya Nagar,1109.64,0.07,52.8
2026-09-09 02:51:20.152326,Malviya Nagar,1054.1,0.27,50.2
2026-09-09 03:51:20.152326,Malviya Nagar,1126.3,0.92,53.6
2026-09-09 04:51:20.152326,Malviya Nagar,1034.34,3.45,49.1
2026-09-09 05:51:20.152326,Malviya Nagar,1094.28,9.43,51.7
2026-09-09 06:51:20.152326,Malviya Nagar,947.15,27.3,43.8
2026-09-09 07:51:20.152326,Malviya Nagar,1096.91,67.41,49.0
2026-09-09 08:51:20.152326,Malviya Nagar,1831.54,113.68,81.8
2026-09-09 09:51:20.152326,Malviya Nagar,2056.53,173.74,89.7
2026-09-09 10:51:20.152326,Malviya Nagar,2220.96,413.16,86.1
2026-09-09 11:51:20.152326,Malviya Nagar,2184.75,460.61,82.1
2026-09-09 12:51:20.152326,Malviya Nagar,2084.35,554.18,72.9
2026-09-09 13:51:20.152326,Malviya Nagar,2263.42,681.23,75.3
2026-09-09 14:51:20.152326,Malviya Nagar,2149.67,539.09,76.7
2026-09-09 15:51:20.152326,Malviya Nagar,2217.09,437.27,84.8
2026-09-09 16:51:20.152326,Malviya Nagar,2314.83,341.47,94.0
2026-09-09 17:51:20.152326,Malviya Nagar,2325.38,222.85,100.1
2026-09-09 18:51:20.152326,Malviya Nagar,1944.53,109.33,87.4
2026-09-09 19:51:20.152326,Malviya Nagar,1003.03,54.99,45.1
2026-09-09 20:51:20.152326,Malviya Nagar,1066.77,33.56,49.2
2026-09-09 21:51:20.152326,Malviya Nagar,1091.83,12.42,51.4
2026-09-09 22:51:20.152326,Malviya Nagar,963.65,3.22,45.7
2026-09-09 23:51:20.152326,Malviya Nagar,1037.15,1.03,49.3
2026-09-10 00:51:20.152326,Malviya Nagar,1111.24,0.02,52.9
2026-09-10 01:51:20.152326,Malviya Nagar,1021.69,0.06,48.6
2026-09-10 02:51:20.152326,Malviya Nagar,1182.28,0.28,56.3
2026-09-10 03:51:20.152326,Malviya Nagar,1059.98,1.03,50.4
2026-09-10 04:51:20.152326,Malviya Nagar,990.69,3.28,47.0
2026-09-10 05:51:20.152326,Malviya Nagar,1153.7,9.82,54.5
2026-09-10 06:51:20.152326,Malviya Nagar,1129.23,24.66,52.6
2026-09-10 07:51:20.152326,Malviya Nagar,1019.88,55.28,45.9
2026-09-10 08:51:20.152326,Malviya Nagar,2109.72,132.45,94.2
2026-09-10 09:51:20.152326,Malviya Nagar,2173.19,217.22,93.1
2026-09-10 10:51:20.152326,Malviya Nagar,2219.54,363.67,88.4
2026-09-10 11:51:20.152326,Malviya Nagar,1943.61,506.14,68.5
2026-09-10 12:51:20.152326,Malviya Nagar,2156.8,425.28,82.5
2026-09-10 13:51:20.152326,Malviya Nagar,2273.96,582.83,80.5
2026-09-10 14:51:20.152326,Malviya Nagar,2283.96,622.89,79.1
2026-09-10 15:51:20.152326,Malviya Nagar,2172.03,442.57,82.4
2026-09-10 16:51:20.152326,Malviya Nagar,2182.04,380.38,85.8
2026-09-10 17:51:20.152326,Malviya Nagar,2123.54,203.61,91.4
2026-09-10 18:51:20.152326,Malviya Nagar,2095.26,137.37,93.2
2026-09-10 19:51:20.152326,Malviya Nagar,1134.56,70.93,50.6
2026-09-10 20:51:20.152326,Malviya Nagar,991.84,28.47,45.9
2026-09-10 21:51:20.152326,Malviya Nagar,1081.31,9.49,51.0
2026-09-10 22:51:20.152326,Malviya Nagar,1041.94,3.78,49.4
2026-09-10 23:51:20.152326,Malviya Nagar,1039.11,1.15,49.4
2026-09-11 00:51:20.152326,Malviya Nagar,1066.83,0.01,50.8
2026-09-11 01:51:20.152326,Malviya Nagar,1031.8,0.06,49.1
2026-09-11 02:51:20.152326,Malviya Nagar,1043.49,0.29,49.7
2026-09-11 03:51:20.152326,Malviya Nagar,1145.93,1.02,54.5
2026-09-11 04:51:20.152326,Malviya Nagar,997.18,3.91,47.3
2026-09-11 05:51:20.152326,Malviya Nagar,1110.1,9.63,52.4
2026-09-11 06:51:20.152326,Malviya Nagar,1093.18,23.46,50.9
2026-09-11 07:51:20.152326,Malviya Nagar,1081.32,61.81,48.5
2026-09-11 08:51:20.152326,Malviya Nagar,2201.69,139.93,98.2
2026-09-11 09:51:20.152326,Malviya Nagar,1919.38,262.22,78.9
2026-09-11 10:51:20.152326,Malviya Nagar,2051.85,337.89,81.6
2026-09-11 11:51:20.152326,Malviya Nagar,2089.64,417.47,79.6
2026-09-11 12:51:20.152326,Malviya Nagar,2076.05,563.44,72.0
2026-09-11 13:51:20.152326,Malviya Nagar,2064.38,584.79,70.5
2026-09-11 14:51:20.152326,Malviya Nagar,2118.88,514.34,76.4
2026-09-11 15:51:20.152326,Malviya Nagar,2312.19,486.49,86.9
2026-09-11 16:51:20.152326,Malviya Nagar,2017.58,325.89,80.6
2026-09-11 17:51:20.152326,Malviya Nagar,2091.84,240.88,88.1
2026-09-11 18:51:20.152326,Malviya Nagar,2230.62,131.8,99.9
2026-09-11 19:51:20.152326,Malviya Nagar,1101.74,60.86,49.6
2026-09-11 20:51:20.152326,Malviya Nagar,1030.15,22.68,48.0
2026-09-11 21:51:20.152326,Malviya Nagar,1084.79,9.8,51.2
2026-09-11 22:51:20.152326,Malviya Nagar,1096.98,3.82,52.1
2026-09-11 23:51:20.152326,Malviya Nagar,986.43,1.11,46.9
2026-09-12 00:51:20.152326,Malviya Nagar,1147.79,0.01,54.7
2026-09-12 01:51:20.152326,Malviya Nagar,1004.25,0.04,47.8
2026-09-12 02:51:20.152326,Malviya Nagar,927.94,0.19,44.2
2026-09-12 03:51:20.152326,Malviya Nagar,1165.75,0.83,55.5
2026-09-12 04:51:20.152326,Malviya Nagar,915.55,2.64,43.5
2026-09-12 05:51:20.152326,Malviya Nagar,1030.83,7.69,48.7
2026-09-12 06:51:20.152326,Malviya Nagar,1081.05,24.48,50.3
2026-09-12 07:51:20.152326,Malviya Nagar,879.68,49.35,39.5
2026-09-12 08:51:20.152326,Malviya Nagar,1955.32,79.66,89.3
2026-09-12 09:51:20.152326,Malviya Nagar,2072.32,170.35,90.6
2026-09-12 10:51:20.152326,Malviya Nagar,2119.62,282.43,87.5
2026-09-12 11:51:20.152326,Malviya Nagar,2368.94,354.95,95.9
2026-09-12 12:51:20.152326,Malviya Nagar,2204.46,378.49,87.0
2026-09-12 13:51:20.152326,Malviya Nagar,2040.29,477.94,74.4
2026-09-12 14:51:20.152326,Malviya Nagar,2094.84,364.17,82.4
2026-09-12 15:51:20.152326,Malviya Nagar,2209.13,354.66,88.3
2026-09-12 16:51:20.152326,Malviya Nagar,2298.29,281.67,96.0
2026-09-12 17:51:20.152326,Malviya Nagar,2004.75,160.01,87.8
2026-09-12 18:51:20.152326,Malviya Nagar,2160.68,96.17,98.3
2026-09-12 19:51:20.152326,Malviya Nagar,1168.0,48.35,53.3
2026-09-12 20:51:20.152326,Malviya Nagar,1136.08,21.48,53.1
2026-09-12 21:51:20.152326,Malviya Nagar,915.26,8.53,43.2
2026-09-12 22:51:20.152326,Malviya Nagar,1085.41,2.72,51.6
2026-09-12 23:51:20.152326,Malviya Nagar,956.74,0.76,45.5
2026-09-13 00:51:20.152326,Malviya Nagar,1151.01,0.01,54.8
2026-09-13 01:51:20.152326,Malviya Nagar,1022.3,0.04,48.7
2026-09-13 02:51:20.152326,Malviya Nagar,1087.96,0.26,51.8
2026-09-13 03:51:20.152326,Malviya Nagar,1074.04,0.88,51.1
2026-09-13 04:51:20.152326,Malviya Nagar,962.77,2.59,45.7
2026-09-13 05:51:20.152326,Malviya Nagar,1033.48,8.33,48.8
2026-09-13 06:51:20.152326,Malviya Nagar,1158.23,22.02,54.1
2026-09-13 07:51:20.152326,Malviya Nagar,1059.38,45.15,48.3
2026-09-13 08:51:20.152326,Malviya Nagar,2114.98,107.19,95.6
2026-09-13 09:51:20.152326,Malviya Nagar,2191.2,156.27,96.9
2026-09-13 10:51:20.152326,Malviya Nagar,2015.44,237.68,84.7
2026-09-13 11:51:20.152326,Malviya Nagar,2009.96,387.1,77.3
2026-09-13 12:51:20.152326,Malviya Nagar,2044.99,375.9,79.5
2026-09-13 13:51:20.152326,Malviya Nagar,1950.02,444.37,71.7
2026-09-13 14:51:20.152326,Malviya Nagar,2390.74,519.13,89.1
2026-09-13 15:51:20.152326,Malviya Nagar,2245.11,272.34,93.9
2026-09-13 16:51:20.152326,Malviya Nagar,2161.35,241.89,91.4
2026-09-13 17:51:20.152326,Malviya Nagar,2066.37,133.07,92.1
2026-09-13 18:51:20.152326,Malviya Nagar,2074.08,94.04,94.3
2026-09-13 19:51:20.152326,Malviya Nagar,963.68,42.5,43.9
2026-09-13 20:51:20.152326,Malviya Nagar,1029.83,19.32,48.1
2026-09-13 21:51:20.152326,Malviya Nagar,1007.8,7.1,47.7
2026-09-13 22:51:20.152326,Malviya Nagar,948.78,2.45,45.1
2026-09-13 23:51:20.152326,Malviya Nagar,1102.64,0.76,52.5
2026-09-14 00:51:20.152326,Malviya Nagar,1043.86,0.01,49.7
2026-09-14 01:51:20.152326,Malviya Nagar,1136.34,0.06,54.1
2026-09-14 02:51:20.152326,Malviya Nagar,1055.47,0.26,50.2
2026-09-14 03:51:20.152326,Malviya Nagar,1131.95,1.03,53.9
2026-09-14 04:51:20.152326,Malviya Nagar,983.31,3.46,46.7
2026-09-14 05:51:20.152326,Malviya Nagar,1052.33,10.64,49.6
2026-09-14 06:51:20.152326,Malviya Nagar,976.17,23.98,45.3
2026-09-14 07:51:20.152326,Malviya Nagar,1092.55,61.75,49.1
2026-09-14 08:51:20.152326,Malviya Nagar,2069.41,101.61,93.7
2026-09-14 09:51:20.152326,Malviya Nagar,2080.81,231.89,88.0
2026-09-14 10:51:20.152326,Malviya Nagar,2002.56,380.36,77.2
2026-09-14 11:51:20.152326,Malviya Nagar,2154.67,437.0,81.8
2026-09-14 12:51:20.152326,Malviya Nagar,1871.3,536.63,63.6
2026-09-14 13:51:20.152326,Malviya Nagar,2038.46,681.09,64.6
2026-09-14 14:51:20.152326,Malviya Nagar,2044.24,505.99,73.2
2026-09-14 15:51:20.152326,Malviya Nagar,2030.2,452.22,75.1
2026-09-14 16:51:20.152326,Malviya Nagar,2305.86,305.89,95.2
2026-09-14 17:51:20.152326,Malviya Nagar,2014.45,209.38,86.0
2026-09-14 18:51:20.152326,Malviya Nagar,2017.3,125.35,90.1
2026-09-14 19:51:20.152326,Malviya Nagar,1064.38,51.57,48.2
2026-09-14 20:51:20.152326,Malviya Nagar,1181.67,26.25,55.0
2026-09-14 21:51:20.152326,Malviya Nagar,929.0,9.95,43.8
2026-09-14 22:51:20.152326,Malviya Nagar,1070.32,3.9,50.8
2026-09-14 23:51:20.152326,Malviya Nagar,1069.75,1.07,50.9
2026-09-15 00:51:20.152326,Malviya Nagar,1031.69,0.01,49.1
2026-09-15 01:51:20.152326,Malviya Nagar,1079.34,0.08,51.4
2026-09-15 02:51:20.152326,Malviya Nagar,1020.09,0.28,48.6
2026-09-15 03:51:20.152326,Malviya Nagar,993.63,0.96,47.3
2026-09-15 04:51:20.152326,Malviya Nagar,1012.2,3.75,48.0
2026-09-15 05:51:20.152326,Malviya Nagar,1125.08,12.48,53.0
2026-09-15 06:51:20.152326,Malviya Nagar,989.47,26.62,45.9
2026-09-15 07:51:20.152326,Malviya Nagar,1052.92,56.27,47.5
2026-09-15 08:51:20.152326,Malviya Nagar,2055.4,125.59,91.9
2026-09-15 09:51:20.152326,Malviya Nagar,1947.63,215.26,82.5
2026-09-15 10:51:20.152326,Malviya Nagar,2408.28,274.72,101.6
2026-09-15 11:51:20.152326,Malviya Nagar,2021.4,409.25,76.8
2026-09-15 12:51:20.152326,Malviya Nagar,2049.01,593.14,69.3
2026-09-15 13:51:20.152326,Malviya Nagar,2237.84,564.59,79.7
2026-09-15 14:51:20.152326,Malviya Nagar,2171.86,550.09,77.2
2026-09-15 15:51:20.152326,Malviya Nagar,2115.68,435.81,80.0
2026-09-15 16:51:20.152326,Malviya Nagar,1921.08,384.84,73.2
2026-09-15 17:51:20.152326,Malviya Nagar,2025.46,225.81,85.7
2026-09-15 18:51:20.152326,Malviya Nagar,2250.58,109.95,101.9
2026-09-15 19:51:20.152326,Malviya Nagar,1081.7,65.6,48.4
2026-09-15 20:51:20.152326,Malviya Nagar,1062.79,25.89,49.4
2026-09-15 21:51:20.152326,Malviya Nagar,1011.04,11.33,47.6
2026-09-15 22:51:20.152326,Malviya Nagar,1053.47,3.85,50.0
2026-09-15 23:51:20.152326,Malviya Nagar,1030.39,0.88,49.0
2026-09-16 00:51:20.152326,Malviya Nagar,1117.59,0.01,53.2
2026-09-16 01:51:20.152326,Malviya Nagar,1140.65,0.07,54.3
2026-09-16 02:51:20.152326,Malviya Nagar,938.09,0.26,44.7
2026-09-16 03:51:20.152326,Malviya Nagar,1039.39,0.95,49.4
2026-09-16 04:51:20.152326,Malviya Nagar,1090.78,3.41,51.8
2026-09-16 05:51:20.152326,Malviya Nagar,978.72,9.8,46.1
2026-09-16 06:51:20.152326,Malviya Nagar,1107.12,29.42,51.3
2026-09-16 07:51:20.152326,Malviya Nagar,1050.26,66.88,46.8
2026-09-16 08:51:20.152326,Malviya Nagar,2254.2,129.01,101.2
2026-09-16 09:51:20.152326,Malviya Nagar,1962.13,234.41,82.3
2026-09-16 10:51:20.152326,Malviya Nagar,2241.5,381.41,88.6
2026-09-16 11:51:20.152326,Malviya Nagar,2295.82,496.37,85.7
2026-09-16 12:51:20.152326,Malviya Nagar,2126.47,514.98,76.7
2026-09-16 13:51:20.152326,Malviya Nagar,1907.07,579.51,63.2
2026-09-16 14:51:20.152326,Malviya Nagar,1995.87,558.32,68.5
2026-09-16 15:51:20.152326,Malviya Nagar,2215.37,569.85,78.4
2026-09-16 16:51:20.152326,Malviya Nagar,2100.68,354.95,83.1
2026-09-16 17:51:20.152326,Malviya Nagar,2205.65,210.82,95.0
2026-09-16 18:51:20.152326,Malviya Nagar,2026.88,116.14,91.0
2026-09-16 19:51:20.152326,Malviya Nagar,1102.66,73.52,49.0
2026-09-16 20:51:20.152326,Malviya Nagar,992.57,30.79,45.8
2026-09-16 21:51:20.152326,Malviya Nagar,1110.9,9.71,52.4
2026-09-16 22:51:20.152326,Malviya Nagar,1055.29,3.11,50.1
2026-09-16 23:51:20.152326,Malviya Nagar,1068.29,0.99,50.8
2026-09-17 00:51:20.152326,Malviya Nagar,1193.37,0.01,56.8
2026-09-17 01:51:20.152326,Malviya Nagar,904.09,0.07,43.0
2026-09-17 02:51:20.152326,Malviya Nagar,992.36,0.27,47.2
2026-09-17 03:51:20.152326,Malviya Nagar,1105.23,0.97,52.6
2026-09-17 04:51:20.152326,Malviya Nagar,1042.51,3.29,49.5
2026-09-17 05:51:20.152326,Malviya Nagar,1104.16,9.99,52.1
2026-09-17 06:51:20.152326,Malviya Nagar,1089.84,27.2,50.6
2026-09-17 07:51:20.152326,Malviya Nagar,1084.14,58.95,48.8
2026-09-17 08:51:20.152326,Malviya Nagar,2186.44,113.12,98.7
2026-09-17 09:51:20.152326,Malviya Nagar,2237.86,201.77,97.0
2026-09-17 10:51:20.152326,Malviya Nagar,1986.51,302.42,80.2
2026-09-17 11:51:20.152326,Malviya Nagar,2169.74,465.38,81.2
2026-09-17 12:51:20.152326,Malviya Nagar,2241.84,575.36,79.4
2026-09-17 13:51:20.152326,Malviya Nagar,2163.44,608.17,74.1
2026-09-17 14:51:20.152326,Malviya Nagar,2130.63,594.42,73.2
2026-09-17 15:51:20.152326,Malviya Nagar,1985.97,474.44,72.0
2026-09-17 16:51:20.152326,Malviya Nagar,2138.65,283.58,88.3
2026-09-17 17:51:20.152326,Malviya Nagar,2105.58,249.74,88.4
2026-09-17 18:51:20.152326,Malviya Nagar,2156.3,150.74,95.5
2026-09-17 19:51:20.152326,Malviya Nagar,1092.74,68.73,48.8
2026-09-17 20:51:20.152326,Malviya Nagar,1088.2,25.89,50.6
2026-09-17 21:51:20.152326,Malviya Nagar,1002.67,11.28,47.2
2026-09-17 22:51:20.152326,Malviya Nagar,1061.88,3.21,50.4
2026-09-17 23:51:20.152326,Malviya Nagar,1088.66,1.12,51.8
2026-09-18 00:51:20.152326,Malviya Nagar,1089.22,0.01,51.9
2026-09-18 01:51:20.152326,Malviya Nagar,931.68,0.07,44.4
2026-09-18 02:51:20.152326,Malviya Nagar,1086.84,0.27,51.7
2026-09-18 03:51:20.152326,Malviya Nagar,1115.32,1.09,53.1
2026-09-18 04:51:20.152326,Malviya Nagar,1058.48,3.01,50.3
2026-09-18 05:51:20.152326,Malviya Nagar,1001.32,12.65,47.1
2026-09-18 06:51:20.152326,Malviya Nagar,1043.49,25.73,48.5
2026-09-18 07:51:20.152326,Malviya Nagar,1026.71,64.6,45.8
2026-09-18 08:51:20.152326,Malviya Nagar,2140.18,124.56,96.0
2026-09-18 09:51:20.152326,Malviya Nagar,1897.89,208.96,80.4
2026-09-18 10:51:20.152326,Malviya Nagar,2072.72,390.5,80.1
2026-09-18 11:51:20.152326,Malviya Nagar,2091.63,487.73,76.4
2026-09-18 12:51:20.152326,Malviya Nagar,2074.03,581.39,71.1
2026-09-18 13:51:20.152326,Malviya Nagar,2006.79,666.5,63.8
2026-09-18 14:51:20.152326,Malviya Nagar,2092.31,639.26,69.2
2026-09-18 15:51:20.152326,Malviya Nagar,2062.44,362.18,81.0
2026-09-18 16:51:20.152326,Malviya Nagar,1883.08,350.76,73.0
2026-09-18 17:51:20.152326,Malviya Nagar,2122.39,239.4,89.7
2026-09-18 18:51:20.152326,Malviya Nagar,2087.34,140.1,92.7
2026-09-18 19:51:20.152326,Malviya Nagar,1115.88,59.1,50.3
2026-09-18 20:51:20.152326,Malviya Nagar,1091.48,28.12,50.6
2026-09-18 21:51:20.152326,Malviya Nagar,987.45,10.28,46.5
2026-09-18 22:51:20.152326,Malviya Nagar,1088.06,3.59,51.6
2026-09-18 23:51:20.152326,Malviya Nagar,1089.64,1.3,51.8
2026-09-19 00:51:20.152326,Malviya Nagar,1157.6,0.01,55.1
2026-09-19 01:51:20.152326,Malviya Nagar,958.17,0.05,45.6
2026-09-19 02:51:20.152326,Malviya Nagar,1017.53,0.15,48.4
2026-09-19 03:51:20.152326,Malviya Nagar,981.79,0.83,46.7
2026-09-19 04:51:20.152326,Malviya Nagar,1042.95,2.78,49.5
2026-09-19 05:51:20.152326,Malviya Nagar,1050.11,8.82,49.6
2026-09-19 06:51:20.152326,Malviya Nagar,977.63,19.88,45.6
2026-09-19 07:51:20.152326,Malviya Nagar,1005.24,53.81,45.3
2026-09-19 08:51:20.152326,Malviya Nagar,1999.95,87.12,91.1
2026-09-19 09:51:20.152326,Malviya Nagar,2365.45,185.4,103.8
2026-09-19 10:51:20.152326,Malviya Nagar,2073.09,223.41,88.1
2026-09-19 11:51:20.152326,Malviya Nagar,2094.91,288.87,86.0
2026-09-19 12:51:20.152326,Malviya Nagar,2010.42,350.95,79.0
2026-09-19 13:51:20.152326,Malviya Nagar,2205.18,510.86,80.7
2026-09-19 14:51:20.152326,Malviya Nagar,2266.0,436.22,87.1
2026-09-19 15:51:20.152326,Malviya Nagar,2157.85,338.54,86.6
2026-09-19 16:51:20.152326,Malviya Nagar,2062.62,244.86,86.6
2026-09-19 17:51:20.152326,Malviya Nagar,1944.81,180.41,84.0
2026-09-19 18:51:20.152326,Malviya Nagar,1956.97,96.49,88.6
2026-09-19 19:51:20.152326,Malviya Nagar,958.19,44.14,43.5
2026-09-19 20:51:20.152326,Malviya Nagar,1022.56,20.81,47.7
2026-09-19 21:51:20.152326,Malviya Nagar,1000.27,8.0,47.3
2026-09-19 22:51:20.152326,Malviya Nagar,1008.49,2.92,47.9
2026-09-19 23:51:20.152326,Malviya Nagar,1121.84,0.83,53.4
2026-09-20 00:51:20.152326,Malviya Nagar,898.94,0.01,42.8
2026-09-20 01:51:20.152326,Malviya Nagar,1007.55,0.05,48.0
2026-09-20 02:51:20.152326,Malviya Nagar,1055.76,0.2,50.3
2026-09-20 03:51:20.152326,Malviya Nagar,1044.33,0.8,49.7
2026-09-20 04:51:20.152326,Malviya Nagar,1071.25,2.01,50.9
2026-09-20 05:51:20.152326,Malviya Nagar,1070.37,7.17,50.6
2026-09-20 06:51:20.152326,Malviya Nagar,1092.07,22.95,50.9
2026-09-20 07:51:20.152326,Malviya Nagar,1144.85,41.06,52.6
2026-09-20 08:51:20.152326,Malviya Nagar,2091.76,88.3,95.4
2026-09-20 09:51:20.152326,Malviya Nagar,2117.73,176.51,92.4
2026-09-20 10:51:20.152326,Malviya Nagar,2140.06,262.42,89.4
2026-09-20 11:51:20.152326,Malviya Nagar,2030.62,315.9,81.7
2026-09-20 12:51:20.152326,Malviya Nagar,1964.25,460.55,71.6
2026-09-20 13:51:20.152326,Malviya Nagar,2180.29,510.8,79.5
2026-09-20 14:51:20.152326,Malviya Nagar,1912.05,459.31,69.2
2026-09-20 15:51:20.152326,Malviya Nagar,2185.9,299.65,89.8
2026-09-20 16:51:20.152326,Malviya Nagar,2279.73,293.0,94.6
2026-09-20 17:51:20.152326,Malviya Nagar,2211.76,193.38,96.1
2026-09-20 18:51:20.152326,Malviya Nagar,2039.36,98.54,92.4
2026-09-20 19:51:20.152326,Malviya Nagar,1037.77,34.51,47.8
2026-09-20 20:51:20.152326,Malviya Nagar,940.41,20.94,43.8
2026-09-20 21:51:20.152326,Malviya Nagar,1140.52,6.47,54.0
2026-09-20 22:51:20.152326,Malviya Nagar,1124.88,2.41,53.5
2026-09-20 23:51:20.152326,Malviya Nagar,1013.25,0.79,48.2
2026-09-21 00:51:20.152326,Malviya Nagar,1106.84,0.01,52.7
2026-09-21 01:51:20.152326,Malviya Nagar,997.09,0.06,47.5
2026-09-21 02:51:20.152326,Malviya Nagar,1007.02,0.28,47.9
2026-09-21 03:51:20.152326,Malviya Nagar,1072.62,1.07,51.0
2026-09-21 04:51:20.152326,Malviya Nagar,992.52,3.26,47.1
2026-09-21 05:51:20.152326,Malviya Nagar,1070.77,10.47,50.5
2026-09-21 06:51:20.152326,Malviya Nagar,1109.27,33.52,51.2
2026-09-21 07:51:20.152326,Malviya Nagar,1039.41,65.5,46.4
2026-09-21 08:51:20.152326,Malviya Nagar,2284.16,137.64,102.2
2026-09-21 09:51:20.152326,Malviya Nagar,2049.19,180.41,89.0
2026-09-21 10:51:20.152326,Malviya Nagar,2087.22,315.03,84.4
2026-09-21 11:51:20.152326,Malviya Nagar,1918.86,598.91,62.9
2026-09-21 12:51:20.152326,Malviya Nagar,2032.66,720.51,62.5
2026-09-21 13:51:20.152326,Malviya Nagar,2024.64,667.17,64.6
2026-09-21 14:51:20.152326,Malviya Nagar,2089.1,683.94,66.9
2026-09-21 15:51:20.152326,Malviya Nagar,2193.35,417.28,84.6
2026-09-21 16:51:20.152326,Malviya Nagar,2128.55,340.92,85.1
2026-09-21 17:51:20.152326,Malviya Nagar,2030.82,225.48,86.0
2026-09-21 18:51:20.152326,Malviya Nagar,2075.06,113.21,93.4
2026-09-21 19:51:20.152326,Malviya Nagar,1000.32,59.62,44.8
2026-09-21 20:51:20.152326,Malviya Nagar,986.32,26.43,45.7
2026-09-21 21:51:20.152326,Malviya Nagar,1079.75,11.09,50.9
2026-09-21 22:51:20.152326,Malviya Nagar,1027.5,3.36,48.8
2026-09-21 23:51:20.152326,Malviya Nagar,1026.74,1.04,48.8
2026-09-22 00:51:20.152326,Malviya Nagar,953.54,0.01,45.4
2026-09-22 01:51:20.152326,Malviya Nagar,979.7,0.06,46.6
2026-09-22 02:51:20.152326,Malviya Nagar,1121.86,0.27,53.4
2026-09-22 03:51:20.152326,Malviya Nagar,1013.24,1.08,48.2
2026-09-22 04:51:20.152326,Malviya Nagar,1073.25,4.33,50.9
2026-09-22 05:51:20.152326,Malviya Nagar,1107.18,10.39,52.2
2026-09-22 06:51:20.152326,Malviya Nagar,1013.88,21.49,47.3
2026-09-22 07:51:20.152326,Malviya Nagar,977.95,60.45,43.7
2026-09-22 08:51:20.152326,Malviya Nagar,2179.71,130.8,97.6
2026-09-22 09:51:20.152326,Malviya Nagar,2080.58,227.73,88.2
2026-09-22 10:51:20.152326,Malviya Nagar,2010.07,320.51,80.5
2026-09-22 11:51:20.152326,Malviya Nagar,2230.51,544.53,80.3
2026-09-22 12:51:20.152326,Malviya Nagar,1952.91,628.64,63.1
2026-09-22 13:51:20.152326,Malviya Nagar,2200.35,670.08,72.9
2026-09-22 14:51:20.152326,Malviya Nagar,2148.8,663.86,70.7
2026-09-22 15:51:20.152326,Malviya Nagar,2363.13,440.95,91.5
2026-09-22 16:51:20.152326,Malviya Nagar,2081.26,349.67,82.5
2026-09-22 17:51:20.152326,Malviya Nagar,2213.61,239.37,94.0
2026-09-22 18:51:20.152326,Malviya Nagar,2117.45,109.91,95.6
2026-09-22 19:51:20.152326,Malviya Nagar,1010.11,52.1,45.6
2026-09-22 20:51:20.152326,Malviya Nagar,1032.5,29.77,47.7
2026-09-22 21:51:20.152326,Malviya Nagar,1096.72,10.84,51.7
2026-09-22 22:51:20.152326,Malviya Nagar,1011.38,3.59,48.0
2026-09-22 23:51:20.152326,Malviya Nagar,971.99,1.13,46.2
2026-09-23 00:51:20.152326,Malviya Nagar,1020.57,0.01,48.6
2026-09-23 01:51:20.152326,Malviya Nagar,1087.66,0.07,51.8
2026-09-23 02:51:20.152326,Malviya Nagar,987.88,0.29,47.0
2026-09-23 03:51:20.152326,Malviya Nagar,1024.86,1.22,48.7
2026-09-23 04:51:20.152326,Malviya Nagar,971.54,3.58,46.1
2026-09-23 05:51:20.152326,Malviya Nagar,984.71,9.96,46.4
2026-09-23 06:51:20.152326,Malviya Nagar,1056.73,27.14,49.0
2026-09-23 07:51:20.152326,Malviya Nagar,1060.78,55.98,47.8
2026-09-23 08:51:20.152326,Malviya Nagar,1858.77,128.6,82.4
2026-09-23 09:51:20.152326,Malviya Nagar,2067.05,198.61,89.0
2026-09-23 10:51:20.152326,Malviya Nagar,2101.89,349.17,83.5
2026-09-23 11:51:20.152326,Malviya Nagar,1930.91,517.17,67.3
2026-09-23 12:51:20.152326,Malviya Nagar,2270.93,487.71,84.9
2026-09-23 13:51:20.152326,Malviya Nagar,1945.51,620.57,63.1
2026-09-23 14:51:20.152326,Malviya Nagar,2120.24,715.92,66.9
2026-09-23 15:51:20.152326,Malviya Nagar,2179.1,490.71,80.4
2026-09-23 16:51:20.152326,Malviya Nagar,2050.83,337.11,81.6
2026-09-23 17:51:20.152326,Malviya Nagar,1857.89,265.55,75.8
2026-09-23 18:51:20.152326,Malviya Nagar,2096.01,129.67,93.6
2026-09-23 19:51:20.152326,Malviya Nagar,1071.26,52.63,48.5
2026-09-23 20:51:20.152326,Malviya Nagar,1078.18,28.1,50.0
2026-09-23 21:51:20.152326,Malviya Nagar,1083.26,10.8,51.1
2026-09-23 22:51:20.152326,Malviya Nagar,1094.1,3.7,51.9
2026-09-23 23:51:20.152326,Malviya Nagar,1119.46,1.09,53.3
2026-09-24 00:51:20.152326,Malviya Nagar,971.51,0.01,46.3
2026-09-24 01:51:20.152326,Malviya Nagar,1047.14,0.06,49.9
2026-09-24 02:51:20.152326,Malviya Nagar,1077.42,0.27,51.3
2026-09-24 03:51:20.152326,Malviya Nagar,1033.45,0.89,49.2
2026-09-24 04:51:20.152326,Malviya Nagar,1081.48,3.02,51.4
2026-09-24 05:51:20.152326,Malviya Nagar,1027.33,11.7,48.4
2026-09-24 06:51:20.152326,Malviya Nagar,1050.64,25.15,48.8
2026-09-24 07:51:20.152326,Malviya Nagar,1034.42,64.79,46.2
2026-09-24 08:51:20.152326,Malviya Nagar,2336.63,118.11,105.6
2026-09-24 09:51:20.152326,Malviya Nagar,2011.58,241.27,84.3
2026-09-24 10:51:20.152326,Malviya Nagar,1984.93,356.99,77.5
2026-09-24 11:51:20.152326,Malviya Nagar,2135.84,418.24,81.8
2026-09-24 12:51:20.152326,Malviya Nagar,1976.11,612.73,64.9
2026-09-24 13:51:20.152326,Malviya Nagar,1822.75,518.76,62.1
2026-09-24 14:51:20.152326,Malviya Nagar,2286.72,631.32,78.8
2026-09-24 15:51:20.152326,Malviya Nagar,2245.7,450.71,85.5
2026-09-24 16:51:20.152326,Malviya Nagar,1911.75,357.57,74.0
2026-09-24 17:51:20.152326,Malviya Nagar,2089.64,185.54,90.7
2026-09-24 18:51:20.152326,Malviya Nagar,1933.32,117.66,86.5
2026-09-24 19:51:20.152326,Malviya Nagar,1005.58,52.08,45.4
2026-09-24 20:51:20.152326,Malviya Nagar,1082.42,26.12,50.3
2026-09-24 21:51:20.152326,Malviya Nagar,994.22,11.02,46.8
2026-06-26 22:51:20.152326,C-Scheme,189.84,0.73,45.0
2026-06-26 23:51:20.152326,C-Scheme,194.53,0.23,46.3
2026-06-27 00:51:20.152326,C-Scheme,203.72,0.0,48.5
2026-06-27 01:51:20.152326,C-Scheme,238.4,0.01,56.8
2026-06-27 02:51:20.152326,C-Scheme,202.78,0.04,48.3
2026-06-27 03:51:20.152326,C-Scheme,229.14,0.17,54.5
2026-06-27 04:51:20.152326,C-Scheme,244.9,0.5,58.2
2026-06-27 05:51:20.152326,C-Scheme,209.06,1.4,49.4
2026-06-27 06:51:20.152326,C-Scheme,194.05,4.09,45.2
2026-06-27 07:51:20.152326,C-Scheme,220.35,9.11,50.3
2026-06-27 08:51:20.152326,C-Scheme,389.85,20.85,87.9
2026-06-27 09:51:20.152326,C-Scheme,414.44,36.45,90.0
2026-06-27 10:51:20.152326,C-Scheme,394.46,54.54,80.9
2026-06-27 11:51:20.152326,C-Scheme,389.68,76.9,74.5
2026-06-27 12:51:20.152326,C-Scheme,390.97,94.53,70.6
2026-06-27 13:51:20.152326,C-Scheme,438.5,93.63,82.1
2026-06-27 14:51:20.152326,C-Scheme,405.22,81.27,77.1
2026-06-27 15:51:20.152326,C-Scheme,414.55,66.24,82.9
2026-06-27 16:51:20.152326,C-Scheme,466.16,52.27,98.5
2026-06-27 17:51:20.152326,C-Scheme,402.38,32.58,88.0
2026-06-27 18:51:20.152326,C-Scheme,377.3,18.82,85.4
2026-06-27 19:51:20.152326,C-Scheme,221.25,10.37,50.2
2026-06-27 20:51:20.152326,C-Scheme,209.84,4.55,48.9
2026-06-27 21:51:20.152326,C-Scheme,205.01,1.46,48.5
2026-06-27 22:51:20.152326,C-Scheme,202.23,0.59,48.0
2026-06-27 23:51:20.152326,C-Scheme,218.73,0.17,52.0
2026-06-28 00:51:20.152326,C-Scheme,223.08,0.0,53.1
2026-06-28 01:51:20.152326,C-Scheme,224.57,0.01,53.5
2026-06-28 02:51:20.152326,C-Scheme,213.35,0.04,50.8
2026-06-28 03:51:20.152326,C-Scheme,200.42,0.19,47.7
2026-06-28 04:51:20.152326,C-Scheme,231.6,0.5,55.0
2026-06-28 05:51:20.152326,C-Scheme,225.03,1.66,53.2
2026-06-28 06:51:20.152326,C-Scheme,209.84,4.1,49.0
2026-06-28 07:51:20.152326,C-Scheme,218.04,10.55,49.4
2026-06-28 08:51:20.152326,C-Scheme,440.53,18.0,100.6
2026-06-28 09:51:20.152326,C-Scheme,395.97,23.62,88.7
2026-06-28 10:51:20.152326,C-Scheme,438.46,48.6,92.8
2026-06-28 11:51:20.152326,C-Scheme,445.45,65.34,90.5
2026-06-28 12:51:20.152326,C-Scheme,431.63,83.92,82.8
2026-06-28 13:51:20.152326,C-Scheme,410.02,91.78,75.8
2026-06-28 14:51:20.152326,C-Scheme,420.35,90.65,78.5
2026-06-28 15:51:20.152326,C-Scheme,402.8,69.69,79.3
2026-06-28 16:51:20.152326,C-Scheme,456.85,50.15,96.8
2026-06-28 17:51:20.152326,C-Scheme,411.06,31.48,90.4
2026-06-28 18:51:20.152326,C-Scheme,431.14,18.51,98.2
2026-06-28 19:51:20.152326,C-Scheme,212.87,9.29,48.5
2026-06-28 20:51:20.152326,C-Scheme,190.14,4.24,44.3
2026-06-28 21:51:20.152326,C-Scheme,227.4,1.59,53.8
2026-06-28 22:51:20.152326,C-Scheme,233.62,0.42,55.5
2026-06-28 23:51:20.152326,C-Scheme,209.52,0.14,49.9
2026-06-29 00:51:20.152326,C-Scheme,205.46,0.0,48.9
2026-06-29 01:51:20.152326,C-Scheme,211.22,0.01,50.3
2026-06-29 02:51:20.152326,C-Scheme,232.29,0.05,55.3
2026-06-29 03:51:20.152326,C-Scheme,215.61,0.24,51.3
2026-06-29 04:51:20.152326,C-Scheme,190.98,0.6,45.3
2026-06-29 05:51:20.152326,C-Scheme,220.68,1.96,52.1
2026-06-29 06:51:20.152326,C-Scheme,183.02,5.44,42.3
2026-06-29 07:51:20.152326,C-Scheme,224.51,12.48,50.5
2026-06-29 08:51:20.152326,C-Scheme,403.16,18.98,91.5
2026-06-29 09:51:20.152326,C-Scheme,460.37,48.15,98.1
2026-06-29 10:51:20.152326,C-Scheme,368.26,57.96,73.9
2026-06-29 11:51:20.152326,C-Scheme,419.18,99.22,76.2
2026-06-29 12:51:20.152326,C-Scheme,408.64,125.27,67.5
2026-06-29 13:51:20.152326,C-Scheme,366.9,116.0,59.7
2026-06-29 14:51:20.152326,C-Scheme,431.23,109.28,76.7
2026-06-29 15:51:20.152326,C-Scheme,403.78,109.24,70.1
2026-06-29 16:51:20.152326,C-Scheme,462.49,67.9,94.0
2026-06-29 17:51:20.152326,C-Scheme,443.06,44.01,95.0
2026-06-29 18:51:20.152326,C-Scheme,391.68,29.49,86.2
2026-06-29 19:51:20.152326,C-Scheme,194.89,13.67,43.1
2026-06-29 20:51:20.152326,C-Scheme,201.87,4.79,46.9
2026-06-29 21:51:20.152326,C-Scheme,206.73,2.08,48.7
2026-06-29 22:51:20.152326,C-Scheme,192.95,0.69,45.8
2026-06-29 23:51:20.152326,C-Scheme,237.76,0.23,56.6
2026-06-30 00:51:20.152326,C-Scheme,209.44,0.0,49.9
2026-06-30 01:51:20.152326,C-Scheme,200.01,0.01,47.6
2026-06-30 02:51:20.152326,C-Scheme,206.77,0.05,49.2
2026-06-30 03:51:20.152326,C-Scheme,206.9,0.24,49.2
2026-06-30 04:51:20.152326,C-Scheme,184.79,0.8,43.8
2026-06-30 05:51:20.152326,C-Scheme,213.08,1.91,50.3
2026-06-30 06:51:20.152326,C-Scheme,223.35,5.62,51.8
2026-06-30 07:51:20.152326,C-Scheme,241.33,11.5,54.7
2026-06-30 08:51:20.152326,C-Scheme,424.96,24.04,95.5
2026-06-30 09:51:20.152326,C-Scheme,417.8,38.75,90.2
2026-06-30 10:51:20.152326,C-Scheme,496.66,79.2,99.4
2026-06-30 11:51:20.152326,C-Scheme,452.33,110.96,81.3
2026-06-30 12:51:20.152326,C-Scheme,423.54,116.37,73.1
2026-06-30 13:51:20.152326,C-Scheme,421.47,128.02,69.9
2026-06-30 14:51:20.152326,C-Scheme,411.55,120.25,69.4
2026-06-30 15:51:20.152326,C-Scheme,433.34,95.28,80.5
2026-06-30 16:51:20.152326,C-Scheme,435.14,76.58,85.4
2026-06-30 17:51:20.152326,C-Scheme,441.04,51.97,92.6
2026-06-30 18:51:20.152326,C-Scheme,434.24,25.18,97.4
2026-06-30 19:51:20.152326,C-Scheme,208.06,14.21,46.2
2026-06-30 20:51:20.152326,C-Scheme,222.84,4.83,51.9
2026-06-30 21:51:20.152326,C-Scheme,228.1,2.14,53.8
2026-06-30 22:51:20.152326,C-Scheme,220.85,0.76,52.4
2026-06-30 23:51:20.152326,C-Scheme,207.35,0.19,49.3
2026-07-01 00:51:20.152326,C-Scheme,200.29,0.0,47.7
2026-07-01 01:51:20.152326,C-Scheme,197.74,0.01,47.1
2026-07-01 02:51:20.152326,C-Scheme,197.53,0.05,47.0
2026-07-01 03:51:20.152326,C-Scheme,181.72,0.23,43.2
2026-07-01 04:51:20.152326,C-Scheme,206.59,0.7,49.0
2026-07-01 05:51:20.152326,C-Scheme,223.37,2.19,52.7
2026-07-01 06:51:20.152326,C-Scheme,211.89,4.47,49.4
2026-07-01 07:51:20.152326,C-Scheme,196.41,13.49,43.6
2026-07-01 08:51:20.152326,C-Scheme,404.33,22.87,90.8
2026-07-01 09:51:20.152326,C-Scheme,403.97,40.99,86.4
2026-07-01 10:51:20.152326,C-Scheme,449.84,63.49,92.0
2026-07-01 11:51:20.152326,C-Scheme,397.94,82.1,75.2
2026-07-01 12:51:20.152326,C-Scheme,405.99,134.64,64.6
2026-07-01 13:51:20.152326,C-Scheme,415.27,106.78,73.5
2026-07-01 14:51:20.152326,C-Scheme,401.67,120.45,67.0
2026-07-01 15:51:20.152326,C-Scheme,448.67,119.62,78.3
2026-07-01 16:51:20.152326,C-Scheme,446.18,71.22,89.3
2026-07-01 17:51:20.152326,C-Scheme,438.52,55.9,91.1
2026-07-01 18:51:20.152326,C-Scheme,420.27,23.96,94.4
2026-07-01 19:51:20.152326,C-Scheme,219.09,11.37,49.5
2026-07-01 20:51:20.152326,C-Scheme,199.76,5.51,46.3
2026-07-01 21:51:20.152326,C-Scheme,226.65,2.09,53.5
2026-07-01 22:51:20.152326,C-Scheme,193.1,0.63,45.8
2026-07-01 23:51:20.152326,C-Scheme,193.29,0.22,46.0
2026-07-02 00:51:20.152326,C-Scheme,194.89,0.0,46.4
2026-07-02 01:51:20.152326,C-Scheme,230.85,0.01,55.0
2026-07-02 02:51:20.152326,C-Scheme,218.89,0.06,52.1
2026-07-02 03:51:20.152326,C-Scheme,196.54,0.22,46.7
2026-07-02 04:51:20.152326,C-Scheme,209.66,0.64,49.8
2026-07-02 05:51:20.152326,C-Scheme,213.99,1.7,50.5
2026-07-02 06:51:20.152326,C-Scheme,226.32,5.56,52.6
2026-07-02 07:51:20.152326,C-Scheme,210.38,11.49,47.4
2026-07-02 08:51:20.152326,C-Scheme,429.01,28.2,95.4
2026-07-02 09:51:20.152326,C-Scheme,430.07,39.49,93.0
2026-07-02 10:51:20.152326,C-Scheme,413.08,80.37,79.2
2026-07-02 11:51:20.152326,C-Scheme,370.96,90.73,66.7
2026-07-02 12:51:20.152326,C-Scheme,414.62,120.31,70.1
2026-07-02 13:51:20.152326,C-Scheme,393.04,110.47,67.3
2026-07-02 14:51:20.152326,C-Scheme,445.87,128.84,75.5
2026-07-02 15:51:20.152326,C-Scheme,447.47,81.97,87.0
2026-07-02 16:51:20.152326,C-Scheme,392.94,64.1,78.3
2026-07-02 17:51:20.152326,C-Scheme,428.79,42.32,92.0
2026-07-02 18:51:20.152326,C-Scheme,392.4,23.07,87.9
2026-07-02 19:51:20.152326,C-Scheme,187.47,12.41,41.7
2026-07-02 20:51:20.152326,C-Scheme,211.32,5.13,49.1
2026-07-02 21:51:20.152326,C-Scheme,192.44,2.32,45.3
2026-07-02 22:51:20.152326,C-Scheme,196.08,0.69,46.5
2026-07-02 23:51:20.152326,C-Scheme,200.65,0.21,47.7
2026-07-03 00:51:20.152326,C-Scheme,200.5,0.0,47.7
2026-07-03 01:51:20.152326,C-Scheme,215.39,0.01,51.3
2026-07-03 02:51:20.152326,C-Scheme,216.89,0.06,51.6
2026-07-03 03:51:20.152326,C-Scheme,200.63,0.22,47.7
2026-07-03 04:51:20.152326,C-Scheme,210.77,0.63,50.0
2026-07-03 05:51:20.152326,C-Scheme,243.56,2.4,57.4
2026-07-03 06:51:20.152326,C-Scheme,234.09,4.13,54.8
2026-07-03 07:51:20.152326,C-Scheme,222.49,13.46,49.8
2026-07-03 08:51:20.152326,C-Scheme,429.87,27.66,95.8
2026-07-03 09:51:20.152326,C-Scheme,401.12,46.56,84.4
2026-07-03 10:51:20.152326,C-Scheme,444.7,77.12,87.5
2026-07-03 11:51:20.152326,C-Scheme,452.17,97.57,84.4
2026-07-03 12:51:20.152326,C-Scheme,379.53,116.94,62.5
2026-07-03 13:51:20.152326,C-Scheme,398.63,133.01,63.2
2026-07-03 14:51:20.152326,C-Scheme,444.74,97.23,82.7
2026-07-03 15:51:20.152326,C-Scheme,396.13,99.92,70.5
2026-07-03 16:51:20.152326,C-Scheme,430.47,64.74,87.1
2026-07-03 17:51:20.152326,C-Scheme,378.18,35.94,81.5
2026-07-03 18:51:20.152326,C-Scheme,441.68,19.68,100.5
2026-07-03 19:51:20.152326,C-Scheme,198.36,10.91,44.6
2026-07-03 20:51:20.152326,C-Scheme,226.44,5.06,52.7
2026-07-03 21:51:20.152326,C-Scheme,198.47,2.05,46.8
2026-07-03 22:51:20.152326,C-Scheme,189.64,0.59,45.0
2026-07-03 23:51:20.152326,C-Scheme,214.41,0.19,51.0
2026-07-04 00:51:20.152326,C-Scheme,213.86,0.0,50.9
2026-07-04 01:51:20.152326,C-Scheme,214.47,0.01,51.1
2026-07-04 02:51:20.152326,C-Scheme,188.55,0.03,44.9
2026-07-04 03:51:20.152326,C-Scheme,194.19,0.14,46.2
2026-07-04 04:51:20.152326,C-Scheme,207.96,0.54,49.4
2026-07-04 05:51:20.152326,C-Scheme,206.84,1.64,48.9
2026-07-04 06:51:20.152326,C-Scheme,183.06,3.83,42.7
2026-07-04 07:51:20.152326,C-Scheme,198.49,10.17,44.8
2026-07-04 08:51:20.152326,C-Scheme,423.06,16.08,96.9
2026-07-04 09:51:20.152326,C-Scheme,474.31,35.52,104.5
2026-07-04 10:51:20.152326,C-Scheme,427.5,53.19,89.1
2026-07-04 11:51:20.152326,C-Scheme,371.11,69.19,71.9
2026-07-04 12:51:20.152326,C-Scheme,410.39,88.41,76.7
2026-07-04 13:51:20.152326,C-Scheme,460.86,96.42,86.8
2026-07-04 14:51:20.152326,C-Scheme,374.36,84.34,69.1
2026-07-04 15:51:20.152326,C-Scheme,411.06,77.37,79.4
2026-07-04 16:51:20.152326,C-Scheme,452.36,50.5,95.7
2026-07-04 17:51:20.152326,C-Scheme,426.61,35.59,93.1
2026-07-04 18:51:20.152326,C-Scheme,448.5,16.64,102.8
2026-07-04 19:51:20.152326,C-Scheme,227.37,7.9,52.3
2026-07-04 20:51:20.152326,C-Scheme,204.12,4.57,47.5
2026-07-04 21:51:20.152326,C-Scheme,243.22,1.4,57.6
2026-07-04 22:51:20.152326,C-Scheme,193.76,0.55,46.0
2026-07-04 23:51:20.152326,C-Scheme,202.06,0.13,48.1
2026-07-05 00:51:20.152326,C-Scheme,224.11,0.0,53.4
2026-07-05 01:51:20.152326,C-Scheme,235.02,0.01,56.0
2026-07-05 02:51:20.152326,C-Scheme,221.77,0.05,52.8
2026-07-05 03:51:20.152326,C-Scheme,239.61,0.15,57.0
2026-07-05 04:51:20.152326,C-Scheme,200.98,0.57,47.7
2026-07-05 05:51:20.152326,C-Scheme,207.79,1.58,49.1
2026-07-05 06:51:20.152326,C-Scheme,202.37,4.04,47.2
2026-07-05 07:51:20.152326,C-Scheme,211.6,10.2,48.0
2026-07-05 08:51:20.152326,C-Scheme,419.74,21.17,94.9
2026-07-05 09:51:20.152326,C-Scheme,429.5,34.24,94.1
2026-07-05 10:51:20.152326,C-Scheme,402.98,55.03,82.8
2026-07-05 11:51:20.152326,C-Scheme,424.49,78.77,82.3
2026-07-05 12:51:20.152326,C-Scheme,425.94,73.61,83.9
2026-07-05 13:51:20.152326,C-Scheme,427.51,84.28,81.7
2026-07-05 14:51:20.152326,C-Scheme,418.59,86.17,79.1
2026-07-05 15:51:20.152326,C-Scheme,440.3,66.42,89.0
2026-07-05 16:51:20.152326,C-Scheme,429.48,52.85,89.7
2026-07-05 17:51:20.152326,C-Scheme,419.04,34.02,91.7
2026-07-05 18:51:20.152326,C-Scheme,424.5,15.89,97.3
2026-07-05 19:51:20.152326,C-Scheme,208.18,10.21,47.1
2026-07-05 20:51:20.152326,C-Scheme,198.33,4.38,46.2
2026-07-05 21:51:20.152326,C-Scheme,193.49,1.62,45.7
2026-07-05 22:51:20.152326,C-Scheme,226.13,0.51,53.7
2026-07-05 23:51:20.152326,C-Scheme,212.61,0.14,50.6
2026-07-06 00:51:20.152326,C-Scheme,208.26,0.0,49.6
2026-07-06 01:51:20.152326,C-Scheme,212.86,0.01,50.7
2026-07-06 02:51:20.152326,C-Scheme,219.62,0.06,52.3
2026-07-06 03:51:20.152326,C-Scheme,227.83,0.28,54.2
2026-07-06 04:51:20.152326,C-Scheme,204.18,0.81,48.4
2026-07-06 05:51:20.152326,C-Scheme,215.37,2.09,50.8
2026-07-06 06:51:20.152326,C-Scheme,217.7,5.25,50.6
2026-07-06 07:51:20.152326,C-Scheme,220.65,11.35,49.8
2026-07-06 08:51:20.152326,C-Scheme,432.97,22.05,97.8
2026-07-06 09:51:20.152326,C-Scheme,434.7,38.17,94.4
2026-07-06 10:51:20.152326,C-Scheme,404.81,64.32,81.1
2026-07-06 11:51:20.152326,C-Scheme,388.92,92.24,70.6
2026-07-06 12:51:20.152326,C-Scheme,428.36,123.37,72.6
2026-07-06 13:51:20.152326,C-Scheme,434.02,127.37,73.0
2026-07-06 14:51:20.152326,C-Scheme,444.0,128.11,75.2
2026-07-06 15:51:20.152326,C-Scheme,422.3,105.5,75.4
2026-07-06 16:51:20.152326,C-Scheme,392.39,66.31,77.6
2026-07-06 17:51:20.152326,C-Scheme,435.87,47.13,92.6
2026-07-06 18:51:20.152326,C-Scheme,395.91,25.59,88.2
2026-07-06 19:51:20.152326,C-Scheme,205.32,12.57,45.9
2026-07-06 20:51:20.152326,C-Scheme,217.15,5.25,50.5
2026-07-06 21:51:20.152326,C-Scheme,206.18,1.82,48.7
2026-07-06 22:51:20.152326,C-Scheme,216.52,0.79,51.4
2026-07-06 23:51:20.152326,C-Scheme,205.29,0.21,48.8
2026-07-07 00:51:20.152326,C-Scheme,210.62,0.0,50.1
2026-07-07 01:51:20.152326,C-Scheme,220.35,0.01,52.5
2026-07-07 02:51:20.152326,C-Scheme,215.61,0.06,51.3
2026-07-07 03:51:20.152326,C-Scheme,226.23,0.22,53.8
2026-07-07 04:51:20.152326,C-Scheme,210.91,0.84,50.0
2026-07-07 05:51:20.152326,C-Scheme,197.12,1.93,46.5
2026-07-07 06:51:20.152326,C-Scheme,216.74,4.39,50.6
2026-07-07 07:51:20.152326,C-Scheme,219.44,13.7,49.0
2026-07-07 08:51:20.152326,C-Scheme,380.16,29.61,83.5
2026-07-07 09:51:20.152326,C-Scheme,457.35,45.5,98.1
2026-07-07 10:51:20.152326,C-Scheme,469.6,68.24,95.6
2026-07-07 11:51:20.152326,C-Scheme,425.3,85.74,80.8
2026-07-07 12:51:20.152326,C-Scheme,425.22,120.79,72.5
2026-07-07 13:51:20.152326,C-Scheme,432.18,154.89,66.0
2026-07-07 14:51:20.152326,C-Scheme,399.93,131.06,64.0
2026-07-07 15:51:20.152326,C-Scheme,401.73,118.42,67.5
2026-07-07 16:51:20.152326,C-Scheme,423.66,72.71,83.6
2026-07-07 17:51:20.152326,C-Scheme,431.9,42.48,92.7
2026-07-07 18:51:20.152326,C-Scheme,420.95,19.41,95.6
2026-07-07 19:51:20.152326,C-Scheme,202.45,11.38,45.5
2026-07-07 20:51:20.152326,C-Scheme,204.97,5.4,47.5
2026-07-07 21:51:20.152326,C-Scheme,214.25,1.85,50.6
2026-07-07 22:51:20.152326,C-Scheme,229.74,0.84,54.5
2026-07-07 23:51:20.152326,C-Scheme,217.03,0.18,51.6
2026-07-08 00:51:20.152326,C-Scheme,215.24,0.0,51.2
2026-07-08 01:51:20.152326,C-Scheme,209.61,0.01,49.9
2026-07-08 02:51:20.152326,C-Scheme,217.47,0.06,51.8
2026-07-08 03:51:20.152326,C-Scheme,238.84,0.23,56.8
2026-07-08 04:51:20.152326,C-Scheme,235.91,0.79,56.0
2026-07-08 05:51:20.152326,C-Scheme,206.67,2.2,48.7
2026-07-08 06:51:20.152326,C-Scheme,203.37,5.75,47.1
2026-07-08 07:51:20.152326,C-Scheme,216.92,13.51,48.4
2026-07-08 08:51:20.152326,C-Scheme,432.3,21.41,97.8
2026-07-08 09:51:20.152326,C-Scheme,407.45,42.75,86.8
2026-07-08 10:51:20.152326,C-Scheme,447.21,65.77,90.8
2026-07-08 11:51:20.152326,C-Scheme,407.5,100.98,73.0
2026-07-08 12:51:20.152326,C-Scheme,421.51,114.48,73.1
2026-07-08 13:51:20.152326,C-Scheme,415.26,103.97,74.1
2026-07-08 14:51:20.152326,C-Scheme,459.73,126.84,79.3
2026-07-08 15:51:20.152326,C-Scheme,393.14,101.8,69.4
2026-07-08 16:51:20.152326,C-Scheme,433.86,64.85,87.9
2026-07-08 17:51:20.152326,C-Scheme,416.63,44.59,88.6
2026-07-08 18:51:20.152326,C-Scheme,439.11,27.54,98.0
2026-07-08 19:51:20.152326,C-Scheme,198.47,14.84,43.7
2026-07-08 20:51:20.152326,C-Scheme,229.34,4.94,53.4
2026-07-08 21:51:20.152326,C-Scheme,206.24,1.94,48.6
2026-07-08 22:51:20.152326,C-Scheme,220.23,0.74,52.3
2026-07-08 23:51:20.152326,C-Scheme,217.6,0.24,51.8
2026-07-09 00:51:20.152326,C-Scheme,199.86,0.0,47.6
2026-07-09 01:51:20.152326,C-Scheme,209.93,0.01,50.0
2026-07-09 02:51:20.152326,C-Scheme,221.96,0.05,52.8
2026-07-09 03:51:20.152326,C-Scheme,204.25,0.21,48.6
2026-07-09 04:51:20.152326,C-Scheme,246.94,0.76,58.6
2026-07-09 05:51:20.152326,C-Scheme,222.58,1.8,52.6
2026-07-09 06:51:20.152326,C-Scheme,192.86,4.52,44.8
2026-07-09 07:51:20.152326,C-Scheme,184.28,12.11,41.0
2026-07-09 08:51:20.152326,C-Scheme,402.74,25.36,89.9
2026-07-09 09:51:20.152326,C-Scheme,407.05,45.98,86.0
2026-07-09 10:51:20.152326,C-Scheme,461.19,67.39,93.8
2026-07-09 11:51:20.152326,C-Scheme,367.49,99.35,63.8
2026-07-09 12:51:20.152326,C-Scheme,407.95,107.17,71.6
2026-07-09 13:51:20.152326,C-Scheme,425.3,137.97,68.4
2026-07-09 14:51:20.152326,C-Scheme,428.05,101.38,77.8
2026-07-09 15:51:20.152326,C-Scheme,437.19,65.45,88.5
2026-07-09 16:51:20.152326,C-Scheme,416.72,77.07,80.9
2026-07-09 17:51:20.152326,C-Scheme,395.63,42.82,84.0
2026-07-09 18:51:20.152326,C-Scheme,450.82,25.7,101.2
2026-07-09 19:51:20.152326,C-Scheme,191.16,12.25,42.6
2026-07-09 20:51:20.152326,C-Scheme,196.09,6.08,45.2
2026-07-09 21:51:20.152326,C-Scheme,231.66,2.14,54.6
2026-07-09 22:51:20.152326,C-Scheme,216.08,0.78,51.3
2026-07-09 23:51:20.152326,C-Scheme,213.29,0.2,50.7
2026-07-10 00:51:20.152326,C-Scheme,202.36,0.0,48.2
2026-07-10 01:51:20.152326,C-Scheme,209.9,0.01,50.0
2026-07-10 02:51:20.152326,C-Scheme,199.65,0.05,47.5
2026-07-10 03:51:20.152326,C-Scheme,216.39,0.19,51.5
2026-07-10 04:51:20.152326,C-Scheme,190.14,0.7,45.1
2026-07-10 05:51:20.152326,C-Scheme,218.69,2.23,51.5
2026-07-10 06:51:20.152326,C-Scheme,204.49,4.94,47.5
2026-07-10 07:51:20.152326,C-Scheme,204.87,14.13,45.4
2026-07-10 08:51:20.152326,C-Scheme,398.77,25.71,88.8
2026-07-10 09:51:20.152326,C-Scheme,421.45,45.17,89.6
2026-07-10 10:51:20.152326,C-Scheme,485.89,75.14,97.8
2026-07-10 11:51:20.152326,C-Scheme,424.71,100.52,77.2
2026-07-10 12:51:20.152326,C-Scheme,351.15,111.15,57.1
2026-07-10 13:51:20.152326,C-Scheme,414.46,136.7,66.1
2026-07-10 14:51:20.152326,C-Scheme,386.13,112.29,65.2
2026-07-10 15:51:20.152326,C-Scheme,441.84,89.87,83.8
2026-07-10 16:51:20.152326,C-Scheme,414.13,76.19,80.5
2026-07-10 17:51:20.152326,C-Scheme,434.32,47.01,92.2
2026-07-10 18:51:20.152326,C-Scheme,420.77,24.89,94.3
2026-07-10 19:51:20.152326,C-Scheme,209.41,12.43,46.9
2026-07-10 20:51:20.152326,C-Scheme,221.72,3.89,51.9
2026-07-10 21:51:20.152326,C-Scheme,191.8,2.42,45.1
2026-07-10 22:51:20.152326,C-Scheme,214.02,0.76,50.8
2026-07-10 23:51:20.152326,C-Scheme,218.31,0.24,51.9
2026-07-11 00:51:20.152326,C-Scheme,209.64,0.0,49.9
2026-07-11 01:51:20.152326,C-Scheme,233.45,0.01,55.6
2026-07-11 02:51:20.152326,C-Scheme,200.18,0.04,47.7
2026-07-11 03:51:20.152326,C-Scheme,212.66,0.15,50.6
2026-07-11 04:51:20.152326,C-Scheme,235.11,0.56,55.8
2026-07-11 05:51:20.152326,C-Scheme,210.74,1.45,49.8
2026-07-11 06:51:20.152326,C-Scheme,214.17,5.01,49.8
2026-07-11 07:51:20.152326,C-Scheme,203.32,9.82,46.1
2026-07-11 08:51:20.152326,C-Scheme,403.81,12.81,93.1
2026-07-11 09:51:20.152326,C-Scheme,404.49,36.75,87.6
2026-07-11 10:51:20.152326,C-Scheme,418.48,46.9,88.5
2026-07-11 11:51:20.152326,C-Scheme,371.64,69.58,71.9
2026-07-11 12:51:20.152326,C-Scheme,455.11,67.26,92.3
2026-07-11 13:51:20.152326,C-Scheme,407.9,95.16,74.5
2026-07-11 14:51:20.152326,C-Scheme,406.25,96.55,73.7
2026-07-11 15:51:20.152326,C-Scheme,455.16,76.19,90.2
2026-07-11 16:51:20.152326,C-Scheme,456.73,63.58,93.6
2026-07-11 17:51:20.152326,C-Scheme,435.07,28.77,96.7
2026-07-11 18:51:20.152326,C-Scheme,424.19,17.43,96.8
2026-07-11 19:51:20.152326,C-Scheme,198.5,10.02,44.9
2026-07-11 20:51:20.152326,C-Scheme,219.79,3.83,51.4
2026-07-11 21:51:20.152326,C-Scheme,201.44,1.45,47.6
2026-07-11 22:51:20.152326,C-Scheme,209.76,0.54,49.8
2026-07-11 23:51:20.152326,C-Scheme,193.86,0.17,46.1
2026-07-12 00:51:20.152326,C-Scheme,197.55,0.0,47.0
2026-07-12 01:51:20.152326,C-Scheme,220.47,0.01,52.5
2026-07-12 02:51:20.152326,C-Scheme,202.55,0.04,48.2
2026-07-12 03:51:20.152326,C-Scheme,216.11,0.15,51.4
2026-07-12 04:51:20.152326,C-Scheme,195.03,0.54,46.3
2026-07-12 05:51:20.152326,C-Scheme,197.89,1.42,46.8
2026-07-12 06:51:20.152326,C-Scheme,199.88,4.23,46.6
2026-07-12 07:51:20.152326,C-Scheme,221.52,7.88,50.9
2026-07-12 08:51:20.152326,C-Scheme,436.31,19.35,99.3
2026-07-12 09:51:20.152326,C-Scheme,388.74,29.43,85.5
2026-07-12 10:51:20.152326,C-Scheme,390.28,51.26,80.7
2026-07-12 11:51:20.152326,C-Scheme,441.11,69.37,88.5
2026-07-12 12:51:20.152326,C-Scheme,427.95,80.06,82.8
2026-07-12 13:51:20.152326,C-Scheme,410.65,100.38,73.9
2026-07-12 14:51:20.152326,C-Scheme,419.2,73.84,82.2
2026-07-12 15:51:20.152326,C-Scheme,470.98,87.46,91.3
2026-07-12 16:51:20.152326,C-Scheme,428.93,55.89,88.8
2026-07-12 17:51:20.152326,C-Scheme,404.92,36.88,87.6
2026-07-12 18:51:20.152326,C-Scheme,464.98,18.17,106.4
2026-07-12 19:51:20.152326,C-Scheme,210.04,9.09,47.8
2026-07-12 20:51:20.152326,C-Scheme,200.84,4.14,46.8
2026-07-12 21:51:20.152326,C-Scheme,208.94,1.7,49.3
2026-07-12 22:51:20.152326,C-Scheme,185.63,0.51,44.1
2026-07-12 23:51:20.152326,C-Scheme,208.4,0.14,49.6
2026-07-13 00:51:20.152326,C-Scheme,208.64,0.0,49.7
2026-07-13 01:51:20.152326,C-Scheme,229.81,0.01,54.7
2026-07-13 02:51:20.152326,C-Scheme,160.08,0.05,38.1
2026-07-13 03:51:20.152326,C-Scheme,207.1,0.21,49.3
2026-07-13 04:51:20.152326,C-Scheme,233.04,0.87,55.3
2026-07-13 05:51:20.152326,C-Scheme,202.8,2.08,47.8
2026-07-13 06:51:20.152326,C-Scheme,224.22,5.01,52.2
2026-07-13 07:51:20.152326,C-Scheme,205.91,12.52,46.0
2026-07-13 08:51:20.152326,C-Scheme,387.22,22.21,86.9
2026-07-13 09:51:20.152326,C-Scheme,375.53,47.07,78.2
2026-07-13 10:51:20.152326,C-Scheme,434.79,64.18,88.2
2026-07-13 11:51:20.152326,C-Scheme,387.15,99.3,68.5
2026-07-13 12:51:20.152326,C-Scheme,379.59,118.22,62.2
2026-07-13 13:51:20.152326,C-Scheme,410.25,122.54,68.5
2026-07-13 14:51:20.152326,C-Scheme,408.4,120.78,68.5
2026-07-13 15:51:20.152326,C-Scheme,440.82,87.84,84.0
2026-07-13 16:51:20.152326,C-Scheme,426.83,75.03,83.8
2026-07-13 17:51:20.152326,C-Scheme,398.99,40.94,85.3
2026-07-13 18:51:20.152326,C-Scheme,395.31,27.29,87.6
2026-07-13 19:51:20.152326,C-Scheme,215.09,12.27,48.3
2026-07-13 20:51:20.152326,C-Scheme,211.17,4.46,49.2
2026-07-13 21:51:20.152326,C-Scheme,224.78,2.16,53.0
2026-07-13 22:51:20.152326,C-Scheme,209.54,0.57,49.8
2026-07-13 23:51:20.152326,C-Scheme,202.27,0.22,48.1
2026-07-14 00:51:20.152326,C-Scheme,210.2,0.0,50.0
2026-07-14 01:51:20.152326,C-Scheme,214.92,0.01,51.2
2026-07-14 02:51:20.152326,C-Scheme,201.74,0.06,48.0
2026-07-14 03:51:20.152326,C-Scheme,215.02,0.2,51.1
2026-07-14 04:51:20.152326,C-Scheme,204.4,0.68,48.5
2026-07-14 05:51:20.152326,C-Scheme,191.35,2.03,45.1
2026-07-14 06:51:20.152326,C-Scheme,215.37,5.95,49.9
2026-07-14 07:51:20.152326,C-Scheme,213.94,12.37,48.0
2026-07-14 08:51:20.152326,C-Scheme,381.36,24.11,85.1
2026-07-14 09:51:20.152326,C-Scheme,412.23,42.99,87.9
2026-07-14 10:51:20.152326,C-Scheme,406.37,59.05,82.7
2026-07-14 11:51:20.152326,C-Scheme,390.85,93.04,70.9
2026-07-14 12:51:20.152326,C-Scheme,457.62,116.55,81.2
2026-07-14 13:51:20.152326,C-Scheme,401.95,138.83,62.6
2026-07-14 14:51:20.152326,C-Scheme,393.63,118.17,65.6
2026-07-14 15:51:20.152326,C-Scheme,420.68,92.23,78.2
2026-07-14 16:51:20.152326,C-Scheme,415.81,58.57,85.1
2026-07-14 17:51:20.152326,C-Scheme,372.63,40.38,79.1
2026-07-14 18:51:20.152326,C-Scheme,419.35,26.88,93.4
2026-07-14 19:51:20.152326,C-Scheme,208.82,14.28,46.3
2026-07-14 20:51:20.152326,C-Scheme,220.39,5.63,51.1
2026-07-14 21:51:20.152326,C-Scheme,209.0,2.18,49.2
2026-07-14 22:51:20.152326,C-Scheme,190.85,0.68,45.3
2026-07-14 23:51:20.152326,C-Scheme,193.62,0.22,46.0
2026-07-15 00:51:20.152326,C-Scheme,214.59,0.0,51.1
2026-07-15 01:51:20.152326,C-Scheme,200.26,0.01,47.7
2026-07-15 02:51:20.152326,C-Scheme,181.9,0.05,43.3
2026-07-15 03:51:20.152326,C-Scheme,233.19,0.2,55.5
2026-07-15 04:51:20.152326,C-Scheme,228.97,0.78,54.3
2026-07-15 05:51:20.152326,C-Scheme,210.01,1.81,49.6
2026-07-15 06:51:20.152326,C-Scheme,189.35,4.73,44.0
2026-07-15 07:51:20.152326,C-Scheme,209.3,10.73,47.3
2026-07-15 08:51:20.152326,C-Scheme,436.35,26.66,97.5
2026-07-15 09:51:20.152326,C-Scheme,386.89,43.75,81.7
2026-07-15 10:51:20.152326,C-Scheme,419.32,71.34,82.9
2026-07-15 11:51:20.152326,C-Scheme,439.0,97.97,81.2
2026-07-15 12:51:20.152326,C-Scheme,465.35,106.97,85.3
2026-07-15 13:51:20.152326,C-Scheme,408.44,115.62,69.7
2026-07-15 14:51:20.152326,C-Scheme,423.63,122.3,71.7
2026-07-15 15:51:20.152326,C-Scheme,390.55,106.94,67.5
2026-07-15 16:51:20.152326,C-Scheme,396.56,76.41,76.2
2026-07-15 17:51:20.152326,C-Scheme,456.5,42.06,98.7
2026-07-15 18:51:20.152326,C-Scheme,411.02,27.14,91.4
2026-07-15 19:51:20.152326,C-Scheme,225.39,11.02,51.0
2026-07-15 20:51:20.152326,C-Scheme,212.0,5.26,49.2
2026-07-15 21:51:20.152326,C-Scheme,204.08,2.07,48.1
2026-07-15 22:51:20.152326,C-Scheme,197.94,0.72,47.0
2026-07-15 23:51:20.152326,C-Scheme,213.48,0.23,50.8
2026-07-16 00:51:20.152326,C-Scheme,212.67,0.0,50.6
2026-07-16 01:51:20.152326,C-Scheme,215.31,0.01,51.3
2026-07-16 02:51:20.152326,C-Scheme,235.38,0.06,56.0
2026-07-16 03:51:20.152326,C-Scheme,190.98,0.21,45.4
2026-07-16 04:51:20.152326,C-Scheme,181.28,0.79,43.0
2026-07-16 05:51:20.152326,C-Scheme,206.73,2.0,48.7
2026-07-16 06:51:20.152326,C-Scheme,222.73,4.46,52.0
2026-07-16 07:51:20.152326,C-Scheme,215.38,12.88,48.2
2026-07-16 08:51:20.152326,C-Scheme,419.13,27.06,93.3
2026-07-16 09:51:20.152326,C-Scheme,346.27,45.19,71.7
2026-07-16 10:51:20.152326,C-Scheme,417.03,57.98,85.5
2026-07-16 11:51:20.152326,C-Scheme,457.16,92.75,86.8
2026-07-16 12:51:20.152326,C-Scheme,454.57,123.78,78.8
2026-07-16 13:51:20.152326,C-Scheme,448.67,132.76,75.2
2026-07-16 14:51:20.152326,C-Scheme,417.66,119.41,71.0
2026-07-16 15:51:20.152326,C-Scheme,418.91,87.17,79.0
2026-07-16 16:51:20.152326,C-Scheme,418.28,76.95,81.3
2026-07-16 17:51:20.152326,C-Scheme,468.19,53.81,98.7
2026-07-16 18:51:20.152326,C-Scheme,417.94,26.05,93.3
2026-07-16 19:51:20.152326,C-Scheme,198.52,13.64,44.0
2026-07-16 20:51:20.152326,C-Scheme,201.21,4.62,46.8
2026-07-16 21:51:20.152326,C-Scheme,230.24,1.96,54.4
2026-07-16 22:51:20.152326,C-Scheme,220.68,0.72,52.4
2026-07-16 23:51:20.152326,C-Scheme,200.59,0.2,47.7
2026-07-17 00:51:20.152326,C-Scheme,209.66,0.0,49.9
2026-07-17 01:51:20.152326,C-Scheme,199.8,0.01,47.6
2026-07-17 02:51:20.152326,C-Scheme,219.72,0.06,52.3
2026-07-17 03:51:20.152326,C-Scheme,201.59,0.2,47.9
2026-07-17 04:51:20.152326,C-Scheme,210.69,0.72,50.0
2026-07-17 05:51:20.152326,C-Scheme,211.97,1.74,50.1
2026-07-17 06:51:20.152326,C-Scheme,220.92,6.18,51.1
2026-07-17 07:51:20.152326,C-Scheme,207.29,12.56,46.4
2026-07-17 08:51:20.152326,C-Scheme,391.43,24.81,87.3
2026-07-17 09:51:20.152326,C-Scheme,439.85,50.24,92.8
2026-07-17 10:51:20.152326,C-Scheme,388.27,70.02,75.8
2026-07-17 11:51:20.152326,C-Scheme,409.4,73.57,80.0
2026-07-17 12:51:20.152326,C-Scheme,399.93,113.19,68.3
2026-07-17 13:51:20.152326,C-Scheme,387.58,110.47,66.0
2026-07-17 14:51:20.152326,C-Scheme,440.03,139.0,71.7
2026-07-17 15:51:20.152326,C-Scheme,454.74,90.98,86.6
2026-07-17 16:51:20.152326,C-Scheme,418.34,69.13,83.1
2026-07-17 17:51:20.152326,C-Scheme,434.19,39.05,94.1
2026-07-17 18:51:20.152326,C-Scheme,408.16,22.61,91.8
2026-07-17 19:51:20.152326,C-Scheme,197.25,12.72,43.9
2026-07-17 20:51:20.152326,C-Scheme,192.56,5.27,44.6
2026-07-17 21:51:20.152326,C-Scheme,216.3,1.98,51.0
2026-07-17 22:51:20.152326,C-Scheme,224.71,0.77,53.3
2026-07-17 23:51:20.152326,C-Scheme,217.94,0.18,51.8
2026-07-18 00:51:20.152326,C-Scheme,223.99,0.0,53.3
2026-07-18 01:51:20.152326,C-Scheme,205.11,0.01,48.8
2026-07-18 02:51:20.152326,C-Scheme,222.63,0.04,53.0
2026-07-18 03:51:20.152326,C-Scheme,196.56,0.19,46.8
2026-07-18 04:51:20.152326,C-Scheme,206.16,0.64,48.9
2026-07-18 05:51:20.152326,C-Scheme,211.84,1.18,50.2
2026-07-18 06:51:20.152326,C-Scheme,240.09,4.89,56.0
2026-07-18 07:51:20.152326,C-Scheme,204.27,9.35,46.4
2026-07-18 08:51:20.152326,C-Scheme,426.37,15.19,97.9
2026-07-18 09:51:20.152326,C-Scheme,439.69,33.94,96.6
2026-07-18 10:51:20.152326,C-Scheme,348.09,53.26,70.2
2026-07-18 11:51:20.152326,C-Scheme,394.38,76.79,75.6
2026-07-18 12:51:20.152326,C-Scheme,411.26,79.72,78.9
2026-07-18 13:51:20.152326,C-Scheme,410.31,86.71,77.0
2026-07-18 14:51:20.152326,C-Scheme,427.72,91.39,80.1
2026-07-18 15:51:20.152326,C-Scheme,434.21,67.75,87.3
2026-07-18 16:51:20.152326,C-Scheme,405.21,49.22,84.8
2026-07-18 17:51:20.152326,C-Scheme,415.72,33.21,91.1
2026-07-18 18:51:20.152326,C-Scheme,397.76,17.17,90.6
2026-07-18 19:51:20.152326,C-Scheme,224.71,7.94,51.6
2026-07-18 20:51:20.152326,C-Scheme,205.14,3.8,47.9
2026-07-18 21:51:20.152326,C-Scheme,221.08,1.39,52.3
2026-07-18 22:51:20.152326,C-Scheme,215.66,0.59,51.2
2026-07-18 23:51:20.152326,C-Scheme,226.56,0.17,53.9
2026-07-19 00:51:20.152326,C-Scheme,221.8,0.0,52.8
2026-07-19 01:51:20.152326,C-Scheme,222.04,0.01,52.9
2026-07-19 02:51:20.152326,C-Scheme,206.42,0.04,49.1
2026-07-19 03:51:20.152326,C-Scheme,209.97,0.19,49.9
2026-07-19 04:51:20.152326,C-Scheme,190.14,0.55,45.1
2026-07-19 05:51:20.152326,C-Scheme,209.2,1.67,49.4
2026-07-19 06:51:20.152326,C-Scheme,204.88,3.6,47.9
2026-07-19 07:51:20.152326,C-Scheme,209.09,8.17,47.8
2026-07-19 08:51:20.152326,C-Scheme,391.45,18.88,88.7
2026-07-19 09:51:20.152326,C-Scheme,412.06,31.55,90.6
2026-07-19 10:51:20.152326,C-Scheme,408.97,53.55,84.6
2026-07-19 11:51:20.152326,C-Scheme,457.35,62.83,93.9
2026-07-19 12:51:20.152326,C-Scheme,417.96,87.96,78.6
2026-07-19 13:51:20.152326,C-Scheme,411.35,100.93,73.9
2026-07-19 14:51:20.152326,C-Scheme,443.33,82.82,85.8
2026-07-19 15:51:20.152326,C-Scheme,414.36,73.93,81.1
2026-07-19 16:51:20.152326,C-Scheme,477.82,47.9,102.4
2026-07-19 17:51:20.152326,C-Scheme,372.21,34.89,80.3
2026-07-19 18:51:20.152326,C-Scheme,364.65,17.61,82.6
2026-07-19 19:51:20.152326,C-Scheme,192.28,8.49,43.8
2026-07-19 20:51:20.152326,C-Scheme,207.99,3.76,48.6
2026-07-19 21:51:20.152326,C-Scheme,206.85,1.34,48.9
2026-07-19 22:51:20.152326,C-Scheme,225.56,0.61,53.6
2026-07-19 23:51:20.152326,C-Scheme,206.82,0.17,49.2
2026-07-20 00:51:20.152326,C-Scheme,217.35,0.0,51.7
2026-07-20 01:51:20.152326,C-Scheme,216.79,0.01,51.6
2026-07-20 02:51:20.152326,C-Scheme,196.02,0.06,46.7
2026-07-20 03:51:20.152326,C-Scheme,218.7,0.21,52.0
2026-07-20 04:51:20.152326,C-Scheme,209.22,0.77,49.6
2026-07-20 05:51:20.152326,C-Scheme,202.98,2.1,47.8
2026-07-20 06:51:20.152326,C-Scheme,191.19,4.51,44.4
2026-07-20 07:51:20.152326,C-Scheme,201.67,13.21,44.9
2026-07-20 08:51:20.152326,C-Scheme,403.57,24.53,90.2
2026-07-20 09:51:20.152326,C-Scheme,426.95,44.67,91.0
2026-07-20 10:51:20.152326,C-Scheme,427.82,64.75,86.4
2026-07-20 11:51:20.152326,C-Scheme,395.3,109.2,68.1
2026-07-20 12:51:20.152326,C-Scheme,437.04,111.91,77.4
2026-07-20 13:51:20.152326,C-Scheme,445.18,117.64,78.0
2026-07-20 14:51:20.152326,C-Scheme,444.25,135.42,73.5
2026-07-20 15:51:20.152326,C-Scheme,409.8,94.01,75.2
2026-07-20 16:51:20.152326,C-Scheme,419.76,66.08,84.2
2026-07-20 17:51:20.152326,C-Scheme,478.95,42.41,103.9
2026-07-20 18:51:20.152326,C-Scheme,473.44,25.92,106.6
2026-07-20 19:51:20.152326,C-Scheme,204.36,13.13,45.5
2026-07-20 20:51:20.152326,C-Scheme,248.13,5.75,57.7
2026-07-20 21:51:20.152326,C-Scheme,230.63,1.62,54.5
2026-07-20 22:51:20.152326,C-Scheme,239.63,0.68,56.9
2026-07-20 23:51:20.152326,C-Scheme,204.78,0.19,48.7
2026-07-21 00:51:20.152326,C-Scheme,233.41,0.0,55.6
2026-07-21 01:51:20.152326,C-Scheme,207.48,0.01,49.4
2026-07-21 02:51:20.152326,C-Scheme,218.29,0.05,52.0
2026-07-21 03:51:20.152326,C-Scheme,223.67,0.23,53.2
2026-07-21 04:51:20.152326,C-Scheme,215.22,0.79,51.1
2026-07-21 05:51:20.152326,C-Scheme,218.07,2.1,51.4
2026-07-21 06:51:20.152326,C-Scheme,220.17,4.76,51.3
2026-07-21 07:51:20.152326,C-Scheme,195.94,12.4,43.7
2026-07-21 08:51:20.152326,C-Scheme,468.46,26.1,105.3
2026-07-21 09:51:20.152326,C-Scheme,417.25,49.94,87.5
2026-07-21 10:51:20.152326,C-Scheme,394.24,71.83,76.8
2026-07-21 11:51:20.152326,C-Scheme,421.44,90.92,78.7
2026-07-21 12:51:20.152326,C-Scheme,499.8,117.18,91.1
2026-07-21 13:51:20.152326,C-Scheme,455.66,128.04,78.0
2026-07-21 14:51:20.152326,C-Scheme,371.38,138.36,55.5
2026-07-21 15:51:20.152326,C-Scheme,423.61,96.91,77.8
2026-07-21 16:51:20.152326,C-Scheme,408.52,68.49,81.0
2026-07-21 17:51:20.152326,C-Scheme,443.35,51.48,93.3
2026-07-21 18:51:20.152326,C-Scheme,414.99,28.03,92.1
2026-07-21 19:51:20.152326,C-Scheme,214.81,13.15,48.0
2026-07-21 20:51:20.152326,C-Scheme,206.01,5.8,47.7
2026-07-21 21:51:20.152326,C-Scheme,203.13,2.17,47.8
2026-07-21 22:51:20.152326,C-Scheme,193.63,0.72,45.9
2026-07-21 23:51:20.152326,C-Scheme,232.49,0.22,55.3
2026-07-22 00:51:20.152326,C-Scheme,210.62,0.0,50.1
2026-07-22 01:51:20.152326,C-Scheme,199.16,0.01,47.4
2026-07-22 02:51:20.152326,C-Scheme,212.48,0.06,50.6
2026-07-22 03:51:20.152326,C-Scheme,241.39,0.22,57.4
2026-07-22 04:51:20.152326,C-Scheme,189.59,0.57,45.0
2026-07-22 05:51:20.152326,C-Scheme,207.91,1.81,49.1
2026-07-22 06:51:20.152326,C-Scheme,222.82,5.59,51.7
2026-07-22 07:51:20.152326,C-Scheme,220.79,11.88,49.7
2026-07-22 08:51:20.152326,C-Scheme,412.21,29.2,91.2
2026-07-22 09:51:20.152326,C-Scheme,477.71,45.52,102.9
2026-07-22 10:51:20.152326,C-Scheme,396.9,76.96,76.2
2026-07-22 11:51:20.152326,C-Scheme,410.26,95.78,74.9
2026-07-22 12:51:20.152326,C-Scheme,399.96,122.94,66.0
2026-07-22 13:51:20.152326,C-Scheme,370.22,115.66,60.6
2026-07-22 14:51:20.152326,C-Scheme,401.79,122.4,66.5
2026-07-22 15:51:20.152326,C-Scheme,460.86,93.4,87.5
2026-07-22 16:51:20.152326,C-Scheme,433.62,60.76,88.8
2026-07-22 17:51:20.152326,C-Scheme,423.33,44.77,90.1
2026-07-22 18:51:20.152326,C-Scheme,414.66,21.04,93.7
2026-07-22 19:51:20.152326,C-Scheme,217.07,11.53,48.9
2026-07-22 20:51:20.152326,C-Scheme,214.64,5.1,49.9
2026-07-22 21:51:20.152326,C-Scheme,220.36,2.49,51.9
2026-07-22 22:51:20.152326,C-Scheme,183.66,0.72,43.6
2026-07-22 23:51:20.152326,C-Scheme,187.96,0.22,44.7
2026-07-23 00:51:20.152326,C-Scheme,199.73,0.0,47.6
2026-07-23 01:51:20.152326,C-Scheme,206.02,0.01,49.0
2026-07-23 02:51:20.152326,C-Scheme,201.9,0.04,48.1
2026-07-23 03:51:20.152326,C-Scheme,188.17,0.23,44.7
2026-07-23 04:51:20.152326,C-Scheme,194.15,0.63,46.1
2026-07-23 05:51:20.152326,C-Scheme,219.56,2.1,51.8
2026-07-23 06:51:20.152326,C-Scheme,195.35,6.07,45.1
2026-07-23 07:51:20.152326,C-Scheme,214.62,10.81,48.5
2026-07-23 08:51:20.152326,C-Scheme,443.81,23.52,100.1
2026-07-23 09:51:20.152326,C-Scheme,390.78,41.77,83.1
2026-07-23 10:51:20.152326,C-Scheme,435.66,72.22,86.5
2026-07-23 11:51:20.152326,C-Scheme,438.71,96.76,81.4
2026-07-23 12:51:20.152326,C-Scheme,368.54,119.35,59.3
2026-07-23 13:51:20.152326,C-Scheme,440.1,126.0,74.8
2026-07-23 14:51:20.152326,C-Scheme,416.39,121.61,70.2
2026-07-23 15:51:20.152326,C-Scheme,415.22,82.62,79.2
2026-07-23 16:51:20.152326,C-Scheme,415.27,73.67,81.3
2026-07-23 17:51:20.152326,C-Scheme,387.42,47.01,81.1
2026-07-23 18:51:20.152326,C-Scheme,389.43,24.72,86.8
2026-07-23 19:51:20.152326,C-Scheme,202.77,11.99,45.4
2026-07-23 20:51:20.152326,C-Scheme,217.64,5.18,50.6
2026-07-23 21:51:20.152326,C-Scheme,183.74,2.04,43.3
2026-07-23 22:51:20.152326,C-Scheme,205.07,0.73,48.7
2026-07-23 23:51:20.152326,C-Scheme,213.44,0.2,50.8
2026-07-24 00:51:20.152326,C-Scheme,207.79,0.0,49.5
2026-07-24 01:51:20.152326,C-Scheme,225.24,0.01,53.6
2026-07-24 02:51:20.152326,C-Scheme,226.74,0.05,54.0
2026-07-24 03:51:20.152326,C-Scheme,210.41,0.22,50.0
2026-07-24 04:51:20.152326,C-Scheme,207.74,0.64,49.3
2026-07-24 05:51:20.152326,C-Scheme,227.91,2.13,53.8
2026-07-24 06:51:20.152326,C-Scheme,218.04,4.65,50.8
2026-07-24 07:51:20.152326,C-Scheme,195.08,11.81,43.6
2026-07-24 08:51:20.152326,C-Scheme,417.58,24.41,93.6
2026-07-24 09:51:20.152326,C-Scheme,446.94,45.68,95.5
2026-07-24 10:51:20.152326,C-Scheme,426.19,74.63,83.7
2026-07-24 11:51:20.152326,C-Scheme,438.16,84.61,84.2
2026-07-24 12:51:20.152326,C-Scheme,398.29,113.79,67.7
2026-07-24 13:51:20.152326,C-Scheme,390.24,145.86,58.2
2026-07-24 14:51:20.152326,C-Scheme,420.77,138.39,67.2
2026-07-24 15:51:20.152326,C-Scheme,438.2,108.76,78.4
2026-07-24 16:51:20.152326,C-Scheme,414.07,67.61,82.5
2026-07-24 17:51:20.152326,C-Scheme,435.8,44.46,93.2
2026-07-24 18:51:20.152326,C-Scheme,407.32,23.64,91.4
2026-07-24 19:51:20.152326,C-Scheme,214.14,13.26,47.8
2026-07-24 20:51:20.152326,C-Scheme,208.98,6.32,48.3
2026-07-24 21:51:20.152326,C-Scheme,236.26,1.95,55.8
2026-07-24 22:51:20.152326,C-Scheme,219.09,0.75,52.0
2026-07-24 23:51:20.152326,C-Scheme,218.2,0.17,51.9
2026-07-25 00:51:20.152326,C-Scheme,216.44,0.0,51.5
2026-07-25 01:51:20.152326,C-Scheme,209.99,0.01,50.0
2026-07-25 02:51:20.152326,C-Scheme,205.71,0.04,49.0
2026-07-25 03:51:20.152326,C-Scheme,192.02,0.12,45.7
2026-07-25 04:51:20.152326,C-Scheme,208.5,0.54,49.5
2026-07-25 05:51:20.152326,C-Scheme,200.84,1.31,47.5
2026-07-25 06:51:20.152326,C-Scheme,221.32,3.57,51.8
2026-07-25 07:51:20.152326,C-Scheme,198.41,9.19,45.1
2026-07-25 08:51:20.152326,C-Scheme,403.9,21.01,91.2
2026-07-25 09:51:20.152326,C-Scheme,371.8,34.71,80.3
2026-07-25 10:51:20.152326,C-Scheme,439.18,55.14,91.4
2026-07-25 11:51:20.152326,C-Scheme,439.43,69.68,88.0
2026-07-25 12:51:20.152326,C-Scheme,442.75,95.4,82.7
2026-07-25 13:51:20.152326,C-Scheme,411.44,89.99,76.5
2026-07-25 14:51:20.152326,C-Scheme,428.87,93.64,79.8
2026-07-25 15:51:20.152326,C-Scheme,359.82,81.25,66.3
2026-07-25 16:51:20.152326,C-Scheme,420.96,45.2,89.5
2026-07-25 17:51:20.152326,C-Scheme,439.13,33.91,96.5
2026-07-25 18:51:20.152326,C-Scheme,405.27,15.05,92.9
2026-07-25 19:51:20.152326,C-Scheme,220.0,9.8,50.0
2026-07-25 20:51:20.152326,C-Scheme,231.91,4.71,54.1
2026-07-25 21:51:20.152326,C-Scheme,200.59,1.77,47.3
2026-07-25 22:51:20.152326,C-Scheme,203.94,0.57,48.4
2026-07-25 23:51:20.152326,C-Scheme,235.92,0.19,56.1
2026-07-26 00:51:20.152326,C-Scheme,214.68,0.0,51.1
2026-07-26 01:51:20.152326,C-Scheme,224.63,0.01,53.5
2026-07-26 02:51:20.152326,C-Scheme,196.71,0.04,46.8
2026-07-26 03:51:20.152326,C-Scheme,197.97,0.15,47.1
2026-07-26 04:51:20.152326,C-Scheme,180.58,0.5,42.9
2026-07-26 05:51:20.152326,C-Scheme,228.23,1.68,53.9
2026-07-26 06:51:20.152326,C-Scheme,205.05,3.65,48.0
2026-07-26 07:51:20.152326,C-Scheme,221.23,10.82,50.1
2026-07-26 08:51:20.152326,C-Scheme,419.15,19.28,95.2
2026-07-26 09:51:20.152326,C-Scheme,410.8,30.46,90.6
2026-07-26 10:51:20.152326,C-Scheme,379.01,50.62,78.2
2026-07-26 11:51:20.152326,C-Scheme,428.03,66.06,86.2
2026-07-26 12:51:20.152326,C-Scheme,428.87,83.99,82.1
2026-07-26 13:51:20.152326,C-Scheme,460.4,97.84,86.3
2026-07-26 14:51:20.152326,C-Scheme,452.44,97.76,84.4
2026-07-26 15:51:20.152326,C-Scheme,416.98,76.33,81.1
2026-07-26 16:51:20.152326,C-Scheme,457.23,49.2,97.1
2026-07-26 17:51:20.152326,C-Scheme,440.35,33.75,96.8
2026-07-26 18:51:20.152326,C-Scheme,426.85,17.75,97.4
2026-07-26 19:51:20.152326,C-Scheme,208.58,7.45,47.9
2026-07-26 20:51:20.152326,C-Scheme,207.73,4.43,48.4
2026-07-26 21:51:20.152326,C-Scheme,231.29,1.44,54.7
2026-07-26 22:51:20.152326,C-Scheme,203.39,0.53,48.3
2026-07-26 23:51:20.152326,C-Scheme,205.61,0.17,48.9
2026-07-27 00:51:20.152326,C-Scheme,226.77,0.0,54.0
2026-07-27 01:51:20.152326,C-Scheme,203.52,0.01,48.5
2026-07-27 02:51:20.152326,C-Scheme,186.76,0.06,44.5
2026-07-27 03:51:20.152326,C-Scheme,232.94,0.2,55.4
2026-07-27 04:51:20.152326,C-Scheme,217.57,0.61,51.7
2026-07-27 05:51:20.152326,C-Scheme,210.43,2.0,49.6
2026-07-27 06:51:20.152326,C-Scheme,216.3,4.54,50.4
2026-07-27 07:51:20.152326,C-Scheme,205.4,11.04,46.3
2026-07-27 08:51:20.152326,C-Scheme,420.92,27.91,93.6
2026-07-27 09:51:20.152326,C-Scheme,459.06,38.32,100.2
2026-07-27 10:51:20.152326,C-Scheme,432.5,77.15,84.6
2026-07-27 11:51:20.152326,C-Scheme,427.44,102.61,77.3
2026-07-27 12:51:20.152326,C-Scheme,415.47,115.31,71.5
2026-07-27 13:51:20.152326,C-Scheme,430.69,127.3,72.2
2026-07-27 14:51:20.152326,C-Scheme,371.43,106.7,63.0
2026-07-27 15:51:20.152326,C-Scheme,393.19,93.07,71.5
2026-07-27 16:51:20.152326,C-Scheme,470.95,66.1,96.4
2026-07-27 17:51:20.152326,C-Scheme,412.78,43.39,87.9
2026-07-27 18:51:20.152326,C-Scheme,424.98,21.32,96.1
2026-07-27 19:51:20.152326,C-Scheme,203.65,12.63,45.5
2026-07-27 20:51:20.152326,C-Scheme,206.92,5.66,47.9
2026-07-27 21:51:20.152326,C-Scheme,208.83,2.06,49.2
2026-07-27 22:51:20.152326,C-Scheme,197.87,0.63,47.0
2026-07-27 23:51:20.152326,C-Scheme,202.68,0.21,48.2
2026-07-28 00:51:20.152326,C-Scheme,173.56,0.0,41.3
2026-07-28 01:51:20.152326,C-Scheme,216.89,0.01,51.6
2026-07-28 02:51:20.152326,C-Scheme,185.16,0.05,44.1
2026-07-28 03:51:20.152326,C-Scheme,224.94,0.22,53.5
2026-07-28 04:51:20.152326,C-Scheme,215.02,0.79,51.0
2026-07-28 05:51:20.152326,C-Scheme,209.58,2.03,49.4
2026-07-28 06:51:20.152326,C-Scheme,211.01,4.55,49.2
2026-07-28 07:51:20.152326,C-Scheme,217.36,10.88,49.2
2026-07-28 08:51:20.152326,C-Scheme,431.83,24.79,96.9
2026-07-28 09:51:20.152326,C-Scheme,379.48,43.53,80.0
2026-07-28 10:51:20.152326,C-Scheme,432.01,64.44,87.5
2026-07-28 11:51:20.152326,C-Scheme,407.42,94.75,74.4
2026-07-28 12:51:20.152326,C-Scheme,405.99,102.48,72.3
2026-07-28 13:51:20.152326,C-Scheme,439.32,131.39,73.3
2026-07-28 14:51:20.152326,C-Scheme,421.88,108.25,74.7
2026-07-28 15:51:20.152326,C-Scheme,361.65,93.41,63.9
2026-07-28 16:51:20.152326,C-Scheme,382.87,66.34,75.4
2026-07-28 17:51:20.152326,C-Scheme,423.77,41.2,91.1
2026-07-28 18:51:20.152326,C-Scheme,414.81,22.51,93.4
2026-07-28 19:51:20.152326,C-Scheme,227.95,13.84,51.0
2026-07-28 20:51:20.152326,C-Scheme,212.88,5.62,49.3
2026-07-28 21:51:20.152326,C-Scheme,210.96,2.19,49.7
2026-07-28 22:51:20.152326,C-Scheme,192.19,0.62,45.6
2026-07-28 23:51:20.152326,C-Scheme,209.83,0.23,49.9
2026-07-29 00:51:20.152326,C-Scheme,206.91,0.0,49.3
2026-07-29 01:51:20.152326,C-Scheme,219.6,0.01,52.3
2026-07-29 02:51:20.152326,C-Scheme,203.26,0.06,48.4
2026-07-29 03:51:20.152326,C-Scheme,216.0,0.24,51.4
2026-07-29 04:51:20.152326,C-Scheme,225.96,0.63,53.6
2026-07-29 05:51:20.152326,C-Scheme,178.95,2.14,42.1
2026-07-29 06:51:20.152326,C-Scheme,223.62,6.25,51.8
2026-07-29 07:51:20.152326,C-Scheme,214.42,11.34,48.4
2026-07-29 08:51:20.152326,C-Scheme,396.7,21.69,89.3
2026-07-29 09:51:20.152326,C-Scheme,433.7,41.37,93.4
2026-07-29 10:51:20.152326,C-Scheme,442.63,71.92,88.3
2026-07-29 11:51:20.152326,C-Scheme,390.79,102.86,68.6
2026-07-29 12:51:20.152326,C-Scheme,479.6,127.01,84.0
2026-07-29 13:51:20.152326,C-Scheme,453.4,128.32,77.4
2026-07-29 14:51:20.152326,C-Scheme,440.72,108.5,79.1
2026-07-29 15:51:20.152326,C-Scheme,409.47,105.91,72.3
2026-07-29 16:51:20.152326,C-Scheme,428.39,61.96,87.2
2026-07-29 17:51:20.152326,C-Scheme,377.54,45.57,79.0
2026-07-29 18:51:20.152326,C-Scheme,437.15,26.93,97.7
2026-07-29 19:51:20.152326,C-Scheme,199.72,11.01,44.9
2026-07-29 20:51:20.152326,C-Scheme,204.95,4.37,47.8
2026-07-29 21:51:20.152326,C-Scheme,229.79,2.21,54.2
2026-07-29 22:51:20.152326,C-Scheme,198.55,0.67,47.1
2026-07-29 23:51:20.152326,C-Scheme,209.14,0.2,49.7
2026-07-30 00:51:20.152326,C-Scheme,211.67,0.0,50.4
2026-07-30 01:51:20.152326,C-Scheme,208.47,0.01,49.6
2026-07-30 02:51:20.152326,C-Scheme,204.84,0.06,48.8
2026-07-30 03:51:20.152326,C-Scheme,204.78,0.23,48.7
2026-07-30 04:51:20.152326,C-Scheme,183.01,0.67,43.4
2026-07-30 05:51:20.152326,C-Scheme,195.61,1.9,46.1
2026-07-30 06:51:20.152326,C-Scheme,199.99,5.31,46.4
2026-07-30 07:51:20.152326,C-Scheme,184.1,10.39,41.4
2026-07-30 08:51:20.152326,C-Scheme,463.7,28.65,103.6
2026-07-30 09:51:20.152326,C-Scheme,363.11,49.24,74.7
2026-07-30 10:51:20.152326,C-Scheme,393.0,63.01,78.6
2026-07-30 11:51:20.152326,C-Scheme,442.45,101.3,81.2
2026-07-30 12:51:20.152326,C-Scheme,396.93,114.83,67.2
2026-07-30 13:51:20.152326,C-Scheme,383.95,115.03,64.0
2026-07-30 14:51:20.152326,C-Scheme,406.52,108.16,71.0
2026-07-30 15:51:20.152326,C-Scheme,403.83,105.23,71.1
2026-07-30 16:51:20.152326,C-Scheme,417.57,57.4,85.8
2026-07-30 17:51:20.152326,C-Scheme,463.06,38.27,101.1
2026-07-30 18:51:20.152326,C-Scheme,411.35,29.15,91.0
2026-07-30 19:51:20.152326,C-Scheme,202.01,13.3,44.9
2026-07-30 20:51:20.152326,C-Scheme,238.78,5.83,55.5
2026-07-30 21:51:20.152326,C-Scheme,191.69,1.74,45.2
2026-07-30 22:51:20.152326,C-Scheme,216.1,0.78,51.3
2026-07-30 23:51:20.152326,C-Scheme,216.12,0.2,51.4
2026-07-31 00:51:20.152326,C-Scheme,192.1,0.0,45.7
2026-07-31 01:51:20.152326,C-Scheme,218.76,0.01,52.1
2026-07-31 02:51:20.152326,C-Scheme,210.12,0.06,50.0
2026-07-31 03:51:20.152326,C-Scheme,210.55,0.21,50.1
2026-07-31 04:51:20.152326,C-Scheme,214.48,0.79,50.9
2026-07-31 05:51:20.152326,C-Scheme,209.58,1.77,49.5
2026-07-31 06:51:20.152326,C-Scheme,205.74,5.39,47.7
2026-07-31 07:51:20.152326,C-Scheme,207.57,12.47,46.5
2026-07-31 08:51:20.152326,C-Scheme,398.57,22.13,89.6
2026-07-31 09:51:20.152326,C-Scheme,423.81,41.59,91.0
2026-07-31 10:51:20.152326,C-Scheme,395.64,72.9,76.8
2026-07-31 11:51:20.152326,C-Scheme,423.06,96.61,77.7
2026-07-31 12:51:20.152326,C-Scheme,424.85,127.32,70.8
2026-07-31 13:51:20.152326,C-Scheme,412.71,138.05,65.4
2026-07-31 14:51:20.152326,C-Scheme,387.68,115.03,64.9
2026-07-31 15:51:20.152326,C-Scheme,435.12,91.9,81.7
2026-07-31 16:51:20.152326,C-Scheme,479.54,65.34,98.6
2026-07-31 17:51:20.152326,C-Scheme,463.8,40.43,100.8
2026-07-31 18:51:20.152326,C-Scheme,465.87,24.03,105.2
2026-07-31 19:51:20.152326,C-Scheme,205.94,12.13,46.1
2026-07-31 20:51:20.152326,C-Scheme,205.97,4.4,48.0
2026-07-31 21:51:20.152326,C-Scheme,193.48,1.8,45.6
2026-07-31 22:51:20.152326,C-Scheme,218.61,0.71,51.9
2026-07-31 23:51:20.152326,C-Scheme,186.39,0.23,44.3
2026-08-01 00:51:20.152326,C-Scheme,188.22,0.0,44.8
2026-08-01 01:51:20.152326,C-Scheme,202.11,0.01,48.1
2026-08-01 02:51:20.152326,C-Scheme,206.24,0.04,49.1
2026-08-01 03:51:20.152326,C-Scheme,220.83,0.13,52.5
2026-08-01 04:51:20.152326,C-Scheme,223.93,0.47,53.2
2026-08-01 05:51:20.152326,C-Scheme,213.18,1.44,50.4
2026-08-01 06:51:20.152326,C-Scheme,212.64,3.82,49.7
2026-08-01 07:51:20.152326,C-Scheme,236.15,12.23,53.3
2026-08-01 08:51:20.152326,C-Scheme,419.89,20.34,95.1
2026-08-01 09:51:20.152326,C-Scheme,402.37,33.32,87.9
2026-08-01 10:51:20.152326,C-Scheme,407.24,56.54,83.5
2026-08-01 11:51:20.152326,C-Scheme,423.97,92.12,79.0
2026-08-01 12:51:20.152326,C-Scheme,356.85,90.55,63.4
2026-08-01 13:51:20.152326,C-Scheme,414.48,104.17,73.9
2026-08-01 14:51:20.152326,C-Scheme,445.21,89.56,84.7
2026-08-01 15:51:20.152326,C-Scheme,421.14,79.0,81.5
2026-08-01 16:51:20.152326,C-Scheme,389.17,53.34,80.0
2026-08-01 17:51:20.152326,C-Scheme,436.12,30.89,96.5
2026-08-01 18:51:20.152326,C-Scheme,448.89,18.8,102.4
2026-08-01 19:51:20.152326,C-Scheme,187.58,8.71,42.6
2026-08-01 20:51:20.152326,C-Scheme,214.67,4.07,50.1
2026-08-01 21:51:20.152326,C-Scheme,214.86,1.47,50.8
2026-08-01 22:51:20.152326,C-Scheme,193.0,0.58,45.8
2026-08-01 23:51:20.152326,C-Scheme,185.32,0.15,44.1
2026-08-02 00:51:20.152326,C-Scheme,209.96,0.0,50.0
2026-08-02 01:51:20.152326,C-Scheme,203.52,0.01,48.5
2026-08-02 02:51:20.152326,C-Scheme,208.25,0.03,49.6
2026-08-02 03:51:20.152326,C-Scheme,220.7,0.18,52.5
2026-08-02 04:51:20.152326,C-Scheme,189.73,0.53,45.0
2026-08-02 05:51:20.152326,C-Scheme,216.87,1.44,51.3
2026-08-02 06:51:20.152326,C-Scheme,215.56,4.2,50.3
2026-08-02 07:51:20.152326,C-Scheme,206.44,9.11,47.0
2026-08-02 08:51:20.152326,C-Scheme,393.72,20.15,88.9
2026-08-02 09:51:20.152326,C-Scheme,429.12,30.5,94.9
2026-08-02 10:51:20.152326,C-Scheme,388.51,58.35,78.6
2026-08-02 11:51:20.152326,C-Scheme,429.88,66.52,86.5
2026-08-02 12:51:20.152326,C-Scheme,442.67,86.49,84.8
2026-08-02 13:51:20.152326,C-Scheme,418.13,97.64,76.3
2026-08-02 14:51:20.152326,C-Scheme,418.76,100.63,75.7
2026-08-02 15:51:20.152326,C-Scheme,431.21,80.67,83.5
2026-08-02 16:51:20.152326,C-Scheme,360.61,41.18,76.1
2026-08-02 17:51:20.152326,C-Scheme,424.76,39.43,91.7
2026-08-02 18:51:20.152326,C-Scheme,432.75,17.72,98.8
2026-08-02 19:51:20.152326,C-Scheme,195.37,9.56,44.2
2026-08-02 20:51:20.152326,C-Scheme,214.8,3.91,50.2
2026-08-02 21:51:20.152326,C-Scheme,219.38,1.61,51.9
2026-08-02 22:51:20.152326,C-Scheme,209.07,0.5,49.7
2026-08-02 23:51:20.152326,C-Scheme,219.93,0.14,52.3
2026-08-03 00:51:20.152326,C-Scheme,200.67,0.0,47.8
2026-08-03 01:51:20.152326,C-Scheme,223.17,0.01,53.1
2026-08-03 02:51:20.152326,C-Scheme,206.76,0.06,49.2
2026-08-03 03:51:20.152326,C-Scheme,206.93,0.18,49.2
2026-08-03 04:51:20.152326,C-Scheme,214.74,0.65,51.0
2026-08-03 05:51:20.152326,C-Scheme,224.16,1.86,52.9
2026-08-03 06:51:20.152326,C-Scheme,231.85,5.96,53.8
2026-08-03 07:51:20.152326,C-Scheme,196.1,13.74,43.4
2026-08-03 08:51:20.152326,C-Scheme,407.7,24.85,91.2
2026-08-03 09:51:20.152326,C-Scheme,431.65,48.6,91.2
2026-08-03 10:51:20.152326,C-Scheme,467.81,63.39,96.3
2026-08-03 11:51:20.152326,C-Scheme,426.54,90.74,80.0
2026-08-03 12:51:20.152326,C-Scheme,430.59,114.72,75.2
2026-08-03 13:51:20.152326,C-Scheme,431.3,122.57,73.5
2026-08-03 14:51:20.152326,C-Scheme,399.91,121.43,66.3
2026-08-03 15:51:20.152326,C-Scheme,425.13,90.63,79.6
2026-08-03 16:51:20.152326,C-Scheme,445.03,67.78,89.8
2026-08-03 17:51:20.152326,C-Scheme,431.99,50.26,90.9
2026-08-03 18:51:20.152326,C-Scheme,420.42,26.15,93.9
2026-08-03 19:51:20.152326,C-Scheme,214.75,13.29,48.0
2026-08-03 20:51:20.152326,C-Scheme,229.43,5.42,53.3
2026-08-03 21:51:20.152326,C-Scheme,227.55,1.99,53.7
2026-08-03 22:51:20.152326,C-Scheme,201.78,0.65,47.9
2026-08-03 23:51:20.152326,C-Scheme,221.44,0.18,52.7
2026-08-04 00:51:20.152326,C-Scheme,229.12,0.0,54.6
2026-08-04 01:51:20.152326,C-Scheme,177.16,0.01,42.2
2026-08-04 02:51:20.152326,C-Scheme,212.27,0.05,50.5
2026-08-04 03:51:20.152326,C-Scheme,217.51,0.19,51.7
2026-08-04 04:51:20.152326,C-Scheme,209.62,0.63,49.8
2026-08-04 05:51:20.152326,C-Scheme,224.46,1.66,53.0
2026-08-04 06:51:20.152326,C-Scheme,197.34,5.9,45.6
2026-08-04 07:51:20.152326,C-Scheme,216.2,13.93,48.2
2026-08-04 08:51:20.152326,C-Scheme,429.14,26.57,95.8
2026-08-04 09:51:20.152326,C-Scheme,416.75,47.16,88.0
2026-08-04 10:51:20.152326,C-Scheme,401.54,72.84,78.3
2026-08-04 11:51:20.152326,C-Scheme,405.13,95.55,73.7
2026-08-04 12:51:20.152326,C-Scheme,435.97,114.14,76.6
2026-08-04 13:51:20.152326,C-Scheme,389.87,99.16,69.2
2026-08-04 14:51:20.152326,C-Scheme,412.0,112.08,71.4
2026-08-04 15:51:20.152326,C-Scheme,390.1,78.77,74.1
2026-08-04 16:51:20.152326,C-Scheme,428.11,63.42,86.8
2026-08-04 17:51:20.152326,C-Scheme,409.11,48.32,85.9
2026-08-04 18:51:20.152326,C-Scheme,476.61,28.35,106.7
2026-08-04 19:51:20.152326,C-Scheme,203.35,11.8,45.6
2026-08-04 20:51:20.152326,C-Scheme,194.52,6.18,44.8
2026-08-04 21:51:20.152326,C-Scheme,205.61,1.98,48.5
2026-08-04 22:51:20.152326,C-Scheme,180.53,0.7,42.8
2026-08-04 23:51:20.152326,C-Scheme,200.19,0.2,47.6
2026-08-05 00:51:20.152326,C-Scheme,206.74,0.0,49.2
2026-08-05 01:51:20.152326,C-Scheme,229.96,0.01,54.7
2026-08-05 02:51:20.152326,C-Scheme,204.72,0.06,48.7
2026-08-05 03:51:20.152326,C-Scheme,220.23,0.18,52.4
2026-08-05 04:51:20.152326,C-Scheme,204.63,0.76,48.5
2026-08-05 05:51:20.152326,C-Scheme,207.42,2.26,48.8
2026-08-05 06:51:20.152326,C-Scheme,210.55,4.83,49.0
2026-08-05 07:51:20.152326,C-Scheme,198.61,12.76,44.2
2026-08-05 08:51:20.152326,C-Scheme,424.6,19.5,96.5
2026-08-05 09:51:20.152326,C-Scheme,420.3,39.0,90.8
2026-08-05 10:51:20.152326,C-Scheme,454.16,68.4,91.8
2026-08-05 11:51:20.152326,C-Scheme,409.3,95.06,74.8
2026-08-05 12:51:20.152326,C-Scheme,397.92,101.6,70.6
2026-08-05 13:51:20.152326,C-Scheme,408.58,134.81,65.2
2026-08-05 14:51:20.152326,C-Scheme,441.45,112.69,78.3
2026-08-05 15:51:20.152326,C-Scheme,375.32,97.76,66.1
2026-08-05 16:51:20.152326,C-Scheme,415.85,71.39,82.0
2026-08-05 17:51:20.152326,C-Scheme,426.76,40.51,92.0
2026-08-05 18:51:20.152326,C-Scheme,405.52,28.2,89.8
2026-08-05 19:51:20.152326,C-Scheme,212.87,15.0,47.1
2026-08-05 20:51:20.152326,C-Scheme,212.24,5.5,49.2
2026-08-05 21:51:20.152326,C-Scheme,221.81,2.13,52.3
2026-08-05 22:51:20.152326,C-Scheme,211.43,0.72,50.2
2026-08-05 23:51:20.152326,C-Scheme,201.04,0.21,47.8
2026-08-06 00:51:20.152326,C-Scheme,207.71,0.0,49.5
2026-08-06 01:51:20.152326,C-Scheme,185.31,0.01,44.1
2026-08-06 02:51:20.152326,C-Scheme,215.52,0.06,51.3
2026-08-06 03:51:20.152326,C-Scheme,204.53,0.26,48.6
2026-08-06 04:51:20.152326,C-Scheme,195.16,0.79,46.3
2026-08-06 05:51:20.152326,C-Scheme,213.8,2.19,50.4
2026-08-06 06:51:20.152326,C-Scheme,207.92,5.52,48.2
2026-08-06 07:51:20.152326,C-Scheme,210.98,12.57,47.2
2026-08-06 08:51:20.152326,C-Scheme,424.57,22.24,95.8
2026-08-06 09:51:20.152326,C-Scheme,475.85,42.37,103.2
2026-08-06 10:51:20.152326,C-Scheme,450.98,70.72,90.5
2026-08-06 11:51:20.152326,C-Scheme,433.62,81.81,83.8
2026-08-06 12:51:20.152326,C-Scheme,377.32,121.25,61.0
2026-08-06 13:51:20.152326,C-Scheme,380.22,136.69,58.0
2026-08-06 14:51:20.152326,C-Scheme,405.2,124.36,66.9
2026-08-06 15:51:20.152326,C-Scheme,425.65,97.84,78.0
2026-08-06 16:51:20.152326,C-Scheme,379.68,59.76,76.2
2026-08-06 17:51:20.152326,C-Scheme,420.79,50.35,88.2
2026-08-06 18:51:20.152326,C-Scheme,397.23,27.63,88.0
2026-08-06 19:51:20.152326,C-Scheme,219.71,12.73,49.3
2026-08-06 20:51:20.152326,C-Scheme,231.69,4.73,54.0
2026-08-06 21:51:20.152326,C-Scheme,208.59,2.08,49.2
2026-08-06 22:51:20.152326,C-Scheme,189.25,0.76,44.9
2026-08-06 23:51:20.152326,C-Scheme,233.82,0.23,55.6
2026-08-07 00:51:20.152326,C-Scheme,217.47,0.0,51.8
2026-08-07 01:51:20.152326,C-Scheme,220.02,0.01,52.4
2026-08-07 02:51:20.152326,C-Scheme,224.91,0.05,53.5
2026-08-07 03:51:20.152326,C-Scheme,183.43,0.24,43.6
2026-08-07 04:51:20.152326,C-Scheme,196.27,0.72,46.6
2026-08-07 05:51:20.152326,C-Scheme,192.31,1.95,45.3
2026-08-07 06:51:20.152326,C-Scheme,222.99,4.42,52.0
2026-08-07 07:51:20.152326,C-Scheme,219.45,13.4,49.1
2026-08-07 08:51:20.152326,C-Scheme,417.23,28.08,92.7
2026-08-07 09:51:20.152326,C-Scheme,424.1,57.43,87.3
2026-08-07 10:51:20.152326,C-Scheme,382.11,76.73,72.7
2026-08-07 11:51:20.152326,C-Scheme,380.18,92.45,68.5
2026-08-07 12:51:20.152326,C-Scheme,467.32,118.75,83.0
2026-08-07 13:51:20.152326,C-Scheme,432.64,123.32,73.6
2026-08-07 14:51:20.152326,C-Scheme,391.35,126.85,63.0
2026-08-07 15:51:20.152326,C-Scheme,387.57,91.88,70.4
2026-08-07 16:51:20.152326,C-Scheme,378.76,65.01,74.7
2026-08-07 17:51:20.152326,C-Scheme,405.0,35.88,87.9
2026-08-07 18:51:20.152326,C-Scheme,464.08,24.13,104.8
2026-08-07 19:51:20.152326,C-Scheme,194.67,10.61,43.8
2026-08-07 20:51:20.152326,C-Scheme,226.22,5.79,52.5
2026-08-07 21:51:20.152326,C-Scheme,216.66,2.35,51.0
2026-08-07 22:51:20.152326,C-Scheme,193.44,0.74,45.9
2026-08-07 23:51:20.152326,C-Scheme,225.82,0.21,53.7
2026-08-08 00:51:20.152326,C-Scheme,212.14,0.0,50.5
2026-08-08 01:51:20.152326,C-Scheme,192.85,0.01,45.9
2026-08-08 02:51:20.152326,C-Scheme,212.65,0.05,50.6
2026-08-08 03:51:20.152326,C-Scheme,206.37,0.16,49.1
2026-08-08 04:51:20.152326,C-Scheme,211.25,0.66,50.1
2026-08-08 05:51:20.152326,C-Scheme,222.33,1.57,52.6
2026-08-08 06:51:20.152326,C-Scheme,207.37,3.52,48.5
2026-08-08 07:51:20.152326,C-Scheme,231.46,9.46,52.9
2026-08-08 08:51:20.152326,C-Scheme,367.85,19.77,82.9
2026-08-08 09:51:20.152326,C-Scheme,397.37,37.24,85.7
2026-08-08 10:51:20.152326,C-Scheme,386.86,46.9,80.9
2026-08-08 11:51:20.152326,C-Scheme,471.97,65.48,96.8
2026-08-08 12:51:20.152326,C-Scheme,406.75,72.17,79.7
2026-08-08 13:51:20.152326,C-Scheme,431.97,101.13,78.8
2026-08-08 14:51:20.152326,C-Scheme,409.3,100.65,73.5
2026-08-08 15:51:20.152326,C-Scheme,394.57,70.82,77.1
2026-08-08 16:51:20.152326,C-Scheme,440.77,53.85,92.1
2026-08-08 17:51:20.152326,C-Scheme,456.27,35.47,100.2
2026-08-08 18:51:20.152326,C-Scheme,419.03,20.67,94.8
2026-08-08 19:51:20.152326,C-Scheme,205.59,8.55,46.9
2026-08-08 20:51:20.152326,C-Scheme,214.17,3.48,50.2
2026-08-08 21:51:20.152326,C-Scheme,218.67,1.69,51.7
2026-08-08 22:51:20.152326,C-Scheme,199.73,0.58,47.4
2026-08-08 23:51:20.152326,C-Scheme,202.58,0.15,48.2
2026-08-09 00:51:20.152326,C-Scheme,242.41,0.0,57.7
2026-08-09 01:51:20.152326,C-Scheme,226.25,0.01,53.9
2026-08-09 02:51:20.152326,C-Scheme,209.18,0.03,49.8
2026-08-09 03:51:20.152326,C-Scheme,211.67,0.14,50.4
2026-08-09 04:51:20.152326,C-Scheme,222.11,0.57,52.7
2026-08-09 05:51:20.152326,C-Scheme,232.94,1.83,55.0
2026-08-09 06:51:20.152326,C-Scheme,203.25,4.1,47.4
2026-08-09 07:51:20.152326,C-Scheme,220.69,9.35,50.3
2026-08-09 08:51:20.152326,C-Scheme,431.54,16.68,98.8
2026-08-09 09:51:20.152326,C-Scheme,461.04,36.08,101.2
2026-08-09 10:51:20.152326,C-Scheme,385.27,52.4,79.3
2026-08-09 11:51:20.152326,C-Scheme,437.47,64.04,88.9
2026-08-09 12:51:20.152326,C-Scheme,445.9,82.83,86.4
2026-08-09 13:51:20.152326,C-Scheme,394.58,95.41,71.2
2026-08-09 14:51:20.152326,C-Scheme,419.9,79.67,81.0
2026-08-09 15:51:20.152326,C-Scheme,429.45,83.32,82.4
2026-08-09 16:51:20.152326,C-Scheme,405.29,52.91,83.9
2026-08-09 17:51:20.152326,C-Scheme,390.68,36.39,84.4
2026-08-09 18:51:20.152326,C-Scheme,397.23,19.31,90.0
2026-08-09 19:51:20.152326,C-Scheme,200.22,8.98,45.5
2026-08-09 20:51:20.152326,C-Scheme,203.43,3.98,47.5
2026-08-09 21:51:20.152326,C-Scheme,205.59,1.51,48.6
2026-08-09 22:51:20.152326,C-Scheme,206.71,0.48,49.1
2026-08-09 23:51:20.152326,C-Scheme,183.67,0.18,43.7
2026-08-10 00:51:20.152326,C-Scheme,207.8,0.0,49.5
2026-08-10 01:51:20.152326,C-Scheme,225.85,0.01,53.8
2026-08-10 02:51:20.152326,C-Scheme,188.84,0.05,45.0
2026-08-10 03:51:20.152326,C-Scheme,215.39,0.25,51.2
2026-08-10 04:51:20.152326,C-Scheme,212.04,0.61,50.3
2026-08-10 05:51:20.152326,C-Scheme,211.11,2.01,49.8
2026-08-10 06:51:20.152326,C-Scheme,212.02,4.61,49.4
2026-08-10 07:51:20.152326,C-Scheme,198.62,13.73,44.0
2026-08-10 08:51:20.152326,C-Scheme,428.54,24.38,96.2
2026-08-10 09:51:20.152326,C-Scheme,472.75,36.25,103.9
2026-08-10 10:51:20.152326,C-Scheme,444.16,68.77,89.4
2026-08-10 11:51:20.152326,C-Scheme,400.07,98.97,71.7
2026-08-10 12:51:20.152326,C-Scheme,444.96,113.99,78.8
2026-08-10 13:51:20.152326,C-Scheme,411.56,108.7,72.1
2026-08-10 14:51:20.152326,C-Scheme,469.94,116.26,84.2
2026-08-10 15:51:20.152326,C-Scheme,462.91,88.29,89.2
2026-08-10 16:51:20.152326,C-Scheme,386.06,75.02,74.1
2026-08-10 17:51:20.152326,C-Scheme,442.51,46.54,94.3
2026-08-10 18:51:20.152326,C-Scheme,445.78,29.2,99.2
2026-08-10 19:51:20.152326,C-Scheme,222.86,13.51,49.8
2026-08-10 20:51:20.152326,C-Scheme,228.32,5.86,53.0
2026-08-10 21:51:20.152326,C-Scheme,199.86,2.05,47.1
2026-08-10 22:51:20.152326,C-Scheme,182.73,0.73,43.3
2026-08-10 23:51:20.152326,C-Scheme,198.9,0.2,47.3
2026-08-11 00:51:20.152326,C-Scheme,201.44,0.0,48.0
2026-08-11 01:51:20.152326,C-Scheme,217.17,0.01,51.7
2026-08-11 02:51:20.152326,C-Scheme,214.63,0.06,51.1
2026-08-11 03:51:20.152326,C-Scheme,212.18,0.22,50.5
2026-08-11 04:51:20.152326,C-Scheme,210.65,0.64,50.0
2026-08-11 05:51:20.152326,C-Scheme,225.17,1.76,53.2
2026-08-11 06:51:20.152326,C-Scheme,213.7,5.07,49.7
2026-08-11 07:51:20.152326,C-Scheme,203.48,10.44,46.0
2026-08-11 08:51:20.152326,C-Scheme,416.72,24.68,93.3
2026-08-11 09:51:20.152326,C-Scheme,434.44,47.4,92.2
2026-08-11 10:51:20.152326,C-Scheme,359.39,70.59,68.8
2026-08-11 11:51:20.152326,C-Scheme,426.31,92.19,79.6
2026-08-11 12:51:20.152326,C-Scheme,393.62,111.08,67.3
2026-08-11 13:51:20.152326,C-Scheme,399.21,135.52,62.8
2026-08-11 14:51:20.152326,C-Scheme,435.06,109.48,77.5
2026-08-11 15:51:20.152326,C-Scheme,397.53,105.7,69.5
2026-08-11 16:51:20.152326,C-Scheme,429.1,74.72,84.4
2026-08-11 17:51:20.152326,C-Scheme,445.54,42.96,95.9
2026-08-11 18:51:20.152326,C-Scheme,423.96,20.84,96.0
2026-08-11 19:51:20.152326,C-Scheme,198.03,12.77,44.1
2026-08-11 20:51:20.152326,C-Scheme,197.39,5.55,45.7
2026-08-11 21:51:20.152326,C-Scheme,208.18,2.08,49.1
2026-08-11 22:51:20.152326,C-Scheme,195.7,0.71,46.4
2026-08-11 23:51:20.152326,C-Scheme,215.39,0.19,51.2
2026-08-12 00:51:20.152326,C-Scheme,196.54,0.0,46.8
2026-08-12 01:51:20.152326,C-Scheme,196.83,0.01,46.9
2026-08-12 02:51:20.152326,C-Scheme,210.48,0.06,50.1
2026-08-12 03:51:20.152326,C-Scheme,218.14,0.23,51.9
2026-08-12 04:51:20.152326,C-Scheme,218.87,0.61,52.0
2026-08-12 05:51:20.152326,C-Scheme,199.48,2.27,47.0
2026-08-12 06:51:20.152326,C-Scheme,217.28,5.0,50.5
2026-08-12 07:51:20.152326,C-Scheme,203.03,14.06,45.0
2026-08-12 08:51:20.152326,C-Scheme,462.06,27.44,103.5
2026-08-12 09:51:20.152326,C-Scheme,429.75,39.57,92.9
2026-08-12 10:51:20.152326,C-Scheme,452.8,61.89,93.1
2026-08-12 11:51:20.152326,C-Scheme,429.19,105.48,77.1
2026-08-12 12:51:20.152326,C-Scheme,417.53,126.19,69.4
2026-08-12 13:51:20.152326,C-Scheme,413.43,128.17,67.9
2026-08-12 14:51:20.152326,C-Scheme,400.28,117.36,67.4
2026-08-12 15:51:20.152326,C-Scheme,387.52,106.05,67.0
2026-08-12 16:51:20.152326,C-Scheme,467.87,65.01,95.9
2026-08-12 17:51:20.152326,C-Scheme,430.56,38.95,93.2
2026-08-12 18:51:20.152326,C-Scheme,399.92,24.02,89.5
2026-08-12 19:51:20.152326,C-Scheme,213.07,13.73,47.5
2026-08-12 20:51:20.152326,C-Scheme,209.92,4.98,48.8
2026-08-12 21:51:20.152326,C-Scheme,199.98,1.96,47.1
2026-08-12 22:51:20.152326,C-Scheme,195.02,0.64,46.3
2026-08-12 23:51:20.152326,C-Scheme,213.71,0.18,50.8
2026-08-13 00:51:20.152326,C-Scheme,195.75,0.0,46.6
2026-08-13 01:51:20.152326,C-Scheme,189.87,0.01,45.2
2026-08-13 02:51:20.152326,C-Scheme,210.05,0.05,50.0
2026-08-13 03:51:20.152326,C-Scheme,221.23,0.18,52.6
2026-08-13 04:51:20.152326,C-Scheme,189.46,0.7,44.9
2026-08-13 05:51:20.152326,C-Scheme,215.36,2.07,50.8
2026-08-13 06:51:20.152326,C-Scheme,207.33,4.87,48.2
2026-08-13 07:51:20.152326,C-Scheme,219.2,13.41,49.0
2026-08-13 08:51:20.152326,C-Scheme,421.87,21.87,95.2
2026-08-13 09:51:20.152326,C-Scheme,429.36,45.4,91.4
2026-08-13 10:51:20.152326,C-Scheme,397.1,75.83,76.5
2026-08-13 11:51:20.152326,C-Scheme,455.66,83.35,88.6
2026-08-13 12:51:20.152326,C-Scheme,475.94,116.69,85.5
2026-08-13 13:51:20.152326,C-Scheme,447.5,147.42,71.4
2026-08-13 14:51:20.152326,C-Scheme,420.3,126.96,69.8
2026-08-13 15:51:20.152326,C-Scheme,426.81,95.63,78.9
2026-08-13 16:51:20.152326,C-Scheme,461.02,76.06,91.7
2026-08-13 17:51:20.152326,C-Scheme,421.85,42.15,90.4
2026-08-13 18:51:20.152326,C-Scheme,400.01,27.63,88.7
2026-08-13 19:51:20.152326,C-Scheme,214.65,12.21,48.2
2026-08-13 20:51:20.152326,C-Scheme,198.64,5.09,46.1
2026-08-13 21:51:20.152326,C-Scheme,212.67,2.56,50.0
2026-08-13 22:51:20.152326,C-Scheme,201.36,0.72,47.8
2026-08-13 23:51:20.152326,C-Scheme,194.67,0.18,46.3
2026-08-14 00:51:20.152326,C-Scheme,207.86,0.0,49.5
2026-08-14 01:51:20.152326,C-Scheme,219.48,0.01,52.3
2026-08-14 02:51:20.152326,C-Scheme,208.34,0.05,49.6
2026-08-14 03:51:20.152326,C-Scheme,203.72,0.22,48.5
2026-08-14 04:51:20.152326,C-Scheme,217.24,0.78,51.5
2026-08-14 05:51:20.152326,C-Scheme,221.02,2.13,52.1
2026-08-14 06:51:20.152326,C-Scheme,194.05,6.32,44.7
2026-08-14 07:51:20.152326,C-Scheme,223.75,11.88,50.4
2026-08-14 08:51:20.152326,C-Scheme,456.54,26.54,102.4
2026-08-14 09:51:20.152326,C-Scheme,473.69,45.3,102.0
2026-08-14 10:51:20.152326,C-Scheme,418.44,73.42,82.1
2026-08-14 11:51:20.152326,C-Scheme,410.83,86.92,77.1
2026-08-14 12:51:20.152326,C-Scheme,388.99,113.16,65.7
2026-08-14 13:51:20.152326,C-Scheme,439.02,110.83,78.1
2026-08-14 14:51:20.152326,C-Scheme,422.82,128.25,70.1
2026-08-14 15:51:20.152326,C-Scheme,438.56,82.91,84.7
2026-08-14 16:51:20.152326,C-Scheme,410.09,75.85,79.6
2026-08-14 17:51:20.152326,C-Scheme,422.75,48.69,89.1
2026-08-14 18:51:20.152326,C-Scheme,379.23,24.02,84.6
2026-08-14 19:51:20.152326,C-Scheme,228.36,13.33,51.2
2026-08-14 20:51:20.152326,C-Scheme,231.15,5.68,53.7
2026-08-14 21:51:20.152326,C-Scheme,194.92,2.08,45.9
2026-08-14 22:51:20.152326,C-Scheme,218.75,0.73,51.9
2026-08-14 23:51:20.152326,C-Scheme,194.58,0.2,46.3
2026-08-15 00:51:20.152326,C-Scheme,221.73,0.0,52.8
2026-08-15 01:51:20.152326,C-Scheme,204.79,0.01,48.8
2026-08-15 02:51:20.152326,C-Scheme,202.55,0.04,48.2
2026-08-15 03:51:20.152326,C-Scheme,221.06,0.17,52.6
2026-08-15 04:51:20.152326,C-Scheme,214.27,0.59,50.9
2026-08-15 05:51:20.152326,C-Scheme,198.48,1.59,46.9
2026-08-15 06:51:20.152326,C-Scheme,229.72,4.52,53.6
2026-08-15 07:51:20.152326,C-Scheme,216.12,8.72,49.4
2026-08-15 08:51:20.152326,C-Scheme,413.21,21.45,93.3
2026-08-15 09:51:20.152326,C-Scheme,460.91,27.35,103.2
2026-08-15 10:51:20.152326,C-Scheme,410.8,56.54,84.3
2026-08-15 11:51:20.152326,C-Scheme,447.4,68.04,90.3
2026-08-15 12:51:20.152326,C-Scheme,432.81,80.25,83.9
2026-08-15 13:51:20.152326,C-Scheme,415.04,91.1,77.1
2026-08-15 14:51:20.152326,C-Scheme,419.63,96.75,76.9
2026-08-15 15:51:20.152326,C-Scheme,384.98,74.87,73.8
2026-08-15 16:51:20.152326,C-Scheme,487.67,50.59,104.1
2026-08-15 17:51:20.152326,C-Scheme,413.72,31.03,91.1
2026-08-15 18:51:20.152326,C-Scheme,398.71,20.92,90.0
2026-08-15 19:51:20.152326,C-Scheme,210.43,8.43,48.1
2026-08-15 20:51:20.152326,C-Scheme,193.36,3.72,45.2
2026-08-15 21:51:20.152326,C-Scheme,208.5,1.55,49.3
2026-08-15 22:51:20.152326,C-Scheme,205.86,0.61,48.9
2026-08-15 23:51:20.152326,C-Scheme,223.79,0.13,53.3
2026-08-16 00:51:20.152326,C-Scheme,213.55,0.0,50.8
2026-08-16 01:51:20.152326,C-Scheme,239.78,0.01,57.1
2026-08-16 02:51:20.152326,C-Scheme,202.84,0.04,48.3
2026-08-16 03:51:20.152326,C-Scheme,210.14,0.18,50.0
2026-08-16 04:51:20.152326,C-Scheme,221.36,0.52,52.6
2026-08-16 05:51:20.152326,C-Scheme,190.11,1.86,44.8
2026-08-16 06:51:20.152326,C-Scheme,201.8,3.63,47.2
2026-08-16 07:51:20.152326,C-Scheme,217.37,8.77,49.7
2026-08-16 08:51:20.152326,C-Scheme,410.13,17.03,93.6
2026-08-16 09:51:20.152326,C-Scheme,413.52,30.64,91.2
2026-08-16 10:51:20.152326,C-Scheme,399.71,48.51,83.6
2026-08-16 11:51:20.152326,C-Scheme,424.79,92.83,79.0
2026-08-16 12:51:20.152326,C-Scheme,395.64,98.37,70.8
2026-08-16 13:51:20.152326,C-Scheme,388.75,96.35,69.6
2026-08-16 14:51:20.152326,C-Scheme,390.94,76.25,74.9
2026-08-16 15:51:20.152326,C-Scheme,386.97,78.35,73.5
2026-08-16 16:51:20.152326,C-Scheme,390.27,45.12,82.2
2026-08-16 17:51:20.152326,C-Scheme,383.04,32.3,83.5
2026-08-16 18:51:20.152326,C-Scheme,414.87,18.08,94.5
2026-08-16 19:51:20.152326,C-Scheme,197.69,8.82,45.0
2026-08-16 20:51:20.152326,C-Scheme,201.19,4.18,46.9
2026-08-16 21:51:20.152326,C-Scheme,207.88,1.87,49.1
2026-08-16 22:51:20.152326,C-Scheme,207.86,0.6,49.3
2026-08-16 23:51:20.152326,C-Scheme,207.71,0.14,49.4
2026-08-17 00:51:20.152326,C-Scheme,223.51,0.0,53.2
2026-08-17 01:51:20.152326,C-Scheme,188.85,0.01,45.0
2026-08-17 02:51:20.152326,C-Scheme,192.92,0.05,45.9
2026-08-17 03:51:20.152326,C-Scheme,204.64,0.22,48.7
2026-08-17 04:51:20.152326,C-Scheme,235.44,0.75,55.9
2026-08-17 05:51:20.152326,C-Scheme,224.16,1.83,52.9
2026-08-17 06:51:20.152326,C-Scheme,191.93,5.33,44.4
2026-08-17 07:51:20.152326,C-Scheme,193.56,12.73,43.1
2026-08-17 08:51:20.152326,C-Scheme,393.46,24.98,87.7
2026-08-17 09:51:20.152326,C-Scheme,428.0,44.89,91.2
2026-08-17 10:51:20.152326,C-Scheme,442.82,63.52,90.3
2026-08-17 11:51:20.152326,C-Scheme,366.4,90.27,65.7
2026-08-17 12:51:20.152326,C-Scheme,428.9,106.19,76.8
2026-08-17 13:51:20.152326,C-Scheme,409.69,116.88,69.7
2026-08-17 14:51:20.152326,C-Scheme,404.63,117.92,68.3
2026-08-17 15:51:20.152326,C-Scheme,370.62,80.97,69.0
2026-08-17 16:51:20.152326,C-Scheme,410.91,77.33,79.4
2026-08-17 17:51:20.152326,C-Scheme,405.64,54.11,83.7
2026-08-17 18:51:20.152326,C-Scheme,424.77,24.18,95.4
2026-08-17 19:51:20.152326,C-Scheme,191.81,12.52,42.7
2026-08-17 20:51:20.152326,C-Scheme,221.26,4.48,51.6
2026-08-17 21:51:20.152326,C-Scheme,220.94,2.53,52.0
2026-08-17 22:51:20.152326,C-Scheme,200.97,0.77,47.7
2026-08-17 23:51:20.152326,C-Scheme,182.69,0.23,43.4
2026-08-18 00:51:20.152326,C-Scheme,221.3,0.0,52.7
2026-08-18 01:51:20.152326,C-Scheme,195.62,0.01,46.6
2026-08-18 02:51:20.152326,C-Scheme,198.45,0.06,47.2
2026-08-18 03:51:20.152326,C-Scheme,197.12,0.19,46.9
2026-08-18 04:51:20.152326,C-Scheme,219.36,0.81,52.0
2026-08-18 05:51:20.152326,C-Scheme,198.19,2.34,46.6
2026-08-18 06:51:20.152326,C-Scheme,226.1,5.3,52.6
2026-08-18 07:51:20.152326,C-Scheme,197.54,10.33,44.6
2026-08-18 08:51:20.152326,C-Scheme,433.36,21.49,98.1
2026-08-18 09:51:20.152326,C-Scheme,400.45,45.58,84.5
2026-08-18 10:51:20.152326,C-Scheme,391.62,73.44,75.8
2026-08-18 11:51:20.152326,C-Scheme,418.64,99.67,75.9
2026-08-18 12:51:20.152326,C-Scheme,446.18,95.67,83.5
2026-08-18 13:51:20.152326,C-Scheme,385.44,119.52,63.3
2026-08-18 14:51:20.152326,C-Scheme,445.56,125.02,76.3
2026-08-18 15:51:20.152326,C-Scheme,428.74,102.03,77.8
2026-08-18 16:51:20.152326,C-Scheme,445.93,90.52,84.6
2026-08-18 17:51:20.152326,C-Scheme,411.63,38.52,88.8
2026-08-18 18:51:20.152326,C-Scheme,438.65,25.22,98.4
2026-08-18 19:51:20.152326,C-Scheme,211.21,12.48,47.3
2026-08-18 20:51:20.152326,C-Scheme,210.44,6.16,48.6
2026-08-18 21:51:20.152326,C-Scheme,214.15,2.0,50.5
2026-08-18 22:51:20.152326,C-Scheme,223.32,0.7,53.0
2026-08-18 23:51:20.152326,C-Scheme,202.25,0.22,48.1
2026-08-19 00:51:20.152326,C-Scheme,210.02,0.0,50.0
2026-08-19 01:51:20.152326,C-Scheme,212.04,0.01,50.5
2026-08-19 02:51:20.152326,C-Scheme,201.83,0.06,48.0
2026-08-19 03:51:20.152326,C-Scheme,210.87,0.19,50.2
2026-08-19 04:51:20.152326,C-Scheme,200.22,0.74,47.5
2026-08-19 05:51:20.152326,C-Scheme,218.59,2.06,51.6
2026-08-19 06:51:20.152326,C-Scheme,221.75,4.59,51.7
2026-08-19 07:51:20.152326,C-Scheme,213.21,11.47,48.0
2026-08-19 08:51:20.152326,C-Scheme,410.85,19.16,93.3
2026-08-19 09:51:20.152326,C-Scheme,388.18,48.98,80.8
2026-08-19 10:51:20.152326,C-Scheme,426.14,70.63,84.6
2026-08-19 11:51:20.152326,C-Scheme,379.95,109.99,64.3
2026-08-19 12:51:20.152326,C-Scheme,398.77,116.83,67.1
2026-08-19 13:51:20.152326,C-Scheme,396.31,126.47,64.2
2026-08-19 14:51:20.152326,C-Scheme,438.44,82.18,84.8
2026-08-19 15:51:20.152326,C-Scheme,413.46,99.7,74.7
2026-08-19 16:51:20.152326,C-Scheme,406.35,80.9,77.5
2026-08-19 17:51:20.152326,C-Scheme,423.93,41.38,91.1
2026-08-19 18:51:20.152326,C-Scheme,406.9,23.2,91.4
2026-08-19 19:51:20.152326,C-Scheme,220.67,13.09,49.4
2026-08-19 20:51:20.152326,C-Scheme,227.42,6.22,52.7
2026-08-19 21:51:20.152326,C-Scheme,215.5,2.44,50.7
2026-08-19 22:51:20.152326,C-Scheme,199.79,0.74,47.4
2026-08-19 23:51:20.152326,C-Scheme,196.29,0.18,46.7
2026-08-20 00:51:20.152326,C-Scheme,206.61,0.0,49.2
2026-08-20 01:51:20.152326,C-Scheme,192.11,0.01,45.7
2026-08-20 02:51:20.152326,C-Scheme,208.07,0.06,49.5
2026-08-20 03:51:20.152326,C-Scheme,208.66,0.21,49.6
2026-08-20 04:51:20.152326,C-Scheme,209.83,0.72,49.8
2026-08-20 05:51:20.152326,C-Scheme,211.97,1.95,50.0
2026-08-20 06:51:20.152326,C-Scheme,205.37,3.92,48.0
2026-08-20 07:51:20.152326,C-Scheme,202.28,11.87,45.3
2026-08-20 08:51:20.152326,C-Scheme,453.64,27.67,101.4
2026-08-20 09:51:20.152326,C-Scheme,424.34,43.37,90.7
2026-08-20 10:51:20.152326,C-Scheme,415.58,74.61,81.2
2026-08-20 11:51:20.152326,C-Scheme,407.71,82.2,77.5
2026-08-20 12:51:20.152326,C-Scheme,447.27,125.01,76.7
2026-08-20 13:51:20.152326,C-Scheme,478.12,110.76,87.5
2026-08-20 14:51:20.152326,C-Scheme,460.4,97.41,86.4
2026-08-20 15:51:20.152326,C-Scheme,442.65,103.09,80.8
2026-08-20 16:51:20.152326,C-Scheme,410.01,79.75,78.6
2026-08-20 17:51:20.152326,C-Scheme,409.71,44.5,87.0
2026-08-20 18:51:20.152326,C-Scheme,430.86,22.99,97.1
2026-08-20 19:51:20.152326,C-Scheme,195.83,11.44,43.9
2026-08-20 20:51:20.152326,C-Scheme,224.86,5.27,52.3
2026-08-20 21:51:20.152326,C-Scheme,208.24,2.07,49.1
2026-08-20 22:51:20.152326,C-Scheme,191.5,0.73,45.4
2026-08-20 23:51:20.152326,C-Scheme,204.85,0.19,48.7
2026-08-21 00:51:20.152326,C-Scheme,228.36,0.0,54.4
2026-08-21 01:51:20.152326,C-Scheme,202.1,0.01,48.1
2026-08-21 02:51:20.152326,C-Scheme,211.38,0.06,50.3
2026-08-21 03:51:20.152326,C-Scheme,210.49,0.17,50.1
2026-08-21 04:51:20.152326,C-Scheme,202.31,0.78,48.0
2026-08-21 05:51:20.152326,C-Scheme,194.89,2.28,45.9
2026-08-21 06:51:20.152326,C-Scheme,214.52,5.1,49.9
2026-08-21 07:51:20.152326,C-Scheme,206.19,11.92,46.3
2026-08-21 08:51:20.152326,C-Scheme,362.03,20.45,81.3
2026-08-21 09:51:20.152326,C-Scheme,445.07,41.14,96.2
2026-08-21 10:51:20.152326,C-Scheme,417.07,75.98,81.2
2026-08-21 11:51:20.152326,C-Scheme,411.82,94.68,75.5
2026-08-21 12:51:20.152326,C-Scheme,408.19,117.39,69.2
2026-08-21 13:51:20.152326,C-Scheme,422.44,110.67,74.2
2026-08-21 14:51:20.152326,C-Scheme,399.9,119.02,66.9
2026-08-21 15:51:20.152326,C-Scheme,411.98,96.64,75.1
2026-08-21 16:51:20.152326,C-Scheme,440.53,71.67,87.8
2026-08-21 17:51:20.152326,C-Scheme,370.05,38.32,79.0
2026-08-21 18:51:20.152326,C-Scheme,402.9,28.65,89.1
2026-08-21 19:51:20.152326,C-Scheme,200.89,11.24,45.2
2026-08-21 20:51:20.152326,C-Scheme,209.77,4.49,48.9
2026-08-21 21:51:20.152326,C-Scheme,214.37,2.16,50.5
2026-08-21 22:51:20.152326,C-Scheme,216.93,0.73,51.5
2026-08-21 23:51:20.152326,C-Scheme,216.58,0.22,51.5
2026-08-22 00:51:20.152326,C-Scheme,225.03,0.0,53.6
2026-08-22 01:51:20.152326,C-Scheme,215.92,0.01,51.4
2026-08-22 02:51:20.152326,C-Scheme,217.21,0.04,51.7
2026-08-22 03:51:20.152326,C-Scheme,212.92,0.17,50.7
2026-08-22 04:51:20.152326,C-Scheme,193.8,0.5,46.0
2026-08-22 05:51:20.152326,C-Scheme,200.23,1.58,47.3
2026-08-22 06:51:20.152326,C-Scheme,203.38,3.91,47.5
2026-08-22 07:51:20.152326,C-Scheme,206.86,9.47,47.0
2026-08-22 08:51:20.152326,C-Scheme,446.12,19.06,101.7
2026-08-22 09:51:20.152326,C-Scheme,395.74,35.15,85.9
2026-08-22 10:51:20.152326,C-Scheme,428.3,56.22,88.6
2026-08-22 11:51:20.152326,C-Scheme,467.4,73.51,93.8
2026-08-22 12:51:20.152326,C-Scheme,461.29,90.07,88.4
2026-08-22 13:51:20.152326,C-Scheme,424.74,87.16,80.4
2026-08-22 14:51:20.152326,C-Scheme,427.72,86.21,81.3
2026-08-22 15:51:20.152326,C-Scheme,424.85,64.86,85.7
2026-08-22 16:51:20.152326,C-Scheme,398.45,41.52,85.0
2026-08-22 17:51:20.152326,C-Scheme,425.28,37.83,92.2
2026-08-22 18:51:20.152326,C-Scheme,408.94,17.89,93.1
2026-08-22 19:51:20.152326,C-Scheme,199.75,8.62,45.5
2026-08-22 20:51:20.152326,C-Scheme,212.69,3.43,49.8
2026-08-22 21:51:20.152326,C-Scheme,190.22,1.73,44.9
2026-08-22 22:51:20.152326,C-Scheme,230.18,0.59,54.7
2026-08-22 23:51:20.152326,C-Scheme,185.64,0.15,44.2
2026-08-23 00:51:20.152326,C-Scheme,212.34,0.0,50.6
2026-08-23 01:51:20.152326,C-Scheme,199.29,0.01,47.4
2026-08-23 02:51:20.152326,C-Scheme,189.11,0.03,45.0
2026-08-23 03:51:20.152326,C-Scheme,228.35,0.13,54.3
2026-08-23 04:51:20.152326,C-Scheme,220.82,0.48,52.5
2026-08-23 05:51:20.152326,C-Scheme,188.93,1.71,44.6
2026-08-23 06:51:20.152326,C-Scheme,234.72,3.69,55.0
2026-08-23 07:51:20.152326,C-Scheme,212.78,9.38,48.4
2026-08-23 08:51:20.152326,C-Scheme,439.55,17.65,100.5
2026-08-23 09:51:20.152326,C-Scheme,449.82,35.34,98.7
2026-08-23 10:51:20.152326,C-Scheme,400.57,58.79,81.4
2026-08-23 11:51:20.152326,C-Scheme,456.39,72.1,91.5
2026-08-23 12:51:20.152326,C-Scheme,461.81,96.3,87.0
2026-08-23 13:51:20.152326,C-Scheme,412.45,104.83,73.2
2026-08-23 14:51:20.152326,C-Scheme,413.79,83.65,78.6
2026-08-23 15:51:20.152326,C-Scheme,437.8,76.87,85.9
2026-08-23 16:51:20.152326,C-Scheme,412.58,43.66,87.8
2026-08-23 17:51:20.152326,C-Scheme,455.33,29.8,101.3
2026-08-23 18:51:20.152326,C-Scheme,460.54,18.27,105.3
2026-08-23 19:51:20.152326,C-Scheme,193.84,9.42,43.9
2026-08-23 20:51:20.152326,C-Scheme,217.17,4.13,50.7
2026-08-23 21:51:20.152326,C-Scheme,194.54,1.41,46.0
2026-08-23 22:51:20.152326,C-Scheme,228.93,0.52,54.4
2026-08-23 23:51:20.152326,C-Scheme,206.07,0.15,49.0
2026-08-24 00:51:20.152326,C-Scheme,206.79,0.0,49.2
2026-08-24 01:51:20.152326,C-Scheme,213.96,0.01,50.9
2026-08-24 02:51:20.152326,C-Scheme,213.63,0.05,50.9
2026-08-24 03:51:20.152326,C-Scheme,217.38,0.25,51.7
2026-08-24 04:51:20.152326,C-Scheme,208.63,0.78,49.5
2026-08-24 05:51:20.152326,C-Scheme,220.75,1.8,52.1
2026-08-24 06:51:20.152326,C-Scheme,212.43,5.8,49.2
2026-08-24 07:51:20.152326,C-Scheme,216.44,12.94,48.5
2026-08-24 08:51:20.152326,C-Scheme,402.55,17.53,91.7
2026-08-24 09:51:20.152326,C-Scheme,401.71,45.85,84.7
2026-08-24 10:51:20.152326,C-Scheme,402.82,72.94,78.5
2026-08-24 11:51:20.152326,C-Scheme,426.48,96.37,78.6
2026-08-24 12:51:20.152326,C-Scheme,441.9,110.93,78.8
2026-08-24 13:51:20.152326,C-Scheme,423.18,141.12,67.2
2026-08-24 14:51:20.152326,C-Scheme,401.38,103.68,70.9
2026-08-24 15:51:20.152326,C-Scheme,441.81,76.84,86.9
2026-08-24 16:51:20.152326,C-Scheme,423.9,77.84,82.4
2026-08-24 17:51:20.152326,C-Scheme,456.97,39.67,99.4
2026-08-24 18:51:20.152326,C-Scheme,349.7,21.44,78.2
2026-08-24 19:51:20.152326,C-Scheme,223.07,12.01,50.3
2026-08-24 20:51:20.152326,C-Scheme,227.24,6.02,52.7
2026-08-24 21:51:20.152326,C-Scheme,210.25,1.86,49.6
2026-08-24 22:51:20.152326,C-Scheme,209.95,0.71,49.8
2026-08-24 23:51:20.152326,C-Scheme,210.86,0.23,50.2
2026-08-25 00:51:20.152326,C-Scheme,225.26,0.0,53.6
2026-08-25 01:51:20.152326,C-Scheme,233.05,0.01,55.5
2026-08-25 02:51:20.152326,C-Scheme,196.28,0.05,46.7
2026-08-25 03:51:20.152326,C-Scheme,228.81,0.23,54.4
2026-08-25 04:51:20.152326,C-Scheme,224.12,0.66,53.2
2026-08-25 05:51:20.152326,C-Scheme,205.85,2.24,48.5
2026-08-25 06:51:20.152326,C-Scheme,192.89,5.79,44.5
2026-08-25 07:51:20.152326,C-Scheme,211.4,12.31,47.4
2026-08-25 08:51:20.152326,C-Scheme,457.26,26.75,102.5
2026-08-25 09:51:20.152326,C-Scheme,440.98,43.52,94.6
2026-08-25 10:51:20.152326,C-Scheme,414.53,65.3,83.2
2026-08-25 11:51:20.152326,C-Scheme,421.32,111.67,73.7
2026-08-25 12:51:20.152326,C-Scheme,400.6,134.77,63.3
2026-08-25 13:51:20.152326,C-Scheme,410.64,114.37,70.5
2026-08-25 14:51:20.152326,C-Scheme,448.5,99.6,83.1
2026-08-25 15:51:20.152326,C-Scheme,466.73,84.15,91.1
2026-08-25 16:51:20.152326,C-Scheme,464.99,68.41,94.4
2026-08-25 17:51:20.152326,C-Scheme,396.31,47.79,83.0
2026-08-25 18:51:20.152326,C-Scheme,410.83,25.41,91.8
2026-08-25 19:51:20.152326,C-Scheme,210.39,12.66,47.1
2026-08-25 20:51:20.152326,C-Scheme,215.76,5.01,50.2
2026-08-25 21:51:20.152326,C-Scheme,176.54,2.29,41.5
2026-08-25 22:51:20.152326,C-Scheme,202.48,0.76,48.0
2026-08-25 23:51:20.152326,C-Scheme,217.42,0.22,51.7
2026-08-26 00:51:20.152326,C-Scheme,204.66,0.0,48.7
2026-08-26 01:51:20.152326,C-Scheme,219.75,0.01,52.3
2026-08-26 02:51:20.152326,C-Scheme,213.54,0.06,50.8
2026-08-26 03:51:20.152326,C-Scheme,218.26,0.22,51.9
2026-08-26 04:51:20.152326,C-Scheme,223.46,0.68,53.0
2026-08-26 05:51:20.152326,C-Scheme,214.49,2.0,50.6
2026-08-26 06:51:20.152326,C-Scheme,222.36,6.08,51.5
2026-08-26 07:51:20.152326,C-Scheme,215.17,10.71,48.7
2026-08-26 08:51:20.152326,C-Scheme,455.15,23.81,102.7
2026-08-26 09:51:20.152326,C-Scheme,426.67,39.18,92.3
2026-08-26 10:51:20.152326,C-Scheme,410.77,66.5,82.0
2026-08-26 11:51:20.152326,C-Scheme,414.44,93.41,76.4
2026-08-26 12:51:20.152326,C-Scheme,416.87,124.33,69.7
2026-08-26 13:51:20.152326,C-Scheme,412.07,139.51,64.9
2026-08-26 14:51:20.152326,C-Scheme,432.16,119.7,74.4
2026-08-26 15:51:20.152326,C-Scheme,405.63,93.7,74.3
2026-08-26 16:51:20.152326,C-Scheme,387.82,66.13,76.6
2026-08-26 17:51:20.152326,C-Scheme,404.38,37.12,87.4
2026-08-26 18:51:20.152326,C-Scheme,446.25,25.92,100.1
2026-08-26 19:51:20.152326,C-Scheme,213.7,10.72,48.3
2026-08-26 20:51:20.152326,C-Scheme,210.73,6.49,48.6
2026-08-26 21:51:20.152326,C-Scheme,198.91,2.16,46.8
2026-08-26 22:51:20.152326,C-Scheme,215.71,0.66,51.2
2026-08-26 23:51:20.152326,C-Scheme,215.28,0.22,51.2
2026-08-27 00:51:20.152326,C-Scheme,214.88,0.0,51.2
2026-08-27 01:51:20.152326,C-Scheme,218.11,0.01,51.9
2026-08-27 02:51:20.152326,C-Scheme,212.21,0.05,50.5
2026-08-27 03:51:20.152326,C-Scheme,206.11,0.22,49.0
2026-08-27 04:51:20.152326,C-Scheme,202.07,0.69,47.9
2026-08-27 05:51:20.152326,C-Scheme,215.08,1.94,50.7
2026-08-27 06:51:20.152326,C-Scheme,199.19,5.2,46.2
2026-08-27 07:51:20.152326,C-Scheme,211.19,13.26,47.1
2026-08-27 08:51:20.152326,C-Scheme,442.29,26.12,99.1
2026-08-27 09:51:20.152326,C-Scheme,392.1,45.05,82.6
2026-08-27 10:51:20.152326,C-Scheme,448.02,67.4,90.6
2026-08-27 11:51:20.152326,C-Scheme,389.98,104.41,68.0
2026-08-27 12:51:20.152326,C-Scheme,423.98,119.55,72.5
2026-08-27 13:51:20.152326,C-Scheme,394.15,103.83,69.1
2026-08-27 14:51:20.152326,C-Scheme,423.32,112.05,74.1
2026-08-27 15:51:20.152326,C-Scheme,420.09,107.62,74.4
2026-08-27 16:51:20.152326,C-Scheme,431.94,61.5,88.2
2026-08-27 17:51:20.152326,C-Scheme,478.97,42.9,103.8
2026-08-27 18:51:20.152326,C-Scheme,456.15,24.13,102.9
2026-08-27 19:51:20.152326,C-Scheme,203.43,12.26,45.5
2026-08-27 20:51:20.152326,C-Scheme,216.7,5.56,50.3
2026-08-27 21:51:20.152326,C-Scheme,205.03,2.21,48.3
2026-08-27 22:51:20.152326,C-Scheme,198.52,0.69,47.1
2026-08-27 23:51:20.152326,C-Scheme,214.27,0.19,51.0
2026-08-28 00:51:20.152326,C-Scheme,215.53,0.0,51.3
2026-08-28 01:51:20.152326,C-Scheme,221.62,0.01,52.8
2026-08-28 02:51:20.152326,C-Scheme,217.66,0.05,51.8
2026-08-28 03:51:20.152326,C-Scheme,234.88,0.2,55.9
2026-08-28 04:51:20.152326,C-Scheme,209.27,0.73,49.7
2026-08-28 05:51:20.152326,C-Scheme,218.64,1.99,51.6
2026-08-28 06:51:20.152326,C-Scheme,198.91,6.12,45.9
2026-08-28 07:51:20.152326,C-Scheme,202.61,12.4,45.3
2026-08-28 08:51:20.152326,C-Scheme,413.98,22.65,93.2
2026-08-28 09:51:20.152326,C-Scheme,405.69,46.34,85.6
2026-08-28 10:51:20.152326,C-Scheme,419.96,65.55,84.4
2026-08-28 11:51:20.152326,C-Scheme,450.11,117.98,79.1
2026-08-28 12:51:20.152326,C-Scheme,397.27,125.84,64.6
2026-08-28 13:51:20.152326,C-Scheme,409.32,146.59,62.6
2026-08-28 14:51:20.152326,C-Scheme,406.39,114.84,69.4
2026-08-28 15:51:20.152326,C-Scheme,420.49,98.11,76.8
2026-08-28 16:51:20.152326,C-Scheme,424.56,59.06,87.0
2026-08-28 17:51:20.152326,C-Scheme,406.01,47.95,85.3
2026-08-28 18:51:20.152326,C-Scheme,386.42,26.95,85.6
2026-08-28 19:51:20.152326,C-Scheme,227.1,9.88,51.7
2026-08-28 20:51:20.152326,C-Scheme,205.7,5.01,47.8
2026-08-28 21:51:20.152326,C-Scheme,197.77,2.04,46.6
2026-08-28 22:51:20.152326,C-Scheme,214.39,0.7,50.9
2026-08-28 23:51:20.152326,C-Scheme,228.99,0.23,54.5
2026-08-29 00:51:20.152326,C-Scheme,230.32,0.0,54.8
2026-08-29 01:51:20.152326,C-Scheme,192.78,0.01,45.9
2026-08-29 02:51:20.152326,C-Scheme,169.47,0.04,40.3
2026-08-29 03:51:20.152326,C-Scheme,211.18,0.19,50.2
2026-08-29 04:51:20.152326,C-Scheme,223.19,0.46,53.0
2026-08-29 05:51:20.152326,C-Scheme,212.89,1.58,50.3
2026-08-29 06:51:20.152326,C-Scheme,222.12,3.74,52.0
2026-08-29 07:51:20.152326,C-Scheme,223.52,7.95,51.3
2026-08-29 08:51:20.152326,C-Scheme,402.62,18.36,91.5
2026-08-29 09:51:20.152326,C-Scheme,373.86,29.35,82.0
2026-08-29 10:51:20.152326,C-Scheme,420.62,54.78,87.1
2026-08-29 11:51:20.152326,C-Scheme,408.66,70.59,80.5
2026-08-29 12:51:20.152326,C-Scheme,457.44,96.1,86.0
2026-08-29 13:51:20.152326,C-Scheme,452.5,95.07,85.1
2026-08-29 14:51:20.152326,C-Scheme,430.6,83.7,82.6
2026-08-29 15:51:20.152326,C-Scheme,424.53,66.63,85.2
2026-08-29 16:51:20.152326,C-Scheme,402.92,50.95,83.8
2026-08-29 17:51:20.152326,C-Scheme,431.52,27.05,96.3
2026-08-29 18:51:20.152326,C-Scheme,426.44,17.33,97.4
2026-08-29 19:51:20.152326,C-Scheme,204.78,8.66,46.7
2026-08-29 20:51:20.152326,C-Scheme,240.38,4.67,56.1
2026-08-29 21:51:20.152326,C-Scheme,212.78,1.85,50.2
2026-08-29 22:51:20.152326,C-Scheme,225.92,0.39,53.7
2026-08-29 23:51:20.152326,C-Scheme,198.0,0.16,47.1
2026-08-30 00:51:20.152326,C-Scheme,198.72,0.0,47.3
2026-08-30 01:51:20.152326,C-Scheme,214.83,0.01,51.1
2026-08-30 02:51:20.152326,C-Scheme,215.99,0.04,51.4
2026-08-30 03:51:20.152326,C-Scheme,198.15,0.15,47.1
2026-08-30 04:51:20.152326,C-Scheme,214.53,0.54,51.0
2026-08-30 05:51:20.152326,C-Scheme,209.79,1.45,49.6
2026-08-30 06:51:20.152326,C-Scheme,226.21,4.75,52.7
2026-08-30 07:51:20.152326,C-Scheme,219.65,7.65,50.5
2026-08-30 08:51:20.152326,C-Scheme,419.99,19.31,95.4
2026-08-30 09:51:20.152326,C-Scheme,404.08,34.73,87.9
2026-08-30 10:51:20.152326,C-Scheme,426.86,63.15,86.6
2026-08-30 11:51:20.152326,C-Scheme,438.68,70.68,87.6
2026-08-30 12:51:20.152326,C-Scheme,439.6,87.91,83.7
2026-08-30 13:51:20.152326,C-Scheme,414.82,103.91,74.0
2026-08-30 14:51:20.152326,C-Scheme,417.29,83.55,79.5
2026-08-30 15:51:20.152326,C-Scheme,420.2,74.57,82.3
2026-08-30 16:51:20.152326,C-Scheme,429.47,50.12,90.3
2026-08-30 17:51:20.152326,C-Scheme,391.92,31.98,85.7
2026-08-30 18:51:20.152326,C-Scheme,355.87,16.58,80.8
2026-08-30 19:51:20.152326,C-Scheme,218.33,9.06,49.8
2026-08-30 20:51:20.152326,C-Scheme,210.66,4.19,49.2
2026-08-30 21:51:20.152326,C-Scheme,184.45,1.26,43.6
2026-08-30 22:51:20.152326,C-Scheme,218.26,0.54,51.8
2026-08-30 23:51:20.152326,C-Scheme,208.86,0.14,49.7
2026-08-31 00:51:20.152326,C-Scheme,204.24,0.0,48.6
2026-08-31 01:51:20.152326,C-Scheme,208.58,0.01,49.7
2026-08-31 02:51:20.152326,C-Scheme,204.63,0.06,48.7
2026-08-31 03:51:20.152326,C-Scheme,190.86,0.19,45.4
2026-08-31 04:51:20.152326,C-Scheme,212.86,0.63,50.5
2026-08-31 05:51:20.152326,C-Scheme,216.05,2.19,50.9
2026-08-31 06:51:20.152326,C-Scheme,223.66,5.31,52.0
2026-08-31 07:51:20.152326,C-Scheme,223.57,12.86,50.2
2026-08-31 08:51:20.152326,C-Scheme,456.08,24.75,102.7
2026-08-31 09:51:20.152326,C-Scheme,423.28,45.32,90.0
2026-08-31 10:51:20.152326,C-Scheme,392.41,59.82,79.2
2026-08-31 11:51:20.152326,C-Scheme,410.42,86.98,77.0
2026-08-31 12:51:20.152326,C-Scheme,463.92,116.21,82.8
2026-08-31 13:51:20.152326,C-Scheme,430.4,121.86,73.5
2026-08-31 14:51:20.152326,C-Scheme,407.14,114.27,69.7
2026-08-31 15:51:20.152326,C-Scheme,396.72,93.94,72.1
2026-08-31 16:51:20.152326,C-Scheme,374.26,63.68,73.9
2026-08-31 17:51:20.152326,C-Scheme,418.34,40.74,89.9
2026-08-31 18:51:20.152326,C-Scheme,434.46,24.79,97.5
2026-08-31 19:51:20.152326,C-Scheme,229.89,12.12,51.9
2026-08-31 20:51:20.152326,C-Scheme,212.99,5.01,49.5
2026-08-31 21:51:20.152326,C-Scheme,197.79,2.21,46.6
2026-08-31 22:51:20.152326,C-Scheme,201.95,0.8,47.9
2026-08-31 23:51:20.152326,C-Scheme,221.15,0.2,52.6
2026-09-01 00:51:20.152326,C-Scheme,212.18,0.0,50.5
2026-09-01 01:51:20.152326,C-Scheme,197.83,0.01,47.1
2026-09-01 02:51:20.152326,C-Scheme,203.03,0.05,48.3
2026-09-01 03:51:20.152326,C-Scheme,213.95,0.22,50.9
2026-09-01 04:51:20.152326,C-Scheme,224.46,0.74,53.3
2026-09-01 05:51:20.152326,C-Scheme,213.99,1.81,50.5
2026-09-01 06:51:20.152326,C-Scheme,218.78,5.61,50.8
2026-09-01 07:51:20.152326,C-Scheme,222.52,12.05,50.1
2026-09-01 08:51:20.152326,C-Scheme,451.45,29.36,100.5
2026-09-01 09:51:20.152326,C-Scheme,437.37,50.41,92.1
2026-09-01 10:51:20.152326,C-Scheme,436.77,59.08,89.9
2026-09-01 11:51:20.152326,C-Scheme,389.12,89.11,71.4
2026-09-01 12:51:20.152326,C-Scheme,412.42,105.48,73.1
2026-09-01 13:51:20.152326,C-Scheme,427.34,149.37,66.2
2026-09-01 14:51:20.152326,C-Scheme,442.15,117.21,77.4
2026-09-01 15:51:20.152326,C-Scheme,425.67,91.72,79.5
2026-09-01 16:51:20.152326,C-Scheme,379.6,73.11,73.0
2026-09-01 17:51:20.152326,C-Scheme,466.26,45.37,100.2
2026-09-01 18:51:20.152326,C-Scheme,420.3,25.77,93.9
2026-09-01 19:51:20.152326,C-Scheme,198.76,9.8,45.0
2026-09-01 20:51:20.152326,C-Scheme,216.68,4.37,50.5
2026-09-01 21:51:20.152326,C-Scheme,222.65,1.84,52.6
2026-09-01 22:51:20.152326,C-Scheme,182.29,0.77,43.2
2026-09-01 23:51:20.152326,C-Scheme,252.85,0.23,60.1
2026-09-02 00:51:20.152326,C-Scheme,202.79,0.0,48.3
2026-09-02 01:51:20.152326,C-Scheme,192.86,0.01,45.9
2026-09-02 02:51:20.152326,C-Scheme,194.17,0.06,46.2
2026-09-02 03:51:20.152326,C-Scheme,211.79,0.24,50.4
2026-09-02 04:51:20.152326,C-Scheme,210.05,0.7,49.8
2026-09-02 05:51:20.152326,C-Scheme,197.51,2.11,46.5
2026-09-02 06:51:20.152326,C-Scheme,232.66,6.32,53.9
2026-09-02 07:51:20.152326,C-Scheme,221.81,13.91,49.5
2026-09-02 08:51:20.152326,C-Scheme,439.98,24.31,99.0
2026-09-02 09:51:20.152326,C-Scheme,433.6,57.84,89.5
2026-09-02 10:51:20.152326,C-Scheme,418.41,73.47,82.1
2026-09-02 11:51:20.152326,C-Scheme,435.89,114.71,76.5
2026-09-02 12:51:20.152326,C-Scheme,422.33,111.98,73.9
2026-09-02 13:51:20.152326,C-Scheme,448.07,98.62,83.2
2026-09-02 14:51:20.152326,C-Scheme,412.01,107.45,72.5
2026-09-02 15:51:20.152326,C-Scheme,447.66,86.07,86.1
2026-09-02 16:51:20.152326,C-Scheme,452.25,71.85,90.6
2026-09-02 17:51:20.152326,C-Scheme,421.72,38.14,91.3
2026-09-02 18:51:20.152326,C-Scheme,449.96,25.63,101.0
2026-09-02 19:51:20.152326,C-Scheme,214.25,13.66,47.8
2026-09-02 20:51:20.152326,C-Scheme,207.57,4.97,48.2
2026-09-02 21:51:20.152326,C-Scheme,199.99,2.1,47.1
2026-09-02 22:51:20.152326,C-Scheme,220.54,0.7,52.3
2026-09-02 23:51:20.152326,C-Scheme,198.64,0.23,47.2
2026-09-03 00:51:20.152326,C-Scheme,183.02,0.0,43.6
2026-09-03 01:51:20.152326,C-Scheme,201.81,0.01,48.0
2026-09-03 02:51:20.152326,C-Scheme,197.99,0.06,47.1
2026-09-03 03:51:20.152326,C-Scheme,202.9,0.22,48.3
2026-09-03 04:51:20.152326,C-Scheme,209.07,0.81,49.6
2026-09-03 05:51:20.152326,C-Scheme,214.51,1.74,50.7
2026-09-03 06:51:20.152326,C-Scheme,221.45,4.55,51.6
2026-09-03 07:51:20.152326,C-Scheme,213.73,12.4,47.9
2026-09-03 08:51:20.152326,C-Scheme,377.92,23.31,84.4
2026-09-03 09:51:20.152326,C-Scheme,420.49,49.43,88.3
2026-09-03 10:51:20.152326,C-Scheme,381.22,56.58,77.3
2026-09-03 11:51:20.152326,C-Scheme,398.22,83.4,75.0
2026-09-03 12:51:20.152326,C-Scheme,406.98,116.16,69.2
2026-09-03 13:51:20.152326,C-Scheme,423.62,105.0,75.9
2026-09-03 14:51:20.152326,C-Scheme,424.95,117.86,73.1
2026-09-03 15:51:20.152326,C-Scheme,433.83,88.11,82.3
2026-09-03 16:51:20.152326,C-Scheme,438.91,73.6,87.0
2026-09-03 17:51:20.152326,C-Scheme,374.73,42.73,79.0
2026-09-03 18:51:20.152326,C-Scheme,399.11,23.75,89.4
2026-09-03 19:51:20.152326,C-Scheme,202.19,12.16,45.2
2026-09-03 20:51:20.152326,C-Scheme,198.26,5.45,45.9
2026-09-03 21:51:20.152326,C-Scheme,183.99,1.91,43.4
2026-09-03 22:51:20.152326,C-Scheme,231.82,0.7,55.0
2026-09-03 23:51:20.152326,C-Scheme,211.33,0.24,50.3
2026-09-04 00:51:20.152326,C-Scheme,179.12,0.0,42.6
2026-09-04 01:51:20.152326,C-Scheme,201.25,0.01,47.9
2026-09-04 02:51:20.152326,C-Scheme,219.11,0.06,52.2
2026-09-04 03:51:20.152326,C-Scheme,199.94,0.2,47.6
2026-09-04 04:51:20.152326,C-Scheme,195.23,0.58,46.3
2026-09-04 05:51:20.152326,C-Scheme,199.18,2.26,46.9
2026-09-04 06:51:20.152326,C-Scheme,209.41,5.65,48.5
2026-09-04 07:51:20.152326,C-Scheme,220.31,11.34,49.8
2026-09-04 08:51:20.152326,C-Scheme,444.31,27.25,99.3
2026-09-04 09:51:20.152326,C-Scheme,382.11,40.1,81.4
2026-09-04 10:51:20.152326,C-Scheme,441.92,69.2,88.7
2026-09-04 11:51:20.152326,C-Scheme,429.94,100.45,78.4
2026-09-04 12:51:20.152326,C-Scheme,418.7,109.03,73.7
2026-09-04 13:51:20.152326,C-Scheme,478.36,163.16,75.0
2026-09-04 14:51:20.152326,C-Scheme,414.86,123.83,69.3
2026-09-04 15:51:20.152326,C-Scheme,441.3,101.55,80.9
2026-09-04 16:51:20.152326,C-Scheme,407.43,65.88,81.3
2026-09-04 17:51:20.152326,C-Scheme,431.39,42.73,92.5
2026-09-04 18:51:20.152326,C-Scheme,407.78,27.6,90.5
2026-09-04 19:51:20.152326,C-Scheme,200.77,13.41,44.6
2026-09-04 20:51:20.152326,C-Scheme,217.83,5.48,50.6
2026-09-04 21:51:20.152326,C-Scheme,210.8,2.24,49.7
2026-09-04 22:51:20.152326,C-Scheme,196.67,0.8,46.6
2026-09-04 23:51:20.152326,C-Scheme,189.1,0.2,45.0
2026-09-05 00:51:20.152326,C-Scheme,198.56,0.0,47.3
2026-09-05 01:51:20.152326,C-Scheme,227.19,0.01,54.1
2026-09-05 02:51:20.152326,C-Scheme,213.77,0.05,50.9
2026-09-05 03:51:20.152326,C-Scheme,222.77,0.19,53.0
2026-09-05 04:51:20.152326,C-Scheme,208.76,0.57,49.6
2026-09-05 05:51:20.152326,C-Scheme,225.49,1.62,53.3
2026-09-05 06:51:20.152326,C-Scheme,204.27,3.87,47.7
2026-09-05 07:51:20.152326,C-Scheme,223.71,9.08,51.1
2026-09-05 08:51:20.152326,C-Scheme,389.66,20.71,87.8
2026-09-05 09:51:20.152326,C-Scheme,424.96,33.78,93.1
2026-09-05 10:51:20.152326,C-Scheme,431.33,51.39,90.5
2026-09-05 11:51:20.152326,C-Scheme,458.01,69.38,92.5
2026-09-05 12:51:20.152326,C-Scheme,466.31,91.76,89.2
2026-09-05 13:51:20.152326,C-Scheme,427.97,99.12,78.3
2026-09-05 14:51:20.152326,C-Scheme,413.29,97.5,75.2
2026-09-05 15:51:20.152326,C-Scheme,434.87,72.47,86.3
2026-09-05 16:51:20.152326,C-Scheme,437.66,37.67,95.2
2026-09-05 17:51:20.152326,C-Scheme,416.95,32.9,91.4
2026-09-05 18:51:20.152326,C-Scheme,408.33,19.49,92.6
2026-09-05 19:51:20.152326,C-Scheme,224.02,10.87,50.7
2026-09-05 20:51:20.152326,C-Scheme,224.8,4.42,52.5
2026-09-05 21:51:20.152326,C-Scheme,217.22,1.64,51.3
2026-09-05 22:51:20.152326,C-Scheme,219.43,0.5,52.1
2026-09-05 23:51:20.152326,C-Scheme,207.37,0.13,49.3
2026-09-06 00:51:20.152326,C-Scheme,221.04,0.0,52.6
2026-09-06 01:51:20.152326,C-Scheme,200.46,0.01,47.7
2026-09-06 02:51:20.152326,C-Scheme,210.98,0.05,50.2
2026-09-06 03:51:20.152326,C-Scheme,210.37,0.16,50.1
2026-09-06 04:51:20.152326,C-Scheme,215.25,0.51,51.1
2026-09-06 05:51:20.152326,C-Scheme,223.07,1.55,52.7
2026-09-06 06:51:20.152326,C-Scheme,197.38,5.01,45.8
2026-09-06 07:51:20.152326,C-Scheme,196.28,9.19,44.5
2026-09-06 08:51:20.152326,C-Scheme,451.07,19.76,102.7
2026-09-06 09:51:20.152326,C-Scheme,449.94,32.67,99.3
2026-09-06 10:51:20.152326,C-Scheme,383.32,64.59,75.9
2026-09-06 11:51:20.152326,C-Scheme,361.93,71.5,69.2
2026-09-06 12:51:20.152326,C-Scheme,379.16,96.13,67.4
2026-09-06 13:51:20.152326,C-Scheme,388.12,92.57,70.4
2026-09-06 14:51:20.152326,C-Scheme,423.91,81.23,81.6
2026-09-06 15:51:20.152326,C-Scheme,430.38,84.78,82.3
2026-09-06 16:51:20.152326,C-Scheme,448.12,54.8,93.6
2026-09-06 17:51:20.152326,C-Scheme,423.72,30.33,93.7
2026-09-06 18:51:20.152326,C-Scheme,424.13,20.37,96.1
2026-09-06 19:51:20.152326,C-Scheme,212.63,8.29,48.7
2026-09-06 20:51:20.152326,C-Scheme,203.32,4.35,47.4
2026-09-06 21:51:20.152326,C-Scheme,194.63,1.53,46.0
2026-09-06 22:51:20.152326,C-Scheme,213.76,0.52,50.8
2026-09-06 23:51:20.152326,C-Scheme,226.09,0.15,53.8
2026-09-07 00:51:20.152326,C-Scheme,206.83,0.0,49.2
2026-09-07 01:51:20.152326,C-Scheme,203.8,0.01,48.5
2026-09-07 02:51:20.152326,C-Scheme,210.94,0.06,50.2
2026-09-07 03:51:20.152326,C-Scheme,210.71,0.22,50.1
2026-09-07 04:51:20.152326,C-Scheme,214.68,0.58,51.0
2026-09-07 05:51:20.152326,C-Scheme,213.72,2.35,50.3
2026-09-07 06:51:20.152326,C-Scheme,213.39,5.7,49.5
2026-09-07 07:51:20.152326,C-Scheme,212.94,13.9,47.4
2026-09-07 08:51:20.152326,C-Scheme,402.9,25.53,89.8
2026-09-07 09:51:20.152326,C-Scheme,427.24,45.37,90.9
2026-09-07 10:51:20.152326,C-Scheme,374.13,69.51,72.5
2026-09-07 11:51:20.152326,C-Scheme,463.48,97.65,87.1
2026-09-07 12:51:20.152326,C-Scheme,448.19,110.72,80.4
2026-09-07 13:51:20.152326,C-Scheme,460.24,130.17,78.6
2026-09-07 14:51:20.152326,C-Scheme,406.23,111.62,70.1
2026-09-07 15:51:20.152326,C-Scheme,414.12,103.95,73.9
2026-09-07 16:51:20.152326,C-Scheme,439.86,66.64,88.9
2026-09-07 17:51:20.152326,C-Scheme,450.14,34.99,98.8
2026-09-07 18:51:20.152326,C-Scheme,401.29,23.58,89.9
2026-09-07 19:51:20.152326,C-Scheme,204.22,11.56,45.9
2026-09-07 20:51:20.152326,C-Scheme,206.38,6.96,47.5
2026-09-07 21:51:20.152326,C-Scheme,212.85,2.41,50.1
2026-09-07 22:51:20.152326,C-Scheme,181.53,0.72,43.1
2026-09-07 23:51:20.152326,C-Scheme,195.57,0.18,46.5
2026-09-08 00:51:20.152326,C-Scheme,192.8,0.0,45.9
2026-09-08 01:51:20.152326,C-Scheme,213.99,0.01,50.9
2026-09-08 02:51:20.152326,C-Scheme,209.29,0.05,49.8
2026-09-08 03:51:20.152326,C-Scheme,216.79,0.22,51.6
2026-09-08 04:51:20.152326,C-Scheme,208.24,0.72,49.4
2026-09-08 05:51:20.152326,C-Scheme,195.55,2.03,46.1
2026-09-08 06:51:20.152326,C-Scheme,231.26,4.89,53.9
2026-09-08 07:51:20.152326,C-Scheme,210.68,12.08,47.3
2026-09-08 08:51:20.152326,C-Scheme,399.02,22.81,89.6
2026-09-08 09:51:20.152326,C-Scheme,455.48,49.04,96.8
2026-09-08 10:51:20.152326,C-Scheme,474.12,71.39,95.9
2026-09-08 11:51:20.152326,C-Scheme,444.25,100.06,81.9
2026-09-08 12:51:20.152326,C-Scheme,443.09,108.94,79.6
2026-09-08 13:51:20.152326,C-Scheme,434.8,116.84,75.7
2026-09-08 14:51:20.152326,C-Scheme,393.8,129.28,63.0
2026-09-08 15:51:20.152326,C-Scheme,382.18,90.29,69.5
2026-09-08 16:51:20.152326,C-Scheme,421.31,72.12,83.1
2026-09-08 17:51:20.152326,C-Scheme,401.89,42.52,85.6
2026-09-08 18:51:20.152326,C-Scheme,388.84,31.42,85.1
2026-09-08 19:51:20.152326,C-Scheme,208.89,13.29,46.6
2026-09-08 20:51:20.152326,C-Scheme,214.64,5.1,49.9
2026-09-08 21:51:20.152326,C-Scheme,201.7,2.05,47.5
2026-09-08 22:51:20.152326,C-Scheme,193.85,0.68,46.0
2026-09-08 23:51:20.152326,C-Scheme,206.81,0.23,49.2
2026-09-09 00:51:20.152326,C-Scheme,196.04,0.0,46.7
2026-09-09 01:51:20.152326,C-Scheme,217.3,0.01,51.7
2026-09-09 02:51:20.152326,C-Scheme,205.37,0.06,48.9
2026-09-09 03:51:20.152326,C-Scheme,207.14,0.21,49.3
2026-09-09 04:51:20.152326,C-Scheme,216.44,0.67,51.4
2026-09-09 05:51:20.152326,C-Scheme,189.19,2.28,44.5
2026-09-09 06:51:20.152326,C-Scheme,192.67,5.2,44.6
2026-09-09 07:51:20.152326,C-Scheme,205.05,11.69,46.0
2026-09-09 08:51:20.152326,C-Scheme,425.74,28.13,94.7
2026-09-09 09:51:20.152326,C-Scheme,451.55,49.0,95.8
2026-09-09 10:51:20.152326,C-Scheme,459.16,65.41,93.7
2026-09-09 11:51:20.152326,C-Scheme,401.76,112.23,68.9
2026-09-09 12:51:20.152326,C-Scheme,432.39,126.56,72.8
2026-09-09 13:51:20.152326,C-Scheme,419.64,125.75,70.0
2026-09-09 14:51:20.152326,C-Scheme,408.54,124.87,67.5
2026-09-09 15:51:20.152326,C-Scheme,459.79,92.79,87.4
2026-09-09 16:51:20.152326,C-Scheme,435.36,75.69,85.6
2026-09-09 17:51:20.152326,C-Scheme,454.68,43.81,97.8
2026-09-09 18:51:20.152326,C-Scheme,422.37,22.87,95.1
2026-09-09 19:51:20.152326,C-Scheme,201.92,12.13,45.2
2026-09-09 20:51:20.152326,C-Scheme,219.54,6.41,50.7
2026-09-09 21:51:20.152326,C-Scheme,217.02,2.16,51.2
2026-09-09 22:51:20.152326,C-Scheme,220.01,0.68,52.2
2026-09-09 23:51:20.152326,C-Scheme,175.93,0.23,41.8
2026-09-10 00:51:20.152326,C-Scheme,202.52,0.0,48.2
2026-09-10 01:51:20.152326,C-Scheme,212.25,0.01,50.5
2026-09-10 02:51:20.152326,C-Scheme,225.47,0.04,53.7
2026-09-10 03:51:20.152326,C-Scheme,180.12,0.2,42.8
2026-09-10 04:51:20.152326,C-Scheme,204.89,0.79,48.6
2026-09-10 05:51:20.152326,C-Scheme,202.02,2.26,47.6
2026-09-10 06:51:20.152326,C-Scheme,214.2,5.8,49.6
2026-09-10 07:51:20.152326,C-Scheme,222.73,10.71,50.5
2026-09-10 08:51:20.152326,C-Scheme,378.54,24.19,84.4
2026-09-10 09:51:20.152326,C-Scheme,408.68,46.56,86.2
2026-09-10 10:51:20.152326,C-Scheme,435.44,64.02,88.4
2026-09-10 11:51:20.152326,C-Scheme,388.63,103.68,67.8
2026-09-10 12:51:20.152326,C-Scheme,399.71,127.81,64.7
2026-09-10 13:51:20.152326,C-Scheme,386.67,123.96,62.6
2026-09-10 14:51:20.152326,C-Scheme,432.01,89.15,81.6
2026-09-10 15:51:20.152326,C-Scheme,394.96,84.7,73.9
2026-09-10 16:51:20.152326,C-Scheme,443.35,65.71,89.9
2026-09-10 17:51:20.152326,C-Scheme,405.95,46.27,85.6
2026-09-10 18:51:20.152326,C-Scheme,422.83,25.33,94.6
2026-09-10 19:51:20.152326,C-Scheme,205.78,14.77,45.5
2026-09-10 20:51:20.152326,C-Scheme,211.76,5.79,49.0
2026-09-10 21:51:20.152326,C-Scheme,216.15,1.99,51.0
2026-09-10 22:51:20.152326,C-Scheme,212.73,0.62,50.5
2026-09-10 23:51:20.152326,C-Scheme,217.09,0.19,51.6
2026-09-11 00:51:20.152326,C-Scheme,220.89,0.0,52.6
2026-09-11 01:51:20.152326,C-Scheme,222.38,0.01,52.9
2026-09-11 02:51:20.152326,C-Scheme,210.13,0.05,50.0
2026-09-11 03:51:20.152326,C-Scheme,217.3,0.23,51.7
2026-09-11 04:51:20.152326,C-Scheme,204.07,0.69,48.4
2026-09-11 05:51:20.152326,C-Scheme,222.27,2.03,52.4
2026-09-11 06:51:20.152326,C-Scheme,183.16,5.59,42.3
2026-09-11 07:51:20.152326,C-Scheme,217.9,11.73,49.1
2026-09-11 08:51:20.152326,C-Scheme,410.37,23.63,92.1
2026-09-11 09:51:20.152326,C-Scheme,465.23,45.03,100.0
2026-09-11 10:51:20.152326,C-Scheme,417.39,53.36,86.7
2026-09-11 11:51:20.152326,C-Scheme,435.59,108.21,77.9
2026-09-11 12:51:20.152326,C-Scheme,416.59,110.77,72.8
2026-09-11 13:51:20.152326,C-Scheme,492.68,141.97,83.5
2026-09-11 14:51:20.152326,C-Scheme,414.63,136.88,66.1
2026-09-11 15:51:20.152326,C-Scheme,396.35,100.92,70.3
2026-09-11 16:51:20.152326,C-Scheme,430.43,76.69,84.2
2026-09-11 17:51:20.152326,C-Scheme,383.6,39.84,81.8
2026-09-11 18:51:20.152326,C-Scheme,431.45,21.5,97.6
2026-09-11 19:51:20.152326,C-Scheme,201.27,10.57,45.4
2026-09-11 20:51:20.152326,C-Scheme,210.11,5.8,48.6
2026-09-11 21:51:20.152326,C-Scheme,219.32,1.91,51.8
2026-09-11 22:51:20.152326,C-Scheme,235.04,0.65,55.8
2026-09-11 23:51:20.152326,C-Scheme,214.52,0.22,51.0
2026-09-12 00:51:20.152326,C-Scheme,208.53,0.0,49.7
2026-09-12 01:51:20.152326,C-Scheme,223.1,0.01,53.1
2026-09-12 02:51:20.152326,C-Scheme,203.51,0.04,48.4
2026-09-12 03:51:20.152326,C-Scheme,203.46,0.17,48.4
2026-09-12 04:51:20.152326,C-Scheme,202.24,0.56,48.0
2026-09-12 05:51:20.152326,C-Scheme,238.1,1.7,56.3
2026-09-12 06:51:20.152326,C-Scheme,203.58,3.04,47.7
2026-09-12 07:51:20.152326,C-Scheme,201.32,8.64,45.9
2026-09-12 08:51:20.152326,C-Scheme,407.39,16.59,93.0
2026-09-12 09:51:20.152326,C-Scheme,406.78,34.63,88.6
2026-09-12 10:51:20.152326,C-Scheme,434.22,50.84,91.3
2026-09-12 11:51:20.152326,C-Scheme,439.99,63.95,89.5
2026-09-12 12:51:20.152326,C-Scheme,366.32,106.39,61.9
2026-09-12 13:51:20.152326,C-Scheme,458.32,81.09,89.8
2026-09-12 14:51:20.152326,C-Scheme,393.55,92.4,71.7
2026-09-12 15:51:20.152326,C-Scheme,434.37,63.21,88.4
2026-09-12 16:51:20.152326,C-Scheme,452.93,54.61,94.8
2026-09-12 17:51:20.152326,C-Scheme,439.23,31.43,97.1
2026-09-12 18:51:20.152326,C-Scheme,432.71,20.27,98.2
2026-09-12 19:51:20.152326,C-Scheme,238.89,7.84,55.0
2026-09-12 20:51:20.152326,C-Scheme,224.36,4.36,52.4
2026-09-12 21:51:20.152326,C-Scheme,193.2,1.68,45.6
2026-09-12 22:51:20.152326,C-Scheme,199.32,0.52,47.3
2026-09-12 23:51:20.152326,C-Scheme,219.28,0.16,52.2
2026-09-13 00:51:20.152326,C-Scheme,227.83,0.0,54.2
2026-09-13 01:51:20.152326,C-Scheme,210.79,0.01,50.2
2026-09-13 02:51:20.152326,C-Scheme,214.1,0.04,51.0
2026-09-13 03:51:20.152326,C-Scheme,176.92,0.17,42.1
2026-09-13 04:51:20.152326,C-Scheme,200.83,0.65,47.7
2026-09-13 05:51:20.152326,C-Scheme,223.4,1.49,52.8
2026-09-13 06:51:20.152326,C-Scheme,199.09,3.71,46.5
2026-09-13 07:51:20.152326,C-Scheme,221.69,8.08,50.9
2026-09-13 08:51:20.152326,C-Scheme,384.68,18.8,87.1
2026-09-13 09:51:20.152326,C-Scheme,376.33,36.36,80.9
2026-09-13 10:51:20.152326,C-Scheme,343.45,57.85,68.0
2026-09-13 11:51:20.152326,C-Scheme,444.47,74.95,88.0
2026-09-13 12:51:20.152326,C-Scheme,440.22,85.1,84.6
2026-09-13 13:51:20.152326,C-Scheme,465.28,103.8,86.1
2026-09-13 14:51:20.152326,C-Scheme,411.39,80.41,78.8
2026-09-13 15:51:20.152326,C-Scheme,421.35,61.51,85.7
2026-09-13 16:51:20.152326,C-Scheme,389.38,47.48,81.4
2026-09-13 17:51:20.152326,C-Scheme,415.45,35.53,90.5
2026-09-13 18:51:20.152326,C-Scheme,459.55,19.18,104.9
2026-09-13 19:51:20.152326,C-Scheme,229.18,11.14,51.9
2026-09-13 20:51:20.152326,C-Scheme,213.85,4.1,49.9
2026-09-13 21:51:20.152326,C-Scheme,225.6,1.54,53.3
2026-09-13 22:51:20.152326,C-Scheme,213.4,0.49,50.7
2026-09-13 23:51:20.152326,C-Scheme,199.35,0.21,47.4
2026-09-14 00:51:20.152326,C-Scheme,214.27,0.0,51.0
2026-09-14 01:51:20.152326,C-Scheme,207.15,0.01,49.3
2026-09-14 02:51:20.152326,C-Scheme,213.96,0.06,50.9
2026-09-14 03:51:20.152326,C-Scheme,203.3,0.21,48.4
2026-09-14 04:51:20.152326,C-Scheme,207.74,0.75,49.3
2026-09-14 05:51:20.152326,C-Scheme,196.39,1.85,46.3
2026-09-14 06:51:20.152326,C-Scheme,192.65,6.53,44.3
2026-09-14 07:51:20.152326,C-Scheme,209.17,12.11,46.9
2026-09-14 08:51:20.152326,C-Scheme,396.14,28.12,87.6
2026-09-14 09:51:20.152326,C-Scheme,430.07,46.46,91.3
2026-09-14 10:51:20.152326,C-Scheme,399.63,71.94,78.0
2026-09-14 11:51:20.152326,C-Scheme,418.04,99.6,75.8
2026-09-14 12:51:20.152326,C-Scheme,396.74,123.6,65.0
2026-09-14 13:51:20.152326,C-Scheme,397.38,115.61,67.1
2026-09-14 14:51:20.152326,C-Scheme,461.35,97.88,86.5
2026-09-14 15:51:20.152326,C-Scheme,444.55,88.65,84.7
2026-09-14 16:51:20.152326,C-Scheme,429.73,69.99,85.7
2026-09-14 17:51:20.152326,C-Scheme,407.04,45.56,86.1
2026-09-14 18:51:20.152326,C-Scheme,432.89,25.57,97.0
2026-09-14 19:51:20.152326,C-Scheme,216.97,10.91,49.1
2026-09-14 20:51:20.152326,C-Scheme,210.06,6.01,48.6
2026-09-14 21:51:20.152326,C-Scheme,216.2,2.31,50.9
2026-09-14 22:51:20.152326,C-Scheme,189.29,0.74,44.9
2026-09-14 23:51:20.152326,C-Scheme,222.81,0.21,53.0
2026-09-15 00:51:20.152326,C-Scheme,223.36,0.0,53.2
2026-09-15 01:51:20.152326,C-Scheme,218.7,0.01,52.1
2026-09-15 02:51:20.152326,C-Scheme,222.73,0.06,53.0
2026-09-15 03:51:20.152326,C-Scheme,213.0,0.24,50.7
2026-09-15 04:51:20.152326,C-Scheme,209.4,0.67,49.7
2026-09-15 05:51:20.152326,C-Scheme,197.92,2.09,46.6
2026-09-15 06:51:20.152326,C-Scheme,225.81,4.99,52.6
2026-09-15 07:51:20.152326,C-Scheme,239.82,13.1,54.0
2026-09-15 08:51:20.152326,C-Scheme,403.63,25.99,89.9
2026-09-15 09:51:20.152326,C-Scheme,485.24,44.34,105.0
2026-09-15 10:51:20.152326,C-Scheme,401.21,66.11,79.8
2026-09-15 11:51:20.152326,C-Scheme,466.62,94.27,88.7
2026-09-15 12:51:20.152326,C-Scheme,406.16,149.6,61.1
2026-09-15 13:51:20.152326,C-Scheme,442.58,138.84,72.3
2026-09-15 14:51:20.152326,C-Scheme,358.3,119.02,57.0
2026-09-15 15:51:20.152326,C-Scheme,424.93,96.48,78.2
2026-09-15 16:51:20.152326,C-Scheme,412.5,59.34,84.1
2026-09-15 17:51:20.152326,C-Scheme,405.53,47.6,85.2
2026-09-15 18:51:20.152326,C-Scheme,423.7,23.91,95.2
2026-09-15 19:51:20.152326,C-Scheme,190.42,9.45,43.1
2026-09-15 20:51:20.152326,C-Scheme,198.85,4.54,46.3
2026-09-15 21:51:20.152326,C-Scheme,232.11,1.98,54.8
2026-09-15 22:51:20.152326,C-Scheme,226.95,0.74,53.9
2026-09-15 23:51:20.152326,C-Scheme,229.16,0.23,54.5
2026-09-16 00:51:20.152326,C-Scheme,208.25,0.0,49.6
2026-09-16 01:51:20.152326,C-Scheme,203.33,0.01,48.4
2026-09-16 02:51:20.152326,C-Scheme,193.62,0.06,46.1
2026-09-16 03:51:20.152326,C-Scheme,196.66,0.19,46.8
2026-09-16 04:51:20.152326,C-Scheme,202.26,0.72,48.0
2026-09-16 05:51:20.152326,C-Scheme,200.74,1.96,47.3
2026-09-16 06:51:20.152326,C-Scheme,217.64,4.98,50.6
2026-09-16 07:51:20.152326,C-Scheme,229.98,12.62,51.8
2026-09-16 08:51:20.152326,C-Scheme,403.17,24.33,90.2
2026-09-16 09:51:20.152326,C-Scheme,425.62,44.9,90.6
2026-09-16 10:51:20.152326,C-Scheme,348.13,63.22,67.8
2026-09-16 11:51:20.152326,C-Scheme,456.82,93.61,86.5
2026-09-16 12:51:20.152326,C-Scheme,428.34,128.07,71.5
2026-09-16 13:51:20.152326,C-Scheme,471.8,128.94,81.6
2026-09-16 14:51:20.152326,C-Scheme,435.1,116.72,75.8
2026-09-16 15:51:20.152326,C-Scheme,429.45,96.84,79.2
2026-09-16 16:51:20.152326,C-Scheme,445.82,67.07,90.2
2026-09-16 17:51:20.152326,C-Scheme,403.83,40.07,86.6
2026-09-16 18:51:20.152326,C-Scheme,465.86,25.55,104.8
2026-09-16 19:51:20.152326,C-Scheme,210.46,13.54,46.9
2026-09-16 20:51:20.152326,C-Scheme,236.38,5.4,55.0
2026-09-16 21:51:20.152326,C-Scheme,220.44,2.14,52.0
2026-09-16 22:51:20.152326,C-Scheme,188.32,0.66,44.7
2026-09-16 23:51:20.152326,C-Scheme,211.69,0.28,50.3
2026-09-17 00:51:20.152326,C-Scheme,204.14,0.0,48.6
2026-09-17 01:51:20.152326,C-Scheme,202.05,0.01,48.1
2026-09-17 02:51:20.152326,C-Scheme,213.37,0.06,50.8
2026-09-17 03:51:20.152326,C-Scheme,223.1,0.18,53.1
2026-09-17 04:51:20.152326,C-Scheme,204.66,0.66,48.6
2026-09-17 05:51:20.152326,C-Scheme,205.44,2.17,48.4
2026-09-17 06:51:20.152326,C-Scheme,197.0,5.02,45.7
2026-09-17 07:51:20.152326,C-Scheme,196.78,12.43,43.9
2026-09-17 08:51:20.152326,C-Scheme,429.8,22.27,97.0
2026-09-17 09:51:20.152326,C-Scheme,365.8,47.64,75.8
2026-09-17 10:51:20.152326,C-Scheme,423.58,71.66,83.8
2026-09-17 11:51:20.152326,C-Scheme,420.48,95.71,77.3
2026-09-17 12:51:20.152326,C-Scheme,446.57,127.51,76.0
2026-09-17 13:51:20.152326,C-Scheme,424.14,119.32,72.6
2026-09-17 14:51:20.152326,C-Scheme,420.74,102.33,75.8
2026-09-17 15:51:20.152326,C-Scheme,415.76,99.84,75.2
2026-09-17 16:51:20.152326,C-Scheme,410.11,81.06,78.3
2026-09-17 17:51:20.152326,C-Scheme,437.86,47.62,92.9
2026-09-17 18:51:20.152326,C-Scheme,384.29,21.72,86.3
2026-09-17 19:51:20.152326,C-Scheme,209.45,11.97,47.0
2026-09-17 20:51:20.152326,C-Scheme,213.94,4.45,49.9
2026-09-17 21:51:20.152326,C-Scheme,211.32,2.2,49.8
2026-09-17 22:51:20.152326,C-Scheme,199.9,0.83,47.4
2026-09-17 23:51:20.152326,C-Scheme,221.3,0.18,52.6
2026-09-18 00:51:20.152326,C-Scheme,214.08,0.0,51.0
2026-09-18 01:51:20.152326,C-Scheme,193.82,0.01,46.1
2026-09-18 02:51:20.152326,C-Scheme,227.89,0.06,54.2
2026-09-18 03:51:20.152326,C-Scheme,235.69,0.22,56.1
2026-09-18 04:51:20.152326,C-Scheme,232.47,0.75,55.2
2026-09-18 05:51:20.152326,C-Scheme,196.97,2.23,46.4
2026-09-18 06:51:20.152326,C-Scheme,225.53,4.95,52.5
2026-09-18 07:51:20.152326,C-Scheme,239.25,13.27,53.8
2026-09-18 08:51:20.152326,C-Scheme,420.96,22.55,94.9
2026-09-18 09:51:20.152326,C-Scheme,435.34,43.11,93.4
2026-09-18 10:51:20.152326,C-Scheme,407.17,77.73,78.4
2026-09-18 11:51:20.152326,C-Scheme,425.85,99.68,77.7
2026-09-18 12:51:20.152326,C-Scheme,426.64,105.32,76.5
2026-09-18 13:51:20.152326,C-Scheme,380.44,115.13,63.2
2026-09-18 14:51:20.152326,C-Scheme,450.07,120.71,78.4
2026-09-18 15:51:20.152326,C-Scheme,416.19,78.8,80.3
2026-09-18 16:51:20.152326,C-Scheme,446.59,57.55,92.6
2026-09-18 17:51:20.152326,C-Scheme,409.75,48.81,85.9
2026-09-18 18:51:20.152326,C-Scheme,426.29,26.53,95.2
2026-09-18 19:51:20.152326,C-Scheme,193.68,11.63,43.3
2026-09-18 20:51:20.152326,C-Scheme,225.64,5.29,52.5
2026-09-18 21:51:20.152326,C-Scheme,193.08,2.27,45.4
2026-09-18 22:51:20.152326,C-Scheme,231.8,0.75,55.0
2026-09-18 23:51:20.152326,C-Scheme,203.04,0.19,48.3
2026-09-19 00:51:20.152326,C-Scheme,215.29,0.0,51.3
2026-09-19 01:51:20.152326,C-Scheme,190.78,0.01,45.4
2026-09-19 02:51:20.152326,C-Scheme,215.81,0.04,51.4
2026-09-19 03:51:20.152326,C-Scheme,198.3,0.19,47.2
2026-09-19 04:51:20.152326,C-Scheme,222.44,0.57,52.8
2026-09-19 05:51:20.152326,C-Scheme,229.19,1.3,54.3
2026-09-19 06:51:20.152326,C-Scheme,208.69,3.74,48.8
2026-09-19 07:51:20.152326,C-Scheme,196.13,9.26,44.5
2026-09-19 08:51:20.152326,C-Scheme,430.77,17.54,98.4
2026-09-19 09:51:20.152326,C-Scheme,399.56,37.65,86.2
2026-09-19 10:51:20.152326,C-Scheme,448.14,50.04,94.8
2026-09-19 11:51:20.152326,C-Scheme,452.46,76.45,89.5
2026-09-19 12:51:20.152326,C-Scheme,436.23,85.63,83.5
2026-09-19 13:51:20.152326,C-Scheme,484.94,79.49,96.5
2026-09-19 14:51:20.152326,C-Scheme,425.61,87.29,80.6
2026-09-19 15:51:20.152326,C-Scheme,462.26,65.08,94.6
2026-09-19 16:51:20.152326,C-Scheme,453.13,48.7,96.3
2026-09-19 17:51:20.152326,C-Scheme,350.26,38.03,74.3
2026-09-19 18:51:20.152326,C-Scheme,426.98,17.39,97.5
2026-09-19 19:51:20.152326,C-Scheme,204.52,10.74,46.1
2026-09-19 20:51:20.152326,C-Scheme,207.13,3.86,48.4
2026-09-19 21:51:20.152326,C-Scheme,213.56,1.54,50.5
2026-09-19 22:51:20.152326,C-Scheme,215.43,0.56,51.2
2026-09-19 23:51:20.152326,C-Scheme,213.41,0.14,50.8
2026-09-20 00:51:20.152326,C-Scheme,241.12,0.0,57.4
2026-09-20 01:51:20.152326,C-Scheme,212.52,0.01,50.6
2026-09-20 02:51:20.152326,C-Scheme,208.42,0.05,49.6
2026-09-20 03:51:20.152326,C-Scheme,206.45,0.18,49.1
2026-09-20 04:51:20.152326,C-Scheme,219.62,0.53,52.2
2026-09-20 05:51:20.152326,C-Scheme,188.09,1.67,44.4
2026-09-20 06:51:20.152326,C-Scheme,194.0,3.71,45.3
2026-09-20 07:51:20.152326,C-Scheme,223.09,9.08,51.0
2026-09-20 08:51:20.152326,C-Scheme,435.73,20.04,99.0
2026-09-20 09:51:20.152326,C-Scheme,435.11,35.14,95.2
2026-09-20 10:51:20.152326,C-Scheme,420.3,40.12,90.5
2026-09-20 11:51:20.152326,C-Scheme,443.58,77.93,87.1
2026-09-20 12:51:20.152326,C-Scheme,417.51,80.51,80.2
2026-09-20 13:51:20.152326,C-Scheme,395.74,91.49,72.4
2026-09-20 14:51:20.152326,C-Scheme,470.1,77.04,93.6
2026-09-20 15:51:20.152326,C-Scheme,411.91,80.98,78.8
2026-09-20 16:51:20.152326,C-Scheme,413.31,54.08,85.5
2026-09-20 17:51:20.152326,C-Scheme,436.89,30.44,96.8
2026-09-20 18:51:20.152326,C-Scheme,379.78,18.48,86.0
2026-09-20 19:51:20.152326,C-Scheme,217.49,9.52,49.5
2026-09-20 20:51:20.152326,C-Scheme,236.16,3.64,55.4
2026-09-20 21:51:20.152326,C-Scheme,231.48,1.56,54.7
2026-09-20 22:51:20.152326,C-Scheme,221.06,0.54,52.5
2026-09-20 23:51:20.152326,C-Scheme,215.5,0.15,51.3
2026-09-21 00:51:20.152326,C-Scheme,200.37,0.0,47.7
2026-09-21 01:51:20.152326,C-Scheme,224.12,0.01,53.4
2026-09-21 02:51:20.152326,C-Scheme,207.94,0.06,49.5
2026-09-21 03:51:20.152326,C-Scheme,211.08,0.19,50.2
2026-09-21 04:51:20.152326,C-Scheme,194.59,0.68,46.2
2026-09-21 05:51:20.152326,C-Scheme,214.95,2.17,50.7
2026-09-21 06:51:20.152326,C-Scheme,212.67,5.15,49.4
2026-09-21 07:51:20.152326,C-Scheme,206.08,10.24,46.6
2026-09-21 08:51:20.152326,C-Scheme,384.72,24.93,85.7
2026-09-21 09:51:20.152326,C-Scheme,406.3,44.25,86.2
2026-09-21 10:51:20.152326,C-Scheme,412.79,67.3,82.3
2026-09-21 11:51:20.152326,C-Scheme,444.5,88.73,84.7
2026-09-21 12:51:20.152326,C-Scheme,425.76,122.75,72.1
2026-09-21 13:51:20.152326,C-Scheme,422.88,132.93,69.0
2026-09-21 14:51:20.152326,C-Scheme,438.95,103.7,79.8
2026-09-21 15:51:20.152326,C-Scheme,419.09,104.2,75.0
2026-09-21 16:51:20.152326,C-Scheme,418.58,70.79,82.8
2026-09-21 17:51:20.152326,C-Scheme,411.76,44.81,87.4
2026-09-21 18:51:20.152326,C-Scheme,422.87,27.43,94.2
2026-09-21 19:51:20.152326,C-Scheme,199.1,12.46,44.4
2026-09-21 20:51:20.152326,C-Scheme,206.63,5.66,47.8
2026-09-21 21:51:20.152326,C-Scheme,207.06,1.84,48.9
2026-09-21 22:51:20.152326,C-Scheme,210.2,0.71,49.9
2026-09-21 23:51:20.152326,C-Scheme,212.09,0.18,50.5
2026-09-22 00:51:20.152326,C-Scheme,198.45,0.0,47.2
2026-09-22 01:51:20.152326,C-Scheme,216.74,0.01,51.6
2026-09-22 02:51:20.152326,C-Scheme,214.72,0.05,51.1
2026-09-22 03:51:20.152326,C-Scheme,214.2,0.19,51.0
2026-09-22 04:51:20.152326,C-Scheme,229.82,0.78,54.5
2026-09-22 05:51:20.152326,C-Scheme,192.74,2.07,45.4
2026-09-22 06:51:20.152326,C-Scheme,212.38,4.88,49.4
2026-09-22 07:51:20.152326,C-Scheme,204.06,12.26,45.7
2026-09-22 08:51:20.152326,C-Scheme,384.54,28.3,84.8
2026-09-22 09:51:20.152326,C-Scheme,400.73,35.35,87.0
2026-09-22 10:51:20.152326,C-Scheme,447.56,86.18,86.0
2026-09-22 11:51:20.152326,C-Scheme,394.2,94.22,71.4
2026-09-22 12:51:20.152326,C-Scheme,426.74,113.61,74.6
2026-09-22 13:51:20.152326,C-Scheme,426.09,124.49,71.8
2026-09-22 14:51:20.152326,C-Scheme,419.11,129.74,68.9
2026-09-22 15:51:20.152326,C-Scheme,373.72,96.7,66.0
2026-09-22 16:51:20.152326,C-Scheme,411.65,72.45,80.8
2026-09-22 17:51:20.152326,C-Scheme,437.36,41.76,94.2
2026-09-22 18:51:20.152326,C-Scheme,397.46,23.4,89.1
2026-09-22 19:51:20.152326,C-Scheme,202.16,11.36,45.4
2026-09-22 20:51:20.152326,C-Scheme,204.03,4.31,47.6
2026-09-22 21:51:20.152326,C-Scheme,185.31,2.01,43.6
2026-09-22 22:51:20.152326,C-Scheme,208.11,0.73,49.4
2026-09-22 23:51:20.152326,C-Scheme,225.76,0.23,53.7
2026-09-23 00:51:20.152326,C-Scheme,217.7,0.0,51.8
2026-09-23 01:51:20.152326,C-Scheme,215.78,0.01,51.4
2026-09-23 02:51:20.152326,C-Scheme,197.78,0.06,47.1
2026-09-23 03:51:20.152326,C-Scheme,214.04,0.21,50.9
2026-09-23 04:51:20.152326,C-Scheme,219.42,0.73,52.1
2026-09-23 05:51:20.152326,C-Scheme,220.07,2.17,51.9
2026-09-23 06:51:20.152326,C-Scheme,211.36,5.97,48.9
2026-09-23 07:51:20.152326,C-Scheme,213.76,13.0,47.8
2026-09-23 08:51:20.152326,C-Scheme,458.54,25.37,103.1
2026-09-23 09:51:20.152326,C-Scheme,378.41,41.47,80.2
2026-09-23 10:51:20.152326,C-Scheme,407.67,71.5,80.0
2026-09-23 11:51:20.152326,C-Scheme,402.03,91.97,73.8
2026-09-23 12:51:20.152326,C-Scheme,408.12,117.69,69.1
2026-09-23 13:51:20.152326,C-Scheme,408.64,133.49,65.5
2026-09-23 14:51:20.152326,C-Scheme,393.05,104.64,68.7
2026-09-23 15:51:20.152326,C-Scheme,395.11,99.23,70.4
2026-09-23 16:51:20.152326,C-Scheme,420.23,75.39,82.1
2026-09-23 17:51:20.152326,C-Scheme,392.68,44.87,82.8
2026-09-23 18:51:20.152326,C-Scheme,436.8,19.14,99.4
2026-09-23 19:51:20.152326,C-Scheme,220.3,11.74,49.7
2026-09-23 20:51:20.152326,C-Scheme,202.58,5.43,46.9
2026-09-23 21:51:20.152326,C-Scheme,222.11,1.84,52.4
2026-09-23 22:51:20.152326,C-Scheme,225.21,0.83,53.4
2026-09-23 23:51:20.152326,C-Scheme,203.85,0.24,48.5
2026-09-24 00:51:20.152326,C-Scheme,206.04,0.0,49.1
2026-09-24 01:51:20.152326,C-Scheme,218.14,0.01,51.9
2026-09-24 02:51:20.152326,C-Scheme,214.41,0.06,51.0
2026-09-24 03:51:20.152326,C-Scheme,227.79,0.22,54.2
2026-09-24 04:51:20.152326,C-Scheme,215.39,0.74,51.1
2026-09-24 05:51:20.152326,C-Scheme,212.02,2.29,49.9
2026-09-24 06:51:20.152326,C-Scheme,214.21,4.68,49.9
2026-09-24 07:51:20.152326,C-Scheme,208.8,12.96,46.6
2026-09-24 08:51:20.152326,C-Scheme,361.93,28.37,79.4
2026-09-24 09:51:20.152326,C-Scheme,376.98,40.84,80.0
2026-09-24 10:51:20.152326,C-Scheme,412.19,71.78,81.0
2026-09-24 11:51:20.152326,C-Scheme,414.08,82.44,79.0
2026-09-24 12:51:20.152326,C-Scheme,418.85,103.69,75.0
2026-09-24 13:51:20.152326,C-Scheme,415.21,146.9,63.9
2026-09-24 14:51:20.152326,C-Scheme,383.6,111.93,64.7
2026-09-24 15:51:20.152326,C-Scheme,439.62,113.56,77.6
2026-09-24 16:51:20.152326,C-Scheme,393.45,70.05,77.0
2026-09-24 17:51:20.152326,C-Scheme,411.89,35.65,89.6
2026-09-24 18:51:20.152326,C-Scheme,386.27,22.2,86.7
2026-09-24 19:51:20.152326,C-Scheme,186.86,13.31,41.3
2026-09-24 20:51:20.152326,C-Scheme,205.59,4.96,47.8
2026-09-24 21:51:20.152326,C-Scheme,200.21,2.15,47.2
2026-06-26 22:51:20.152326,Vaishali Nagar,670.66,2.23,53.0
2026-06-26 23:51:20.152326,Vaishali Nagar,633.28,0.57,50.2
2026-06-27 00:51:20.152326,Vaishali Nagar,618.27,0.01,49.1
2026-06-27 01:51:20.152326,Vaishali Nagar,666.67,0.03,52.9
2026-06-27 02:51:20.152326,Vaishali Nagar,693.94,0.11,55.1
2026-06-27 03:51:20.152326,Vaishali Nagar,623.18,0.47,49.4
2026-06-27 04:51:20.152326,Vaishali Nagar,634.61,1.53,50.2
2026-06-27 05:51:20.152326,Vaishali Nagar,625.59,3.87,49.3
2026-06-27 06:51:20.152326,Vaishali Nagar,647.33,11.89,50.4
2026-06-27 07:51:20.152326,Vaishali Nagar,631.15,26.2,48.0
2026-06-27 08:51:20.152326,Vaishali Nagar,1235.99,52.33,93.9
2026-06-27 09:51:20.152326,Vaishali Nagar,1263.96,91.22,93.1
2026-06-27 10:51:20.152326,Vaishali Nagar,1226.09,160.14,84.6
2026-06-27 11:51:20.152326,Vaishali Nagar,1141.34,176.09,76.6
2026-06-27 12:51:20.152326,Vaishali Nagar,1305.3,290.72,80.5
2026-06-27 13:51:20.152326,Vaishali Nagar,1214.5,306.47,72.1
2026-06-27 14:51:20.152326,Vaishali Nagar,1135.95,244.9,70.7
2026-06-27 15:51:20.152326,Vaishali Nagar,1182.69,237.01,75.1
2026-06-27 16:51:20.152326,Vaishali Nagar,1178.5,164.21,80.5
2026-06-27 17:51:20.152326,Vaishali Nagar,1205.88,113.56,86.7
2026-06-27 18:51:20.152326,Vaishali Nagar,1129.54,66.36,84.4
2026-06-27 19:51:20.152326,Vaishali Nagar,657.54,31.15,49.7
2026-06-27 20:51:20.152326,Vaishali Nagar,691.0,12.65,53.8
2026-06-27 21:51:20.152326,Vaishali Nagar,613.66,4.85,48.3
2026-06-27 22:51:20.152326,Vaishali Nagar,661.09,1.46,52.4
2026-06-27 23:51:20.152326,Vaishali Nagar,606.97,0.41,48.1
2026-06-28 00:51:20.152326,Vaishali Nagar,646.63,0.01,51.3
2026-06-28 01:51:20.152326,Vaishali Nagar,580.59,0.03,46.1
2026-06-28 02:51:20.152326,Vaishali Nagar,599.64,0.12,47.6
2026-06-28 03:51:20.152326,Vaishali Nagar,673.04,0.48,53.4
2026-06-28 04:51:20.152326,Vaishali Nagar,684.07,1.72,54.2
2026-06-28 05:51:20.152326,Vaishali Nagar,664.19,5.11,52.3
2026-06-28 06:51:20.152326,Vaishali Nagar,679.87,12.55,53.0
2026-06-28 07:51:20.152326,Vaishali Nagar,640.66,31.15,48.4
2026-06-28 08:51:20.152326,Vaishali Nagar,1259.71,54.15,95.7
2026-06-28 09:51:20.152326,Vaishali Nagar,1224.98,108.39,88.6
2026-06-28 10:51:20.152326,Vaishali Nagar,1152.47,168.65,78.1
2026-06-28 11:51:20.152326,Vaishali Nagar,1282.94,241.84,82.6
2026-06-28 12:51:20.152326,Vaishali Nagar,1235.31,245.97,78.5
2026-06-28 13:51:20.152326,Vaishali Nagar,1137.05,291.23,67.1
2026-06-28 14:51:20.152326,Vaishali Nagar,1249.82,296.88,75.6
2026-06-28 15:51:20.152326,Vaishali Nagar,1292.53,176.95,88.5
2026-06-28 16:51:20.152326,Vaishali Nagar,1253.75,151.59,87.5
2026-06-28 17:51:20.152326,Vaishali Nagar,1366.75,110.38,99.7
2026-06-28 18:51:20.152326,Vaishali Nagar,1290.53,58.94,97.7
2026-06-28 19:51:20.152326,Vaishali Nagar,674.58,29.53,51.2
2026-06-28 20:51:20.152326,Vaishali Nagar,608.17,12.77,47.3
2026-06-28 21:51:20.152326,Vaishali Nagar,589.12,4.67,46.4
2026-06-28 22:51:20.152326,Vaishali Nagar,660.67,1.57,52.3
2026-06-28 23:51:20.152326,Vaishali Nagar,608.69,0.4,48.3
2026-06-29 00:51:20.152326,Vaishali Nagar,633.33,0.01,50.3
2026-06-29 01:51:20.152326,Vaishali Nagar,655.49,0.03,52.0
2026-06-29 02:51:20.152326,Vaishali Nagar,668.48,0.19,53.0
2026-06-29 03:51:20.152326,Vaishali Nagar,570.17,0.69,45.2
2026-06-29 04:51:20.152326,Vaishali Nagar,622.31,1.4,49.3
2026-06-29 05:51:20.152326,Vaishali Nagar,696.76,6.09,54.8
2026-06-29 06:51:20.152326,Vaishali Nagar,626.67,16.8,48.4
2026-06-29 07:51:20.152326,Vaishali Nagar,658.03,34.57,49.5
2026-06-29 08:51:20.152326,Vaishali Nagar,1351.84,78.93,101.0
2026-06-29 09:51:20.152326,Vaishali Nagar,1287.12,141.52,90.9
2026-06-29 10:51:20.152326,Vaishali Nagar,1259.4,207.89,83.5
2026-06-29 11:51:20.152326,Vaishali Nagar,1304.21,273.3,81.8
2026-06-29 12:51:20.152326,Vaishali Nagar,1177.11,337.24,66.7
2026-06-29 13:51:20.152326,Vaishali Nagar,1221.09,309.44,72.4
2026-06-29 14:51:20.152326,Vaishali Nagar,1339.31,358.24,77.9
2026-06-29 15:51:20.152326,Vaishali Nagar,1234.59,287.3,75.2
2026-06-29 16:51:20.152326,Vaishali Nagar,1233.77,217.76,80.6
2026-06-29 17:51:20.152326,Vaishali Nagar,1230.49,141.65,86.4
2026-06-29 18:51:20.152326,Vaishali Nagar,1386.44,74.18,104.1
2026-06-29 19:51:20.152326,Vaishali Nagar,606.95,39.68,45.0
2026-06-29 20:51:20.152326,Vaishali Nagar,642.48,15.68,49.7
2026-06-29 21:51:20.152326,Vaishali Nagar,582.76,5.86,45.8
2026-06-29 22:51:20.152326,Vaishali Nagar,609.54,2.01,48.2
2026-06-29 23:51:20.152326,Vaishali Nagar,591.85,0.6,46.9
2026-06-30 00:51:20.152326,Vaishali Nagar,592.12,0.01,47.0
2026-06-30 01:51:20.152326,Vaishali Nagar,616.7,0.04,48.9
2026-06-30 02:51:20.152326,Vaishali Nagar,611.04,0.19,48.5
2026-06-30 03:51:20.152326,Vaishali Nagar,717.15,0.59,56.9
2026-06-30 04:51:20.152326,Vaishali Nagar,653.04,1.93,51.7
2026-06-30 05:51:20.152326,Vaishali Nagar,633.8,4.62,49.9
2026-06-30 06:51:20.152326,Vaishali Nagar,691.22,17.27,53.5
2026-06-30 07:51:20.152326,Vaishali Nagar,652.72,38.3,48.8
2026-06-30 08:51:20.152326,Vaishali Nagar,1342.54,65.18,101.4
2026-06-30 09:51:20.152326,Vaishali Nagar,1295.57,137.95,91.9
2026-06-30 10:51:20.152326,Vaishali Nagar,1249.45,193.77,83.8
2026-06-30 11:51:20.152326,Vaishali Nagar,1249.04,331.32,72.8
2026-06-30 12:51:20.152326,Vaishali Nagar,1323.5,346.36,77.6
2026-06-30 13:51:20.152326,Vaishali Nagar,1277.3,322.95,75.7
2026-06-30 14:51:20.152326,Vaishali Nagar,1266.55,416.05,67.5
2026-06-30 15:51:20.152326,Vaishali Nagar,1198.2,292.52,71.9
2026-06-30 16:51:20.152326,Vaishali Nagar,1344.69,190.05,91.6
2026-06-30 17:51:20.152326,Vaishali Nagar,1399.67,145.16,99.6
2026-06-30 18:51:20.152326,Vaishali Nagar,1221.77,66.4,91.7
2026-06-30 19:51:20.152326,Vaishali Nagar,609.82,36.37,45.5
2026-06-30 20:51:20.152326,Vaishali Nagar,628.44,16.87,48.5
2026-06-30 21:51:20.152326,Vaishali Nagar,660.61,6.72,51.9
2026-06-30 22:51:20.152326,Vaishali Nagar,606.86,2.54,48.0
2026-06-30 23:51:20.152326,Vaishali Nagar,690.42,0.57,54.7
2026-07-01 00:51:20.152326,Vaishali Nagar,604.95,0.01,48.0
2026-07-01 01:51:20.152326,Vaishali Nagar,666.75,0.04,52.9
2026-07-01 02:51:20.152326,Vaishali Nagar,717.33,0.17,56.9
2026-07-01 03:51:20.152326,Vaishali Nagar,646.14,0.66,51.2
2026-07-01 04:51:20.152326,Vaishali Nagar,630.35,1.67,49.9
2026-07-01 05:51:20.152326,Vaishali Nagar,572.29,5.56,45.0
2026-07-01 06:51:20.152326,Vaishali Nagar,630.59,17.91,48.6
2026-07-01 07:51:20.152326,Vaishali Nagar,664.06,35.32,49.9
2026-07-01 08:51:20.152326,Vaishali Nagar,1306.92,70.9,98.1
2026-07-01 09:51:20.152326,Vaishali Nagar,1284.9,141.56,90.7
2026-07-01 10:51:20.152326,Vaishali Nagar,1237.28,236.66,79.4
2026-07-01 11:51:20.152326,Vaishali Nagar,1359.21,284.64,85.3
2026-07-01 12:51:20.152326,Vaishali Nagar,1205.27,274.76,73.9
2026-07-01 13:51:20.152326,Vaishali Nagar,1246.58,316.72,73.8
2026-07-01 14:51:20.152326,Vaishali Nagar,1238.28,313.89,73.4
2026-07-01 15:51:20.152326,Vaishali Nagar,1222.23,324.66,71.2
2026-07-01 16:51:20.152326,Vaishali Nagar,1299.42,210.78,86.4
2026-07-01 17:51:20.152326,Vaishali Nagar,1276.08,138.38,90.3
2026-07-01 18:51:20.152326,Vaishali Nagar,1154.29,71.54,85.9
2026-07-01 19:51:20.152326,Vaishali Nagar,718.91,33.34,54.4
2026-07-01 20:51:20.152326,Vaishali Nagar,613.75,15.67,47.5
2026-07-01 21:51:20.152326,Vaishali Nagar,634.36,5.47,49.9
2026-07-01 22:51:20.152326,Vaishali Nagar,662.74,2.18,52.4
2026-07-01 23:51:20.152326,Vaishali Nagar,649.09,0.63,51.5
2026-07-02 00:51:20.152326,Vaishali Nagar,641.86,0.01,50.9
2026-07-02 01:51:20.152326,Vaishali Nagar,637.87,0.04,50.6
2026-07-02 02:51:20.152326,Vaishali Nagar,661.61,0.19,52.5
2026-07-02 03:51:20.152326,Vaishali Nagar,631.87,0.69,50.1
2026-07-02 04:51:20.152326,Vaishali Nagar,590.53,2.07,46.7
2026-07-02 05:51:20.152326,Vaishali Nagar,679.65,6.56,53.4
2026-07-02 06:51:20.152326,Vaishali Nagar,590.05,15.9,45.6
2026-07-02 07:51:20.152326,Vaishali Nagar,601.67,35.82,44.9
2026-07-02 08:51:20.152326,Vaishali Nagar,1271.28,72.37,95.2
2026-07-02 09:51:20.152326,Vaishali Nagar,1313.06,141.83,93.0
2026-07-02 10:51:20.152326,Vaishali Nagar,1234.51,225.54,80.1
2026-07-02 11:51:20.152326,Vaishali Nagar,1430.53,280.66,91.3
2026-07-02 12:51:20.152326,Vaishali Nagar,1233.28,402.22,66.0
2026-07-02 13:51:20.152326,Vaishali Nagar,1239.0,408.11,65.9
2026-07-02 14:51:20.152326,Vaishali Nagar,1383.84,287.87,87.0
2026-07-02 15:51:20.152326,Vaishali Nagar,1245.16,297.26,75.2
2026-07-02 16:51:20.152326,Vaishali Nagar,1331.29,186.59,90.8
2026-07-02 17:51:20.152326,Vaishali Nagar,1224.32,129.68,86.9
2026-07-02 18:51:20.152326,Vaishali Nagar,1272.18,77.02,94.9
2026-07-02 19:51:20.152326,Vaishali Nagar,618.25,35.35,46.3
2026-07-02 20:51:20.152326,Vaishali Nagar,699.4,18.82,54.0
2026-07-02 21:51:20.152326,Vaishali Nagar,677.84,5.96,53.3
2026-07-02 22:51:20.152326,Vaishali Nagar,637.27,2.63,50.4
2026-07-02 23:51:20.152326,Vaishali Nagar,584.96,0.55,46.4
2026-07-03 00:51:20.152326,Vaishali Nagar,615.65,0.01,48.9
2026-07-03 01:51:20.152326,Vaishali Nagar,631.4,0.04,50.1
2026-07-03 02:51:20.152326,Vaishali Nagar,664.39,0.16,52.7
2026-07-03 03:51:20.152326,Vaishali Nagar,622.12,0.67,49.3
2026-07-03 04:51:20.152326,Vaishali Nagar,689.11,1.84,54.5
2026-07-03 05:51:20.152326,Vaishali Nagar,591.09,6.19,46.4
2026-07-03 06:51:20.152326,Vaishali Nagar,604.89,16.37,46.7
2026-07-03 07:51:20.152326,Vaishali Nagar,629.11,39.33,46.8
2026-07-03 08:51:20.152326,Vaishali Nagar,1065.11,63.53,79.5
2026-07-03 09:51:20.152326,Vaishali Nagar,1330.39,154.51,93.3
2026-07-03 10:51:20.152326,Vaishali Nagar,1289.6,193.52,87.0
2026-07-03 11:51:20.152326,Vaishali Nagar,1266.56,287.28,77.7
2026-07-03 12:51:20.152326,Vaishali Nagar,1191.37,339.32,67.6
2026-07-03 13:51:20.152326,Vaishali Nagar,1323.14,366.83,75.9
2026-07-03 14:51:20.152326,Vaishali Nagar,1266.94,342.61,73.4
2026-07-03 15:51:20.152326,Vaishali Nagar,1301.57,227.21,85.3
2026-07-03 16:51:20.152326,Vaishali Nagar,1299.92,193.93,87.8
2026-07-03 17:51:20.152326,Vaishali Nagar,1298.18,156.17,90.6
2026-07-03 18:51:20.152326,Vaishali Nagar,1106.31,74.49,81.9
2026-07-03 19:51:20.152326,Vaishali Nagar,667.98,39.96,49.8
2026-07-03 20:51:20.152326,Vaishali Nagar,660.21,13.82,51.3
2026-07-03 21:51:20.152326,Vaishali Nagar,664.43,6.02,52.3
2026-07-03 22:51:20.152326,Vaishali Nagar,633.89,1.95,50.2
2026-07-03 23:51:20.152326,Vaishali Nagar,599.81,0.6,47.6
2026-07-04 00:51:20.152326,Vaishali Nagar,628.62,0.01,49.9
2026-07-04 01:51:20.152326,Vaishali Nagar,634.47,0.03,50.4
2026-07-04 02:51:20.152326,Vaishali Nagar,647.44,0.11,51.4
2026-07-04 03:51:20.152326,Vaishali Nagar,625.52,0.55,49.6
2026-07-04 04:51:20.152326,Vaishali Nagar,636.3,1.77,50.4
2026-07-04 05:51:20.152326,Vaishali Nagar,656.39,4.71,51.7
2026-07-04 06:51:20.152326,Vaishali Nagar,661.05,13.39,51.4
2026-07-04 07:51:20.152326,Vaishali Nagar,587.86,27.56,44.5
2026-07-04 08:51:20.152326,Vaishali Nagar,1236.74,50.98,94.1
2026-07-04 09:51:20.152326,Vaishali Nagar,1180.93,106.93,85.2
2026-07-04 10:51:20.152326,Vaishali Nagar,1283.42,165.57,88.7
2026-07-04 11:51:20.152326,Vaishali Nagar,1192.87,208.81,78.1
2026-07-04 12:51:20.152326,Vaishali Nagar,1177.34,243.34,74.1
2026-07-04 13:51:20.152326,Vaishali Nagar,1115.37,322.9,62.9
2026-07-04 14:51:20.152326,Vaishali Nagar,1252.17,267.9,78.1
2026-07-04 15:51:20.152326,Vaishali Nagar,1181.18,201.71,77.7
2026-07-04 16:51:20.152326,Vaishali Nagar,1192.31,172.46,80.9
2026-07-04 17:51:20.152326,Vaishali Nagar,1219.05,101.11,88.7
2026-07-04 18:51:20.152326,Vaishali Nagar,1219.02,51.98,92.6
2026-07-04 19:51:20.152326,Vaishali Nagar,598.55,24.26,45.6
2026-07-04 20:51:20.152326,Vaishali Nagar,602.33,11.94,46.9
2026-07-04 21:51:20.152326,Vaishali Nagar,589.69,5.1,46.4
2026-07-04 22:51:20.152326,Vaishali Nagar,686.19,1.66,54.3
2026-07-04 23:51:20.152326,Vaishali Nagar,615.69,0.45,48.8
2026-07-05 00:51:20.152326,Vaishali Nagar,689.01,0.0,54.7
2026-07-05 01:51:20.152326,Vaishali Nagar,663.55,0.03,52.7
2026-07-05 02:51:20.152326,Vaishali Nagar,613.2,0.12,48.7
2026-07-05 03:51:20.152326,Vaishali Nagar,644.27,0.49,51.1
2026-07-05 04:51:20.152326,Vaishali Nagar,664.09,1.64,52.6
2026-07-05 05:51:20.152326,Vaishali Nagar,655.16,4.73,51.6
2026-07-05 06:51:20.152326,Vaishali Nagar,654.33,12.95,50.9
2026-07-05 07:51:20.152326,Vaishali Nagar,680.75,26.97,51.9
2026-07-05 08:51:20.152326,Vaishali Nagar,1182.47,55.51,89.4
2026-07-05 09:51:20.152326,Vaishali Nagar,1222.01,111.45,88.1
2026-07-05 10:51:20.152326,Vaishali Nagar,1170.45,152.9,80.8
2026-07-05 11:51:20.152326,Vaishali Nagar,1236.63,255.77,77.8
2026-07-05 12:51:20.152326,Vaishali Nagar,1355.18,230.02,89.3
2026-07-05 13:51:20.152326,Vaishali Nagar,1089.85,292.31,63.3
2026-07-05 14:51:20.152326,Vaishali Nagar,1132.12,287.25,67.1
2026-07-05 15:51:20.152326,Vaishali Nagar,1405.27,225.59,93.6
2026-07-05 16:51:20.152326,Vaishali Nagar,1262.34,121.58,90.5
2026-07-05 17:51:20.152326,Vaishali Nagar,1248.41,79.2,92.8
2026-07-05 18:51:20.152326,Vaishali Nagar,1164.88,53.03,88.2
2026-07-05 19:51:20.152326,Vaishali Nagar,612.75,20.5,47.0
2026-07-05 20:51:20.152326,Vaishali Nagar,575.35,10.57,44.8
2026-07-05 21:51:20.152326,Vaishali Nagar,690.73,5.15,54.4
2026-07-05 22:51:20.152326,Vaishali Nagar,589.77,1.53,46.7
2026-07-05 23:51:20.152326,Vaishali Nagar,704.82,0.46,55.9
2026-07-06 00:51:20.152326,Vaishali Nagar,631.23,0.01,50.1
2026-07-06 01:51:20.152326,Vaishali Nagar,601.04,0.03,47.7
2026-07-06 02:51:20.152326,Vaishali Nagar,638.07,0.16,50.6
2026-07-06 03:51:20.152326,Vaishali Nagar,649.92,0.51,51.5
2026-07-06 04:51:20.152326,Vaishali Nagar,629.48,2.01,49.8
2026-07-06 05:51:20.152326,Vaishali Nagar,680.89,5.02,53.6
2026-07-06 06:51:20.152326,Vaishali Nagar,609.31,16.39,47.1
2026-07-06 07:51:20.152326,Vaishali Nagar,635.05,38.33,47.4
2026-07-06 08:51:20.152326,Vaishali Nagar,1334.08,70.01,100.3
2026-07-06 09:51:20.152326,Vaishali Nagar,1285.43,141.24,90.8
2026-07-06 10:51:20.152326,Vaishali Nagar,1189.67,195.62,78.9
2026-07-06 11:51:20.152326,Vaishali Nagar,1334.85,285.82,83.3
2026-07-06 12:51:20.152326,Vaishali Nagar,1337.42,283.45,83.6
2026-07-06 13:51:20.152326,Vaishali Nagar,1395.81,342.27,83.6
2026-07-06 14:51:20.152326,Vaishali Nagar,1204.13,410.99,62.9
2026-07-06 15:51:20.152326,Vaishali Nagar,1211.43,309.19,71.6
2026-07-06 16:51:20.152326,Vaishali Nagar,1257.44,232.73,81.3
2026-07-06 17:51:20.152326,Vaishali Nagar,1150.16,115.49,82.1
2026-07-06 18:51:20.152326,Vaishali Nagar,1468.11,95.76,108.9
2026-07-06 19:51:20.152326,Vaishali Nagar,637.93,39.03,47.5
2026-07-06 20:51:20.152326,Vaishali Nagar,569.19,16.64,43.9
2026-07-06 21:51:20.152326,Vaishali Nagar,609.8,6.96,47.8
2026-07-06 22:51:20.152326,Vaishali Nagar,641.85,2.06,50.8
2026-07-06 23:51:20.152326,Vaishali Nagar,627.78,0.73,49.8
2026-07-07 00:51:20.152326,Vaishali Nagar,654.11,0.01,51.9
2026-07-07 01:51:20.152326,Vaishali Nagar,731.73,0.04,58.1
2026-07-07 02:51:20.152326,Vaishali Nagar,625.63,0.16,49.6
2026-07-07 03:51:20.152326,Vaishali Nagar,606.31,0.68,48.1
2026-07-07 04:51:20.152326,Vaishali Nagar,616.77,2.17,48.8
2026-07-07 05:51:20.152326,Vaishali Nagar,635.6,6.0,50.0
2026-07-07 06:51:20.152326,Vaishali Nagar,639.56,16.47,49.5
2026-07-07 07:51:20.152326,Vaishali Nagar,639.72,34.93,48.0
2026-07-07 08:51:20.152326,Vaishali Nagar,1191.41,80.27,88.2
2026-07-07 09:51:20.152326,Vaishali Nagar,1398.64,146.21,99.4
2026-07-07 10:51:20.152326,Vaishali Nagar,1258.35,217.6,82.6
2026-07-07 11:51:20.152326,Vaishali Nagar,1148.37,265.2,70.1
2026-07-07 12:51:20.152326,Vaishali Nagar,1284.46,331.41,75.6
2026-07-07 13:51:20.152326,Vaishali Nagar,1287.74,392.5,71.1
2026-07-07 14:51:20.152326,Vaishali Nagar,1245.93,291.36,75.8
2026-07-07 15:51:20.152326,Vaishali Nagar,1246.92,272.38,77.3
2026-07-07 16:51:20.152326,Vaishali Nagar,1365.0,211.94,91.5
2026-07-07 17:51:20.152326,Vaishali Nagar,1278.86,134.63,90.8
2026-07-07 18:51:20.152326,Vaishali Nagar,1329.05,68.88,100.0
2026-07-07 19:51:20.152326,Vaishali Nagar,623.94,32.37,46.9
2026-07-07 20:51:20.152326,Vaishali Nagar,671.65,16.15,52.0
2026-07-07 21:51:20.152326,Vaishali Nagar,613.64,6.24,48.2
2026-07-07 22:51:20.152326,Vaishali Nagar,632.15,2.13,50.0
2026-07-07 23:51:20.152326,Vaishali Nagar,644.43,0.6,51.1
2026-07-08 00:51:20.152326,Vaishali Nagar,562.93,0.01,44.7
2026-07-08 01:51:20.152326,Vaishali Nagar,634.72,0.04,50.4
2026-07-08 02:51:20.152326,Vaishali Nagar,559.13,0.16,44.4
2026-07-08 03:51:20.152326,Vaishali Nagar,687.33,0.67,54.5
2026-07-08 04:51:20.152326,Vaishali Nagar,609.57,2.59,48.2
2026-07-08 05:51:20.152326,Vaishali Nagar,641.0,5.41,50.4
2026-07-08 06:51:20.152326,Vaishali Nagar,712.03,15.59,55.3
2026-07-08 07:51:20.152326,Vaishali Nagar,603.12,34.05,45.2
2026-07-08 08:51:20.152326,Vaishali Nagar,1119.41,84.3,82.2
2026-07-08 09:51:20.152326,Vaishali Nagar,1253.29,117.31,90.2
2026-07-08 10:51:20.152326,Vaishali Nagar,1252.94,193.27,84.1
2026-07-08 11:51:20.152326,Vaishali Nagar,1295.99,288.38,80.0
2026-07-08 12:51:20.152326,Vaishali Nagar,1389.39,353.68,82.2
2026-07-08 13:51:20.152326,Vaishali Nagar,1106.51,408.19,55.4
2026-07-08 14:51:20.152326,Vaishali Nagar,1174.12,333.08,66.7
2026-07-08 15:51:20.152326,Vaishali Nagar,1299.77,291.22,80.0
2026-07-08 16:51:20.152326,Vaishali Nagar,1293.26,185.93,87.9
2026-07-08 17:51:20.152326,Vaishali Nagar,1115.71,149.12,76.7
2026-07-08 18:51:20.152326,Vaishali Nagar,1296.88,74.86,97.0
2026-07-08 19:51:20.152326,Vaishali Nagar,650.32,42.23,48.3
2026-07-08 20:51:20.152326,Vaishali Nagar,634.07,15.85,49.1
2026-07-08 21:51:20.152326,Vaishali Nagar,631.14,4.29,49.7
2026-07-08 22:51:20.152326,Vaishali Nagar,651.07,2.17,51.5
2026-07-08 23:51:20.152326,Vaishali Nagar,656.66,0.67,52.1
2026-07-09 00:51:20.152326,Vaishali Nagar,647.95,0.01,51.4
2026-07-09 01:51:20.152326,Vaishali Nagar,622.52,0.03,49.4
2026-07-09 02:51:20.152326,Vaishali Nagar,677.65,0.16,53.8
2026-07-09 03:51:20.152326,Vaishali Nagar,605.89,0.62,48.0
2026-07-09 04:51:20.152326,Vaishali Nagar,585.85,2.28,46.3
2026-07-09 05:51:20.152326,Vaishali Nagar,659.58,6.52,51.8
2026-07-09 06:51:20.152326,Vaishali Nagar,627.21,15.36,48.6
2026-07-09 07:51:20.152326,Vaishali Nagar,649.9,37.03,48.6
2026-07-09 08:51:20.152326,Vaishali Nagar,1283.93,75.22,95.9
2026-07-09 09:51:20.152326,Vaishali Nagar,1160.6,137.94,81.2
2026-07-09 10:51:20.152326,Vaishali Nagar,1322.65,229.11,86.8
2026-07-09 11:51:20.152326,Vaishali Nagar,1227.25,320.95,71.9
2026-07-09 12:51:20.152326,Vaishali Nagar,1270.05,384.54,70.3
2026-07-09 13:51:20.152326,Vaishali Nagar,1092.21,351.49,58.8
2026-07-09 14:51:20.152326,Vaishali Nagar,1254.19,323.96,73.8
2026-07-09 15:51:20.152326,Vaishali Nagar,1296.26,293.49,79.6
2026-07-09 16:51:20.152326,Vaishali Nagar,1254.7,226.96,81.6
2026-07-09 17:51:20.152326,Vaishali Nagar,1398.38,113.13,102.0
2026-07-09 18:51:20.152326,Vaishali Nagar,1270.88,87.42,93.9
2026-07-09 19:51:20.152326,Vaishali Nagar,657.51,35.11,49.4
2026-07-09 20:51:20.152326,Vaishali Nagar,625.83,15.1,48.5
2026-07-09 21:51:20.152326,Vaishali Nagar,690.98,5.64,54.4
2026-07-09 22:51:20.152326,Vaishali Nagar,604.2,1.96,47.8
2026-07-09 23:51:20.152326,Vaishali Nagar,622.45,0.73,49.3
2026-07-10 00:51:20.152326,Vaishali Nagar,664.0,0.01,52.7
2026-07-10 01:51:20.152326,Vaishali Nagar,576.1,0.03,45.7
2026-07-10 02:51:20.152326,Vaishali Nagar,567.78,0.17,45.0
2026-07-10 03:51:20.152326,Vaishali Nagar,668.55,0.55,53.0
2026-07-10 04:51:20.152326,Vaishali Nagar,578.56,2.22,45.7
2026-07-10 05:51:20.152326,Vaishali Nagar,654.71,6.42,51.5
2026-07-10 06:51:20.152326,Vaishali Nagar,644.19,14.48,50.0
2026-07-10 07:51:20.152326,Vaishali Nagar,645.9,43.19,47.8
2026-07-10 08:51:20.152326,Vaishali Nagar,1360.63,71.52,102.3
2026-07-10 09:51:20.152326,Vaishali Nagar,1276.52,140.43,90.2
2026-07-10 10:51:20.152326,Vaishali Nagar,1280.29,211.14,84.9
2026-07-10 11:51:20.152326,Vaishali Nagar,1347.91,310.46,82.3
2026-07-10 12:51:20.152326,Vaishali Nagar,1272.35,352.16,73.0
2026-07-10 13:51:20.152326,Vaishali Nagar,1171.92,335.12,66.4
2026-07-10 14:51:20.152326,Vaishali Nagar,1254.83,425.06,65.9
2026-07-10 15:51:20.152326,Vaishali Nagar,1180.52,280.03,71.5
2026-07-10 16:51:20.152326,Vaishali Nagar,1162.5,216.06,75.1
2026-07-10 17:51:20.152326,Vaishali Nagar,1334.48,132.67,95.4
2026-07-10 18:51:20.152326,Vaishali Nagar,1231.5,68.86,92.3
2026-07-10 19:51:20.152326,Vaishali Nagar,626.22,41.85,46.4
2026-07-10 20:51:20.152326,Vaishali Nagar,594.33,16.32,45.9
2026-07-10 21:51:20.152326,Vaishali Nagar,693.36,6.92,54.5
2026-07-10 22:51:20.152326,Vaishali Nagar,621.42,2.3,49.1
2026-07-10 23:51:20.152326,Vaishali Nagar,634.98,0.62,50.3
2026-07-11 00:51:20.152326,Vaishali Nagar,721.98,0.01,57.3
2026-07-11 01:51:20.152326,Vaishali Nagar,672.32,0.03,53.4
2026-07-11 02:51:20.152326,Vaishali Nagar,623.21,0.14,49.4
2026-07-11 03:51:20.152326,Vaishali Nagar,715.42,0.44,56.7
2026-07-11 04:51:20.152326,Vaishali Nagar,691.86,1.43,54.8
2026-07-11 05:51:20.152326,Vaishali Nagar,678.86,4.82,53.5
2026-07-11 06:51:20.152326,Vaishali Nagar,643.29,11.52,50.1
2026-07-11 07:51:20.152326,Vaishali Nagar,642.08,28.56,48.7
2026-07-11 08:51:20.152326,Vaishali Nagar,1142.86,51.01,86.7
2026-07-11 09:51:20.152326,Vaishali Nagar,1189.06,92.18,87.1
2026-07-11 10:51:20.152326,Vaishali Nagar,1344.76,171.35,93.1
2026-07-11 11:51:20.152326,Vaishali Nagar,1292.15,229.26,84.4
2026-07-11 12:51:20.152326,Vaishali Nagar,1247.98,248.95,79.3
2026-07-11 13:51:20.152326,Vaishali Nagar,1203.85,271.87,74.0
2026-07-11 14:51:20.152326,Vaishali Nagar,1285.24,277.4,80.0
2026-07-11 15:51:20.152326,Vaishali Nagar,1112.06,241.7,69.1
2026-07-11 16:51:20.152326,Vaishali Nagar,1220.67,172.49,83.2
2026-07-11 17:51:20.152326,Vaishali Nagar,1149.16,92.58,83.9
2026-07-11 18:51:20.152326,Vaishali Nagar,1322.11,66.38,99.7
2026-07-11 19:51:20.152326,Vaishali Nagar,662.28,30.46,50.1
2026-07-11 20:51:20.152326,Vaishali Nagar,645.48,11.55,50.3
2026-07-11 21:51:20.152326,Vaishali Nagar,619.63,4.84,48.8
2026-07-11 22:51:20.152326,Vaishali Nagar,596.84,1.8,47.2
2026-07-11 23:51:20.152326,Vaishali Nagar,611.04,0.46,48.5
2026-07-12 00:51:20.152326,Vaishali Nagar,593.94,0.01,47.1
2026-07-12 01:51:20.152326,Vaishali Nagar,672.66,0.02,53.4
2026-07-12 02:51:20.152326,Vaishali Nagar,658.99,0.13,52.3
2026-07-12 03:51:20.152326,Vaishali Nagar,592.63,0.45,47.0
2026-07-12 04:51:20.152326,Vaishali Nagar,661.55,1.57,52.4
2026-07-12 05:51:20.152326,Vaishali Nagar,618.32,4.61,48.7
2026-07-12 06:51:20.152326,Vaishali Nagar,593.71,11.7,46.2
2026-07-12 07:51:20.152326,Vaishali Nagar,570.25,27.95,43.0
2026-07-12 08:51:20.152326,Vaishali Nagar,1306.13,53.17,99.4
2026-07-12 09:51:20.152326,Vaishali Nagar,1248.81,91.13,91.9
2026-07-12 10:51:20.152326,Vaishali Nagar,1231.07,165.77,84.5
2026-07-12 11:51:20.152326,Vaishali Nagar,1207.87,207.14,79.4
2026-07-12 12:51:20.152326,Vaishali Nagar,1233.7,280.88,75.6
2026-07-12 13:51:20.152326,Vaishali Nagar,1283.56,269.41,80.5
2026-07-12 14:51:20.152326,Vaishali Nagar,1294.8,296.48,79.2
2026-07-12 15:51:20.152326,Vaishali Nagar,1267.29,215.55,83.5
2026-07-12 16:51:20.152326,Vaishali Nagar,1274.67,154.39,88.9
2026-07-12 17:51:20.152326,Vaishali Nagar,1243.3,101.41,90.6
2026-07-12 18:51:20.152326,Vaishali Nagar,1330.39,63.72,100.5
2026-07-12 19:51:20.152326,Vaishali Nagar,610.87,26.37,46.4
2026-07-12 20:51:20.152326,Vaishali Nagar,594.21,12.24,46.2
2026-07-12 21:51:20.152326,Vaishali Nagar,637.65,4.96,50.2
2026-07-12 22:51:20.152326,Vaishali Nagar,623.12,1.69,49.3
2026-07-12 23:51:20.152326,Vaishali Nagar,601.11,0.56,47.7
2026-07-13 00:51:20.152326,Vaishali Nagar,649.28,0.01,51.5
2026-07-13 01:51:20.152326,Vaishali Nagar,623.44,0.03,49.5
2026-07-13 02:51:20.152326,Vaishali Nagar,545.87,0.15,43.3
2026-07-13 03:51:20.152326,Vaishali Nagar,687.4,0.81,54.5
2026-07-13 04:51:20.152326,Vaishali Nagar,589.29,2.26,46.6
2026-07-13 05:51:20.152326,Vaishali Nagar,603.44,5.85,47.4
2026-07-13 06:51:20.152326,Vaishali Nagar,638.43,17.15,49.3
2026-07-13 07:51:20.152326,Vaishali Nagar,623.44,39.11,46.4
2026-07-13 08:51:20.152326,Vaishali Nagar,1312.16,74.1,98.3
2026-07-13 09:51:20.152326,Vaishali Nagar,1221.79,146.82,85.3
2026-07-13 10:51:20.152326,Vaishali Nagar,1202.07,224.37,77.6
2026-07-13 11:51:20.152326,Vaishali Nagar,1159.45,317.49,66.8
2026-07-13 12:51:20.152326,Vaishali Nagar,1232.46,356.75,69.5
2026-07-13 13:51:20.152326,Vaishali Nagar,1185.21,371.06,64.6
2026-07-13 14:51:20.152326,Vaishali Nagar,1209.69,293.53,72.7
2026-07-13 15:51:20.152326,Vaishali Nagar,1275.56,263.83,80.3
2026-07-13 16:51:20.152326,Vaishali Nagar,1100.35,245.56,67.8
2026-07-13 17:51:20.152326,Vaishali Nagar,1287.22,128.91,91.9
2026-07-13 18:51:20.152326,Vaishali Nagar,1111.63,77.4,82.1
2026-07-13 19:51:20.152326,Vaishali Nagar,601.92,41.17,44.5
2026-07-13 20:51:20.152326,Vaishali Nagar,604.01,17.24,46.6
2026-07-13 21:51:20.152326,Vaishali Nagar,618.01,6.47,48.5
2026-07-13 22:51:20.152326,Vaishali Nagar,582.38,1.97,46.1
2026-07-13 23:51:20.152326,Vaishali Nagar,644.07,0.68,51.1
2026-07-14 00:51:20.152326,Vaishali Nagar,577.35,0.01,45.8
2026-07-14 01:51:20.152326,Vaishali Nagar,656.38,0.04,52.1
2026-07-14 02:51:20.152326,Vaishali Nagar,554.97,0.16,44.0
2026-07-14 03:51:20.152326,Vaishali Nagar,595.3,0.75,47.2
2026-07-14 04:51:20.152326,Vaishali Nagar,670.15,2.37,53.0
2026-07-14 05:51:20.152326,Vaishali Nagar,646.09,6.46,50.8
2026-07-14 06:51:20.152326,Vaishali Nagar,569.8,17.08,43.9
2026-07-14 07:51:20.152326,Vaishali Nagar,683.53,33.82,51.6
2026-07-14 08:51:20.152326,Vaishali Nagar,1296.54,77.91,96.7
2026-07-14 09:51:20.152326,Vaishali Nagar,1265.28,125.28,90.5
2026-07-14 10:51:20.152326,Vaishali Nagar,1426.4,190.9,98.1
2026-07-14 11:51:20.152326,Vaishali Nagar,1316.33,289.17,81.5
2026-07-14 12:51:20.152326,Vaishali Nagar,1338.97,313.08,81.4
2026-07-14 13:51:20.152326,Vaishali Nagar,1202.93,428.25,61.5
2026-07-14 14:51:20.152326,Vaishali Nagar,1313.02,370.42,74.8
2026-07-14 15:51:20.152326,Vaishali Nagar,1163.69,337.18,65.6
2026-07-14 16:51:20.152326,Vaishali Nagar,1345.58,188.94,91.8
2026-07-14 17:51:20.152326,Vaishali Nagar,1433.83,128.79,103.6
2026-07-14 18:51:20.152326,Vaishali Nagar,1355.68,81.69,101.1
2026-07-14 19:51:20.152326,Vaishali Nagar,674.78,36.33,50.7
2026-07-14 20:51:20.152326,Vaishali Nagar,608.21,17.24,46.9
2026-07-14 21:51:20.152326,Vaishali Nagar,576.95,5.72,45.3
2026-07-14 22:51:20.152326,Vaishali Nagar,654.11,1.94,51.8
2026-07-14 23:51:20.152326,Vaishali Nagar,656.17,0.62,52.0
2026-07-15 00:51:20.152326,Vaishali Nagar,655.88,0.01,52.1
2026-07-15 01:51:20.152326,Vaishali Nagar,679.37,0.04,53.9
2026-07-15 02:51:20.152326,Vaishali Nagar,618.62,0.18,49.1
2026-07-15 03:51:20.152326,Vaishali Nagar,499.7,0.65,39.6
2026-07-15 04:51:20.152326,Vaishali Nagar,595.61,2.13,47.1
2026-07-15 05:51:20.152326,Vaishali Nagar,594.2,7.12,46.6
2026-07-15 06:51:20.152326,Vaishali Nagar,601.67,16.07,46.5
2026-07-15 07:51:20.152326,Vaishali Nagar,601.24,48.67,43.9
2026-07-15 08:51:20.152326,Vaishali Nagar,1225.78,76.56,91.2
2026-07-15 09:51:20.152326,Vaishali Nagar,1110.4,111.2,79.3
2026-07-15 10:51:20.152326,Vaishali Nagar,1224.8,205.48,80.9
2026-07-15 11:51:20.152326,Vaishali Nagar,1269.49,273.57,79.0
2026-07-15 12:51:20.152326,Vaishali Nagar,1240.19,340.22,71.4
2026-07-15 13:51:20.152326,Vaishali Nagar,1253.69,367.93,70.3
2026-07-15 14:51:20.152326,Vaishali Nagar,1231.17,411.84,65.0
2026-07-15 15:51:20.152326,Vaishali Nagar,1100.5,276.13,65.4
2026-07-15 16:51:20.152326,Vaishali Nagar,1366.97,205.14,92.2
2026-07-15 17:51:20.152326,Vaishali Nagar,1240.85,110.73,89.7
2026-07-15 18:51:20.152326,Vaishali Nagar,1118.8,76.99,82.7
2026-07-15 19:51:20.152326,Vaishali Nagar,607.72,38.73,45.2
2026-07-15 20:51:20.152326,Vaishali Nagar,624.21,17.0,48.2
2026-07-15 21:51:20.152326,Vaishali Nagar,575.52,6.24,45.2
2026-07-15 22:51:20.152326,Vaishali Nagar,594.29,2.17,47.0
2026-07-15 23:51:20.152326,Vaishali Nagar,579.33,0.59,45.9
2026-07-16 00:51:20.152326,Vaishali Nagar,594.72,0.01,47.2
2026-07-16 01:51:20.152326,Vaishali Nagar,587.27,0.04,46.6
2026-07-16 02:51:20.152326,Vaishali Nagar,689.72,0.15,54.7
2026-07-16 03:51:20.152326,Vaishali Nagar,631.64,0.51,50.1
2026-07-16 04:51:20.152326,Vaishali Nagar,642.41,2.38,50.8
2026-07-16 05:51:20.152326,Vaishali Nagar,641.54,7.1,50.4
2026-07-16 06:51:20.152326,Vaishali Nagar,592.9,15.39,45.8
2026-07-16 07:51:20.152326,Vaishali Nagar,610.37,43.9,45.0
2026-07-16 08:51:20.152326,Vaishali Nagar,1354.47,74.2,101.6
2026-07-16 09:51:20.152326,Vaishali Nagar,1194.09,140.34,83.6
2026-07-16 10:51:20.152326,Vaishali Nagar,1223.2,193.08,81.8
2026-07-16 11:51:20.152326,Vaishali Nagar,1306.13,320.4,78.2
2026-07-16 12:51:20.152326,Vaishali Nagar,1292.53,367.95,73.4
2026-07-16 13:51:20.152326,Vaishali Nagar,1301.64,417.06,70.2
2026-07-16 14:51:20.152326,Vaishali Nagar,1299.81,322.32,77.6
2026-07-16 15:51:20.152326,Vaishali Nagar,1303.78,302.49,79.5
2026-07-16 16:51:20.152326,Vaishali Nagar,1337.51,223.91,88.4
2026-07-16 17:51:20.152326,Vaishali Nagar,1280.09,120.61,92.0
2026-07-16 18:51:20.152326,Vaishali Nagar,1229.11,81.44,91.1
2026-07-16 19:51:20.152326,Vaishali Nagar,616.58,37.87,45.9
2026-07-16 20:51:20.152326,Vaishali Nagar,663.71,13.54,51.6
2026-07-16 21:51:20.152326,Vaishali Nagar,562.94,6.16,44.2
2026-07-16 22:51:20.152326,Vaishali Nagar,578.6,1.99,45.8
2026-07-16 23:51:20.152326,Vaishali Nagar,708.2,0.61,56.2
2026-07-17 00:51:20.152326,Vaishali Nagar,624.46,0.01,49.6
2026-07-17 01:51:20.152326,Vaishali Nagar,640.83,0.04,50.9
2026-07-17 02:51:20.152326,Vaishali Nagar,621.94,0.19,49.3
2026-07-17 03:51:20.152326,Vaishali Nagar,624.29,0.71,49.5
2026-07-17 04:51:20.152326,Vaishali Nagar,621.22,1.99,49.1
2026-07-17 05:51:20.152326,Vaishali Nagar,667.99,6.17,52.5
2026-07-17 06:51:20.152326,Vaishali Nagar,625.59,15.17,48.4
2026-07-17 07:51:20.152326,Vaishali Nagar,673.44,34.13,50.7
2026-07-17 08:51:20.152326,Vaishali Nagar,1321.9,79.29,98.6
2026-07-17 09:51:20.152326,Vaishali Nagar,1375.22,142.24,97.9
2026-07-17 10:51:20.152326,Vaishali Nagar,1222.69,218.69,79.7
2026-07-17 11:51:20.152326,Vaishali Nagar,1336.3,314.5,81.1
2026-07-17 12:51:20.152326,Vaishali Nagar,1177.2,351.91,65.5
2026-07-17 13:51:20.152326,Vaishali Nagar,1366.44,347.62,80.9
2026-07-17 14:51:20.152326,Vaishali Nagar,1291.27,370.57,73.1
2026-07-17 15:51:20.152326,Vaishali Nagar,1417.79,311.35,87.8
2026-07-17 16:51:20.152326,Vaishali Nagar,1142.96,176.91,76.7
2026-07-17 17:51:20.152326,Vaishali Nagar,1373.06,142.28,97.7
2026-07-17 18:51:20.152326,Vaishali Nagar,1207.6,77.45,89.7
2026-07-17 19:51:20.152326,Vaishali Nagar,671.72,38.64,50.2
2026-07-17 20:51:20.152326,Vaishali Nagar,618.93,15.56,47.9
2026-07-17 21:51:20.152326,Vaishali Nagar,656.53,5.87,51.6
2026-07-17 22:51:20.152326,Vaishali Nagar,701.04,1.97,55.5
2026-07-17 23:51:20.152326,Vaishali Nagar,646.72,0.68,51.3
2026-07-18 00:51:20.152326,Vaishali Nagar,641.21,0.01,50.9
2026-07-18 01:51:20.152326,Vaishali Nagar,596.31,0.02,47.3
2026-07-18 02:51:20.152326,Vaishali Nagar,597.97,0.12,47.4
2026-07-18 03:51:20.152326,Vaishali Nagar,637.02,0.54,50.5
2026-07-18 04:51:20.152326,Vaishali Nagar,643.24,1.47,50.9
2026-07-18 05:51:20.152326,Vaishali Nagar,680.8,4.54,53.7
2026-07-18 06:51:20.152326,Vaishali Nagar,606.03,10.89,47.2
2026-07-18 07:51:20.152326,Vaishali Nagar,593.28,29.55,44.7
2026-07-18 08:51:20.152326,Vaishali Nagar,1166.25,53.14,88.3
2026-07-18 09:51:20.152326,Vaishali Nagar,1161.47,81.81,85.7
2026-07-18 10:51:20.152326,Vaishali Nagar,1314.85,136.4,93.5
2026-07-18 11:51:20.152326,Vaishali Nagar,1312.03,208.12,87.6
2026-07-18 12:51:20.152326,Vaishali Nagar,1310.99,275.23,82.2
2026-07-18 13:51:20.152326,Vaishali Nagar,1210.54,269.72,74.7
2026-07-18 14:51:20.152326,Vaishali Nagar,1337.63,259.73,85.5
2026-07-18 15:51:20.152326,Vaishali Nagar,1404.87,232.83,93.0
2026-07-18 16:51:20.152326,Vaishali Nagar,1200.18,140.99,84.1
2026-07-18 17:51:20.152326,Vaishali Nagar,1122.25,113.31,80.1
2026-07-18 18:51:20.152326,Vaishali Nagar,1284.29,55.94,97.5
2026-07-18 19:51:20.152326,Vaishali Nagar,611.11,34.94,45.7
2026-07-18 20:51:20.152326,Vaishali Nagar,665.57,12.75,51.8
2026-07-18 21:51:20.152326,Vaishali Nagar,616.62,5.73,48.5
2026-07-18 22:51:20.152326,Vaishali Nagar,641.3,1.74,50.8
2026-07-18 23:51:20.152326,Vaishali Nagar,698.56,0.52,55.4
2026-07-19 00:51:20.152326,Vaishali Nagar,600.34,0.01,47.6
2026-07-19 01:51:20.152326,Vaishali Nagar,641.42,0.02,50.9
2026-07-19 02:51:20.152326,Vaishali Nagar,614.23,0.12,48.7
2026-07-19 03:51:20.152326,Vaishali Nagar,677.54,0.42,53.7
2026-07-19 04:51:20.152326,Vaishali Nagar,643.88,1.57,51.0
2026-07-19 05:51:20.152326,Vaishali Nagar,628.76,5.53,49.5
2026-07-19 06:51:20.152326,Vaishali Nagar,583.63,11.91,45.4
2026-07-19 07:51:20.152326,Vaishali Nagar,629.73,27.61,47.8
2026-07-19 08:51:20.152326,Vaishali Nagar,1197.69,53.11,90.8
2026-07-19 09:51:20.152326,Vaishali Nagar,1263.09,102.26,92.1
2026-07-19 10:51:20.152326,Vaishali Nagar,1269.92,166.38,87.6
2026-07-19 11:51:20.152326,Vaishali Nagar,1379.99,261.8,88.7
2026-07-19 12:51:20.152326,Vaishali Nagar,1139.53,185.4,75.7
2026-07-19 13:51:20.152326,Vaishali Nagar,1250.81,295.47,75.8
2026-07-19 14:51:20.152326,Vaishali Nagar,1331.09,266.12,84.5
2026-07-19 15:51:20.152326,Vaishali Nagar,1308.32,182.83,89.3
2026-07-19 16:51:20.152326,Vaishali Nagar,1353.56,180.09,93.1
2026-07-19 17:51:20.152326,Vaishali Nagar,1207.27,112.45,86.9
2026-07-19 18:51:20.152326,Vaishali Nagar,1200.19,59.23,90.6
2026-07-19 19:51:20.152326,Vaishali Nagar,619.89,26.35,47.1
2026-07-19 20:51:20.152326,Vaishali Nagar,603.12,13.57,46.8
2026-07-19 21:51:20.152326,Vaishali Nagar,629.57,5.21,49.6
2026-07-19 22:51:20.152326,Vaishali Nagar,674.43,1.58,53.4
2026-07-19 23:51:20.152326,Vaishali Nagar,617.87,0.52,49.0
2026-07-20 00:51:20.152326,Vaishali Nagar,646.53,0.01,51.3
2026-07-20 01:51:20.152326,Vaishali Nagar,653.52,0.04,51.9
2026-07-20 02:51:20.152326,Vaishali Nagar,636.01,0.15,50.5
2026-07-20 03:51:20.152326,Vaishali Nagar,604.74,0.64,47.9
2026-07-20 04:51:20.152326,Vaishali Nagar,589.25,2.11,46.6
2026-07-20 05:51:20.152326,Vaishali Nagar,596.22,6.14,46.8
2026-07-20 06:51:20.152326,Vaishali Nagar,617.31,17.36,47.6
2026-07-20 07:51:20.152326,Vaishali Nagar,655.91,41.73,48.7
2026-07-20 08:51:20.152326,Vaishali Nagar,1244.79,70.79,93.2
2026-07-20 09:51:20.152326,Vaishali Nagar,1299.11,107.24,94.6
2026-07-20 10:51:20.152326,Vaishali Nagar,1269.33,212.39,83.9
2026-07-20 11:51:20.152326,Vaishali Nagar,1195.05,283.53,72.3
2026-07-20 12:51:20.152326,Vaishali Nagar,1138.76,374.38,60.7
2026-07-20 13:51:20.152326,Vaishali Nagar,1263.94,322.13,74.7
2026-07-20 14:51:20.152326,Vaishali Nagar,1359.85,304.82,83.7
2026-07-20 15:51:20.152326,Vaishali Nagar,1447.25,279.24,92.7
2026-07-20 16:51:20.152326,Vaishali Nagar,1275.27,203.67,85.0
2026-07-20 17:51:20.152326,Vaishali Nagar,1250.88,118.53,89.9
2026-07-20 18:51:20.152326,Vaishali Nagar,1251.89,73.17,93.5
2026-07-20 19:51:20.152326,Vaishali Nagar,669.64,38.58,50.1
2026-07-20 20:51:20.152326,Vaishali Nagar,641.63,14.24,49.8
2026-07-20 21:51:20.152326,Vaishali Nagar,673.34,6.58,52.9
2026-07-20 22:51:20.152326,Vaishali Nagar,616.37,2.33,48.7
2026-07-20 23:51:20.152326,Vaishali Nagar,672.62,0.63,53.3
2026-07-21 00:51:20.152326,Vaishali Nagar,664.04,0.01,52.7
2026-07-21 01:51:20.152326,Vaishali Nagar,633.22,0.03,50.3
2026-07-21 02:51:20.152326,Vaishali Nagar,651.44,0.18,51.7
2026-07-21 03:51:20.152326,Vaishali Nagar,654.95,0.68,51.9
2026-07-21 04:51:20.152326,Vaishali Nagar,633.15,1.97,50.1
2026-07-21 05:51:20.152326,Vaishali Nagar,721.16,5.95,56.8
2026-07-21 06:51:20.152326,Vaishali Nagar,646.1,18.09,49.8
2026-07-21 07:51:20.152326,Vaishali Nagar,647.11,36.4,48.5
2026-07-21 08:51:20.152326,Vaishali Nagar,1246.7,70.33,93.4
2026-07-21 09:51:20.152326,Vaishali Nagar,1062.82,125.3,74.4
2026-07-21 10:51:20.152326,Vaishali Nagar,1248.76,164.51,86.1
2026-07-21 11:51:20.152326,Vaishali Nagar,1310.54,318.67,78.7
2026-07-21 12:51:20.152326,Vaishali Nagar,1210.69,379.52,66.0
2026-07-21 13:51:20.152326,Vaishali Nagar,1166.73,366.21,63.5
2026-07-21 14:51:20.152326,Vaishali Nagar,1249.6,336.6,72.5
2026-07-21 15:51:20.152326,Vaishali Nagar,1206.24,339.09,68.8
2026-07-21 16:51:20.152326,Vaishali Nagar,1223.0,200.37,81.2
2026-07-21 17:51:20.152326,Vaishali Nagar,1175.0,111.53,84.4
2026-07-21 18:51:20.152326,Vaishali Nagar,1339.21,71.26,100.6
2026-07-21 19:51:20.152326,Vaishali Nagar,654.24,32.91,49.3
2026-07-21 20:51:20.152326,Vaishali Nagar,647.69,16.61,50.1
2026-07-21 21:51:20.152326,Vaishali Nagar,621.4,7.64,48.7
2026-07-21 22:51:20.152326,Vaishali Nagar,622.28,1.9,49.2
2026-07-21 23:51:20.152326,Vaishali Nagar,593.67,0.58,47.1
2026-07-22 00:51:20.152326,Vaishali Nagar,677.78,0.01,53.8
2026-07-22 01:51:20.152326,Vaishali Nagar,619.99,0.03,49.2
2026-07-22 02:51:20.152326,Vaishali Nagar,653.12,0.16,51.8
2026-07-22 03:51:20.152326,Vaishali Nagar,633.83,0.52,50.3
2026-07-22 04:51:20.152326,Vaishali Nagar,599.27,1.82,47.4
2026-07-22 05:51:20.152326,Vaishali Nagar,664.23,6.04,52.2
2026-07-22 06:51:20.152326,Vaishali Nagar,627.97,18.86,48.3
2026-07-22 07:51:20.152326,Vaishali Nagar,639.03,34.08,48.0
2026-07-22 08:51:20.152326,Vaishali Nagar,1280.61,72.45,95.9
2026-07-22 09:51:20.152326,Vaishali Nagar,1326.44,106.23,96.8
2026-07-22 10:51:20.152326,Vaishali Nagar,1308.37,202.92,87.7
2026-07-22 11:51:20.152326,Vaishali Nagar,1331.77,263.43,84.8
2026-07-22 12:51:20.152326,Vaishali Nagar,1259.81,331.64,73.7
2026-07-22 13:51:20.152326,Vaishali Nagar,1294.99,393.38,71.6
2026-07-22 14:51:20.152326,Vaishali Nagar,1268.06,372.85,71.0
2026-07-22 15:51:20.152326,Vaishali Nagar,1290.87,274.65,80.7
2026-07-22 16:51:20.152326,Vaishali Nagar,1227.75,204.22,81.2
2026-07-22 17:51:20.152326,Vaishali Nagar,1272.34,118.97,91.5
2026-07-22 18:51:20.152326,Vaishali Nagar,1375.75,71.8,103.5
2026-07-22 19:51:20.152326,Vaishali Nagar,653.85,33.2,49.3
2026-07-22 20:51:20.152326,Vaishali Nagar,666.74,13.11,51.9
2026-07-22 21:51:20.152326,Vaishali Nagar,644.7,5.98,50.7
2026-07-22 22:51:20.152326,Vaishali Nagar,666.73,1.84,52.8
2026-07-22 23:51:20.152326,Vaishali Nagar,682.61,0.59,54.1
2026-07-23 00:51:20.152326,Vaishali Nagar,642.94,0.01,51.0
2026-07-23 01:51:20.152326,Vaishali Nagar,641.74,0.04,50.9
2026-07-23 02:51:20.152326,Vaishali Nagar,687.51,0.18,54.6
2026-07-23 03:51:20.152326,Vaishali Nagar,689.64,0.78,54.7
2026-07-23 04:51:20.152326,Vaishali Nagar,609.83,2.05,48.2
2026-07-23 05:51:20.152326,Vaishali Nagar,678.44,5.1,53.4
2026-07-23 06:51:20.152326,Vaishali Nagar,673.09,17.82,52.0
2026-07-23 07:51:20.152326,Vaishali Nagar,650.96,35.92,48.8
2026-07-23 08:51:20.152326,Vaishali Nagar,1263.75,76.58,94.2
2026-07-23 09:51:20.152326,Vaishali Nagar,1215.67,122.19,86.8
2026-07-23 10:51:20.152326,Vaishali Nagar,1433.2,201.59,97.7
2026-07-23 11:51:20.152326,Vaishali Nagar,1322.62,238.89,86.0
2026-07-23 12:51:20.152326,Vaishali Nagar,1209.0,369.73,66.6
2026-07-23 13:51:20.152326,Vaishali Nagar,1218.05,426.23,62.8
2026-07-23 14:51:20.152326,Vaishali Nagar,1181.91,354.27,65.7
2026-07-23 15:51:20.152326,Vaishali Nagar,1423.96,305.65,88.8
2026-07-23 16:51:20.152326,Vaishali Nagar,1269.81,222.17,83.1
2026-07-23 17:51:20.152326,Vaishali Nagar,1223.99,158.17,84.6
2026-07-23 18:51:20.152326,Vaishali Nagar,1231.33,80.88,91.3
2026-07-23 19:51:20.152326,Vaishali Nagar,674.66,34.28,50.8
2026-07-23 20:51:20.152326,Vaishali Nagar,573.82,19.21,44.0
2026-07-23 21:51:20.152326,Vaishali Nagar,617.03,6.34,48.5
2026-07-23 22:51:20.152326,Vaishali Nagar,637.1,2.01,50.4
2026-07-23 23:51:20.152326,Vaishali Nagar,606.78,0.48,48.1
2026-07-24 00:51:20.152326,Vaishali Nagar,613.69,0.01,48.7
2026-07-24 01:51:20.152326,Vaishali Nagar,623.32,0.04,49.5
2026-07-24 02:51:20.152326,Vaishali Nagar,629.08,0.18,49.9
2026-07-24 03:51:20.152326,Vaishali Nagar,711.5,0.6,56.4
2026-07-24 04:51:20.152326,Vaishali Nagar,657.84,2.37,52.0
2026-07-24 05:51:20.152326,Vaishali Nagar,691.73,6.09,54.4
2026-07-24 06:51:20.152326,Vaishali Nagar,654.61,15.59,50.7
2026-07-24 07:51:20.152326,Vaishali Nagar,627.76,37.12,46.9
2026-07-24 08:51:20.152326,Vaishali Nagar,1219.27,64.12,91.7
2026-07-24 09:51:20.152326,Vaishali Nagar,1319.16,140.85,93.5
2026-07-24 10:51:20.152326,Vaishali Nagar,1286.14,220.82,84.5
2026-07-24 11:51:20.152326,Vaishali Nagar,1284.41,272.32,80.3
2026-07-24 12:51:20.152326,Vaishali Nagar,1222.45,362.39,68.3
2026-07-24 13:51:20.152326,Vaishali Nagar,1490.01,361.48,89.6
2026-07-24 14:51:20.152326,Vaishali Nagar,1403.71,346.36,83.9
2026-07-24 15:51:20.152326,Vaishali Nagar,1262.53,303.46,76.1
2026-07-24 16:51:20.152326,Vaishali Nagar,1338.12,174.08,92.4
2026-07-24 17:51:20.152326,Vaishali Nagar,1300.33,133.24,92.6
2026-07-24 18:51:20.152326,Vaishali Nagar,1239.49,78.44,92.1
2026-07-24 19:51:20.152326,Vaishali Nagar,690.39,30.76,52.4
2026-07-24 20:51:20.152326,Vaishali Nagar,641.66,15.09,49.7
2026-07-24 21:51:20.152326,Vaishali Nagar,593.86,6.46,46.6
2026-07-24 22:51:20.152326,Vaishali Nagar,676.75,2.02,53.5
2026-07-24 23:51:20.152326,Vaishali Nagar,634.92,0.64,50.3
2026-07-25 00:51:20.152326,Vaishali Nagar,691.09,0.01,54.8
2026-07-25 01:51:20.152326,Vaishali Nagar,599.65,0.03,47.6
2026-07-25 02:51:20.152326,Vaishali Nagar,692.62,0.12,55.0
2026-07-25 03:51:20.152326,Vaishali Nagar,611.44,0.39,48.5
2026-07-25 04:51:20.152326,Vaishali Nagar,633.51,1.59,50.2
2026-07-25 05:51:20.152326,Vaishali Nagar,605.02,5.24,47.6
2026-07-25 06:51:20.152326,Vaishali Nagar,654.02,14.28,50.8
2026-07-25 07:51:20.152326,Vaishali Nagar,616.35,27.49,46.7
2026-07-25 08:51:20.152326,Vaishali Nagar,1284.15,54.43,97.6
2026-07-25 09:51:20.152326,Vaishali Nagar,1179.26,80.38,87.2
2026-07-25 10:51:20.152326,Vaishali Nagar,1328.63,171.62,91.8
2026-07-25 11:51:20.152326,Vaishali Nagar,1236.35,209.36,81.5
2026-07-25 12:51:20.152326,Vaishali Nagar,1151.21,313.73,66.5
2026-07-25 13:51:20.152326,Vaishali Nagar,1346.4,329.15,80.7
2026-07-25 14:51:20.152326,Vaishali Nagar,1164.29,260.21,71.8
2026-07-25 15:51:20.152326,Vaishali Nagar,1328.56,202.97,89.3
2026-07-25 16:51:20.152326,Vaishali Nagar,1259.6,141.4,88.7
2026-07-25 17:51:20.152326,Vaishali Nagar,1336.69,116.77,96.8
2026-07-25 18:51:20.152326,Vaishali Nagar,1226.42,50.96,93.3
2026-07-25 19:51:20.152326,Vaishali Nagar,630.95,29.28,47.8
2026-07-25 20:51:20.152326,Vaishali Nagar,686.84,11.15,53.6
2026-07-25 21:51:20.152326,Vaishali Nagar,624.6,5.29,49.2
2026-07-25 22:51:20.152326,Vaishali Nagar,634.32,1.79,50.2
2026-07-25 23:51:20.152326,Vaishali Nagar,604.77,0.42,48.0
2026-07-26 00:51:20.152326,Vaishali Nagar,587.47,0.01,46.6
2026-07-26 01:51:20.152326,Vaishali Nagar,651.96,0.03,51.7
2026-07-26 02:51:20.152326,Vaishali Nagar,659.95,0.12,52.4
2026-07-26 03:51:20.152326,Vaishali Nagar,607.72,0.51,48.2
2026-07-26 04:51:20.152326,Vaishali Nagar,605.26,1.56,47.9
2026-07-26 05:51:20.152326,Vaishali Nagar,648.81,4.59,51.1
2026-07-26 06:51:20.152326,Vaishali Nagar,570.02,13.94,44.1
2026-07-26 07:51:20.152326,Vaishali Nagar,583.03,26.56,44.2
2026-07-26 08:51:20.152326,Vaishali Nagar,1357.31,62.56,102.8
2026-07-26 09:51:20.152326,Vaishali Nagar,1240.53,102.88,90.3
2026-07-26 10:51:20.152326,Vaishali Nagar,1245.95,178.33,84.7
2026-07-26 11:51:20.152326,Vaishali Nagar,1314.08,234.34,85.7
2026-07-26 12:51:20.152326,Vaishali Nagar,1318.76,269.34,83.3
2026-07-26 13:51:20.152326,Vaishali Nagar,1161.63,255.02,72.0
2026-07-26 14:51:20.152326,Vaishali Nagar,1299.76,241.32,84.0
2026-07-26 15:51:20.152326,Vaishali Nagar,1220.19,242.03,77.6
2026-07-26 16:51:20.152326,Vaishali Nagar,1109.36,156.0,75.7
2026-07-26 17:51:20.152326,Vaishali Nagar,1166.86,100.34,84.6
2026-07-26 18:51:20.152326,Vaishali Nagar,1271.13,57.02,96.4
2026-07-26 19:51:20.152326,Vaishali Nagar,647.92,24.18,49.5
2026-07-26 20:51:20.152326,Vaishali Nagar,628.85,12.44,48.9
2026-07-26 21:51:20.152326,Vaishali Nagar,593.43,5.41,46.7
2026-07-26 22:51:20.152326,Vaishali Nagar,691.09,1.37,54.7
2026-07-26 23:51:20.152326,Vaishali Nagar,664.14,0.56,52.7
2026-07-27 00:51:20.152326,Vaishali Nagar,610.17,0.01,48.4
2026-07-27 01:51:20.152326,Vaishali Nagar,580.77,0.04,46.1
2026-07-27 02:51:20.152326,Vaishali Nagar,600.1,0.16,47.6
2026-07-27 03:51:20.152326,Vaishali Nagar,602.68,0.71,47.8
2026-07-27 04:51:20.152326,Vaishali Nagar,614.1,2.12,48.6
2026-07-27 05:51:20.152326,Vaishali Nagar,639.84,6.68,50.3
2026-07-27 06:51:20.152326,Vaishali Nagar,618.49,16.77,47.8
2026-07-27 07:51:20.152326,Vaishali Nagar,679.97,33.02,51.3
2026-07-27 08:51:20.152326,Vaishali Nagar,1204.99,79.89,89.3
2026-07-27 09:51:20.152326,Vaishali Nagar,1205.28,115.29,86.5
2026-07-27 10:51:20.152326,Vaishali Nagar,1184.08,220.27,76.5
2026-07-27 11:51:20.152326,Vaishali Nagar,1253.83,295.61,76.0
2026-07-27 12:51:20.152326,Vaishali Nagar,1244.08,286.44,76.0
2026-07-27 13:51:20.152326,Vaishali Nagar,1169.93,400.61,61.1
2026-07-27 14:51:20.152326,Vaishali Nagar,1393.07,329.85,84.4
2026-07-27 15:51:20.152326,Vaishali Nagar,1202.17,254.38,75.2
2026-07-27 16:51:20.152326,Vaishali Nagar,1321.78,203.77,88.7
2026-07-27 17:51:20.152326,Vaishali Nagar,1237.92,139.95,87.1
2026-07-27 18:51:20.152326,Vaishali Nagar,1318.33,73.56,98.8
2026-07-27 19:51:20.152326,Vaishali Nagar,686.56,31.74,52.0
2026-07-27 20:51:20.152326,Vaishali Nagar,602.0,17.24,46.4
2026-07-27 21:51:20.152326,Vaishali Nagar,633.86,5.76,49.8
2026-07-27 22:51:20.152326,Vaishali Nagar,590.49,2.01,46.7
2026-07-27 23:51:20.152326,Vaishali Nagar,666.3,0.66,52.8
2026-07-28 00:51:20.152326,Vaishali Nagar,676.85,0.01,53.7
2026-07-28 01:51:20.152326,Vaishali Nagar,608.36,0.04,48.3
2026-07-28 02:51:20.152326,Vaishali Nagar,611.85,0.17,48.5
2026-07-28 03:51:20.152326,Vaishali Nagar,638.75,0.56,50.7
2026-07-28 04:51:20.152326,Vaishali Nagar,724.62,1.93,57.4
2026-07-28 05:51:20.152326,Vaishali Nagar,560.59,6.33,44.0
2026-07-28 06:51:20.152326,Vaishali Nagar,570.4,14.05,44.2
2026-07-28 07:51:20.152326,Vaishali Nagar,580.43,32.39,43.5
2026-07-28 08:51:20.152326,Vaishali Nagar,1309.75,84.66,97.2
2026-07-28 09:51:20.152326,Vaishali Nagar,1318.6,137.31,93.8
2026-07-28 10:51:20.152326,Vaishali Nagar,1246.21,248.51,79.2
2026-07-28 11:51:20.152326,Vaishali Nagar,1229.49,295.66,74.1
2026-07-28 12:51:20.152326,Vaishali Nagar,1166.5,294.23,69.2
2026-07-28 13:51:20.152326,Vaishali Nagar,1412.75,393.11,80.9
2026-07-28 14:51:20.152326,Vaishali Nagar,1323.35,322.09,79.5
2026-07-28 15:51:20.152326,Vaishali Nagar,1207.44,310.51,71.2
2026-07-28 16:51:20.152326,Vaishali Nagar,1301.35,221.97,85.7
2026-07-28 17:51:20.152326,Vaishali Nagar,1304.06,138.58,92.5
2026-07-28 18:51:20.152326,Vaishali Nagar,1174.02,79.04,86.9
2026-07-28 19:51:20.152326,Vaishali Nagar,602.01,34.25,45.1
2026-07-28 20:51:20.152326,Vaishali Nagar,633.05,15.55,49.0
2026-07-28 21:51:20.152326,Vaishali Nagar,556.54,5.72,43.7
2026-07-28 22:51:20.152326,Vaishali Nagar,636.03,2.19,50.3
2026-07-28 23:51:20.152326,Vaishali Nagar,706.01,0.65,56.0
2026-07-29 00:51:20.152326,Vaishali Nagar,630.1,0.01,50.0
2026-07-29 01:51:20.152326,Vaishali Nagar,521.1,0.04,41.4
2026-07-29 02:51:20.152326,Vaishali Nagar,581.26,0.15,46.1
2026-07-29 03:51:20.152326,Vaishali Nagar,661.74,0.59,52.5
2026-07-29 04:51:20.152326,Vaishali Nagar,670.95,2.02,53.1
2026-07-29 05:51:20.152326,Vaishali Nagar,638.64,6.52,50.2
2026-07-29 06:51:20.152326,Vaishali Nagar,599.57,16.31,46.3
2026-07-29 07:51:20.152326,Vaishali Nagar,569.23,40.55,42.0
2026-07-29 08:51:20.152326,Vaishali Nagar,1288.99,74.36,96.4
2026-07-29 09:51:20.152326,Vaishali Nagar,1266.44,144.31,89.1
2026-07-29 10:51:20.152326,Vaishali Nagar,1222.42,195.47,81.5
2026-07-29 11:51:20.152326,Vaishali Nagar,1222.57,264.28,76.1
2026-07-29 12:51:20.152326,Vaishali Nagar,1285.16,324.75,76.2
2026-07-29 13:51:20.152326,Vaishali Nagar,1457.48,347.12,88.1
2026-07-29 14:51:20.152326,Vaishali Nagar,1346.61,315.81,81.8
2026-07-29 15:51:20.152326,Vaishali Nagar,1196.2,298.73,71.2
2026-07-29 16:51:20.152326,Vaishali Nagar,1176.21,196.44,77.8
2026-07-29 17:51:20.152326,Vaishali Nagar,1158.1,139.07,80.9
2026-07-29 18:51:20.152326,Vaishali Nagar,1181.91,78.8,87.5
2026-07-29 19:51:20.152326,Vaishali Nagar,590.19,40.78,43.6
2026-07-29 20:51:20.152326,Vaishali Nagar,649.34,16.13,50.3
2026-07-29 21:51:20.152326,Vaishali Nagar,606.02,6.94,47.5
2026-07-29 22:51:20.152326,Vaishali Nagar,595.96,2.41,47.1
2026-07-29 23:51:20.152326,Vaishali Nagar,639.41,0.62,50.7
2026-07-30 00:51:20.152326,Vaishali Nagar,654.85,0.01,52.0
2026-07-30 01:51:20.152326,Vaishali Nagar,596.01,0.04,47.3
2026-07-30 02:51:20.152326,Vaishali Nagar,603.98,0.17,47.9
2026-07-30 03:51:20.152326,Vaishali Nagar,593.67,0.51,47.1
2026-07-30 04:51:20.152326,Vaishali Nagar,640.1,2.44,50.6
2026-07-30 05:51:20.152326,Vaishali Nagar,629.94,6.9,49.4
2026-07-30 06:51:20.152326,Vaishali Nagar,662.16,15.59,51.3
2026-07-30 07:51:20.152326,Vaishali Nagar,657.89,34.44,49.5
2026-07-30 08:51:20.152326,Vaishali Nagar,1290.42,89.35,95.3
2026-07-30 09:51:20.152326,Vaishali Nagar,1213.45,140.9,85.1
2026-07-30 10:51:20.152326,Vaishali Nagar,1169.24,169.39,79.4
2026-07-30 11:51:20.152326,Vaishali Nagar,1172.38,298.71,69.3
2026-07-30 12:51:20.152326,Vaishali Nagar,1247.16,362.95,70.2
2026-07-30 13:51:20.152326,Vaishali Nagar,1341.87,333.32,80.0
2026-07-30 14:51:20.152326,Vaishali Nagar,1407.31,391.13,80.6
2026-07-30 15:51:20.152326,Vaishali Nagar,1275.65,290.15,78.2
2026-07-30 16:51:20.152326,Vaishali Nagar,1413.02,211.37,95.4
2026-07-30 17:51:20.152326,Vaishali Nagar,1252.64,146.91,87.8
2026-07-30 18:51:20.152326,Vaishali Nagar,1164.46,80.43,86.0
2026-07-30 19:51:20.152326,Vaishali Nagar,670.89,44.59,49.7
2026-07-30 20:51:20.152326,Vaishali Nagar,675.24,18.7,52.1
2026-07-30 21:51:20.152326,Vaishali Nagar,584.47,6.22,45.9
2026-07-30 22:51:20.152326,Vaishali Nagar,639.08,2.25,50.5
2026-07-30 23:51:20.152326,Vaishali Nagar,683.97,0.63,54.2
2026-07-31 00:51:20.152326,Vaishali Nagar,566.4,0.01,45.0
2026-07-31 01:51:20.152326,Vaishali Nagar,662.31,0.04,52.6
2026-07-31 02:51:20.152326,Vaishali Nagar,569.02,0.14,45.1
2026-07-31 03:51:20.152326,Vaishali Nagar,604.23,0.62,47.9
2026-07-31 04:51:20.152326,Vaishali Nagar,625.6,2.07,49.5
2026-07-31 05:51:20.152326,Vaishali Nagar,568.87,7.45,44.6
2026-07-31 06:51:20.152326,Vaishali Nagar,630.92,15.82,48.8
2026-07-31 07:51:20.152326,Vaishali Nagar,655.42,36.87,49.1
2026-07-31 08:51:20.152326,Vaishali Nagar,1215.73,72.09,90.8
2026-07-31 09:51:20.152326,Vaishali Nagar,1291.05,129.43,92.2
2026-07-31 10:51:20.152326,Vaishali Nagar,1272.79,239.27,82.0
2026-07-31 11:51:20.152326,Vaishali Nagar,1373.75,315.25,84.0
2026-07-31 12:51:20.152326,Vaishali Nagar,1199.09,330.24,69.0
2026-07-31 13:51:20.152326,Vaishali Nagar,1319.13,369.86,75.3
2026-07-31 14:51:20.152326,Vaishali Nagar,1433.77,315.89,88.7
2026-07-31 15:51:20.152326,Vaishali Nagar,1188.78,303.83,70.2
2026-07-31 16:51:20.152326,Vaishali Nagar,1191.73,215.39,77.5
2026-07-31 17:51:20.152326,Vaishali Nagar,1240.83,135.56,87.7
2026-07-31 18:51:20.152326,Vaishali Nagar,1208.72,68.8,90.5
2026-07-31 19:51:20.152326,Vaishali Nagar,593.93,36.52,44.2
2026-07-31 20:51:20.152326,Vaishali Nagar,631.42,18.14,48.7
2026-07-31 21:51:20.152326,Vaishali Nagar,705.83,5.24,55.6
2026-07-31 22:51:20.152326,Vaishali Nagar,609.34,1.78,48.2
2026-07-31 23:51:20.152326,Vaishali Nagar,599.88,0.62,47.6
2026-08-01 00:51:20.152326,Vaishali Nagar,658.39,0.01,52.3
2026-08-01 01:51:20.152326,Vaishali Nagar,638.13,0.03,50.6
2026-08-01 02:51:20.152326,Vaishali Nagar,697.36,0.13,55.3
2026-08-01 03:51:20.152326,Vaishali Nagar,580.15,0.4,46.0
2026-08-01 04:51:20.152326,Vaishali Nagar,586.79,1.37,46.5
2026-08-01 05:51:20.152326,Vaishali Nagar,663.33,4.92,52.3
2026-08-01 06:51:20.152326,Vaishali Nagar,589.64,12.26,45.8
2026-08-01 07:51:20.152326,Vaishali Nagar,666.67,26.82,50.8
2026-08-01 08:51:20.152326,Vaishali Nagar,1160.52,58.15,87.5
2026-08-01 09:51:20.152326,Vaishali Nagar,1270.61,101.63,92.8
2026-08-01 10:51:20.152326,Vaishali Nagar,1261.84,148.95,88.3
2026-08-01 11:51:20.152326,Vaishali Nagar,1300.8,211.34,86.5
2026-08-01 12:51:20.152326,Vaishali Nagar,1218.33,218.82,79.3
2026-08-01 13:51:20.152326,Vaishali Nagar,1246.26,233.58,80.4
2026-08-01 14:51:20.152326,Vaishali Nagar,1231.27,271.8,76.1
2026-08-01 15:51:20.152326,Vaishali Nagar,1278.34,203.07,85.3
2026-08-01 16:51:20.152326,Vaishali Nagar,1243.05,161.66,85.8
2026-08-01 17:51:20.152326,Vaishali Nagar,1092.62,106.02,78.3
2026-08-01 18:51:20.152326,Vaishali Nagar,1217.89,57.19,92.1
2026-08-01 19:51:20.152326,Vaishali Nagar,647.38,29.15,49.1
2026-08-01 20:51:20.152326,Vaishali Nagar,646.42,11.42,50.4
2026-08-01 21:51:20.152326,Vaishali Nagar,652.48,5.44,51.4
2026-08-01 22:51:20.152326,Vaishali Nagar,635.87,1.67,50.3
2026-08-01 23:51:20.152326,Vaishali Nagar,663.26,0.52,52.6
2026-08-02 00:51:20.152326,Vaishali Nagar,626.1,0.01,49.7
2026-08-02 01:51:20.152326,Vaishali Nagar,653.19,0.03,51.8
2026-08-02 02:51:20.152326,Vaishali Nagar,594.46,0.14,47.2
2026-08-02 03:51:20.152326,Vaishali Nagar,613.95,0.49,48.7
2026-08-02 04:51:20.152326,Vaishali Nagar,610.17,1.4,48.3
2026-08-02 05:51:20.152326,Vaishali Nagar,719.04,4.35,56.7
2026-08-02 06:51:20.152326,Vaishali Nagar,632.53,11.16,49.3
2026-08-02 07:51:20.152326,Vaishali Nagar,592.35,26.02,44.9
2026-08-02 08:51:20.152326,Vaishali Nagar,1352.98,57.51,102.8
2026-08-02 09:51:20.152326,Vaishali Nagar,1347.27,105.27,98.6
2026-08-02 10:51:20.152326,Vaishali Nagar,1197.86,162.17,82.2
2026-08-02 11:51:20.152326,Vaishali Nagar,1155.04,211.71,74.9
2026-08-02 12:51:20.152326,Vaishali Nagar,1412.5,274.76,90.3
2026-08-02 13:51:20.152326,Vaishali Nagar,1309.29,226.93,85.9
2026-08-02 14:51:20.152326,Vaishali Nagar,1232.03,257.24,77.4
2026-08-02 15:51:20.152326,Vaishali Nagar,1277.11,217.27,84.1
2026-08-02 16:51:20.152326,Vaishali Nagar,1216.0,158.54,83.9
2026-08-02 17:51:20.152326,Vaishali Nagar,1284.9,109.36,93.3
2026-08-02 18:51:20.152326,Vaishali Nagar,1167.84,53.68,88.4
2026-08-02 19:51:20.152326,Vaishali Nagar,609.74,28.77,46.1
2026-08-02 20:51:20.152326,Vaishali Nagar,633.0,12.77,49.2
2026-08-02 21:51:20.152326,Vaishali Nagar,576.38,4.35,45.4
2026-08-02 22:51:20.152326,Vaishali Nagar,592.61,1.7,46.9
2026-08-02 23:51:20.152326,Vaishali Nagar,653.46,0.49,51.8
2026-08-03 00:51:20.152326,Vaishali Nagar,605.65,0.01,48.1
2026-08-03 01:51:20.152326,Vaishali Nagar,563.32,0.04,44.7
2026-08-03 02:51:20.152326,Vaishali Nagar,625.65,0.18,49.6
2026-08-03 03:51:20.152326,Vaishali Nagar,646.18,0.52,51.2
2026-08-03 04:51:20.152326,Vaishali Nagar,627.96,1.9,49.7
2026-08-03 05:51:20.152326,Vaishali Nagar,617.21,6.13,48.5
2026-08-03 06:51:20.152326,Vaishali Nagar,632.02,18.72,48.7
2026-08-03 07:51:20.152326,Vaishali Nagar,581.07,40.09,42.9
2026-08-03 08:51:20.152326,Vaishali Nagar,1262.32,80.55,93.8
2026-08-03 09:51:20.152326,Vaishali Nagar,1219.86,123.82,87.0
2026-08-03 10:51:20.152326,Vaishali Nagar,1242.58,207.58,82.1
2026-08-03 11:51:20.152326,Vaishali Nagar,1443.69,295.33,91.1
2026-08-03 12:51:20.152326,Vaishali Nagar,1164.99,370.39,63.1
2026-08-03 13:51:20.152326,Vaishali Nagar,1189.03,370.62,65.0
2026-08-03 14:51:20.152326,Vaishali Nagar,1283.16,325.94,76.0
2026-08-03 15:51:20.152326,Vaishali Nagar,1215.39,255.97,76.1
2026-08-03 16:51:20.152326,Vaishali Nagar,1159.6,188.57,77.1
2026-08-03 17:51:20.152326,Vaishali Nagar,1313.12,129.76,93.9
2026-08-03 18:51:20.152326,Vaishali Nagar,1261.72,79.77,93.8
2026-08-03 19:51:20.152326,Vaishali Nagar,717.84,40.8,53.7
2026-08-03 20:51:20.152326,Vaishali Nagar,623.3,13.87,48.4
2026-08-03 21:51:20.152326,Vaishali Nagar,679.05,5.28,53.5
2026-08-03 22:51:20.152326,Vaishali Nagar,627.88,2.28,49.7
2026-08-03 23:51:20.152326,Vaishali Nagar,601.25,0.68,47.7
2026-08-04 00:51:20.152326,Vaishali Nagar,650.84,0.01,51.7
2026-08-04 01:51:20.152326,Vaishali Nagar,633.06,0.04,50.2
2026-08-04 02:51:20.152326,Vaishali Nagar,624.19,0.16,49.5
2026-08-04 03:51:20.152326,Vaishali Nagar,650.32,0.56,51.6
2026-08-04 04:51:20.152326,Vaishali Nagar,614.13,2.65,48.5
2026-08-04 05:51:20.152326,Vaishali Nagar,607.22,5.76,47.7
2026-08-04 06:51:20.152326,Vaishali Nagar,594.95,16.2,45.9
2026-08-04 07:51:20.152326,Vaishali Nagar,626.58,38.92,46.6
2026-08-04 08:51:20.152326,Vaishali Nagar,1186.11,76.21,88.1
2026-08-04 09:51:20.152326,Vaishali Nagar,1279.43,115.52,92.4
2026-08-04 10:51:20.152326,Vaishali Nagar,1196.94,221.97,77.4
2026-08-04 11:51:20.152326,Vaishali Nagar,1196.25,297.5,71.3
2026-08-04 12:51:20.152326,Vaishali Nagar,1198.27,344.13,67.8
2026-08-04 13:51:20.152326,Vaishali Nagar,1255.57,362.29,70.9
2026-08-04 14:51:20.152326,Vaishali Nagar,1100.75,352.8,59.4
2026-08-04 15:51:20.152326,Vaishali Nagar,1168.26,281.31,70.4
2026-08-04 16:51:20.152326,Vaishali Nagar,1274.07,126.31,91.1
2026-08-04 17:51:20.152326,Vaishali Nagar,1268.68,134.92,90.0
2026-08-04 18:51:20.152326,Vaishali Nagar,1193.55,76.06,88.7
2026-08-04 19:51:20.152326,Vaishali Nagar,640.63,40.38,47.6
2026-08-04 20:51:20.152326,Vaishali Nagar,589.05,16.68,45.4
2026-08-04 21:51:20.152326,Vaishali Nagar,642.46,6.14,50.5
2026-08-04 22:51:20.152326,Vaishali Nagar,615.17,1.99,48.7
2026-08-04 23:51:20.152326,Vaishali Nagar,672.81,0.76,53.3
2026-08-05 00:51:20.152326,Vaishali Nagar,683.0,0.01,54.2
2026-08-05 01:51:20.152326,Vaishali Nagar,606.73,0.03,48.2
2026-08-05 02:51:20.152326,Vaishali Nagar,641.48,0.19,50.9
2026-08-05 03:51:20.152326,Vaishali Nagar,603.6,0.58,47.9
2026-08-05 04:51:20.152326,Vaishali Nagar,634.26,1.85,50.2
2026-08-05 05:51:20.152326,Vaishali Nagar,664.68,6.1,52.3
2026-08-05 06:51:20.152326,Vaishali Nagar,647.98,16.11,50.1
2026-08-05 07:51:20.152326,Vaishali Nagar,634.13,35.87,47.5
2026-08-05 08:51:20.152326,Vaishali Nagar,1315.0,74.04,98.5
2026-08-05 09:51:20.152326,Vaishali Nagar,1324.16,128.11,94.9
2026-08-05 10:51:20.152326,Vaishali Nagar,1305.01,197.15,87.9
2026-08-05 11:51:20.152326,Vaishali Nagar,1203.35,275.53,73.6
2026-08-05 12:51:20.152326,Vaishali Nagar,1299.79,392.13,72.0
2026-08-05 13:51:20.152326,Vaishali Nagar,1341.57,398.54,74.8
2026-08-05 14:51:20.152326,Vaishali Nagar,1295.4,303.18,78.7
2026-08-05 15:51:20.152326,Vaishali Nagar,1394.8,307.86,86.3
2026-08-05 16:51:20.152326,Vaishali Nagar,1422.59,250.06,93.1
2026-08-05 17:51:20.152326,Vaishali Nagar,1376.29,130.12,98.9
2026-08-05 18:51:20.152326,Vaishali Nagar,1261.31,82.79,93.5
2026-08-05 19:51:20.152326,Vaishali Nagar,650.07,39.77,48.4
2026-08-05 20:51:20.152326,Vaishali Nagar,600.72,13.95,46.6
2026-08-05 21:51:20.152326,Vaishali Nagar,581.2,7.23,45.6
2026-08-05 22:51:20.152326,Vaishali Nagar,633.73,1.79,50.2
2026-08-05 23:51:20.152326,Vaishali Nagar,629.83,0.57,49.9
2026-08-06 00:51:20.152326,Vaishali Nagar,560.78,0.01,44.5
2026-08-06 01:51:20.152326,Vaishali Nagar,628.64,0.04,49.9
2026-08-06 02:51:20.152326,Vaishali Nagar,682.62,0.17,54.2
2026-08-06 03:51:20.152326,Vaishali Nagar,638.17,0.6,50.6
2026-08-06 04:51:20.152326,Vaishali Nagar,652.53,2.33,51.6
2026-08-06 05:51:20.152326,Vaishali Nagar,629.19,5.21,49.5
2026-08-06 06:51:20.152326,Vaishali Nagar,593.87,15.99,45.9
2026-08-06 07:51:20.152326,Vaishali Nagar,655.31,37.65,49.0
2026-08-06 08:51:20.152326,Vaishali Nagar,1249.07,72.08,93.4
2026-08-06 09:51:20.152326,Vaishali Nagar,1222.25,138.93,86.0
2026-08-06 10:51:20.152326,Vaishali Nagar,1304.44,231.32,85.2
2026-08-06 11:51:20.152326,Vaishali Nagar,1406.86,315.97,86.6
2026-08-06 12:51:20.152326,Vaishali Nagar,1178.61,418.47,60.3
2026-08-06 13:51:20.152326,Vaishali Nagar,1284.42,328.69,75.9
2026-08-06 14:51:20.152326,Vaishali Nagar,1118.23,385.43,58.2
2026-08-06 15:51:20.152326,Vaishali Nagar,1243.18,342.66,71.5
2026-08-06 16:51:20.152326,Vaishali Nagar,1240.35,212.64,81.6
2026-08-06 17:51:20.152326,Vaishali Nagar,1266.12,167.83,87.2
2026-08-06 18:51:20.152326,Vaishali Nagar,1190.54,82.64,87.9
2026-08-06 19:51:20.152326,Vaishali Nagar,583.71,51.69,42.2
2026-08-06 20:51:20.152326,Vaishali Nagar,584.05,17.04,45.0
2026-08-06 21:51:20.152326,Vaishali Nagar,603.8,5.67,47.5
2026-08-06 22:51:20.152326,Vaishali Nagar,684.57,2.47,54.1
2026-08-06 23:51:20.152326,Vaishali Nagar,639.52,0.64,50.7
2026-08-07 00:51:20.152326,Vaishali Nagar,569.49,0.01,45.2
2026-08-07 01:51:20.152326,Vaishali Nagar,666.94,0.04,52.9
2026-08-07 02:51:20.152326,Vaishali Nagar,671.03,0.19,53.2
2026-08-07 03:51:20.152326,Vaishali Nagar,622.74,0.59,49.4
2026-08-07 04:51:20.152326,Vaishali Nagar,596.14,2.28,47.1
2026-08-07 05:51:20.152326,Vaishali Nagar,540.63,6.29,42.4
2026-08-07 06:51:20.152326,Vaishali Nagar,636.47,17.2,49.1
2026-08-07 07:51:20.152326,Vaishali Nagar,571.03,38.96,42.2
2026-08-07 08:51:20.152326,Vaishali Nagar,1389.4,61.41,105.4
2026-08-07 09:51:20.152326,Vaishali Nagar,1329.55,139.04,94.5
2026-08-07 10:51:20.152326,Vaishali Nagar,1309.59,197.84,88.2
2026-08-07 11:51:20.152326,Vaishali Nagar,1290.35,325.04,76.6
2026-08-07 12:51:20.152326,Vaishali Nagar,1173.99,326.26,67.3
2026-08-07 13:51:20.152326,Vaishali Nagar,1245.14,399.7,67.1
2026-08-07 14:51:20.152326,Vaishali Nagar,1333.39,332.26,79.5
2026-08-07 15:51:20.152326,Vaishali Nagar,1347.42,252.31,86.9
2026-08-07 16:51:20.152326,Vaishali Nagar,1404.78,200.26,95.6
2026-08-07 17:51:20.152326,Vaishali Nagar,1349.43,155.42,94.8
2026-08-07 18:51:20.152326,Vaishali Nagar,1332.73,72.01,100.1
2026-08-07 19:51:20.152326,Vaishali Nagar,676.59,30.96,51.2
2026-08-07 20:51:20.152326,Vaishali Nagar,617.99,17.14,47.7
2026-08-07 21:51:20.152326,Vaishali Nagar,661.14,6.81,51.9
2026-08-07 22:51:20.152326,Vaishali Nagar,593.36,2.15,46.9
2026-08-07 23:51:20.152326,Vaishali Nagar,634.46,0.63,50.3
2026-08-08 00:51:20.152326,Vaishali Nagar,587.23,0.01,46.6
2026-08-08 01:51:20.152326,Vaishali Nagar,633.89,0.03,50.3
2026-08-08 02:51:20.152326,Vaishali Nagar,639.08,0.12,50.7
2026-08-08 03:51:20.152326,Vaishali Nagar,662.5,0.44,52.5
2026-08-08 04:51:20.152326,Vaishali Nagar,610.02,1.59,48.3
2026-08-08 05:51:20.152326,Vaishali Nagar,627.98,4.97,49.4
2026-08-08 06:51:20.152326,Vaishali Nagar,643.64,12.92,50.1
2026-08-08 07:51:20.152326,Vaishali Nagar,656.78,28.33,49.9
2026-08-08 08:51:20.152326,Vaishali Nagar,1351.69,55.99,102.8
2026-08-08 09:51:20.152326,Vaishali Nagar,1489.68,105.62,109.8
2026-08-08 10:51:20.152326,Vaishali Nagar,1179.04,138.45,82.6
2026-08-08 11:51:20.152326,Vaishali Nagar,1296.42,224.73,85.1
2026-08-08 12:51:20.152326,Vaishali Nagar,1271.02,262.48,80.0
2026-08-08 13:51:20.152326,Vaishali Nagar,1271.55,255.46,80.6
2026-08-08 14:51:20.152326,Vaishali Nagar,1272.73,269.02,79.7
2026-08-08 15:51:20.152326,Vaishali Nagar,1182.51,214.75,76.8
2026-08-08 16:51:20.152326,Vaishali Nagar,1228.49,148.78,85.7
2026-08-08 17:51:20.152326,Vaishali Nagar,1428.92,93.35,106.0
2026-08-08 18:51:20.152326,Vaishali Nagar,1413.01,53.04,107.9
2026-08-08 19:51:20.152326,Vaishali Nagar,671.0,24.82,51.3
2026-08-08 20:51:20.152326,Vaishali Nagar,588.67,13.3,45.7
2026-08-08 21:51:20.152326,Vaishali Nagar,625.61,4.94,49.3
2026-08-08 22:51:20.152326,Vaishali Nagar,628.88,1.77,49.8
2026-08-08 23:51:20.152326,Vaishali Nagar,595.85,0.46,47.3
2026-08-09 00:51:20.152326,Vaishali Nagar,639.56,0.01,50.8
2026-08-09 01:51:20.152326,Vaishali Nagar,629.85,0.03,50.0
2026-08-09 02:51:20.152326,Vaishali Nagar,667.71,0.15,53.0
2026-08-09 03:51:20.152326,Vaishali Nagar,631.18,0.45,50.1
2026-08-09 04:51:20.152326,Vaishali Nagar,562.13,1.56,44.5
2026-08-09 05:51:20.152326,Vaishali Nagar,584.15,5.05,46.0
2026-08-09 06:51:20.152326,Vaishali Nagar,593.51,11.96,46.2
2026-08-09 07:51:20.152326,Vaishali Nagar,561.34,31.93,42.0
2026-08-09 08:51:20.152326,Vaishali Nagar,1302.77,51.48,99.3
2026-08-09 09:51:20.152326,Vaishali Nagar,1231.44,90.15,90.6
2026-08-09 10:51:20.152326,Vaishali Nagar,1263.66,159.58,87.6
2026-08-09 11:51:20.152326,Vaishali Nagar,1328.55,226.51,87.5
2026-08-09 12:51:20.152326,Vaishali Nagar,1292.67,256.85,82.2
2026-08-09 13:51:20.152326,Vaishali Nagar,1341.07,286.66,83.7
2026-08-09 14:51:20.152326,Vaishali Nagar,1188.29,251.06,74.4
2026-08-09 15:51:20.152326,Vaishali Nagar,990.73,216.38,61.5
2026-08-09 16:51:20.152326,Vaishali Nagar,1296.89,172.27,89.3
2026-08-09 17:51:20.152326,Vaishali Nagar,1239.18,83.27,91.7
2026-08-09 18:51:20.152326,Vaishali Nagar,1282.65,59.05,97.1
2026-08-09 19:51:20.152326,Vaishali Nagar,667.96,29.4,50.7
2026-08-09 20:51:20.152326,Vaishali Nagar,595.99,12.26,46.3
2026-08-09 21:51:20.152326,Vaishali Nagar,662.98,3.97,52.3
2026-08-09 22:51:20.152326,Vaishali Nagar,591.22,1.59,46.8
2026-08-09 23:51:20.152326,Vaishali Nagar,568.79,0.47,45.1
2026-08-10 00:51:20.152326,Vaishali Nagar,653.25,0.01,51.8
2026-08-10 01:51:20.152326,Vaishali Nagar,585.68,0.04,46.5
2026-08-10 02:51:20.152326,Vaishali Nagar,601.29,0.18,47.7
2026-08-10 03:51:20.152326,Vaishali Nagar,592.18,0.54,47.0
2026-08-10 04:51:20.152326,Vaishali Nagar,626.06,2.58,49.5
2026-08-10 05:51:20.152326,Vaishali Nagar,599.96,6.36,47.1
2026-08-10 06:51:20.152326,Vaishali Nagar,660.57,13.85,51.3
2026-08-10 07:51:20.152326,Vaishali Nagar,653.6,34.81,49.1
2026-08-10 08:51:20.152326,Vaishali Nagar,1098.65,71.4,81.5
2026-08-10 09:51:20.152326,Vaishali Nagar,1244.2,153.71,86.5
2026-08-10 10:51:20.152326,Vaishali Nagar,1361.04,202.94,91.9
2026-08-10 11:51:20.152326,Vaishali Nagar,1270.36,276.65,78.9
2026-08-10 12:51:20.152326,Vaishali Nagar,1084.18,403.56,54.0
2026-08-10 13:51:20.152326,Vaishali Nagar,1143.72,439.58,55.9
2026-08-10 14:51:20.152326,Vaishali Nagar,1211.58,369.57,66.8
2026-08-10 15:51:20.152326,Vaishali Nagar,1223.52,319.69,71.7
2026-08-10 16:51:20.152326,Vaishali Nagar,1265.89,203.03,84.4
2026-08-10 17:51:20.152326,Vaishali Nagar,1164.35,117.49,83.1
2026-08-10 18:51:20.152326,Vaishali Nagar,1328.7,58.27,100.8
2026-08-10 19:51:20.152326,Vaishali Nagar,663.02,37.33,49.7
2026-08-10 20:51:20.152326,Vaishali Nagar,634.03,17.96,48.9
2026-08-10 21:51:20.152326,Vaishali Nagar,621.6,6.02,48.9
2026-08-10 22:51:20.152326,Vaishali Nagar,629.21,2.01,49.8
2026-08-10 23:51:20.152326,Vaishali Nagar,610.39,0.62,48.4
2026-08-11 00:51:20.152326,Vaishali Nagar,668.74,0.01,53.1
2026-08-11 01:51:20.152326,Vaishali Nagar,614.42,0.04,48.8
2026-08-11 02:51:20.152326,Vaishali Nagar,615.06,0.17,48.8
2026-08-11 03:51:20.152326,Vaishali Nagar,584.43,0.63,46.3
2026-08-11 04:51:20.152326,Vaishali Nagar,604.49,1.99,47.8
2026-08-11 05:51:20.152326,Vaishali Nagar,557.34,6.34,43.7
2026-08-11 06:51:20.152326,Vaishali Nagar,577.56,18.4,44.4
2026-08-11 07:51:20.152326,Vaishali Nagar,628.24,35.06,47.1
2026-08-11 08:51:20.152326,Vaishali Nagar,1271.74,68.25,95.5
2026-08-11 09:51:20.152326,Vaishali Nagar,1181.95,143.78,82.4
2026-08-11 10:51:20.152326,Vaishali Nagar,1183.84,168.87,80.6
2026-08-11 11:51:20.152326,Vaishali Nagar,1318.12,285.37,82.0
2026-08-11 12:51:20.152326,Vaishali Nagar,1277.11,345.43,73.9
2026-08-11 13:51:20.152326,Vaishali Nagar,1185.74,386.02,63.5
2026-08-11 14:51:20.152326,Vaishali Nagar,1209.57,315.8,70.9
2026-08-11 15:51:20.152326,Vaishali Nagar,1284.71,293.3,78.7
2026-08-11 16:51:20.152326,Vaishali Nagar,1264.48,266.24,79.2
2026-08-11 17:51:20.152326,Vaishali Nagar,1149.27,116.0,82.0
2026-08-11 18:51:20.152326,Vaishali Nagar,1381.03,74.63,103.7
2026-08-11 19:51:20.152326,Vaishali Nagar,618.77,35.76,46.3
2026-08-11 20:51:20.152326,Vaishali Nagar,618.12,16.57,47.7
2026-08-11 21:51:20.152326,Vaishali Nagar,664.48,6.05,52.3
2026-08-11 22:51:20.152326,Vaishali Nagar,551.48,2.07,43.6
2026-08-11 23:51:20.152326,Vaishali Nagar,683.79,0.67,54.2
2026-08-12 00:51:20.152326,Vaishali Nagar,555.49,0.01,44.1
2026-08-12 01:51:20.152326,Vaishali Nagar,645.3,0.04,51.2
2026-08-12 02:51:20.152326,Vaishali Nagar,648.82,0.16,51.5
2026-08-12 03:51:20.152326,Vaishali Nagar,636.02,0.45,50.4
2026-08-12 04:51:20.152326,Vaishali Nagar,626.49,1.83,49.6
2026-08-12 05:51:20.152326,Vaishali Nagar,621.38,6.51,48.8
2026-08-12 06:51:20.152326,Vaishali Nagar,631.49,17.71,48.7
2026-08-12 07:51:20.152326,Vaishali Nagar,694.05,42.34,51.7
2026-08-12 08:51:20.152326,Vaishali Nagar,1461.61,67.62,110.6
2026-08-12 09:51:20.152326,Vaishali Nagar,1281.1,109.65,93.0
2026-08-12 10:51:20.152326,Vaishali Nagar,1097.44,204.93,70.8
2026-08-12 11:51:20.152326,Vaishali Nagar,1212.84,259.24,75.7
2026-08-12 12:51:20.152326,Vaishali Nagar,1187.65,349.86,66.5
2026-08-12 13:51:20.152326,Vaishali Nagar,1164.64,388.56,61.6
2026-08-12 14:51:20.152326,Vaishali Nagar,1287.67,328.53,76.1
2026-08-12 15:51:20.152326,Vaishali Nagar,1289.57,296.91,78.8
2026-08-12 16:51:20.152326,Vaishali Nagar,1471.43,200.06,100.9
2026-08-12 17:51:20.152326,Vaishali Nagar,1184.5,126.98,83.9
2026-08-12 18:51:20.152326,Vaishali Nagar,1292.31,80.43,96.2
2026-08-12 19:51:20.152326,Vaishali Nagar,688.08,39.31,51.5
2026-08-12 20:51:20.152326,Vaishali Nagar,652.61,15.85,50.5
2026-08-12 21:51:20.152326,Vaishali Nagar,670.61,6.28,52.7
2026-08-12 22:51:20.152326,Vaishali Nagar,619.83,2.08,49.0
2026-08-12 23:51:20.152326,Vaishali Nagar,661.52,0.7,52.4
2026-08-13 00:51:20.152326,Vaishali Nagar,642.34,0.01,51.0
2026-08-13 01:51:20.152326,Vaishali Nagar,629.4,0.04,49.9
2026-08-13 02:51:20.152326,Vaishali Nagar,642.79,0.17,51.0
2026-08-13 03:51:20.152326,Vaishali Nagar,583.7,0.68,46.3
2026-08-13 04:51:20.152326,Vaishali Nagar,675.86,2.42,53.4
2026-08-13 05:51:20.152326,Vaishali Nagar,613.0,5.99,48.2
2026-08-13 06:51:20.152326,Vaishali Nagar,582.16,16.13,44.9
2026-08-13 07:51:20.152326,Vaishali Nagar,661.91,30.24,50.1
2026-08-13 08:51:20.152326,Vaishali Nagar,1171.71,74.24,87.1
2026-08-13 09:51:20.152326,Vaishali Nagar,1227.87,114.0,88.4
2026-08-13 10:51:20.152326,Vaishali Nagar,1300.22,201.65,87.2
2026-08-13 11:51:20.152326,Vaishali Nagar,1251.71,344.05,72.0
2026-08-13 12:51:20.152326,Vaishali Nagar,1370.5,388.47,77.9
2026-08-13 13:51:20.152326,Vaishali Nagar,1313.94,363.24,75.5
2026-08-13 14:51:20.152326,Vaishali Nagar,1314.59,307.9,79.9
2026-08-13 15:51:20.152326,Vaishali Nagar,1173.81,297.47,69.6
2026-08-13 16:51:20.152326,Vaishali Nagar,1291.5,201.34,86.5
2026-08-13 17:51:20.152326,Vaishali Nagar,1258.1,122.88,90.1
2026-08-13 18:51:20.152326,Vaishali Nagar,1260.12,59.02,95.3
2026-08-13 19:51:20.152326,Vaishali Nagar,599.73,35.33,44.8
2026-08-13 20:51:20.152326,Vaishali Nagar,663.73,17.53,51.3
2026-08-13 21:51:20.152326,Vaishali Nagar,612.32,5.52,48.2
2026-08-13 22:51:20.152326,Vaishali Nagar,611.99,1.95,48.4
2026-08-13 23:51:20.152326,Vaishali Nagar,656.6,0.69,52.1
2026-08-14 00:51:20.152326,Vaishali Nagar,634.24,0.01,50.3
2026-08-14 01:51:20.152326,Vaishali Nagar,637.71,0.04,50.6
2026-08-14 02:51:20.152326,Vaishali Nagar,634.38,0.18,50.3
2026-08-14 03:51:20.152326,Vaishali Nagar,675.5,0.68,53.6
2026-08-14 04:51:20.152326,Vaishali Nagar,636.11,2.15,50.3
2026-08-14 05:51:20.152326,Vaishali Nagar,624.8,6.1,49.1
2026-08-14 06:51:20.152326,Vaishali Nagar,601.76,17.07,46.4
2026-08-14 07:51:20.152326,Vaishali Nagar,637.2,33.7,47.9
2026-08-14 08:51:20.152326,Vaishali Nagar,1245.7,82.66,92.3
2026-08-14 09:51:20.152326,Vaishali Nagar,1295.82,136.42,92.0
2026-08-14 10:51:20.152326,Vaishali Nagar,1098.12,249.99,67.3
2026-08-14 11:51:20.152326,Vaishali Nagar,1352.58,330.19,81.1
2026-08-14 12:51:20.152326,Vaishali Nagar,1263.27,318.45,75.0
2026-08-14 13:51:20.152326,Vaishali Nagar,1046.22,364.56,54.1
2026-08-14 14:51:20.152326,Vaishali Nagar,1223.82,311.46,72.4
2026-08-14 15:51:20.152326,Vaishali Nagar,1201.64,285.72,72.7
2026-08-14 16:51:20.152326,Vaishali Nagar,1199.38,221.13,77.6
2026-08-14 17:51:20.152326,Vaishali Nagar,1163.49,127.92,82.2
2026-08-14 18:51:20.152326,Vaishali Nagar,1328.9,64.79,100.3
2026-08-14 19:51:20.152326,Vaishali Nagar,643.62,36.6,48.2
2026-08-14 20:51:20.152326,Vaishali Nagar,626.68,19.16,48.2
2026-08-14 21:51:20.152326,Vaishali Nagar,629.28,6.07,49.5
2026-08-14 22:51:20.152326,Vaishali Nagar,674.64,2.52,53.3
2026-08-14 23:51:20.152326,Vaishali Nagar,658.71,0.69,52.2
2026-08-15 00:51:20.152326,Vaishali Nagar,617.14,0.01,49.0
2026-08-15 01:51:20.152326,Vaishali Nagar,663.69,0.02,52.7
2026-08-15 02:51:20.152326,Vaishali Nagar,612.79,0.13,48.6
2026-08-15 03:51:20.152326,Vaishali Nagar,642.46,0.52,50.9
2026-08-15 04:51:20.152326,Vaishali Nagar,654.26,1.7,51.8
2026-08-15 05:51:20.152326,Vaishali Nagar,609.94,5.27,48.0
2026-08-15 06:51:20.152326,Vaishali Nagar,597.91,11.45,46.5
2026-08-15 07:51:20.152326,Vaishali Nagar,665.71,30.25,50.4
2026-08-15 08:51:20.152326,Vaishali Nagar,1191.57,60.35,89.8
2026-08-15 09:51:20.152326,Vaishali Nagar,1284.38,81.02,95.5
2026-08-15 10:51:20.152326,Vaishali Nagar,1276.7,131.94,90.9
2026-08-15 11:51:20.152326,Vaishali Nagar,1215.71,247.06,76.9
2026-08-15 12:51:20.152326,Vaishali Nagar,1431.08,239.0,94.6
2026-08-15 13:51:20.152326,Vaishali Nagar,1194.44,282.73,72.4
2026-08-15 14:51:20.152326,Vaishali Nagar,1202.95,220.85,77.9
2026-08-15 15:51:20.152326,Vaishali Nagar,1318.01,233.03,86.1
2026-08-15 16:51:20.152326,Vaishali Nagar,1290.12,164.39,89.3
2026-08-15 17:51:20.152326,Vaishali Nagar,1255.61,100.49,91.7
2026-08-15 18:51:20.152326,Vaishali Nagar,1311.55,55.79,99.7
2026-08-15 19:51:20.152326,Vaishali Nagar,604.96,26.79,45.9
2026-08-15 20:51:20.152326,Vaishali Nagar,545.1,13.89,42.2
2026-08-15 21:51:20.152326,Vaishali Nagar,641.25,5.3,50.5
2026-08-15 22:51:20.152326,Vaishali Nagar,658.07,1.51,52.1
2026-08-15 23:51:20.152326,Vaishali Nagar,681.96,0.47,54.1
2026-08-16 00:51:20.152326,Vaishali Nagar,614.23,0.01,48.7
2026-08-16 01:51:20.152326,Vaishali Nagar,666.03,0.02,52.9
2026-08-16 02:51:20.152326,Vaishali Nagar,638.68,0.13,50.7
2026-08-16 03:51:20.152326,Vaishali Nagar,537.65,0.57,42.6
2026-08-16 04:51:20.152326,Vaishali Nagar,662.06,1.5,52.4
2026-08-16 05:51:20.152326,Vaishali Nagar,636.76,5.39,50.1
2026-08-16 06:51:20.152326,Vaishali Nagar,666.43,12.63,51.9
2026-08-16 07:51:20.152326,Vaishali Nagar,621.66,22.02,47.6
2026-08-16 08:51:20.152326,Vaishali Nagar,1282.47,55.47,97.4
2026-08-16 09:51:20.152326,Vaishali Nagar,1234.26,93.52,90.5
2026-08-16 10:51:20.152326,Vaishali Nagar,1302.84,157.55,90.9
2026-08-16 11:51:20.152326,Vaishali Nagar,1225.15,208.51,80.7
2026-08-16 12:51:20.152326,Vaishali Nagar,1258.91,248.7,80.2
2026-08-16 13:51:20.152326,Vaishali Nagar,1264.59,244.76,80.9
2026-08-16 14:51:20.152326,Vaishali Nagar,1244.34,283.75,76.2
2026-08-16 15:51:20.152326,Vaishali Nagar,1242.99,241.57,79.5
2026-08-16 16:51:20.152326,Vaishali Nagar,1043.03,170.52,69.2
2026-08-16 17:51:20.152326,Vaishali Nagar,1264.28,113.09,91.4
2026-08-16 18:51:20.152326,Vaishali Nagar,1274.9,62.23,96.2
2026-08-16 19:51:20.152326,Vaishali Nagar,667.95,27.86,50.8
2026-08-16 20:51:20.152326,Vaishali Nagar,633.55,12.6,49.3
2026-08-16 21:51:20.152326,Vaishali Nagar,650.55,4.24,51.3
2026-08-16 22:51:20.152326,Vaishali Nagar,616.2,1.58,48.8
2026-08-16 23:51:20.152326,Vaishali Nagar,615.77,0.52,48.8
2026-08-17 00:51:20.152326,Vaishali Nagar,644.02,0.01,51.1
2026-08-17 01:51:20.152326,Vaishali Nagar,667.52,0.03,53.0
2026-08-17 02:51:20.152326,Vaishali Nagar,566.34,0.16,44.9
2026-08-17 03:51:20.152326,Vaishali Nagar,632.49,0.61,50.1
2026-08-17 04:51:20.152326,Vaishali Nagar,547.15,1.98,43.3
2026-08-17 05:51:20.152326,Vaishali Nagar,645.22,5.95,50.7
2026-08-17 06:51:20.152326,Vaishali Nagar,549.15,13.76,42.5
2026-08-17 07:51:20.152326,Vaishali Nagar,587.91,36.23,43.8
2026-08-17 08:51:20.152326,Vaishali Nagar,1162.85,76.17,86.2
2026-08-17 09:51:20.152326,Vaishali Nagar,1353.91,136.31,96.6
2026-08-17 10:51:20.152326,Vaishali Nagar,1337.18,213.81,89.2
2026-08-17 11:51:20.152326,Vaishali Nagar,1236.22,257.05,77.7
2026-08-17 12:51:20.152326,Vaishali Nagar,1288.11,351.76,74.3
2026-08-17 13:51:20.152326,Vaishali Nagar,1172.34,350.79,65.2
2026-08-17 14:51:20.152326,Vaishali Nagar,1247.94,346.5,71.5
2026-08-17 15:51:20.152326,Vaishali Nagar,1243.36,283.85,76.2
2026-08-17 16:51:20.152326,Vaishali Nagar,1281.61,238.64,82.8
2026-08-17 17:51:20.152326,Vaishali Nagar,1207.68,144.48,84.4
2026-08-17 18:51:20.152326,Vaishali Nagar,1188.8,71.4,88.7
2026-08-17 19:51:20.152326,Vaishali Nagar,585.77,34.43,43.8
2026-08-17 20:51:20.152326,Vaishali Nagar,674.06,17.25,52.1
2026-08-17 21:51:20.152326,Vaishali Nagar,623.83,6.61,49.0
2026-08-17 22:51:20.152326,Vaishali Nagar,627.27,2.42,49.6
2026-08-17 23:51:20.152326,Vaishali Nagar,575.24,0.6,45.6
2026-08-18 00:51:20.152326,Vaishali Nagar,611.67,0.01,48.5
2026-08-18 01:51:20.152326,Vaishali Nagar,620.78,0.04,49.3
2026-08-18 02:51:20.152326,Vaishali Nagar,692.81,0.17,55.0
2026-08-18 03:51:20.152326,Vaishali Nagar,627.3,0.57,49.7
2026-08-18 04:51:20.152326,Vaishali Nagar,562.39,2.46,44.4
2026-08-18 05:51:20.152326,Vaishali Nagar,622.7,5.89,49.0
2026-08-18 06:51:20.152326,Vaishali Nagar,638.01,16.11,49.4
2026-08-18 07:51:20.152326,Vaishali Nagar,747.65,35.36,56.5
2026-08-18 08:51:20.152326,Vaishali Nagar,1421.28,78.6,106.6
2026-08-18 09:51:20.152326,Vaishali Nagar,1367.27,167.53,95.2
2026-08-18 10:51:20.152326,Vaishali Nagar,1236.76,210.68,81.4
2026-08-18 11:51:20.152326,Vaishali Nagar,1214.38,283.16,73.9
2026-08-18 12:51:20.152326,Vaishali Nagar,1217.97,403.57,64.6
2026-08-18 13:51:20.152326,Vaishali Nagar,1150.79,406.0,59.1
2026-08-18 14:51:20.152326,Vaishali Nagar,1226.42,371.69,67.8
2026-08-18 15:51:20.152326,Vaishali Nagar,1216.32,287.1,73.7
2026-08-18 16:51:20.152326,Vaishali Nagar,1376.32,193.66,93.9
2026-08-18 17:51:20.152326,Vaishali Nagar,1288.46,145.79,90.7
2026-08-18 18:51:20.152326,Vaishali Nagar,1282.21,82.9,95.2
2026-08-18 19:51:20.152326,Vaishali Nagar,642.18,36.31,48.1
2026-08-18 20:51:20.152326,Vaishali Nagar,648.71,14.73,50.3
2026-08-18 21:51:20.152326,Vaishali Nagar,671.19,6.39,52.8
2026-08-18 22:51:20.152326,Vaishali Nagar,626.75,2.39,49.6
2026-08-18 23:51:20.152326,Vaishali Nagar,614.45,0.59,48.7
2026-08-19 00:51:20.152326,Vaishali Nagar,595.23,0.01,47.2
2026-08-19 01:51:20.152326,Vaishali Nagar,642.84,0.03,51.0
2026-08-19 02:51:20.152326,Vaishali Nagar,645.72,0.2,51.2
2026-08-19 03:51:20.152326,Vaishali Nagar,670.53,0.64,53.2
2026-08-19 04:51:20.152326,Vaishali Nagar,602.76,1.84,47.7
2026-08-19 05:51:20.152326,Vaishali Nagar,631.87,5.12,49.7
2026-08-19 06:51:20.152326,Vaishali Nagar,611.63,14.9,47.4
2026-08-19 07:51:20.152326,Vaishali Nagar,639.92,32.15,48.2
2026-08-19 08:51:20.152326,Vaishali Nagar,1207.11,90.41,88.6
2026-08-19 09:51:20.152326,Vaishali Nagar,1225.12,136.82,86.4
2026-08-19 10:51:20.152326,Vaishali Nagar,1181.69,215.55,76.7
2026-08-19 11:51:20.152326,Vaishali Nagar,1282.52,320.16,76.4
2026-08-19 12:51:20.152326,Vaishali Nagar,1199.94,357.65,66.8
2026-08-19 13:51:20.152326,Vaishali Nagar,1322.49,357.72,76.6
2026-08-19 14:51:20.152326,Vaishali Nagar,1207.29,331.0,69.5
2026-08-19 15:51:20.152326,Vaishali Nagar,1212.42,252.91,76.2
2026-08-19 16:51:20.152326,Vaishali Nagar,1173.65,203.16,77.0
2026-08-19 17:51:20.152326,Vaishali Nagar,1275.47,119.28,91.8
2026-08-19 18:51:20.152326,Vaishali Nagar,1316.36,81.01,98.0
2026-08-19 19:51:20.152326,Vaishali Nagar,688.0,33.39,52.0
2026-08-19 20:51:20.152326,Vaishali Nagar,609.01,16.18,47.0
2026-08-19 21:51:20.152326,Vaishali Nagar,654.03,5.72,51.5
2026-08-19 22:51:20.152326,Vaishali Nagar,622.06,2.12,49.2
2026-08-19 23:51:20.152326,Vaishali Nagar,610.58,0.62,48.4
2026-08-20 00:51:20.152326,Vaishali Nagar,672.34,0.01,53.4
2026-08-20 01:51:20.152326,Vaishali Nagar,623.61,0.04,49.5
2026-08-20 02:51:20.152326,Vaishali Nagar,658.33,0.2,52.2
2026-08-20 03:51:20.152326,Vaishali Nagar,594.09,0.79,47.1
2026-08-20 04:51:20.152326,Vaishali Nagar,596.27,2.12,47.2
2026-08-20 05:51:20.152326,Vaishali Nagar,615.62,6.62,48.3
2026-08-20 06:51:20.152326,Vaishali Nagar,704.14,16.64,54.6
2026-08-20 07:51:20.152326,Vaishali Nagar,699.72,38.14,52.5
2026-08-20 08:51:20.152326,Vaishali Nagar,1259.66,69.95,94.4
2026-08-20 09:51:20.152326,Vaishali Nagar,1274.42,119.02,91.7
2026-08-20 10:51:20.152326,Vaishali Nagar,1180.23,186.52,78.9
2026-08-20 11:51:20.152326,Vaishali Nagar,1298.59,275.72,81.2
2026-08-20 12:51:20.152326,Vaishali Nagar,1236.76,424.5,64.5
2026-08-20 13:51:20.152326,Vaishali Nagar,1283.2,415.28,68.9
2026-08-20 14:51:20.152326,Vaishali Nagar,1269.72,262.14,80.0
2026-08-20 15:51:20.152326,Vaishali Nagar,1269.17,305.53,76.5
2026-08-20 16:51:20.152326,Vaishali Nagar,1283.38,214.74,84.8
2026-08-20 17:51:20.152326,Vaishali Nagar,1285.27,147.43,90.3
2026-08-20 18:51:20.152326,Vaishali Nagar,1299.89,70.68,97.6
2026-08-20 19:51:20.152326,Vaishali Nagar,678.69,42.46,50.5
2026-08-20 20:51:20.152326,Vaishali Nagar,600.91,14.66,46.5
2026-08-20 21:51:20.152326,Vaishali Nagar,649.28,6.25,51.0
2026-08-20 22:51:20.152326,Vaishali Nagar,640.75,2.22,50.7
2026-08-20 23:51:20.152326,Vaishali Nagar,620.12,0.61,49.2
2026-08-21 00:51:20.152326,Vaishali Nagar,628.02,0.01,49.8
2026-08-21 01:51:20.152326,Vaishali Nagar,631.1,0.04,50.1
2026-08-21 02:51:20.152326,Vaishali Nagar,638.86,0.14,50.7
2026-08-21 03:51:20.152326,Vaishali Nagar,635.7,0.74,50.4
2026-08-21 04:51:20.152326,Vaishali Nagar,559.27,2.04,44.2
2026-08-21 05:51:20.152326,Vaishali Nagar,586.15,6.49,46.0
2026-08-21 06:51:20.152326,Vaishali Nagar,621.66,17.58,47.9
2026-08-21 07:51:20.152326,Vaishali Nagar,577.39,37.6,42.8
2026-08-21 08:51:20.152326,Vaishali Nagar,1346.03,67.54,101.5
2026-08-21 09:51:20.152326,Vaishali Nagar,1337.77,136.69,95.3
2026-08-21 10:51:20.152326,Vaishali Nagar,1169.9,206.37,76.5
2026-08-21 11:51:20.152326,Vaishali Nagar,1194.56,327.44,68.8
2026-08-21 12:51:20.152326,Vaishali Nagar,1223.86,346.29,69.6
2026-08-21 13:51:20.152326,Vaishali Nagar,1316.98,348.4,76.9
2026-08-21 14:51:20.152326,Vaishali Nagar,1257.33,388.31,69.0
2026-08-21 15:51:20.152326,Vaishali Nagar,1280.24,283.52,79.1
2026-08-21 16:51:20.152326,Vaishali Nagar,1267.41,258.45,80.1
2026-08-21 17:51:20.152326,Vaishali Nagar,1271.16,136.8,90.0
2026-08-21 18:51:20.152326,Vaishali Nagar,1205.47,84.59,89.0
2026-08-21 19:51:20.152326,Vaishali Nagar,600.09,32.93,45.0
2026-08-21 20:51:20.152326,Vaishali Nagar,650.7,14.12,50.5
2026-08-21 21:51:20.152326,Vaishali Nagar,610.23,6.77,47.9
2026-08-21 22:51:20.152326,Vaishali Nagar,691.25,2.11,54.7
2026-08-21 23:51:20.152326,Vaishali Nagar,615.45,0.73,48.8
2026-08-22 00:51:20.152326,Vaishali Nagar,637.14,0.01,50.6
2026-08-22 01:51:20.152326,Vaishali Nagar,633.93,0.03,50.3
2026-08-22 02:51:20.152326,Vaishali Nagar,632.67,0.11,50.2
2026-08-22 03:51:20.152326,Vaishali Nagar,638.28,0.39,50.6
2026-08-22 04:51:20.152326,Vaishali Nagar,629.09,1.62,49.8
2026-08-22 05:51:20.152326,Vaishali Nagar,625.66,4.26,49.3
2026-08-22 06:51:20.152326,Vaishali Nagar,651.14,14.25,50.5
2026-08-22 07:51:20.152326,Vaishali Nagar,616.39,29.8,46.6
2026-08-22 08:51:20.152326,Vaishali Nagar,1224.86,61.05,92.4
2026-08-22 09:51:20.152326,Vaishali Nagar,1322.84,98.97,97.1
2026-08-22 10:51:20.152326,Vaishali Nagar,1361.86,116.46,98.8
2026-08-22 11:51:20.152326,Vaishali Nagar,1303.4,203.99,87.3
2026-08-22 12:51:20.152326,Vaishali Nagar,1362.45,242.05,88.9
2026-08-22 13:51:20.152326,Vaishali Nagar,1239.36,313.31,73.5
2026-08-22 14:51:20.152326,Vaishali Nagar,1251.12,247.99,79.6
2026-08-22 15:51:20.152326,Vaishali Nagar,1274.93,190.7,86.0
2026-08-22 16:51:20.152326,Vaishali Nagar,1257.67,157.99,87.3
2026-08-22 17:51:20.152326,Vaishali Nagar,1364.79,112.72,99.4
2026-08-22 18:51:20.152326,Vaishali Nagar,1134.53,59.84,85.3
2026-08-22 19:51:20.152326,Vaishali Nagar,591.66,24.88,45.0
2026-08-22 20:51:20.152326,Vaishali Nagar,599.15,12.94,46.5
2026-08-22 21:51:20.152326,Vaishali Nagar,630.85,4.54,49.7
2026-08-22 22:51:20.152326,Vaishali Nagar,603.34,1.65,47.8
2026-08-22 23:51:20.152326,Vaishali Nagar,626.73,0.42,49.7
2026-08-23 00:51:20.152326,Vaishali Nagar,613.2,0.01,48.7
2026-08-23 01:51:20.152326,Vaishali Nagar,657.99,0.03,52.2
2026-08-23 02:51:20.152326,Vaishali Nagar,599.57,0.12,47.6
2026-08-23 03:51:20.152326,Vaishali Nagar,613.47,0.43,48.7
2026-08-23 04:51:20.152326,Vaishali Nagar,624.17,1.55,49.4
2026-08-23 05:51:20.152326,Vaishali Nagar,605.43,4.17,47.7
2026-08-23 06:51:20.152326,Vaishali Nagar,600.18,11.0,46.8
2026-08-23 07:51:20.152326,Vaishali Nagar,649.02,27.64,49.3
2026-08-23 08:51:20.152326,Vaishali Nagar,1278.39,56.37,97.0
2026-08-23 09:51:20.152326,Vaishali Nagar,1232.97,86.71,91.0
2026-08-23 10:51:20.152326,Vaishali Nagar,1329.74,147.15,93.9
2026-08-23 11:51:20.152326,Vaishali Nagar,1205.21,228.6,77.5
2026-08-23 12:51:20.152326,Vaishali Nagar,1357.97,282.57,85.3
2026-08-23 13:51:20.152326,Vaishali Nagar,1190.82,249.39,74.7
2026-08-23 14:51:20.152326,Vaishali Nagar,1273.25,243.6,81.7
2026-08-23 15:51:20.152326,Vaishali Nagar,1421.06,219.76,95.3
2026-08-23 16:51:20.152326,Vaishali Nagar,1217.01,149.16,84.8
2026-08-23 17:51:20.152326,Vaishali Nagar,1286.6,98.45,94.3
2026-08-23 18:51:20.152326,Vaishali Nagar,1345.96,61.58,101.9
2026-08-23 19:51:20.152326,Vaishali Nagar,622.61,28.18,47.2
2026-08-23 20:51:20.152326,Vaishali Nagar,639.49,12.81,49.7
2026-08-23 21:51:20.152326,Vaishali Nagar,639.01,4.99,50.3
2026-08-23 22:51:20.152326,Vaishali Nagar,673.71,1.58,53.3
2026-08-23 23:51:20.152326,Vaishali Nagar,591.13,0.46,46.9
2026-08-24 00:51:20.152326,Vaishali Nagar,658.44,0.01,52.3
2026-08-24 01:51:20.152326,Vaishali Nagar,633.48,0.04,50.3
2026-08-24 02:51:20.152326,Vaishali Nagar,623.89,0.16,49.5
2026-08-24 03:51:20.152326,Vaishali Nagar,655.82,0.55,52.0
2026-08-24 04:51:20.152326,Vaishali Nagar,588.19,2.43,46.5
2026-08-24 05:51:20.152326,Vaishali Nagar,634.65,5.37,49.9
2026-08-24 06:51:20.152326,Vaishali Nagar,646.46,16.79,50.0
2026-08-24 07:51:20.152326,Vaishali Nagar,624.93,26.71,47.5
2026-08-24 08:51:20.152326,Vaishali Nagar,1233.09,64.77,92.7
2026-08-24 09:51:20.152326,Vaishali Nagar,1225.57,137.31,86.4
2026-08-24 10:51:20.152326,Vaishali Nagar,1078.94,190.53,70.5
2026-08-24 11:51:20.152326,Vaishali Nagar,1267.11,277.81,78.5
2026-08-24 12:51:20.152326,Vaishali Nagar,1243.33,312.38,73.9
2026-08-24 13:51:20.152326,Vaishali Nagar,1334.55,372.57,76.3
2026-08-24 14:51:20.152326,Vaishali Nagar,1371.89,387.57,78.1
2026-08-24 15:51:20.152326,Vaishali Nagar,1337.15,265.56,85.0
2026-08-24 16:51:20.152326,Vaishali Nagar,1324.13,208.34,88.6
2026-08-24 17:51:20.152326,Vaishali Nagar,1297.47,126.47,92.9
2026-08-24 18:51:20.152326,Vaishali Nagar,1194.44,73.09,89.0
2026-08-24 19:51:20.152326,Vaishali Nagar,606.44,34.72,45.4
2026-08-24 20:51:20.152326,Vaishali Nagar,594.8,15.94,45.9
2026-08-24 21:51:20.152326,Vaishali Nagar,631.95,5.47,49.7
2026-08-24 22:51:20.152326,Vaishali Nagar,689.73,1.97,54.6
2026-08-24 23:51:20.152326,Vaishali Nagar,571.16,0.55,45.3
2026-08-25 00:51:20.152326,Vaishali Nagar,617.32,0.01,49.0
2026-08-25 01:51:20.152326,Vaishali Nagar,641.7,0.03,50.9
2026-08-25 02:51:20.152326,Vaishali Nagar,660.41,0.14,52.4
2026-08-25 03:51:20.152326,Vaishali Nagar,658.09,0.64,52.2
2026-08-25 04:51:20.152326,Vaishali Nagar,645.98,1.81,51.1
2026-08-25 05:51:20.152326,Vaishali Nagar,610.66,6.29,48.0
2026-08-25 06:51:20.152326,Vaishali Nagar,704.21,14.37,54.7
2026-08-25 07:51:20.152326,Vaishali Nagar,625.04,32.95,47.0
2026-08-25 08:51:20.152326,Vaishali Nagar,1337.2,80.22,99.8
2026-08-25 09:51:20.152326,Vaishali Nagar,1208.52,125.38,86.0
2026-08-25 10:51:20.152326,Vaishali Nagar,1273.21,172.12,87.4
2026-08-25 11:51:20.152326,Vaishali Nagar,1273.81,289.91,78.1
2026-08-25 12:51:20.152326,Vaishali Nagar,1319.27,326.31,78.8
2026-08-25 13:51:20.152326,Vaishali Nagar,1144.7,333.78,64.4
2026-08-25 14:51:20.152326,Vaishali Nagar,1341.23,346.43,79.0
2026-08-25 15:51:20.152326,Vaishali Nagar,1504.45,329.28,93.3
2026-08-25 16:51:20.152326,Vaishali Nagar,1313.33,200.56,88.3
2026-08-25 17:51:20.152326,Vaishali Nagar,1158.13,126.02,81.9
2026-08-25 18:51:20.152326,Vaishali Nagar,1192.11,77.04,88.5
2026-08-25 19:51:20.152326,Vaishali Nagar,607.33,40.06,45.0
2026-08-25 20:51:20.152326,Vaishali Nagar,593.74,14.42,46.0
2026-08-25 21:51:20.152326,Vaishali Nagar,562.23,5.81,44.2
2026-08-25 22:51:20.152326,Vaishali Nagar,671.19,2.07,53.1
2026-08-25 23:51:20.152326,Vaishali Nagar,657.44,0.63,52.1
2026-08-26 00:51:20.152326,Vaishali Nagar,711.25,0.01,56.4
2026-08-26 01:51:20.152326,Vaishali Nagar,638.58,0.04,50.7
2026-08-26 02:51:20.152326,Vaishali Nagar,584.2,0.17,46.4
2026-08-26 03:51:20.152326,Vaishali Nagar,625.02,0.67,49.6
2026-08-26 04:51:20.152326,Vaishali Nagar,651.17,2.12,51.5
2026-08-26 05:51:20.152326,Vaishali Nagar,681.22,6.0,53.6
2026-08-26 06:51:20.152326,Vaishali Nagar,660.96,13.42,51.4
2026-08-26 07:51:20.152326,Vaishali Nagar,690.94,30.87,52.4
2026-08-26 08:51:20.152326,Vaishali Nagar,1289.57,59.27,97.6
2026-08-26 09:51:20.152326,Vaishali Nagar,1209.72,143.03,84.7
2026-08-26 10:51:20.152326,Vaishali Nagar,1260.59,203.22,83.9
2026-08-26 11:51:20.152326,Vaishali Nagar,1231.34,238.77,78.8
2026-08-26 12:51:20.152326,Vaishali Nagar,1247.89,370.87,69.6
2026-08-26 13:51:20.152326,Vaishali Nagar,1368.6,353.43,80.6
2026-08-26 14:51:20.152326,Vaishali Nagar,1351.54,347.04,79.7
2026-08-26 15:51:20.152326,Vaishali Nagar,1192.91,293.91,71.3
2026-08-26 16:51:20.152326,Vaishali Nagar,1377.22,207.9,92.8
2026-08-26 17:51:20.152326,Vaishali Nagar,1264.58,131.7,89.9
2026-08-26 18:51:20.152326,Vaishali Nagar,1237.58,85.2,91.5
2026-08-26 19:51:20.152326,Vaishali Nagar,606.48,31.66,45.6
2026-08-26 20:51:20.152326,Vaishali Nagar,645.16,18.47,49.7
2026-08-26 21:51:20.152326,Vaishali Nagar,636.71,6.56,50.0
2026-08-26 22:51:20.152326,Vaishali Nagar,617.15,2.05,48.8
2026-08-26 23:51:20.152326,Vaishali Nagar,629.27,0.57,49.9
2026-08-27 00:51:20.152326,Vaishali Nagar,660.34,0.01,52.4
2026-08-27 01:51:20.152326,Vaishali Nagar,621.27,0.04,49.3
2026-08-27 02:51:20.152326,Vaishali Nagar,588.14,0.18,46.7
2026-08-27 03:51:20.152326,Vaishali Nagar,637.92,0.58,50.6
2026-08-27 04:51:20.152326,Vaishali Nagar,632.63,1.94,50.1
2026-08-27 05:51:20.152326,Vaishali Nagar,645.54,7.12,50.7
2026-08-27 06:51:20.152326,Vaishali Nagar,644.33,18.56,49.7
2026-08-27 07:51:20.152326,Vaishali Nagar,639.19,35.41,47.9
2026-08-27 08:51:20.152326,Vaishali Nagar,1358.29,75.8,101.8
2026-08-27 09:51:20.152326,Vaishali Nagar,1367.31,122.33,98.8
2026-08-27 10:51:20.152326,Vaishali Nagar,1306.92,239.43,84.7
2026-08-27 11:51:20.152326,Vaishali Nagar,1195.37,290.3,71.8
2026-08-27 12:51:20.152326,Vaishali Nagar,1236.65,324.86,72.4
2026-08-27 13:51:20.152326,Vaishali Nagar,1442.26,324.67,88.7
2026-08-27 14:51:20.152326,Vaishali Nagar,1291.43,381.93,72.2
2026-08-27 15:51:20.152326,Vaishali Nagar,1135.65,296.24,66.6
2026-08-27 16:51:20.152326,Vaishali Nagar,1198.92,212.36,78.3
2026-08-27 17:51:20.152326,Vaishali Nagar,1326.39,133.48,94.7
2026-08-27 18:51:20.152326,Vaishali Nagar,1243.23,80.17,92.3
2026-08-27 19:51:20.152326,Vaishali Nagar,677.7,36.62,50.9
2026-08-27 20:51:20.152326,Vaishali Nagar,607.96,20.91,46.6
2026-08-27 21:51:20.152326,Vaishali Nagar,700.16,5.65,55.1
2026-08-27 22:51:20.152326,Vaishali Nagar,702.1,2.0,55.6
2026-08-27 23:51:20.152326,Vaishali Nagar,618.19,0.63,49.0
2026-08-28 00:51:20.152326,Vaishali Nagar,606.34,0.01,48.1
2026-08-28 01:51:20.152326,Vaishali Nagar,627.0,0.03,49.8
2026-08-28 02:51:20.152326,Vaishali Nagar,592.93,0.17,47.0
2026-08-28 03:51:20.152326,Vaishali Nagar,694.71,0.74,55.1
2026-08-28 04:51:20.152326,Vaishali Nagar,665.29,1.92,52.6
2026-08-28 05:51:20.152326,Vaishali Nagar,573.97,6.03,45.1
2026-08-28 06:51:20.152326,Vaishali Nagar,625.29,16.46,48.3
2026-08-28 07:51:20.152326,Vaishali Nagar,635.44,38.98,47.3
2026-08-28 08:51:20.152326,Vaishali Nagar,1300.99,64.9,98.1
2026-08-28 09:51:20.152326,Vaishali Nagar,1440.67,141.79,103.1
2026-08-28 10:51:20.152326,Vaishali Nagar,1234.7,247.34,78.4
2026-08-28 11:51:20.152326,Vaishali Nagar,1329.72,253.26,85.4
2026-08-28 12:51:20.152326,Vaishali Nagar,1258.9,396.14,68.5
2026-08-28 13:51:20.152326,Vaishali Nagar,1299.69,395.05,71.8
2026-08-28 14:51:20.152326,Vaishali Nagar,1318.66,364.92,75.7
2026-08-28 15:51:20.152326,Vaishali Nagar,1385.6,286.1,87.3
2026-08-28 16:51:20.152326,Vaishali Nagar,1275.22,228.08,83.1
2026-08-28 17:51:20.152326,Vaishali Nagar,1241.79,125.11,88.6
2026-08-28 18:51:20.152326,Vaishali Nagar,1193.31,65.82,89.5
2026-08-28 19:51:20.152326,Vaishali Nagar,636.63,36.02,47.7
2026-08-28 20:51:20.152326,Vaishali Nagar,582.38,18.44,44.8
2026-08-28 21:51:20.152326,Vaishali Nagar,656.07,5.77,51.6
2026-08-28 22:51:20.152326,Vaishali Nagar,604.11,2.26,47.8
2026-08-28 23:51:20.152326,Vaishali Nagar,545.15,0.71,43.2
2026-08-29 00:51:20.152326,Vaishali Nagar,627.64,0.01,49.8
2026-08-29 01:51:20.152326,Vaishali Nagar,596.96,0.03,47.4
2026-08-29 02:51:20.152326,Vaishali Nagar,618.21,0.12,49.1
2026-08-29 03:51:20.152326,Vaishali Nagar,669.14,0.49,53.1
2026-08-29 04:51:20.152326,Vaishali Nagar,562.94,1.59,44.6
2026-08-29 05:51:20.152326,Vaishali Nagar,575.19,4.51,45.3
2026-08-29 06:51:20.152326,Vaishali Nagar,634.69,11.62,49.5
2026-08-29 07:51:20.152326,Vaishali Nagar,622.24,30.96,46.9
2026-08-29 08:51:20.152326,Vaishali Nagar,1376.49,60.33,104.5
2026-08-29 09:51:20.152326,Vaishali Nagar,1258.2,93.24,92.5
2026-08-29 10:51:20.152326,Vaishali Nagar,1200.56,173.73,81.5
2026-08-29 11:51:20.152326,Vaishali Nagar,1215.34,204.35,80.2
2026-08-29 12:51:20.152326,Vaishali Nagar,1219.21,245.54,77.3
2026-08-29 13:51:20.152326,Vaishali Nagar,1187.71,309.87,69.7
2026-08-29 14:51:20.152326,Vaishali Nagar,1289.43,251.01,82.4
2026-08-29 15:51:20.152326,Vaishali Nagar,1328.81,174.74,91.6
2026-08-29 16:51:20.152326,Vaishali Nagar,1244.03,175.32,84.8
2026-08-29 17:51:20.152326,Vaishali Nagar,1224.75,102.57,89.1
2026-08-29 18:51:20.152326,Vaishali Nagar,1270.92,51.93,96.7
2026-08-29 19:51:20.152326,Vaishali Nagar,651.52,28.57,49.4
2026-08-29 20:51:20.152326,Vaishali Nagar,642.86,12.39,50.0
2026-08-29 21:51:20.152326,Vaishali Nagar,638.88,5.25,50.3
2026-08-29 22:51:20.152326,Vaishali Nagar,674.4,1.42,53.4
2026-08-29 23:51:20.152326,Vaishali Nagar,635.68,0.54,50.4
2026-08-30 00:51:20.152326,Vaishali Nagar,631.24,0.01,50.1
2026-08-30 01:51:20.152326,Vaishali Nagar,587.69,0.02,46.6
2026-08-30 02:51:20.152326,Vaishali Nagar,720.47,0.12,57.2
2026-08-30 03:51:20.152326,Vaishali Nagar,630.91,0.4,50.0
2026-08-30 04:51:20.152326,Vaishali Nagar,567.49,1.75,44.9
2026-08-30 05:51:20.152326,Vaishali Nagar,619.51,5.21,48.8
2026-08-30 06:51:20.152326,Vaishali Nagar,602.96,12.35,46.9
2026-08-30 07:51:20.152326,Vaishali Nagar,647.11,26.66,49.2
2026-08-30 08:51:20.152326,Vaishali Nagar,1286.49,52.42,97.9
2026-08-30 09:51:20.152326,Vaishali Nagar,1236.9,114.55,89.1
2026-08-30 10:51:20.152326,Vaishali Nagar,1349.16,160.6,94.3
2026-08-30 11:51:20.152326,Vaishali Nagar,1243.39,228.76,80.5
2026-08-30 12:51:20.152326,Vaishali Nagar,1406.33,281.87,89.2
2026-08-30 13:51:20.152326,Vaishali Nagar,1176.37,282.75,70.9
2026-08-30 14:51:20.152326,Vaishali Nagar,1244.51,301.67,74.8
2026-08-30 15:51:20.152326,Vaishali Nagar,1317.83,201.84,88.6
2026-08-30 16:51:20.152326,Vaishali Nagar,1223.22,165.31,84.0
2026-08-30 17:51:20.152326,Vaishali Nagar,1211.8,95.56,88.6
2026-08-30 18:51:20.152326,Vaishali Nagar,1177.61,63.01,88.5
2026-08-30 19:51:20.152326,Vaishali Nagar,640.25,27.24,48.7
2026-08-30 20:51:20.152326,Vaishali Nagar,663.66,11.82,51.7
2026-08-30 21:51:20.152326,Vaishali Nagar,616.35,4.49,48.6
2026-08-30 22:51:20.152326,Vaishali Nagar,617.71,1.52,48.9
2026-08-30 23:51:20.152326,Vaishali Nagar,625.43,0.5,49.6
2026-08-31 00:51:20.152326,Vaishali Nagar,598.51,0.01,47.5
2026-08-31 01:51:20.152326,Vaishali Nagar,613.28,0.04,48.7
2026-08-31 02:51:20.152326,Vaishali Nagar,605.46,0.18,48.0
2026-08-31 03:51:20.152326,Vaishali Nagar,605.76,0.56,48.0
2026-08-31 04:51:20.152326,Vaishali Nagar,646.79,2.01,51.2
2026-08-31 05:51:20.152326,Vaishali Nagar,670.72,6.5,52.7
2026-08-31 06:51:20.152326,Vaishali Nagar,700.47,16.34,54.3
2026-08-31 07:51:20.152326,Vaishali Nagar,601.61,33.31,45.1
2026-08-31 08:51:20.152326,Vaishali Nagar,1293.21,91.52,95.4
2026-08-31 09:51:20.152326,Vaishali Nagar,1068.46,131.11,74.4
2026-08-31 10:51:20.152326,Vaishali Nagar,1200.09,223.5,77.5
2026-08-31 11:51:20.152326,Vaishali Nagar,1316.15,248.38,84.7
2026-08-31 12:51:20.152326,Vaishali Nagar,1232.33,358.9,69.3
2026-08-31 13:51:20.152326,Vaishali Nagar,1445.06,425.64,80.9
2026-08-31 14:51:20.152326,Vaishali Nagar,1244.22,387.83,68.0
2026-08-31 15:51:20.152326,Vaishali Nagar,1356.73,264.27,86.7
2026-08-31 16:51:20.152326,Vaishali Nagar,1327.8,219.37,88.0
2026-08-31 17:51:20.152326,Vaishali Nagar,1272.28,163.97,88.0
2026-08-31 18:51:20.152326,Vaishali Nagar,1165.13,88.47,85.4
2026-08-31 19:51:20.152326,Vaishali Nagar,633.57,40.42,47.1
2026-08-31 20:51:20.152326,Vaishali Nagar,614.47,15.53,47.5
2026-08-31 21:51:20.152326,Vaishali Nagar,627.82,6.2,49.3
2026-08-31 22:51:20.152326,Vaishali Nagar,662.99,2.24,52.4
2026-08-31 23:51:20.152326,Vaishali Nagar,660.37,0.65,52.4
2026-09-01 00:51:20.152326,Vaishali Nagar,651.82,0.01,51.7
2026-09-01 01:51:20.152326,Vaishali Nagar,585.43,0.04,46.5
2026-09-01 02:51:20.152326,Vaishali Nagar,618.55,0.17,49.1
2026-09-01 03:51:20.152326,Vaishali Nagar,675.05,0.76,53.5
2026-09-01 04:51:20.152326,Vaishali Nagar,603.64,2.48,47.7
2026-09-01 05:51:20.152326,Vaishali Nagar,608.24,5.13,47.9
2026-09-01 06:51:20.152326,Vaishali Nagar,559.58,17.8,43.0
2026-09-01 07:51:20.152326,Vaishali Nagar,599.13,37.01,44.6
2026-09-01 08:51:20.152326,Vaishali Nagar,1140.77,55.51,86.1
2026-09-01 09:51:20.152326,Vaishali Nagar,1343.08,140.01,95.5
2026-09-01 10:51:20.152326,Vaishali Nagar,1385.89,211.6,93.2
2026-09-01 11:51:20.152326,Vaishali Nagar,1351.16,263.87,86.3
2026-09-01 12:51:20.152326,Vaishali Nagar,1215.52,361.31,67.8
2026-09-01 13:51:20.152326,Vaishali Nagar,1182.95,319.99,68.5
2026-09-01 14:51:20.152326,Vaishali Nagar,1223.28,323.43,71.4
2026-09-01 15:51:20.152326,Vaishali Nagar,1374.91,242.4,89.9
2026-09-01 16:51:20.152326,Vaishali Nagar,1115.78,203.91,72.4
2026-09-01 17:51:20.152326,Vaishali Nagar,1204.05,181.02,81.2
2026-09-01 18:51:20.152326,Vaishali Nagar,1296.51,86.08,96.1
2026-09-01 19:51:20.152326,Vaishali Nagar,588.06,36.68,43.8
2026-09-01 20:51:20.152326,Vaishali Nagar,599.36,16.49,46.3
2026-09-01 21:51:20.152326,Vaishali Nagar,621.15,6.25,48.8
2026-09-01 22:51:20.152326,Vaishali Nagar,631.5,2.54,49.9
2026-09-01 23:51:20.152326,Vaishali Nagar,653.86,0.59,51.8
2026-09-02 00:51:20.152326,Vaishali Nagar,653.82,0.01,51.9
2026-09-02 01:51:20.152326,Vaishali Nagar,630.49,0.04,50.0
2026-09-02 02:51:20.152326,Vaishali Nagar,638.14,0.15,50.6
2026-09-02 03:51:20.152326,Vaishali Nagar,690.66,0.63,54.8
2026-09-02 04:51:20.152326,Vaishali Nagar,651.31,2.2,51.5
2026-09-02 05:51:20.152326,Vaishali Nagar,624.9,6.59,49.1
2026-09-02 06:51:20.152326,Vaishali Nagar,643.05,15.94,49.8
2026-09-02 07:51:20.152326,Vaishali Nagar,522.0,34.45,38.7
2026-09-02 08:51:20.152326,Vaishali Nagar,1308.38,76.3,97.8
2026-09-02 09:51:20.152326,Vaishali Nagar,1350.31,130.98,96.8
2026-09-02 10:51:20.152326,Vaishali Nagar,1187.15,230.84,75.9
2026-09-02 11:51:20.152326,Vaishali Nagar,1244.14,334.69,72.2
2026-09-02 12:51:20.152326,Vaishali Nagar,1208.31,338.1,69.1
2026-09-02 13:51:20.152326,Vaishali Nagar,1284.6,390.54,71.0
2026-09-02 14:51:20.152326,Vaishali Nagar,1336.36,353.76,78.0
2026-09-02 15:51:20.152326,Vaishali Nagar,1288.71,310.52,77.6
2026-09-02 16:51:20.152326,Vaishali Nagar,1166.64,187.7,77.7
2026-09-02 17:51:20.152326,Vaishali Nagar,1233.07,116.08,88.7
2026-09-02 18:51:20.152326,Vaishali Nagar,1247.09,79.69,92.7
2026-09-02 19:51:20.152326,Vaishali Nagar,646.74,37.14,48.4
2026-09-02 20:51:20.152326,Vaishali Nagar,582.16,19.33,44.7
2026-09-02 21:51:20.152326,Vaishali Nagar,605.6,5.72,47.6
2026-09-02 22:51:20.152326,Vaishali Nagar,639.52,2.15,50.6
2026-09-02 23:51:20.152326,Vaishali Nagar,629.17,0.64,49.9
2026-09-03 00:51:20.152326,Vaishali Nagar,640.9,0.01,50.9
2026-09-03 01:51:20.152326,Vaishali Nagar,598.25,0.04,47.5
2026-09-03 02:51:20.152326,Vaishali Nagar,643.39,0.16,51.1
2026-09-03 03:51:20.152326,Vaishali Nagar,596.15,0.64,47.3
2026-09-03 04:51:20.152326,Vaishali Nagar,607.02,2.3,48.0
2026-09-03 05:51:20.152326,Vaishali Nagar,625.92,6.6,49.2
2026-09-03 06:51:20.152326,Vaishali Nagar,627.13,15.03,48.6
2026-09-03 07:51:20.152326,Vaishali Nagar,645.91,33.12,48.6
2026-09-03 08:51:20.152326,Vaishali Nagar,1183.37,76.37,87.9
2026-09-03 09:51:20.152326,Vaishali Nagar,1234.99,128.82,87.8
2026-09-03 10:51:20.152326,Vaishali Nagar,1176.1,210.87,76.6
2026-09-03 11:51:20.152326,Vaishali Nagar,1176.19,303.02,69.3
2026-09-03 12:51:20.152326,Vaishali Nagar,1159.19,334.28,65.5
2026-09-03 13:51:20.152326,Vaishali Nagar,1185.55,383.45,63.7
2026-09-03 14:51:20.152326,Vaishali Nagar,1194.9,308.22,70.4
2026-09-03 15:51:20.152326,Vaishali Nagar,1281.06,223.79,83.9
2026-09-03 16:51:20.152326,Vaishali Nagar,1148.77,237.42,72.3
2026-09-03 17:51:20.152326,Vaishali Nagar,1323.72,128.96,94.8
2026-09-03 18:51:20.152326,Vaishali Nagar,1223.4,67.11,91.8
2026-09-03 19:51:20.152326,Vaishali Nagar,624.85,36.29,46.7
2026-09-03 20:51:20.152326,Vaishali Nagar,601.85,19.29,46.2
2026-09-03 21:51:20.152326,Vaishali Nagar,617.19,6.67,48.5
2026-09-03 22:51:20.152326,Vaishali Nagar,605.42,2.11,47.9
2026-09-03 23:51:20.152326,Vaishali Nagar,573.94,0.64,45.5
2026-09-04 00:51:20.152326,Vaishali Nagar,586.04,0.01,46.5
2026-09-04 01:51:20.152326,Vaishali Nagar,596.92,0.04,47.4
2026-09-04 02:51:20.152326,Vaishali Nagar,606.42,0.18,48.1
2026-09-04 03:51:20.152326,Vaishali Nagar,601.59,0.56,47.7
2026-09-04 04:51:20.152326,Vaishali Nagar,676.0,1.91,53.5
2026-09-04 05:51:20.152326,Vaishali Nagar,672.29,6.32,52.9
2026-09-04 06:51:20.152326,Vaishali Nagar,683.6,16.09,53.0
2026-09-04 07:51:20.152326,Vaishali Nagar,575.95,36.12,42.8
2026-09-04 08:51:20.152326,Vaishali Nagar,1211.93,69.49,90.7
2026-09-04 09:51:20.152326,Vaishali Nagar,1385.98,117.03,100.7
2026-09-04 10:51:20.152326,Vaishali Nagar,1204.01,202.05,79.5
2026-09-04 11:51:20.152326,Vaishali Nagar,1361.09,333.99,81.5
2026-09-04 12:51:20.152326,Vaishali Nagar,1341.86,391.96,75.4
2026-09-04 13:51:20.152326,Vaishali Nagar,1160.11,341.28,65.0
2026-09-04 14:51:20.152326,Vaishali Nagar,1236.17,350.14,70.3
2026-09-04 15:51:20.152326,Vaishali Nagar,1374.28,247.0,89.5
2026-09-04 16:51:20.152326,Vaishali Nagar,1370.67,195.27,93.3
2026-09-04 17:51:20.152326,Vaishali Nagar,1270.43,130.35,90.5
2026-09-04 18:51:20.152326,Vaishali Nagar,1246.89,84.13,92.3
2026-09-04 19:51:20.152326,Vaishali Nagar,662.85,33.36,50.0
2026-09-04 20:51:20.152326,Vaishali Nagar,605.68,12.98,47.0
2026-09-04 21:51:20.152326,Vaishali Nagar,586.93,6.56,46.1
2026-09-04 22:51:20.152326,Vaishali Nagar,542.9,2.03,42.9
2026-09-04 23:51:20.152326,Vaishali Nagar,598.52,0.63,47.5
2026-09-05 00:51:20.152326,Vaishali Nagar,616.85,0.01,49.0
2026-09-05 01:51:20.152326,Vaishali Nagar,673.4,0.03,53.4
2026-09-05 02:51:20.152326,Vaishali Nagar,629.98,0.1,50.0
2026-09-05 03:51:20.152326,Vaishali Nagar,653.51,0.44,51.8
2026-09-05 04:51:20.152326,Vaishali Nagar,575.35,1.6,45.5
2026-09-05 05:51:20.152326,Vaishali Nagar,606.42,5.09,47.7
2026-09-05 06:51:20.152326,Vaishali Nagar,652.28,9.79,51.0
2026-09-05 07:51:20.152326,Vaishali Nagar,624.82,26.69,47.5
2026-09-05 08:51:20.152326,Vaishali Nagar,1220.29,64.89,91.7
2026-09-05 09:51:20.152326,Vaishali Nagar,1413.96,100.39,104.3
2026-09-05 10:51:20.152326,Vaishali Nagar,1155.42,167.6,78.4
2026-09-05 11:51:20.152326,Vaishali Nagar,1303.13,208.19,86.9
2026-09-05 12:51:20.152326,Vaishali Nagar,1253.91,238.67,80.6
2026-09-05 13:51:20.152326,Vaishali Nagar,1319.74,325.83,78.9
2026-09-05 14:51:20.152326,Vaishali Nagar,1213.05,270.02,74.8
2026-09-05 15:51:20.152326,Vaishali Nagar,1175.76,245.86,73.8
2026-09-05 16:51:20.152326,Vaishali Nagar,1287.88,146.9,90.6
2026-09-05 17:51:20.152326,Vaishali Nagar,1324.19,101.41,97.0
2026-09-05 18:51:20.152326,Vaishali Nagar,1244.1,54.27,94.4
2026-09-05 19:51:20.152326,Vaishali Nagar,612.16,35.36,45.8
2026-09-05 20:51:20.152326,Vaishali Nagar,646.06,12.52,50.3
2026-09-05 21:51:20.152326,Vaishali Nagar,615.62,4.6,48.5
2026-09-05 22:51:20.152326,Vaishali Nagar,671.98,1.43,53.2
2026-09-05 23:51:20.152326,Vaishali Nagar,589.42,0.46,46.7
2026-09-06 00:51:20.152326,Vaishali Nagar,641.74,0.0,50.9
2026-09-06 01:51:20.152326,Vaishali Nagar,621.53,0.03,49.3
2026-09-06 02:51:20.152326,Vaishali Nagar,560.81,0.13,44.5
2026-09-06 03:51:20.152326,Vaishali Nagar,639.63,0.49,50.7
2026-09-06 04:51:20.152326,Vaishali Nagar,639.57,1.67,50.6
2026-09-06 05:51:20.152326,Vaishali Nagar,619.74,4.34,48.8
2026-09-06 06:51:20.152326,Vaishali Nagar,637.02,13.38,49.5
2026-09-06 07:51:20.152326,Vaishali Nagar,637.59,32.57,48.0
2026-09-06 08:51:20.152326,Vaishali Nagar,1341.77,48.97,102.6
2026-09-06 09:51:20.152326,Vaishali Nagar,1183.76,81.42,87.5
2026-09-06 10:51:20.152326,Vaishali Nagar,1120.9,149.09,77.1
2026-09-06 11:51:20.152326,Vaishali Nagar,1242.67,242.77,79.4
2026-09-06 12:51:20.152326,Vaishali Nagar,1139.15,288.54,67.5
2026-09-06 13:51:20.152326,Vaishali Nagar,1349.71,257.58,86.7
2026-09-06 14:51:20.152326,Vaishali Nagar,1237.0,200.21,82.3
2026-09-06 15:51:20.152326,Vaishali Nagar,1294.57,188.04,87.8
2026-09-06 16:51:20.152326,Vaishali Nagar,1343.01,164.18,93.6
2026-09-06 17:51:20.152326,Vaishali Nagar,1243.65,108.01,90.1
2026-09-06 18:51:20.152326,Vaishali Nagar,1290.99,59.41,97.7
2026-09-06 19:51:20.152326,Vaishali Nagar,603.82,23.13,46.1
2026-09-06 20:51:20.152326,Vaishali Nagar,703.23,13.59,54.7
2026-09-06 21:51:20.152326,Vaishali Nagar,672.94,5.84,52.9
2026-09-06 22:51:20.152326,Vaishali Nagar,605.07,1.76,47.9
2026-09-06 23:51:20.152326,Vaishali Nagar,666.94,0.55,52.9
2026-09-07 00:51:20.152326,Vaishali Nagar,590.95,0.01,46.9
2026-09-07 01:51:20.152326,Vaishali Nagar,587.96,0.05,46.7
2026-09-07 02:51:20.152326,Vaishali Nagar,618.99,0.14,49.1
2026-09-07 03:51:20.152326,Vaishali Nagar,614.4,0.61,48.7
2026-09-07 04:51:20.152326,Vaishali Nagar,616.64,2.03,48.8
2026-09-07 05:51:20.152326,Vaishali Nagar,619.75,6.1,48.7
2026-09-07 06:51:20.152326,Vaishali Nagar,643.87,14.63,49.9
2026-09-07 07:51:20.152326,Vaishali Nagar,707.1,41.07,52.9
2026-09-07 08:51:20.152326,Vaishali Nagar,1345.31,74.97,100.8
2026-09-07 09:51:20.152326,Vaishali Nagar,1360.35,121.17,98.3
2026-09-07 10:51:20.152326,Vaishali Nagar,1249.8,230.95,80.9
2026-09-07 11:51:20.152326,Vaishali Nagar,1311.09,262.28,83.2
2026-09-07 12:51:20.152326,Vaishali Nagar,1309.61,385.54,73.3
2026-09-07 13:51:20.152326,Vaishali Nagar,1391.38,435.54,75.9
2026-09-07 14:51:20.152326,Vaishali Nagar,1247.73,325.84,73.2
2026-09-07 15:51:20.152326,Vaishali Nagar,1371.26,301.75,84.9
2026-09-07 16:51:20.152326,Vaishali Nagar,1249.63,214.21,82.2
2026-09-07 17:51:20.152326,Vaishali Nagar,1298.74,155.37,90.7
2026-09-07 18:51:20.152326,Vaishali Nagar,1290.57,89.12,95.4
2026-09-07 19:51:20.152326,Vaishali Nagar,624.31,36.94,46.6
2026-09-07 20:51:20.152326,Vaishali Nagar,694.66,18.3,53.7
2026-09-07 21:51:20.152326,Vaishali Nagar,699.0,6.94,54.9
2026-09-07 22:51:20.152326,Vaishali Nagar,622.59,1.87,49.3
2026-09-07 23:51:20.152326,Vaishali Nagar,579.18,0.65,45.9
2026-09-08 00:51:20.152326,Vaishali Nagar,570.62,0.01,45.3
2026-09-08 01:51:20.152326,Vaishali Nagar,615.38,0.03,48.8
2026-09-08 02:51:20.152326,Vaishali Nagar,561.03,0.19,44.5
2026-09-08 03:51:20.152326,Vaishali Nagar,672.13,0.65,53.3
2026-09-08 04:51:20.152326,Vaishali Nagar,708.28,1.77,56.1
2026-09-08 05:51:20.152326,Vaishali Nagar,603.66,6.11,47.4
2026-09-08 06:51:20.152326,Vaishali Nagar,665.74,15.82,51.6
2026-09-08 07:51:20.152326,Vaishali Nagar,647.51,45.73,47.8
2026-09-08 08:51:20.152326,Vaishali Nagar,1289.61,73.67,96.5
2026-09-08 09:51:20.152326,Vaishali Nagar,1251.59,136.08,88.5
2026-09-08 10:51:20.152326,Vaishali Nagar,1185.18,225.8,76.1
2026-09-08 11:51:20.152326,Vaishali Nagar,1466.81,267.96,95.1
2026-09-08 12:51:20.152326,Vaishali Nagar,1199.84,368.02,66.0
2026-09-08 13:51:20.152326,Vaishali Nagar,1231.72,365.02,68.8
2026-09-08 14:51:20.152326,Vaishali Nagar,1248.29,366.33,70.0
2026-09-08 15:51:20.152326,Vaishali Nagar,1255.35,245.31,80.2
2026-09-08 16:51:20.152326,Vaishali Nagar,1232.92,208.65,81.3
2026-09-08 17:51:20.152326,Vaishali Nagar,1336.07,112.78,97.1
2026-09-08 18:51:20.152326,Vaishali Nagar,1294.52,81.23,96.3
2026-09-08 19:51:20.152326,Vaishali Nagar,668.86,32.97,50.5
2026-09-08 20:51:20.152326,Vaishali Nagar,661.11,17.32,51.1
2026-09-08 21:51:20.152326,Vaishali Nagar,691.16,6.87,54.3
2026-09-08 22:51:20.152326,Vaishali Nagar,591.01,2.21,46.7
2026-09-08 23:51:20.152326,Vaishali Nagar,672.36,0.68,53.3
2026-09-09 00:51:20.152326,Vaishali Nagar,642.83,0.01,51.0
2026-09-09 01:51:20.152326,Vaishali Nagar,615.01,0.04,48.8
2026-09-09 02:51:20.152326,Vaishali Nagar,691.21,0.18,54.8
2026-09-09 03:51:20.152326,Vaishali Nagar,631.77,0.65,50.1
2026-09-09 04:51:20.152326,Vaishali Nagar,682.31,2.27,54.0
2026-09-09 05:51:20.152326,Vaishali Nagar,644.94,6.47,50.7
2026-09-09 06:51:20.152326,Vaishali Nagar,682.72,16.56,52.9
2026-09-09 07:51:20.152326,Vaishali Nagar,663.93,33.26,50.1
2026-09-09 08:51:20.152326,Vaishali Nagar,1310.77,74.6,98.1
2026-09-09 09:51:20.152326,Vaishali Nagar,1302.45,137.17,92.5
2026-09-09 10:51:20.152326,Vaishali Nagar,1252.36,183.09,84.9
2026-09-09 11:51:20.152326,Vaishali Nagar,1266.09,274.61,78.7
2026-09-09 12:51:20.152326,Vaishali Nagar,1219.96,326.42,70.9
2026-09-09 13:51:20.152326,Vaishali Nagar,1225.87,357.81,68.9
2026-09-09 14:51:20.152326,Vaishali Nagar,1305.16,329.44,77.4
2026-09-09 15:51:20.152326,Vaishali Nagar,1442.98,287.61,91.7
2026-09-09 16:51:20.152326,Vaishali Nagar,1240.83,217.35,81.2
2026-09-09 17:51:20.152326,Vaishali Nagar,1236.01,134.78,87.4
2026-09-09 18:51:20.152326,Vaishali Nagar,1202.82,70.63,89.9
2026-09-09 19:51:20.152326,Vaishali Nagar,617.67,34.2,46.3
2026-09-09 20:51:20.152326,Vaishali Nagar,682.54,16.97,52.8
2026-09-09 21:51:20.152326,Vaishali Nagar,631.66,6.29,49.6
2026-09-09 22:51:20.152326,Vaishali Nagar,631.06,2.02,49.9
2026-09-09 23:51:20.152326,Vaishali Nagar,600.03,0.69,47.6
2026-09-10 00:51:20.152326,Vaishali Nagar,621.29,0.01,49.3
2026-09-10 01:51:20.152326,Vaishali Nagar,627.78,0.04,49.8
2026-09-10 02:51:20.152326,Vaishali Nagar,618.14,0.17,49.0
2026-09-10 03:51:20.152326,Vaishali Nagar,558.91,0.71,44.3
2026-09-10 04:51:20.152326,Vaishali Nagar,591.76,2.33,46.8
2026-09-10 05:51:20.152326,Vaishali Nagar,615.8,6.78,48.3
2026-09-10 06:51:20.152326,Vaishali Nagar,571.59,15.81,44.1
2026-09-10 07:51:20.152326,Vaishali Nagar,653.69,36.33,49.0
2026-09-10 08:51:20.152326,Vaishali Nagar,1300.11,75.33,97.2
2026-09-10 09:51:20.152326,Vaishali Nagar,1225.33,131.63,86.8
2026-09-10 10:51:20.152326,Vaishali Nagar,1231.44,202.86,81.6
2026-09-10 11:51:20.152326,Vaishali Nagar,1368.05,286.06,85.9
2026-09-10 12:51:20.152326,Vaishali Nagar,1215.4,350.29,68.7
2026-09-10 13:51:20.152326,Vaishali Nagar,1388.55,318.84,84.9
2026-09-10 14:51:20.152326,Vaishali Nagar,1318.41,390.64,73.6
2026-09-10 15:51:20.152326,Vaishali Nagar,1243.08,293.58,75.4
2026-09-10 16:51:20.152326,Vaishali Nagar,1268.08,228.09,82.5
2026-09-10 17:51:20.152326,Vaishali Nagar,1341.2,130.92,96.1
2026-09-10 18:51:20.152326,Vaishali Nagar,1209.31,81.65,89.5
2026-09-10 19:51:20.152326,Vaishali Nagar,550.26,38.3,40.6
2026-09-10 20:51:20.152326,Vaishali Nagar,592.08,15.94,45.7
2026-09-10 21:51:20.152326,Vaishali Nagar,622.39,6.11,48.9
2026-09-10 22:51:20.152326,Vaishali Nagar,632.99,2.32,50.1
2026-09-10 23:51:20.152326,Vaishali Nagar,609.07,0.64,48.3
2026-09-11 00:51:20.152326,Vaishali Nagar,668.64,0.01,53.1
2026-09-11 01:51:20.152326,Vaishali Nagar,583.61,0.04,46.3
2026-09-11 02:51:20.152326,Vaishali Nagar,647.6,0.14,51.4
2026-09-11 03:51:20.152326,Vaishali Nagar,616.05,0.67,48.8
2026-09-11 04:51:20.152326,Vaishali Nagar,636.06,2.16,50.3
2026-09-11 05:51:20.152326,Vaishali Nagar,601.45,5.44,47.3
2026-09-11 06:51:20.152326,Vaishali Nagar,665.8,15.21,51.6
2026-09-11 07:51:20.152326,Vaishali Nagar,673.55,35.28,50.7
2026-09-11 08:51:20.152326,Vaishali Nagar,1191.61,67.98,89.2
2026-09-11 09:51:20.152326,Vaishali Nagar,1325.05,165.16,92.1
2026-09-11 10:51:20.152326,Vaishali Nagar,1212.31,194.94,80.7
2026-09-11 11:51:20.152326,Vaishali Nagar,1450.07,318.65,89.8
2026-09-11 12:51:20.152326,Vaishali Nagar,1128.22,272.22,67.9
2026-09-11 13:51:20.152326,Vaishali Nagar,1151.18,387.33,60.6
2026-09-11 14:51:20.152326,Vaishali Nagar,1277.17,337.27,74.6
2026-09-11 15:51:20.152326,Vaishali Nagar,1287.32,278.77,80.0
2026-09-11 16:51:20.152326,Vaishali Nagar,1191.48,189.76,79.5
2026-09-11 17:51:20.152326,Vaishali Nagar,1266.58,135.0,89.8
2026-09-11 18:51:20.152326,Vaishali Nagar,1225.16,79.14,91.0
2026-09-11 19:51:20.152326,Vaishali Nagar,631.26,34.55,47.4
2026-09-11 20:51:20.152326,Vaishali Nagar,642.82,16.4,49.7
2026-09-11 21:51:20.152326,Vaishali Nagar,656.97,5.44,51.7
2026-09-11 22:51:20.152326,Vaishali Nagar,611.86,1.64,48.4
2026-09-11 23:51:20.152326,Vaishali Nagar,616.15,0.63,48.9
2026-09-12 00:51:20.152326,Vaishali Nagar,621.02,0.01,49.3
2026-09-12 01:51:20.152326,Vaishali Nagar,613.46,0.03,48.7
2026-09-12 02:51:20.152326,Vaishali Nagar,623.08,0.11,49.4
2026-09-12 03:51:20.152326,Vaishali Nagar,667.03,0.5,52.9
2026-09-12 04:51:20.152326,Vaishali Nagar,671.75,1.25,53.2
2026-09-12 05:51:20.152326,Vaishali Nagar,675.06,4.54,53.2
2026-09-12 06:51:20.152326,Vaishali Nagar,573.95,12.49,44.6
2026-09-12 07:51:20.152326,Vaishali Nagar,622.17,28.77,47.1
2026-09-12 08:51:20.152326,Vaishali Nagar,1265.52,62.96,95.4
2026-09-12 09:51:20.152326,Vaishali Nagar,1255.79,88.2,92.7
2026-09-12 10:51:20.152326,Vaishali Nagar,1256.34,157.74,87.2
2026-09-12 11:51:20.152326,Vaishali Nagar,1341.48,238.62,87.5
2026-09-12 12:51:20.152326,Vaishali Nagar,1306.01,282.01,81.3
2026-09-12 13:51:20.152326,Vaishali Nagar,1219.92,271.23,75.3
2026-09-12 14:51:20.152326,Vaishali Nagar,1251.02,263.83,78.3
2026-09-12 15:51:20.152326,Vaishali Nagar,1293.38,199.99,86.8
2026-09-12 16:51:20.152326,Vaishali Nagar,1292.77,166.29,89.4
2026-09-12 17:51:20.152326,Vaishali Nagar,1210.26,75.3,90.1
2026-09-12 18:51:20.152326,Vaishali Nagar,1130.75,54.12,85.4
2026-09-12 19:51:20.152326,Vaishali Nagar,653.65,29.45,49.5
2026-09-12 20:51:20.152326,Vaishali Nagar,557.65,10.64,43.4
2026-09-12 21:51:20.152326,Vaishali Nagar,600.47,4.81,47.3
2026-09-12 22:51:20.152326,Vaishali Nagar,661.35,1.5,52.4
2026-09-12 23:51:20.152326,Vaishali Nagar,611.89,0.47,48.5
2026-09-13 00:51:20.152326,Vaishali Nagar,598.1,0.01,47.5
2026-09-13 01:51:20.152326,Vaishali Nagar,579.45,0.03,46.0
2026-09-13 02:51:20.152326,Vaishali Nagar,629.45,0.1,49.9
2026-09-13 03:51:20.152326,Vaishali Nagar,672.11,0.46,53.3
2026-09-13 04:51:20.152326,Vaishali Nagar,597.13,1.53,47.3
2026-09-13 05:51:20.152326,Vaishali Nagar,581.19,5.59,45.7
2026-09-13 06:51:20.152326,Vaishali Nagar,606.92,13.04,47.1
2026-09-13 07:51:20.152326,Vaishali Nagar,690.09,26.36,52.7
2026-09-13 08:51:20.152326,Vaishali Nagar,1147.4,58.72,86.4
2026-09-13 09:51:20.152326,Vaishali Nagar,1296.01,93.02,95.5
2026-09-13 10:51:20.152326,Vaishali Nagar,1084.36,113.41,77.1
2026-09-13 11:51:20.152326,Vaishali Nagar,1325.84,214.52,88.2
2026-09-13 12:51:20.152326,Vaishali Nagar,1314.52,297.03,80.8
2026-09-13 13:51:20.152326,Vaishali Nagar,1371.43,312.55,84.0
2026-09-13 14:51:20.152326,Vaishali Nagar,1163.59,280.86,70.1
2026-09-13 15:51:20.152326,Vaishali Nagar,1313.89,236.99,85.5
2026-09-13 16:51:20.152326,Vaishali Nagar,1212.65,159.28,83.6
2026-09-13 17:51:20.152326,Vaishali Nagar,1112.4,112.53,79.4
2026-09-13 18:51:20.152326,Vaishali Nagar,1335.55,60.1,101.2
2026-09-13 19:51:20.152326,Vaishali Nagar,662.54,28.36,50.3
2026-09-13 20:51:20.152326,Vaishali Nagar,605.83,12.5,47.1
2026-09-13 21:51:20.152326,Vaishali Nagar,691.35,4.72,54.5
2026-09-13 22:51:20.152326,Vaishali Nagar,651.15,1.69,51.5
2026-09-13 23:51:20.152326,Vaishali Nagar,642.02,0.53,50.9
2026-09-14 00:51:20.152326,Vaishali Nagar,584.3,0.01,46.4
2026-09-14 01:51:20.152326,Vaishali Nagar,649.61,0.04,51.6
2026-09-14 02:51:20.152326,Vaishali Nagar,556.05,0.15,44.1
2026-09-14 03:51:20.152326,Vaishali Nagar,614.32,0.55,48.7
2026-09-14 04:51:20.152326,Vaishali Nagar,619.59,2.09,49.0
2026-09-14 05:51:20.152326,Vaishali Nagar,628.76,6.41,49.4
2026-09-14 06:51:20.152326,Vaishali Nagar,634.94,13.91,49.3
2026-09-14 07:51:20.152326,Vaishali Nagar,643.59,35.02,48.3
2026-09-14 08:51:20.152326,Vaishali Nagar,1266.46,76.34,94.5
2026-09-14 09:51:20.152326,Vaishali Nagar,1203.41,146.24,83.9
2026-09-14 10:51:20.152326,Vaishali Nagar,1319.59,199.01,88.9
2026-09-14 11:51:20.152326,Vaishali Nagar,1349.45,284.04,84.6
2026-09-14 12:51:20.152326,Vaishali Nagar,1412.16,299.02,88.3
2026-09-14 13:51:20.152326,Vaishali Nagar,1269.47,374.85,71.0
2026-09-14 14:51:20.152326,Vaishali Nagar,1263.86,347.26,72.7
2026-09-14 15:51:20.152326,Vaishali Nagar,1421.04,244.57,93.4
2026-09-14 16:51:20.152326,Vaishali Nagar,1216.41,196.44,81.0
2026-09-14 17:51:20.152326,Vaishali Nagar,1176.65,141.89,82.1
2026-09-14 18:51:20.152326,Vaishali Nagar,1156.75,72.81,86.0
2026-09-14 19:51:20.152326,Vaishali Nagar,665.17,39.68,49.6
2026-09-14 20:51:20.152326,Vaishali Nagar,678.81,16.92,52.5
2026-09-14 21:51:20.152326,Vaishali Nagar,679.37,6.59,53.4
2026-09-14 22:51:20.152326,Vaishali Nagar,632.72,1.77,50.1
2026-09-14 23:51:20.152326,Vaishali Nagar,698.41,0.67,55.4
2026-09-15 00:51:20.152326,Vaishali Nagar,666.4,0.01,52.9
2026-09-15 01:51:20.152326,Vaishali Nagar,649.63,0.04,51.6
2026-09-15 02:51:20.152326,Vaishali Nagar,627.69,0.18,49.8
2026-09-15 03:51:20.152326,Vaishali Nagar,644.63,0.64,51.1
2026-09-15 04:51:20.152326,Vaishali Nagar,659.66,2.64,52.1
2026-09-15 05:51:20.152326,Vaishali Nagar,610.21,6.12,47.9
2026-09-15 06:51:20.152326,Vaishali Nagar,693.36,13.66,53.9
2026-09-15 07:51:20.152326,Vaishali Nagar,660.58,40.12,49.2
2026-09-15 08:51:20.152326,Vaishali Nagar,1336.92,77.39,100.0
2026-09-15 09:51:20.152326,Vaishali Nagar,1196.38,150.6,83.0
2026-09-15 10:51:20.152326,Vaishali Nagar,1216.8,209.52,79.9
2026-09-15 11:51:20.152326,Vaishali Nagar,1295.65,232.93,84.3
2026-09-15 12:51:20.152326,Vaishali Nagar,1188.47,325.97,68.5
2026-09-15 13:51:20.152326,Vaishali Nagar,1258.75,335.79,73.3
2026-09-15 14:51:20.152326,Vaishali Nagar,1386.76,387.46,79.3
2026-09-15 15:51:20.152326,Vaishali Nagar,1352.86,315.19,82.4
2026-09-15 16:51:20.152326,Vaishali Nagar,1232.19,174.99,83.9
2026-09-15 17:51:20.152326,Vaishali Nagar,1153.89,162.41,78.7
2026-09-15 18:51:20.152326,Vaishali Nagar,1240.36,67.2,93.1
2026-09-15 19:51:20.152326,Vaishali Nagar,690.83,40.85,51.6
2026-09-15 20:51:20.152326,Vaishali Nagar,657.04,15.19,50.9
2026-09-15 21:51:20.152326,Vaishali Nagar,604.44,5.71,47.5
2026-09-15 22:51:20.152326,Vaishali Nagar,701.21,2.48,55.5
2026-09-15 23:51:20.152326,Vaishali Nagar,672.57,0.83,53.3
2026-09-16 00:51:20.152326,Vaishali Nagar,623.32,0.01,49.5
2026-09-16 01:51:20.152326,Vaishali Nagar,590.46,0.04,46.9
2026-09-16 02:51:20.152326,Vaishali Nagar,602.93,0.14,47.8
2026-09-16 03:51:20.152326,Vaishali Nagar,586.01,0.63,46.5
2026-09-16 04:51:20.152326,Vaishali Nagar,712.94,2.21,56.4
2026-09-16 05:51:20.152326,Vaishali Nagar,569.12,6.87,44.6
2026-09-16 06:51:20.152326,Vaishali Nagar,606.56,15.26,46.9
2026-09-16 07:51:20.152326,Vaishali Nagar,595.91,40.96,44.0
2026-09-16 08:51:20.152326,Vaishali Nagar,1167.9,83.18,86.1
2026-09-16 09:51:20.152326,Vaishali Nagar,1192.4,140.37,83.5
2026-09-16 10:51:20.152326,Vaishali Nagar,1267.37,205.24,84.3
2026-09-16 11:51:20.152326,Vaishali Nagar,1222.23,274.79,75.2
2026-09-16 12:51:20.152326,Vaishali Nagar,1263.38,336.83,73.5
2026-09-16 13:51:20.152326,Vaishali Nagar,1402.94,285.54,88.7
2026-09-16 14:51:20.152326,Vaishali Nagar,1252.81,355.51,71.2
2026-09-16 15:51:20.152326,Vaishali Nagar,1318.29,310.18,80.0
2026-09-16 16:51:20.152326,Vaishali Nagar,1360.2,209.51,91.3
2026-09-16 17:51:20.152326,Vaishali Nagar,1330.46,136.05,94.8
2026-09-16 18:51:20.152326,Vaishali Nagar,1347.79,65.57,101.8
2026-09-16 19:51:20.152326,Vaishali Nagar,595.38,34.41,44.5
2026-09-16 20:51:20.152326,Vaishali Nagar,711.65,15.79,55.2
2026-09-16 21:51:20.152326,Vaishali Nagar,634.88,5.65,49.9
2026-09-16 22:51:20.152326,Vaishali Nagar,601.93,2.27,47.6
2026-09-16 23:51:20.152326,Vaishali Nagar,649.43,0.62,51.5
2026-09-17 00:51:20.152326,Vaishali Nagar,595.78,0.01,47.3
2026-09-17 01:51:20.152326,Vaishali Nagar,625.83,0.04,49.7
2026-09-17 02:51:20.152326,Vaishali Nagar,641.87,0.18,50.9
2026-09-17 03:51:20.152326,Vaishali Nagar,593.86,0.64,47.1
2026-09-17 04:51:20.152326,Vaishali Nagar,651.45,1.86,51.6
2026-09-17 05:51:20.152326,Vaishali Nagar,672.67,5.84,52.9
2026-09-17 06:51:20.152326,Vaishali Nagar,669.75,15.25,51.9
2026-09-17 07:51:20.152326,Vaishali Nagar,628.93,30.51,47.5
2026-09-17 08:51:20.152326,Vaishali Nagar,1305.93,63.25,98.6
2026-09-17 09:51:20.152326,Vaishali Nagar,1251.3,138.45,88.3
2026-09-17 10:51:20.152326,Vaishali Nagar,1229.65,196.06,82.0
2026-09-17 11:51:20.152326,Vaishali Nagar,1183.5,278.48,71.8
2026-09-17 12:51:20.152326,Vaishali Nagar,1287.55,323.59,76.5
2026-09-17 13:51:20.152326,Vaishali Nagar,1298.11,422.03,69.5
2026-09-17 14:51:20.152326,Vaishali Nagar,1351.73,391.83,76.2
2026-09-17 15:51:20.152326,Vaishali Nagar,1214.48,338.69,69.5
2026-09-17 16:51:20.152326,Vaishali Nagar,1139.57,157.06,78.0
2026-09-17 17:51:20.152326,Vaishali Nagar,1228.87,150.68,85.6
2026-09-17 18:51:20.152326,Vaishali Nagar,1324.43,74.57,99.2
2026-09-17 19:51:20.152326,Vaishali Nagar,649.32,35.15,48.7
2026-09-17 20:51:20.152326,Vaishali Nagar,619.62,15.99,47.9
2026-09-17 21:51:20.152326,Vaishali Nagar,614.47,6.5,48.3
2026-09-17 22:51:20.152326,Vaishali Nagar,550.33,2.0,43.5
2026-09-17 23:51:20.152326,Vaishali Nagar,575.15,0.58,45.6
2026-09-18 00:51:20.152326,Vaishali Nagar,645.08,0.01,51.2
2026-09-18 01:51:20.152326,Vaishali Nagar,552.12,0.04,43.8
2026-09-18 02:51:20.152326,Vaishali Nagar,626.52,0.15,49.7
2026-09-18 03:51:20.152326,Vaishali Nagar,600.74,0.65,47.6
2026-09-18 04:51:20.152326,Vaishali Nagar,637.1,2.33,50.4
2026-09-18 05:51:20.152326,Vaishali Nagar,637.05,5.88,50.1
2026-09-18 06:51:20.152326,Vaishali Nagar,646.11,16.3,50.0
2026-09-18 07:51:20.152326,Vaishali Nagar,660.68,35.14,49.6
2026-09-18 08:51:20.152326,Vaishali Nagar,1268.73,71.31,95.0
2026-09-18 09:51:20.152326,Vaishali Nagar,1242.2,142.05,87.3
2026-09-18 10:51:20.152326,Vaishali Nagar,1236.18,204.63,81.9
2026-09-18 11:51:20.152326,Vaishali Nagar,1335.51,275.01,84.2
2026-09-18 12:51:20.152326,Vaishali Nagar,1219.25,353.04,68.7
2026-09-18 13:51:20.152326,Vaishali Nagar,1205.65,386.43,65.0
2026-09-18 14:51:20.152326,Vaishali Nagar,1291.88,298.44,78.8
2026-09-18 15:51:20.152326,Vaishali Nagar,1283.34,275.36,80.0
2026-09-18 16:51:20.152326,Vaishali Nagar,1200.16,174.26,81.4
2026-09-18 17:51:20.152326,Vaishali Nagar,1237.38,138.68,87.2
2026-09-18 18:51:20.152326,Vaishali Nagar,1135.52,79.65,83.8
2026-09-18 19:51:20.152326,Vaishali Nagar,614.95,36.05,45.9
2026-09-18 20:51:20.152326,Vaishali Nagar,634.96,15.3,49.2
2026-09-18 21:51:20.152326,Vaishali Nagar,594.81,6.67,46.7
2026-09-18 22:51:20.152326,Vaishali Nagar,619.84,2.53,49.0
2026-09-18 23:51:20.152326,Vaishali Nagar,596.26,0.49,47.3
2026-09-19 00:51:20.152326,Vaishali Nagar,649.24,0.0,51.5
2026-09-19 01:51:20.152326,Vaishali Nagar,627.29,0.03,49.8
2026-09-19 02:51:20.152326,Vaishali Nagar,638.82,0.14,50.7
2026-09-19 03:51:20.152326,Vaishali Nagar,631.3,0.44,50.1
2026-09-19 04:51:20.152326,Vaishali Nagar,601.08,1.82,47.6
2026-09-19 05:51:20.152326,Vaishali Nagar,601.92,5.04,47.4
2026-09-19 06:51:20.152326,Vaishali Nagar,592.39,11.44,46.1
2026-09-19 07:51:20.152326,Vaishali Nagar,608.49,29.08,46.0
2026-09-19 08:51:20.152326,Vaishali Nagar,1225.79,62.66,92.3
2026-09-19 09:51:20.152326,Vaishali Nagar,1322.57,93.95,97.5
2026-09-19 10:51:20.152326,Vaishali Nagar,1261.64,151.04,88.1
2026-09-19 11:51:20.152326,Vaishali Nagar,1185.05,229.7,75.8
2026-09-19 12:51:20.152326,Vaishali Nagar,1313.81,222.44,86.6
2026-09-19 13:51:20.152326,Vaishali Nagar,1184.63,220.79,76.5
2026-09-19 14:51:20.152326,Vaishali Nagar,1300.71,261.74,82.5
2026-09-19 15:51:20.152326,Vaishali Nagar,1154.42,219.59,74.2
2026-09-19 16:51:20.152326,Vaishali Nagar,1200.5,140.76,84.1
2026-09-19 17:51:20.152326,Vaishali Nagar,1322.68,100.58,97.0
2026-09-19 18:51:20.152326,Vaishali Nagar,1334.16,55.55,101.5
2026-09-19 19:51:20.152326,Vaishali Nagar,639.22,30.6,48.3
2026-09-19 20:51:20.152326,Vaishali Nagar,616.15,10.86,48.0
2026-09-19 21:51:20.152326,Vaishali Nagar,618.1,4.82,48.7
2026-09-19 22:51:20.152326,Vaishali Nagar,665.34,1.6,52.7
2026-09-19 23:51:20.152326,Vaishali Nagar,633.8,0.42,50.3
2026-09-20 00:51:20.152326,Vaishali Nagar,624.85,0.01,49.6
2026-09-20 01:51:20.152326,Vaishali Nagar,611.52,0.03,48.5
2026-09-20 02:51:20.152326,Vaishali Nagar,647.79,0.13,51.4
2026-09-20 03:51:20.152326,Vaishali Nagar,648.72,0.48,51.4
2026-09-20 04:51:20.152326,Vaishali Nagar,675.93,1.53,53.5
2026-09-20 05:51:20.152326,Vaishali Nagar,619.81,5.47,48.8
2026-09-20 06:51:20.152326,Vaishali Nagar,631.47,14.73,48.9
2026-09-20 07:51:20.152326,Vaishali Nagar,665.07,33.07,50.2
2026-09-20 08:51:20.152326,Vaishali Nagar,1099.51,55.88,82.8
2026-09-20 09:51:20.152326,Vaishali Nagar,1327.21,114.23,96.3
2026-09-20 10:51:20.152326,Vaishali Nagar,1189.11,180.75,80.0
2026-09-20 11:51:20.152326,Vaishali Nagar,1243.52,236.1,80.0
2026-09-20 12:51:20.152326,Vaishali Nagar,1197.4,253.25,74.9
2026-09-20 13:51:20.152326,Vaishali Nagar,1225.85,274.33,75.5
2026-09-20 14:51:20.152326,Vaishali Nagar,1286.34,283.29,79.6
2026-09-20 15:51:20.152326,Vaishali Nagar,1359.19,172.89,94.2
2026-09-20 16:51:20.152326,Vaishali Nagar,1230.33,138.74,86.6
2026-09-20 17:51:20.152326,Vaishali Nagar,1267.87,92.59,93.3
2026-09-20 18:51:20.152326,Vaishali Nagar,1349.86,61.78,102.2
2026-09-20 19:51:20.152326,Vaishali Nagar,594.99,30.39,44.8
2026-09-20 20:51:20.152326,Vaishali Nagar,567.49,14.1,43.9
2026-09-20 21:51:20.152326,Vaishali Nagar,644.53,5.05,50.8
2026-09-20 22:51:20.152326,Vaishali Nagar,689.36,1.31,54.6
2026-09-20 23:51:20.152326,Vaishali Nagar,642.26,0.49,50.9
2026-09-21 00:51:20.152326,Vaishali Nagar,665.9,0.01,52.8
2026-09-21 01:51:20.152326,Vaishali Nagar,626.4,0.04,49.7
2026-09-21 02:51:20.152326,Vaishali Nagar,607.32,0.17,48.2
2026-09-21 03:51:20.152326,Vaishali Nagar,588.41,0.58,46.7
2026-09-21 04:51:20.152326,Vaishali Nagar,628.79,2.52,49.7
2026-09-21 05:51:20.152326,Vaishali Nagar,660.98,6.93,51.9
2026-09-21 06:51:20.152326,Vaishali Nagar,595.0,15.03,46.0
2026-09-21 07:51:20.152326,Vaishali Nagar,625.41,38.23,46.6
2026-09-21 08:51:20.152326,Vaishali Nagar,1163.06,70.73,86.7
2026-09-21 09:51:20.152326,Vaishali Nagar,1230.92,132.39,87.2
2026-09-21 10:51:20.152326,Vaishali Nagar,1128.36,190.0,74.5
2026-09-21 11:51:20.152326,Vaishali Nagar,1310.98,262.12,83.2
2026-09-21 12:51:20.152326,Vaishali Nagar,1190.83,370.42,65.1
2026-09-21 13:51:20.152326,Vaishali Nagar,1324.0,359.79,76.5
2026-09-21 14:51:20.152326,Vaishali Nagar,1301.9,286.22,80.6
2026-09-21 15:51:20.152326,Vaishali Nagar,1268.09,315.64,75.6
2026-09-21 16:51:20.152326,Vaishali Nagar,1168.05,240.0,73.7
2026-09-21 17:51:20.152326,Vaishali Nagar,1334.37,138.63,94.9
2026-09-21 18:51:20.152326,Vaishali Nagar,1316.33,70.26,98.9
2026-09-21 19:51:20.152326,Vaishali Nagar,674.45,41.49,50.2
2026-09-21 20:51:20.152326,Vaishali Nagar,633.55,16.55,49.0
2026-09-21 21:51:20.152326,Vaishali Nagar,608.83,6.07,47.8
2026-09-21 22:51:20.152326,Vaishali Nagar,610.25,2.27,48.3
2026-09-21 23:51:20.152326,Vaishali Nagar,613.76,0.7,48.7
2026-09-22 00:51:20.152326,Vaishali Nagar,708.16,0.01,56.2
2026-09-22 01:51:20.152326,Vaishali Nagar,602.54,0.04,47.8
2026-09-22 02:51:20.152326,Vaishali Nagar,661.28,0.15,52.5
2026-09-22 03:51:20.152326,Vaishali Nagar,601.29,0.64,47.7
2026-09-22 04:51:20.152326,Vaishali Nagar,552.66,2.14,43.7
2026-09-22 05:51:20.152326,Vaishali Nagar,693.15,5.89,54.5
2026-09-22 06:51:20.152326,Vaishali Nagar,628.45,17.33,48.5
2026-09-22 07:51:20.152326,Vaishali Nagar,667.13,37.0,50.0
2026-09-22 08:51:20.152326,Vaishali Nagar,1248.97,78.65,92.9
2026-09-22 09:51:20.152326,Vaishali Nagar,1254.91,143.87,88.2
2026-09-22 10:51:20.152326,Vaishali Nagar,1148.0,204.23,74.9
2026-09-22 11:51:20.152326,Vaishali Nagar,1319.28,303.82,80.6
2026-09-22 12:51:20.152326,Vaishali Nagar,1314.91,346.16,76.9
2026-09-22 13:51:20.152326,Vaishali Nagar,1231.16,354.2,69.6
2026-09-22 14:51:20.152326,Vaishali Nagar,1276.04,317.62,76.1
2026-09-22 15:51:20.152326,Vaishali Nagar,1467.3,305.98,92.2
2026-09-22 16:51:20.152326,Vaishali Nagar,1298.31,223.09,85.3
2026-09-22 17:51:20.152326,Vaishali Nagar,1233.04,120.78,88.3
2026-09-22 18:51:20.152326,Vaishali Nagar,1312.42,81.6,97.7
2026-09-22 19:51:20.152326,Vaishali Nagar,697.11,31.79,52.8
2026-09-22 20:51:20.152326,Vaishali Nagar,627.28,15.42,48.6
2026-09-22 21:51:20.152326,Vaishali Nagar,612.02,6.33,48.1
2026-09-22 22:51:20.152326,Vaishali Nagar,633.74,2.46,50.1
2026-09-22 23:51:20.152326,Vaishali Nagar,547.68,0.57,43.4
2026-09-23 00:51:20.152326,Vaishali Nagar,673.19,0.01,53.4
2026-09-23 01:51:20.152326,Vaishali Nagar,626.88,0.04,49.7
2026-09-23 02:51:20.152326,Vaishali Nagar,543.84,0.14,43.2
2026-09-23 03:51:20.152326,Vaishali Nagar,631.93,0.64,50.1
2026-09-23 04:51:20.152326,Vaishali Nagar,635.88,2.0,50.3
2026-09-23 05:51:20.152326,Vaishali Nagar,614.43,5.84,48.3
2026-09-23 06:51:20.152326,Vaishali Nagar,640.32,17.13,49.5
2026-09-23 07:51:20.152326,Vaishali Nagar,542.67,28.47,40.8
2026-09-23 08:51:20.152326,Vaishali Nagar,1347.27,87.02,100.0
2026-09-23 09:51:20.152326,Vaishali Nagar,1325.92,125.4,95.3
2026-09-23 10:51:20.152326,Vaishali Nagar,1362.28,219.58,90.7
2026-09-23 11:51:20.152326,Vaishali Nagar,1302.25,251.25,83.4
2026-09-23 12:51:20.152326,Vaishali Nagar,1392.33,389.65,79.6
2026-09-23 13:51:20.152326,Vaishali Nagar,1239.56,429.64,64.3
2026-09-23 14:51:20.152326,Vaishali Nagar,1227.4,335.98,70.7
2026-09-23 15:51:20.152326,Vaishali Nagar,1362.29,323.95,82.4
2026-09-23 16:51:20.152326,Vaishali Nagar,1276.32,208.78,84.7
2026-09-23 17:51:20.152326,Vaishali Nagar,1346.47,128.85,96.6
2026-09-23 18:51:20.152326,Vaishali Nagar,1121.39,84.55,82.3
2026-09-23 19:51:20.152326,Vaishali Nagar,598.48,44.17,44.0
2026-09-23 20:51:20.152326,Vaishali Nagar,674.75,16.29,52.3
2026-09-23 21:51:20.152326,Vaishali Nagar,671.92,6.33,52.8
2026-09-23 22:51:20.152326,Vaishali Nagar,625.65,2.24,49.5
2026-09-23 23:51:20.152326,Vaishali Nagar,631.15,0.69,50.0
2026-09-24 00:51:20.152326,Vaishali Nagar,615.04,0.01,48.8
2026-09-24 01:51:20.152326,Vaishali Nagar,607.59,0.04,48.2
2026-09-24 02:51:20.152326,Vaishali Nagar,621.85,0.16,49.3
2026-09-24 03:51:20.152326,Vaishali Nagar,645.55,0.54,51.2
2026-09-24 04:51:20.152326,Vaishali Nagar,680.29,2.47,53.8
2026-09-24 05:51:20.152326,Vaishali Nagar,570.22,5.79,44.8
2026-09-24 06:51:20.152326,Vaishali Nagar,640.81,16.05,49.6
2026-09-24 07:51:20.152326,Vaishali Nagar,550.59,38.84,40.6
2026-09-24 08:51:20.152326,Vaishali Nagar,1437.65,78.11,107.9
2026-09-24 09:51:20.152326,Vaishali Nagar,1198.54,131.68,84.7
2026-09-24 10:51:20.152326,Vaishali Nagar,1382.67,239.81,90.7
2026-09-24 11:51:20.152326,Vaishali Nagar,1271.9,285.54,78.3
2026-09-24 12:51:20.152326,Vaishali Nagar,1129.93,412.24,57.0
2026-09-24 13:51:20.152326,Vaishali Nagar,1402.56,384.08,80.8
2026-09-24 14:51:20.152326,Vaishali Nagar,1211.18,370.43,66.7
2026-09-24 15:51:20.152326,Vaishali Nagar,1072.51,296.76,61.6
2026-09-24 16:51:20.152326,Vaishali Nagar,1292.99,215.05,85.6
2026-09-24 17:51:20.152326,Vaishali Nagar,1133.38,117.84,80.6
2026-09-24 18:51:20.152326,Vaishali Nagar,1318.32,84.71,97.9
2026-09-24 19:51:20.152326,Vaishali Nagar,663.23,40.8,49.4
2026-09-24 20:51:20.152326,Vaishali Nagar,605.71,19.3,46.5
2026-09-24 21:51:20.152326,Vaishali Nagar,658.92,4.59,51.9
2026-06-26 22:51:20.152326,Sitapura Industrial,316.21,1.17,50.0
2026-06-26 23:51:20.152326,Sitapura Industrial,319.45,0.32,50.7
2026-06-27 00:51:20.152326,Sitapura Industrial,326.12,0.0,51.8
2026-06-27 01:51:20.152326,Sitapura Industrial,285.8,0.02,45.4
2026-06-27 02:51:20.152326,Sitapura Industrial,304.09,0.06,48.3
2026-06-27 03:51:20.152326,Sitapura Industrial,308.3,0.21,48.9
2026-06-27 04:51:20.152326,Sitapura Industrial,315.44,0.79,49.9
2026-06-27 05:51:20.152326,Sitapura Industrial,348.92,2.95,54.9
2026-06-27 06:51:20.152326,Sitapura Industrial,340.64,6.36,53.1
2026-06-27 07:51:20.152326,Sitapura Industrial,320.88,12.74,48.9
2026-06-27 08:51:20.152326,Sitapura Industrial,555.63,31.07,83.3
2026-06-27 09:51:20.152326,Sitapura Industrial,674.26,51.08,98.9
2026-06-27 10:51:20.152326,Sitapura Industrial,663.55,76.79,93.1
2026-06-27 11:51:20.152326,Sitapura Industrial,621.47,113.65,80.6
2026-06-27 12:51:20.152326,Sitapura Industrial,681.48,106.84,91.2
2026-06-27 13:51:20.152326,Sitapura Industrial,659.22,109.74,87.2
2026-06-27 14:51:20.152326,Sitapura Industrial,662.77,140.42,82.9
2026-06-27 15:51:20.152326,Sitapura Industrial,674.47,116.54,88.6
2026-06-27 16:51:20.152326,Sitapura Industrial,602.0,86.83,81.8
2026-06-27 17:51:20.152326,Sitapura Industrial,589.26,56.98,84.5
2026-06-27 18:51:20.152326,Sitapura Industrial,649.34,28.73,98.5
2026-06-27 19:51:20.152326,Sitapura Industrial,278.43,15.35,41.8
2026-06-27 20:51:20.152326,Sitapura Industrial,314.2,5.41,49.0
2026-06-27 21:51:20.152326,Sitapura Industrial,311.67,2.28,49.1
2026-06-27 22:51:20.152326,Sitapura Industrial,306.33,0.74,48.5
2026-06-27 23:51:20.152326,Sitapura Industrial,291.94,0.23,46.3
2026-06-28 00:51:20.152326,Sitapura Industrial,342.61,0.0,54.4
2026-06-28 01:51:20.152326,Sitapura Industrial,286.67,0.02,45.5
2026-06-28 02:51:20.152326,Sitapura Industrial,310.42,0.06,49.3
2026-06-28 03:51:20.152326,Sitapura Industrial,337.93,0.21,53.6
2026-06-28 04:51:20.152326,Sitapura Industrial,293.21,0.66,46.4
2026-06-28 05:51:20.152326,Sitapura Industrial,330.53,2.35,52.1
2026-06-28 06:51:20.152326,Sitapura Industrial,348.28,6.21,54.3
2026-06-28 07:51:20.152326,Sitapura Industrial,320.81,13.94,48.7
2026-06-28 08:51:20.152326,Sitapura Industrial,643.58,29.32,97.5
2026-06-28 09:51:20.152326,Sitapura Industrial,644.14,54.46,93.6
2026-06-28 10:51:20.152326,Sitapura Industrial,653.8,75.62,91.8
2026-06-28 11:51:20.152326,Sitapura Industrial,626.79,100.6,83.5
2026-06-28 12:51:20.152326,Sitapura Industrial,630.11,116.03,81.6
2026-06-28 13:51:20.152326,Sitapura Industrial,653.53,156.25,78.9
2026-06-28 14:51:20.152326,Sitapura Industrial,610.91,148.87,73.3
2026-06-28 15:51:20.152326,Sitapura Industrial,657.86,103.92,87.9
2026-06-28 16:51:20.152326,Sitapura Industrial,657.9,70.84,93.2
2026-06-28 17:51:20.152326,Sitapura Industrial,652.0,54.85,94.8
2026-06-28 18:51:20.152326,Sitapura Industrial,561.47,28.2,84.6
2026-06-28 19:51:20.152326,Sitapura Industrial,325.92,15.56,49.3
2026-06-28 20:51:20.152326,Sitapura Industrial,299.55,6.65,46.5
2026-06-28 21:51:20.152326,Sitapura Industrial,305.34,2.13,48.1
2026-06-28 22:51:20.152326,Sitapura Industrial,324.63,0.81,51.4
2026-06-28 23:51:20.152326,Sitapura Industrial,342.64,0.28,54.3
2026-06-29 00:51:20.152326,Sitapura Industrial,309.0,0.0,49.0
2026-06-29 01:51:20.152326,Sitapura Industrial,321.45,0.02,51.0
2026-06-29 02:51:20.152326,Sitapura Industrial,298.09,0.08,47.3
2026-06-29 03:51:20.152326,Sitapura Industrial,304.94,0.36,48.3
2026-06-29 04:51:20.152326,Sitapura Industrial,301.72,1.12,47.7
2026-06-29 05:51:20.152326,Sitapura Industrial,303.32,2.67,47.7
2026-06-29 06:51:20.152326,Sitapura Industrial,286.6,8.87,44.1
2026-06-29 07:51:20.152326,Sitapura Industrial,329.0,17.54,49.4
2026-06-29 08:51:20.152326,Sitapura Industrial,586.37,39.68,86.8
2026-06-29 09:51:20.152326,Sitapura Industrial,608.14,58.65,87.2
2026-06-29 10:51:20.152326,Sitapura Industrial,637.06,110.82,83.5
2026-06-29 11:51:20.152326,Sitapura Industrial,527.53,176.93,55.7
2026-06-29 12:51:20.152326,Sitapura Industrial,615.62,199.08,66.1
2026-06-29 13:51:20.152326,Sitapura Industrial,655.22,216.34,69.7
2026-06-29 14:51:20.152326,Sitapura Industrial,591.15,174.13,66.2
2026-06-29 15:51:20.152326,Sitapura Industrial,672.2,140.97,84.3
2026-06-29 16:51:20.152326,Sitapura Industrial,619.87,96.65,83.1
2026-06-29 17:51:20.152326,Sitapura Industrial,688.2,64.95,98.9
2026-06-29 18:51:20.152326,Sitapura Industrial,644.86,39.97,96.0
2026-06-29 19:51:20.152326,Sitapura Industrial,326.68,23.22,48.2
2026-06-29 20:51:20.152326,Sitapura Industrial,331.09,8.37,51.2
2026-06-29 21:51:20.152326,Sitapura Industrial,297.25,3.77,46.6
2026-06-29 22:51:20.152326,Sitapura Industrial,277.3,0.98,43.9
2026-06-29 23:51:20.152326,Sitapura Industrial,332.39,0.35,52.7
2026-06-30 00:51:20.152326,Sitapura Industrial,283.56,0.0,45.0
2026-06-30 01:51:20.152326,Sitapura Industrial,319.65,0.02,50.7
2026-06-30 02:51:20.152326,Sitapura Industrial,343.19,0.08,54.5
2026-06-30 03:51:20.152326,Sitapura Industrial,316.79,0.32,50.2
2026-06-30 04:51:20.152326,Sitapura Industrial,330.26,1.18,52.2
2026-06-30 05:51:20.152326,Sitapura Industrial,304.64,3.59,47.8
2026-06-30 06:51:20.152326,Sitapura Industrial,304.47,8.03,47.1
2026-06-30 07:51:20.152326,Sitapura Industrial,291.73,19.14,43.3
2026-06-30 08:51:20.152326,Sitapura Industrial,675.41,35.4,101.6
2026-06-30 09:51:20.152326,Sitapura Industrial,640.66,51.92,93.5
2026-06-30 10:51:20.152326,Sitapura Industrial,732.13,97.43,100.7
2026-06-30 11:51:20.152326,Sitapura Industrial,633.97,132.66,79.6
2026-06-30 12:51:20.152326,Sitapura Industrial,590.94,173.33,66.3
2026-06-30 13:51:20.152326,Sitapura Industrial,537.05,191.34,54.9
2026-06-30 14:51:20.152326,Sitapura Industrial,681.37,148.93,84.5
2026-06-30 15:51:20.152326,Sitapura Industrial,656.86,137.22,82.5
2026-06-30 16:51:20.152326,Sitapura Industrial,628.23,100.86,83.7
2026-06-30 17:51:20.152326,Sitapura Industrial,602.62,66.97,85.0
2026-06-30 18:51:20.152326,Sitapura Industrial,628.74,46.92,92.4
2026-06-30 19:51:20.152326,Sitapura Industrial,297.66,16.56,44.6
2026-06-30 20:51:20.152326,Sitapura Industrial,354.13,7.29,55.1
2026-06-30 21:51:20.152326,Sitapura Industrial,327.86,3.63,51.5
2026-06-30 22:51:20.152326,Sitapura Industrial,315.71,1.05,49.9
2026-06-30 23:51:20.152326,Sitapura Industrial,320.19,0.33,50.8
2026-07-01 00:51:20.152326,Sitapura Industrial,337.59,0.0,53.6
2026-07-01 01:51:20.152326,Sitapura Industrial,307.12,0.02,48.7
2026-07-01 02:51:20.152326,Sitapura Industrial,307.76,0.07,48.8
2026-07-01 03:51:20.152326,Sitapura Industrial,337.55,0.33,53.5
2026-07-01 04:51:20.152326,Sitapura Industrial,341.49,1.0,54.0
2026-07-01 05:51:20.152326,Sitapura Industrial,314.01,3.03,49.4
2026-07-01 06:51:20.152326,Sitapura Industrial,289.29,6.76,44.8
2026-07-01 07:51:20.152326,Sitapura Industrial,302.07,17.4,45.2
2026-07-01 08:51:20.152326,Sitapura Industrial,620.34,42.99,91.6
2026-07-01 09:51:20.152326,Sitapura Industrial,590.31,66.87,83.1
2026-07-01 10:51:20.152326,Sitapura Industrial,608.51,107.95,79.5
2026-07-01 11:51:20.152326,Sitapura Industrial,605.84,160.12,70.7
2026-07-01 12:51:20.152326,Sitapura Industrial,577.98,154.78,67.2
2026-07-01 13:51:20.152326,Sitapura Industrial,672.31,182.68,77.7
2026-07-01 14:51:20.152326,Sitapura Industrial,575.18,174.27,63.6
2026-07-01 15:51:20.152326,Sitapura Industrial,623.47,140.84,76.6
2026-07-01 16:51:20.152326,Sitapura Industrial,590.12,110.67,76.1
2026-07-01 17:51:20.152326,Sitapura Industrial,663.12,61.91,95.4
2026-07-01 18:51:20.152326,Sitapura Industrial,690.39,37.49,103.6
2026-07-01 19:51:20.152326,Sitapura Industrial,321.78,18.12,48.2
2026-07-01 20:51:20.152326,Sitapura Industrial,295.67,8.4,45.6
2026-07-01 21:51:20.152326,Sitapura Industrial,310.38,3.19,48.8
2026-07-01 22:51:20.152326,Sitapura Industrial,314.15,1.05,49.7
2026-07-01 23:51:20.152326,Sitapura Industrial,308.28,0.34,48.9
2026-07-02 00:51:20.152326,Sitapura Industrial,334.69,0.0,53.1
2026-07-02 01:51:20.152326,Sitapura Industrial,281.93,0.02,44.7
2026-07-02 02:51:20.152326,Sitapura Industrial,306.83,0.06,48.7
2026-07-02 03:51:20.152326,Sitapura Industrial,327.15,0.33,51.9
2026-07-02 04:51:20.152326,Sitapura Industrial,304.63,1.0,48.2
2026-07-02 05:51:20.152326,Sitapura Industrial,350.06,3.66,55.0
2026-07-02 06:51:20.152326,Sitapura Industrial,310.62,7.36,48.1
2026-07-02 07:51:20.152326,Sitapura Industrial,303.94,17.96,45.4
2026-07-02 08:51:20.152326,Sitapura Industrial,669.47,38.94,100.1
2026-07-02 09:51:20.152326,Sitapura Industrial,601.8,58.93,86.2
2026-07-02 10:51:20.152326,Sitapura Industrial,640.96,93.19,86.9
2026-07-02 11:51:20.152326,Sitapura Industrial,679.22,139.92,85.6
2026-07-02 12:51:20.152326,Sitapura Industrial,708.95,174.19,84.9
2026-07-02 13:51:20.152326,Sitapura Industrial,651.53,176.88,75.3
2026-07-02 14:51:20.152326,Sitapura Industrial,628.05,189.84,69.6
2026-07-02 15:51:20.152326,Sitapura Industrial,605.9,162.42,70.4
2026-07-02 16:51:20.152326,Sitapura Industrial,632.94,114.6,82.3
2026-07-02 17:51:20.152326,Sitapura Industrial,626.86,60.36,89.9
2026-07-02 18:51:20.152326,Sitapura Industrial,630.76,30.97,95.2
2026-07-02 19:51:20.152326,Sitapura Industrial,341.25,15.9,51.6
2026-07-02 20:51:20.152326,Sitapura Industrial,264.75,8.39,40.7
2026-07-02 21:51:20.152326,Sitapura Industrial,358.42,3.27,56.4
2026-07-02 22:51:20.152326,Sitapura Industrial,314.07,0.96,49.7
2026-07-02 23:51:20.152326,Sitapura Industrial,344.74,0.34,54.7
2026-07-03 00:51:20.152326,Sitapura Industrial,290.63,0.0,46.1
2026-07-03 01:51:20.152326,Sitapura Industrial,315.59,0.02,50.1
2026-07-03 02:51:20.152326,Sitapura Industrial,307.32,0.07,48.8
2026-07-03 03:51:20.152326,Sitapura Industrial,318.46,0.36,50.5
2026-07-03 04:51:20.152326,Sitapura Industrial,269.85,1.05,42.7
2026-07-03 05:51:20.152326,Sitapura Industrial,313.86,3.15,49.3
2026-07-03 06:51:20.152326,Sitapura Industrial,322.43,7.49,50.0
2026-07-03 07:51:20.152326,Sitapura Industrial,326.04,16.43,49.1
2026-07-03 08:51:20.152326,Sitapura Industrial,595.15,45.68,87.2
2026-07-03 09:51:20.152326,Sitapura Industrial,669.49,66.29,95.7
2026-07-03 10:51:20.152326,Sitapura Industrial,595.45,107.79,77.4
2026-07-03 11:51:20.152326,Sitapura Industrial,657.96,126.84,84.3
2026-07-03 12:51:20.152326,Sitapura Industrial,638.08,157.09,76.3
2026-07-03 13:51:20.152326,Sitapura Industrial,576.87,199.55,59.9
2026-07-03 14:51:20.152326,Sitapura Industrial,626.91,179.52,71.0
2026-07-03 15:51:20.152326,Sitapura Industrial,682.69,139.48,86.2
2026-07-03 16:51:20.152326,Sitapura Industrial,664.33,93.1,90.7
2026-07-03 17:51:20.152326,Sitapura Industrial,639.32,71.51,90.1
2026-07-03 18:51:20.152326,Sitapura Industrial,607.48,45.34,89.2
2026-07-03 19:51:20.152326,Sitapura Industrial,292.37,19.35,43.3
2026-07-03 20:51:20.152326,Sitapura Industrial,310.86,7.37,48.2
2026-07-03 21:51:20.152326,Sitapura Industrial,334.56,3.0,52.6
2026-07-03 22:51:20.152326,Sitapura Industrial,343.97,0.94,54.4
2026-07-03 23:51:20.152326,Sitapura Industrial,318.42,0.34,50.5
2026-07-04 00:51:20.152326,Sitapura Industrial,307.41,0.0,48.8
2026-07-04 01:51:20.152326,Sitapura Industrial,334.26,0.01,53.1
2026-07-04 02:51:20.152326,Sitapura Industrial,323.39,0.06,51.3
2026-07-04 03:51:20.152326,Sitapura Industrial,307.92,0.28,48.8
2026-07-04 04:51:20.152326,Sitapura Industrial,316.16,0.75,50.1
2026-07-04 05:51:20.152326,Sitapura Industrial,293.44,1.86,46.3
2026-07-04 06:51:20.152326,Sitapura Industrial,298.66,7.23,46.3
2026-07-04 07:51:20.152326,Sitapura Industrial,326.19,15.17,49.4
2026-07-04 08:51:20.152326,Sitapura Industrial,621.47,27.11,94.3
2026-07-04 09:51:20.152326,Sitapura Industrial,637.43,54.24,92.6
2026-07-04 10:51:20.152326,Sitapura Industrial,587.45,97.63,77.7
2026-07-04 11:51:20.152326,Sitapura Industrial,622.38,99.96,82.9
2026-07-04 12:51:20.152326,Sitapura Industrial,594.24,144.23,71.4
2026-07-04 13:51:20.152326,Sitapura Industrial,622.32,128.98,78.3
2026-07-04 14:51:20.152326,Sitapura Industrial,696.0,123.3,90.9
2026-07-04 15:51:20.152326,Sitapura Industrial,685.31,90.64,94.4
2026-07-04 16:51:20.152326,Sitapura Industrial,632.43,83.2,87.2
2026-07-04 17:51:20.152326,Sitapura Industrial,580.21,50.03,84.2
2026-07-04 18:51:20.152326,Sitapura Industrial,662.62,32.92,100.0
2026-07-04 19:51:20.152326,Sitapura Industrial,333.6,14.63,50.6
2026-07-04 20:51:20.152326,Sitapura Industrial,341.96,5.72,53.4
2026-07-04 21:51:20.152326,Sitapura Industrial,310.75,2.02,49.0
2026-07-04 22:51:20.152326,Sitapura Industrial,317.73,0.65,50.3
2026-07-04 23:51:20.152326,Sitapura Industrial,346.75,0.26,55.0
2026-07-05 00:51:20.152326,Sitapura Industrial,300.23,0.0,47.7
2026-07-05 01:51:20.152326,Sitapura Industrial,321.72,0.01,51.1
2026-07-05 02:51:20.152326,Sitapura Industrial,326.11,0.06,51.8
2026-07-05 03:51:20.152326,Sitapura Industrial,323.18,0.23,51.3
2026-07-05 04:51:20.152326,Sitapura Industrial,329.09,0.85,52.1
2026-07-05 05:51:20.152326,Sitapura Industrial,319.19,2.48,50.3
2026-07-05 06:51:20.152326,Sitapura Industrial,307.22,6.61,47.7
2026-07-05 07:51:20.152326,Sitapura Industrial,301.83,12.55,45.9
2026-07-05 08:51:20.152326,Sitapura Industrial,675.22,30.39,102.4
2026-07-05 09:51:20.152326,Sitapura Industrial,621.37,47.09,91.2
2026-07-05 10:51:20.152326,Sitapura Industrial,580.77,83.31,79.0
2026-07-05 11:51:20.152326,Sitapura Industrial,564.95,123.57,70.1
2026-07-05 12:51:20.152326,Sitapura Industrial,702.32,137.05,89.7
2026-07-05 13:51:20.152326,Sitapura Industrial,674.45,145.8,83.9
2026-07-05 14:51:20.152326,Sitapura Industrial,633.8,128.66,80.2
2026-07-05 15:51:20.152326,Sitapura Industrial,660.18,108.78,87.5
2026-07-05 16:51:20.152326,Sitapura Industrial,595.19,85.59,80.9
2026-07-05 17:51:20.152326,Sitapura Industrial,683.56,51.58,100.3
2026-07-05 18:51:20.152326,Sitapura Industrial,629.3,31.06,95.0
2026-07-05 19:51:20.152326,Sitapura Industrial,300.33,14.38,45.4
2026-07-05 20:51:20.152326,Sitapura Industrial,303.17,7.13,47.0
2026-07-05 21:51:20.152326,Sitapura Industrial,310.87,2.83,48.9
2026-07-05 22:51:20.152326,Sitapura Industrial,321.81,0.79,51.0
2026-07-05 23:51:20.152326,Sitapura Industrial,319.65,0.21,50.7
2026-07-06 00:51:20.152326,Sitapura Industrial,318.64,0.0,50.6
2026-07-06 01:51:20.152326,Sitapura Industrial,293.81,0.02,46.6
2026-07-06 02:51:20.152326,Sitapura Industrial,338.86,0.08,53.8
2026-07-06 03:51:20.152326,Sitapura Industrial,334.79,0.27,53.1
2026-07-06 04:51:20.152326,Sitapura Industrial,322.87,1.03,51.1
2026-07-06 05:51:20.152326,Sitapura Industrial,309.61,2.17,48.8
2026-07-06 06:51:20.152326,Sitapura Industrial,330.64,8.87,51.1
2026-07-06 07:51:20.152326,Sitapura Industrial,323.53,19.65,48.2
2026-07-06 08:51:20.152326,Sitapura Industrial,692.64,37.37,104.0
2026-07-06 09:51:20.152326,Sitapura Industrial,581.26,61.96,82.4
2026-07-06 10:51:20.152326,Sitapura Industrial,647.31,103.79,86.3
2026-07-06 11:51:20.152326,Sitapura Industrial,631.8,139.75,78.1
2026-07-06 12:51:20.152326,Sitapura Industrial,664.53,170.15,78.5
2026-07-06 13:51:20.152326,Sitapura Industrial,602.36,213.2,61.8
2026-07-06 14:51:20.152326,Sitapura Industrial,685.68,173.29,81.3
2026-07-06 15:51:20.152326,Sitapura Industrial,652.28,156.71,78.7
2026-07-06 16:51:20.152326,Sitapura Industrial,658.91,100.46,88.6
2026-07-06 17:51:20.152326,Sitapura Industrial,673.55,67.38,96.2
2026-07-06 18:51:20.152326,Sitapura Industrial,606.4,37.06,90.4
2026-07-06 19:51:20.152326,Sitapura Industrial,333.09,19.07,49.8
2026-07-06 20:51:20.152326,Sitapura Industrial,328.58,7.45,51.0
2026-07-06 21:51:20.152326,Sitapura Industrial,296.31,3.42,46.5
2026-07-06 22:51:20.152326,Sitapura Industrial,298.02,0.99,47.1
2026-07-06 23:51:20.152326,Sitapura Industrial,298.44,0.31,47.3
2026-07-07 00:51:20.152326,Sitapura Industrial,342.02,0.0,54.3
2026-07-07 01:51:20.152326,Sitapura Industrial,305.23,0.02,48.4
2026-07-07 02:51:20.152326,Sitapura Industrial,302.36,0.09,48.0
2026-07-07 03:51:20.152326,Sitapura Industrial,333.06,0.3,52.8
2026-07-07 04:51:20.152326,Sitapura Industrial,283.45,1.01,44.8
2026-07-07 05:51:20.152326,Sitapura Industrial,342.06,2.44,53.9
2026-07-07 06:51:20.152326,Sitapura Industrial,338.89,6.35,52.8
2026-07-07 07:51:20.152326,Sitapura Industrial,320.92,17.07,48.2
2026-07-07 08:51:20.152326,Sitapura Industrial,592.06,43.94,87.0
2026-07-07 09:51:20.152326,Sitapura Industrial,674.29,67.45,96.3
2026-07-07 10:51:20.152326,Sitapura Industrial,552.61,97.94,72.2
2026-07-07 11:51:20.152326,Sitapura Industrial,575.83,150.58,67.5
2026-07-07 12:51:20.152326,Sitapura Industrial,592.46,155.48,69.4
2026-07-07 13:51:20.152326,Sitapura Industrial,569.43,198.32,58.9
2026-07-07 14:51:20.152326,Sitapura Industrial,651.14,158.76,78.2
2026-07-07 15:51:20.152326,Sitapura Industrial,619.11,154.65,73.7
2026-07-07 16:51:20.152326,Sitapura Industrial,606.36,92.56,81.6
2026-07-07 17:51:20.152326,Sitapura Industrial,584.68,70.2,81.7
2026-07-07 18:51:20.152326,Sitapura Industrial,630.48,26.04,95.9
2026-07-07 19:51:20.152326,Sitapura Industrial,323.61,17.91,48.5
2026-07-07 20:51:20.152326,Sitapura Industrial,272.18,8.49,41.9
2026-07-07 21:51:20.152326,Sitapura Industrial,306.58,3.07,48.2
2026-07-07 22:51:20.152326,Sitapura Industrial,336.88,1.13,53.3
2026-07-07 23:51:20.152326,Sitapura Industrial,330.59,0.32,52.4
2026-07-08 00:51:20.152326,Sitapura Industrial,304.76,0.0,48.4
2026-07-08 01:51:20.152326,Sitapura Industrial,295.76,0.02,46.9
2026-07-08 02:51:20.152326,Sitapura Industrial,314.12,0.06,49.8
2026-07-08 03:51:20.152326,Sitapura Industrial,300.1,0.33,47.6
2026-07-08 04:51:20.152326,Sitapura Industrial,294.24,1.24,46.5
2026-07-08 05:51:20.152326,Sitapura Industrial,307.04,2.98,48.3
2026-07-08 06:51:20.152326,Sitapura Industrial,332.71,7.41,51.6
2026-07-08 07:51:20.152326,Sitapura Industrial,313.64,14.53,47.5
2026-07-08 08:51:20.152326,Sitapura Industrial,628.0,33.9,94.3
2026-07-08 09:51:20.152326,Sitapura Industrial,583.52,67.95,81.8
2026-07-08 10:51:20.152326,Sitapura Industrial,629.61,91.99,85.3
2026-07-08 11:51:20.152326,Sitapura Industrial,606.98,149.06,72.7
2026-07-08 12:51:20.152326,Sitapura Industrial,654.59,150.86,80.0
2026-07-08 13:51:20.152326,Sitapura Industrial,657.56,196.77,73.1
2026-07-08 14:51:20.152326,Sitapura Industrial,660.42,181.38,76.0
2026-07-08 15:51:20.152326,Sitapura Industrial,614.49,153.54,73.2
2026-07-08 16:51:20.152326,Sitapura Industrial,593.78,91.56,79.7
2026-07-08 17:51:20.152326,Sitapura Industrial,653.22,64.6,93.4
2026-07-08 18:51:20.152326,Sitapura Industrial,571.15,32.69,85.5
2026-07-08 19:51:20.152326,Sitapura Industrial,331.62,20.26,49.4
2026-07-08 20:51:20.152326,Sitapura Industrial,325.3,6.71,50.6
2026-07-08 21:51:20.152326,Sitapura Industrial,337.87,3.02,53.1
2026-07-08 22:51:20.152326,Sitapura Industrial,315.53,1.1,49.9
2026-07-08 23:51:20.152326,Sitapura Industrial,317.05,0.33,50.3
2026-07-09 00:51:20.152326,Sitapura Industrial,332.6,0.0,52.8
2026-07-09 01:51:20.152326,Sitapura Industrial,314.0,0.02,49.8
2026-07-09 02:51:20.152326,Sitapura Industrial,306.54,0.08,48.6
2026-07-09 03:51:20.152326,Sitapura Industrial,317.33,0.3,50.3
2026-07-09 04:51:20.152326,Sitapura Industrial,293.68,1.05,46.4
2026-07-09 05:51:20.152326,Sitapura Industrial,318.87,3.41,50.1
2026-07-09 06:51:20.152326,Sitapura Industrial,292.72,8.44,45.1
2026-07-09 07:51:20.152326,Sitapura Industrial,315.53,18.23,47.2
2026-07-09 08:51:20.152326,Sitapura Industrial,628.72,40.17,93.4
2026-07-09 09:51:20.152326,Sitapura Industrial,611.05,68.31,86.1
2026-07-09 10:51:20.152326,Sitapura Industrial,670.61,103.95,89.9
2026-07-09 11:51:20.152326,Sitapura Industrial,602.1,134.93,74.2
2026-07-09 12:51:20.152326,Sitapura Industrial,659.15,166.49,78.2
2026-07-09 13:51:20.152326,Sitapura Industrial,622.69,206.58,66.0
2026-07-09 14:51:20.152326,Sitapura Industrial,591.85,162.24,68.2
2026-07-09 15:51:20.152326,Sitapura Industrial,723.93,138.83,92.9
2026-07-09 16:51:20.152326,Sitapura Industrial,552.61,79.81,75.0
2026-07-09 17:51:20.152326,Sitapura Industrial,615.2,69.4,86.6
2026-07-09 18:51:20.152326,Sitapura Industrial,555.5,35.28,82.6
2026-07-09 19:51:20.152326,Sitapura Industrial,351.5,17.96,52.9
2026-07-09 20:51:20.152326,Sitapura Industrial,318.97,7.32,49.5
2026-07-09 21:51:20.152326,Sitapura Industrial,282.97,2.44,44.5
2026-07-09 22:51:20.152326,Sitapura Industrial,334.96,1.13,53.0
2026-07-09 23:51:20.152326,Sitapura Industrial,290.98,0.35,46.1
2026-07-10 00:51:20.152326,Sitapura Industrial,303.82,0.0,48.2
2026-07-10 01:51:20.152326,Sitapura Industrial,316.59,0.02,50.2
2026-07-10 02:51:20.152326,Sitapura Industrial,320.72,0.08,50.9
2026-07-10 03:51:20.152326,Sitapura Industrial,296.17,0.27,47.0
2026-07-10 04:51:20.152326,Sitapura Industrial,315.59,1.25,49.9
2026-07-10 05:51:20.152326,Sitapura Industrial,321.87,3.41,50.6
2026-07-10 06:51:20.152326,Sitapura Industrial,327.67,7.05,50.9
2026-07-10 07:51:20.152326,Sitapura Industrial,303.14,21.63,44.7
2026-07-10 08:51:20.152326,Sitapura Industrial,586.37,41.63,86.5
2026-07-10 09:51:20.152326,Sitapura Industrial,666.55,69.73,94.7
2026-07-10 10:51:20.152326,Sitapura Industrial,630.16,93.72,85.1
2026-07-10 11:51:20.152326,Sitapura Industrial,607.11,127.81,76.1
2026-07-10 12:51:20.152326,Sitapura Industrial,640.67,198.3,70.2
2026-07-10 13:51:20.152326,Sitapura Industrial,616.38,193.72,67.1
2026-07-10 14:51:20.152326,Sitapura Industrial,614.54,154.09,73.1
2026-07-10 15:51:20.152326,Sitapura Industrial,651.17,146.57,80.1
2026-07-10 16:51:20.152326,Sitapura Industrial,652.75,110.25,86.1
2026-07-10 17:51:20.152326,Sitapura Industrial,594.83,65.6,84.0
2026-07-10 18:51:20.152326,Sitapura Industrial,614.61,36.69,91.7
2026-07-10 19:51:20.152326,Sitapura Industrial,334.6,17.55,50.3
2026-07-10 20:51:20.152326,Sitapura Industrial,332.33,7.53,51.6
2026-07-10 21:51:20.152326,Sitapura Industrial,305.18,3.16,47.9
2026-07-10 22:51:20.152326,Sitapura Industrial,325.68,1.19,51.5
2026-07-10 23:51:20.152326,Sitapura Industrial,297.85,0.32,47.2
2026-07-11 00:51:20.152326,Sitapura Industrial,331.81,0.0,52.7
2026-07-11 01:51:20.152326,Sitapura Industrial,308.79,0.02,49.0
2026-07-11 02:51:20.152326,Sitapura Industrial,329.97,0.06,52.4
2026-07-11 03:51:20.152326,Sitapura Industrial,300.76,0.21,47.7
2026-07-11 04:51:20.152326,Sitapura Industrial,317.42,0.8,50.3
2026-07-11 05:51:20.152326,Sitapura Industrial,306.61,2.5,48.3
2026-07-11 06:51:20.152326,Sitapura Industrial,322.28,5.53,50.3
2026-07-11 07:51:20.152326,Sitapura Industrial,314.08,13.15,47.8
2026-07-11 08:51:20.152326,Sitapura Industrial,600.58,30.9,90.4
2026-07-11 09:51:20.152326,Sitapura Industrial,629.57,50.79,91.9
2026-07-11 10:51:20.152326,Sitapura Industrial,702.91,77.47,99.3
2026-07-11 11:51:20.152326,Sitapura Industrial,602.02,117.56,76.9
2026-07-11 12:51:20.152326,Sitapura Industrial,579.77,128.76,71.6
2026-07-11 13:51:20.152326,Sitapura Industrial,684.23,129.52,88.0
2026-07-11 14:51:20.152326,Sitapura Industrial,661.85,126.49,85.0
2026-07-11 15:51:20.152326,Sitapura Industrial,611.33,113.32,79.0
2026-07-11 16:51:20.152326,Sitapura Industrial,574.59,94.16,76.3
2026-07-11 17:51:20.152326,Sitapura Industrial,656.53,45.8,96.9
2026-07-11 18:51:20.152326,Sitapura Industrial,678.39,28.85,103.1
2026-07-11 19:51:20.152326,Sitapura Industrial,303.55,11.7,46.3
2026-07-11 20:51:20.152326,Sitapura Industrial,291.87,7.09,45.2
2026-07-11 21:51:20.152326,Sitapura Industrial,304.11,2.54,47.9
2026-07-11 22:51:20.152326,Sitapura Industrial,310.72,0.72,49.2
2026-07-11 23:51:20.152326,Sitapura Industrial,309.42,0.29,49.1
2026-07-12 00:51:20.152326,Sitapura Industrial,305.38,0.0,48.5
2026-07-12 01:51:20.152326,Sitapura Industrial,304.07,0.01,48.3
2026-07-12 02:51:20.152326,Sitapura Industrial,295.73,0.05,46.9
2026-07-12 03:51:20.152326,Sitapura Industrial,331.28,0.24,52.5
2026-07-12 04:51:20.152326,Sitapura Industrial,352.75,0.74,55.9
2026-07-12 05:51:20.152326,Sitapura Industrial,314.95,2.41,49.6
2026-07-12 06:51:20.152326,Sitapura Industrial,304.77,5.43,47.5
2026-07-12 07:51:20.152326,Sitapura Industrial,306.22,14.57,46.3
2026-07-12 08:51:20.152326,Sitapura Industrial,631.15,31.98,95.1
2026-07-12 09:51:20.152326,Sitapura Industrial,634.08,45.71,93.4
2026-07-12 10:51:20.152326,Sitapura Industrial,606.09,73.45,84.5
2026-07-12 11:51:20.152326,Sitapura Industrial,654.18,118.2,85.1
2026-07-12 12:51:20.152326,Sitapura Industrial,662.19,121.74,85.8
2026-07-12 13:51:20.152326,Sitapura Industrial,611.6,134.48,75.7
2026-07-12 14:51:20.152326,Sitapura Industrial,584.65,156.24,68.0
2026-07-12 15:51:20.152326,Sitapura Industrial,601.56,105.35,78.8
2026-07-12 16:51:20.152326,Sitapura Industrial,625.65,81.89,86.3
2026-07-12 17:51:20.152326,Sitapura Industrial,560.59,49.86,81.1
2026-07-12 18:51:20.152326,Sitapura Industrial,651.22,27.57,99.0
2026-07-12 19:51:20.152326,Sitapura Industrial,352.49,13.06,53.9
2026-07-12 20:51:20.152326,Sitapura Industrial,299.15,5.4,46.6
2026-07-12 21:51:20.152326,Sitapura Industrial,297.41,2.73,46.8
2026-07-12 22:51:20.152326,Sitapura Industrial,322.88,0.75,51.1
2026-07-12 23:51:20.152326,Sitapura Industrial,312.69,0.19,49.6
2026-07-13 00:51:20.152326,Sitapura Industrial,295.61,0.0,46.9
2026-07-13 01:51:20.152326,Sitapura Industrial,315.17,0.02,50.0
2026-07-13 02:51:20.152326,Sitapura Industrial,328.88,0.08,52.2
2026-07-13 03:51:20.152326,Sitapura Industrial,314.18,0.3,49.8
2026-07-13 04:51:20.152326,Sitapura Industrial,324.4,0.91,51.3
2026-07-13 05:51:20.152326,Sitapura Industrial,347.14,2.62,54.7
2026-07-13 06:51:20.152326,Sitapura Industrial,335.11,6.72,52.1
2026-07-13 07:51:20.152326,Sitapura Industrial,322.35,18.74,48.2
2026-07-13 08:51:20.152326,Sitapura Industrial,627.45,39.76,93.3
2026-07-13 09:51:20.152326,Sitapura Industrial,600.31,60.38,85.7
2026-07-13 10:51:20.152326,Sitapura Industrial,601.47,119.93,76.4
2026-07-13 11:51:20.152326,Sitapura Industrial,606.37,105.93,79.4
2026-07-13 12:51:20.152326,Sitapura Industrial,628.21,162.76,73.9
2026-07-13 13:51:20.152326,Sitapura Industrial,622.49,171.61,71.6
2026-07-13 14:51:20.152326,Sitapura Industrial,649.38,170.49,76.0
2026-07-13 15:51:20.152326,Sitapura Industrial,681.0,148.48,84.5
2026-07-13 16:51:20.152326,Sitapura Industrial,636.21,88.6,86.9
2026-07-13 17:51:20.152326,Sitapura Industrial,619.41,74.92,86.4
2026-07-13 18:51:20.152326,Sitapura Industrial,671.37,33.27,101.3
2026-07-13 19:51:20.152326,Sitapura Industrial,308.58,20.82,45.7
2026-07-13 20:51:20.152326,Sitapura Industrial,328.59,7.67,50.9
2026-07-13 21:51:20.152326,Sitapura Industrial,323.49,3.09,50.9
2026-07-13 22:51:20.152326,Sitapura Industrial,292.25,1.1,46.2
2026-07-13 23:51:20.152326,Sitapura Industrial,319.41,0.34,50.6
2026-07-14 00:51:20.152326,Sitapura Industrial,282.91,0.0,44.9
2026-07-14 01:51:20.152326,Sitapura Industrial,302.46,0.02,48.0
2026-07-14 02:51:20.152326,Sitapura Industrial,342.04,0.08,54.3
2026-07-14 03:51:20.152326,Sitapura Industrial,331.46,0.3,52.6
2026-07-14 04:51:20.152326,Sitapura Industrial,314.64,1.15,49.8
2026-07-14 05:51:20.152326,Sitapura Industrial,313.18,3.3,49.2
2026-07-14 06:51:20.152326,Sitapura Industrial,343.91,7.01,53.5
2026-07-14 07:51:20.152326,Sitapura Industrial,318.33,21.23,47.2
2026-07-14 08:51:20.152326,Sitapura Industrial,657.03,42.18,97.6
2026-07-14 09:51:20.152326,Sitapura Industrial,664.97,56.55,96.6
2026-07-14 10:51:20.152326,Sitapura Industrial,578.24,128.62,71.4
2026-07-14 11:51:20.152326,Sitapura Industrial,599.65,142.0,72.6
2026-07-14 12:51:20.152326,Sitapura Industrial,674.79,162.13,81.4
2026-07-14 13:51:20.152326,Sitapura Industrial,642.61,188.58,72.1
2026-07-14 14:51:20.152326,Sitapura Industrial,645.06,209.1,69.2
2026-07-14 15:51:20.152326,Sitapura Industrial,576.52,173.05,64.0
2026-07-14 16:51:20.152326,Sitapura Industrial,651.29,91.21,88.9
2026-07-14 17:51:20.152326,Sitapura Industrial,669.42,61.47,96.5
2026-07-14 18:51:20.152326,Sitapura Industrial,632.05,41.59,93.7
2026-07-14 19:51:20.152326,Sitapura Industrial,318.55,19.45,47.5
2026-07-14 20:51:20.152326,Sitapura Industrial,307.02,8.08,47.5
2026-07-14 21:51:20.152326,Sitapura Industrial,325.35,3.45,51.1
2026-07-14 22:51:20.152326,Sitapura Industrial,335.12,1.05,53.0
2026-07-14 23:51:20.152326,Sitapura Industrial,313.44,0.35,49.7
2026-07-15 00:51:20.152326,Sitapura Industrial,313.07,0.0,49.7
2026-07-15 01:51:20.152326,Sitapura Industrial,306.63,0.02,48.7
2026-07-15 02:51:20.152326,Sitapura Industrial,304.53,0.08,48.3
2026-07-15 03:51:20.152326,Sitapura Industrial,326.63,0.33,51.8
2026-07-15 04:51:20.152326,Sitapura Industrial,314.3,1.17,49.7
2026-07-15 05:51:20.152326,Sitapura Industrial,337.45,3.48,53.0
2026-07-15 06:51:20.152326,Sitapura Industrial,303.21,8.85,46.7
2026-07-15 07:51:20.152326,Sitapura Industrial,317.43,19.26,47.3
2026-07-15 08:51:20.152326,Sitapura Industrial,642.26,43.67,95.0
2026-07-15 09:51:20.152326,Sitapura Industrial,645.34,70.95,91.2
2026-07-15 10:51:20.152326,Sitapura Industrial,632.78,102.13,84.2
2026-07-15 11:51:20.152326,Sitapura Industrial,625.86,154.54,74.8
2026-07-15 12:51:20.152326,Sitapura Industrial,600.36,225.72,59.5
2026-07-15 13:51:20.152326,Sitapura Industrial,595.96,191.98,64.1
2026-07-15 14:51:20.152326,Sitapura Industrial,614.9,189.97,67.4
2026-07-15 15:51:20.152326,Sitapura Industrial,646.85,134.8,81.3
2026-07-15 16:51:20.152326,Sitapura Industrial,611.29,101.13,81.0
2026-07-15 17:51:20.152326,Sitapura Industrial,616.49,69.71,86.8
2026-07-15 18:51:20.152326,Sitapura Industrial,646.09,37.68,96.6
2026-07-15 19:51:20.152326,Sitapura Industrial,311.15,25.39,45.4
2026-07-15 20:51:20.152326,Sitapura Industrial,305.21,9.32,47.0
2026-07-15 21:51:20.152326,Sitapura Industrial,321.23,3.27,50.5
2026-07-15 22:51:20.152326,Sitapura Industrial,307.29,1.14,48.6
2026-07-15 23:51:20.152326,Sitapura Industrial,274.6,0.25,43.5
2026-07-16 00:51:20.152326,Sitapura Industrial,319.28,0.0,50.7
2026-07-16 01:51:20.152326,Sitapura Industrial,308.46,0.02,49.0
2026-07-16 02:51:20.152326,Sitapura Industrial,328.94,0.08,52.2
2026-07-16 03:51:20.152326,Sitapura Industrial,315.8,0.3,50.1
2026-07-16 04:51:20.152326,Sitapura Industrial,298.59,1.19,47.2
2026-07-16 05:51:20.152326,Sitapura Industrial,328.63,3.08,51.7
2026-07-16 06:51:20.152326,Sitapura Industrial,313.67,8.59,48.4
2026-07-16 07:51:20.152326,Sitapura Industrial,323.72,17.29,48.6
2026-07-16 08:51:20.152326,Sitapura Industrial,619.24,30.56,93.4
2026-07-16 09:51:20.152326,Sitapura Industrial,618.15,69.26,87.1
2026-07-16 10:51:20.152326,Sitapura Industrial,529.79,112.3,66.3
2026-07-16 11:51:20.152326,Sitapura Industrial,660.33,135.94,83.2
2026-07-16 12:51:20.152326,Sitapura Industrial,652.69,202.56,71.4
2026-07-16 13:51:20.152326,Sitapura Industrial,557.88,228.36,52.3
2026-07-16 14:51:20.152326,Sitapura Industrial,644.93,188.62,72.4
2026-07-16 15:51:20.152326,Sitapura Industrial,631.09,139.65,78.0
2026-07-16 16:51:20.152326,Sitapura Industrial,588.17,117.81,74.7
2026-07-16 17:51:20.152326,Sitapura Industrial,546.51,66.45,76.2
2026-07-16 18:51:20.152326,Sitapura Industrial,598.26,38.07,88.9
2026-07-16 19:51:20.152326,Sitapura Industrial,313.59,20.55,46.5
2026-07-16 20:51:20.152326,Sitapura Industrial,281.49,7.98,43.4
2026-07-16 21:51:20.152326,Sitapura Industrial,293.37,3.29,46.0
2026-07-16 22:51:20.152326,Sitapura Industrial,319.09,1.02,50.5
2026-07-16 23:51:20.152326,Sitapura Industrial,318.76,0.36,50.5
2026-07-17 00:51:20.152326,Sitapura Industrial,330.03,0.0,52.4
2026-07-17 01:51:20.152326,Sitapura Industrial,309.3,0.02,49.1
2026-07-17 02:51:20.152326,Sitapura Industrial,311.41,0.09,49.4
2026-07-17 03:51:20.152326,Sitapura Industrial,288.57,0.33,45.8
2026-07-17 04:51:20.152326,Sitapura Industrial,288.56,1.02,45.6
2026-07-17 05:51:20.152326,Sitapura Industrial,331.0,3.03,52.1
2026-07-17 06:51:20.152326,Sitapura Industrial,334.19,7.51,51.9
2026-07-17 07:51:20.152326,Sitapura Industrial,342.2,18.46,51.4
2026-07-17 08:51:20.152326,Sitapura Industrial,578.57,37.06,86.0
2026-07-17 09:51:20.152326,Sitapura Industrial,705.24,70.86,100.7
2026-07-17 10:51:20.152326,Sitapura Industrial,628.25,86.77,85.9
2026-07-17 11:51:20.152326,Sitapura Industrial,699.63,139.34,88.9
2026-07-17 12:51:20.152326,Sitapura Industrial,578.88,175.73,64.0
2026-07-17 13:51:20.152326,Sitapura Industrial,638.08,173.37,73.8
2026-07-17 14:51:20.152326,Sitapura Industrial,621.6,206.07,66.0
2026-07-17 15:51:20.152326,Sitapura Industrial,648.86,142.99,80.3
2026-07-17 16:51:20.152326,Sitapura Industrial,665.84,97.15,90.3
2026-07-17 17:51:20.152326,Sitapura Industrial,656.52,75.45,92.2
2026-07-17 18:51:20.152326,Sitapura Industrial,694.23,41.03,103.7
2026-07-17 19:51:20.152326,Sitapura Industrial,316.67,16.35,47.7
2026-07-17 20:51:20.152326,Sitapura Industrial,273.09,9.55,41.8
2026-07-17 21:51:20.152326,Sitapura Industrial,329.0,3.33,51.7
2026-07-17 22:51:20.152326,Sitapura Industrial,306.39,1.08,48.5
2026-07-17 23:51:20.152326,Sitapura Industrial,296.32,0.36,47.0
2026-07-18 00:51:20.152326,Sitapura Industrial,300.34,0.0,47.7
2026-07-18 01:51:20.152326,Sitapura Industrial,300.3,0.01,47.7
2026-07-18 02:51:20.152326,Sitapura Industrial,322.46,0.05,51.2
2026-07-18 03:51:20.152326,Sitapura Industrial,301.18,0.23,47.8
2026-07-18 04:51:20.152326,Sitapura Industrial,311.46,0.76,49.3
2026-07-18 05:51:20.152326,Sitapura Industrial,296.48,2.63,46.6
2026-07-18 06:51:20.152326,Sitapura Industrial,349.21,6.5,54.4
2026-07-18 07:51:20.152326,Sitapura Industrial,306.27,11.41,46.8
2026-07-18 08:51:20.152326,Sitapura Industrial,636.77,25.13,97.1
2026-07-18 09:51:20.152326,Sitapura Industrial,637.58,43.72,94.3
2026-07-18 10:51:20.152326,Sitapura Industrial,597.9,89.25,80.7
2026-07-18 11:51:20.152326,Sitapura Industrial,683.92,114.43,90.4
2026-07-18 12:51:20.152326,Sitapura Industrial,586.58,147.0,69.8
2026-07-18 13:51:20.152326,Sitapura Industrial,588.77,141.25,71.0
2026-07-18 14:51:20.152326,Sitapura Industrial,676.82,134.14,86.1
2026-07-18 15:51:20.152326,Sitapura Industrial,657.68,115.46,86.1
2026-07-18 16:51:20.152326,Sitapura Industrial,680.74,83.4,94.8
2026-07-18 17:51:20.152326,Sitapura Industrial,606.91,46.79,88.9
2026-07-18 18:51:20.152326,Sitapura Industrial,596.03,27.7,90.2
2026-07-18 19:51:20.152326,Sitapura Industrial,305.28,16.11,45.9
2026-07-18 20:51:20.152326,Sitapura Industrial,318.15,7.42,49.3
2026-07-18 21:51:20.152326,Sitapura Industrial,301.61,2.57,47.5
2026-07-18 22:51:20.152326,Sitapura Industrial,308.22,0.75,48.8
2026-07-18 23:51:20.152326,Sitapura Industrial,293.14,0.26,46.5
2026-07-19 00:51:20.152326,Sitapura Industrial,313.17,0.0,49.7
2026-07-19 01:51:20.152326,Sitapura Industrial,330.95,0.02,52.5
2026-07-19 02:51:20.152326,Sitapura Industrial,318.16,0.07,50.5
2026-07-19 03:51:20.152326,Sitapura Industrial,324.52,0.22,51.5
2026-07-19 04:51:20.152326,Sitapura Industrial,303.96,0.74,48.1
2026-07-19 05:51:20.152326,Sitapura Industrial,339.78,2.34,53.6
2026-07-19 06:51:20.152326,Sitapura Industrial,330.4,6.37,51.4
2026-07-19 07:51:20.152326,Sitapura Industrial,281.72,13.17,42.6
2026-07-19 08:51:20.152326,Sitapura Industrial,585.74,30.2,88.2
2026-07-19 09:51:20.152326,Sitapura Industrial,619.5,38.82,92.2
2026-07-19 10:51:20.152326,Sitapura Industrial,598.48,69.41,84.0
2026-07-19 11:51:20.152326,Sitapura Industrial,597.25,105.76,78.0
2026-07-19 12:51:20.152326,Sitapura Industrial,636.15,133.54,79.8
2026-07-19 13:51:20.152326,Sitapura Industrial,569.8,147.17,67.1
2026-07-19 14:51:20.152326,Sitapura Industrial,608.05,144.31,73.6
2026-07-19 15:51:20.152326,Sitapura Industrial,621.06,108.16,81.4
2026-07-19 16:51:20.152326,Sitapura Industrial,567.5,81.07,77.2
2026-07-19 17:51:20.152326,Sitapura Industrial,645.08,55.09,93.6
2026-07-19 18:51:20.152326,Sitapura Industrial,678.85,28.43,103.2
2026-07-19 19:51:20.152326,Sitapura Industrial,300.05,14.43,45.3
2026-07-19 20:51:20.152326,Sitapura Industrial,309.68,6.21,48.2
2026-07-19 21:51:20.152326,Sitapura Industrial,316.48,2.63,49.8
2026-07-19 22:51:20.152326,Sitapura Industrial,320.62,0.87,50.8
2026-07-19 23:51:20.152326,Sitapura Industrial,280.95,0.24,44.6
2026-07-20 00:51:20.152326,Sitapura Industrial,291.95,0.0,46.3
2026-07-20 01:51:20.152326,Sitapura Industrial,299.72,0.02,47.6
2026-07-20 02:51:20.152326,Sitapura Industrial,305.71,0.07,48.5
2026-07-20 03:51:20.152326,Sitapura Industrial,328.97,0.35,52.2
2026-07-20 04:51:20.152326,Sitapura Industrial,297.7,1.12,47.1
2026-07-20 05:51:20.152326,Sitapura Industrial,302.18,3.01,47.5
2026-07-20 06:51:20.152326,Sitapura Industrial,308.62,8.48,47.6
2026-07-20 07:51:20.152326,Sitapura Industrial,307.0,18.69,45.8
2026-07-20 08:51:20.152326,Sitapura Industrial,611.21,35.28,91.4
2026-07-20 09:51:20.152326,Sitapura Industrial,614.91,61.69,87.8
2026-07-20 10:51:20.152326,Sitapura Industrial,602.87,85.27,82.2
2026-07-20 11:51:20.152326,Sitapura Industrial,647.72,137.92,80.9
2026-07-20 12:51:20.152326,Sitapura Industrial,624.11,148.78,75.4
2026-07-20 13:51:20.152326,Sitapura Industrial,645.1,135.08,81.0
2026-07-20 14:51:20.152326,Sitapura Industrial,652.65,167.01,77.1
2026-07-20 15:51:20.152326,Sitapura Industrial,641.51,128.47,81.4
2026-07-20 16:51:20.152326,Sitapura Industrial,732.11,106.1,99.4
2026-07-20 17:51:20.152326,Sitapura Industrial,564.66,72.51,78.1
2026-07-20 18:51:20.152326,Sitapura Industrial,664.47,32.81,100.3
2026-07-20 19:51:20.152326,Sitapura Industrial,293.55,18.08,43.7
2026-07-20 20:51:20.152326,Sitapura Industrial,296.16,7.83,45.8
2026-07-20 21:51:20.152326,Sitapura Industrial,302.42,2.93,47.5
2026-07-20 22:51:20.152326,Sitapura Industrial,309.89,0.97,49.0
2026-07-20 23:51:20.152326,Sitapura Industrial,339.98,0.3,53.9
2026-07-21 00:51:20.152326,Sitapura Industrial,338.42,0.0,53.7
2026-07-21 01:51:20.152326,Sitapura Industrial,288.02,0.02,45.7
2026-07-21 02:51:20.152326,Sitapura Industrial,341.28,0.08,54.2
2026-07-21 03:51:20.152326,Sitapura Industrial,350.04,0.32,55.5
2026-07-21 04:51:20.152326,Sitapura Industrial,322.65,1.05,51.0
2026-07-21 05:51:20.152326,Sitapura Industrial,322.06,2.95,50.7
2026-07-21 06:51:20.152326,Sitapura Industrial,294.26,8.86,45.3
2026-07-21 07:51:20.152326,Sitapura Industrial,311.27,14.59,47.1
2026-07-21 08:51:20.152326,Sitapura Industrial,635.58,34.96,95.3
2026-07-21 09:51:20.152326,Sitapura Industrial,632.11,64.08,90.2
2026-07-21 10:51:20.152326,Sitapura Industrial,655.74,100.64,88.1
2026-07-21 11:51:20.152326,Sitapura Industrial,630.43,154.97,75.5
2026-07-21 12:51:20.152326,Sitapura Industrial,654.78,163.13,78.0
2026-07-21 13:51:20.152326,Sitapura Industrial,636.03,198.09,69.5
2026-07-21 14:51:20.152326,Sitapura Industrial,648.65,161.84,77.3
2026-07-21 15:51:20.152326,Sitapura Industrial,656.38,163.16,78.3
2026-07-21 16:51:20.152326,Sitapura Industrial,632.09,116.43,81.9
2026-07-21 17:51:20.152326,Sitapura Industrial,652.09,76.42,91.4
2026-07-21 18:51:20.152326,Sitapura Industrial,656.81,45.63,97.0
2026-07-21 19:51:20.152326,Sitapura Industrial,299.12,19.72,44.4
2026-07-21 20:51:20.152326,Sitapura Industrial,310.4,7.48,48.1
2026-07-21 21:51:20.152326,Sitapura Industrial,300.22,3.45,47.1
2026-07-21 22:51:20.152326,Sitapura Industrial,292.69,0.91,46.3
2026-07-21 23:51:20.152326,Sitapura Industrial,348.6,0.3,55.3
2026-07-22 00:51:20.152326,Sitapura Industrial,304.87,0.0,48.4
2026-07-22 01:51:20.152326,Sitapura Industrial,318.02,0.02,50.5
2026-07-22 02:51:20.152326,Sitapura Industrial,322.02,0.08,51.1
2026-07-22 03:51:20.152326,Sitapura Industrial,307.74,0.31,48.8
2026-07-22 04:51:20.152326,Sitapura Industrial,316.2,1.32,50.0
2026-07-22 05:51:20.152326,Sitapura Industrial,360.75,3.75,56.7
2026-07-22 06:51:20.152326,Sitapura Industrial,330.63,8.11,51.2
2026-07-22 07:51:20.152326,Sitapura Industrial,320.28,19.54,47.7
2026-07-22 08:51:20.152326,Sitapura Industrial,659.95,32.12,99.7
2026-07-22 09:51:20.152326,Sitapura Industrial,645.01,71.79,91.0
2026-07-22 10:51:20.152326,Sitapura Industrial,633.46,96.23,85.3
2026-07-22 11:51:20.152326,Sitapura Industrial,629.28,127.05,79.7
2026-07-22 12:51:20.152326,Sitapura Industrial,707.39,193.71,81.5
2026-07-22 13:51:20.152326,Sitapura Industrial,643.3,179.67,73.6
2026-07-22 14:51:20.152326,Sitapura Industrial,621.4,173.07,71.2
2026-07-22 15:51:20.152326,Sitapura Industrial,600.05,118.25,76.5
2026-07-22 16:51:20.152326,Sitapura Industrial,602.28,112.67,77.7
2026-07-22 17:51:20.152326,Sitapura Industrial,611.41,62.58,87.1
2026-07-22 18:51:20.152326,Sitapura Industrial,603.26,33.99,90.4
2026-07-22 19:51:20.152326,Sitapura Industrial,321.39,14.38,48.7
2026-07-22 20:51:20.152326,Sitapura Industrial,309.85,7.52,48.0
2026-07-22 21:51:20.152326,Sitapura Industrial,320.61,3.35,50.4
2026-07-22 22:51:20.152326,Sitapura Industrial,307.02,0.91,48.6
2026-07-22 23:51:20.152326,Sitapura Industrial,288.48,0.36,45.7
2026-07-23 00:51:20.152326,Sitapura Industrial,333.6,0.0,53.0
2026-07-23 01:51:20.152326,Sitapura Industrial,324.23,0.02,51.5
2026-07-23 02:51:20.152326,Sitapura Industrial,305.96,0.09,48.6
2026-07-23 03:51:20.152326,Sitapura Industrial,284.62,0.3,45.1
2026-07-23 04:51:20.152326,Sitapura Industrial,319.16,1.09,50.5
2026-07-23 05:51:20.152326,Sitapura Industrial,323.97,2.95,51.0
2026-07-23 06:51:20.152326,Sitapura Industrial,326.39,7.9,50.6
2026-07-23 07:51:20.152326,Sitapura Industrial,292.04,17.38,43.6
2026-07-23 08:51:20.152326,Sitapura Industrial,686.78,39.41,102.8
2026-07-23 09:51:20.152326,Sitapura Industrial,681.86,73.54,96.6
2026-07-23 10:51:20.152326,Sitapura Industrial,625.7,124.33,79.6
2026-07-23 11:51:20.152326,Sitapura Industrial,679.4,149.92,84.0
2026-07-23 12:51:20.152326,Sitapura Industrial,622.43,162.99,72.9
2026-07-23 13:51:20.152326,Sitapura Industrial,654.6,208.96,70.7
2026-07-23 14:51:20.152326,Sitapura Industrial,563.89,179.13,61.1
2026-07-23 15:51:20.152326,Sitapura Industrial,589.14,150.01,69.7
2026-07-23 16:51:20.152326,Sitapura Industrial,632.2,83.02,87.2
2026-07-23 17:51:20.152326,Sitapura Industrial,682.22,65.2,97.9
2026-07-23 18:51:20.152326,Sitapura Industrial,601.45,37.52,89.5
2026-07-23 19:51:20.152326,Sitapura Industrial,328.55,15.52,49.7
2026-07-23 20:51:20.152326,Sitapura Industrial,320.39,9.04,49.4
2026-07-23 21:51:20.152326,Sitapura Industrial,284.0,3.56,44.5
2026-07-23 22:51:20.152326,Sitapura Industrial,320.33,1.26,50.6
2026-07-23 23:51:20.152326,Sitapura Industrial,337.06,0.32,53.5
2026-07-24 00:51:20.152326,Sitapura Industrial,332.65,0.0,52.8
2026-07-24 01:51:20.152326,Sitapura Industrial,324.34,0.02,51.5
2026-07-24 02:51:20.152326,Sitapura Industrial,311.35,0.09,49.4
2026-07-24 03:51:20.152326,Sitapura Industrial,346.94,0.29,55.0
2026-07-24 04:51:20.152326,Sitapura Industrial,290.37,1.17,45.9
2026-07-24 05:51:20.152326,Sitapura Industrial,322.33,3.32,50.6
2026-07-24 06:51:20.152326,Sitapura Industrial,344.43,9.04,53.2
2026-07-24 07:51:20.152326,Sitapura Industrial,278.27,18.33,41.3
2026-07-24 08:51:20.152326,Sitapura Industrial,598.65,33.97,89.6
2026-07-24 09:51:20.152326,Sitapura Industrial,636.24,63.0,91.0
2026-07-24 10:51:20.152326,Sitapura Industrial,595.21,103.99,78.0
2026-07-24 11:51:20.152326,Sitapura Industrial,696.03,150.52,86.6
2026-07-24 12:51:20.152326,Sitapura Industrial,739.99,138.89,95.4
2026-07-24 13:51:20.152326,Sitapura Industrial,629.42,164.91,73.7
2026-07-24 14:51:20.152326,Sitapura Industrial,637.19,154.98,76.5
2026-07-24 15:51:20.152326,Sitapura Industrial,600.19,166.33,68.9
2026-07-24 16:51:20.152326,Sitapura Industrial,685.32,114.45,90.6
2026-07-24 17:51:20.152326,Sitapura Industrial,590.78,70.6,82.6
2026-07-24 18:51:20.152326,Sitapura Industrial,648.48,40.21,96.6
2026-07-24 19:51:20.152326,Sitapura Industrial,319.6,17.89,47.9
2026-07-24 20:51:20.152326,Sitapura Industrial,313.26,8.33,48.4
2026-07-24 21:51:20.152326,Sitapura Industrial,320.73,3.2,50.4
2026-07-24 22:51:20.152326,Sitapura Industrial,302.74,1.09,47.9
2026-07-24 23:51:20.152326,Sitapura Industrial,302.12,0.31,47.9
2026-07-25 00:51:20.152326,Sitapura Industrial,266.55,0.0,42.3
2026-07-25 01:51:20.152326,Sitapura Industrial,332.68,0.01,52.8
2026-07-25 02:51:20.152326,Sitapura Industrial,309.32,0.07,49.1
2026-07-25 03:51:20.152326,Sitapura Industrial,282.18,0.24,44.8
2026-07-25 04:51:20.152326,Sitapura Industrial,337.49,0.8,53.4
2026-07-25 05:51:20.152326,Sitapura Industrial,322.41,2.23,50.8
2026-07-25 06:51:20.152326,Sitapura Industrial,329.67,6.33,51.3
2026-07-25 07:51:20.152326,Sitapura Industrial,322.91,14.53,48.9
2026-07-25 08:51:20.152326,Sitapura Industrial,690.15,24.34,105.7
2026-07-25 09:51:20.152326,Sitapura Industrial,665.67,45.79,98.4
2026-07-25 10:51:20.152326,Sitapura Industrial,664.69,80.65,92.7
2026-07-25 11:51:20.152326,Sitapura Industrial,617.79,105.54,81.3
2026-07-25 12:51:20.152326,Sitapura Industrial,606.19,144.12,73.3
2026-07-25 13:51:20.152326,Sitapura Industrial,632.06,147.85,76.9
2026-07-25 14:51:20.152326,Sitapura Industrial,601.44,114.06,77.4
2026-07-25 15:51:20.152326,Sitapura Industrial,599.7,106.19,78.3
2026-07-25 16:51:20.152326,Sitapura Industrial,589.0,78.61,81.0
2026-07-25 17:51:20.152326,Sitapura Industrial,642.27,57.75,92.8
2026-07-25 18:51:20.152326,Sitapura Industrial,603.32,29.58,91.1
2026-07-25 19:51:20.152326,Sitapura Industrial,356.86,13.92,54.4
2026-07-25 20:51:20.152326,Sitapura Industrial,353.32,6.9,55.0
2026-07-25 21:51:20.152326,Sitapura Industrial,320.43,2.27,50.5
2026-07-25 22:51:20.152326,Sitapura Industrial,321.09,0.92,50.8
2026-07-25 23:51:20.152326,Sitapura Industrial,322.82,0.2,51.2
2026-07-26 00:51:20.152326,Sitapura Industrial,304.57,0.0,48.3
2026-07-26 01:51:20.152326,Sitapura Industrial,335.43,0.02,53.2
2026-07-26 02:51:20.152326,Sitapura Industrial,312.4,0.06,49.6
2026-07-26 03:51:20.152326,Sitapura Industrial,321.6,0.26,51.0
2026-07-26 04:51:20.152326,Sitapura Industrial,307.31,0.82,48.6
2026-07-26 05:51:20.152326,Sitapura Industrial,336.97,2.71,53.1
2026-07-26 06:51:20.152326,Sitapura Industrial,292.67,6.2,45.5
2026-07-26 07:51:20.152326,Sitapura Industrial,311.18,14.57,47.1
2026-07-26 08:51:20.152326,Sitapura Industrial,678.11,25.95,103.5
2026-07-26 09:51:20.152326,Sitapura Industrial,635.5,39.28,94.6
2026-07-26 10:51:20.152326,Sitapura Industrial,631.08,71.97,88.7
2026-07-26 11:51:20.152326,Sitapura Industrial,611.01,117.47,78.3
2026-07-26 12:51:20.152326,Sitapura Industrial,629.13,136.74,78.2
2026-07-26 13:51:20.152326,Sitapura Industrial,626.33,113.18,81.5
2026-07-26 14:51:20.152326,Sitapura Industrial,696.75,135.59,89.1
2026-07-26 15:51:20.152326,Sitapura Industrial,640.4,98.99,85.9
2026-07-26 16:51:20.152326,Sitapura Industrial,608.62,73.42,85.0
2026-07-26 17:51:20.152326,Sitapura Industrial,567.96,53.53,81.7
2026-07-26 18:51:20.152326,Sitapura Industrial,525.52,26.65,79.2
2026-07-26 19:51:20.152326,Sitapura Industrial,339.92,15.22,51.5
2026-07-26 20:51:20.152326,Sitapura Industrial,333.87,5.68,52.1
2026-07-26 21:51:20.152326,Sitapura Industrial,315.42,1.93,49.8
2026-07-26 22:51:20.152326,Sitapura Industrial,312.41,0.84,49.5
2026-07-26 23:51:20.152326,Sitapura Industrial,310.58,0.25,49.3
2026-07-27 00:51:20.152326,Sitapura Industrial,299.25,0.0,47.5
2026-07-27 01:51:20.152326,Sitapura Industrial,298.57,0.02,47.4
2026-07-27 02:51:20.152326,Sitapura Industrial,332.43,0.09,52.8
2026-07-27 03:51:20.152326,Sitapura Industrial,285.3,0.31,45.2
2026-07-27 04:51:20.152326,Sitapura Industrial,288.94,0.94,45.7
2026-07-27 05:51:20.152326,Sitapura Industrial,322.24,3.65,50.6
2026-07-27 06:51:20.152326,Sitapura Industrial,320.56,8.5,49.5
2026-07-27 07:51:20.152326,Sitapura Industrial,324.17,15.43,49.0
2026-07-27 08:51:20.152326,Sitapura Industrial,608.68,34.06,91.2
2026-07-27 09:51:20.152326,Sitapura Industrial,628.67,69.96,88.7
2026-07-27 10:51:20.152326,Sitapura Industrial,695.47,105.24,93.7
2026-07-27 11:51:20.152326,Sitapura Industrial,640.98,151.31,77.7
2026-07-27 12:51:20.152326,Sitapura Industrial,663.47,171.2,78.1
2026-07-27 13:51:20.152326,Sitapura Industrial,656.75,201.52,72.3
2026-07-27 14:51:20.152326,Sitapura Industrial,626.08,200.46,67.6
2026-07-27 15:51:20.152326,Sitapura Industrial,588.55,136.18,71.8
2026-07-27 16:51:20.152326,Sitapura Industrial,611.38,93.47,82.2
2026-07-27 17:51:20.152326,Sitapura Industrial,585.55,59.94,83.4
2026-07-27 18:51:20.152326,Sitapura Industrial,689.4,36.05,103.7
2026-07-27 19:51:20.152326,Sitapura Industrial,324.67,15.33,49.1
2026-07-27 20:51:20.152326,Sitapura Industrial,291.08,8.7,44.8
2026-07-27 21:51:20.152326,Sitapura Industrial,301.37,3.1,47.3
2026-07-27 22:51:20.152326,Sitapura Industrial,326.06,1.13,51.6
2026-07-27 23:51:20.152326,Sitapura Industrial,334.98,0.34,53.1
2026-07-28 00:51:20.152326,Sitapura Industrial,341.71,0.0,54.2
2026-07-28 01:51:20.152326,Sitapura Industrial,336.4,0.02,53.4
2026-07-28 02:51:20.152326,Sitapura Industrial,324.22,0.08,51.5
2026-07-28 03:51:20.152326,Sitapura Industrial,304.41,0.31,48.3
2026-07-28 04:51:20.152326,Sitapura Industrial,345.23,1.24,54.6
2026-07-28 05:51:20.152326,Sitapura Industrial,261.43,2.8,41.1
2026-07-28 06:51:20.152326,Sitapura Industrial,326.0,7.85,50.5
2026-07-28 07:51:20.152326,Sitapura Industrial,289.98,19.28,43.0
2026-07-28 08:51:20.152326,Sitapura Industrial,621.81,37.48,92.7
2026-07-28 09:51:20.152326,Sitapura Industrial,679.04,66.95,97.2
2026-07-28 10:51:20.152326,Sitapura Industrial,680.19,91.65,93.4
2026-07-28 11:51:20.152326,Sitapura Industrial,568.86,150.89,66.3
2026-07-28 12:51:20.152326,Sitapura Industrial,610.69,162.15,71.2
2026-07-28 13:51:20.152326,Sitapura Industrial,629.63,184.03,70.7
2026-07-28 14:51:20.152326,Sitapura Industrial,635.44,161.33,75.3
2026-07-28 15:51:20.152326,Sitapura Industrial,625.26,147.97,75.8
2026-07-28 16:51:20.152326,Sitapura Industrial,636.97,106.69,84.2
2026-07-28 17:51:20.152326,Sitapura Industrial,623.04,64.59,88.6
2026-07-28 18:51:20.152326,Sitapura Industrial,694.39,38.94,104.0
2026-07-28 19:51:20.152326,Sitapura Industrial,334.9,17.28,50.4
2026-07-28 20:51:20.152326,Sitapura Industrial,312.49,8.71,48.2
2026-07-28 21:51:20.152326,Sitapura Industrial,319.76,3.14,50.3
2026-07-28 22:51:20.152326,Sitapura Industrial,357.48,0.88,56.6
2026-07-28 23:51:20.152326,Sitapura Industrial,274.74,0.33,43.6
2026-07-29 00:51:20.152326,Sitapura Industrial,309.81,0.0,49.2
2026-07-29 01:51:20.152326,Sitapura Industrial,304.93,0.02,48.4
2026-07-29 02:51:20.152326,Sitapura Industrial,316.19,0.08,50.2
2026-07-29 03:51:20.152326,Sitapura Industrial,318.47,0.33,50.5
2026-07-29 04:51:20.152326,Sitapura Industrial,303.55,1.02,48.0
2026-07-29 05:51:20.152326,Sitapura Industrial,324.9,2.83,51.1
2026-07-29 06:51:20.152326,Sitapura Industrial,318.43,9.38,49.1
2026-07-29 07:51:20.152326,Sitapura Industrial,298.55,17.25,44.7
2026-07-29 08:51:20.152326,Sitapura Industrial,619.43,40.48,91.9
2026-07-29 09:51:20.152326,Sitapura Industrial,623.57,75.54,87.0
2026-07-29 10:51:20.152326,Sitapura Industrial,621.56,110.0,81.2
2026-07-29 11:51:20.152326,Sitapura Industrial,557.33,152.95,64.2
2026-07-29 12:51:20.152326,Sitapura Industrial,601.54,189.89,65.3
2026-07-29 13:51:20.152326,Sitapura Industrial,651.97,190.01,73.3
2026-07-29 14:51:20.152326,Sitapura Industrial,629.39,172.92,72.5
2026-07-29 15:51:20.152326,Sitapura Industrial,637.98,151.59,77.2
2026-07-29 16:51:20.152326,Sitapura Industrial,605.57,110.68,78.6
2026-07-29 17:51:20.152326,Sitapura Industrial,611.64,61.46,87.3
2026-07-29 18:51:20.152326,Sitapura Industrial,655.35,43.46,97.1
2026-07-29 19:51:20.152326,Sitapura Industrial,320.0,17.52,48.0
2026-07-29 20:51:20.152326,Sitapura Industrial,326.87,7.66,50.7
2026-07-29 21:51:20.152326,Sitapura Industrial,329.19,2.62,51.8
2026-07-29 22:51:20.152326,Sitapura Industrial,307.79,1.01,48.7
2026-07-29 23:51:20.152326,Sitapura Industrial,300.88,0.3,47.7
2026-07-30 00:51:20.152326,Sitapura Industrial,308.51,0.0,49.0
2026-07-30 01:51:20.152326,Sitapura Industrial,315.1,0.02,50.0
2026-07-30 02:51:20.152326,Sitapura Industrial,341.29,0.09,54.2
2026-07-30 03:51:20.152326,Sitapura Industrial,338.34,0.34,53.7
2026-07-30 04:51:20.152326,Sitapura Industrial,318.63,1.16,50.4
2026-07-30 05:51:20.152326,Sitapura Industrial,289.08,3.37,45.4
2026-07-30 06:51:20.152326,Sitapura Industrial,315.0,9.11,48.6
2026-07-30 07:51:20.152326,Sitapura Industrial,303.55,20.82,44.9
2026-07-30 08:51:20.152326,Sitapura Industrial,509.29,37.62,74.9
2026-07-30 09:51:20.152326,Sitapura Industrial,676.74,59.64,98.0
2026-07-30 10:51:20.152326,Sitapura Industrial,675.66,97.24,91.8
2026-07-30 11:51:20.152326,Sitapura Industrial,632.12,121.14,81.1
2026-07-30 12:51:20.152326,Sitapura Industrial,583.43,165.12,66.4
2026-07-30 13:51:20.152326,Sitapura Industrial,586.41,174.88,65.3
2026-07-30 14:51:20.152326,Sitapura Industrial,672.46,209.69,73.5
2026-07-30 15:51:20.152326,Sitapura Industrial,577.73,164.6,65.6
2026-07-30 16:51:20.152326,Sitapura Industrial,684.94,102.99,92.4
2026-07-30 17:51:20.152326,Sitapura Industrial,638.91,56.73,92.4
2026-07-30 18:51:20.152326,Sitapura Industrial,631.8,38.14,94.2
2026-07-30 19:51:20.152326,Sitapura Industrial,296.13,18.31,44.1
2026-07-30 20:51:20.152326,Sitapura Industrial,322.26,8.73,49.8
2026-07-30 21:51:20.152326,Sitapura Industrial,317.67,2.8,50.0
2026-07-30 22:51:20.152326,Sitapura Industrial,315.61,0.92,50.0
2026-07-30 23:51:20.152326,Sitapura Industrial,326.21,0.31,51.7
2026-07-31 00:51:20.152326,Sitapura Industrial,335.84,0.0,53.3
2026-07-31 01:51:20.152326,Sitapura Industrial,311.53,0.02,49.4
2026-07-31 02:51:20.152326,Sitapura Industrial,314.26,0.09,49.9
2026-07-31 03:51:20.152326,Sitapura Industrial,322.77,0.31,51.2
2026-07-31 04:51:20.152326,Sitapura Industrial,309.96,1.04,49.0
2026-07-31 05:51:20.152326,Sitapura Industrial,304.52,2.83,47.9
2026-07-31 06:51:20.152326,Sitapura Industrial,301.83,7.11,46.8
2026-07-31 07:51:20.152326,Sitapura Industrial,298.65,17.56,44.6
2026-07-31 08:51:20.152326,Sitapura Industrial,586.25,39.07,86.9
2026-07-31 09:51:20.152326,Sitapura Industrial,639.71,74.7,89.7
2026-07-31 10:51:20.152326,Sitapura Industrial,560.16,115.65,70.6
2026-07-31 11:51:20.152326,Sitapura Industrial,578.84,146.18,68.7
2026-07-31 12:51:20.152326,Sitapura Industrial,616.07,188.04,67.9
2026-07-31 13:51:20.152326,Sitapura Industrial,645.27,138.58,80.4
2026-07-31 14:51:20.152326,Sitapura Industrial,627.98,166.39,73.3
2026-07-31 15:51:20.152326,Sitapura Industrial,530.38,134.79,62.8
2026-07-31 16:51:20.152326,Sitapura Industrial,709.1,97.73,97.0
2026-07-31 17:51:20.152326,Sitapura Industrial,646.87,74.32,90.9
2026-07-31 18:51:20.152326,Sitapura Industrial,647.21,35.35,97.1
2026-07-31 19:51:20.152326,Sitapura Industrial,332.04,17.49,49.9
2026-07-31 20:51:20.152326,Sitapura Industrial,353.79,8.98,54.7
2026-07-31 21:51:20.152326,Sitapura Industrial,309.6,3.16,48.6
2026-07-31 22:51:20.152326,Sitapura Industrial,301.77,1.08,47.7
2026-07-31 23:51:20.152326,Sitapura Industrial,306.11,0.31,48.5
2026-08-01 00:51:20.152326,Sitapura Industrial,333.02,0.0,52.9
2026-08-01 01:51:20.152326,Sitapura Industrial,305.1,0.02,48.4
2026-08-01 02:51:20.152326,Sitapura Industrial,320.56,0.06,50.9
2026-08-01 03:51:20.152326,Sitapura Industrial,330.67,0.26,52.4
2026-08-01 04:51:20.152326,Sitapura Industrial,326.63,0.75,51.7
2026-08-01 05:51:20.152326,Sitapura Industrial,331.71,2.12,52.3
2026-08-01 06:51:20.152326,Sitapura Industrial,322.21,6.29,50.1
2026-08-01 07:51:20.152326,Sitapura Industrial,311.65,12.42,47.5
2026-08-01 08:51:20.152326,Sitapura Industrial,638.81,23.28,97.7
2026-08-01 09:51:20.152326,Sitapura Industrial,590.05,48.33,86.0
2026-08-01 10:51:20.152326,Sitapura Industrial,581.9,83.74,79.1
2026-08-01 11:51:20.152326,Sitapura Industrial,558.01,82.72,75.4
2026-08-01 12:51:20.152326,Sitapura Industrial,596.26,115.13,76.4
2026-08-01 13:51:20.152326,Sitapura Industrial,657.58,156.89,79.5
2026-08-01 14:51:20.152326,Sitapura Industrial,677.89,139.71,85.4
2026-08-01 15:51:20.152326,Sitapura Industrial,586.73,111.51,75.4
2026-08-01 16:51:20.152326,Sitapura Industrial,593.26,70.83,82.9
2026-08-01 17:51:20.152326,Sitapura Industrial,622.56,48.07,91.2
2026-08-01 18:51:20.152326,Sitapura Industrial,614.75,28.23,93.1
2026-08-01 19:51:20.152326,Sitapura Industrial,295.52,13.68,44.7
2026-08-01 20:51:20.152326,Sitapura Industrial,299.15,6.57,46.4
2026-08-01 21:51:20.152326,Sitapura Industrial,309.51,2.36,48.8
2026-08-01 22:51:20.152326,Sitapura Industrial,332.4,0.73,52.6
2026-08-01 23:51:20.152326,Sitapura Industrial,319.06,0.23,50.6
2026-08-02 00:51:20.152326,Sitapura Industrial,303.95,0.0,48.2
2026-08-02 01:51:20.152326,Sitapura Industrial,300.08,0.01,47.6
2026-08-02 02:51:20.152326,Sitapura Industrial,278.42,0.06,44.2
2026-08-02 03:51:20.152326,Sitapura Industrial,307.47,0.22,48.8
2026-08-02 04:51:20.152326,Sitapura Industrial,299.74,0.85,47.4
2026-08-02 05:51:20.152326,Sitapura Industrial,320.49,2.37,50.5
2026-08-02 06:51:20.152326,Sitapura Industrial,326.6,5.81,50.9
2026-08-02 07:51:20.152326,Sitapura Industrial,319.31,10.43,49.0
2026-08-02 08:51:20.152326,Sitapura Industrial,605.16,30.69,91.2
2026-08-02 09:51:20.152326,Sitapura Industrial,648.38,53.72,94.4
2026-08-02 10:51:20.152326,Sitapura Industrial,598.82,78.65,82.6
2026-08-02 11:51:20.152326,Sitapura Industrial,641.11,109.34,84.4
2026-08-02 12:51:20.152326,Sitapura Industrial,671.21,140.06,84.3
2026-08-02 13:51:20.152326,Sitapura Industrial,661.92,123.38,85.5
2026-08-02 14:51:20.152326,Sitapura Industrial,617.21,127.22,77.8
2026-08-02 15:51:20.152326,Sitapura Industrial,615.16,114.79,79.4
2026-08-02 16:51:20.152326,Sitapura Industrial,656.05,92.92,89.4
2026-08-02 17:51:20.152326,Sitapura Industrial,578.03,48.14,84.1
2026-08-02 18:51:20.152326,Sitapura Industrial,618.96,32.34,93.1
2026-08-02 19:51:20.152326,Sitapura Industrial,309.69,13.41,47.0
2026-08-02 20:51:20.152326,Sitapura Industrial,325.13,5.98,50.7
2026-08-02 21:51:20.152326,Sitapura Industrial,325.42,2.38,51.3
2026-08-02 22:51:20.152326,Sitapura Industrial,335.63,0.79,53.1
2026-08-02 23:51:20.152326,Sitapura Industrial,317.83,0.25,50.4
2026-08-03 00:51:20.152326,Sitapura Industrial,302.09,0.0,48.0
2026-08-03 01:51:20.152326,Sitapura Industrial,339.59,0.02,53.9
2026-08-03 02:51:20.152326,Sitapura Industrial,285.05,0.07,45.2
2026-08-03 03:51:20.152326,Sitapura Industrial,323.32,0.36,51.3
2026-08-03 04:51:20.152326,Sitapura Industrial,293.27,1.06,46.4
2026-08-03 05:51:20.152326,Sitapura Industrial,378.18,3.05,59.5
2026-08-03 06:51:20.152326,Sitapura Industrial,287.98,8.41,44.4
2026-08-03 07:51:20.152326,Sitapura Industrial,264.32,18.41,39.0
2026-08-03 08:51:20.152326,Sitapura Industrial,674.24,29.69,102.3
2026-08-03 09:51:20.152326,Sitapura Industrial,621.94,66.64,88.1
2026-08-03 10:51:20.152326,Sitapura Industrial,581.96,118.31,73.6
2026-08-03 11:51:20.152326,Sitapura Industrial,642.78,146.77,78.7
2026-08-03 12:51:20.152326,Sitapura Industrial,622.06,183.51,69.6
2026-08-03 13:51:20.152326,Sitapura Industrial,614.64,186.72,67.9
2026-08-03 14:51:20.152326,Sitapura Industrial,700.92,149.85,87.5
2026-08-03 15:51:20.152326,Sitapura Industrial,594.79,110.62,76.9
2026-08-03 16:51:20.152326,Sitapura Industrial,597.51,103.2,78.5
2026-08-03 17:51:20.152326,Sitapura Industrial,670.51,64.75,96.2
2026-08-03 18:51:20.152326,Sitapura Industrial,641.41,40.59,95.4
2026-08-03 19:51:20.152326,Sitapura Industrial,290.3,19.21,43.0
2026-08-03 20:51:20.152326,Sitapura Industrial,312.9,7.43,48.5
2026-08-03 21:51:20.152326,Sitapura Industrial,314.32,2.96,49.4
2026-08-03 22:51:20.152326,Sitapura Industrial,329.89,0.66,52.3
2026-08-03 23:51:20.152326,Sitapura Industrial,293.21,0.31,46.5
2026-08-04 00:51:20.152326,Sitapura Industrial,298.11,0.0,47.3
2026-08-04 01:51:20.152326,Sitapura Industrial,303.95,0.02,48.2
2026-08-04 02:51:20.152326,Sitapura Industrial,317.55,0.08,50.4
2026-08-04 03:51:20.152326,Sitapura Industrial,305.25,0.32,48.4
2026-08-04 04:51:20.152326,Sitapura Industrial,324.27,0.97,51.3
2026-08-04 05:51:20.152326,Sitapura Industrial,303.31,3.21,47.6
2026-08-04 06:51:20.152326,Sitapura Industrial,326.22,8.01,50.5
2026-08-04 07:51:20.152326,Sitapura Industrial,318.63,20.17,47.4
2026-08-04 08:51:20.152326,Sitapura Industrial,643.91,33.49,96.9
2026-08-04 09:51:20.152326,Sitapura Industrial,670.04,70.97,95.1
2026-08-04 10:51:20.152326,Sitapura Industrial,655.92,101.32,88.0
2026-08-04 11:51:20.152326,Sitapura Industrial,618.13,147.58,74.7
2026-08-04 12:51:20.152326,Sitapura Industrial,595.67,182.87,65.5
2026-08-04 13:51:20.152326,Sitapura Industrial,653.1,188.3,73.8
2026-08-04 14:51:20.152326,Sitapura Industrial,615.66,176.77,69.7
2026-08-04 15:51:20.152326,Sitapura Industrial,588.95,164.64,67.4
2026-08-04 16:51:20.152326,Sitapura Industrial,676.5,98.19,91.8
2026-08-04 17:51:20.152326,Sitapura Industrial,606.83,62.57,86.4
2026-08-04 18:51:20.152326,Sitapura Industrial,616.97,40.14,91.6
2026-08-04 19:51:20.152326,Sitapura Industrial,325.06,17.81,48.8
2026-08-04 20:51:20.152326,Sitapura Industrial,296.97,8.81,45.7
2026-08-04 21:51:20.152326,Sitapura Industrial,302.05,3.44,47.4
2026-08-04 22:51:20.152326,Sitapura Industrial,320.34,1.04,50.7
2026-08-04 23:51:20.152326,Sitapura Industrial,334.75,0.3,53.1
2026-08-05 00:51:20.152326,Sitapura Industrial,316.64,0.0,50.3
2026-08-05 01:51:20.152326,Sitapura Industrial,333.45,0.02,52.9
2026-08-05 02:51:20.152326,Sitapura Industrial,321.31,0.07,51.0
2026-08-05 03:51:20.152326,Sitapura Industrial,321.14,0.31,50.9
2026-08-05 04:51:20.152326,Sitapura Industrial,291.78,1.03,46.2
2026-08-05 05:51:20.152326,Sitapura Industrial,291.83,3.22,45.8
2026-08-05 06:51:20.152326,Sitapura Industrial,330.32,9.54,50.9
2026-08-05 07:51:20.152326,Sitapura Industrial,324.07,17.58,48.6
2026-08-05 08:51:20.152326,Sitapura Industrial,660.02,39.15,98.6
2026-08-05 09:51:20.152326,Sitapura Industrial,681.86,59.33,98.8
2026-08-05 10:51:20.152326,Sitapura Industrial,616.36,94.64,82.8
2026-08-05 11:51:20.152326,Sitapura Industrial,624.78,123.67,79.5
2026-08-05 12:51:20.152326,Sitapura Industrial,711.27,164.16,86.8
2026-08-05 13:51:20.152326,Sitapura Industrial,657.58,175.22,76.6
2026-08-05 14:51:20.152326,Sitapura Industrial,673.17,166.47,80.4
2026-08-05 15:51:20.152326,Sitapura Industrial,675.12,150.94,83.2
2026-08-05 16:51:20.152326,Sitapura Industrial,590.05,111.27,76.0
2026-08-05 17:51:20.152326,Sitapura Industrial,682.26,44.87,101.2
2026-08-05 18:51:20.152326,Sitapura Industrial,705.53,34.55,106.5
2026-08-05 19:51:20.152326,Sitapura Industrial,314.42,20.14,46.7
2026-08-05 20:51:20.152326,Sitapura Industrial,319.55,7.51,49.5
2026-08-05 21:51:20.152326,Sitapura Industrial,330.38,3.24,51.9
2026-08-05 22:51:20.152326,Sitapura Industrial,334.44,1.03,52.9
2026-08-05 23:51:20.152326,Sitapura Industrial,323.73,0.25,51.3
2026-08-06 00:51:20.152326,Sitapura Industrial,331.34,0.0,52.6
2026-08-06 01:51:20.152326,Sitapura Industrial,302.11,0.02,48.0
2026-08-06 02:51:20.152326,Sitapura Industrial,318.94,0.08,50.6
2026-08-06 03:51:20.152326,Sitapura Industrial,304.2,0.32,48.2
2026-08-06 04:51:20.152326,Sitapura Industrial,331.0,1.07,52.4
2026-08-06 05:51:20.152326,Sitapura Industrial,321.37,2.83,50.6
2026-08-06 06:51:20.152326,Sitapura Industrial,318.0,8.12,49.2
2026-08-06 07:51:20.152326,Sitapura Industrial,306.78,18.74,45.7
2026-08-06 08:51:20.152326,Sitapura Industrial,629.42,36.2,94.2
2026-08-06 09:51:20.152326,Sitapura Industrial,629.26,60.71,90.2
2026-08-06 10:51:20.152326,Sitapura Industrial,668.65,82.02,93.1
2026-08-06 11:51:20.152326,Sitapura Industrial,604.71,145.39,72.9
2026-08-06 12:51:20.152326,Sitapura Industrial,525.07,158.98,58.1
2026-08-06 13:51:20.152326,Sitapura Industrial,619.77,210.2,65.0
2026-08-06 14:51:20.152326,Sitapura Industrial,703.5,139.19,89.6
2026-08-06 15:51:20.152326,Sitapura Industrial,627.66,147.08,76.3
2026-08-06 16:51:20.152326,Sitapura Industrial,674.66,97.91,91.5
2026-08-06 17:51:20.152326,Sitapura Industrial,619.84,77.09,86.2
2026-08-06 18:51:20.152326,Sitapura Industrial,684.07,40.43,102.2
2026-08-06 19:51:20.152326,Sitapura Industrial,317.57,21.59,47.0
2026-08-06 20:51:20.152326,Sitapura Industrial,324.68,8.68,50.2
2026-08-06 21:51:20.152326,Sitapura Industrial,327.86,3.03,51.6
2026-08-06 22:51:20.152326,Sitapura Industrial,315.91,1.14,50.0
2026-08-06 23:51:20.152326,Sitapura Industrial,277.85,0.35,44.0
2026-08-07 00:51:20.152326,Sitapura Industrial,311.7,0.0,49.5
2026-08-07 01:51:20.152326,Sitapura Industrial,310.91,0.01,49.3
2026-08-07 02:51:20.152326,Sitapura Industrial,313.44,0.07,49.7
2026-08-07 03:51:20.152326,Sitapura Industrial,300.21,0.27,47.6
2026-08-07 04:51:20.152326,Sitapura Industrial,349.05,1.09,55.2
2026-08-07 05:51:20.152326,Sitapura Industrial,332.95,3.18,52.3
2026-08-07 06:51:20.152326,Sitapura Industrial,320.65,8.62,49.5
2026-08-07 07:51:20.152326,Sitapura Industrial,332.1,20.06,49.5
2026-08-07 08:51:20.152326,Sitapura Industrial,709.71,39.89,106.3
2026-08-07 09:51:20.152326,Sitapura Industrial,651.29,61.42,93.6
2026-08-07 10:51:20.152326,Sitapura Industrial,539.45,114.83,67.4
2026-08-07 11:51:20.152326,Sitapura Industrial,598.79,150.31,71.2
2026-08-07 12:51:20.152326,Sitapura Industrial,655.03,180.98,75.2
2026-08-07 13:51:20.152326,Sitapura Industrial,667.84,239.02,68.1
2026-08-07 14:51:20.152326,Sitapura Industrial,626.94,182.53,70.5
2026-08-07 15:51:20.152326,Sitapura Industrial,584.93,104.76,76.2
2026-08-07 16:51:20.152326,Sitapura Industrial,602.76,90.59,81.3
2026-08-07 17:51:20.152326,Sitapura Industrial,621.54,55.24,89.9
2026-08-07 18:51:20.152326,Sitapura Industrial,654.2,39.7,97.5
2026-08-07 19:51:20.152326,Sitapura Industrial,311.66,19.29,46.4
2026-08-07 20:51:20.152326,Sitapura Industrial,289.49,6.88,44.9
2026-08-07 21:51:20.152326,Sitapura Industrial,287.72,2.66,45.2
2026-08-07 22:51:20.152326,Sitapura Industrial,304.52,1.13,48.2
2026-08-07 23:51:20.152326,Sitapura Industrial,346.17,0.27,54.9
2026-08-08 00:51:20.152326,Sitapura Industrial,304.22,0.0,48.3
2026-08-08 01:51:20.152326,Sitapura Industrial,343.08,0.01,54.5
2026-08-08 02:51:20.152326,Sitapura Industrial,306.06,0.06,48.6
2026-08-08 03:51:20.152326,Sitapura Industrial,343.52,0.22,54.5
2026-08-08 04:51:20.152326,Sitapura Industrial,326.26,0.88,51.6
2026-08-08 05:51:20.152326,Sitapura Industrial,287.24,2.26,45.2
2026-08-08 06:51:20.152326,Sitapura Industrial,340.7,6.42,53.1
2026-08-08 07:51:20.152326,Sitapura Industrial,301.42,14.22,45.6
2026-08-08 08:51:20.152326,Sitapura Industrial,576.75,27.7,87.2
2026-08-08 09:51:20.152326,Sitapura Industrial,668.8,48.56,98.5
2026-08-08 10:51:20.152326,Sitapura Industrial,591.28,78.09,81.5
2026-08-08 11:51:20.152326,Sitapura Industrial,664.59,99.14,89.8
2026-08-08 12:51:20.152326,Sitapura Industrial,696.4,128.78,90.1
2026-08-08 13:51:20.152326,Sitapura Industrial,608.09,143.57,73.7
2026-08-08 14:51:20.152326,Sitapura Industrial,689.51,109.13,92.1
2026-08-08 15:51:20.152326,Sitapura Industrial,610.16,103.35,80.4
2026-08-08 16:51:20.152326,Sitapura Industrial,563.66,74.46,77.7
2026-08-08 17:51:20.152326,Sitapura Industrial,591.14,44.5,86.8
2026-08-08 18:51:20.152326,Sitapura Industrial,648.1,23.37,99.2
2026-08-08 19:51:20.152326,Sitapura Industrial,287.86,14.83,43.3
2026-08-08 20:51:20.152326,Sitapura Industrial,293.01,6.33,45.5
2026-08-08 21:51:20.152326,Sitapura Industrial,315.64,2.38,49.7
2026-08-08 22:51:20.152326,Sitapura Industrial,325.38,0.75,51.5
2026-08-08 23:51:20.152326,Sitapura Industrial,329.96,0.25,52.3
2026-08-09 00:51:20.152326,Sitapura Industrial,310.76,0.0,49.3
2026-08-09 01:51:20.152326,Sitapura Industrial,322.26,0.01,51.1
2026-08-09 02:51:20.152326,Sitapura Industrial,287.2,0.06,45.6
2026-08-09 03:51:20.152326,Sitapura Industrial,340.33,0.28,54.0
2026-08-09 04:51:20.152326,Sitapura Industrial,320.36,0.74,50.7
2026-08-09 05:51:20.152326,Sitapura Industrial,297.43,2.79,46.8
2026-08-09 06:51:20.152326,Sitapura Industrial,331.13,6.59,51.5
2026-08-09 07:51:20.152326,Sitapura Industrial,305.03,14.06,46.2
2026-08-09 08:51:20.152326,Sitapura Industrial,670.33,31.6,101.4
2026-08-09 09:51:20.152326,Sitapura Industrial,676.14,47.41,99.8
2026-08-09 10:51:20.152326,Sitapura Industrial,649.19,71.31,91.7
2026-08-09 11:51:20.152326,Sitapura Industrial,543.28,100.39,70.3
2026-08-09 12:51:20.152326,Sitapura Industrial,625.05,136.7,77.5
2026-08-09 13:51:20.152326,Sitapura Industrial,622.89,129.69,78.3
2026-08-09 14:51:20.152326,Sitapura Industrial,619.29,118.16,79.5
2026-08-09 15:51:20.152326,Sitapura Industrial,626.03,116.7,80.8
2026-08-09 16:51:20.152326,Sitapura Industrial,691.86,80.6,97.0
2026-08-09 17:51:20.152326,Sitapura Industrial,691.76,49.57,101.9
2026-08-09 18:51:20.152326,Sitapura Industrial,582.93,30.77,87.6
2026-08-09 19:51:20.152326,Sitapura Industrial,328.61,14.35,49.9
2026-08-09 20:51:20.152326,Sitapura Industrial,290.75,4.78,45.4
2026-08-09 21:51:20.152326,Sitapura Industrial,334.78,2.38,52.8
2026-08-09 22:51:20.152326,Sitapura Industrial,314.79,0.79,49.8
2026-08-09 23:51:20.152326,Sitapura Industrial,328.54,0.24,52.1
2026-08-10 00:51:20.152326,Sitapura Industrial,297.78,0.0,47.3
2026-08-10 01:51:20.152326,Sitapura Industrial,347.77,0.02,55.2
2026-08-10 02:51:20.152326,Sitapura Industrial,332.11,0.08,52.7
2026-08-10 03:51:20.152326,Sitapura Industrial,325.82,0.34,51.7
2026-08-10 04:51:20.152326,Sitapura Industrial,323.48,1.17,51.2
2026-08-10 05:51:20.152326,Sitapura Industrial,330.3,3.58,51.9
2026-08-10 06:51:20.152326,Sitapura Industrial,299.27,9.14,46.1
2026-08-10 07:51:20.152326,Sitapura Industrial,310.8,19.91,46.2
2026-08-10 08:51:20.152326,Sitapura Industrial,726.93,36.82,109.5
2026-08-10 09:51:20.152326,Sitapura Industrial,586.68,65.63,82.7
2026-08-10 10:51:20.152326,Sitapura Industrial,629.34,101.46,83.8
2026-08-10 11:51:20.152326,Sitapura Industrial,608.51,139.42,74.5
2026-08-10 12:51:20.152326,Sitapura Industrial,620.68,172.5,71.1
2026-08-10 13:51:20.152326,Sitapura Industrial,674.07,165.14,80.8
2026-08-10 14:51:20.152326,Sitapura Industrial,622.31,155.18,74.1
2026-08-10 15:51:20.152326,Sitapura Industrial,583.23,161.27,67.0
2026-08-10 16:51:20.152326,Sitapura Industrial,646.73,111.71,84.9
2026-08-10 17:51:20.152326,Sitapura Industrial,585.79,69.09,82.0
2026-08-10 18:51:20.152326,Sitapura Industrial,656.38,41.06,97.7
2026-08-10 19:51:20.152326,Sitapura Industrial,312.94,17.88,46.8
2026-08-10 20:51:20.152326,Sitapura Industrial,299.57,6.32,46.5
2026-08-10 21:51:20.152326,Sitapura Industrial,330.84,3.59,51.9
2026-08-10 22:51:20.152326,Sitapura Industrial,312.43,1.13,49.4
2026-08-10 23:51:20.152326,Sitapura Industrial,289.16,0.34,45.8
2026-08-11 00:51:20.152326,Sitapura Industrial,312.11,0.0,49.5
2026-08-11 01:51:20.152326,Sitapura Industrial,320.01,0.02,50.8
2026-08-11 02:51:20.152326,Sitapura Industrial,334.07,0.08,53.0
2026-08-11 03:51:20.152326,Sitapura Industrial,281.87,0.33,44.7
2026-08-11 04:51:20.152326,Sitapura Industrial,301.1,0.96,47.6
2026-08-11 05:51:20.152326,Sitapura Industrial,287.0,3.19,45.0
2026-08-11 06:51:20.152326,Sitapura Industrial,329.51,7.75,51.1
2026-08-11 07:51:20.152326,Sitapura Industrial,302.72,19.44,45.0
2026-08-11 08:51:20.152326,Sitapura Industrial,632.65,29.28,95.8
2026-08-11 09:51:20.152326,Sitapura Industrial,660.54,70.84,93.6
2026-08-11 10:51:20.152326,Sitapura Industrial,613.05,91.21,82.8
2026-08-11 11:51:20.152326,Sitapura Industrial,583.02,132.07,71.6
2026-08-11 12:51:20.152326,Sitapura Industrial,664.58,186.91,75.8
2026-08-11 13:51:20.152326,Sitapura Industrial,647.76,174.23,75.2
2026-08-11 14:51:20.152326,Sitapura Industrial,629.04,171.65,72.6
2026-08-11 15:51:20.152326,Sitapura Industrial,614.1,112.13,79.7
2026-08-11 16:51:20.152326,Sitapura Industrial,616.42,102.46,81.6
2026-08-11 17:51:20.152326,Sitapura Industrial,641.8,72.89,90.3
2026-08-11 18:51:20.152326,Sitapura Industrial,614.0,49.82,89.6
2026-08-11 19:51:20.152326,Sitapura Industrial,289.08,16.25,43.3
2026-08-11 20:51:20.152326,Sitapura Industrial,306.22,7.43,47.4
2026-08-11 21:51:20.152326,Sitapura Industrial,329.22,3.0,51.8
2026-08-11 22:51:20.152326,Sitapura Industrial,327.1,1.11,51.7
2026-08-11 23:51:20.152326,Sitapura Industrial,326.25,0.27,51.7
2026-08-12 00:51:20.152326,Sitapura Industrial,320.58,0.0,50.9
2026-08-12 01:51:20.152326,Sitapura Industrial,319.62,0.02,50.7
2026-08-12 02:51:20.152326,Sitapura Industrial,330.46,0.08,52.4
2026-08-12 03:51:20.152326,Sitapura Industrial,339.16,0.33,53.8
2026-08-12 04:51:20.152326,Sitapura Industrial,339.88,1.06,53.8
2026-08-12 05:51:20.152326,Sitapura Industrial,307.58,3.45,48.3
2026-08-12 06:51:20.152326,Sitapura Industrial,338.72,9.21,52.3
2026-08-12 07:51:20.152326,Sitapura Industrial,312.06,18.36,46.6
2026-08-12 08:51:20.152326,Sitapura Industrial,700.52,36.52,105.4
2026-08-12 09:51:20.152326,Sitapura Industrial,595.79,74.91,82.7
2026-08-12 10:51:20.152326,Sitapura Industrial,649.1,105.87,86.2
2026-08-12 11:51:20.152326,Sitapura Industrial,676.5,142.38,84.8
2026-08-12 12:51:20.152326,Sitapura Industrial,659.06,175.55,76.7
2026-08-12 13:51:20.152326,Sitapura Industrial,638.78,195.92,70.3
2026-08-12 14:51:20.152326,Sitapura Industrial,668.78,166.44,79.7
2026-08-12 15:51:20.152326,Sitapura Industrial,625.12,128.83,78.8
2026-08-12 16:51:20.152326,Sitapura Industrial,598.85,115.91,76.7
2026-08-12 17:51:20.152326,Sitapura Industrial,675.23,70.56,96.0
2026-08-12 18:51:20.152326,Sitapura Industrial,670.96,33.76,101.1
2026-08-12 19:51:20.152326,Sitapura Industrial,310.38,21.13,45.9
2026-08-12 20:51:20.152326,Sitapura Industrial,298.16,6.3,46.3
2026-08-12 21:51:20.152326,Sitapura Industrial,308.66,3.33,48.5
2026-08-12 22:51:20.152326,Sitapura Industrial,338.27,0.97,53.5
2026-08-12 23:51:20.152326,Sitapura Industrial,304.68,0.29,48.3
2026-08-13 00:51:20.152326,Sitapura Industrial,301.43,0.0,47.8
2026-08-13 01:51:20.152326,Sitapura Industrial,292.36,0.02,46.4
2026-08-13 02:51:20.152326,Sitapura Industrial,334.6,0.08,53.1
2026-08-13 03:51:20.152326,Sitapura Industrial,311.97,0.33,49.5
2026-08-13 04:51:20.152326,Sitapura Industrial,305.56,1.25,48.3
2026-08-13 05:51:20.152326,Sitapura Industrial,321.74,3.53,50.5
2026-08-13 06:51:20.152326,Sitapura Industrial,344.24,8.38,53.3
2026-08-13 07:51:20.152326,Sitapura Industrial,359.49,16.03,54.5
2026-08-13 08:51:20.152326,Sitapura Industrial,616.76,38.93,91.7
2026-08-13 09:51:20.152326,Sitapura Industrial,596.38,68.93,83.7
2026-08-13 10:51:20.152326,Sitapura Industrial,616.04,111.09,80.2
2026-08-13 11:51:20.152326,Sitapura Industrial,668.55,148.92,82.5
2026-08-13 12:51:20.152326,Sitapura Industrial,606.83,153.22,72.0
2026-08-13 13:51:20.152326,Sitapura Industrial,638.36,181.73,72.5
2026-08-13 14:51:20.152326,Sitapura Industrial,648.53,167.66,76.3
2026-08-13 15:51:20.152326,Sitapura Industrial,663.95,155.3,80.7
2026-08-13 16:51:20.152326,Sitapura Industrial,623.13,94.91,83.8
2026-08-13 17:51:20.152326,Sitapura Industrial,613.71,64.4,87.2
2026-08-13 18:51:20.152326,Sitapura Industrial,643.26,39.54,95.8
2026-08-13 19:51:20.152326,Sitapura Industrial,295.0,14.95,44.5
2026-08-13 20:51:20.152326,Sitapura Industrial,341.0,8.99,52.7
2026-08-13 21:51:20.152326,Sitapura Industrial,365.78,3.05,57.6
2026-08-13 22:51:20.152326,Sitapura Industrial,352.9,1.22,55.8
2026-08-13 23:51:20.152326,Sitapura Industrial,264.65,0.34,42.0
2026-08-14 00:51:20.152326,Sitapura Industrial,347.88,0.0,55.2
2026-08-14 01:51:20.152326,Sitapura Industrial,324.46,0.02,51.5
2026-08-14 02:51:20.152326,Sitapura Industrial,311.07,0.09,49.4
2026-08-14 03:51:20.152326,Sitapura Industrial,296.02,0.29,46.9
2026-08-14 04:51:20.152326,Sitapura Industrial,302.69,0.97,47.9
2026-08-14 05:51:20.152326,Sitapura Industrial,319.61,3.17,50.2
2026-08-14 06:51:20.152326,Sitapura Industrial,317.55,8.27,49.1
2026-08-14 07:51:20.152326,Sitapura Industrial,311.72,17.93,46.6
2026-08-14 08:51:20.152326,Sitapura Industrial,620.26,37.37,92.5
2026-08-14 09:51:20.152326,Sitapura Industrial,651.75,68.5,92.6
2026-08-14 10:51:20.152326,Sitapura Industrial,686.06,116.65,90.4
2026-08-14 11:51:20.152326,Sitapura Industrial,631.65,163.0,74.4
2026-08-14 12:51:20.152326,Sitapura Industrial,595.66,157.59,69.5
2026-08-14 13:51:20.152326,Sitapura Industrial,666.05,157.18,80.8
2026-08-14 14:51:20.152326,Sitapura Industrial,548.51,148.81,63.4
2026-08-14 15:51:20.152326,Sitapura Industrial,636.27,136.27,79.4
2026-08-14 16:51:20.152326,Sitapura Industrial,603.58,120.19,76.7
2026-08-14 17:51:20.152326,Sitapura Industrial,649.84,62.53,93.2
2026-08-14 18:51:20.152326,Sitapura Industrial,632.81,42.19,93.7
2026-08-14 19:51:20.152326,Sitapura Industrial,319.68,18.41,47.8
2026-08-14 20:51:20.152326,Sitapura Industrial,343.64,8.4,53.2
2026-08-14 21:51:20.152326,Sitapura Industrial,327.9,2.89,51.6
2026-08-14 22:51:20.152326,Sitapura Industrial,309.06,1.0,48.9
2026-08-14 23:51:20.152326,Sitapura Industrial,309.9,0.31,49.1
2026-08-15 00:51:20.152326,Sitapura Industrial,325.79,0.0,51.7
2026-08-15 01:51:20.152326,Sitapura Industrial,332.15,0.01,52.7
2026-08-15 02:51:20.152326,Sitapura Industrial,314.97,0.06,50.0
2026-08-15 03:51:20.152326,Sitapura Industrial,297.79,0.24,47.2
2026-08-15 04:51:20.152326,Sitapura Industrial,318.78,0.77,50.5
2026-08-15 05:51:20.152326,Sitapura Industrial,344.82,2.02,54.4
2026-08-15 06:51:20.152326,Sitapura Industrial,368.66,6.86,57.4
2026-08-15 07:51:20.152326,Sitapura Industrial,316.51,13.6,48.1
2026-08-15 08:51:20.152326,Sitapura Industrial,576.83,32.02,86.5
2026-08-15 09:51:20.152326,Sitapura Industrial,685.37,39.78,102.5
2026-08-15 10:51:20.152326,Sitapura Industrial,642.92,78.58,89.6
2026-08-15 11:51:20.152326,Sitapura Industrial,598.37,120.87,75.8
2026-08-15 12:51:20.152326,Sitapura Industrial,604.76,119.82,77.0
2026-08-15 13:51:20.152326,Sitapura Industrial,637.48,149.61,77.4
2026-08-15 14:51:20.152326,Sitapura Industrial,668.69,119.04,87.2
2026-08-15 15:51:20.152326,Sitapura Industrial,614.38,123.31,77.9
2026-08-15 16:51:20.152326,Sitapura Industrial,625.03,73.13,87.6
2026-08-15 17:51:20.152326,Sitapura Industrial,667.9,42.37,99.3
2026-08-15 18:51:20.152326,Sitapura Industrial,599.1,29.63,90.4
2026-08-15 19:51:20.152326,Sitapura Industrial,330.8,15.74,50.0
2026-08-15 20:51:20.152326,Sitapura Industrial,328.85,5.83,51.3
2026-08-15 21:51:20.152326,Sitapura Industrial,329.55,2.55,51.9
2026-08-15 22:51:20.152326,Sitapura Industrial,302.41,0.71,47.9
2026-08-15 23:51:20.152326,Sitapura Industrial,319.29,0.26,50.6
2026-08-16 00:51:20.152326,Sitapura Industrial,313.33,0.0,49.7
2026-08-16 01:51:20.152326,Sitapura Industrial,343.24,0.01,54.5
2026-08-16 02:51:20.152326,Sitapura Industrial,335.86,0.07,53.3
2026-08-16 03:51:20.152326,Sitapura Industrial,336.54,0.23,53.4
2026-08-16 04:51:20.152326,Sitapura Industrial,313.86,0.72,49.7
2026-08-16 05:51:20.152326,Sitapura Industrial,315.27,2.56,49.6
2026-08-16 06:51:20.152326,Sitapura Industrial,299.82,6.77,46.5
2026-08-16 07:51:20.152326,Sitapura Industrial,314.77,13.25,47.9
2026-08-16 08:51:20.152326,Sitapura Industrial,579.91,28.51,87.5
2026-08-16 09:51:20.152326,Sitapura Industrial,599.79,53.69,86.7
2026-08-16 10:51:20.152326,Sitapura Industrial,568.28,79.63,77.6
2026-08-16 11:51:20.152326,Sitapura Industrial,570.3,102.12,74.3
2026-08-16 12:51:20.152326,Sitapura Industrial,613.99,128.58,77.0
2026-08-16 13:51:20.152326,Sitapura Industrial,630.05,135.0,78.6
2026-08-16 14:51:20.152326,Sitapura Industrial,643.89,139.73,80.0
2026-08-16 15:51:20.152326,Sitapura Industrial,655.87,104.09,87.6
2026-08-16 16:51:20.152326,Sitapura Industrial,571.16,84.42,77.3
2026-08-16 17:51:20.152326,Sitapura Industrial,581.07,53.65,83.7
2026-08-16 18:51:20.152326,Sitapura Industrial,680.42,28.55,103.5
2026-08-16 19:51:20.152326,Sitapura Industrial,310.86,15.72,46.8
2026-08-16 20:51:20.152326,Sitapura Industrial,314.5,6.2,48.9
2026-08-16 21:51:20.152326,Sitapura Industrial,322.5,2.34,50.8
2026-08-16 22:51:20.152326,Sitapura Industrial,311.18,0.61,49.3
2026-08-16 23:51:20.152326,Sitapura Industrial,325.42,0.3,51.6
2026-08-17 00:51:20.152326,Sitapura Industrial,309.34,0.0,49.1
2026-08-17 01:51:20.152326,Sitapura Industrial,294.48,0.02,46.7
2026-08-17 02:51:20.152326,Sitapura Industrial,340.6,0.08,54.1
2026-08-17 03:51:20.152326,Sitapura Industrial,299.68,0.3,47.5
2026-08-17 04:51:20.152326,Sitapura Industrial,325.11,1.06,51.4
2026-08-17 05:51:20.152326,Sitapura Industrial,346.62,3.28,54.5
2026-08-17 06:51:20.152326,Sitapura Industrial,345.38,7.76,53.6
2026-08-17 07:51:20.152326,Sitapura Industrial,348.42,20.21,52.1
2026-08-17 08:51:20.152326,Sitapura Industrial,673.17,39.24,100.6
2026-08-17 09:51:20.152326,Sitapura Industrial,649.71,66.78,92.5
2026-08-17 10:51:20.152326,Sitapura Industrial,697.14,122.67,91.2
2026-08-17 11:51:20.152326,Sitapura Industrial,679.8,149.74,84.1
2026-08-17 12:51:20.152326,Sitapura Industrial,650.89,156.49,78.5
2026-08-17 13:51:20.152326,Sitapura Industrial,627.23,190.92,69.3
2026-08-17 14:51:20.152326,Sitapura Industrial,609.0,158.34,71.5
2026-08-17 15:51:20.152326,Sitapura Industrial,661.41,118.29,86.2
2026-08-17 16:51:20.152326,Sitapura Industrial,567.29,108.99,72.7
2026-08-17 17:51:20.152326,Sitapura Industrial,627.18,67.27,88.9
2026-08-17 18:51:20.152326,Sitapura Industrial,604.86,34.89,90.5
2026-08-17 19:51:20.152326,Sitapura Industrial,307.36,17.49,46.0
2026-08-17 20:51:20.152326,Sitapura Industrial,287.29,5.39,44.7
2026-08-17 21:51:20.152326,Sitapura Industrial,327.84,2.53,51.6
2026-08-17 22:51:20.152326,Sitapura Industrial,283.42,1.28,44.8
2026-08-17 23:51:20.152326,Sitapura Industrial,339.03,0.34,53.8
2026-08-18 00:51:20.152326,Sitapura Industrial,311.35,0.0,49.4
2026-08-18 01:51:20.152326,Sitapura Industrial,309.9,0.02,49.2
2026-08-18 02:51:20.152326,Sitapura Industrial,360.15,0.07,57.2
2026-08-18 03:51:20.152326,Sitapura Industrial,305.96,0.32,48.5
2026-08-18 04:51:20.152326,Sitapura Industrial,297.82,1.18,47.1
2026-08-18 05:51:20.152326,Sitapura Industrial,326.54,3.78,51.2
2026-08-18 06:51:20.152326,Sitapura Industrial,336.55,7.52,52.2
2026-08-18 07:51:20.152326,Sitapura Industrial,320.52,19.08,47.8
2026-08-18 08:51:20.152326,Sitapura Industrial,614.95,38.26,91.5
2026-08-18 09:51:20.152326,Sitapura Industrial,612.05,71.25,85.8
2026-08-18 10:51:20.152326,Sitapura Industrial,604.72,98.57,80.3
2026-08-18 11:51:20.152326,Sitapura Industrial,556.8,139.78,66.2
2026-08-18 12:51:20.152326,Sitapura Industrial,579.12,151.83,67.8
2026-08-18 13:51:20.152326,Sitapura Industrial,671.95,166.66,80.2
2026-08-18 14:51:20.152326,Sitapura Industrial,603.75,194.69,64.9
2026-08-18 15:51:20.152326,Sitapura Industrial,567.8,142.89,67.4
2026-08-18 16:51:20.152326,Sitapura Industrial,640.66,97.2,86.3
2026-08-18 17:51:20.152326,Sitapura Industrial,668.93,61.91,96.4
2026-08-18 18:51:20.152326,Sitapura Industrial,599.87,36.85,89.4
2026-08-18 19:51:20.152326,Sitapura Industrial,305.15,21.45,45.0
2026-08-18 20:51:20.152326,Sitapura Industrial,294.95,7.8,45.6
2026-08-18 21:51:20.152326,Sitapura Industrial,328.05,3.04,51.6
2026-08-18 22:51:20.152326,Sitapura Industrial,320.29,1.13,50.7
2026-08-18 23:51:20.152326,Sitapura Industrial,312.05,0.29,49.5
2026-08-19 00:51:20.152326,Sitapura Industrial,316.94,0.0,50.3
2026-08-19 01:51:20.152326,Sitapura Industrial,309.77,0.02,49.2
2026-08-19 02:51:20.152326,Sitapura Industrial,291.32,0.08,46.2
2026-08-19 03:51:20.152326,Sitapura Industrial,347.82,0.3,55.2
2026-08-19 04:51:20.152326,Sitapura Industrial,315.02,0.97,49.9
2026-08-19 05:51:20.152326,Sitapura Industrial,340.89,2.31,53.7
2026-08-19 06:51:20.152326,Sitapura Industrial,342.34,8.62,53.0
2026-08-19 07:51:20.152326,Sitapura Industrial,340.24,17.6,51.2
2026-08-19 08:51:20.152326,Sitapura Industrial,594.11,36.71,88.5
2026-08-19 09:51:20.152326,Sitapura Industrial,647.47,67.84,92.0
2026-08-19 10:51:20.152326,Sitapura Industrial,594.36,103.34,77.9
2026-08-19 11:51:20.152326,Sitapura Industrial,618.72,155.4,73.5
2026-08-19 12:51:20.152326,Sitapura Industrial,660.82,151.68,80.8
2026-08-19 13:51:20.152326,Sitapura Industrial,684.63,172.19,81.3
2026-08-19 14:51:20.152326,Sitapura Industrial,617.91,166.73,71.6
2026-08-19 15:51:20.152326,Sitapura Industrial,633.3,134.78,79.1
2026-08-19 16:51:20.152326,Sitapura Industrial,682.96,111.42,90.7
2026-08-19 17:51:20.152326,Sitapura Industrial,582.9,72.13,81.1
2026-08-19 18:51:20.152326,Sitapura Industrial,627.72,38.85,93.5
2026-08-19 19:51:20.152326,Sitapura Industrial,308.04,20.09,45.7
2026-08-19 20:51:20.152326,Sitapura Industrial,282.3,7.53,43.6
2026-08-19 21:51:20.152326,Sitapura Industrial,297.38,3.2,46.7
2026-08-19 22:51:20.152326,Sitapura Industrial,318.85,1.04,50.4
2026-08-19 23:51:20.152326,Sitapura Industrial,298.81,0.32,47.4
2026-08-20 00:51:20.152326,Sitapura Industrial,312.41,0.0,49.6
2026-08-20 01:51:20.152326,Sitapura Industrial,328.08,0.02,52.1
2026-08-20 02:51:20.152326,Sitapura Industrial,352.83,0.08,56.0
2026-08-20 03:51:20.152326,Sitapura Industrial,333.32,0.31,52.9
2026-08-20 04:51:20.152326,Sitapura Industrial,326.42,1.01,51.7
2026-08-20 05:51:20.152326,Sitapura Industrial,315.24,3.48,49.5
2026-08-20 06:51:20.152326,Sitapura Industrial,333.75,8.38,51.6
2026-08-20 07:51:20.152326,Sitapura Industrial,299.34,18.47,44.6
2026-08-20 08:51:20.152326,Sitapura Industrial,654.93,37.93,97.9
2026-08-20 09:51:20.152326,Sitapura Industrial,675.23,82.36,94.1
2026-08-20 10:51:20.152326,Sitapura Industrial,636.11,121.7,81.7
2026-08-20 11:51:20.152326,Sitapura Industrial,657.49,154.86,79.8
2026-08-20 12:51:20.152326,Sitapura Industrial,678.86,203.61,75.4
2026-08-20 13:51:20.152326,Sitapura Industrial,641.77,172.97,74.4
2026-08-20 14:51:20.152326,Sitapura Industrial,661.76,172.97,77.6
2026-08-20 15:51:20.152326,Sitapura Industrial,614.48,154.52,73.0
2026-08-20 16:51:20.152326,Sitapura Industrial,627.29,92.54,84.9
2026-08-20 17:51:20.152326,Sitapura Industrial,580.7,54.79,83.5
2026-08-20 18:51:20.152326,Sitapura Industrial,678.1,31.44,102.6
2026-08-20 19:51:20.152326,Sitapura Industrial,317.34,17.01,47.7
2026-08-20 20:51:20.152326,Sitapura Industrial,322.87,7.89,50.0
2026-08-20 21:51:20.152326,Sitapura Industrial,303.81,3.2,47.7
2026-08-20 22:51:20.152326,Sitapura Industrial,310.94,1.06,49.2
2026-08-20 23:51:20.152326,Sitapura Industrial,330.33,0.27,52.4
2026-08-21 00:51:20.152326,Sitapura Industrial,321.87,0.0,51.1
2026-08-21 01:51:20.152326,Sitapura Industrial,298.96,0.02,47.5
2026-08-21 02:51:20.152326,Sitapura Industrial,351.86,0.08,55.8
2026-08-21 03:51:20.152326,Sitapura Industrial,351.56,0.26,55.8
2026-08-21 04:51:20.152326,Sitapura Industrial,289.33,1.0,45.8
2026-08-21 05:51:20.152326,Sitapura Industrial,304.11,3.21,47.8
2026-08-21 06:51:20.152326,Sitapura Industrial,296.9,8.61,45.8
2026-08-21 07:51:20.152326,Sitapura Industrial,333.29,16.79,50.2
2026-08-21 08:51:20.152326,Sitapura Industrial,694.83,31.41,105.3
2026-08-21 09:51:20.152326,Sitapura Industrial,573.46,60.07,81.5
2026-08-21 10:51:20.152326,Sitapura Industrial,628.95,105.27,83.1
2026-08-21 11:51:20.152326,Sitapura Industrial,612.42,131.15,76.4
2026-08-21 12:51:20.152326,Sitapura Industrial,624.11,160.15,73.6
2026-08-21 13:51:20.152326,Sitapura Industrial,612.93,209.61,64.0
2026-08-21 14:51:20.152326,Sitapura Industrial,644.92,185.76,72.9
2026-08-21 15:51:20.152326,Sitapura Industrial,679.48,130.25,87.2
2026-08-21 16:51:20.152326,Sitapura Industrial,588.82,96.24,78.2
2026-08-21 17:51:20.152326,Sitapura Industrial,711.76,69.17,102.0
2026-08-21 18:51:20.152326,Sitapura Industrial,638.99,33.37,96.1
2026-08-21 19:51:20.152326,Sitapura Industrial,327.8,24.01,48.2
2026-08-21 20:51:20.152326,Sitapura Industrial,361.72,8.25,56.1
2026-08-21 21:51:20.152326,Sitapura Industrial,338.59,3.86,53.1
2026-08-21 22:51:20.152326,Sitapura Industrial,330.49,1.16,52.3
2026-08-21 23:51:20.152326,Sitapura Industrial,312.7,0.27,49.6
2026-08-22 00:51:20.152326,Sitapura Industrial,296.54,0.0,47.1
2026-08-22 01:51:20.152326,Sitapura Industrial,307.86,0.02,48.9
2026-08-22 02:51:20.152326,Sitapura Industrial,303.93,0.06,48.2
2026-08-22 03:51:20.152326,Sitapura Industrial,325.17,0.23,51.6
2026-08-22 04:51:20.152326,Sitapura Industrial,282.85,0.65,44.8
2026-08-22 05:51:20.152326,Sitapura Industrial,306.78,2.43,48.3
2026-08-22 06:51:20.152326,Sitapura Industrial,308.24,7.03,47.8
2026-08-22 07:51:20.152326,Sitapura Industrial,313.9,13.69,47.7
2026-08-22 08:51:20.152326,Sitapura Industrial,618.88,30.19,93.4
2026-08-22 09:51:20.152326,Sitapura Industrial,603.48,52.48,87.5
2026-08-22 10:51:20.152326,Sitapura Industrial,614.65,77.16,85.3
2026-08-22 11:51:20.152326,Sitapura Industrial,617.47,127.69,77.7
2026-08-22 12:51:20.152326,Sitapura Industrial,635.96,119.44,82.0
2026-08-22 13:51:20.152326,Sitapura Industrial,632.09,150.84,76.4
2026-08-22 14:51:20.152326,Sitapura Industrial,616.05,130.71,77.0
2026-08-22 15:51:20.152326,Sitapura Industrial,631.22,111.31,82.5
2026-08-22 16:51:20.152326,Sitapura Industrial,654.41,83.02,90.7
2026-08-22 17:51:20.152326,Sitapura Industrial,624.94,47.58,91.6
2026-08-22 18:51:20.152326,Sitapura Industrial,615.08,32.51,92.5
2026-08-22 19:51:20.152326,Sitapura Industrial,318.91,14.88,48.3
2026-08-22 20:51:20.152326,Sitapura Industrial,333.33,6.32,51.9
2026-08-22 21:51:20.152326,Sitapura Industrial,288.98,2.48,45.5
2026-08-22 22:51:20.152326,Sitapura Industrial,317.36,0.75,50.3
2026-08-22 23:51:20.152326,Sitapura Industrial,341.09,0.23,54.1
2026-08-23 00:51:20.152326,Sitapura Industrial,273.78,0.0,43.5
2026-08-23 01:51:20.152326,Sitapura Industrial,320.12,0.01,50.8
2026-08-23 02:51:20.152326,Sitapura Industrial,337.31,0.06,53.5
2026-08-23 03:51:20.152326,Sitapura Industrial,330.44,0.25,52.4
2026-08-23 04:51:20.152326,Sitapura Industrial,321.4,0.86,50.9
2026-08-23 05:51:20.152326,Sitapura Industrial,279.68,1.88,44.1
2026-08-23 06:51:20.152326,Sitapura Industrial,316.12,5.96,49.2
2026-08-23 07:51:20.152326,Sitapura Industrial,302.61,12.75,46.0
2026-08-23 08:51:20.152326,Sitapura Industrial,615.26,29.15,93.0
2026-08-23 09:51:20.152326,Sitapura Industrial,666.45,55.44,97.0
2026-08-23 10:51:20.152326,Sitapura Industrial,624.83,74.69,87.3
2026-08-23 11:51:20.152326,Sitapura Industrial,653.8,124.33,84.0
2026-08-23 12:51:20.152326,Sitapura Industrial,691.3,135.89,88.2
2026-08-23 13:51:20.152326,Sitapura Industrial,635.84,121.89,81.6
2026-08-23 14:51:20.152326,Sitapura Industrial,632.21,120.77,81.2
2026-08-23 15:51:20.152326,Sitapura Industrial,644.01,104.71,85.6
2026-08-23 16:51:20.152326,Sitapura Industrial,619.9,74.35,86.6
2026-08-23 17:51:20.152326,Sitapura Industrial,584.88,53.46,84.4
2026-08-23 18:51:20.152326,Sitapura Industrial,635.81,28.84,96.3
2026-08-23 19:51:20.152326,Sitapura Industrial,282.96,12.01,43.0
2026-08-23 20:51:20.152326,Sitapura Industrial,300.64,4.93,46.9
2026-08-23 21:51:20.152326,Sitapura Industrial,334.2,2.06,52.7
2026-08-23 22:51:20.152326,Sitapura Industrial,335.11,0.76,53.1
2026-08-23 23:51:20.152326,Sitapura Industrial,297.65,0.24,47.2
2026-08-24 00:51:20.152326,Sitapura Industrial,324.06,0.0,51.4
2026-08-24 01:51:20.152326,Sitapura Industrial,278.32,0.02,44.2
2026-08-24 02:51:20.152326,Sitapura Industrial,311.93,0.08,49.5
2026-08-24 03:51:20.152326,Sitapura Industrial,295.0,0.3,46.8
2026-08-24 04:51:20.152326,Sitapura Industrial,306.19,1.03,48.4
2026-08-24 05:51:20.152326,Sitapura Industrial,311.64,3.33,48.9
2026-08-24 06:51:20.152326,Sitapura Industrial,310.01,7.1,48.1
2026-08-24 07:51:20.152326,Sitapura Industrial,317.0,19.48,47.2
2026-08-24 08:51:20.152326,Sitapura Industrial,631.47,42.1,93.6
2026-08-24 09:51:20.152326,Sitapura Industrial,586.36,67.67,82.3
2026-08-24 10:51:20.152326,Sitapura Industrial,638.09,108.11,84.1
2026-08-24 11:51:20.152326,Sitapura Industrial,606.36,141.68,73.8
2026-08-24 12:51:20.152326,Sitapura Industrial,662.6,172.46,77.8
2026-08-24 13:51:20.152326,Sitapura Industrial,689.16,196.08,78.3
2026-08-24 14:51:20.152326,Sitapura Industrial,668.49,163.18,80.2
2026-08-24 15:51:20.152326,Sitapura Industrial,593.11,156.3,69.3
2026-08-24 16:51:20.152326,Sitapura Industrial,670.03,115.53,88.0
2026-08-24 17:51:20.152326,Sitapura Industrial,561.01,60.55,79.4
2026-08-24 18:51:20.152326,Sitapura Industrial,612.22,35.36,91.6
2026-08-24 19:51:20.152326,Sitapura Industrial,303.59,16.9,45.5
2026-08-24 20:51:20.152326,Sitapura Industrial,329.93,6.47,51.3
2026-08-24 21:51:20.152326,Sitapura Industrial,346.26,2.79,54.5
2026-08-24 22:51:20.152326,Sitapura Industrial,312.38,1.09,49.4
2026-08-24 23:51:20.152326,Sitapura Industrial,318.12,0.28,50.5
2026-08-25 00:51:20.152326,Sitapura Industrial,310.56,0.0,49.3
2026-08-25 01:51:20.152326,Sitapura Industrial,285.49,0.02,45.3
2026-08-25 02:51:20.152326,Sitapura Industrial,321.81,0.07,51.1
2026-08-25 03:51:20.152326,Sitapura Industrial,346.76,0.38,55.0
2026-08-25 04:51:20.152326,Sitapura Industrial,326.8,1.04,51.7
2026-08-25 05:51:20.152326,Sitapura Industrial,329.43,3.54,51.7
2026-08-25 06:51:20.152326,Sitapura Industrial,300.86,9.36,46.3
2026-08-25 07:51:20.152326,Sitapura Industrial,317.88,14.72,48.1
2026-08-25 08:51:20.152326,Sitapura Industrial,654.57,40.42,97.5
2026-08-25 09:51:20.152326,Sitapura Industrial,626.15,64.77,89.1
2026-08-25 10:51:20.152326,Sitapura Industrial,662.71,106.59,88.3
2026-08-25 11:51:20.152326,Sitapura Industrial,636.56,159.43,75.7
2026-08-25 12:51:20.152326,Sitapura Industrial,627.25,171.89,72.3
2026-08-25 13:51:20.152326,Sitapura Industrial,613.98,181.73,68.6
2026-08-25 14:51:20.152326,Sitapura Industrial,622.25,150.48,74.9
2026-08-25 15:51:20.152326,Sitapura Industrial,630.26,148.32,76.5
2026-08-25 16:51:20.152326,Sitapura Industrial,630.03,102.07,83.8
2026-08-25 17:51:20.152326,Sitapura Industrial,653.69,56.5,94.8
2026-08-25 18:51:20.152326,Sitapura Industrial,667.62,41.72,99.4
2026-08-25 19:51:20.152326,Sitapura Industrial,321.44,21.3,47.6
2026-08-25 20:51:20.152326,Sitapura Industrial,317.82,8.52,49.1
2026-08-25 21:51:20.152326,Sitapura Industrial,278.7,3.0,43.8
2026-08-25 22:51:20.152326,Sitapura Industrial,356.86,1.07,56.5
2026-08-25 23:51:20.152326,Sitapura Industrial,318.94,0.29,50.6
2026-08-26 00:51:20.152326,Sitapura Industrial,328.19,0.0,52.1
2026-08-26 01:51:20.152326,Sitapura Industrial,325.09,0.02,51.6
2026-08-26 02:51:20.152326,Sitapura Industrial,327.78,0.08,52.0
2026-08-26 03:51:20.152326,Sitapura Industrial,302.23,0.27,47.9
2026-08-26 04:51:20.152326,Sitapura Industrial,320.29,1.1,50.7
2026-08-26 05:51:20.152326,Sitapura Industrial,313.94,2.89,49.4
2026-08-26 06:51:20.152326,Sitapura Industrial,278.43,7.34,43.0
2026-08-26 07:51:20.152326,Sitapura Industrial,302.56,20.11,44.8
2026-08-26 08:51:20.152326,Sitapura Industrial,647.14,41.73,96.1
2026-08-26 09:51:20.152326,Sitapura Industrial,651.87,80.58,90.7
2026-08-26 10:51:20.152326,Sitapura Industrial,684.97,93.49,93.9
2026-08-26 11:51:20.152326,Sitapura Industrial,644.04,134.07,80.9
2026-08-26 12:51:20.152326,Sitapura Industrial,632.63,174.64,72.7
2026-08-26 13:51:20.152326,Sitapura Industrial,652.73,184.96,74.2
2026-08-26 14:51:20.152326,Sitapura Industrial,635.85,165.69,74.6
2026-08-26 15:51:20.152326,Sitapura Industrial,638.18,145.65,78.2
2026-08-26 16:51:20.152326,Sitapura Industrial,610.58,97.68,81.4
2026-08-26 17:51:20.152326,Sitapura Industrial,639.31,63.03,91.5
2026-08-26 18:51:20.152326,Sitapura Industrial,676.1,36.16,101.6
2026-08-26 19:51:20.152326,Sitapura Industrial,309.17,19.68,45.9
2026-08-26 20:51:20.152326,Sitapura Industrial,292.75,8.42,45.1
2026-08-26 21:51:20.152326,Sitapura Industrial,310.73,3.14,48.8
2026-08-26 22:51:20.152326,Sitapura Industrial,319.22,1.23,50.5
2026-08-26 23:51:20.152326,Sitapura Industrial,286.3,0.35,45.4
2026-08-27 00:51:20.152326,Sitapura Industrial,298.15,0.0,47.3
2026-08-27 01:51:20.152326,Sitapura Industrial,350.76,0.02,55.7
2026-08-27 02:51:20.152326,Sitapura Industrial,306.27,0.07,48.6
2026-08-27 03:51:20.152326,Sitapura Industrial,298.34,0.35,47.3
2026-08-27 04:51:20.152326,Sitapura Industrial,312.29,1.09,49.4
2026-08-27 05:51:20.152326,Sitapura Industrial,341.34,3.6,53.6
2026-08-27 06:51:20.152326,Sitapura Industrial,277.28,8.09,42.7
2026-08-27 07:51:20.152326,Sitapura Industrial,308.98,17.53,46.3
2026-08-27 08:51:20.152326,Sitapura Industrial,651.96,38.73,97.3
2026-08-27 09:51:20.152326,Sitapura Industrial,630.28,76.63,87.9
2026-08-27 10:51:20.152326,Sitapura Industrial,698.11,121.44,91.5
2026-08-27 11:51:20.152326,Sitapura Industrial,654.25,156.54,79.0
2026-08-27 12:51:20.152326,Sitapura Industrial,623.23,201.16,67.0
2026-08-27 13:51:20.152326,Sitapura Industrial,681.95,180.14,79.7
2026-08-27 14:51:20.152326,Sitapura Industrial,644.43,150.91,78.3
2026-08-27 15:51:20.152326,Sitapura Industrial,599.42,146.97,71.8
2026-08-27 16:51:20.152326,Sitapura Industrial,646.57,87.03,88.8
2026-08-27 17:51:20.152326,Sitapura Industrial,579.07,65.03,81.6
2026-08-27 18:51:20.152326,Sitapura Industrial,718.83,43.47,107.2
2026-08-27 19:51:20.152326,Sitapura Industrial,342.66,16.44,51.8
2026-08-27 20:51:20.152326,Sitapura Industrial,339.55,7.64,52.7
2026-08-27 21:51:20.152326,Sitapura Industrial,321.91,3.18,50.6
2026-08-27 22:51:20.152326,Sitapura Industrial,332.64,1.02,52.6
2026-08-27 23:51:20.152326,Sitapura Industrial,323.29,0.34,51.3
2026-08-28 00:51:20.152326,Sitapura Industrial,348.45,0.0,55.3
2026-08-28 01:51:20.152326,Sitapura Industrial,301.85,0.02,47.9
2026-08-28 02:51:20.152326,Sitapura Industrial,321.27,0.09,51.0
2026-08-28 03:51:20.152326,Sitapura Industrial,333.4,0.3,52.9
2026-08-28 04:51:20.152326,Sitapura Industrial,333.51,1.18,52.8
2026-08-28 05:51:20.152326,Sitapura Industrial,311.93,3.28,49.0
2026-08-28 06:51:20.152326,Sitapura Industrial,307.08,8.91,47.3
2026-08-28 07:51:20.152326,Sitapura Industrial,345.37,18.29,51.9
2026-08-28 08:51:20.152326,Sitapura Industrial,613.16,36.7,91.5
2026-08-28 09:51:20.152326,Sitapura Industrial,597.74,72.09,83.4
2026-08-28 10:51:20.152326,Sitapura Industrial,615.61,112.38,79.9
2026-08-28 11:51:20.152326,Sitapura Industrial,730.84,166.01,89.7
2026-08-28 12:51:20.152326,Sitapura Industrial,656.84,194.88,73.3
2026-08-28 13:51:20.152326,Sitapura Industrial,638.42,160.96,75.8
2026-08-28 14:51:20.152326,Sitapura Industrial,624.84,186.91,69.5
2026-08-28 15:51:20.152326,Sitapura Industrial,645.89,144.56,79.6
2026-08-28 16:51:20.152326,Sitapura Industrial,603.39,110.44,78.2
2026-08-28 17:51:20.152326,Sitapura Industrial,619.29,71.25,87.0
2026-08-28 18:51:20.152326,Sitapura Industrial,645.72,37.09,96.6
2026-08-28 19:51:20.152326,Sitapura Industrial,328.45,18.5,49.2
2026-08-28 20:51:20.152326,Sitapura Industrial,320.53,8.58,49.5
2026-08-28 21:51:20.152326,Sitapura Industrial,322.4,3.45,50.6
2026-08-28 22:51:20.152326,Sitapura Industrial,319.8,1.03,50.6
2026-08-28 23:51:20.152326,Sitapura Industrial,277.03,0.37,43.9
2026-08-29 00:51:20.152326,Sitapura Industrial,313.09,0.0,49.7
2026-08-29 01:51:20.152326,Sitapura Industrial,319.52,0.01,50.7
2026-08-29 02:51:20.152326,Sitapura Industrial,320.83,0.07,50.9
2026-08-29 03:51:20.152326,Sitapura Industrial,311.45,0.21,49.4
2026-08-29 04:51:20.152326,Sitapura Industrial,314.34,0.8,49.8
2026-08-29 05:51:20.152326,Sitapura Industrial,338.99,2.54,53.4
2026-08-29 06:51:20.152326,Sitapura Industrial,348.44,5.64,54.4
2026-08-29 07:51:20.152326,Sitapura Industrial,319.51,15.09,48.3
2026-08-29 08:51:20.152326,Sitapura Industrial,669.23,26.95,101.9
2026-08-29 09:51:20.152326,Sitapura Industrial,635.63,57.21,91.8
2026-08-29 10:51:20.152326,Sitapura Industrial,593.76,70.02,83.1
2026-08-29 11:51:20.152326,Sitapura Industrial,652.26,100.71,87.5
2026-08-29 12:51:20.152326,Sitapura Industrial,617.92,108.74,80.8
2026-08-29 13:51:20.152326,Sitapura Industrial,633.46,162.82,74.7
2026-08-29 14:51:20.152326,Sitapura Industrial,582.56,125.44,72.6
2026-08-29 15:51:20.152326,Sitapura Industrial,591.94,105.7,77.2
2026-08-29 16:51:20.152326,Sitapura Industrial,650.43,93.56,88.4
2026-08-29 17:51:20.152326,Sitapura Industrial,671.15,55.66,97.7
2026-08-29 18:51:20.152326,Sitapura Industrial,625.64,30.61,94.4
2026-08-29 19:51:20.152326,Sitapura Industrial,314.99,15.54,47.5
2026-08-29 20:51:20.152326,Sitapura Industrial,326.97,6.87,50.8
2026-08-29 21:51:20.152326,Sitapura Industrial,335.31,2.4,52.8
2026-08-29 22:51:20.152326,Sitapura Industrial,302.48,0.79,47.9
2026-08-29 23:51:20.152326,Sitapura Industrial,306.44,0.26,48.6
2026-08-30 00:51:20.152326,Sitapura Industrial,316.98,0.0,50.3
2026-08-30 01:51:20.152326,Sitapura Industrial,356.41,0.02,56.6
2026-08-30 02:51:20.152326,Sitapura Industrial,335.9,0.06,53.3
2026-08-30 03:51:20.152326,Sitapura Industrial,301.71,0.21,47.9
2026-08-30 04:51:20.152326,Sitapura Industrial,318.9,0.84,50.5
2026-08-30 05:51:20.152326,Sitapura Industrial,313.91,2.07,49.5
2026-08-30 06:51:20.152326,Sitapura Industrial,312.77,6.07,48.7
2026-08-30 07:51:20.152326,Sitapura Industrial,326.45,13.74,49.6
2026-08-30 08:51:20.152326,Sitapura Industrial,648.34,28.53,98.4
2026-08-30 09:51:20.152326,Sitapura Industrial,652.34,48.9,95.8
2026-08-30 10:51:20.152326,Sitapura Industrial,642.04,62.69,92.0
2026-08-30 11:51:20.152326,Sitapura Industrial,655.7,98.79,88.4
2026-08-30 12:51:20.152326,Sitapura Industrial,587.29,130.48,72.5
2026-08-30 13:51:20.152326,Sitapura Industrial,711.48,141.57,90.5
2026-08-30 14:51:20.152326,Sitapura Industrial,636.34,143.61,78.2
2026-08-30 15:51:20.152326,Sitapura Industrial,661.91,114.53,86.9
2026-08-30 16:51:20.152326,Sitapura Industrial,562.33,67.97,78.5
2026-08-30 17:51:20.152326,Sitapura Industrial,622.36,40.49,92.4
2026-08-30 18:51:20.152326,Sitapura Industrial,653.23,28.92,99.1
2026-08-30 19:51:20.152326,Sitapura Industrial,335.09,13.91,51.0
2026-08-30 20:51:20.152326,Sitapura Industrial,341.62,7.15,53.1
2026-08-30 21:51:20.152326,Sitapura Industrial,324.24,2.06,51.1
2026-08-30 22:51:20.152326,Sitapura Industrial,306.85,0.75,48.6
2026-08-30 23:51:20.152326,Sitapura Industrial,292.59,0.24,46.4
2026-08-31 00:51:20.152326,Sitapura Industrial,304.84,0.0,48.4
2026-08-31 01:51:20.152326,Sitapura Industrial,317.67,0.02,50.4
2026-08-31 02:51:20.152326,Sitapura Industrial,315.79,0.09,50.1
2026-08-31 03:51:20.152326,Sitapura Industrial,324.26,0.32,51.4
2026-08-31 04:51:20.152326,Sitapura Industrial,322.13,0.86,51.0
2026-08-31 05:51:20.152326,Sitapura Industrial,343.43,3.15,54.0
2026-08-31 06:51:20.152326,Sitapura Industrial,303.35,7.7,46.9
2026-08-31 07:51:20.152326,Sitapura Industrial,318.42,18.04,47.7
2026-08-31 08:51:20.152326,Sitapura Industrial,562.05,34.82,83.7
2026-08-31 09:51:20.152326,Sitapura Industrial,672.84,78.17,94.4
2026-08-31 10:51:20.152326,Sitapura Industrial,688.17,110.43,91.7
2026-08-31 11:51:20.152326,Sitapura Industrial,689.07,156.71,84.5
2026-08-31 12:51:20.152326,Sitapura Industrial,683.42,147.28,85.1
2026-08-31 13:51:20.152326,Sitapura Industrial,538.63,185.62,56.0
2026-08-31 14:51:20.152326,Sitapura Industrial,555.29,169.08,61.3
2026-08-31 15:51:20.152326,Sitapura Industrial,636.88,137.32,79.3
2026-08-31 16:51:20.152326,Sitapura Industrial,634.15,95.64,85.5
2026-08-31 17:51:20.152326,Sitapura Industrial,667.67,63.98,95.8
2026-08-31 18:51:20.152326,Sitapura Industrial,625.29,40.91,92.8
2026-08-31 19:51:20.152326,Sitapura Industrial,308.96,20.16,45.8
2026-08-31 20:51:20.152326,Sitapura Industrial,330.84,9.57,51.0
2026-08-31 21:51:20.152326,Sitapura Industrial,307.47,3.42,48.3
2026-08-31 22:51:20.152326,Sitapura Industrial,317.07,0.88,50.2
2026-08-31 23:51:20.152326,Sitapura Industrial,331.88,0.36,52.6
2026-09-01 00:51:20.152326,Sitapura Industrial,305.82,0.0,48.5
2026-09-01 01:51:20.152326,Sitapura Industrial,320.42,0.02,50.9
2026-09-01 02:51:20.152326,Sitapura Industrial,322.38,0.08,51.2
2026-09-01 03:51:20.152326,Sitapura Industrial,282.12,0.33,44.7
2026-09-01 04:51:20.152326,Sitapura Industrial,339.5,1.02,53.7
2026-09-01 05:51:20.152326,Sitapura Industrial,351.32,3.18,55.3
2026-09-01 06:51:20.152326,Sitapura Industrial,313.81,7.55,48.6
2026-09-01 07:51:20.152326,Sitapura Industrial,308.13,17.41,46.1
2026-09-01 08:51:20.152326,Sitapura Industrial,632.65,42.79,93.6
2026-09-01 09:51:20.152326,Sitapura Industrial,669.83,61.99,96.5
2026-09-01 10:51:20.152326,Sitapura Industrial,661.39,115.04,86.7
2026-09-01 11:51:20.152326,Sitapura Industrial,612.89,141.38,74.8
2026-09-01 12:51:20.152326,Sitapura Industrial,639.14,194.48,70.6
2026-09-01 13:51:20.152326,Sitapura Industrial,628.71,190.6,69.5
2026-09-01 14:51:20.152326,Sitapura Industrial,701.02,172.28,83.9
2026-09-01 15:51:20.152326,Sitapura Industrial,631.51,143.98,77.4
2026-09-01 16:51:20.152326,Sitapura Industrial,668.37,88.32,92.1
2026-09-01 17:51:20.152326,Sitapura Industrial,622.0,72.88,87.2
2026-09-01 18:51:20.152326,Sitapura Industrial,621.49,29.86,93.9
2026-09-01 19:51:20.152326,Sitapura Industrial,334.55,17.02,50.4
2026-09-01 20:51:20.152326,Sitapura Industrial,297.56,6.74,46.2
2026-09-01 21:51:20.152326,Sitapura Industrial,326.86,3.4,51.3
2026-09-01 22:51:20.152326,Sitapura Industrial,315.21,1.09,49.9
2026-09-01 23:51:20.152326,Sitapura Industrial,321.32,0.3,51.0
2026-09-02 00:51:20.152326,Sitapura Industrial,322.0,0.0,51.1
2026-09-02 01:51:20.152326,Sitapura Industrial,316.07,0.02,50.2
2026-09-02 02:51:20.152326,Sitapura Industrial,321.47,0.09,51.0
2026-09-02 03:51:20.152326,Sitapura Industrial,300.58,0.3,47.7
2026-09-02 04:51:20.152326,Sitapura Industrial,331.76,0.96,52.5
2026-09-02 05:51:20.152326,Sitapura Industrial,308.69,3.55,48.4
2026-09-02 06:51:20.152326,Sitapura Industrial,295.06,9.66,45.3
2026-09-02 07:51:20.152326,Sitapura Industrial,333.09,16.78,50.2
2026-09-02 08:51:20.152326,Sitapura Industrial,598.41,42.74,88.2
2026-09-02 09:51:20.152326,Sitapura Industrial,572.07,62.96,80.8
2026-09-02 10:51:20.152326,Sitapura Industrial,660.56,106.13,88.0
2026-09-02 11:51:20.152326,Sitapura Industrial,687.42,154.6,84.6
2026-09-02 12:51:20.152326,Sitapura Industrial,611.12,187.32,67.3
2026-09-02 13:51:20.152326,Sitapura Industrial,604.26,167.13,69.4
2026-09-02 14:51:20.152326,Sitapura Industrial,668.06,170.16,79.0
2026-09-02 15:51:20.152326,Sitapura Industrial,641.78,141.93,79.3
2026-09-02 16:51:20.152326,Sitapura Industrial,647.72,116.97,84.2
2026-09-02 17:51:20.152326,Sitapura Industrial,602.2,83.73,82.3
2026-09-02 18:51:20.152326,Sitapura Industrial,588.83,41.73,86.8
2026-09-02 19:51:20.152326,Sitapura Industrial,287.24,20.01,42.4
2026-09-02 20:51:20.152326,Sitapura Industrial,348.92,7.54,54.2
2026-09-02 21:51:20.152326,Sitapura Industrial,312.46,2.98,49.1
2026-09-02 22:51:20.152326,Sitapura Industrial,311.87,1.0,49.3
2026-09-02 23:51:20.152326,Sitapura Industrial,316.79,0.32,50.2
2026-09-03 00:51:20.152326,Sitapura Industrial,317.81,0.0,50.4
2026-09-03 01:51:20.152326,Sitapura Industrial,320.08,0.02,50.8
2026-09-03 02:51:20.152326,Sitapura Industrial,284.74,0.08,45.2
2026-09-03 03:51:20.152326,Sitapura Industrial,320.55,0.34,50.8
2026-09-03 04:51:20.152326,Sitapura Industrial,292.73,1.19,46.3
2026-09-03 05:51:20.152326,Sitapura Industrial,295.91,2.73,46.5
2026-09-03 06:51:20.152326,Sitapura Industrial,309.85,6.32,48.2
2026-09-03 07:51:20.152326,Sitapura Industrial,305.34,19.88,45.3
2026-09-03 08:51:20.152326,Sitapura Industrial,629.42,39.44,93.6
2026-09-03 09:51:20.152326,Sitapura Industrial,557.79,64.85,78.2
2026-09-03 10:51:20.152326,Sitapura Industrial,652.89,122.03,84.3
2026-09-03 11:51:20.152326,Sitapura Industrial,600.92,117.09,76.8
2026-09-03 12:51:20.152326,Sitapura Industrial,606.14,160.85,70.7
2026-09-03 13:51:20.152326,Sitapura Industrial,710.54,181.37,84.0
2026-09-03 14:51:20.152326,Sitapura Industrial,669.18,208.19,73.2
2026-09-03 15:51:20.152326,Sitapura Industrial,634.13,147.68,77.2
2026-09-03 16:51:20.152326,Sitapura Industrial,672.58,115.52,88.4
2026-09-03 17:51:20.152326,Sitapura Industrial,639.82,64.46,91.3
2026-09-03 18:51:20.152326,Sitapura Industrial,693.55,45.86,102.8
2026-09-03 19:51:20.152326,Sitapura Industrial,303.76,20.02,45.0
2026-09-03 20:51:20.152326,Sitapura Industrial,291.36,7.71,45.0
2026-09-03 21:51:20.152326,Sitapura Industrial,297.59,3.08,46.7
2026-09-03 22:51:20.152326,Sitapura Industrial,339.06,1.01,53.7
2026-09-03 23:51:20.152326,Sitapura Industrial,306.42,0.31,48.6
2026-09-04 00:51:20.152326,Sitapura Industrial,307.9,0.0,48.9
2026-09-04 01:51:20.152326,Sitapura Industrial,319.38,0.02,50.7
2026-09-04 02:51:20.152326,Sitapura Industrial,310.18,0.08,49.2
2026-09-04 03:51:20.152326,Sitapura Industrial,325.32,0.36,51.6
2026-09-04 04:51:20.152326,Sitapura Industrial,286.92,1.08,45.4
2026-09-04 05:51:20.152326,Sitapura Industrial,345.7,2.91,54.4
2026-09-04 06:51:20.152326,Sitapura Industrial,312.46,8.32,48.3
2026-09-04 07:51:20.152326,Sitapura Industrial,361.34,17.8,54.5
2026-09-04 08:51:20.152326,Sitapura Industrial,588.29,42.13,86.7
2026-09-04 09:51:20.152326,Sitapura Industrial,627.68,55.81,90.8
2026-09-04 10:51:20.152326,Sitapura Industrial,637.65,108.01,84.1
2026-09-04 11:51:20.152326,Sitapura Industrial,683.28,139.59,86.3
2026-09-04 12:51:20.152326,Sitapura Industrial,643.66,210.43,68.8
2026-09-04 13:51:20.152326,Sitapura Industrial,607.16,192.94,65.7
2026-09-04 14:51:20.152326,Sitapura Industrial,578.32,200.38,60.0
2026-09-04 15:51:20.152326,Sitapura Industrial,619.87,138.31,76.4
2026-09-04 16:51:20.152326,Sitapura Industrial,650.79,98.08,87.7
2026-09-04 17:51:20.152326,Sitapura Industrial,600.31,66.64,84.7
2026-09-04 18:51:20.152326,Sitapura Industrial,638.69,41.21,94.8
2026-09-04 19:51:20.152326,Sitapura Industrial,326.03,18.76,48.8
2026-09-04 20:51:20.152326,Sitapura Industrial,300.95,9.9,46.2
2026-09-04 21:51:20.152326,Sitapura Industrial,327.42,2.55,51.6
2026-09-04 22:51:20.152326,Sitapura Industrial,311.57,1.18,49.3
2026-09-04 23:51:20.152326,Sitapura Industrial,304.83,0.27,48.3
2026-09-05 00:51:20.152326,Sitapura Industrial,323.94,0.0,51.4
2026-09-05 01:51:20.152326,Sitapura Industrial,328.7,0.02,52.2
2026-09-05 02:51:20.152326,Sitapura Industrial,328.87,0.07,52.2
2026-09-05 03:51:20.152326,Sitapura Industrial,349.82,0.23,55.5
2026-09-05 04:51:20.152326,Sitapura Industrial,325.6,0.82,51.6
2026-09-05 05:51:20.152326,Sitapura Industrial,333.02,2.4,52.5
2026-09-05 06:51:20.152326,Sitapura Industrial,294.24,5.04,45.9
2026-09-05 07:51:20.152326,Sitapura Industrial,319.06,17.16,47.9
2026-09-05 08:51:20.152326,Sitapura Industrial,640.57,24.69,97.8
2026-09-05 09:51:20.152326,Sitapura Industrial,568.08,38.87,84.0
2026-09-05 10:51:20.152326,Sitapura Industrial,654.4,76.74,91.7
2026-09-05 11:51:20.152326,Sitapura Industrial,686.92,99.11,93.3
2026-09-05 12:51:20.152326,Sitapura Industrial,524.14,120.73,64.0
2026-09-05 13:51:20.152326,Sitapura Industrial,604.16,142.8,73.2
2026-09-05 14:51:20.152326,Sitapura Industrial,636.06,124.34,81.2
2026-09-05 15:51:20.152326,Sitapura Industrial,639.15,88.77,87.4
2026-09-05 16:51:20.152326,Sitapura Industrial,643.06,69.34,91.1
2026-09-05 17:51:20.152326,Sitapura Industrial,572.31,44.13,83.8
2026-09-05 18:51:20.152326,Sitapura Industrial,627.14,29.01,94.9
2026-09-05 19:51:20.152326,Sitapura Industrial,285.37,13.52,43.2
2026-09-05 20:51:20.152326,Sitapura Industrial,301.67,5.58,47.0
2026-09-05 21:51:20.152326,Sitapura Industrial,310.04,2.61,48.8
2026-09-05 22:51:20.152326,Sitapura Industrial,350.78,0.78,55.6
2026-09-05 23:51:20.152326,Sitapura Industrial,309.39,0.22,49.1
2026-09-06 00:51:20.152326,Sitapura Industrial,306.54,0.0,48.7
2026-09-06 01:51:20.152326,Sitapura Industrial,352.76,0.01,56.0
2026-09-06 02:51:20.152326,Sitapura Industrial,312.18,0.07,49.5
2026-09-06 03:51:20.152326,Sitapura Industrial,316.04,0.21,50.1
2026-09-06 04:51:20.152326,Sitapura Industrial,306.35,0.88,48.5
2026-09-06 05:51:20.152326,Sitapura Industrial,326.8,2.78,51.4
2026-09-06 06:51:20.152326,Sitapura Industrial,301.91,6.95,46.8
2026-09-06 07:51:20.152326,Sitapura Industrial,333.62,15.06,50.6
2026-09-06 08:51:20.152326,Sitapura Industrial,639.4,28.11,97.0
2026-09-06 09:51:20.152326,Sitapura Industrial,632.9,49.36,92.6
2026-09-06 10:51:20.152326,Sitapura Industrial,650.83,86.99,89.5
2026-09-06 11:51:20.152326,Sitapura Industrial,600.45,117.14,76.7
2026-09-06 12:51:20.152326,Sitapura Industrial,578.12,141.87,69.2
2026-09-06 13:51:20.152326,Sitapura Industrial,642.34,138.17,80.0
2026-09-06 14:51:20.152326,Sitapura Industrial,643.05,144.09,79.2
2026-09-06 15:51:20.152326,Sitapura Industrial,598.76,94.52,80.0
2026-09-06 16:51:20.152326,Sitapura Industrial,513.8,89.88,67.3
2026-09-06 17:51:20.152326,Sitapura Industrial,583.48,51.18,84.5
2026-09-06 18:51:20.152326,Sitapura Industrial,622.67,28.76,94.3
2026-09-06 19:51:20.152326,Sitapura Industrial,351.22,13.26,53.6
2026-09-06 20:51:20.152326,Sitapura Industrial,346.42,5.73,54.1
2026-09-06 21:51:20.152326,Sitapura Industrial,270.44,2.27,42.6
2026-09-06 22:51:20.152326,Sitapura Industrial,315.02,0.69,49.9
2026-09-06 23:51:20.152326,Sitapura Industrial,319.84,0.21,50.7
2026-09-07 00:51:20.152326,Sitapura Industrial,308.52,0.0,49.0
2026-09-07 01:51:20.152326,Sitapura Industrial,333.92,0.02,53.0
2026-09-07 02:51:20.152326,Sitapura Industrial,283.15,0.09,44.9
2026-09-07 03:51:20.152326,Sitapura Industrial,333.45,0.31,52.9
2026-09-07 04:51:20.152326,Sitapura Industrial,305.4,1.07,48.3
2026-09-07 05:51:20.152326,Sitapura Industrial,294.76,3.04,46.3
2026-09-07 06:51:20.152326,Sitapura Industrial,291.47,8.11,45.0
2026-09-07 07:51:20.152326,Sitapura Industrial,310.55,19.07,46.3
2026-09-07 08:51:20.152326,Sitapura Industrial,641.82,42.64,95.1
2026-09-07 09:51:20.152326,Sitapura Industrial,636.0,64.0,90.8
2026-09-07 10:51:20.152326,Sitapura Industrial,587.7,99.82,77.4
2026-09-07 11:51:20.152326,Sitapura Industrial,598.43,122.2,75.6
2026-09-07 12:51:20.152326,Sitapura Industrial,667.56,191.82,75.5
2026-09-07 13:51:20.152326,Sitapura Industrial,645.55,186.56,72.9
2026-09-07 14:51:20.152326,Sitapura Industrial,701.63,176.48,83.4
2026-09-07 15:51:20.152326,Sitapura Industrial,631.52,125.02,80.4
2026-09-07 16:51:20.152326,Sitapura Industrial,629.73,97.92,84.4
2026-09-07 17:51:20.152326,Sitapura Industrial,618.45,49.18,90.4
2026-09-07 18:51:20.152326,Sitapura Industrial,592.03,33.2,88.7
2026-09-07 19:51:20.152326,Sitapura Industrial,305.94,17.97,45.7
2026-09-07 20:51:20.152326,Sitapura Industrial,343.8,8.07,53.3
2026-09-07 21:51:20.152326,Sitapura Industrial,312.41,2.75,49.2
2026-09-07 22:51:20.152326,Sitapura Industrial,317.51,0.95,50.2
2026-09-07 23:51:20.152326,Sitapura Industrial,307.73,0.29,48.8
2026-09-08 00:51:20.152326,Sitapura Industrial,309.46,0.0,49.1
2026-09-08 01:51:20.152326,Sitapura Industrial,315.92,0.02,50.1
2026-09-08 02:51:20.152326,Sitapura Industrial,339.61,0.07,53.9
2026-09-08 03:51:20.152326,Sitapura Industrial,314.49,0.32,49.9
2026-09-08 04:51:20.152326,Sitapura Industrial,302.26,1.17,47.8
2026-09-08 05:51:20.152326,Sitapura Industrial,316.11,3.8,49.6
2026-09-08 06:51:20.152326,Sitapura Industrial,317.73,8.08,49.2
2026-09-08 07:51:20.152326,Sitapura Industrial,322.2,20.07,48.0
2026-09-08 08:51:20.152326,Sitapura Industrial,672.46,38.9,100.6
2026-09-08 09:51:20.152326,Sitapura Industrial,693.51,42.82,103.3
2026-09-08 10:51:20.152326,Sitapura Industrial,642.57,91.14,87.5
2026-09-08 11:51:20.152326,Sitapura Industrial,643.42,148.55,78.6
2026-09-08 12:51:20.152326,Sitapura Industrial,632.89,150.6,76.6
2026-09-08 13:51:20.152326,Sitapura Industrial,637.21,207.91,68.1
2026-09-08 14:51:20.152326,Sitapura Industrial,669.02,148.11,82.7
2026-09-08 15:51:20.152326,Sitapura Industrial,608.22,133.56,75.3
2026-09-08 16:51:20.152326,Sitapura Industrial,671.4,102.93,90.2
2026-09-08 17:51:20.152326,Sitapura Industrial,642.06,71.18,90.6
2026-09-08 18:51:20.152326,Sitapura Industrial,576.64,38.77,85.4
2026-09-08 19:51:20.152326,Sitapura Industrial,308.68,19.57,45.9
2026-09-08 20:51:20.152326,Sitapura Industrial,297.24,8.83,45.8
2026-09-08 21:51:20.152326,Sitapura Industrial,328.27,3.29,51.6
2026-09-08 22:51:20.152326,Sitapura Industrial,315.97,1.02,50.0
2026-09-08 23:51:20.152326,Sitapura Industrial,276.47,0.36,43.8
2026-09-09 00:51:20.152326,Sitapura Industrial,280.68,0.0,44.6
2026-09-09 01:51:20.152326,Sitapura Industrial,332.02,0.02,52.7
2026-09-09 02:51:20.152326,Sitapura Industrial,300.22,0.09,47.6
2026-09-09 03:51:20.152326,Sitapura Industrial,297.41,0.37,47.1
2026-09-09 04:51:20.152326,Sitapura Industrial,306.31,0.8,48.5
2026-09-09 05:51:20.152326,Sitapura Industrial,334.89,3.52,52.6
2026-09-09 06:51:20.152326,Sitapura Industrial,270.41,8.71,41.5
2026-09-09 07:51:20.152326,Sitapura Industrial,310.59,20.18,46.1
2026-09-09 08:51:20.152326,Sitapura Industrial,638.66,38.89,95.2
2026-09-09 09:51:20.152326,Sitapura Industrial,684.62,64.82,98.4
2026-09-09 10:51:20.152326,Sitapura Industrial,633.87,115.33,82.3
2026-09-09 11:51:20.152326,Sitapura Industrial,647.69,144.46,79.9
2026-09-09 12:51:20.152326,Sitapura Industrial,609.24,197.31,65.4
2026-09-09 13:51:20.152326,Sitapura Industrial,614.79,184.19,68.3
2026-09-09 14:51:20.152326,Sitapura Industrial,667.02,170.14,78.9
2026-09-09 15:51:20.152326,Sitapura Industrial,630.28,186.97,70.4
2026-09-09 16:51:20.152326,Sitapura Industrial,633.48,99.14,84.8
2026-09-09 17:51:20.152326,Sitapura Industrial,586.3,82.41,80.0
2026-09-09 18:51:20.152326,Sitapura Industrial,596.33,48.44,87.0
2026-09-09 19:51:20.152326,Sitapura Industrial,322.25,20.55,47.9
2026-09-09 20:51:20.152326,Sitapura Industrial,306.23,7.82,47.4
2026-09-09 21:51:20.152326,Sitapura Industrial,322.83,3.33,50.7
2026-09-09 22:51:20.152326,Sitapura Industrial,288.07,1.14,45.5
2026-09-09 23:51:20.152326,Sitapura Industrial,322.36,0.39,51.1
2026-09-10 00:51:20.152326,Sitapura Industrial,333.57,0.0,52.9
2026-09-10 01:51:20.152326,Sitapura Industrial,295.95,0.02,47.0
2026-09-10 02:51:20.152326,Sitapura Industrial,305.28,0.08,48.4
2026-09-10 03:51:20.152326,Sitapura Industrial,326.21,0.35,51.7
2026-09-10 04:51:20.152326,Sitapura Industrial,295.29,1.02,46.7
2026-09-10 05:51:20.152326,Sitapura Industrial,319.15,3.33,50.1
2026-09-10 06:51:20.152326,Sitapura Industrial,303.19,6.95,47.0
2026-09-10 07:51:20.152326,Sitapura Industrial,316.55,22.01,46.8
2026-09-10 08:51:20.152326,Sitapura Industrial,685.9,37.88,102.9
2026-09-10 09:51:20.152326,Sitapura Industrial,651.42,60.4,93.8
2026-09-10 10:51:20.152326,Sitapura Industrial,619.68,108.65,81.1
2026-09-10 11:51:20.152326,Sitapura Industrial,640.5,125.95,81.7
2026-09-10 12:51:20.152326,Sitapura Industrial,597.15,160.4,69.3
2026-09-10 13:51:20.152326,Sitapura Industrial,663.36,224.33,69.7
2026-09-10 14:51:20.152326,Sitapura Industrial,605.73,149.05,72.5
2026-09-10 15:51:20.152326,Sitapura Industrial,600.43,161.48,69.7
2026-09-10 16:51:20.152326,Sitapura Industrial,606.55,92.52,81.6
2026-09-10 17:51:20.152326,Sitapura Industrial,640.37,71.97,90.2
2026-09-10 18:51:20.152326,Sitapura Industrial,656.79,35.89,98.6
2026-09-10 19:51:20.152326,Sitapura Industrial,345.46,17.64,52.0
2026-09-10 20:51:20.152326,Sitapura Industrial,282.97,7.1,43.8
2026-09-10 21:51:20.152326,Sitapura Industrial,315.19,3.12,49.5
2026-09-10 22:51:20.152326,Sitapura Industrial,323.78,0.99,51.2
2026-09-10 23:51:20.152326,Sitapura Industrial,331.83,0.27,52.6
2026-09-11 00:51:20.152326,Sitapura Industrial,335.46,0.0,53.2
2026-09-11 01:51:20.152326,Sitapura Industrial,355.58,0.02,56.4
2026-09-11 02:51:20.152326,Sitapura Industrial,337.86,0.08,53.6
2026-09-11 03:51:20.152326,Sitapura Industrial,318.77,0.27,50.6
2026-09-11 04:51:20.152326,Sitapura Industrial,297.78,1.23,47.1
2026-09-11 05:51:20.152326,Sitapura Industrial,317.02,3.15,49.8
2026-09-11 06:51:20.152326,Sitapura Industrial,296.69,8.32,45.8
2026-09-11 07:51:20.152326,Sitapura Industrial,282.69,20.89,41.6
2026-09-11 08:51:20.152326,Sitapura Industrial,636.21,37.2,95.1
2026-09-11 09:51:20.152326,Sitapura Industrial,656.6,70.55,93.0
2026-09-11 10:51:20.152326,Sitapura Industrial,630.78,105.51,83.4
2026-09-11 11:51:20.152326,Sitapura Industrial,624.01,157.27,74.1
2026-09-11 12:51:20.152326,Sitapura Industrial,642.41,170.42,74.9
2026-09-11 13:51:20.152326,Sitapura Industrial,635.16,189.97,70.7
2026-09-11 14:51:20.152326,Sitapura Industrial,596.27,184.94,65.3
2026-09-11 15:51:20.152326,Sitapura Industrial,582.3,143.54,69.6
2026-09-11 16:51:20.152326,Sitapura Industrial,633.39,96.14,85.3
2026-09-11 17:51:20.152326,Sitapura Industrial,610.22,61.77,87.1
2026-09-11 18:51:20.152326,Sitapura Industrial,599.05,44.95,88.0
2026-09-11 19:51:20.152326,Sitapura Industrial,335.01,22.78,49.6
2026-09-11 20:51:20.152326,Sitapura Industrial,315.16,6.57,49.0
2026-09-11 21:51:20.152326,Sitapura Industrial,293.8,3.05,46.2
2026-09-11 22:51:20.152326,Sitapura Industrial,327.56,1.11,51.8
2026-09-11 23:51:20.152326,Sitapura Industrial,319.14,0.33,50.6
2026-09-12 00:51:20.152326,Sitapura Industrial,293.36,0.0,46.6
2026-09-12 01:51:20.152326,Sitapura Industrial,289.07,0.01,45.9
2026-09-12 02:51:20.152326,Sitapura Industrial,327.01,0.06,51.9
2026-09-12 03:51:20.152326,Sitapura Industrial,314.88,0.23,49.9
2026-09-12 04:51:20.152326,Sitapura Industrial,300.43,0.91,47.5
2026-09-12 05:51:20.152326,Sitapura Industrial,306.04,2.19,48.2
2026-09-12 06:51:20.152326,Sitapura Industrial,297.77,6.34,46.3
2026-09-12 07:51:20.152326,Sitapura Industrial,314.83,13.57,47.8
2026-09-12 08:51:20.152326,Sitapura Industrial,706.49,27.75,107.7
2026-09-12 09:51:20.152326,Sitapura Industrial,608.11,49.37,88.7
2026-09-12 10:51:20.152326,Sitapura Industrial,617.2,87.87,84.0
2026-09-12 11:51:20.152326,Sitapura Industrial,599.46,89.13,81.0
2026-09-12 12:51:20.152326,Sitapura Industrial,611.96,111.17,79.5
2026-09-12 13:51:20.152326,Sitapura Industrial,670.26,131.67,85.5
2026-09-12 14:51:20.152326,Sitapura Industrial,623.39,128.35,78.6
2026-09-12 15:51:20.152326,Sitapura Industrial,641.27,98.07,86.2
2026-09-12 16:51:20.152326,Sitapura Industrial,657.0,96.23,89.0
2026-09-12 17:51:20.152326,Sitapura Industrial,585.17,47.62,85.3
2026-09-12 18:51:20.152326,Sitapura Industrial,692.11,31.28,104.9
2026-09-12 19:51:20.152326,Sitapura Industrial,307.99,15.28,46.5
2026-09-12 20:51:20.152326,Sitapura Industrial,328.48,5.63,51.2
2026-09-12 21:51:20.152326,Sitapura Industrial,291.03,2.1,45.9
2026-09-12 22:51:20.152326,Sitapura Industrial,284.97,0.76,45.1
2026-09-12 23:51:20.152326,Sitapura Industrial,279.4,0.24,44.3
2026-09-13 00:51:20.152326,Sitapura Industrial,261.41,0.0,41.5
2026-09-13 01:51:20.152326,Sitapura Industrial,310.69,0.01,49.3
2026-09-13 02:51:20.152326,Sitapura Industrial,300.02,0.06,47.6
2026-09-13 03:51:20.152326,Sitapura Industrial,326.7,0.25,51.8
2026-09-13 04:51:20.152326,Sitapura Industrial,293.98,0.76,46.5
2026-09-13 05:51:20.152326,Sitapura Industrial,332.12,2.2,52.4
2026-09-13 06:51:20.152326,Sitapura Industrial,319.03,5.7,49.7
2026-09-13 07:51:20.152326,Sitapura Industrial,317.08,14.1,48.1
2026-09-13 08:51:20.152326,Sitapura Industrial,603.71,32.16,90.7
2026-09-13 09:51:20.152326,Sitapura Industrial,656.8,52.43,95.9
2026-09-13 10:51:20.152326,Sitapura Industrial,659.82,82.72,91.6
2026-09-13 11:51:20.152326,Sitapura Industrial,657.18,98.13,88.7
2026-09-13 12:51:20.152326,Sitapura Industrial,635.06,135.15,79.4
2026-09-13 13:51:20.152326,Sitapura Industrial,641.91,157.74,76.9
2026-09-13 14:51:20.152326,Sitapura Industrial,624.81,118.94,80.3
2026-09-13 15:51:20.152326,Sitapura Industrial,674.64,119.84,88.1
2026-09-13 16:51:20.152326,Sitapura Industrial,659.49,79.43,92.1
2026-09-13 17:51:20.152326,Sitapura Industrial,584.63,50.77,84.7
2026-09-13 18:51:20.152326,Sitapura Industrial,655.97,32.42,99.0
2026-09-13 19:51:20.152326,Sitapura Industrial,305.09,13.75,46.2
2026-09-13 20:51:20.152326,Sitapura Industrial,303.96,7.06,47.1
2026-09-13 21:51:20.152326,Sitapura Industrial,301.26,1.86,47.5
2026-09-13 22:51:20.152326,Sitapura Industrial,330.27,0.86,52.3
2026-09-13 23:51:20.152326,Sitapura Industrial,324.21,0.25,51.4
2026-09-14 00:51:20.152326,Sitapura Industrial,314.19,0.0,49.9
2026-09-14 01:51:20.152326,Sitapura Industrial,321.07,0.02,51.0
2026-09-14 02:51:20.152326,Sitapura Industrial,281.64,0.08,44.7
2026-09-14 03:51:20.152326,Sitapura Industrial,338.1,0.33,53.6
2026-09-14 04:51:20.152326,Sitapura Industrial,317.35,1.09,50.2
2026-09-14 05:51:20.152326,Sitapura Industrial,322.34,2.8,50.7
2026-09-14 06:51:20.152326,Sitapura Industrial,308.83,8.19,47.7
2026-09-14 07:51:20.152326,Sitapura Industrial,313.91,20.32,46.6
2026-09-14 08:51:20.152326,Sitapura Industrial,620.15,37.6,92.5
2026-09-14 09:51:20.152326,Sitapura Industrial,630.24,65.36,89.7
2026-09-14 10:51:20.152326,Sitapura Industrial,681.8,107.95,91.1
2026-09-14 11:51:20.152326,Sitapura Industrial,664.88,135.81,84.0
2026-09-14 12:51:20.152326,Sitapura Industrial,648.02,134.41,81.5
2026-09-14 13:51:20.152326,Sitapura Industrial,582.34,179.19,64.0
2026-09-14 14:51:20.152326,Sitapura Industrial,560.89,144.77,66.1
2026-09-14 15:51:20.152326,Sitapura Industrial,670.07,143.87,83.5
2026-09-14 16:51:20.152326,Sitapura Industrial,615.71,109.17,80.4
2026-09-14 17:51:20.152326,Sitapura Industrial,653.35,69.36,92.7
2026-09-14 18:51:20.152326,Sitapura Industrial,576.49,44.52,84.4
2026-09-14 19:51:20.152326,Sitapura Industrial,291.02,18.49,43.3
2026-09-14 20:51:20.152326,Sitapura Industrial,313.52,8.85,48.4
2026-09-14 21:51:20.152326,Sitapura Industrial,315.87,3.07,49.7
2026-09-14 22:51:20.152326,Sitapura Industrial,319.64,0.93,50.6
2026-09-14 23:51:20.152326,Sitapura Industrial,338.22,0.35,53.6
2026-09-15 00:51:20.152326,Sitapura Industrial,324.81,0.0,51.6
2026-09-15 01:51:20.152326,Sitapura Industrial,293.06,0.02,46.5
2026-09-15 02:51:20.152326,Sitapura Industrial,308.88,0.09,49.0
2026-09-15 03:51:20.152326,Sitapura Industrial,312.58,0.3,49.6
2026-09-15 04:51:20.152326,Sitapura Industrial,344.11,0.95,54.5
2026-09-15 05:51:20.152326,Sitapura Industrial,276.16,3.09,43.3
2026-09-15 06:51:20.152326,Sitapura Industrial,310.51,7.29,48.1
2026-09-15 07:51:20.152326,Sitapura Industrial,321.02,21.59,47.5
2026-09-15 08:51:20.152326,Sitapura Industrial,693.68,33.03,104.9
2026-09-15 09:51:20.152326,Sitapura Industrial,643.51,60.14,92.6
2026-09-15 10:51:20.152326,Sitapura Industrial,634.96,118.56,82.0
2026-09-15 11:51:20.152326,Sitapura Industrial,600.3,122.34,75.9
2026-09-15 12:51:20.152326,Sitapura Industrial,629.85,166.02,73.6
2026-09-15 13:51:20.152326,Sitapura Industrial,520.82,203.6,50.4
2026-09-15 14:51:20.152326,Sitapura Industrial,645.66,180.91,73.8
2026-09-15 15:51:20.152326,Sitapura Industrial,630.52,136.0,78.5
2026-09-15 16:51:20.152326,Sitapura Industrial,664.43,110.41,87.9
2026-09-15 17:51:20.152326,Sitapura Industrial,656.16,66.57,93.6
2026-09-15 18:51:20.152326,Sitapura Industrial,685.3,45.72,101.5
2026-09-15 19:51:20.152326,Sitapura Industrial,318.48,16.86,47.9
2026-09-15 20:51:20.152326,Sitapura Industrial,317.67,8.0,49.2
2026-09-15 21:51:20.152326,Sitapura Industrial,326.46,3.38,51.3
2026-09-15 22:51:20.152326,Sitapura Industrial,294.82,1.08,46.6
2026-09-15 23:51:20.152326,Sitapura Industrial,312.78,0.32,49.6
2026-09-16 00:51:20.152326,Sitapura Industrial,322.53,0.0,51.2
2026-09-16 01:51:20.152326,Sitapura Industrial,322.02,0.02,51.1
2026-09-16 02:51:20.152326,Sitapura Industrial,302.98,0.08,48.1
2026-09-16 03:51:20.152326,Sitapura Industrial,303.43,0.29,48.1
2026-09-16 04:51:20.152326,Sitapura Industrial,310.35,1.02,49.1
2026-09-16 05:51:20.152326,Sitapura Industrial,312.94,3.2,49.2
2026-09-16 06:51:20.152326,Sitapura Industrial,297.64,6.91,46.1
2026-09-16 07:51:20.152326,Sitapura Industrial,325.5,17.9,48.8
2026-09-16 08:51:20.152326,Sitapura Industrial,584.16,36.63,86.9
2026-09-16 09:51:20.152326,Sitapura Industrial,655.26,76.58,91.9
2026-09-16 10:51:20.152326,Sitapura Industrial,662.16,114.55,86.9
2026-09-16 11:51:20.152326,Sitapura Industrial,575.33,156.67,66.5
2026-09-16 12:51:20.152326,Sitapura Industrial,592.93,161.51,68.5
2026-09-16 13:51:20.152326,Sitapura Industrial,674.19,157.27,82.1
2026-09-16 14:51:20.152326,Sitapura Industrial,570.52,170.58,63.5
2026-09-16 15:51:20.152326,Sitapura Industrial,548.11,166.7,60.5
2026-09-16 16:51:20.152326,Sitapura Industrial,611.31,82.67,83.9
2026-09-16 17:51:20.152326,Sitapura Industrial,593.82,70.53,83.1
2026-09-16 18:51:20.152326,Sitapura Industrial,665.04,34.24,100.1
2026-09-16 19:51:20.152326,Sitapura Industrial,296.31,19.0,44.0
2026-09-16 20:51:20.152326,Sitapura Industrial,300.32,8.94,46.3
2026-09-16 21:51:20.152326,Sitapura Industrial,272.22,2.78,42.8
2026-09-16 22:51:20.152326,Sitapura Industrial,325.97,1.0,51.6
2026-09-16 23:51:20.152326,Sitapura Industrial,353.59,0.24,56.1
2026-09-17 00:51:20.152326,Sitapura Industrial,274.09,0.0,43.5
2026-09-17 01:51:20.152326,Sitapura Industrial,276.96,0.02,44.0
2026-09-17 02:51:20.152326,Sitapura Industrial,280.03,0.08,44.4
2026-09-17 03:51:20.152326,Sitapura Industrial,304.43,0.36,48.3
2026-09-17 04:51:20.152326,Sitapura Industrial,347.97,1.15,55.1
2026-09-17 05:51:20.152326,Sitapura Industrial,323.01,3.14,50.8
2026-09-17 06:51:20.152326,Sitapura Industrial,318.73,7.68,49.4
2026-09-17 07:51:20.152326,Sitapura Industrial,305.02,19.69,45.3
2026-09-17 08:51:20.152326,Sitapura Industrial,662.16,44.71,98.0
2026-09-17 09:51:20.152326,Sitapura Industrial,634.68,62.2,90.9
2026-09-17 10:51:20.152326,Sitapura Industrial,625.35,114.87,81.0
2026-09-17 11:51:20.152326,Sitapura Industrial,604.92,160.16,70.6
2026-09-17 12:51:20.152326,Sitapura Industrial,575.42,167.15,64.8
2026-09-17 13:51:20.152326,Sitapura Industrial,530.96,205.76,51.6
2026-09-17 14:51:20.152326,Sitapura Industrial,636.73,152.99,76.8
2026-09-17 15:51:20.152326,Sitapura Industrial,637.15,139.74,79.0
2026-09-17 16:51:20.152326,Sitapura Industrial,559.75,86.83,75.1
2026-09-17 17:51:20.152326,Sitapura Industrial,661.68,71.43,93.7
2026-09-17 18:51:20.152326,Sitapura Industrial,617.71,35.11,92.5
2026-09-17 19:51:20.152326,Sitapura Industrial,309.61,18.1,46.3
2026-09-17 20:51:20.152326,Sitapura Industrial,299.55,8.07,46.3
2026-09-17 21:51:20.152326,Sitapura Industrial,307.08,3.06,48.3
2026-09-17 22:51:20.152326,Sitapura Industrial,323.63,1.18,51.2
2026-09-17 23:51:20.152326,Sitapura Industrial,320.51,0.31,50.8
2026-09-18 00:51:20.152326,Sitapura Industrial,294.91,0.0,46.8
2026-09-18 01:51:20.152326,Sitapura Industrial,317.75,0.02,50.4
2026-09-18 02:51:20.152326,Sitapura Industrial,314.47,0.09,49.9
2026-09-18 03:51:20.152326,Sitapura Industrial,340.34,0.3,54.0
2026-09-18 04:51:20.152326,Sitapura Industrial,302.03,0.97,47.8
2026-09-18 05:51:20.152326,Sitapura Industrial,315.53,3.46,49.5
2026-09-18 06:51:20.152326,Sitapura Industrial,302.72,7.68,46.8
2026-09-18 07:51:20.152326,Sitapura Industrial,299.57,20.89,44.2
2026-09-18 08:51:20.152326,Sitapura Industrial,655.61,42.68,97.3
2026-09-18 09:51:20.152326,Sitapura Industrial,639.03,70.2,90.3
2026-09-18 10:51:20.152326,Sitapura Industrial,606.99,103.71,79.9
2026-09-18 11:51:20.152326,Sitapura Industrial,588.86,123.13,73.9
2026-09-18 12:51:20.152326,Sitapura Industrial,585.91,174.62,65.3
2026-09-18 13:51:20.152326,Sitapura Industrial,696.11,167.8,83.9
2026-09-18 14:51:20.152326,Sitapura Industrial,679.4,191.23,77.5
2026-09-18 15:51:20.152326,Sitapura Industrial,650.96,143.8,80.5
2026-09-18 16:51:20.152326,Sitapura Industrial,561.25,81.78,76.1
2026-09-18 17:51:20.152326,Sitapura Industrial,620.26,63.74,88.3
2026-09-18 18:51:20.152326,Sitapura Industrial,619.0,29.14,93.6
2026-09-18 19:51:20.152326,Sitapura Industrial,335.95,21.69,49.9
2026-09-18 20:51:20.152326,Sitapura Industrial,289.52,8.4,44.6
2026-09-18 21:51:20.152326,Sitapura Industrial,302.22,3.07,47.5
2026-09-18 22:51:20.152326,Sitapura Industrial,320.44,1.17,50.7
2026-09-18 23:51:20.152326,Sitapura Industrial,287.65,0.34,45.6
2026-09-19 00:51:20.152326,Sitapura Industrial,336.61,0.0,53.4
2026-09-19 01:51:20.152326,Sitapura Industrial,309.66,0.02,49.1
2026-09-19 02:51:20.152326,Sitapura Industrial,322.42,0.06,51.2
2026-09-19 03:51:20.152326,Sitapura Industrial,318.33,0.25,50.5
2026-09-19 04:51:20.152326,Sitapura Industrial,340.97,0.81,54.0
2026-09-19 05:51:20.152326,Sitapura Industrial,329.1,2.33,51.9
2026-09-19 06:51:20.152326,Sitapura Industrial,324.42,5.63,50.6
2026-09-19 07:51:20.152326,Sitapura Industrial,338.45,16.19,51.2
2026-09-19 08:51:20.152326,Sitapura Industrial,675.15,24.48,103.3
2026-09-19 09:51:20.152326,Sitapura Industrial,664.48,51.62,97.3
2026-09-19 10:51:20.152326,Sitapura Industrial,595.33,79.6,81.9
2026-09-19 11:51:20.152326,Sitapura Industrial,561.87,108.54,72.0
2026-09-19 12:51:20.152326,Sitapura Industrial,659.56,135.86,83.1
2026-09-19 13:51:20.152326,Sitapura Industrial,602.03,120.33,76.5
2026-09-19 14:51:20.152326,Sitapura Industrial,634.0,119.71,81.6
2026-09-19 15:51:20.152326,Sitapura Industrial,598.55,119.9,76.0
2026-09-19 16:51:20.152326,Sitapura Industrial,650.56,67.79,92.5
2026-09-19 17:51:20.152326,Sitapura Industrial,568.77,44.09,83.3
2026-09-19 18:51:20.152326,Sitapura Industrial,579.61,28.9,87.4
2026-09-19 19:51:20.152326,Sitapura Industrial,315.38,12.61,48.1
2026-09-19 20:51:20.152326,Sitapura Industrial,295.6,7.49,45.7
2026-09-19 21:51:20.152326,Sitapura Industrial,358.31,2.57,56.5
2026-09-19 22:51:20.152326,Sitapura Industrial,269.37,0.74,42.6
2026-09-19 23:51:20.152326,Sitapura Industrial,291.74,0.27,46.3
2026-09-20 00:51:20.152326,Sitapura Industrial,343.28,0.0,54.5
2026-09-20 01:51:20.152326,Sitapura Industrial,320.78,0.01,50.9
2026-09-20 02:51:20.152326,Sitapura Industrial,329.4,0.07,52.3
2026-09-20 03:51:20.152326,Sitapura Industrial,265.29,0.24,42.1
2026-09-20 04:51:20.152326,Sitapura Industrial,321.33,0.83,50.9
2026-09-20 05:51:20.152326,Sitapura Industrial,316.65,2.08,49.9
2026-09-20 06:51:20.152326,Sitapura Industrial,302.12,6.64,46.9
2026-09-20 07:51:20.152326,Sitapura Industrial,309.94,13.89,47.0
2026-09-20 08:51:20.152326,Sitapura Industrial,620.5,29.76,93.8
2026-09-20 09:51:20.152326,Sitapura Industrial,659.53,58.6,95.4
2026-09-20 10:51:20.152326,Sitapura Industrial,605.11,76.08,84.0
2026-09-20 11:51:20.152326,Sitapura Industrial,687.52,107.4,92.1
2026-09-20 12:51:20.152326,Sitapura Industrial,626.46,116.37,81.0
2026-09-20 13:51:20.152326,Sitapura Industrial,643.51,163.18,76.2
2026-09-20 14:51:20.152326,Sitapura Industrial,622.26,146.18,75.6
2026-09-20 15:51:20.152326,Sitapura Industrial,590.46,122.79,74.2
2026-09-20 16:51:20.152326,Sitapura Industrial,682.97,92.51,93.7
2026-09-20 17:51:20.152326,Sitapura Industrial,656.67,53.4,95.8
2026-09-20 18:51:20.152326,Sitapura Industrial,647.06,29.71,98.0
2026-09-20 19:51:20.152326,Sitapura Industrial,286.03,15.31,43.0
2026-09-20 20:51:20.152326,Sitapura Industrial,322.01,7.02,50.0
2026-09-20 21:51:20.152326,Sitapura Industrial,339.66,2.19,53.6
2026-09-20 22:51:20.152326,Sitapura Industrial,323.41,0.79,51.2
2026-09-20 23:51:20.152326,Sitapura Industrial,291.44,0.2,46.2
2026-09-21 00:51:20.152326,Sitapura Industrial,342.1,0.0,54.3
2026-09-21 01:51:20.152326,Sitapura Industrial,310.48,0.02,49.3
2026-09-21 02:51:20.152326,Sitapura Industrial,334.36,0.07,53.1
2026-09-21 03:51:20.152326,Sitapura Industrial,317.79,0.31,50.4
2026-09-21 04:51:20.152326,Sitapura Industrial,340.34,0.81,53.9
2026-09-21 05:51:20.152326,Sitapura Industrial,287.19,3.26,45.1
2026-09-21 06:51:20.152326,Sitapura Industrial,300.52,8.11,46.4
2026-09-21 07:51:20.152326,Sitapura Industrial,343.32,19.26,51.4
2026-09-21 08:51:20.152326,Sitapura Industrial,619.38,36.87,92.5
2026-09-21 09:51:20.152326,Sitapura Industrial,580.12,61.24,82.4
2026-09-21 10:51:20.152326,Sitapura Industrial,614.95,111.76,79.9
2026-09-21 11:51:20.152326,Sitapura Industrial,723.45,157.71,89.8
2026-09-21 12:51:20.152326,Sitapura Industrial,583.66,173.69,65.1
2026-09-21 13:51:20.152326,Sitapura Industrial,611.75,168.85,70.3
2026-09-21 14:51:20.152326,Sitapura Industrial,616.89,173.79,70.3
2026-09-21 15:51:20.152326,Sitapura Industrial,598.05,138.01,73.0
2026-09-21 16:51:20.152326,Sitapura Industrial,688.6,101.22,93.2
2026-09-21 17:51:20.152326,Sitapura Industrial,608.42,68.66,85.7
2026-09-21 18:51:20.152326,Sitapura Industrial,658.61,38.06,98.5
2026-09-21 19:51:20.152326,Sitapura Industrial,333.76,17.41,50.2
2026-09-21 20:51:20.152326,Sitapura Industrial,315.43,7.96,48.8
2026-09-21 21:51:20.152326,Sitapura Industrial,323.66,3.18,50.9
2026-09-21 22:51:20.152326,Sitapura Industrial,320.88,1.15,50.8
2026-09-21 23:51:20.152326,Sitapura Industrial,321.82,0.29,51.0
2026-09-22 00:51:20.152326,Sitapura Industrial,326.41,0.0,51.8
2026-09-22 01:51:20.152326,Sitapura Industrial,305.75,0.02,48.5
2026-09-22 02:51:20.152326,Sitapura Industrial,312.57,0.08,49.6
2026-09-22 03:51:20.152326,Sitapura Industrial,303.03,0.32,48.0
2026-09-22 04:51:20.152326,Sitapura Industrial,328.68,1.1,52.0
2026-09-22 05:51:20.152326,Sitapura Industrial,309.7,3.01,48.7
2026-09-22 06:51:20.152326,Sitapura Industrial,303.57,7.85,46.9
2026-09-22 07:51:20.152326,Sitapura Industrial,296.9,20.72,43.8
2026-09-22 08:51:20.152326,Sitapura Industrial,672.14,34.58,101.2
2026-09-22 09:51:20.152326,Sitapura Industrial,666.96,61.26,96.1
2026-09-22 10:51:20.152326,Sitapura Industrial,672.34,116.05,88.3
2026-09-22 11:51:20.152326,Sitapura Industrial,579.68,147.47,68.6
2026-09-22 12:51:20.152326,Sitapura Industrial,620.02,184.02,69.2
2026-09-22 13:51:20.152326,Sitapura Industrial,639.99,173.77,74.0
2026-09-22 14:51:20.152326,Sitapura Industrial,633.79,168.34,73.9
2026-09-22 15:51:20.152326,Sitapura Industrial,595.66,129.78,73.9
2026-09-22 16:51:20.152326,Sitapura Industrial,664.74,115.7,87.1
2026-09-22 17:51:20.152326,Sitapura Industrial,638.92,60.54,91.8
2026-09-22 18:51:20.152326,Sitapura Industrial,619.17,38.06,92.2
2026-09-22 19:51:20.152326,Sitapura Industrial,301.34,17.7,45.0
2026-09-22 20:51:20.152326,Sitapura Industrial,316.66,7.67,49.0
2026-09-22 21:51:20.152326,Sitapura Industrial,332.95,2.66,52.4
2026-09-22 22:51:20.152326,Sitapura Industrial,299.13,0.97,47.3
2026-09-22 23:51:20.152326,Sitapura Industrial,328.14,0.36,52.0
2026-09-23 00:51:20.152326,Sitapura Industrial,292.43,0.0,46.4
2026-09-23 01:51:20.152326,Sitapura Industrial,298.12,0.02,47.3
2026-09-23 02:51:20.152326,Sitapura Industrial,323.27,0.09,51.3
2026-09-23 03:51:20.152326,Sitapura Industrial,335.3,0.38,53.2
2026-09-23 04:51:20.152326,Sitapura Industrial,309.33,0.99,48.9
2026-09-23 05:51:20.152326,Sitapura Industrial,330.74,3.26,52.0
2026-09-23 06:51:20.152326,Sitapura Industrial,303.81,8.7,46.8
2026-09-23 07:51:20.152326,Sitapura Industrial,290.71,16.02,43.6
2026-09-23 08:51:20.152326,Sitapura Industrial,591.52,34.58,88.4
2026-09-23 09:51:20.152326,Sitapura Industrial,606.78,65.89,85.9
2026-09-23 10:51:20.152326,Sitapura Industrial,669.77,111.13,88.7
2026-09-23 11:51:20.152326,Sitapura Industrial,641.28,132.89,80.7
2026-09-23 12:51:20.152326,Sitapura Industrial,627.54,166.53,73.2
2026-09-23 13:51:20.152326,Sitapura Industrial,593.4,190.17,64.0
2026-09-23 14:51:20.152326,Sitapura Industrial,676.28,207.76,74.4
2026-09-23 15:51:20.152326,Sitapura Industrial,574.36,132.56,70.1
2026-09-23 16:51:20.152326,Sitapura Industrial,675.74,99.83,91.4
2026-09-23 17:51:20.152326,Sitapura Industrial,610.27,63.21,86.8
2026-09-23 18:51:20.152326,Sitapura Industrial,671.55,44.91,99.5
2026-09-23 19:51:20.152326,Sitapura Industrial,258.79,20.72,37.8
2026-09-23 20:51:20.152326,Sitapura Industrial,310.68,8.74,47.9
2026-09-23 21:51:20.152326,Sitapura Industrial,316.89,2.95,49.8
2026-09-23 22:51:20.152326,Sitapura Industrial,320.2,0.99,50.7
2026-09-23 23:51:20.152326,Sitapura Industrial,287.98,0.33,45.7
2026-09-24 00:51:20.152326,Sitapura Industrial,303.87,0.0,48.2
2026-09-24 01:51:20.152326,Sitapura Industrial,307.78,0.02,48.9
2026-09-24 02:51:20.152326,Sitapura Industrial,302.89,0.08,48.1
2026-09-24 03:51:20.152326,Sitapura Industrial,360.0,0.34,57.1
2026-09-24 04:51:20.152326,Sitapura Industrial,312.34,0.99,49.4
2026-09-24 05:51:20.152326,Sitapura Industrial,300.35,3.6,47.1
2026-09-24 06:51:20.152326,Sitapura Industrial,320.06,8.41,49.5
2026-09-24 07:51:20.152326,Sitapura Industrial,333.02,18.46,49.9
2026-09-24 08:51:20.152326,Sitapura Industrial,638.83,35.36,95.8
2026-09-24 09:51:20.152326,Sitapura Industrial,624.24,68.03,88.3
2026-09-24 10:51:20.152326,Sitapura Industrial,623.96,98.2,83.5
2026-09-24 11:51:20.152326,Sitapura Industrial,623.77,143.19,76.3
2026-09-24 12:51:20.152326,Sitapura Industrial,673.45,197.64,75.5
2026-09-24 13:51:20.152326,Sitapura Industrial,614.54,180.54,68.9
2026-09-24 14:51:20.152326,Sitapura Industrial,665.97,180.14,77.1
2026-09-24 15:51:20.152326,Sitapura Industrial,601.7,148.26,72.0
2026-09-24 16:51:20.152326,Sitapura Industrial,586.79,106.26,76.3
2026-09-24 17:51:20.152326,Sitapura Industrial,677.19,72.92,95.9
2026-09-24 18:51:20.152326,Sitapura Industrial,628.76,38.67,93.7
2026-09-24 19:51:20.152326,Sitapura Industrial,334.52,20.81,49.8
2026-09-24 20:51:20.152326,Sitapura Industrial,311.39,8.08,48.1
2026-09-24 21:51:20.152326,Sitapura Industrial,351.77,3.13,55.3
