timestamp,zone,vehicle_count,avg_speed_kmh,congestion_index,is_anomaly
2026-06-26 22:51:20.152326,Mansarovar,751.8,44.1,0.696,False
2026-06-26 23:51:20.152326,Mansarovar,614.0,39.4,0.569,False
2026-06-27 00:51:20.152326,Mansarovar,461.0,46.1,0.427,False
2026-06-27 01:51:20.152326,Mansarovar,436.5,48.7,0.404,False
2026-06-27 02:51:20.152326,Mansarovar,461.3,47.2,0.427,False
2026-06-27 03:51:20.152326,Mansarovar,418.2,48.7,0.387,False
2026-06-27 04:51:20.152326,Mansarovar,480.7,49.3,0.445,False
2026-06-27 05:51:20.152326,Mansarovar,450.8,49.0,0.417,False
2026-06-27 06:51:20.152326,Mansarovar,470.9,52.3,0.436,False
2026-06-27 07:51:20.152326,Mansarovar,715.4,39.5,0.662,False
2026-06-27 08:51:20.152326,Mansarovar,773.8,38.3,0.716,False
2026-06-27 09:51:20.152326,Mansarovar,859.4,37.6,0.796,False
2026-06-27 10:51:20.152326,Mansarovar,486.7,48.7,0.451,False
2026-06-27 11:51:20.152326,Mansarovar,498.0,45.6,0.461,False
2026-06-27 12:51:20.152326,Mansarovar,472.6,50.5,0.438,False
2026-06-27 13:51:20.152326,Mansarovar,523.5,50.4,0.485,False
2026-06-27 14:51:20.152326,Mansarovar,493.0,51.4,0.456,False
2026-06-27 15:51:20.152326,Mansarovar,502.5,54.0,0.465,False
2026-06-27 16:51:20.152326,Mansarovar,523.0,43.0,0.484,False
2026-06-27 17:51:20.152326,Mansarovar,701.0,39.9,0.649,False
2026-06-27 18:51:20.152326,Mansarovar,770.9,44.1,0.714,False
2026-06-27 19:51:20.152326,Mansarovar,671.9,43.5,0.622,False
2026-06-27 20:51:20.152326,Mansarovar,484.6,53.4,0.449,False
2026-06-27 21:51:20.152326,Mansarovar,517.2,47.5,0.479,False
2026-06-27 22:51:20.152326,Mansarovar,488.9,48.0,0.453,False
2026-06-27 23:51:20.152326,Mansarovar,441.6,49.1,0.409,False
2026-06-28 00:51:20.152326,Mansarovar,540.6,44.1,0.501,False
2026-06-28 01:51:20.152326,Mansarovar,484.5,50.0,0.449,False
2026-06-28 02:51:20.152326,Mansarovar,491.3,46.6,0.455,False
2026-06-28 03:51:20.152326,Mansarovar,505.7,49.1,0.468,False
2026-06-28 04:51:20.152326,Mansarovar,386.8,53.8,0.358,False
2026-06-28 05:51:20.152326,Mansarovar,447.5,54.5,0.414,False
2026-06-28 06:51:20.152326,Mansarovar,529.2,52.4,0.49,False
2026-06-28 07:51:20.152326,Mansarovar,823.0,45.3,0.762,False
2026-06-28 08:51:20.152326,Mansarovar,694.9,41.5,0.643,False
2026-06-28 09:51:20.152326,Mansarovar,832.5,34.6,0.771,False
2026-06-28 10:51:20.152326,Mansarovar,462.3,51.0,0.428,False
2026-06-28 11:51:20.152326,Mansarovar,461.7,55.2,0.427,False
2026-06-28 12:51:20.152326,Mansarovar,496.4,49.0,0.46,False
2026-06-28 13:51:20.152326,Mansarovar,461.4,47.9,0.427,False
2026-06-28 14:51:20.152326,Mansarovar,467.2,53.2,0.433,False
2026-06-28 15:51:20.152326,Mansarovar,447.4,42.4,0.414,False
2026-06-28 16:51:20.152326,Mansarovar,494.1,48.6,0.458,False
2026-06-28 17:51:20.152326,Mansarovar,794.0,41.7,0.735,False
2026-06-28 18:51:20.152326,Mansarovar,736.4,42.5,0.682,False
2026-06-28 19:51:20.152326,Mansarovar,818.7,39.8,0.758,False
2026-06-28 20:51:20.152326,Mansarovar,440.6,50.0,0.408,False
2026-06-28 21:51:20.152326,Mansarovar,514.0,53.4,0.476,False
2026-06-28 22:51:20.152326,Mansarovar,529.5,44.3,0.49,False
2026-06-28 23:51:20.152326,Mansarovar,414.1,47.4,0.383,False
2026-06-29 00:51:20.152326,Mansarovar,543.2,47.9,0.503,False
2026-06-29 01:51:20.152326,Mansarovar,681.8,42.2,0.631,False
2026-06-29 02:51:20.152326,Mansarovar,651.1,40.2,0.603,False
2026-06-29 03:51:20.152326,Mansarovar,672.1,45.2,0.622,False
2026-06-29 04:51:20.152326,Mansarovar,596.1,48.2,0.552,False
2026-06-29 05:51:20.152326,Mansarovar,657.5,48.1,0.609,False
2026-06-29 06:51:20.152326,Mansarovar,695.2,38.6,0.644,False
2026-06-29 07:51:20.152326,Mansarovar,1208.9,22.9,1.0,False
2026-06-29 08:51:20.152326,Mansarovar,1172.8,30.0,1.0,False
2026-06-29 09:51:20.152326,Mansarovar,1056.1,29.4,0.978,False
2026-06-29 10:51:20.152326,Mansarovar,791.7,44.1,0.733,False
2026-06-29 11:51:20.152326,Mansarovar,663.1,39.9,0.614,False
2026-06-29 12:51:20.152326,Mansarovar,713.4,41.4,0.661,False
2026-06-29 13:51:20.152326,Mansarovar,721.9,37.6,0.668,False
2026-06-29 14:51:20.152326,Mansarovar,677.6,45.1,0.627,False
2026-06-29 15:51:20.152326,Mansarovar,812.6,40.3,0.752,False
2026-06-29 16:51:20.152326,Mansarovar,638.8,45.1,0.591,False
2026-06-29 17:51:20.152326,Mansarovar,1098.6,25.4,1.0,False
2026-06-29 18:51:20.152326,Mansarovar,1026.9,32.6,0.951,False
2026-06-29 19:51:20.152326,Mansarovar,1021.8,35.8,0.946,False
2026-06-29 20:51:20.152326,Mansarovar,568.5,48.6,0.526,False
2026-06-29 21:51:20.152326,Mansarovar,615.8,45.2,0.57,False
2026-06-29 22:51:20.152326,Mansarovar,602.0,47.5,0.557,False
2026-06-29 23:51:20.152326,Mansarovar,706.9,36.2,0.655,False
2026-06-30 00:51:20.152326,Mansarovar,623.3,45.3,0.577,False
2026-06-30 01:51:20.152326,Mansarovar,685.1,39.6,0.634,False
2026-06-30 02:51:20.152326,Mansarovar,691.5,45.1,0.64,False
2026-06-30 03:51:20.152326,Mansarovar,560.9,51.9,0.519,False
2026-06-30 04:51:20.152326,Mansarovar,800.2,37.9,0.741,False
2026-06-30 05:51:20.152326,Mansarovar,692.5,41.1,0.641,False
2026-06-30 06:51:20.152326,Mansarovar,745.1,41.5,0.69,False
2026-06-30 07:51:20.152326,Mansarovar,1149.5,25.0,1.0,False
2026-06-30 08:51:20.152326,Mansarovar,1225.0,22.6,1.0,False
2026-06-30 09:51:20.152326,Mansarovar,1005.6,35.8,0.931,False
2026-06-30 10:51:20.152326,Mansarovar,649.6,48.1,0.601,False
2026-06-30 11:51:20.152326,Mansarovar,722.8,43.4,0.669,False
2026-06-30 12:51:20.152326,Mansarovar,706.8,40.5,0.654,False
2026-06-30 13:51:20.152326,Mansarovar,740.7,40.0,0.686,False
2026-06-30 14:51:20.152326,Mansarovar,670.9,42.3,0.621,False
2026-06-30 15:51:20.152326,Mansarovar,719.7,48.6,0.666,False
2026-06-30 16:51:20.152326,Mansarovar,785.9,40.9,0.728,False
2026-06-30 17:51:20.152326,Mansarovar,1117.1,32.0,1.0,False
2026-06-30 18:51:20.152326,Mansarovar,1139.3,25.2,1.0,False
2026-06-30 19:51:20.152326,Mansarovar,1036.1,31.7,0.959,False
2026-06-30 20:51:20.152326,Mansarovar,597.1,43.7,0.553,False
2026-06-30 21:51:20.152326,Mansarovar,724.8,37.4,0.671,False
2026-06-30 22:51:20.152326,Mansarovar,573.5,45.5,0.531,False
2026-06-30 23:51:20.152326,Mansarovar,610.7,42.7,0.565,False
2026-07-01 00:51:20.152326,Mansarovar,672.4,44.0,0.623,False
2026-07-01 01:51:20.152326,Mansarovar,563.8,45.3,0.522,False
2026-07-01 02:51:20.152326,Mansarovar,721.6,31.6,0.668,False
2026-07-01 03:51:20.152326,Mansarovar,648.0,45.1,0.6,False
2026-07-01 04:51:20.152326,Mansarovar,625.0,42.6,0.579,False
2026-07-01 05:51:20.152326,Mansarovar,573.9,44.2,0.531,False
2026-07-01 06:51:20.152326,Mansarovar,679.5,45.5,0.629,False
2026-07-01 07:51:20.152326,Mansarovar,1018.9,32.0,0.943,False
2026-07-01 08:51:20.152326,Mansarovar,1042.2,23.3,0.965,False
2026-07-01 09:51:20.152326,Mansarovar,1134.3,29.0,1.0,False
2026-07-01 10:51:20.152326,Mansarovar,655.0,47.8,0.606,False
2026-07-01 11:51:20.152326,Mansarovar,624.6,44.7,0.578,False
2026-07-01 12:51:20.152326,Mansarovar,678.3,46.5,0.628,False
2026-07-01 13:51:20.152326,Mansarovar,623.1,44.0,0.577,False
2026-07-01 14:51:20.152326,Mansarovar,620.1,41.2,0.574,False
2026-07-01 15:51:20.152326,Mansarovar,617.1,39.6,0.571,False
2026-07-01 16:51:20.152326,Mansarovar,702.9,40.5,0.651,False
2026-07-01 17:51:20.152326,Mansarovar,1146.4,31.5,1.0,False
2026-07-01 18:51:20.152326,Mansarovar,897.2,31.7,0.831,False
2026-07-01 19:51:20.152326,Mansarovar,1067.7,29.3,0.989,False
2026-07-01 20:51:20.152326,Mansarovar,704.8,35.7,0.653,False
2026-07-01 21:51:20.152326,Mansarovar,672.7,44.5,0.623,False
2026-07-01 22:51:20.152326,Mansarovar,717.8,41.9,0.665,False
2026-07-01 23:51:20.152326,Mansarovar,722.2,40.0,0.669,False
2026-07-02 00:51:20.152326,Mansarovar,682.9,44.3,0.632,False
2026-07-02 01:51:20.152326,Mansarovar,614.8,47.3,0.569,False
2026-07-02 02:51:20.152326,Mansarovar,705.0,38.8,0.653,False
2026-07-02 03:51:20.152326,Mansarovar,617.6,43.5,0.572,False
2026-07-02 04:51:20.152326,Mansarovar,697.1,45.5,0.645,False
2026-07-02 05:51:20.152326,Mansarovar,662.0,42.8,0.613,False
2026-07-02 06:51:20.152326,Mansarovar,699.5,45.3,0.648,False
2026-07-02 07:51:20.152326,Mansarovar,1104.3,30.4,1.0,False
2026-07-02 08:51:20.152326,Mansarovar,858.3,37.7,0.795,False
2026-07-02 09:51:20.152326,Mansarovar,1173.4,22.8,1.0,False
2026-07-02 10:51:20.152326,Mansarovar,683.4,45.7,0.633,False
2026-07-02 11:51:20.152326,Mansarovar,700.7,43.6,0.649,False
2026-07-02 12:51:20.152326,Mansarovar,672.2,43.0,0.622,False
2026-07-02 13:51:20.152326,Mansarovar,685.5,39.0,0.635,False
2026-07-02 14:51:20.152326,Mansarovar,627.2,43.6,0.581,False
2026-07-02 15:51:20.152326,Mansarovar,659.3,42.7,0.611,False
2026-07-02 16:51:20.152326,Mansarovar,659.0,48.1,0.61,False
2026-07-02 17:51:20.152326,Mansarovar,1093.7,25.6,1.0,False
2026-07-02 18:51:20.152326,Mansarovar,965.9,34.3,0.894,False
2026-07-02 19:51:20.152326,Mansarovar,992.1,28.6,0.919,False
2026-07-02 20:51:20.152326,Mansarovar,631.4,47.5,0.585,False
2026-07-02 21:51:20.152326,Mansarovar,742.3,42.3,0.687,False
2026-07-02 22:51:20.152326,Mansarovar,682.3,41.4,0.632,False
2026-07-02 23:51:20.152326,Mansarovar,677.4,43.2,0.627,False
2026-07-03 00:51:20.152326,Mansarovar,617.7,46.8,0.572,False
2026-07-03 01:51:20.152326,Mansarovar,643.2,44.9,0.596,False
2026-07-03 02:51:20.152326,Mansarovar,688.8,42.9,0.638,False
2026-07-03 03:51:20.152326,Mansarovar,649.0,43.2,0.601,False
2026-07-03 04:51:20.152326,Mansarovar,608.1,46.8,0.563,False
2026-07-03 05:51:20.152326,Mansarovar,735.0,43.5,0.681,False
2026-07-03 06:51:20.152326,Mansarovar,756.6,41.2,0.701,False
2026-07-03 07:51:20.152326,Mansarovar,1083.0,31.5,1.0,False
2026-07-03 08:51:20.152326,Mansarovar,1150.5,25.7,1.0,False
2026-07-03 09:51:20.152326,Mansarovar,1109.0,27.1,1.0,False
2026-07-03 10:51:20.152326,Mansarovar,641.8,47.2,0.594,False
2026-07-03 11:51:20.152326,Mansarovar,685.7,44.5,0.635,False
2026-07-03 12:51:20.152326,Mansarovar,697.0,48.8,0.645,False
2026-07-03 13:51:20.152326,Mansarovar,822.0,38.2,0.761,False
2026-07-03 14:51:20.152326,Mansarovar,702.3,43.5,0.65,False
2026-07-03 15:51:20.152326,Mansarovar,729.9,35.9,0.676,False
2026-07-03 16:51:20.152326,Mansarovar,719.8,40.1,0.667,False
2026-07-03 17:51:20.152326,Mansarovar,1049.2,33.9,0.971,False
2026-07-03 18:51:20.152326,Mansarovar,1131.4,31.2,1.0,False
2026-07-03 19:51:20.152326,Mansarovar,1080.0,28.5,1.0,False
2026-07-03 20:51:20.152326,Mansarovar,691.0,39.5,0.64,False
2026-07-03 21:51:20.152326,Mansarovar,647.8,38.2,0.6,False
2026-07-03 22:51:20.152326,Mansarovar,619.5,43.2,0.574,False
2026-07-03 23:51:20.152326,Mansarovar,715.3,44.5,0.662,False
2026-07-04 00:51:20.152326,Mansarovar,494.9,52.0,0.458,False
2026-07-04 01:51:20.152326,Mansarovar,492.6,46.0,0.456,False
2026-07-04 02:51:20.152326,Mansarovar,484.9,55.5,0.449,False
2026-07-04 03:51:20.152326,Mansarovar,499.7,49.7,0.463,False
2026-07-04 04:51:20.152326,Mansarovar,439.7,45.2,0.407,False
2026-07-04 05:51:20.152326,Mansarovar,442.7,46.6,0.41,False
2026-07-04 06:51:20.152326,Mansarovar,436.0,47.7,0.404,False
2026-07-04 07:51:20.152326,Mansarovar,787.4,43.7,0.729,False
2026-07-04 08:51:20.152326,Mansarovar,692.2,40.8,0.641,False
2026-07-04 09:51:20.152326,Mansarovar,822.3,40.3,0.761,False
2026-07-04 10:51:20.152326,Mansarovar,505.2,44.9,0.468,False
2026-07-04 11:51:20.152326,Mansarovar,498.4,49.1,0.461,False
2026-07-04 12:51:20.152326,Mansarovar,501.4,51.4,0.464,False
2026-07-04 13:51:20.152326,Mansarovar,441.0,53.3,0.408,False
2026-07-04 14:51:20.152326,Mansarovar,455.8,47.5,0.422,False
2026-07-04 15:51:20.152326,Mansarovar,476.9,45.7,0.442,False
2026-07-04 16:51:20.152326,Mansarovar,522.3,52.2,0.484,False
2026-07-04 17:51:20.152326,Mansarovar,699.6,46.9,0.648,True
2026-07-04 18:51:20.152326,Mansarovar,729.4,40.9,0.675,False
2026-07-04 19:51:20.152326,Mansarovar,656.2,46.7,0.608,False
2026-07-04 20:51:20.152326,Mansarovar,468.1,49.7,0.433,False
2026-07-04 21:51:20.152326,Mansarovar,533.0,46.4,0.494,False
2026-07-04 22:51:20.152326,Mansarovar,471.7,51.6,0.437,False
2026-07-04 23:51:20.152326,Mansarovar,454.7,49.2,0.421,False
2026-07-05 00:51:20.152326,Mansarovar,515.9,47.6,0.478,False
2026-07-05 01:51:20.152326,Mansarovar,517.3,51.8,0.479,False
2026-07-05 02:51:20.152326,Mansarovar,432.5,58.3,0.4,False
2026-07-05 03:51:20.152326,Mansarovar,503.3,47.0,0.466,False
2026-07-05 04:51:20.152326,Mansarovar,483.8,46.6,0.448,False
2026-07-05 05:51:20.152326,Mansarovar,421.8,45.3,0.391,False
2026-07-05 06:51:20.152326,Mansarovar,480.9,49.0,0.445,False
2026-07-05 07:51:20.152326,Mansarovar,924.7,35.0,0.856,False
2026-07-05 08:51:20.152326,Mansarovar,860.3,34.2,0.797,False
2026-07-05 09:51:20.152326,Mansarovar,793.4,37.6,0.735,False
2026-07-05 10:51:20.152326,Mansarovar,437.1,46.0,0.405,False
2026-07-05 11:51:20.152326,Mansarovar,513.6,47.8,0.476,False
2026-07-05 12:51:20.152326,Mansarovar,454.5,49.1,0.421,False
2026-07-05 13:51:20.152326,Mansarovar,470.4,52.8,0.436,False
2026-07-05 14:51:20.152326,Mansarovar,481.3,55.2,0.446,False
2026-07-05 15:51:20.152326,Mansarovar,457.5,43.4,0.424,False
2026-07-05 16:51:20.152326,Mansarovar,457.1,47.3,0.423,False
2026-07-05 17:51:20.152326,Mansarovar,729.9,37.9,0.676,False
2026-07-05 18:51:20.152326,Mansarovar,766.4,38.6,0.71,False
2026-07-05 19:51:20.152326,Mansarovar,771.1,37.1,0.714,False
2026-07-05 20:51:20.152326,Mansarovar,461.4,51.3,0.427,False
2026-07-05 21:51:20.152326,Mansarovar,526.7,45.2,0.488,False
2026-07-05 22:51:20.152326,Mansarovar,463.4,49.1,0.429,False
2026-07-05 23:51:20.152326,Mansarovar,522.5,46.9,0.484,False
2026-07-06 00:51:20.152326,Mansarovar,635.5,42.8,0.588,False
2026-07-06 01:51:20.152326,Mansarovar,654.4,44.7,0.606,False
2026-07-06 02:51:20.152326,Mansarovar,773.5,38.2,0.716,False
2026-07-06 03:51:20.152326,Mansarovar,664.2,40.3,0.615,False
2026-07-06 04:51:20.152326,Mansarovar,774.8,39.1,0.717,False
2026-07-06 05:51:20.152326,Mansarovar,596.7,43.6,0.552,False
2026-07-06 06:51:20.152326,Mansarovar,751.5,44.6,0.696,False
2026-07-06 07:51:20.152326,Mansarovar,1135.8,24.7,1.0,False
2026-07-06 08:51:20.152326,Mansarovar,1189.6,30.7,1.0,False
2026-07-06 09:51:20.152326,Mansarovar,1006.5,35.0,0.932,False
2026-07-06 10:51:20.152326,Mansarovar,637.4,42.4,0.59,False
2026-07-06 11:51:20.152326,Mansarovar,700.4,40.3,0.649,False
2026-07-06 12:51:20.152326,Mansarovar,798.7,38.0,0.74,False
2026-07-06 13:51:20.152326,Mansarovar,721.5,37.7,0.668,False
2026-07-06 14:51:20.152326,Mansarovar,611.7,42.7,0.566,False
2026-07-06 15:51:20.152326,Mansarovar,639.9,43.9,0.593,False
2026-07-06 16:51:20.152326,Mansarovar,773.3,39.4,0.716,False
2026-07-06 17:51:20.152326,Mansarovar,1017.4,32.9,0.942,False
2026-07-06 18:51:20.152326,Mansarovar,969.0,29.1,0.897,False
2026-07-06 19:51:20.152326,Mansarovar,1088.6,29.9,1.0,False
2026-07-06 20:51:20.152326,Mansarovar,692.6,42.8,0.641,False
2026-07-06 21:51:20.152326,Mansarovar,710.5,40.8,0.658,False
2026-07-06 22:51:20.152326,Mansarovar,660.4,40.6,0.612,False
2026-07-06 23:51:20.152326,Mansarovar,606.8,46.8,0.562,False
2026-07-07 00:51:20.152326,Mansarovar,691.8,43.1,0.641,False
2026-07-07 01:51:20.152326,Mansarovar,663.7,43.6,0.614,False
2026-07-07 02:51:20.152326,Mansarovar,580.4,48.8,0.537,False
2026-07-07 03:51:20.152326,Mansarovar,572.3,47.1,0.53,False
2026-07-07 04:51:20.152326,Mansarovar,659.3,43.7,0.61,False
2026-07-07 05:51:20.152326,Mansarovar,717.5,38.7,0.664,False
2026-07-07 06:51:20.152326,Mansarovar,651.5,37.5,0.603,False
2026-07-07 07:51:20.152326,Mansarovar,1209.5,27.2,1.0,False
2026-07-07 08:51:20.152326,Mansarovar,1122.0,32.3,1.0,False
2026-07-07 09:51:20.152326,Mansarovar,1148.7,21.3,1.0,False
2026-07-07 10:51:20.152326,Mansarovar,726.6,42.7,0.673,False
2026-07-07 11:51:20.152326,Mansarovar,770.2,32.0,0.713,False
2026-07-07 12:51:20.152326,Mansarovar,788.3,43.2,0.73,False
2026-07-07 13:51:20.152326,Mansarovar,641.3,40.3,0.594,False
2026-07-07 14:51:20.152326,Mansarovar,751.4,37.6,0.696,False
2026-07-07 15:51:20.152326,Mansarovar,547.0,43.0,0.506,False
2026-07-07 16:51:20.152326,Mansarovar,675.7,40.3,0.626,False
2026-07-07 17:51:20.152326,Mansarovar,903.6,37.3,0.837,False
2026-07-07 18:51:20.152326,Mansarovar,1032.2,28.7,0.956,False
2026-07-07 19:51:20.152326,Mansarovar,1029.1,31.8,0.953,False
2026-07-07 20:51:20.152326,Mansarovar,703.8,37.7,0.652,False
2026-07-07 21:51:20.152326,Mansarovar,766.6,39.1,0.71,False
2026-07-07 22:51:20.152326,Mansarovar,786.0,41.9,0.728,False
2026-07-07 23:51:20.152326,Mansarovar,641.7,45.6,0.594,False
2026-07-08 00:51:20.152326,Mansarovar,663.8,38.4,0.615,False
2026-07-08 01:51:20.152326,Mansarovar,651.3,48.3,0.603,False
2026-07-08 02:51:20.152326,Mansarovar,602.9,41.6,0.558,False
2026-07-08 03:51:20.152326,Mansarovar,578.4,49.0,0.536,False
2026-07-08 04:51:20.152326,Mansarovar,730.6,45.2,0.677,False
2026-07-08 05:51:20.152326,Mansarovar,627.4,41.8,0.581,False
2026-07-08 06:51:20.152326,Mansarovar,760.8,42.9,0.704,False
2026-07-08 07:51:20.152326,Mansarovar,1059.2,29.6,0.981,False
2026-07-08 08:51:20.152326,Mansarovar,1028.5,31.7,0.952,False
2026-07-08 09:51:20.152326,Mansarovar,1105.7,33.0,1.0,False
2026-07-08 10:51:20.152326,Mansarovar,516.3,51.7,0.478,False
2026-07-08 11:51:20.152326,Mansarovar,770.6,41.2,0.713,False
2026-07-08 12:51:20.152326,Mansarovar,727.0,36.9,0.673,False
2026-07-08 13:51:20.152326,Mansarovar,626.3,47.1,0.58,False
2026-07-08 14:51:20.152326,Mansarovar,649.8,43.9,0.602,False
2026-07-08 15:51:20.152326,Mansarovar,668.0,44.0,0.619,False
2026-07-08 16:51:20.152326,Mansarovar,560.7,49.0,0.519,False
2026-07-08 17:51:20.152326,Mansarovar,1093.6,33.9,1.0,False
2026-07-08 18:51:20.152326,Mansarovar,1088.1,28.0,1.0,False
2026-07-08 19:51:20.152326,Mansarovar,1156.4,22.2,1.0,False
2026-07-08 20:51:20.152326,Mansarovar,685.1,38.1,0.634,False
2026-07-08 21:51:20.152326,Mansarovar,731.2,47.5,0.677,False
2026-07-08 22:51:20.152326,Mansarovar,671.5,41.2,0.622,False
2026-07-08 23:51:20.152326,Mansarovar,673.0,45.9,0.623,False
2026-07-09 00:51:20.152326,Mansarovar,663.2,40.6,0.614,False
2026-07-09 01:51:20.152326,Mansarovar,693.4,46.7,0.642,False
2026-07-09 02:51:20.152326,Mansarovar,765.3,41.3,0.709,False
2026-07-09 03:51:20.152326,Mansarovar,755.0,40.2,0.699,False
2026-07-09 04:51:20.152326,Mansarovar,636.9,46.3,0.59,False
2026-07-09 05:51:20.152326,Mansarovar,628.0,45.8,0.582,False
2026-07-09 06:51:20.152326,Mansarovar,722.9,33.2,0.669,False
2026-07-09 07:51:20.152326,Mansarovar,1106.3,28.8,1.0,False
2026-07-09 08:51:20.152326,Mansarovar,1130.0,24.9,1.0,False
2026-07-09 09:51:20.152326,Mansarovar,1130.2,30.9,1.0,False
2026-07-09 10:51:20.152326,Mansarovar,647.7,47.8,0.6,False
2026-07-09 11:51:20.152326,Mansarovar,767.3,40.4,0.71,True
2026-07-09 12:51:20.152326,Mansarovar,713.5,44.8,0.661,False
2026-07-09 13:51:20.152326,Mansarovar,677.4,43.6,0.627,False
2026-07-09 14:51:20.152326,Mansarovar,690.7,38.9,0.64,False
2026-07-09 15:51:20.152326,Mansarovar,682.1,42.7,0.632,False
2026-07-09 16:51:20.152326,Mansarovar,723.4,41.9,0.67,False
2026-07-09 17:51:20.152326,Mansarovar,1009.7,37.0,0.935,False
2026-07-09 18:51:20.152326,Mansarovar,1092.1,23.6,1.0,False
2026-07-09 19:51:20.152326,Mansarovar,1039.6,30.9,0.963,False
2026-07-09 20:51:20.152326,Mansarovar,634.5,42.5,0.587,False
2026-07-09 21:51:20.152326,Mansarovar,647.8,40.3,0.6,False
2026-07-09 22:51:20.152326,Mansarovar,688.0,47.9,0.637,False
2026-07-09 23:51:20.152326,Mansarovar,733.8,43.2,0.679,False
2026-07-10 00:51:20.152326,Mansarovar,716.5,39.2,0.663,False
2026-07-10 01:51:20.152326,Mansarovar,769.7,40.8,0.713,False
2026-07-10 02:51:20.152326,Mansarovar,682.8,41.1,0.632,False
2026-07-10 03:51:20.152326,Mansarovar,612.9,48.6,0.568,True
2026-07-10 04:51:20.152326,Mansarovar,675.2,41.3,0.625,False
2026-07-10 05:51:20.152326,Mansarovar,692.6,44.5,0.641,True
2026-07-10 06:51:20.152326,Mansarovar,705.6,40.7,0.653,False
2026-07-10 07:51:20.152326,Mansarovar,1097.6,30.5,1.0,False
2026-07-10 08:51:20.152326,Mansarovar,1127.7,29.9,1.0,False
2026-07-10 09:51:20.152326,Mansarovar,1003.6,30.4,0.929,False
2026-07-10 10:51:20.152326,Mansarovar,729.1,43.6,0.675,False
2026-07-10 11:51:20.152326,Mansarovar,714.8,45.4,0.662,False
2026-07-10 12:51:20.152326,Mansarovar,635.9,48.0,0.589,False
2026-07-10 13:51:20.152326,Mansarovar,605.0,44.9,0.56,False
2026-07-10 14:51:20.152326,Mansarovar,626.8,44.0,0.58,False
2026-07-10 15:51:20.152326,Mansarovar,629.3,44.6,0.583,False
2026-07-10 16:51:20.152326,Mansarovar,777.1,40.2,0.72,False
2026-07-10 17:51:20.152326,Mansarovar,1071.1,37.8,0.992,False
2026-07-10 18:51:20.152326,Mansarovar,1000.6,34.9,0.926,False
2026-07-10 19:51:20.152326,Mansarovar,1205.1,25.2,1.0,False
2026-07-10 20:51:20.152326,Mansarovar,683.7,37.7,0.633,False
2026-07-10 21:51:20.152326,Mansarovar,724.7,46.2,0.671,False
2026-07-10 22:51:20.152326,Mansarovar,768.7,37.1,0.712,False
2026-07-10 23:51:20.152326,Mansarovar,717.5,40.7,0.664,False
2026-07-11 00:51:20.152326,Mansarovar,475.1,47.6,0.44,False
2026-07-11 01:51:20.152326,Mansarovar,563.5,45.3,0.522,False
2026-07-11 02:51:20.152326,Mansarovar,539.2,47.6,0.499,False
2026-07-11 03:51:20.152326,Mansarovar,554.5,45.0,0.513,False
2026-07-11 04:51:20.152326,Mansarovar,444.4,50.4,0.411,False
2026-07-11 05:51:20.152326,Mansarovar,380.0,57.2,0.352,False
2026-07-11 06:51:20.152326,Mansarovar,524.7,48.0,0.486,False
2026-07-11 07:51:20.152326,Mansarovar,685.8,48.0,0.635,False
2026-07-11 08:51:20.152326,Mansarovar,685.7,46.5,0.635,False
2026-07-11 09:51:20.152326,Mansarovar,737.4,36.5,0.683,False
2026-07-11 10:51:20.152326,Mansarovar,493.7,51.6,0.457,False
2026-07-11 11:51:20.152326,Mansarovar,482.9,45.6,0.447,False
2026-07-11 12:51:20.152326,Mansarovar,478.1,48.0,0.443,False
2026-07-11 13:51:20.152326,Mansarovar,466.0,51.0,0.431,False
2026-07-11 14:51:20.152326,Mansarovar,401.7,49.5,0.372,False
2026-07-11 15:51:20.152326,Mansarovar,510.9,49.3,0.473,False
2026-07-11 16:51:20.152326,Mansarovar,470.3,47.1,0.436,False
2026-07-11 17:51:20.152326,Mansarovar,842.8,40.3,0.78,False
2026-07-11 18:51:20.152326,Mansarovar,725.7,41.1,0.672,False
2026-07-11 19:51:20.152326,Mansarovar,755.9,43.6,0.7,False
2026-07-11 20:51:20.152326,Mansarovar,513.1,43.8,0.475,False
2026-07-11 21:51:20.152326,Mansarovar,461.3,50.9,0.427,False
2026-07-11 22:51:20.152326,Mansarovar,477.9,47.3,0.442,False
2026-07-11 23:51:20.152326,Mansarovar,429.4,51.8,0.398,False
2026-07-12 00:51:20.152326,Mansarovar,499.4,48.3,0.462,False
2026-07-12 01:51:20.152326,Mansarovar,506.1,46.5,0.469,False
2026-07-12 02:51:20.152326,Mansarovar,523.0,49.3,0.484,False
2026-07-12 03:51:20.152326,Mansarovar,452.4,50.5,0.419,False
2026-07-12 04:51:20.152326,Mansarovar,464.8,52.4,0.43,False
2026-07-12 05:51:20.152326,Mansarovar,476.3,52.4,0.441,False
2026-07-12 06:51:20.152326,Mansarovar,497.8,47.0,0.461,False
2026-07-12 07:51:20.152326,Mansarovar,711.7,39.9,0.659,False
2026-07-12 08:51:20.152326,Mansarovar,830.2,37.5,0.769,False
2026-07-12 09:51:20.152326,Mansarovar,776.4,42.8,0.719,False
2026-07-12 10:51:20.152326,Mansarovar,474.5,48.3,0.439,False
2026-07-12 11:51:20.152326,Mansarovar,413.7,47.5,0.383,False
2026-07-12 12:51:20.152326,Mansarovar,489.1,49.2,0.453,False
2026-07-12 13:51:20.152326,Mansarovar,463.7,48.4,0.429,False
2026-07-12 14:51:20.152326,Mansarovar,454.2,50.6,0.421,False
2026-07-12 15:51:20.152326,Mansarovar,458.3,48.7,0.424,False
2026-07-12 16:51:20.152326,Mansarovar,496.4,46.3,0.46,False
2026-07-12 17:51:20.152326,Mansarovar,847.8,41.0,0.785,False
2026-07-12 18:51:20.152326,Mansarovar,750.7,40.6,0.695,False
2026-07-12 19:51:20.152326,Mansarovar,704.6,43.1,0.652,False
2026-07-12 20:51:20.152326,Mansarovar,462.1,49.8,0.428,False
2026-07-12 21:51:20.152326,Mansarovar,481.1,44.5,0.445,False
2026-07-12 22:51:20.152326,Mansarovar,472.1,50.1,0.437,False
2026-07-12 23:51:20.152326,Mansarovar,442.4,43.7,0.41,False
2026-07-13 00:51:20.152326,Mansarovar,656.5,42.2,0.608,False
2026-07-13 01:51:20.152326,Mansarovar,659.4,46.8,0.611,False
2026-07-13 02:51:20.152326,Mansarovar,634.3,47.6,0.587,False
2026-07-13 03:51:20.152326,Mansarovar,674.0,43.4,0.624,False
2026-07-13 04:51:20.152326,Mansarovar,666.5,47.5,0.617,False
2026-07-13 05:51:20.152326,Mansarovar,644.3,42.7,0.597,False
2026-07-13 06:51:20.152326,Mansarovar,692.3,46.1,0.641,False
2026-07-13 07:51:20.152326,Mansarovar,944.4,34.5,0.874,False
2026-07-13 08:51:20.152326,Mansarovar,1036.1,35.6,0.959,False
2026-07-13 09:51:20.152326,Mansarovar,1199.7,24.4,1.0,False
2026-07-13 10:51:20.152326,Mansarovar,669.7,38.7,0.62,False
2026-07-13 11:51:20.152326,Mansarovar,740.0,45.2,0.685,False
2026-07-13 12:51:20.152326,Mansarovar,705.7,39.0,0.653,False
2026-07-13 13:51:20.152326,Mansarovar,705.9,46.8,0.654,False
2026-07-13 14:51:20.152326,Mansarovar,726.1,41.3,0.672,False
2026-07-13 15:51:20.152326,Mansarovar,644.1,45.2,0.596,False
2026-07-13 16:51:20.152326,Mansarovar,688.4,43.8,0.637,False
2026-07-13 17:51:20.152326,Mansarovar,1082.3,33.7,1.0,False
2026-07-13 18:51:20.152326,Mansarovar,1131.4,24.7,1.0,False
2026-07-13 19:51:20.152326,Mansarovar,1217.2,24.0,1.0,False
2026-07-13 20:51:20.152326,Mansarovar,664.6,40.4,0.615,False
2026-07-13 21:51:20.152326,Mansarovar,600.9,45.0,0.556,False
2026-07-13 22:51:20.152326,Mansarovar,593.8,45.4,0.55,False
2026-07-13 23:51:20.152326,Mansarovar,695.6,42.4,0.644,False
2026-07-14 00:51:20.152326,Mansarovar,612.5,45.6,0.567,False
2026-07-14 01:51:20.152326,Mansarovar,721.6,37.9,0.668,False
2026-07-14 02:51:20.152326,Mansarovar,723.3,45.9,0.67,False
2026-07-14 03:51:20.152326,Mansarovar,775.0,42.5,0.718,False
2026-07-14 04:51:20.152326,Mansarovar,642.5,48.8,0.595,False
2026-07-14 05:51:20.152326,Mansarovar,691.4,39.1,0.64,False
2026-07-14 06:51:20.152326,Mansarovar,733.1,36.4,0.679,False
2026-07-14 07:51:20.152326,Mansarovar,1001.7,27.8,0.927,False
2026-07-14 08:51:20.152326,Mansarovar,1143.0,28.3,1.0,False
2026-07-14 09:51:20.152326,Mansarovar,1259.2,27.1,1.0,False
2026-07-14 10:51:20.152326,Mansarovar,684.0,48.9,0.633,False
2026-07-14 11:51:20.152326,Mansarovar,592.7,47.1,0.549,False
2026-07-14 12:51:20.152326,Mansarovar,671.1,44.0,0.621,False
2026-07-14 13:51:20.152326,Mansarovar,694.4,42.2,0.643,False
2026-07-14 14:51:20.152326,Mansarovar,748.7,43.9,0.693,False
2026-07-14 15:51:20.152326,Mansarovar,690.3,44.5,0.639,False
2026-07-14 16:51:20.152326,Mansarovar,737.9,39.5,0.683,False
2026-07-14 17:51:20.152326,Mansarovar,1061.6,35.3,0.983,False
2026-07-14 18:51:20.152326,Mansarovar,1034.9,30.0,0.958,False
2026-07-14 19:51:20.152326,Mansarovar,1119.6,26.9,1.0,False
2026-07-14 20:51:20.152326,Mansarovar,712.4,36.6,0.66,True
2026-07-14 21:51:20.152326,Mansarovar,707.5,41.2,0.655,False
2026-07-14 22:51:20.152326,Mansarovar,729.7,39.5,0.676,False
2026-07-14 23:51:20.152326,Mansarovar,767.6,40.2,0.711,False
2026-07-15 00:51:20.152326,Mansarovar,610.8,51.4,0.566,False
2026-07-15 01:51:20.152326,Mansarovar,540.2,46.3,0.5,False
2026-07-15 02:51:20.152326,Mansarovar,741.6,41.1,0.687,False
2026-07-15 03:51:20.152326,Mansarovar,735.6,45.5,0.681,False
2026-07-15 04:51:20.152326,Mansarovar,667.1,48.5,0.618,False
2026-07-15 05:51:20.152326,Mansarovar,668.7,43.3,0.619,False
2026-07-15 06:51:20.152326,Mansarovar,633.1,33.9,0.586,False
2026-07-15 07:51:20.152326,Mansarovar,1071.8,30.3,0.992,False
2026-07-15 08:51:20.152326,Mansarovar,1167.2,28.8,1.0,False
2026-07-15 09:51:20.152326,Mansarovar,1024.4,35.7,0.949,False
2026-07-15 10:51:20.152326,Mansarovar,583.1,51.2,0.54,False
2026-07-15 11:51:20.152326,Mansarovar,597.3,45.3,0.553,False
2026-07-15 12:51:20.152326,Mansarovar,697.2,42.8,0.646,False
2026-07-15 13:51:20.152326,Mansarovar,749.9,40.0,0.694,False
2026-07-15 14:51:20.152326,Mansarovar,652.3,43.9,0.604,False
2026-07-15 15:51:20.152326,Mansarovar,667.3,45.9,0.618,False
2026-07-15 16:51:20.152326,Mansarovar,630.0,45.9,0.583,False
2026-07-15 17:51:20.152326,Mansarovar,1096.6,27.7,1.0,False
2026-07-15 18:51:20.152326,Mansarovar,1048.5,31.4,0.971,False
2026-07-15 19:51:20.152326,Mansarovar,967.1,31.3,0.895,False
2026-07-15 20:51:20.152326,Mansarovar,603.4,44.3,0.559,False
2026-07-15 21:51:20.152326,Mansarovar,624.3,50.5,0.578,False
2026-07-15 22:51:20.152326,Mansarovar,721.3,40.1,0.668,False
2026-07-15 23:51:20.152326,Mansarovar,630.8,50.3,0.584,False
2026-07-16 00:51:20.152326,Mansarovar,626.8,44.3,0.58,False
2026-07-16 01:51:20.152326,Mansarovar,663.7,45.1,0.615,False
2026-07-16 02:51:20.152326,Mansarovar,673.3,44.0,0.623,False
2026-07-16 03:51:20.152326,Mansarovar,676.6,34.8,0.626,False
2026-07-16 04:51:20.152326,Mansarovar,692.3,41.8,0.641,False
2026-07-16 05:51:20.152326,Mansarovar,708.6,40.9,0.656,False
2026-07-16 06:51:20.152326,Mansarovar,708.1,40.9,0.656,False
2026-07-16 07:51:20.152326,Mansarovar,1105.8,28.0,1.0,False
2026-07-16 08:51:20.152326,Mansarovar,1120.6,23.4,1.0,False
2026-07-16 09:51:20.152326,Mansarovar,1053.5,33.1,0.975,False
2026-07-16 10:51:20.152326,Mansarovar,711.7,42.6,0.659,False
2026-07-16 11:51:20.152326,Mansarovar,696.7,41.8,0.645,False
2026-07-16 12:51:20.152326,Mansarovar,699.4,43.4,0.648,False
2026-07-16 13:51:20.152326,Mansarovar,778.0,34.5,0.72,False
2026-07-16 14:51:20.152326,Mansarovar,689.4,39.2,0.638,False
2026-07-16 15:51:20.152326,Mansarovar,671.1,45.5,0.621,False
2026-07-16 16:51:20.152326,Mansarovar,629.5,46.9,0.583,False
2026-07-16 17:51:20.152326,Mansarovar,1017.2,32.9,0.942,False
2026-07-16 18:51:20.152326,Mansarovar,1019.9,32.4,0.944,False
2026-07-16 19:51:20.152326,Mansarovar,963.8,35.9,0.892,False
2026-07-16 20:51:20.152326,Mansarovar,744.6,40.2,0.689,False
2026-07-16 21:51:20.152326,Mansarovar,638.8,46.5,0.592,False
2026-07-16 22:51:20.152326,Mansarovar,669.1,43.9,0.62,False
2026-07-16 23:51:20.152326,Mansarovar,600.6,49.8,0.556,False
2026-07-17 00:51:20.152326,Mansarovar,730.9,45.7,0.677,False
2026-07-17 01:51:20.152326,Mansarovar,635.0,47.7,0.588,False
2026-07-17 02:51:20.152326,Mansarovar,594.5,44.5,0.551,False
2026-07-17 03:51:20.152326,Mansarovar,558.8,50.4,0.517,False
2026-07-17 04:51:20.152326,Mansarovar,643.1,45.0,0.596,False
2026-07-17 05:51:20.152326,Mansarovar,690.6,41.4,0.639,False
2026-07-17 06:51:20.152326,Mansarovar,693.7,47.3,0.642,False
2026-07-17 07:51:20.152326,Mansarovar,1075.7,35.0,0.996,False
2026-07-17 08:51:20.152326,Mansarovar,1157.3,32.5,1.0,False
2026-07-17 09:51:20.152326,Mansarovar,1246.3,24.9,1.0,False
2026-07-17 10:51:20.152326,Mansarovar,757.9,34.9,0.702,False
2026-07-17 11:51:20.152326,Mansarovar,737.1,35.7,0.682,False
2026-07-17 12:51:20.152326,Mansarovar,496.7,50.4,0.46,False
2026-07-17 13:51:20.152326,Mansarovar,727.5,42.0,0.674,False
2026-07-17 14:51:20.152326,Mansarovar,639.6,44.0,0.592,True
2026-07-17 15:51:20.152326,Mansarovar,616.3,42.9,0.571,False
2026-07-17 16:51:20.152326,Mansarovar,653.1,38.0,0.605,False
2026-07-17 17:51:20.152326,Mansarovar,1122.3,31.1,1.0,False
2026-07-17 18:51:20.152326,Mansarovar,1136.3,28.8,1.0,False
2026-07-17 19:51:20.152326,Mansarovar,1014.1,29.9,0.939,False
2026-07-17 20:51:20.152326,Mansarovar,661.8,40.9,0.613,False
2026-07-17 21:51:20.152326,Mansarovar,652.3,42.9,0.604,False
2026-07-17 22:51:20.152326,Mansarovar,707.1,41.1,0.655,False
2026-07-17 23:51:20.152326,Mansarovar,749.9,37.8,0.694,False
2026-07-18 00:51:20.152326,Mansarovar,449.9,49.0,0.417,False
2026-07-18 01:51:20.152326,Mansarovar,459.9,51.8,0.426,False
2026-07-18 02:51:20.152326,Mansarovar,421.9,53.0,0.391,False
2026-07-18 03:51:20.152326,Mansarovar,405.2,54.3,0.375,False
2026-07-18 04:51:20.152326,Mansarovar,545.9,47.9,0.505,False
2026-07-18 05:51:20.152326,Mansarovar,440.8,54.6,0.408,False
2026-07-18 06:51:20.152326,Mansarovar,451.3,54.2,0.418,False
2026-07-18 07:51:20.152326,Mansarovar,699.1,45.7,0.647,False
2026-07-18 08:51:20.152326,Mansarovar,793.1,39.4,0.734,False
2026-07-18 09:51:20.152326,Mansarovar,716.7,47.5,0.664,False
2026-07-18 10:51:20.152326,Mansarovar,477.9,43.1,0.442,False
2026-07-18 11:51:20.152326,Mansarovar,402.9,50.2,0.373,False
2026-07-18 12:51:20.152326,Mansarovar,447.2,51.1,0.414,False
2026-07-18 13:51:20.152326,Mansarovar,475.0,48.4,0.44,False
2026-07-18 14:51:20.152326,Mansarovar,454.7,49.2,0.421,False
2026-07-18 15:51:20.152326,Mansarovar,491.4,46.6,0.455,False
2026-07-18 16:51:20.152326,Mansarovar,502.0,45.8,0.465,False
2026-07-18 17:51:20.152326,Mansarovar,695.1,45.2,0.644,False
2026-07-18 18:51:20.152326,Mansarovar,743.5,41.0,0.688,False
2026-07-18 19:51:20.152326,Mansarovar,737.8,39.4,0.683,False
2026-07-18 20:51:20.152326,Mansarovar,438.6,51.7,0.406,False
2026-07-18 21:51:20.152326,Mansarovar,479.0,50.9,0.443,False
2026-07-18 22:51:20.152326,Mansarovar,459.9,47.3,0.426,False
2026-07-18 23:51:20.152326,Mansarovar,464.0,47.3,0.43,False
2026-07-19 00:51:20.152326,Mansarovar,536.5,46.9,0.497,False
2026-07-19 01:51:20.152326,Mansarovar,468.1,52.6,0.433,False
2026-07-19 02:51:20.152326,Mansarovar,436.3,52.9,0.404,False
2026-07-19 03:51:20.152326,Mansarovar,509.0,50.8,0.471,False
2026-07-19 04:51:20.152326,Mansarovar,438.5,51.5,0.406,False
2026-07-19 05:51:20.152326,Mansarovar,495.0,49.9,0.458,False
2026-07-19 06:51:20.152326,Mansarovar,443.0,50.3,0.41,False
2026-07-19 07:51:20.152326,Mansarovar,885.6,35.6,0.82,False
2026-07-19 08:51:20.152326,Mansarovar,733.2,39.7,0.679,False
2026-07-19 09:51:20.152326,Mansarovar,806.2,41.3,0.747,False
2026-07-19 10:51:20.152326,Mansarovar,454.8,55.5,0.421,False
2026-07-19 11:51:20.152326,Mansarovar,469.6,49.4,0.435,False
2026-07-19 12:51:20.152326,Mansarovar,487.3,44.2,0.451,False
2026-07-19 13:51:20.152326,Mansarovar,465.9,49.6,0.431,False
2026-07-19 14:51:20.152326,Mansarovar,435.1,51.8,0.403,False
2026-07-19 15:51:20.152326,Mansarovar,477.5,51.1,0.442,False
2026-07-19 16:51:20.152326,Mansarovar,430.1,52.7,0.398,False
2026-07-19 17:51:20.152326,Mansarovar,701.6,37.0,0.65,False
2026-07-19 18:51:20.152326,Mansarovar,781.1,32.4,0.723,False
2026-07-19 19:51:20.152326,Mansarovar,823.9,38.9,0.763,False
2026-07-19 20:51:20.152326,Mansarovar,467.8,49.1,0.433,False
2026-07-19 21:51:20.152326,Mansarovar,503.7,46.6,0.466,False
2026-07-19 22:51:20.152326,Mansarovar,469.9,49.9,0.435,False
2026-07-19 23:51:20.152326,Mansarovar,475.8,53.4,0.441,False
2026-07-20 00:51:20.152326,Mansarovar,657.5,42.5,0.609,False
2026-07-20 01:51:20.152326,Mansarovar,587.9,40.6,0.544,False
2026-07-20 02:51:20.152326,Mansarovar,676.1,42.9,0.626,False
2026-07-20 03:51:20.152326,Mansarovar,683.2,38.2,0.633,False
2026-07-20 04:51:20.152326,Mansarovar,653.9,42.9,0.605,False
2026-07-20 05:51:20.152326,Mansarovar,701.3,45.0,0.649,True
2026-07-20 06:51:20.152326,Mansarovar,729.3,41.4,0.675,False
2026-07-20 07:51:20.152326,Mansarovar,1047.7,27.9,0.97,False
2026-07-20 08:51:20.152326,Mansarovar,1315.7,17.4,1.0,False
2026-07-20 09:51:20.152326,Mansarovar,1156.6,26.5,1.0,False
2026-07-20 10:51:20.152326,Mansarovar,679.6,44.7,0.629,False
2026-07-20 11:51:20.152326,Mansarovar,629.1,45.7,0.582,False
2026-07-20 12:51:20.152326,Mansarovar,669.6,39.5,0.62,False
2026-07-20 13:51:20.152326,Mansarovar,713.5,38.7,0.661,False
2026-07-20 14:51:20.152326,Mansarovar,703.1,41.8,0.651,False
2026-07-20 15:51:20.152326,Mansarovar,714.8,40.1,0.662,False
2026-07-20 16:51:20.152326,Mansarovar,711.7,43.2,0.659,False
2026-07-20 17:51:20.152326,Mansarovar,1064.1,31.3,0.985,False
2026-07-20 18:51:20.152326,Mansarovar,1078.7,27.6,0.999,False
2026-07-20 19:51:20.152326,Mansarovar,1039.6,29.2,0.963,False
2026-07-20 20:51:20.152326,Mansarovar,669.2,40.6,0.62,False
2026-07-20 21:51:20.152326,Mansarovar,600.7,46.5,0.556,False
2026-07-20 22:51:20.152326,Mansarovar,645.8,43.6,0.598,False
2026-07-20 23:51:20.152326,Mansarovar,677.5,41.7,0.627,False
2026-07-21 00:51:20.152326,Mansarovar,613.7,43.2,0.568,True
2026-07-21 01:51:20.152326,Mansarovar,695.4,41.0,0.644,False
2026-07-21 02:51:20.152326,Mansarovar,733.6,43.3,0.679,False
2026-07-21 03:51:20.152326,Mansarovar,763.2,41.5,0.707,False
2026-07-21 04:51:20.152326,Mansarovar,654.2,43.8,0.606,False
2026-07-21 05:51:20.152326,Mansarovar,749.8,36.5,0.694,False
2026-07-21 06:51:20.152326,Mansarovar,633.7,47.0,0.587,False
2026-07-21 07:51:20.152326,Mansarovar,1098.4,26.8,1.0,False
2026-07-21 08:51:20.152326,Mansarovar,1007.4,31.5,0.933,False
2026-07-21 09:51:20.152326,Mansarovar,1157.0,30.6,1.0,False
2026-07-21 10:51:20.152326,Mansarovar,645.6,40.7,0.598,False
2026-07-21 11:51:20.152326,Mansarovar,697.3,45.0,0.646,False
2026-07-21 12:51:20.152326,Mansarovar,660.6,36.3,0.612,False
2026-07-21 13:51:20.152326,Mansarovar,613.5,47.2,0.568,False
2026-07-21 14:51:20.152326,Mansarovar,652.3,43.5,0.604,False
2026-07-21 15:51:20.152326,Mansarovar,718.9,40.7,0.666,False
2026-07-21 16:51:20.152326,Mansarovar,640.5,46.2,0.593,False
2026-07-21 17:51:20.152326,Mansarovar,1083.7,26.7,1.0,True
2026-07-21 18:51:20.152326,Mansarovar,893.7,37.4,0.827,False
2026-07-21 19:51:20.152326,Mansarovar,1010.8,30.9,0.936,False
2026-07-21 20:51:20.152326,Mansarovar,689.8,42.6,0.639,False
2026-07-21 21:51:20.152326,Mansarovar,711.8,39.3,0.659,False
2026-07-21 22:51:20.152326,Mansarovar,636.7,42.1,0.59,False
2026-07-21 23:51:20.152326,Mansarovar,653.7,45.9,0.605,False
2026-07-22 00:51:20.152326,Mansarovar,669.3,41.5,0.62,False
2026-07-22 01:51:20.152326,Mansarovar,723.2,36.9,0.67,False
2026-07-22 02:51:20.152326,Mansarovar,721.1,45.2,0.668,False
2026-07-22 03:51:20.152326,Mansarovar,637.8,42.1,0.591,False
2026-07-22 04:51:20.152326,Mansarovar,692.3,39.6,0.641,False
2026-07-22 05:51:20.152326,Mansarovar,743.4,40.3,0.688,False
2026-07-22 06:51:20.152326,Mansarovar,599.7,38.9,0.555,False
2026-07-22 07:51:20.152326,Mansarovar,1054.5,36.7,0.976,False
2026-07-22 08:51:20.152326,Mansarovar,1256.1,19.2,1.0,False
2026-07-22 09:51:20.152326,Mansarovar,1169.2,27.6,1.0,False
2026-07-22 10:51:20.152326,Mansarovar,573.6,41.8,0.531,False
2026-07-22 11:51:20.152326,Mansarovar,770.7,35.3,0.714,False
2026-07-22 12:51:20.152326,Mansarovar,603.0,40.6,0.558,False
2026-07-22 13:51:20.152326,Mansarovar,681.7,46.9,0.631,False
2026-07-22 14:51:20.152326,Mansarovar,712.8,37.9,0.66,False
2026-07-22 15:51:20.152326,Mansarovar,721.6,40.9,0.668,False
2026-07-22 16:51:20.152326,Mansarovar,703.2,44.2,0.651,False
2026-07-22 17:51:20.152326,Mansarovar,1075.0,25.8,0.995,False
2026-07-22 18:51:20.152326,Mansarovar,1045.6,30.1,0.968,False
2026-07-22 19:51:20.152326,Mansarovar,1025.5,29.7,0.95,False
2026-07-22 20:51:20.152326,Mansarovar,746.6,39.1,0.691,False
2026-07-22 21:51:20.152326,Mansarovar,652.3,47.7,0.604,False
2026-07-22 22:51:20.152326,Mansarovar,657.8,41.8,0.609,False
2026-07-22 23:51:20.152326,Mansarovar,639.7,42.0,0.592,False
2026-07-23 00:51:20.152326,Mansarovar,528.1,48.0,0.489,False
2026-07-23 01:51:20.152326,Mansarovar,709.9,42.9,0.657,False
2026-07-23 02:51:20.152326,Mansarovar,724.9,39.7,0.671,False
2026-07-23 03:51:20.152326,Mansarovar,714.3,37.0,0.661,False
2026-07-23 04:51:20.152326,Mansarovar,662.1,38.7,0.613,False
2026-07-23 05:51:20.152326,Mansarovar,675.6,44.4,0.626,False
2026-07-23 06:51:20.152326,Mansarovar,698.7,43.3,0.647,False
2026-07-23 07:51:20.152326,Mansarovar,976.7,34.5,0.904,False
2026-07-23 08:51:20.152326,Mansarovar,1169.0,24.7,1.0,False
2026-07-23 09:51:20.152326,Mansarovar,1070.7,28.7,0.991,False
2026-07-23 10:51:20.152326,Mansarovar,666.2,41.9,0.617,False
2026-07-23 11:51:20.152326,Mansarovar,598.4,46.4,0.554,False
2026-07-23 12:51:20.152326,Mansarovar,660.4,43.3,0.611,False
2026-07-23 13:51:20.152326,Mansarovar,749.6,42.6,0.694,False
2026-07-23 14:51:20.152326,Mansarovar,709.2,38.4,0.657,False
2026-07-23 15:51:20.152326,Mansarovar,720.3,40.0,0.667,False
2026-07-23 16:51:20.152326,Mansarovar,575.4,42.9,0.533,False
2026-07-23 17:51:20.152326,Mansarovar,918.3,39.5,0.85,False
2026-07-23 18:51:20.152326,Mansarovar,1095.7,27.9,1.0,False
2026-07-23 19:51:20.152326,Mansarovar,1065.6,31.2,0.987,False
2026-07-23 20:51:20.152326,Mansarovar,724.6,43.2,0.671,False
2026-07-23 21:51:20.152326,Mansarovar,594.7,47.7,0.551,False
2026-07-23 22:51:20.152326,Mansarovar,695.6,47.9,0.644,False
2026-07-23 23:51:20.152326,Mansarovar,713.1,41.1,0.66,False
2026-07-24 00:51:20.152326,Mansarovar,709.3,42.2,0.657,False
2026-07-24 01:51:20.152326,Mansarovar,613.2,49.1,0.568,False
2026-07-24 02:51:20.152326,Mansarovar,632.0,46.6,0.585,False
2026-07-24 03:51:20.152326,Mansarovar,653.0,48.5,0.605,True
2026-07-24 04:51:20.152326,Mansarovar,659.9,42.1,0.611,False
2026-07-24 05:51:20.152326,Mansarovar,654.2,43.9,0.606,False
2026-07-24 06:51:20.152326,Mansarovar,687.4,40.1,0.636,False
2026-07-24 07:51:20.152326,Mansarovar,972.8,39.4,0.901,False
2026-07-24 08:51:20.152326,Mansarovar,1018.8,38.0,0.943,False
2026-07-24 09:51:20.152326,Mansarovar,1025.0,31.8,0.949,False
2026-07-24 10:51:20.152326,Mansarovar,697.9,41.3,0.646,False
2026-07-24 11:51:20.152326,Mansarovar,725.3,38.3,0.672,False
2026-07-24 12:51:20.152326,Mansarovar,654.5,43.5,0.606,False
2026-07-24 13:51:20.152326,Mansarovar,708.9,34.3,0.656,False
2026-07-24 14:51:20.152326,Mansarovar,551.7,51.5,0.511,False
2026-07-24 15:51:20.152326,Mansarovar,620.0,42.6,0.574,False
2026-07-24 16:51:20.152326,Mansarovar,734.1,39.2,0.68,True
2026-07-24 17:51:20.152326,Mansarovar,1053.8,28.5,0.976,False
2026-07-24 18:51:20.152326,Mansarovar,945.8,32.5,0.876,False
2026-07-24 19:51:20.152326,Mansarovar,1039.8,28.4,0.963,False
2026-07-24 20:51:20.152326,Mansarovar,648.4,48.3,0.6,False
2026-07-24 21:51:20.152326,Mansarovar,564.0,45.4,0.522,False
2026-07-24 22:51:20.152326,Mansarovar,681.2,43.1,0.631,False
2026-07-24 23:51:20.152326,Mansarovar,729.7,39.5,0.676,False
2026-07-25 00:51:20.152326,Mansarovar,415.5,56.3,0.385,False
2026-07-25 01:51:20.152326,Mansarovar,488.8,52.9,0.453,False
2026-07-25 02:51:20.152326,Mansarovar,457.4,49.6,0.423,False
2026-07-25 03:51:20.152326,Mansarovar,480.1,45.8,0.445,False
2026-07-25 04:51:20.152326,Mansarovar,456.6,53.2,0.423,False
2026-07-25 05:51:20.152326,Mansarovar,459.9,45.9,0.426,False
2026-07-25 06:51:20.152326,Mansarovar,512.4,53.3,0.474,False
2026-07-25 07:51:20.152326,Mansarovar,822.2,37.7,0.761,False
2026-07-25 08:51:20.152326,Mansarovar,828.5,38.9,0.767,False
2026-07-25 09:51:20.152326,Mansarovar,810.7,39.7,0.751,False
2026-07-25 10:51:20.152326,Mansarovar,489.5,47.4,0.453,False
2026-07-25 11:51:20.152326,Mansarovar,499.3,48.9,0.462,False
2026-07-25 12:51:20.152326,Mansarovar,444.2,50.0,0.411,False
2026-07-25 13:51:20.152326,Mansarovar,483.3,47.6,0.447,False
2026-07-25 14:51:20.152326,Mansarovar,468.9,52.3,0.434,False
2026-07-25 15:51:20.152326,Mansarovar,473.2,54.0,0.438,False
2026-07-25 16:51:20.152326,Mansarovar,505.4,50.5,0.468,False
2026-07-25 17:51:20.152326,Mansarovar,688.8,40.0,0.638,False
2026-07-25 18:51:20.152326,Mansarovar,589.9,46.0,0.546,False
2026-07-25 19:51:20.152326,Mansarovar,785.6,36.6,0.727,False
2026-07-25 20:51:20.152326,Mansarovar,490.3,46.6,0.454,False
2026-07-25 21:51:20.152326,Mansarovar,475.5,51.6,0.44,False
2026-07-25 22:51:20.152326,Mansarovar,500.0,47.1,0.463,False
2026-07-25 23:51:20.152326,Mansarovar,503.3,51.4,0.466,False
2026-07-26 00:51:20.152326,Mansarovar,439.4,48.7,0.407,False
2026-07-26 01:51:20.152326,Mansarovar,489.2,51.8,0.453,False
2026-07-26 02:51:20.152326,Mansarovar,439.9,55.2,0.407,False
2026-07-26 03:51:20.152326,Mansarovar,522.7,46.5,0.484,False
2026-07-26 04:51:20.152326,Mansarovar,435.3,56.4,0.403,False
2026-07-26 05:51:20.152326,Mansarovar,516.3,45.3,0.478,False
2026-07-26 06:51:20.152326,Mansarovar,455.8,54.3,0.422,False
2026-07-26 07:51:20.152326,Mansarovar,752.0,42.9,0.696,False
2026-07-26 08:51:20.152326,Mansarovar,833.6,29.6,0.772,False
2026-07-26 09:51:20.152326,Mansarovar,808.4,32.8,0.749,False
2026-07-26 10:51:20.152326,Mansarovar,467.5,51.1,0.433,False
2026-07-26 11:51:20.152326,Mansarovar,460.3,46.8,0.426,False
2026-07-26 12:51:20.152326,Mansarovar,475.6,57.8,0.44,False
2026-07-26 13:51:20.152326,Mansarovar,409.3,54.6,0.379,False
2026-07-26 14:51:20.152326,Mansarovar,481.7,48.5,0.446,False
2026-07-26 15:51:20.152326,Mansarovar,488.5,46.0,0.452,False
2026-07-26 16:51:20.152326,Mansarovar,493.9,51.7,0.457,False
2026-07-26 17:51:20.152326,Mansarovar,780.5,41.3,0.723,False
2026-07-26 18:51:20.152326,Mansarovar,703.6,43.3,0.651,False
2026-07-26 19:51:20.152326,Mansarovar,828.3,39.1,0.767,False
2026-07-26 20:51:20.152326,Mansarovar,560.8,52.0,0.519,False
2026-07-26 21:51:20.152326,Mansarovar,452.2,51.9,0.419,False
2026-07-26 22:51:20.152326,Mansarovar,446.2,47.5,0.413,False
2026-07-26 23:51:20.152326,Mansarovar,388.6,49.9,0.36,False
2026-07-27 00:51:20.152326,Mansarovar,623.1,38.6,0.577,False
2026-07-27 01:51:20.152326,Mansarovar,637.2,45.0,0.59,False
2026-07-27 02:51:20.152326,Mansarovar,817.8,42.7,0.757,False
2026-07-27 03:51:20.152326,Mansarovar,768.5,42.0,0.712,False
2026-07-27 04:51:20.152326,Mansarovar,756.4,40.7,0.7,False
2026-07-27 05:51:20.152326,Mansarovar,676.4,46.2,0.626,False
2026-07-27 06:51:20.152326,Mansarovar,769.0,35.9,0.712,False
2026-07-27 07:51:20.152326,Mansarovar,1200.0,26.6,1.0,False
2026-07-27 08:51:20.152326,Mansarovar,1154.9,27.7,1.0,False
2026-07-27 09:51:20.152326,Mansarovar,1109.6,29.5,1.0,False
2026-07-27 10:51:20.152326,Mansarovar,670.1,47.2,0.62,False
2026-07-27 11:51:20.152326,Mansarovar,691.6,41.7,0.64,False
2026-07-27 12:51:20.152326,Mansarovar,662.0,43.6,0.613,False
2026-07-27 13:51:20.152326,Mansarovar,686.7,44.1,0.636,False
2026-07-27 14:51:20.152326,Mansarovar,701.4,42.9,0.649,False
2026-07-27 15:51:20.152326,Mansarovar,544.6,47.5,0.504,True
2026-07-27 16:51:20.152326,Mansarovar,691.0,45.3,0.64,False
2026-07-27 17:51:20.152326,Mansarovar,922.1,34.7,0.854,False
2026-07-27 18:51:20.152326,Mansarovar,980.3,38.6,0.908,False
2026-07-27 19:51:20.152326,Mansarovar,1114.8,29.7,1.0,False
2026-07-27 20:51:20.152326,Mansarovar,667.3,40.0,0.618,False
2026-07-27 21:51:20.152326,Mansarovar,711.4,42.7,0.659,False
2026-07-27 22:51:20.152326,Mansarovar,600.3,49.6,0.556,False
2026-07-27 23:51:20.152326,Mansarovar,698.3,40.3,0.647,False
2026-07-28 00:51:20.152326,Mansarovar,680.5,45.2,0.63,False
2026-07-28 01:51:20.152326,Mansarovar,644.4,46.5,0.597,False
2026-07-28 02:51:20.152326,Mansarovar,727.2,43.4,0.673,False
2026-07-28 03:51:20.152326,Mansarovar,689.7,43.7,0.639,False
2026-07-28 04:51:20.152326,Mansarovar,624.9,47.3,0.579,False
2026-07-28 05:51:20.152326,Mansarovar,747.0,41.8,0.692,False
2026-07-28 06:51:20.152326,Mansarovar,733.8,42.6,0.679,False
2026-07-28 07:51:20.152326,Mansarovar,1138.9,31.2,1.0,False
2026-07-28 08:51:20.152326,Mansarovar,1201.5,23.1,1.0,False
2026-07-28 09:51:20.152326,Mansarovar,1056.6,30.6,0.978,False
2026-07-28 10:51:20.152326,Mansarovar,653.8,41.4,0.605,False
2026-07-28 11:51:20.152326,Mansarovar,607.5,45.4,0.563,False
2026-07-28 12:51:20.152326,Mansarovar,732.7,34.9,0.678,False
2026-07-28 13:51:20.152326,Mansarovar,655.3,47.1,0.607,True
2026-07-28 14:51:20.152326,Mansarovar,608.6,41.3,0.564,False
2026-07-28 15:51:20.152326,Mansarovar,662.9,39.4,0.614,False
2026-07-28 16:51:20.152326,Mansarovar,619.4,45.9,0.574,False
2026-07-28 17:51:20.152326,Mansarovar,1151.8,22.8,1.0,False
2026-07-28 18:51:20.152326,Mansarovar,1030.8,31.9,0.954,False
2026-07-28 19:51:20.152326,Mansarovar,1030.0,30.7,0.954,False
2026-07-28 20:51:20.152326,Mansarovar,757.7,42.9,0.702,False
2026-07-28 21:51:20.152326,Mansarovar,647.8,43.3,0.6,False
2026-07-28 22:51:20.152326,Mansarovar,679.0,46.3,0.629,False
2026-07-28 23:51:20.152326,Mansarovar,639.2,47.1,0.592,False
2026-07-29 00:51:20.152326,Mansarovar,683.8,44.1,0.633,False
2026-07-29 01:51:20.152326,Mansarovar,715.5,40.1,0.663,False
2026-07-29 02:51:20.152326,Mansarovar,655.7,40.9,0.607,False
2026-07-29 03:51:20.152326,Mansarovar,758.5,38.2,0.702,False
2026-07-29 04:51:20.152326,Mansarovar,634.3,43.9,0.587,False
2026-07-29 05:51:20.152326,Mansarovar,742.0,37.7,0.687,False
2026-07-29 06:51:20.152326,Mansarovar,654.2,46.8,0.606,False
2026-07-29 07:51:20.152326,Mansarovar,1042.8,32.1,0.966,False
2026-07-29 08:51:20.152326,Mansarovar,1096.4,28.5,1.0,False
2026-07-29 09:51:20.152326,Mansarovar,1143.6,26.5,1.0,False
2026-07-29 10:51:20.152326,Mansarovar,739.6,47.4,0.685,False
2026-07-29 11:51:20.152326,Mansarovar,686.3,44.6,0.635,False
2026-07-29 12:51:20.152326,Mansarovar,735.2,43.9,0.681,False
2026-07-29 13:51:20.152326,Mansarovar,725.8,41.9,0.672,False
2026-07-29 14:51:20.152326,Mansarovar,673.2,40.0,0.623,False
2026-07-29 15:51:20.152326,Mansarovar,641.0,43.4,0.593,False
2026-07-29 16:51:20.152326,Mansarovar,663.1,41.2,0.614,False
2026-07-29 17:51:20.152326,Mansarovar,887.7,36.6,0.822,False
2026-07-29 18:51:20.152326,Mansarovar,1162.3,23.2,1.0,False
2026-07-29 19:51:20.152326,Mansarovar,1071.1,27.6,0.992,False
2026-07-29 20:51:20.152326,Mansarovar,708.2,39.8,0.656,False
2026-07-29 21:51:20.152326,Mansarovar,739.5,46.3,0.685,False
2026-07-29 22:51:20.152326,Mansarovar,685.3,47.5,0.635,False
2026-07-29 23:51:20.152326,Mansarovar,637.4,45.2,0.59,False
2026-07-30 00:51:20.152326,Mansarovar,700.3,42.3,0.648,False
2026-07-30 01:51:20.152326,Mansarovar,680.1,37.6,0.63,False
2026-07-30 02:51:20.152326,Mansarovar,761.9,40.2,0.706,False
2026-07-30 03:51:20.152326,Mansarovar,699.9,46.9,0.648,False
2026-07-30 04:51:20.152326,Mansarovar,629.5,43.7,0.583,False
2026-07-30 05:51:20.152326,Mansarovar,691.0,43.7,0.64,False
2026-07-30 06:51:20.152326,Mansarovar,745.3,40.4,0.69,False
2026-07-30 07:51:20.152326,Mansarovar,1249.4,20.2,1.0,False
2026-07-30 08:51:20.152326,Mansarovar,1009.1,31.7,0.934,False
2026-07-30 09:51:20.152326,Mansarovar,1149.6,28.5,1.0,False
2026-07-30 10:51:20.152326,Mansarovar,660.2,43.1,0.611,True
2026-07-30 11:51:20.152326,Mansarovar,581.7,44.1,0.539,False
2026-07-30 12:51:20.152326,Mansarovar,709.5,38.4,0.657,False
2026-07-30 13:51:20.152326,Mansarovar,744.5,41.8,0.689,False
2026-07-30 14:51:20.152326,Mansarovar,671.2,45.8,0.622,False
2026-07-30 15:51:20.152326,Mansarovar,730.0,46.5,0.676,False
2026-07-30 16:51:20.152326,Mansarovar,745.2,45.8,0.69,False
2026-07-30 17:51:20.152326,Mansarovar,1180.6,27.5,1.0,False
2026-07-30 18:51:20.152326,Mansarovar,991.7,32.0,0.918,False
2026-07-30 19:51:20.152326,Mansarovar,1060.2,30.3,0.982,False
2026-07-30 20:51:20.152326,Mansarovar,613.7,46.9,0.568,True
2026-07-30 21:51:20.152326,Mansarovar,679.6,38.3,0.629,False
2026-07-30 22:51:20.152326,Mansarovar,617.0,45.8,0.571,False
2026-07-30 23:51:20.152326,Mansarovar,751.0,36.6,0.695,False
2026-07-31 00:51:20.152326,Mansarovar,651.7,46.8,0.603,False
2026-07-31 01:51:20.152326,Mansarovar,686.7,39.9,0.636,False
2026-07-31 02:51:20.152326,Mansarovar,696.4,42.9,0.645,False
2026-07-31 03:51:20.152326,Mansarovar,649.9,46.2,0.602,False
2026-07-31 04:51:20.152326,Mansarovar,658.2,41.9,0.609,False
2026-07-31 05:51:20.152326,Mansarovar,637.7,40.0,0.59,False
2026-07-31 06:51:20.152326,Mansarovar,691.8,41.0,0.641,False
2026-07-31 07:51:20.152326,Mansarovar,1050.7,25.7,0.973,False
2026-07-31 08:51:20.152326,Mansarovar,1136.9,31.1,1.0,False
2026-07-31 09:51:20.152326,Mansarovar,1181.7,26.8,1.0,False
2026-07-31 10:51:20.152326,Mansarovar,673.4,39.5,0.624,False
2026-07-31 11:51:20.152326,Mansarovar,603.8,52.5,0.559,False
2026-07-31 12:51:20.152326,Mansarovar,664.5,44.0,0.615,False
2026-07-31 13:51:20.152326,Mansarovar,627.6,45.1,0.581,False
2026-07-31 14:51:20.152326,Mansarovar,684.5,45.6,0.634,False
2026-07-31 15:51:20.152326,Mansarovar,590.1,46.8,0.546,False
2026-07-31 16:51:20.152326,Mansarovar,695.3,44.5,0.644,False
2026-07-31 17:51:20.152326,Mansarovar,1191.4,30.8,1.0,False
2026-07-31 18:51:20.152326,Mansarovar,1042.4,34.1,0.965,False
2026-07-31 19:51:20.152326,Mansarovar,983.5,32.8,0.911,False
2026-07-31 20:51:20.152326,Mansarovar,739.4,45.7,0.685,False
2026-07-31 21:51:20.152326,Mansarovar,712.4,40.2,0.66,False
2026-07-31 22:51:20.152326,Mansarovar,634.1,43.7,0.587,False
2026-07-31 23:51:20.152326,Mansarovar,690.3,41.1,0.639,False
2026-08-01 00:51:20.152326,Mansarovar,470.6,50.5,0.436,False
2026-08-01 01:51:20.152326,Mansarovar,548.6,43.7,0.508,False
2026-08-01 02:51:20.152326,Mansarovar,437.9,53.4,0.405,False
2026-08-01 03:51:20.152326,Mansarovar,472.8,46.2,0.438,False
2026-08-01 04:51:20.152326,Mansarovar,450.5,54.2,0.417,False
2026-08-01 05:51:20.152326,Mansarovar,448.6,55.2,0.415,False
2026-08-01 06:51:20.152326,Mansarovar,531.4,49.8,0.492,False
2026-08-01 07:51:20.152326,Mansarovar,759.9,42.8,0.704,False
2026-08-01 08:51:20.152326,Mansarovar,825.3,40.1,0.764,False
2026-08-01 09:51:20.152326,Mansarovar,777.1,40.1,0.72,False
2026-08-01 10:51:20.152326,Mansarovar,440.8,53.6,0.408,False
2026-08-01 11:51:20.152326,Mansarovar,481.7,50.6,0.446,False
2026-08-01 12:51:20.152326,Mansarovar,464.3,49.2,0.43,False
2026-08-01 13:51:20.152326,Mansarovar,398.7,46.0,0.369,False
2026-08-01 14:51:20.152326,Mansarovar,485.5,46.8,0.45,False
2026-08-01 15:51:20.152326,Mansarovar,516.3,46.2,0.478,False
2026-08-01 16:51:20.152326,Mansarovar,497.8,47.2,0.461,False
2026-08-01 17:51:20.152326,Mansarovar,554.3,46.4,0.513,False
2026-08-01 18:51:20.152326,Mansarovar,821.2,39.8,0.76,False
2026-08-01 19:51:20.152326,Mansarovar,627.1,41.4,0.581,False
2026-08-01 20:51:20.152326,Mansarovar,564.8,45.4,0.523,False
2026-08-01 21:51:20.152326,Mansarovar,459.9,51.2,0.426,False
2026-08-01 22:51:20.152326,Mansarovar,488.4,51.9,0.452,True
2026-08-01 23:51:20.152326,Mansarovar,426.2,48.4,0.395,False
2026-08-02 00:51:20.152326,Mansarovar,434.7,52.9,0.402,False
2026-08-02 01:51:20.152326,Mansarovar,503.5,54.6,0.466,False
2026-08-02 02:51:20.152326,Mansarovar,483.5,48.0,0.448,False
2026-08-02 03:51:20.152326,Mansarovar,474.1,52.0,0.439,False
2026-08-02 04:51:20.152326,Mansarovar,435.2,51.3,0.403,False
2026-08-02 05:51:20.152326,Mansarovar,438.8,53.7,0.406,False
2026-08-02 06:51:20.152326,Mansarovar,464.5,47.3,0.43,False
2026-08-02 07:51:20.152326,Mansarovar,768.4,35.6,0.712,False
2026-08-02 08:51:20.152326,Mansarovar,864.3,34.0,0.8,False
2026-08-02 09:51:20.152326,Mansarovar,788.7,32.4,0.73,False
2026-08-02 10:51:20.152326,Mansarovar,500.8,51.5,0.464,False
2026-08-02 11:51:20.152326,Mansarovar,539.8,48.4,0.5,False
2026-08-02 12:51:20.152326,Mansarovar,499.0,46.4,0.462,False
2026-08-02 13:51:20.152326,Mansarovar,504.0,50.2,0.467,False
2026-08-02 14:51:20.152326,Mansarovar,426.6,50.8,0.395,False
2026-08-02 15:51:20.152326,Mansarovar,461.0,50.9,0.427,False
2026-08-02 16:51:20.152326,Mansarovar,534.1,47.6,0.495,False
2026-08-02 17:51:20.152326,Mansarovar,794.6,40.5,0.736,False
2026-08-02 18:51:20.152326,Mansarovar,797.3,37.3,0.738,False
2026-08-02 19:51:20.152326,Mansarovar,869.3,39.1,0.805,False
2026-08-02 20:51:20.152326,Mansarovar,506.5,44.6,0.469,False
2026-08-02 21:51:20.152326,Mansarovar,502.1,53.3,0.465,False
2026-08-02 22:51:20.152326,Mansarovar,487.1,44.8,0.451,False
2026-08-02 23:51:20.152326,Mansarovar,503.1,43.1,0.466,False
2026-08-03 00:51:20.152326,Mansarovar,679.1,41.1,0.629,False
2026-08-03 01:51:20.152326,Mansarovar,689.5,47.4,0.638,False
2026-08-03 02:51:20.152326,Mansarovar,820.1,32.7,0.759,False
2026-08-03 03:51:20.152326,Mansarovar,750.2,43.0,0.695,False
2026-08-03 04:51:20.152326,Mansarovar,713.5,43.9,0.661,False
2026-08-03 05:51:20.152326,Mansarovar,673.1,39.3,0.623,False
2026-08-03 06:51:20.152326,Mansarovar,682.0,42.2,0.631,False
2026-08-03 07:51:20.152326,Mansarovar,1190.3,27.1,1.0,False
2026-08-03 08:51:20.152326,Mansarovar,1031.0,30.3,0.955,False
2026-08-03 09:51:20.152326,Mansarovar,1147.1,26.2,1.0,False
2026-08-03 10:51:20.152326,Mansarovar,721.0,42.6,0.668,False
2026-08-03 11:51:20.152326,Mansarovar,684.5,40.9,0.634,False
2026-08-03 12:51:20.152326,Mansarovar,619.2,47.0,0.573,False
2026-08-03 13:51:20.152326,Mansarovar,717.8,47.8,0.665,False
2026-08-03 14:51:20.152326,Mansarovar,752.1,37.3,0.696,False
2026-08-03 15:51:20.152326,Mansarovar,791.0,42.1,0.732,False
2026-08-03 16:51:20.152326,Mansarovar,680.4,42.0,0.63,False
2026-08-03 17:51:20.152326,Mansarovar,938.7,34.0,0.869,False
2026-08-03 18:51:20.152326,Mansarovar,1096.0,28.5,1.0,False
2026-08-03 19:51:20.152326,Mansarovar,1023.0,32.4,0.947,False
2026-08-03 20:51:20.152326,Mansarovar,671.1,38.8,0.621,False
2026-08-03 21:51:20.152326,Mansarovar,694.2,47.5,0.643,False
2026-08-03 22:51:20.152326,Mansarovar,697.4,46.0,0.646,False
2026-08-03 23:51:20.152326,Mansarovar,714.3,40.9,0.661,False
2026-08-04 00:51:20.152326,Mansarovar,770.4,39.9,0.713,False
2026-08-04 01:51:20.152326,Mansarovar,700.3,47.9,0.648,False
2026-08-04 02:51:20.152326,Mansarovar,626.2,51.8,0.58,False
2026-08-04 03:51:20.152326,Mansarovar,695.4,46.7,0.644,False
2026-08-04 04:51:20.152326,Mansarovar,595.7,41.3,0.552,False
2026-08-04 05:51:20.152326,Mansarovar,709.3,41.4,0.657,False
2026-08-04 06:51:20.152326,Mansarovar,737.7,39.7,0.683,False
2026-08-04 07:51:20.152326,Mansarovar,1001.4,32.4,0.927,False
2026-08-04 08:51:20.152326,Mansarovar,1227.3,25.9,1.0,False
2026-08-04 09:51:20.152326,Mansarovar,1058.6,31.4,0.98,False
2026-08-04 10:51:20.152326,Mansarovar,609.1,48.5,0.564,False
2026-08-04 11:51:20.152326,Mansarovar,644.9,44.0,0.597,False
2026-08-04 12:51:20.152326,Mansarovar,651.6,41.1,0.603,False
2026-08-04 13:51:20.152326,Mansarovar,638.8,47.9,0.591,False
2026-08-04 14:51:20.152326,Mansarovar,620.1,44.6,0.574,False
2026-08-04 15:51:20.152326,Mansarovar,624.6,47.7,0.578,False
2026-08-04 16:51:20.152326,Mansarovar,681.7,44.5,0.631,False
2026-08-04 17:51:20.152326,Mansarovar,1009.9,30.6,0.935,False
2026-08-04 18:51:20.152326,Mansarovar,1045.4,33.5,0.968,False
2026-08-04 19:51:20.152326,Mansarovar,1022.5,29.1,0.947,False
2026-08-04 20:51:20.152326,Mansarovar,638.5,44.4,0.591,False
2026-08-04 21:51:20.152326,Mansarovar,596.6,42.2,0.552,False
2026-08-04 22:51:20.152326,Mansarovar,690.4,43.8,0.639,False
2026-08-04 23:51:20.152326,Mansarovar,757.9,44.2,0.702,False
2026-08-05 00:51:20.152326,Mansarovar,696.9,41.5,0.645,False
2026-08-05 01:51:20.152326,Mansarovar,640.9,36.2,0.593,False
2026-08-05 02:51:20.152326,Mansarovar,742.2,42.6,0.687,False
2026-08-05 03:51:20.152326,Mansarovar,746.8,38.5,0.691,False
2026-08-05 04:51:20.152326,Mansarovar,634.2,47.7,0.587,False
2026-08-05 05:51:20.152326,Mansarovar,645.1,45.1,0.597,False
2026-08-05 06:51:20.152326,Mansarovar,699.4,42.9,0.648,False
2026-08-05 07:51:20.152326,Mansarovar,1197.7,31.5,1.0,False
2026-08-05 08:51:20.152326,Mansarovar,1047.5,33.4,0.97,False
2026-08-05 09:51:20.152326,Mansarovar,1103.4,25.0,1.0,False
2026-08-05 10:51:20.152326,Mansarovar,715.2,41.6,0.662,False
2026-08-05 11:51:20.152326,Mansarovar,738.8,40.5,0.684,False
2026-08-05 12:51:20.152326,Mansarovar,763.8,40.2,0.707,False
2026-08-05 13:51:20.152326,Mansarovar,695.9,40.3,0.644,False
2026-08-05 14:51:20.152326,Mansarovar,668.5,43.2,0.619,False
2026-08-05 15:51:20.152326,Mansarovar,621.3,43.3,0.575,True
2026-08-05 16:51:20.152326,Mansarovar,652.5,41.0,0.604,False
2026-08-05 17:51:20.152326,Mansarovar,1060.1,30.3,0.982,False
2026-08-05 18:51:20.152326,Mansarovar,996.7,36.7,0.923,False
2026-08-05 19:51:20.152326,Mansarovar,1093.8,29.5,1.0,False
2026-08-05 20:51:20.152326,Mansarovar,701.2,35.3,0.649,False
2026-08-05 21:51:20.152326,Mansarovar,747.1,39.6,0.692,False
2026-08-05 22:51:20.152326,Mansarovar,654.6,40.3,0.606,False
2026-08-05 23:51:20.152326,Mansarovar,688.0,40.8,0.637,False
2026-08-06 00:51:20.152326,Mansarovar,617.6,41.4,0.572,False
2026-08-06 01:51:20.152326,Mansarovar,694.2,48.2,0.643,False
2026-08-06 02:51:20.152326,Mansarovar,689.7,41.4,0.639,False
2026-08-06 03:51:20.152326,Mansarovar,589.5,43.5,0.546,False
2026-08-06 04:51:20.152326,Mansarovar,636.0,44.1,0.589,False
2026-08-06 05:51:20.152326,Mansarovar,791.5,39.0,0.733,False
2026-08-06 06:51:20.152326,Mansarovar,665.9,41.6,0.617,False
2026-08-06 07:51:20.152326,Mansarovar,1008.0,31.3,0.933,False
2026-08-06 08:51:20.152326,Mansarovar,1139.4,24.3,1.0,False
2026-08-06 09:51:20.152326,Mansarovar,1208.4,25.1,1.0,False
2026-08-06 10:51:20.152326,Mansarovar,651.8,30.0,0.604,False
2026-08-06 11:51:20.152326,Mansarovar,615.8,39.6,0.57,False
2026-08-06 12:51:20.152326,Mansarovar,717.8,44.0,0.665,False
2026-08-06 13:51:20.152326,Mansarovar,690.2,45.8,0.639,False
2026-08-06 14:51:20.152326,Mansarovar,714.0,43.4,0.661,False
2026-08-06 15:51:20.152326,Mansarovar,662.7,42.8,0.614,False
2026-08-06 16:51:20.152326,Mansarovar,689.8,43.0,0.639,False
2026-08-06 17:51:20.152326,Mansarovar,992.1,36.2,0.919,False
2026-08-06 18:51:20.152326,Mansarovar,954.7,32.2,0.884,False
2026-08-06 19:51:20.152326,Mansarovar,1080.8,31.1,1.0,False
2026-08-06 20:51:20.152326,Mansarovar,586.6,48.3,0.543,False
2026-08-06 21:51:20.152326,Mansarovar,726.3,38.8,0.672,False
2026-08-06 22:51:20.152326,Mansarovar,586.7,47.2,0.543,False
2026-08-06 23:51:20.152326,Mansarovar,693.9,41.3,0.643,False
2026-08-07 00:51:20.152326,Mansarovar,873.3,32.3,0.809,False
2026-08-07 01:51:20.152326,Mansarovar,584.1,50.0,0.541,False
2026-08-07 02:51:20.152326,Mansarovar,737.9,37.7,0.683,False
2026-08-07 03:51:20.152326,Mansarovar,649.1,43.7,0.601,False
2026-08-07 04:51:20.152326,Mansarovar,792.8,38.1,0.734,False
2026-08-07 05:51:20.152326,Mansarovar,656.0,48.7,0.607,False
2026-08-07 06:51:20.152326,Mansarovar,643.0,35.8,0.595,False
2026-08-07 07:51:20.152326,Mansarovar,998.8,29.0,0.925,False
2026-08-07 08:51:20.152326,Mansarovar,1093.2,28.7,1.0,False
2026-08-07 09:51:20.152326,Mansarovar,1065.8,30.3,0.987,False
2026-08-07 10:51:20.152326,Mansarovar,580.2,47.7,0.537,False
2026-08-07 11:51:20.152326,Mansarovar,699.6,41.0,0.648,False
2026-08-07 12:51:20.152326,Mansarovar,621.1,41.4,0.575,False
2026-08-07 13:51:20.152326,Mansarovar,653.7,42.0,0.605,False
2026-08-07 14:51:20.152326,Mansarovar,659.1,36.3,0.61,False
2026-08-07 15:51:20.152326,Mansarovar,687.3,38.7,0.636,False
2026-08-07 16:51:20.152326,Mansarovar,674.7,44.4,0.625,False
2026-08-07 17:51:20.152326,Mansarovar,951.3,37.6,0.881,False
2026-08-07 18:51:20.152326,Mansarovar,943.2,35.7,0.873,False
2026-08-07 19:51:20.152326,Mansarovar,1039.5,27.0,0.962,False
2026-08-07 20:51:20.152326,Mansarovar,752.2,42.3,0.696,False
2026-08-07 21:51:20.152326,Mansarovar,665.2,36.0,0.616,False
2026-08-07 22:51:20.152326,Mansarovar,735.6,40.3,0.681,False
2026-08-07 23:51:20.152326,Mansarovar,645.5,47.6,0.598,False
2026-08-08 00:51:20.152326,Mansarovar,479.8,50.3,0.444,False
2026-08-08 01:51:20.152326,Mansarovar,409.8,51.7,0.379,False
2026-08-08 02:51:20.152326,Mansarovar,450.8,53.3,0.417,False
2026-08-08 03:51:20.152326,Mansarovar,524.9,44.6,0.486,False
2026-08-08 04:51:20.152326,Mansarovar,464.3,47.5,0.43,False
2026-08-08 05:51:20.152326,Mansarovar,476.8,48.4,0.442,False
2026-08-08 06:51:20.152326,Mansarovar,442.1,46.9,0.409,False
2026-08-08 07:51:20.152326,Mansarovar,803.2,36.9,0.744,False
2026-08-08 08:51:20.152326,Mansarovar,714.0,41.7,0.661,False
2026-08-08 09:51:20.152326,Mansarovar,762.1,35.9,0.706,False
2026-08-08 10:51:20.152326,Mansarovar,446.4,51.7,0.413,False
2026-08-08 11:51:20.152326,Mansarovar,441.5,47.9,0.409,False
2026-08-08 12:51:20.152326,Mansarovar,471.7,45.7,0.437,False
2026-08-08 13:51:20.152326,Mansarovar,506.2,43.1,0.469,False
2026-08-08 14:51:20.152326,Mansarovar,431.1,55.8,0.399,False
2026-08-08 15:51:20.152326,Mansarovar,418.7,55.5,0.388,False
2026-08-08 16:51:20.152326,Mansarovar,500.7,48.9,0.464,False
2026-08-08 17:51:20.152326,Mansarovar,710.4,44.2,0.658,False
2026-08-08 18:51:20.152326,Mansarovar,830.0,40.6,0.769,False
2026-08-08 19:51:20.152326,Mansarovar,737.1,41.7,0.683,False
2026-08-08 20:51:20.152326,Mansarovar,457.7,46.6,0.424,False
2026-08-08 21:51:20.152326,Mansarovar,455.7,49.0,0.422,False
2026-08-08 22:51:20.152326,Mansarovar,485.5,49.9,0.45,False
2026-08-08 23:51:20.152326,Mansarovar,430.3,52.4,0.398,False
2026-08-09 00:51:20.152326,Mansarovar,460.1,44.0,0.426,False
2026-08-09 01:51:20.152326,Mansarovar,518.3,52.9,0.48,False
2026-08-09 02:51:20.152326,Mansarovar,436.5,53.6,0.404,False
2026-08-09 03:51:20.152326,Mansarovar,437.9,49.5,0.405,False
2026-08-09 04:51:20.152326,Mansarovar,457.2,54.0,0.423,False
2026-08-09 05:51:20.152326,Mansarovar,501.4,44.4,0.464,False
2026-08-09 06:51:20.152326,Mansarovar,507.9,47.0,0.47,False
2026-08-09 07:51:20.152326,Mansarovar,797.7,45.4,0.739,False
2026-08-09 08:51:20.152326,Mansarovar,815.1,36.1,0.755,False
2026-08-09 09:51:20.152326,Mansarovar,774.3,37.8,0.717,False
2026-08-09 10:51:20.152326,Mansarovar,492.4,50.0,0.456,False
2026-08-09 11:51:20.152326,Mansarovar,471.0,46.9,0.436,False
2026-08-09 12:51:20.152326,Mansarovar,503.1,52.8,0.466,False
2026-08-09 13:51:20.152326,Mansarovar,460.0,51.7,0.426,False
2026-08-09 14:51:20.152326,Mansarovar,465.1,42.5,0.431,False
2026-08-09 15:51:20.152326,Mansarovar,445.4,44.6,0.412,False
2026-08-09 16:51:20.152326,Mansarovar,448.7,49.8,0.415,False
2026-08-09 17:51:20.152326,Mansarovar,737.7,44.8,0.683,False
2026-08-09 18:51:20.152326,Mansarovar,673.6,38.7,0.624,False
2026-08-09 19:51:20.152326,Mansarovar,670.1,43.1,0.62,False
2026-08-09 20:51:20.152326,Mansarovar,428.6,49.3,0.397,False
2026-08-09 21:51:20.152326,Mansarovar,497.9,51.3,0.461,False
2026-08-09 22:51:20.152326,Mansarovar,440.6,47.8,0.408,False
2026-08-09 23:51:20.152326,Mansarovar,459.3,51.9,0.425,False
2026-08-10 00:51:20.152326,Mansarovar,680.4,44.4,0.63,True
2026-08-10 01:51:20.152326,Mansarovar,581.4,45.2,0.538,False
2026-08-10 02:51:20.152326,Mansarovar,712.7,41.2,0.66,False
2026-08-10 03:51:20.152326,Mansarovar,627.7,44.5,0.581,False
2026-08-10 04:51:20.152326,Mansarovar,644.0,46.4,0.596,False
2026-08-10 05:51:20.152326,Mansarovar,683.9,44.6,0.633,True
2026-08-10 06:51:20.152326,Mansarovar,679.5,43.9,0.629,False
2026-08-10 07:51:20.152326,Mansarovar,1025.6,26.0,0.95,False
2026-08-10 08:51:20.152326,Mansarovar,1038.9,30.2,0.962,False
2026-08-10 09:51:20.152326,Mansarovar,993.8,32.1,0.92,False
2026-08-10 10:51:20.152326,Mansarovar,649.0,48.9,0.601,False
2026-08-10 11:51:20.152326,Mansarovar,618.7,48.0,0.573,False
2026-08-10 12:51:20.152326,Mansarovar,721.0,36.5,0.668,False
2026-08-10 13:51:20.152326,Mansarovar,649.8,42.3,0.602,False
2026-08-10 14:51:20.152326,Mansarovar,628.7,41.9,0.582,False
2026-08-10 15:51:20.152326,Mansarovar,683.3,44.6,0.633,False
2026-08-10 16:51:20.152326,Mansarovar,646.0,44.4,0.598,False
2026-08-10 17:51:20.152326,Mansarovar,1164.2,24.6,1.0,False
2026-08-10 18:51:20.152326,Mansarovar,1014.7,29.9,0.94,False
2026-08-10 19:51:20.152326,Mansarovar,974.0,36.1,0.902,False
2026-08-10 20:51:20.152326,Mansarovar,703.7,36.6,0.652,False
2026-08-10 21:51:20.152326,Mansarovar,766.0,42.6,0.709,False
2026-08-10 22:51:20.152326,Mansarovar,567.3,50.5,0.525,False
2026-08-10 23:51:20.152326,Mansarovar,612.0,46.3,0.567,False
2026-08-11 00:51:20.152326,Mansarovar,716.7,39.5,0.664,False
2026-08-11 01:51:20.152326,Mansarovar,730.9,41.7,0.677,False
2026-08-11 02:51:20.152326,Mansarovar,688.8,42.5,0.638,False
2026-08-11 03:51:20.152326,Mansarovar,640.4,43.4,0.593,False
2026-08-11 04:51:20.152326,Mansarovar,663.5,45.3,0.614,False
2026-08-11 05:51:20.152326,Mansarovar,743.8,34.9,0.689,False
2026-08-11 06:51:20.152326,Mansarovar,741.5,40.8,0.687,False
2026-08-11 07:51:20.152326,Mansarovar,1149.5,31.0,1.0,True
2026-08-11 08:51:20.152326,Mansarovar,1086.5,27.6,1.0,False
2026-08-11 09:51:20.152326,Mansarovar,1126.8,27.4,1.0,False
2026-08-11 10:51:20.152326,Mansarovar,715.7,45.2,0.663,False
2026-08-11 11:51:20.152326,Mansarovar,776.8,37.5,0.719,False
2026-08-11 12:51:20.152326,Mansarovar,699.7,45.0,0.648,False
2026-08-11 13:51:20.152326,Mansarovar,712.6,39.3,0.66,False
2026-08-11 14:51:20.152326,Mansarovar,690.7,43.5,0.64,False
2026-08-11 15:51:20.152326,Mansarovar,693.4,45.4,0.642,False
2026-08-11 16:51:20.152326,Mansarovar,690.2,40.6,0.639,False
2026-08-11 17:51:20.152326,Mansarovar,961.4,32.1,0.89,False
2026-08-11 18:51:20.152326,Mansarovar,1174.4,25.4,1.0,False
2026-08-11 19:51:20.152326,Mansarovar,1071.7,29.6,0.992,False
2026-08-11 20:51:20.152326,Mansarovar,693.7,40.8,0.642,False
2026-08-11 21:51:20.152326,Mansarovar,701.8,38.2,0.65,False
2026-08-11 22:51:20.152326,Mansarovar,701.7,44.2,0.65,False
2026-08-11 23:51:20.152326,Mansarovar,686.3,38.1,0.635,False
2026-08-12 00:51:20.152326,Mansarovar,666.0,43.6,0.617,False
2026-08-12 01:51:20.152326,Mansarovar,678.6,46.4,0.628,False
2026-08-12 02:51:20.152326,Mansarovar,601.3,40.9,0.557,False
2026-08-12 03:51:20.152326,Mansarovar,645.8,42.6,0.598,False
2026-08-12 04:51:20.152326,Mansarovar,693.2,40.9,0.642,False
2026-08-12 05:51:20.152326,Mansarovar,655.0,42.7,0.607,False
2026-08-12 06:51:20.152326,Mansarovar,685.6,49.1,0.635,False
2026-08-12 07:51:20.152326,Mansarovar,1123.3,28.0,1.0,False
2026-08-12 08:51:20.152326,Mansarovar,1022.4,25.5,0.947,False
2026-08-12 09:51:20.152326,Mansarovar,1246.7,22.2,1.0,False
2026-08-12 10:51:20.152326,Mansarovar,707.5,41.7,0.655,False
2026-08-12 11:51:20.152326,Mansarovar,685.0,41.6,0.634,False
2026-08-12 12:51:20.152326,Mansarovar,717.7,36.3,0.665,False
2026-08-12 13:51:20.152326,Mansarovar,641.9,45.7,0.594,False
2026-08-12 14:51:20.152326,Mansarovar,640.8,43.3,0.593,False
2026-08-12 15:51:20.152326,Mansarovar,706.6,39.6,0.654,False
2026-08-12 16:51:20.152326,Mansarovar,707.9,39.5,0.655,False
2026-08-12 17:51:20.152326,Mansarovar,995.9,33.7,0.922,False
2026-08-12 18:51:20.152326,Mansarovar,1054.8,31.9,0.977,False
2026-08-12 19:51:20.152326,Mansarovar,1116.6,31.3,1.0,False
2026-08-12 20:51:20.152326,Mansarovar,645.3,51.9,0.597,False
2026-08-12 21:51:20.152326,Mansarovar,636.8,42.3,0.59,False
2026-08-12 22:51:20.152326,Mansarovar,687.7,49.9,0.637,False
2026-08-12 23:51:20.152326,Mansarovar,700.2,39.9,0.648,False
2026-08-13 00:51:20.152326,Mansarovar,678.6,45.2,0.628,False
2026-08-13 01:51:20.152326,Mansarovar,713.8,38.0,0.661,False
2026-08-13 02:51:20.152326,Mansarovar,671.4,45.1,0.622,False
2026-08-13 03:51:20.152326,Mansarovar,621.7,45.7,0.576,False
2026-08-13 04:51:20.152326,Mansarovar,695.3,43.0,0.644,False
2026-08-13 05:51:20.152326,Mansarovar,652.7,46.0,0.604,False
2026-08-13 06:51:20.152326,Mansarovar,611.8,45.2,0.566,False
2026-08-13 07:51:20.152326,Mansarovar,1145.3,24.5,1.0,False
2026-08-13 08:51:20.152326,Mansarovar,1116.5,24.7,1.0,False
2026-08-13 09:51:20.152326,Mansarovar,1152.4,25.0,1.0,False
2026-08-13 10:51:20.152326,Mansarovar,698.7,46.9,0.647,False
2026-08-13 11:51:20.152326,Mansarovar,738.0,45.3,0.683,False
2026-08-13 12:51:20.152326,Mansarovar,721.6,44.0,0.668,False
2026-08-13 13:51:20.152326,Mansarovar,557.8,51.8,0.517,False
2026-08-13 14:51:20.152326,Mansarovar,699.9,45.6,0.648,False
2026-08-13 15:51:20.152326,Mansarovar,603.9,43.9,0.559,False
2026-08-13 16:51:20.152326,Mansarovar,731.6,41.1,0.677,False
2026-08-13 17:51:20.152326,Mansarovar,1219.8,22.8,1.0,False
2026-08-13 18:51:20.152326,Mansarovar,1331.6,24.2,1.0,False
2026-08-13 19:51:20.152326,Mansarovar,959.7,37.1,0.889,False
2026-08-13 20:51:20.152326,Mansarovar,599.2,44.8,0.555,False
2026-08-13 21:51:20.152326,Mansarovar,676.8,43.0,0.627,False
2026-08-13 22:51:20.152326,Mansarovar,645.7,41.5,0.598,False
2026-08-13 23:51:20.152326,Mansarovar,597.7,44.3,0.553,False
2026-08-14 00:51:20.152326,Mansarovar,714.2,42.5,0.661,False
2026-08-14 01:51:20.152326,Mansarovar,566.2,51.3,0.524,False
2026-08-14 02:51:20.152326,Mansarovar,796.1,41.5,0.737,False
2026-08-14 03:51:20.152326,Mansarovar,732.7,39.2,0.678,False
2026-08-14 04:51:20.152326,Mansarovar,654.1,42.4,0.606,False
2026-08-14 05:51:20.152326,Mansarovar,655.2,45.4,0.607,False
2026-08-14 06:51:20.152326,Mansarovar,643.9,40.3,0.596,False
2026-08-14 07:51:20.152326,Mansarovar,1088.8,25.1,1.0,False
2026-08-14 08:51:20.152326,Mansarovar,1230.9,25.9,1.0,False
2026-08-14 09:51:20.152326,Mansarovar,1183.5,30.7,1.0,False
2026-08-14 10:51:20.152326,Mansarovar,644.4,45.0,0.597,False
2026-08-14 11:51:20.152326,Mansarovar,671.1,42.4,0.621,False
2026-08-14 12:51:20.152326,Mansarovar,673.1,39.5,0.623,False
2026-08-14 13:51:20.152326,Mansarovar,686.0,44.0,0.635,False
2026-08-14 14:51:20.152326,Mansarovar,666.1,42.5,0.617,False
2026-08-14 15:51:20.152326,Mansarovar,715.0,43.6,0.662,False
2026-08-14 16:51:20.152326,Mansarovar,666.0,47.1,0.617,False
2026-08-14 17:51:20.152326,Mansarovar,1039.8,27.0,0.963,False
2026-08-14 18:51:20.152326,Mansarovar,1106.9,30.8,1.0,False
2026-08-14 19:51:20.152326,Mansarovar,937.5,36.4,0.868,False
2026-08-14 20:51:20.152326,Mansarovar,672.4,37.2,0.623,False
2026-08-14 21:51:20.152326,Mansarovar,712.3,45.0,0.66,False
2026-08-14 22:51:20.152326,Mansarovar,644.3,39.2,0.597,False
2026-08-14 23:51:20.152326,Mansarovar,711.6,40.2,0.659,False
2026-08-15 00:51:20.152326,Mansarovar,557.4,48.2,0.516,False
2026-08-15 01:51:20.152326,Mansarovar,494.0,56.0,0.457,False
2026-08-15 02:51:20.152326,Mansarovar,470.2,48.8,0.435,False
2026-08-15 03:51:20.152326,Mansarovar,465.7,49.3,0.431,False
2026-08-15 04:51:20.152326,Mansarovar,538.5,54.7,0.499,False
2026-08-15 05:51:20.152326,Mansarovar,462.5,53.6,0.428,False
2026-08-15 06:51:20.152326,Mansarovar,505.7,48.4,0.468,False
2026-08-15 07:51:20.152326,Mansarovar,732.2,40.6,0.678,False
2026-08-15 08:51:20.152326,Mansarovar,826.0,37.3,0.765,False
2026-08-15 09:51:20.152326,Mansarovar,852.1,39.7,0.789,False
2026-08-15 10:51:20.152326,Mansarovar,497.6,44.7,0.461,False
2026-08-15 11:51:20.152326,Mansarovar,435.0,54.0,0.403,False
2026-08-15 12:51:20.152326,Mansarovar,496.2,44.5,0.459,False
2026-08-15 13:51:20.152326,Mansarovar,450.6,51.0,0.417,False
2026-08-15 14:51:20.152326,Mansarovar,416.6,55.3,0.386,False
2026-08-15 15:51:20.152326,Mansarovar,449.4,50.1,0.416,False
2026-08-15 16:51:20.152326,Mansarovar,438.2,51.2,0.406,False
2026-08-15 17:51:20.152326,Mansarovar,564.5,47.8,0.523,False
2026-08-15 18:51:20.152326,Mansarovar,721.5,41.8,0.668,False
2026-08-15 19:51:20.152326,Mansarovar,731.8,39.8,0.678,False
2026-08-15 20:51:20.152326,Mansarovar,416.0,50.7,0.385,False
2026-08-15 21:51:20.152326,Mansarovar,502.2,45.6,0.465,False
2026-08-15 22:51:20.152326,Mansarovar,499.0,46.8,0.462,False
2026-08-15 23:51:20.152326,Mansarovar,480.0,54.3,0.444,False
2026-08-16 00:51:20.152326,Mansarovar,566.2,46.7,0.524,False
2026-08-16 01:51:20.152326,Mansarovar,517.0,52.5,0.479,False
2026-08-16 02:51:20.152326,Mansarovar,526.0,49.2,0.487,False
2026-08-16 03:51:20.152326,Mansarovar,520.9,43.0,0.482,True
2026-08-16 04:51:20.152326,Mansarovar,496.7,52.4,0.46,False
2026-08-16 05:51:20.152326,Mansarovar,422.0,48.3,0.391,False
2026-08-16 06:51:20.152326,Mansarovar,479.5,48.4,0.444,False
2026-08-16 07:51:20.152326,Mansarovar,726.1,43.4,0.672,False
2026-08-16 08:51:20.152326,Mansarovar,664.0,43.1,0.615,False
2026-08-16 09:51:20.152326,Mansarovar,764.1,38.1,0.707,False
2026-08-16 10:51:20.152326,Mansarovar,468.3,53.5,0.434,False
2026-08-16 11:51:20.152326,Mansarovar,452.3,49.0,0.419,False
2026-08-16 12:51:20.152326,Mansarovar,520.0,46.8,0.481,False
2026-08-16 13:51:20.152326,Mansarovar,442.3,53.8,0.41,False
2026-08-16 14:51:20.152326,Mansarovar,533.3,51.8,0.494,False
2026-08-16 15:51:20.152326,Mansarovar,479.1,54.5,0.444,False
2026-08-16 16:51:20.152326,Mansarovar,504.5,51.2,0.467,False
2026-08-16 17:51:20.152326,Mansarovar,839.9,37.3,0.778,False
2026-08-16 18:51:20.152326,Mansarovar,761.9,41.7,0.705,False
2026-08-16 19:51:20.152326,Mansarovar,766.6,40.9,0.71,False
2026-08-16 20:51:20.152326,Mansarovar,514.0,48.6,0.476,False
2026-08-16 21:51:20.152326,Mansarovar,511.4,54.6,0.473,False
2026-08-16 22:51:20.152326,Mansarovar,480.2,48.8,0.445,False
2026-08-16 23:51:20.152326,Mansarovar,505.4,50.2,0.468,False
2026-08-17 00:51:20.152326,Mansarovar,686.4,42.0,0.636,False
2026-08-17 01:51:20.152326,Mansarovar,727.5,39.4,0.674,False
2026-08-17 02:51:20.152326,Mansarovar,628.9,46.5,0.582,False
2026-08-17 03:51:20.152326,Mansarovar,653.0,46.3,0.605,False
2026-08-17 04:51:20.152326,Mansarovar,546.2,49.5,0.506,False
2026-08-17 05:51:20.152326,Mansarovar,694.8,46.4,0.643,False
2026-08-17 06:51:20.152326,Mansarovar,628.9,42.6,0.582,False
2026-08-17 07:51:20.152326,Mansarovar,1105.5,30.8,1.0,False
2026-08-17 08:51:20.152326,Mansarovar,1309.7,24.3,1.0,False
2026-08-17 09:51:20.152326,Mansarovar,1163.1,27.6,1.0,False
2026-08-17 10:51:20.152326,Mansarovar,613.0,43.4,0.568,False
2026-08-17 11:51:20.152326,Mansarovar,700.3,43.1,0.648,False
2026-08-17 12:51:20.152326,Mansarovar,662.8,41.7,0.614,False
2026-08-17 13:51:20.152326,Mansarovar,702.3,38.7,0.65,False
2026-08-17 14:51:20.152326,Mansarovar,671.2,43.3,0.621,False
2026-08-17 15:51:20.152326,Mansarovar,629.0,47.5,0.582,False
2026-08-17 16:51:20.152326,Mansarovar,620.5,40.6,0.575,False
2026-08-17 17:51:20.152326,Mansarovar,1036.2,35.9,0.959,False
2026-08-17 18:51:20.152326,Mansarovar,1189.3,29.0,1.0,False
2026-08-17 19:51:20.152326,Mansarovar,1021.5,28.2,0.946,False
2026-08-17 20:51:20.152326,Mansarovar,717.1,39.7,0.664,False
2026-08-17 21:51:20.152326,Mansarovar,590.5,48.2,0.547,False
2026-08-17 22:51:20.152326,Mansarovar,721.4,41.7,0.668,False
2026-08-17 23:51:20.152326,Mansarovar,671.7,46.8,0.622,False
2026-08-18 00:51:20.152326,Mansarovar,661.5,44.0,0.613,False
2026-08-18 01:51:20.152326,Mansarovar,641.0,45.6,0.594,False
2026-08-18 02:51:20.152326,Mansarovar,618.3,47.7,0.573,False
2026-08-18 03:51:20.152326,Mansarovar,732.5,43.0,0.678,False
2026-08-18 04:51:20.152326,Mansarovar,717.6,38.0,0.664,False
2026-08-18 05:51:20.152326,Mansarovar,676.2,43.3,0.626,False
2026-08-18 06:51:20.152326,Mansarovar,594.8,40.3,0.551,False
2026-08-18 07:51:20.152326,Mansarovar,1177.3,20.7,1.0,False
2026-08-18 08:51:20.152326,Mansarovar,1077.5,28.4,0.998,False
2026-08-18 09:51:20.152326,Mansarovar,1099.7,29.6,1.0,False
2026-08-18 10:51:20.152326,Mansarovar,679.5,46.8,0.629,False
2026-08-18 11:51:20.152326,Mansarovar,765.6,33.6,0.709,False
2026-08-18 12:51:20.152326,Mansarovar,585.1,45.9,0.542,False
2026-08-18 13:51:20.152326,Mansarovar,519.9,43.2,0.481,False
2026-08-18 14:51:20.152326,Mansarovar,669.1,46.7,0.62,False
2026-08-18 15:51:20.152326,Mansarovar,697.8,48.4,0.646,True
2026-08-18 16:51:20.152326,Mansarovar,547.3,47.6,0.507,False
2026-08-18 17:51:20.152326,Mansarovar,1018.5,27.7,0.943,False
2026-08-18 18:51:20.152326,Mansarovar,993.1,30.6,0.92,False
2026-08-18 19:51:20.152326,Mansarovar,1163.9,24.8,1.0,False
2026-08-18 20:51:20.152326,Mansarovar,694.5,38.4,0.643,False
2026-08-18 21:51:20.152326,Mansarovar,757.1,44.6,0.701,False
2026-08-18 22:51:20.152326,Mansarovar,735.6,43.1,0.681,False
2026-08-18 23:51:20.152326,Mansarovar,796.1,36.8,0.737,False
2026-08-19 00:51:20.152326,Mansarovar,632.3,45.9,0.585,False
2026-08-19 01:51:20.152326,Mansarovar,627.9,47.0,0.581,False
2026-08-19 02:51:20.152326,Mansarovar,709.6,39.8,0.657,False
2026-08-19 03:51:20.152326,Mansarovar,678.3,41.1,0.628,False
2026-08-19 04:51:20.152326,Mansarovar,620.4,43.5,0.574,False
2026-08-19 05:51:20.152326,Mansarovar,620.5,46.8,0.575,False
2026-08-19 06:51:20.152326,Mansarovar,676.0,43.5,0.626,False
2026-08-19 07:51:20.152326,Mansarovar,1046.7,31.2,0.969,False
2026-08-19 08:51:20.152326,Mansarovar,1048.1,29.1,0.97,False
2026-08-19 09:51:20.152326,Mansarovar,1091.2,24.8,1.0,False
2026-08-19 10:51:20.152326,Mansarovar,684.7,42.7,0.634,False
2026-08-19 11:51:20.152326,Mansarovar,643.3,45.1,0.596,False
2026-08-19 12:51:20.152326,Mansarovar,673.4,43.1,0.624,False
2026-08-19 13:51:20.152326,Mansarovar,715.4,39.2,0.662,False
2026-08-19 14:51:20.152326,Mansarovar,753.3,43.5,0.697,False
2026-08-19 15:51:20.152326,Mansarovar,686.3,42.6,0.635,True
2026-08-19 16:51:20.152326,Mansarovar,767.1,43.8,0.71,False
2026-08-19 17:51:20.152326,Mansarovar,979.3,31.9,0.907,False
2026-08-19 18:51:20.152326,Mansarovar,1009.7,35.7,0.935,False
2026-08-19 19:51:20.152326,Mansarovar,1038.4,32.2,0.961,False
2026-08-19 20:51:20.152326,Mansarovar,655.5,46.5,0.607,False
2026-08-19 21:51:20.152326,Mansarovar,725.5,39.6,0.672,False
2026-08-19 22:51:20.152326,Mansarovar,695.6,38.2,0.644,False
2026-08-19 23:51:20.152326,Mansarovar,689.3,46.2,0.638,False
2026-08-20 00:51:20.152326,Mansarovar,726.7,36.0,0.673,False
2026-08-20 01:51:20.152326,Mansarovar,665.8,45.5,0.617,False
2026-08-20 02:51:20.152326,Mansarovar,684.4,41.3,0.634,False
2026-08-20 03:51:20.152326,Mansarovar,621.3,49.9,0.575,False
2026-08-20 04:51:20.152326,Mansarovar,511.9,47.9,0.474,False
2026-08-20 05:51:20.152326,Mansarovar,709.3,44.5,0.657,False
2026-08-20 06:51:20.152326,Mansarovar,708.5,41.0,0.656,False
2026-08-20 07:51:20.152326,Mansarovar,1200.2,20.7,1.0,False
2026-08-20 08:51:20.152326,Mansarovar,993.9,36.0,0.92,False
2026-08-20 09:51:20.152326,Mansarovar,1196.9,26.8,1.0,False
2026-08-20 10:51:20.152326,Mansarovar,666.5,44.6,0.617,False
2026-08-20 11:51:20.152326,Mansarovar,638.8,43.8,0.591,False
2026-08-20 12:51:20.152326,Mansarovar,700.8,43.4,0.649,False
2026-08-20 13:51:20.152326,Mansarovar,696.2,40.2,0.645,False
2026-08-20 14:51:20.152326,Mansarovar,809.6,35.0,0.75,False
2026-08-20 15:51:20.152326,Mansarovar,664.9,47.0,0.616,False
2026-08-20 16:51:20.152326,Mansarovar,697.7,40.9,0.646,False
2026-08-20 17:51:20.152326,Mansarovar,1047.4,35.1,0.97,False
2026-08-20 18:51:20.152326,Mansarovar,1013.3,30.6,0.938,False
2026-08-20 19:51:20.152326,Mansarovar,920.0,36.5,0.852,False
2026-08-20 20:51:20.152326,Mansarovar,735.7,38.6,0.681,False
2026-08-20 21:51:20.152326,Mansarovar,664.7,41.2,0.615,False
2026-08-20 22:51:20.152326,Mansarovar,651.9,39.6,0.604,False
2026-08-20 23:51:20.152326,Mansarovar,605.9,49.9,0.561,False
2026-08-21 00:51:20.152326,Mansarovar,611.4,47.7,0.566,False
2026-08-21 01:51:20.152326,Mansarovar,693.8,43.6,0.642,False
2026-08-21 02:51:20.152326,Mansarovar,723.2,37.6,0.67,False
2026-08-21 03:51:20.152326,Mansarovar,735.3,43.8,0.681,False
2026-08-21 04:51:20.152326,Mansarovar,615.2,44.8,0.57,False
2026-08-21 05:51:20.152326,Mansarovar,658.0,41.8,0.609,False
2026-08-21 06:51:20.152326,Mansarovar,713.2,39.8,0.66,False
2026-08-21 07:51:20.152326,Mansarovar,1130.9,32.1,1.0,False
2026-08-21 08:51:20.152326,Mansarovar,1061.3,30.6,0.983,False
2026-08-21 09:51:20.152326,Mansarovar,1206.5,27.1,1.0,False
2026-08-21 10:51:20.152326,Mansarovar,714.3,39.9,0.661,False
2026-08-21 11:51:20.152326,Mansarovar,652.2,45.9,0.604,False
2026-08-21 12:51:20.152326,Mansarovar,718.8,39.9,0.666,False
2026-08-21 13:51:20.152326,Mansarovar,721.8,42.6,0.668,False
2026-08-21 14:51:20.152326,Mansarovar,743.8,50.2,0.689,False
2026-08-21 15:51:20.152326,Mansarovar,664.9,41.4,0.616,False
2026-08-21 16:51:20.152326,Mansarovar,734.0,42.7,0.68,False
2026-08-21 17:51:20.152326,Mansarovar,928.1,36.1,0.859,False
2026-08-21 18:51:20.152326,Mansarovar,957.1,34.2,0.886,False
2026-08-21 19:51:20.152326,Mansarovar,1086.9,26.6,1.0,False
2026-08-21 20:51:20.152326,Mansarovar,524.9,45.3,0.486,False
2026-08-21 21:51:20.152326,Mansarovar,710.0,40.2,0.657,False
2026-08-21 22:51:20.152326,Mansarovar,684.9,44.8,0.634,False
2026-08-21 23:51:20.152326,Mansarovar,668.7,37.0,0.619,False
2026-08-22 00:51:20.152326,Mansarovar,443.5,50.5,0.411,False
2026-08-22 01:51:20.152326,Mansarovar,431.8,52.2,0.4,False
2026-08-22 02:51:20.152326,Mansarovar,473.6,50.4,0.439,False
2026-08-22 03:51:20.152326,Mansarovar,488.1,43.3,0.452,False
2026-08-22 04:51:20.152326,Mansarovar,471.3,51.5,0.436,False
2026-08-22 05:51:20.152326,Mansarovar,457.4,49.8,0.424,False
2026-08-22 06:51:20.152326,Mansarovar,476.9,48.0,0.442,False
2026-08-22 07:51:20.152326,Mansarovar,804.5,37.9,0.745,False
2026-08-22 08:51:20.152326,Mansarovar,736.9,39.5,0.682,False
2026-08-22 09:51:20.152326,Mansarovar,624.1,45.2,0.578,False
2026-08-22 10:51:20.152326,Mansarovar,467.6,49.8,0.433,False
2026-08-22 11:51:20.152326,Mansarovar,473.5,54.8,0.438,False
2026-08-22 12:51:20.152326,Mansarovar,484.7,48.3,0.449,False
2026-08-22 13:51:20.152326,Mansarovar,497.0,49.2,0.46,False
2026-08-22 14:51:20.152326,Mansarovar,491.9,49.7,0.455,False
2026-08-22 15:51:20.152326,Mansarovar,503.9,49.3,0.467,False
2026-08-22 16:51:20.152326,Mansarovar,426.9,49.8,0.395,False
2026-08-22 17:51:20.152326,Mansarovar,774.6,41.9,0.717,False
2026-08-22 18:51:20.152326,Mansarovar,703.2,41.3,0.651,False
2026-08-22 19:51:20.152326,Mansarovar,828.9,33.2,0.768,False
2026-08-22 20:51:20.152326,Mansarovar,503.4,42.9,0.466,False
2026-08-22 21:51:20.152326,Mansarovar,470.6,44.1,0.436,False
2026-08-22 22:51:20.152326,Mansarovar,433.4,46.1,0.401,False
2026-08-22 23:51:20.152326,Mansarovar,490.6,48.5,0.454,False
2026-08-23 00:51:20.152326,Mansarovar,444.5,48.1,0.412,False
2026-08-23 01:51:20.152326,Mansarovar,506.7,50.0,0.469,False
2026-08-23 02:51:20.152326,Mansarovar,427.7,48.5,0.396,False
2026-08-23 03:51:20.152326,Mansarovar,470.5,52.8,0.436,False
2026-08-23 04:51:20.152326,Mansarovar,461.4,51.2,0.427,False
2026-08-23 05:51:20.152326,Mansarovar,470.9,50.8,0.436,False
2026-08-23 06:51:20.152326,Mansarovar,482.4,46.6,0.447,False
2026-08-23 07:51:20.152326,Mansarovar,855.1,43.7,0.792,False
2026-08-23 08:51:20.152326,Mansarovar,800.2,36.9,0.741,False
2026-08-23 09:51:20.152326,Mansarovar,807.2,36.7,0.747,False
2026-08-23 10:51:20.152326,Mansarovar,468.3,50.5,0.434,False
2026-08-23 11:51:20.152326,Mansarovar,482.8,45.7,0.447,False
2026-08-23 12:51:20.152326,Mansarovar,562.6,42.9,0.521,False
2026-08-23 13:51:20.152326,Mansarovar,459.8,48.0,0.426,False
2026-08-23 14:51:20.152326,Mansarovar,432.3,51.3,0.4,False
2026-08-23 15:51:20.152326,Mansarovar,436.0,51.9,0.404,False
2026-08-23 16:51:20.152326,Mansarovar,464.3,51.1,0.43,False
2026-08-23 17:51:20.152326,Mansarovar,612.1,52.5,0.567,False
2026-08-23 18:51:20.152326,Mansarovar,698.7,44.1,0.647,False
2026-08-23 19:51:20.152326,Mansarovar,763.9,43.1,0.707,False
2026-08-23 20:51:20.152326,Mansarovar,484.0,47.8,0.448,False
2026-08-23 21:51:20.152326,Mansarovar,525.9,52.9,0.487,False
2026-08-23 22:51:20.152326,Mansarovar,505.9,50.8,0.468,False
2026-08-23 23:51:20.152326,Mansarovar,475.5,50.2,0.44,False
2026-08-24 00:51:20.152326,Mansarovar,611.2,45.4,0.566,False
2026-08-24 01:51:20.152326,Mansarovar,768.2,43.1,0.711,False
2026-08-24 02:51:20.152326,Mansarovar,675.6,42.9,0.626,False
2026-08-24 03:51:20.152326,Mansarovar,678.3,43.3,0.628,False
2026-08-24 04:51:20.152326,Mansarovar,699.2,42.7,0.647,False
2026-08-24 05:51:20.152326,Mansarovar,657.9,43.6,0.609,False
2026-08-24 06:51:20.152326,Mansarovar,642.3,42.6,0.595,False
2026-08-24 07:51:20.152326,Mansarovar,1121.3,25.0,1.0,False
2026-08-24 08:51:20.152326,Mansarovar,1149.4,25.5,1.0,False
2026-08-24 09:51:20.152326,Mansarovar,1018.9,29.4,0.943,False
2026-08-24 10:51:20.152326,Mansarovar,626.9,39.5,0.58,False
2026-08-24 11:51:20.152326,Mansarovar,669.6,42.4,0.62,False
2026-08-24 12:51:20.152326,Mansarovar,704.1,46.8,0.652,False
2026-08-24 13:51:20.152326,Mansarovar,695.8,45.6,0.644,False
2026-08-24 14:51:20.152326,Mansarovar,652.0,46.3,0.604,False
2026-08-24 15:51:20.152326,Mansarovar,640.4,48.1,0.593,False
2026-08-24 16:51:20.152326,Mansarovar,548.7,47.9,0.508,False
2026-08-24 17:51:20.152326,Mansarovar,1052.0,30.5,0.974,False
2026-08-24 18:51:20.152326,Mansarovar,1007.5,28.2,0.933,False
2026-08-24 19:51:20.152326,Mansarovar,946.9,38.6,0.877,False
2026-08-24 20:51:20.152326,Mansarovar,749.9,44.3,0.694,False
2026-08-24 21:51:20.152326,Mansarovar,791.4,34.8,0.733,False
2026-08-24 22:51:20.152326,Mansarovar,688.4,41.8,0.637,False
2026-08-24 23:51:20.152326,Mansarovar,750.1,41.2,0.694,False
2026-08-25 00:51:20.152326,Mansarovar,588.5,46.4,0.545,False
2026-08-25 01:51:20.152326,Mansarovar,677.5,49.0,0.627,False
2026-08-25 02:51:20.152326,Mansarovar,658.5,45.9,0.61,False
2026-08-25 03:51:20.152326,Mansarovar,710.4,39.9,0.658,False
2026-08-25 04:51:20.152326,Mansarovar,631.1,44.8,0.584,False
2026-08-25 05:51:20.152326,Mansarovar,766.1,38.0,0.709,False
2026-08-25 06:51:20.152326,Mansarovar,740.7,41.4,0.686,False
2026-08-25 07:51:20.152326,Mansarovar,1062.8,32.4,0.984,False
2026-08-25 08:51:20.152326,Mansarovar,1110.8,27.2,1.0,False
2026-08-25 09:51:20.152326,Mansarovar,1223.8,25.6,1.0,False
2026-08-25 10:51:20.152326,Mansarovar,770.1,38.8,0.713,False
2026-08-25 11:51:20.152326,Mansarovar,724.5,37.6,0.671,False
2026-08-25 12:51:20.152326,Mansarovar,664.9,43.5,0.616,False
2026-08-25 13:51:20.152326,Mansarovar,661.3,39.4,0.612,False
2026-08-25 14:51:20.152326,Mansarovar,721.2,43.3,0.668,False
2026-08-25 15:51:20.152326,Mansarovar,740.2,38.4,0.685,False
2026-08-25 16:51:20.152326,Mansarovar,713.0,41.0,0.66,False
2026-08-25 17:51:20.152326,Mansarovar,1168.5,27.3,1.0,False
2026-08-25 18:51:20.152326,Mansarovar,1210.9,16.0,1.0,False
2026-08-25 19:51:20.152326,Mansarovar,1024.3,32.3,0.948,False
2026-08-25 20:51:20.152326,Mansarovar,577.1,46.1,0.534,False
2026-08-25 21:51:20.152326,Mansarovar,649.9,46.0,0.602,False
2026-08-25 22:51:20.152326,Mansarovar,616.5,45.5,0.571,False
2026-08-25 23:51:20.152326,Mansarovar,656.1,40.9,0.607,False
2026-08-26 00:51:20.152326,Mansarovar,707.0,38.9,0.655,False
2026-08-26 01:51:20.152326,Mansarovar,687.5,40.9,0.637,False
2026-08-26 02:51:20.152326,Mansarovar,690.6,42.0,0.639,False
2026-08-26 03:51:20.152326,Mansarovar,686.8,46.9,0.636,False
2026-08-26 04:51:20.152326,Mansarovar,655.5,45.9,0.607,False
2026-08-26 05:51:20.152326,Mansarovar,636.0,44.9,0.589,False
2026-08-26 06:51:20.152326,Mansarovar,643.8,41.8,0.596,False
2026-08-26 07:51:20.152326,Mansarovar,990.1,35.8,0.917,False
2026-08-26 08:51:20.152326,Mansarovar,964.7,33.6,0.893,False
2026-08-26 09:51:20.152326,Mansarovar,1091.7,33.7,1.0,False
2026-08-26 10:51:20.152326,Mansarovar,705.9,43.9,0.654,False
2026-08-26 11:51:20.152326,Mansarovar,577.3,47.6,0.535,False
2026-08-26 12:51:20.152326,Mansarovar,722.6,35.4,0.669,False
2026-08-26 13:51:20.152326,Mansarovar,597.9,45.1,0.554,False
2026-08-26 14:51:20.152326,Mansarovar,707.0,43.5,0.655,False
2026-08-26 15:51:20.152326,Mansarovar,622.4,45.4,0.576,False
2026-08-26 16:51:20.152326,Mansarovar,669.5,40.9,0.62,False
2026-08-26 17:51:20.152326,Mansarovar,965.7,36.3,0.894,False
2026-08-26 18:51:20.152326,Mansarovar,1052.1,33.7,0.974,False
2026-08-26 19:51:20.152326,Mansarovar,932.4,33.3,0.863,False
2026-08-26 20:51:20.152326,Mansarovar,550.5,45.1,0.51,False
2026-08-26 21:51:20.152326,Mansarovar,701.1,42.6,0.649,False
2026-08-26 22:51:20.152326,Mansarovar,720.8,42.0,0.667,False
2026-08-26 23:51:20.152326,Mansarovar,624.5,46.7,0.578,False
2026-08-27 00:51:20.152326,Mansarovar,756.6,38.5,0.701,False
2026-08-27 01:51:20.152326,Mansarovar,695.9,43.2,0.644,False
2026-08-27 02:51:20.152326,Mansarovar,582.5,40.9,0.539,False
2026-08-27 03:51:20.152326,Mansarovar,645.6,48.8,0.598,False
2026-08-27 04:51:20.152326,Mansarovar,598.5,42.6,0.554,False
2026-08-27 05:51:20.152326,Mansarovar,653.9,42.7,0.605,False
2026-08-27 06:51:20.152326,Mansarovar,683.1,41.2,0.633,False
2026-08-27 07:51:20.152326,Mansarovar,1091.5,25.7,1.0,False
2026-08-27 08:51:20.152326,Mansarovar,1110.8,25.7,1.0,False
2026-08-27 09:51:20.152326,Mansarovar,1302.5,23.0,1.0,False
2026-08-27 10:51:20.152326,Mansarovar,730.3,41.4,0.676,False
2026-08-27 11:51:20.152326,Mansarovar,617.8,51.6,0.572,False
2026-08-27 12:51:20.152326,Mansarovar,690.2,43.1,0.639,False
2026-08-27 13:51:20.152326,Mansarovar,752.1,48.3,0.696,False
2026-08-27 14:51:20.152326,Mansarovar,716.4,38.6,0.663,False
2026-08-27 15:51:20.152326,Mansarovar,603.8,42.6,0.559,False
2026-08-27 16:51:20.152326,Mansarovar,703.2,42.8,0.651,False
2026-08-27 17:51:20.152326,Mansarovar,1030.6,28.8,0.954,False
2026-08-27 18:51:20.152326,Mansarovar,1123.0,28.2,1.0,False
2026-08-27 19:51:20.152326,Mansarovar,1008.0,32.1,0.933,False
2026-08-27 20:51:20.152326,Mansarovar,746.1,45.8,0.691,False
2026-08-27 21:51:20.152326,Mansarovar,634.7,44.9,0.588,False
2026-08-27 22:51:20.152326,Mansarovar,711.8,42.2,0.659,False
2026-08-27 23:51:20.152326,Mansarovar,743.2,38.9,0.688,False
2026-08-28 00:51:20.152326,Mansarovar,686.1,40.3,0.635,True
2026-08-28 01:51:20.152326,Mansarovar,677.7,46.3,0.627,False
2026-08-28 02:51:20.152326,Mansarovar,625.0,47.1,0.579,False
2026-08-28 03:51:20.152326,Mansarovar,703.0,40.3,0.651,False
2026-08-28 04:51:20.152326,Mansarovar,623.1,40.7,0.577,False
2026-08-28 05:51:20.152326,Mansarovar,697.8,38.7,0.646,False
2026-08-28 06:51:20.152326,Mansarovar,727.0,39.7,0.673,False
2026-08-28 07:51:20.152326,Mansarovar,1138.9,31.9,1.0,False
2026-08-28 08:51:20.152326,Mansarovar,1021.3,32.9,0.946,False
2026-08-28 09:51:20.152326,Mansarovar,1028.7,35.5,0.952,False
2026-08-28 10:51:20.152326,Mansarovar,683.0,41.4,0.632,False
2026-08-28 11:51:20.152326,Mansarovar,643.7,44.0,0.596,False
2026-08-28 12:51:20.152326,Mansarovar,633.6,48.1,0.587,False
2026-08-28 13:51:20.152326,Mansarovar,683.6,48.2,0.633,False
2026-08-28 14:51:20.152326,Mansarovar,667.7,47.5,0.618,False
2026-08-28 15:51:20.152326,Mansarovar,719.2,42.8,0.666,False
2026-08-28 16:51:20.152326,Mansarovar,748.3,42.7,0.693,False
2026-08-28 17:51:20.152326,Mansarovar,922.5,30.0,0.854,False
2026-08-28 18:51:20.152326,Mansarovar,895.8,40.9,0.829,False
2026-08-28 19:51:20.152326,Mansarovar,1007.3,32.0,0.933,False
2026-08-28 20:51:20.152326,Mansarovar,572.0,48.3,0.53,False
2026-08-28 21:51:20.152326,Mansarovar,674.8,40.7,0.625,False
2026-08-28 22:51:20.152326,Mansarovar,715.9,43.7,0.663,False
2026-08-28 23:51:20.152326,Mansarovar,709.7,38.7,0.657,False
2026-08-29 00:51:20.152326,Mansarovar,499.7,47.7,0.463,False
2026-08-29 01:51:20.152326,Mansarovar,503.0,55.3,0.466,False
2026-08-29 02:51:20.152326,Mansarovar,413.2,53.1,0.383,False
2026-08-29 03:51:20.152326,Mansarovar,482.2,48.9,0.446,False
2026-08-29 04:51:20.152326,Mansarovar,486.9,47.6,0.451,False
2026-08-29 05:51:20.152326,Mansarovar,511.4,42.0,0.473,False
2026-08-29 06:51:20.152326,Mansarovar,474.9,49.9,0.44,False
2026-08-29 07:51:20.152326,Mansarovar,668.9,41.8,0.619,False
2026-08-29 08:51:20.152326,Mansarovar,738.0,46.4,0.683,False
2026-08-29 09:51:20.152326,Mansarovar,783.0,44.7,0.725,False
2026-08-29 10:51:20.152326,Mansarovar,365.9,54.5,0.339,False
2026-08-29 11:51:20.152326,Mansarovar,476.9,52.2,0.442,False
2026-08-29 12:51:20.152326,Mansarovar,439.1,48.2,0.407,False
2026-08-29 13:51:20.152326,Mansarovar,478.6,47.6,0.443,False
2026-08-29 14:51:20.152326,Mansarovar,442.0,55.4,0.409,False
2026-08-29 15:51:20.152326,Mansarovar,423.1,52.7,0.392,False
2026-08-29 16:51:20.152326,Mansarovar,429.0,47.4,0.397,False
2026-08-29 17:51:20.152326,Mansarovar,793.8,37.9,0.735,False
2026-08-29 18:51:20.152326,Mansarovar,667.3,37.3,0.618,False
2026-08-29 19:51:20.152326,Mansarovar,838.9,32.2,0.777,False
2026-08-29 20:51:20.152326,Mansarovar,481.6,53.2,0.446,False
2026-08-29 21:51:20.152326,Mansarovar,549.2,42.6,0.509,False
2026-08-29 22:51:20.152326,Mansarovar,511.9,46.1,0.474,False
2026-08-29 23:51:20.152326,Mansarovar,414.7,53.9,0.384,False
2026-08-30 00:51:20.152326,Mansarovar,486.1,46.3,0.45,False
2026-08-30 01:51:20.152326,Mansarovar,442.3,49.8,0.41,False
2026-08-30 02:51:20.152326,Mansarovar,445.3,52.7,0.412,False
2026-08-30 03:51:20.152326,Mansarovar,408.8,53.2,0.379,False
2026-08-30 04:51:20.152326,Mansarovar,467.7,51.6,0.433,False
2026-08-30 05:51:20.152326,Mansarovar,505.6,49.1,0.468,False
2026-08-30 06:51:20.152326,Mansarovar,421.1,52.8,0.39,False
2026-08-30 07:51:20.152326,Mansarovar,848.1,40.1,0.785,False
2026-08-30 08:51:20.152326,Mansarovar,762.9,39.5,0.706,False
2026-08-30 09:51:20.152326,Mansarovar,801.8,39.2,0.742,False
2026-08-30 10:51:20.152326,Mansarovar,472.5,46.9,0.437,False
2026-08-30 11:51:20.152326,Mansarovar,477.2,45.6,0.442,False
2026-08-30 12:51:20.152326,Mansarovar,456.5,45.7,0.423,False
2026-08-30 13:51:20.152326,Mansarovar,506.3,50.4,0.469,False
2026-08-30 14:51:20.152326,Mansarovar,484.0,50.9,0.448,False
2026-08-30 15:51:20.152326,Mansarovar,520.7,45.6,0.482,False
2026-08-30 16:51:20.152326,Mansarovar,479.4,49.1,0.444,False
2026-08-30 17:51:20.152326,Mansarovar,706.9,40.2,0.654,False
2026-08-30 18:51:20.152326,Mansarovar,652.5,42.3,0.604,False
2026-08-30 19:51:20.152326,Mansarovar,784.3,34.9,0.726,False
2026-08-30 20:51:20.152326,Mansarovar,458.5,51.0,0.424,False
2026-08-30 21:51:20.152326,Mansarovar,575.1,47.6,0.533,False
2026-08-30 22:51:20.152326,Mansarovar,504.0,45.9,0.467,False
2026-08-30 23:51:20.152326,Mansarovar,515.3,49.9,0.477,False
2026-08-31 00:51:20.152326,Mansarovar,596.9,45.3,0.553,False
2026-08-31 01:51:20.152326,Mansarovar,637.2,44.2,0.59,False
2026-08-31 02:51:20.152326,Mansarovar,629.0,42.7,0.582,False
2026-08-31 03:51:20.152326,Mansarovar,616.1,41.9,0.57,False
2026-08-31 04:51:20.152326,Mansarovar,701.5,35.7,0.65,False
2026-08-31 05:51:20.152326,Mansarovar,700.6,38.3,0.649,False
2026-08-31 06:51:20.152326,Mansarovar,662.2,45.9,0.613,False
2026-08-31 07:51:20.152326,Mansarovar,1103.1,35.6,1.0,False
2026-08-31 08:51:20.152326,Mansarovar,1126.7,28.2,1.0,False
2026-08-31 09:51:20.152326,Mansarovar,1185.9,21.8,1.0,False
2026-08-31 10:51:20.152326,Mansarovar,749.4,33.6,0.694,False
2026-08-31 11:51:20.152326,Mansarovar,623.8,42.9,0.578,False
2026-08-31 12:51:20.152326,Mansarovar,603.2,43.0,0.559,False
2026-08-31 13:51:20.152326,Mansarovar,649.9,42.2,0.602,False
2026-08-31 14:51:20.152326,Mansarovar,705.9,42.5,0.654,False
2026-08-31 15:51:20.152326,Mansarovar,611.8,39.7,0.567,False
2026-08-31 16:51:20.152326,Mansarovar,641.6,40.2,0.594,False
2026-08-31 17:51:20.152326,Mansarovar,960.4,33.3,0.889,False
2026-08-31 18:51:20.152326,Mansarovar,972.4,34.4,0.9,False
2026-08-31 19:51:20.152326,Mansarovar,952.9,34.4,0.882,False
2026-08-31 20:51:20.152326,Mansarovar,699.4,42.6,0.648,False
2026-08-31 21:51:20.152326,Mansarovar,646.9,48.6,0.599,False
2026-08-31 22:51:20.152326,Mansarovar,777.4,31.6,0.72,False
2026-08-31 23:51:20.152326,Mansarovar,720.6,44.9,0.667,False
2026-09-01 00:51:20.152326,Mansarovar,624.8,45.1,0.578,False
2026-09-01 01:51:20.152326,Mansarovar,688.6,41.4,0.638,False
2026-09-01 02:51:20.152326,Mansarovar,697.8,42.5,0.646,False
2026-09-01 03:51:20.152326,Mansarovar,646.3,44.1,0.598,True
2026-09-01 04:51:20.152326,Mansarovar,627.9,46.5,0.581,False
2026-09-01 05:51:20.152326,Mansarovar,702.9,47.5,0.651,False
2026-09-01 06:51:20.152326,Mansarovar,713.1,41.7,0.66,False
2026-09-01 07:51:20.152326,Mansarovar,1095.7,31.8,1.0,False
2026-09-01 08:51:20.152326,Mansarovar,1046.6,36.1,0.969,False
2026-09-01 09:51:20.152326,Mansarovar,1077.1,27.4,0.997,False
2026-09-01 10:51:20.152326,Mansarovar,678.8,43.7,0.629,False
2026-09-01 11:51:20.152326,Mansarovar,735.8,35.1,0.681,False
2026-09-01 12:51:20.152326,Mansarovar,722.8,36.7,0.669,False
2026-09-01 13:51:20.152326,Mansarovar,588.1,48.2,0.545,False
2026-09-01 14:51:20.152326,Mansarovar,637.4,45.8,0.59,False
2026-09-01 15:51:20.152326,Mansarovar,664.8,46.4,0.616,False
2026-09-01 16:51:20.152326,Mansarovar,665.1,44.5,0.616,False
2026-09-01 17:51:20.152326,Mansarovar,1077.1,30.1,0.997,False
2026-09-01 18:51:20.152326,Mansarovar,1050.0,26.1,0.972,False
2026-09-01 19:51:20.152326,Mansarovar,1147.3,26.7,1.0,False
2026-09-01 20:51:20.152326,Mansarovar,587.7,44.5,0.544,False
2026-09-01 21:51:20.152326,Mansarovar,711.8,41.3,0.659,False
2026-09-01 22:51:20.152326,Mansarovar,680.1,46.8,0.63,False
2026-09-01 23:51:20.152326,Mansarovar,625.9,43.9,0.58,False
2026-09-02 00:51:20.152326,Mansarovar,647.0,41.9,0.599,False
2026-09-02 01:51:20.152326,Mansarovar,697.9,41.9,0.646,False
2026-09-02 02:51:20.152326,Mansarovar,706.2,35.5,0.654,False
2026-09-02 03:51:20.152326,Mansarovar,598.9,44.3,0.555,False
2026-09-02 04:51:20.152326,Mansarovar,673.2,41.5,0.623,True
2026-09-02 05:51:20.152326,Mansarovar,604.0,48.7,0.559,False
2026-09-02 06:51:20.152326,Mansarovar,648.9,43.1,0.601,True
2026-09-02 07:51:20.152326,Mansarovar,1051.8,30.7,0.974,False
2026-09-02 08:51:20.152326,Mansarovar,1054.0,30.5,0.976,False
2026-09-02 09:51:20.152326,Mansarovar,1120.9,25.2,1.0,False
2026-09-02 10:51:20.152326,Mansarovar,693.4,43.5,0.642,False
2026-09-02 11:51:20.152326,Mansarovar,734.9,48.4,0.68,False
2026-09-02 12:51:20.152326,Mansarovar,665.4,43.0,0.616,False
2026-09-02 13:51:20.152326,Mansarovar,731.7,41.7,0.678,False
2026-09-02 14:51:20.152326,Mansarovar,833.5,33.3,0.772,False
2026-09-02 15:51:20.152326,Mansarovar,692.0,40.6,0.641,False
2026-09-02 16:51:20.152326,Mansarovar,668.6,46.0,0.619,False
2026-09-02 17:51:20.152326,Mansarovar,1011.8,30.4,0.937,False
2026-09-02 18:51:20.152326,Mansarovar,998.0,29.3,0.924,False
2026-09-02 19:51:20.152326,Mansarovar,1121.5,28.2,1.0,False
2026-09-02 20:51:20.152326,Mansarovar,704.1,41.4,0.652,False
2026-09-02 21:51:20.152326,Mansarovar,706.2,40.5,0.654,False
2026-09-02 22:51:20.152326,Mansarovar,628.3,46.1,0.582,False
2026-09-02 23:51:20.152326,Mansarovar,595.5,48.0,0.551,False
2026-09-03 00:51:20.152326,Mansarovar,574.2,52.2,0.532,False
2026-09-03 01:51:20.152326,Mansarovar,684.9,37.4,0.634,False
2026-09-03 02:51:20.152326,Mansarovar,661.8,42.6,0.613,False
2026-09-03 03:51:20.152326,Mansarovar,589.4,44.4,0.546,False
2026-09-03 04:51:20.152326,Mansarovar,770.4,42.9,0.713,False
2026-09-03 05:51:20.152326,Mansarovar,820.9,35.4,0.76,False
2026-09-03 06:51:20.152326,Mansarovar,660.0,41.8,0.611,False
2026-09-03 07:51:20.152326,Mansarovar,1123.9,26.7,1.0,False
2026-09-03 08:51:20.152326,Mansarovar,1153.8,24.8,1.0,False
2026-09-03 09:51:20.152326,Mansarovar,1063.1,33.5,0.984,False
2026-09-03 10:51:20.152326,Mansarovar,623.9,43.3,0.578,False
2026-09-03 11:51:20.152326,Mansarovar,658.7,42.1,0.61,False
2026-09-03 12:51:20.152326,Mansarovar,649.0,49.1,0.601,False
2026-09-03 13:51:20.152326,Mansarovar,651.4,47.7,0.603,False
2026-09-03 14:51:20.152326,Mansarovar,650.9,39.8,0.603,False
2026-09-03 15:51:20.152326,Mansarovar,621.8,46.2,0.576,False
2026-09-03 16:51:20.152326,Mansarovar,852.5,38.5,0.789,False
2026-09-03 17:51:20.152326,Mansarovar,1226.8,25.5,1.0,False
2026-09-03 18:51:20.152326,Mansarovar,994.5,33.6,0.921,False
2026-09-03 19:51:20.152326,Mansarovar,973.9,33.8,0.902,False
2026-09-03 20:51:20.152326,Mansarovar,735.1,41.3,0.681,False
2026-09-03 21:51:20.152326,Mansarovar,651.0,43.9,0.603,False
2026-09-03 22:51:20.152326,Mansarovar,664.3,43.1,0.615,False
2026-09-03 23:51:20.152326,Mansarovar,641.2,45.0,0.594,False
2026-09-04 00:51:20.152326,Mansarovar,694.4,43.0,0.643,False
2026-09-04 01:51:20.152326,Mansarovar,764.4,41.6,0.708,False
2026-09-04 02:51:20.152326,Mansarovar,687.6,45.6,0.637,False
2026-09-04 03:51:20.152326,Mansarovar,744.0,39.4,0.689,False
2026-09-04 04:51:20.152326,Mansarovar,696.6,40.0,0.645,False
2026-09-04 05:51:20.152326,Mansarovar,730.3,41.3,0.676,False
2026-09-04 06:51:20.152326,Mansarovar,625.7,42.3,0.579,False
2026-09-04 07:51:20.152326,Mansarovar,1057.7,29.4,0.979,False
2026-09-04 08:51:20.152326,Mansarovar,1049.9,32.3,0.972,False
2026-09-04 09:51:20.152326,Mansarovar,1101.3,33.9,1.0,False
2026-09-04 10:51:20.152326,Mansarovar,641.8,42.5,0.594,False
2026-09-04 11:51:20.152326,Mansarovar,641.1,45.3,0.594,False
2026-09-04 12:51:20.152326,Mansarovar,698.7,38.8,0.647,False
2026-09-04 13:51:20.152326,Mansarovar,668.5,41.0,0.619,False
2026-09-04 14:51:20.152326,Mansarovar,554.0,47.7,0.513,False
2026-09-04 15:51:20.152326,Mansarovar,704.3,42.1,0.652,False
2026-09-04 16:51:20.152326,Mansarovar,638.8,47.7,0.591,False
2026-09-04 17:51:20.152326,Mansarovar,932.5,36.3,0.863,False
2026-09-04 18:51:20.152326,Mansarovar,1115.7,28.2,1.0,False
2026-09-04 19:51:20.152326,Mansarovar,1191.3,25.2,1.0,False
2026-09-04 20:51:20.152326,Mansarovar,553.2,50.7,0.512,False
2026-09-04 21:51:20.152326,Mansarovar,750.6,41.0,0.695,False
2026-09-04 22:51:20.152326,Mansarovar,717.7,41.3,0.665,False
2026-09-04 23:51:20.152326,Mansarovar,752.9,45.8,0.697,False
2026-09-05 00:51:20.152326,Mansarovar,440.5,50.8,0.408,False
2026-09-05 01:51:20.152326,Mansarovar,453.2,53.4,0.42,False
2026-09-05 02:51:20.152326,Mansarovar,448.3,48.8,0.415,False
2026-09-05 03:51:20.152326,Mansarovar,459.6,48.5,0.426,False
2026-09-05 04:51:20.152326,Mansarovar,530.5,47.4,0.491,False
2026-09-05 05:51:20.152326,Mansarovar,581.0,45.0,0.538,False
2026-09-05 06:51:20.152326,Mansarovar,476.2,46.7,0.441,False
2026-09-05 07:51:20.152326,Mansarovar,799.6,40.1,0.74,False
2026-09-05 08:51:20.152326,Mansarovar,674.0,48.7,0.624,True
2026-09-05 09:51:20.152326,Mansarovar,915.5,41.7,0.848,False
2026-09-05 10:51:20.152326,Mansarovar,482.9,49.0,0.447,False
2026-09-05 11:51:20.152326,Mansarovar,460.8,55.3,0.427,False
2026-09-05 12:51:20.152326,Mansarovar,467.9,47.5,0.433,False
2026-09-05 13:51:20.152326,Mansarovar,506.0,47.8,0.469,False
2026-09-05 14:51:20.152326,Mansarovar,501.4,47.1,0.464,False
2026-09-05 15:51:20.152326,Mansarovar,435.5,52.4,0.403,False
2026-09-05 16:51:20.152326,Mansarovar,471.1,46.9,0.436,False
2026-09-05 17:51:20.152326,Mansarovar,715.8,40.2,0.663,False
2026-09-05 18:51:20.152326,Mansarovar,627.5,41.5,0.581,False
2026-09-05 19:51:20.152326,Mansarovar,864.4,38.6,0.8,False
2026-09-05 20:51:20.152326,Mansarovar,501.2,49.1,0.464,False
2026-09-05 21:51:20.152326,Mansarovar,428.2,49.3,0.396,False
2026-09-05 22:51:20.152326,Mansarovar,455.4,53.3,0.422,False
2026-09-05 23:51:20.152326,Mansarovar,498.5,51.9,0.462,False
2026-09-06 00:51:20.152326,Mansarovar,425.8,55.3,0.394,False
2026-09-06 01:51:20.152326,Mansarovar,456.9,45.9,0.423,False
2026-09-06 02:51:20.152326,Mansarovar,363.2,53.2,0.336,False
2026-09-06 03:51:20.152326,Mansarovar,469.6,46.6,0.435,False
2026-09-06 04:51:20.152326,Mansarovar,474.4,49.4,0.439,False
2026-09-06 05:51:20.152326,Mansarovar,494.6,45.5,0.458,False
2026-09-06 06:51:20.152326,Mansarovar,416.7,54.3,0.386,False
2026-09-06 07:51:20.152326,Mansarovar,794.1,38.2,0.735,False
2026-09-06 08:51:20.152326,Mansarovar,772.0,43.8,0.715,False
2026-09-06 09:51:20.152326,Mansarovar,717.8,47.8,0.665,False
2026-09-06 10:51:20.152326,Mansarovar,445.6,55.6,0.413,False
2026-09-06 11:51:20.152326,Mansarovar,455.5,55.6,0.422,False
2026-09-06 12:51:20.152326,Mansarovar,481.9,50.5,0.446,False
2026-09-06 13:51:20.152326,Mansarovar,454.1,47.8,0.42,False
2026-09-06 14:51:20.152326,Mansarovar,468.0,52.2,0.433,False
2026-09-06 15:51:20.152326,Mansarovar,514.3,48.1,0.476,False
2026-09-06 16:51:20.152326,Mansarovar,475.4,47.6,0.44,False
2026-09-06 17:51:20.152326,Mansarovar,720.7,38.8,0.667,False
2026-09-06 18:51:20.152326,Mansarovar,694.0,44.1,0.643,False
2026-09-06 19:51:20.152326,Mansarovar,769.3,40.6,0.712,False
2026-09-06 20:51:20.152326,Mansarovar,525.9,49.0,0.487,False
2026-09-06 21:51:20.152326,Mansarovar,498.5,47.6,0.462,False
2026-09-06 22:51:20.152326,Mansarovar,488.9,57.3,0.453,False
2026-09-06 23:51:20.152326,Mansarovar,452.5,53.4,0.419,False
2026-09-07 00:51:20.152326,Mansarovar,686.2,44.4,0.635,False
2026-09-07 01:51:20.152326,Mansarovar,684.1,40.4,0.633,False
2026-09-07 02:51:20.152326,Mansarovar,653.1,42.0,0.605,False
2026-09-07 03:51:20.152326,Mansarovar,713.7,40.1,0.661,False
2026-09-07 04:51:20.152326,Mansarovar,673.4,45.4,0.624,False
2026-09-07 05:51:20.152326,Mansarovar,695.3,39.8,0.644,False
2026-09-07 06:51:20.152326,Mansarovar,643.2,45.8,0.596,False
2026-09-07 07:51:20.152326,Mansarovar,948.5,38.5,0.878,False
2026-09-07 08:51:20.152326,Mansarovar,1153.1,22.2,1.0,False
2026-09-07 09:51:20.152326,Mansarovar,989.1,30.4,0.916,False
2026-09-07 10:51:20.152326,Mansarovar,645.7,48.4,0.598,False
2026-09-07 11:51:20.152326,Mansarovar,696.4,40.6,0.645,False
2026-09-07 12:51:20.152326,Mansarovar,783.8,39.9,0.726,False
2026-09-07 13:51:20.152326,Mansarovar,729.0,37.6,0.675,False
2026-09-07 14:51:20.152326,Mansarovar,629.8,46.2,0.583,False
2026-09-07 15:51:20.152326,Mansarovar,683.0,43.1,0.632,False
2026-09-07 16:51:20.152326,Mansarovar,602.0,41.2,0.557,False
2026-09-07 17:51:20.152326,Mansarovar,957.9,35.3,0.887,False
2026-09-07 18:51:20.152326,Mansarovar,1121.4,26.8,1.0,False
2026-09-07 19:51:20.152326,Mansarovar,1010.7,29.3,0.936,False
2026-09-07 20:51:20.152326,Mansarovar,654.6,48.4,0.606,False
2026-09-07 21:51:20.152326,Mansarovar,587.4,45.0,0.544,False
2026-09-07 22:51:20.152326,Mansarovar,700.4,49.5,0.649,False
2026-09-07 23:51:20.152326,Mansarovar,617.8,45.7,0.572,False
2026-09-08 00:51:20.152326,Mansarovar,794.4,36.9,0.736,False
2026-09-08 01:51:20.152326,Mansarovar,610.7,46.7,0.566,False
2026-09-08 02:51:20.152326,Mansarovar,671.8,46.3,0.622,False
2026-09-08 03:51:20.152326,Mansarovar,684.3,46.4,0.634,False
2026-09-08 04:51:20.152326,Mansarovar,678.8,46.6,0.628,False
2026-09-08 05:51:20.152326,Mansarovar,659.0,41.3,0.61,False
2026-09-08 06:51:20.152326,Mansarovar,578.2,45.5,0.535,False
2026-09-08 07:51:20.152326,Mansarovar,1068.5,28.3,0.989,False
2026-09-08 08:51:20.152326,Mansarovar,1121.9,23.0,1.0,False
2026-09-08 09:51:20.152326,Mansarovar,1092.0,33.1,1.0,False
2026-09-08 10:51:20.152326,Mansarovar,669.8,46.6,0.62,False
2026-09-08 11:51:20.152326,Mansarovar,589.1,46.7,0.545,False
2026-09-08 12:51:20.152326,Mansarovar,681.6,43.9,0.631,False
2026-09-08 13:51:20.152326,Mansarovar,704.3,45.0,0.652,False
2026-09-08 14:51:20.152326,Mansarovar,744.2,40.0,0.689,False
2026-09-08 15:51:20.152326,Mansarovar,655.0,39.7,0.606,False
2026-09-08 16:51:20.152326,Mansarovar,640.9,43.5,0.593,False
2026-09-08 17:51:20.152326,Mansarovar,884.3,36.7,0.819,False
2026-09-08 18:51:20.152326,Mansarovar,953.9,32.2,0.883,False
2026-09-08 19:51:20.152326,Mansarovar,1050.4,29.4,0.973,True
2026-09-08 20:51:20.152326,Mansarovar,746.7,41.7,0.691,False
2026-09-08 21:51:20.152326,Mansarovar,712.6,42.7,0.66,False
2026-09-08 22:51:20.152326,Mansarovar,713.5,38.2,0.661,False
2026-09-08 23:51:20.152326,Mansarovar,639.8,41.9,0.592,False
2026-09-09 00:51:20.152326,Mansarovar,611.3,46.7,0.566,False
2026-09-09 01:51:20.152326,Mansarovar,688.1,38.2,0.637,False
2026-09-09 02:51:20.152326,Mansarovar,699.1,43.5,0.647,False
2026-09-09 03:51:20.152326,Mansarovar,756.1,44.2,0.7,False
2026-09-09 04:51:20.152326,Mansarovar,701.5,42.6,0.65,False
2026-09-09 05:51:20.152326,Mansarovar,630.4,43.3,0.584,False
2026-09-09 06:51:20.152326,Mansarovar,638.6,44.6,0.591,False
2026-09-09 07:51:20.152326,Mansarovar,1099.2,28.1,1.0,False
2026-09-09 08:51:20.152326,Mansarovar,1034.8,32.8,0.958,False
2026-09-09 09:51:20.152326,Mansarovar,906.0,34.9,0.839,False
2026-09-09 10:51:20.152326,Mansarovar,604.4,39.6,0.56,False
2026-09-09 11:51:20.152326,Mansarovar,636.0,41.3,0.589,False
2026-09-09 12:51:20.152326,Mansarovar,627.1,45.1,0.581,False
2026-09-09 13:51:20.152326,Mansarovar,681.5,44.8,0.631,False
2026-09-09 14:51:20.152326,Mansarovar,673.1,44.0,0.623,False
2026-09-09 15:51:20.152326,Mansarovar,780.7,37.3,0.723,False
2026-09-09 16:51:20.152326,Mansarovar,662.4,43.8,0.613,False
2026-09-09 17:51:20.152326,Mansarovar,1192.0,23.5,1.0,False
2026-09-09 18:51:20.152326,Mansarovar,1004.0,36.6,0.93,False
2026-09-09 19:51:20.152326,Mansarovar,1123.8,22.1,1.0,False
2026-09-09 20:51:20.152326,Mansarovar,699.1,44.5,0.647,False
2026-09-09 21:51:20.152326,Mansarovar,772.7,40.2,0.715,False
2026-09-09 22:51:20.152326,Mansarovar,576.8,42.4,0.534,False
2026-09-09 23:51:20.152326,Mansarovar,669.9,48.9,0.62,False
2026-09-10 00:51:20.152326,Mansarovar,667.0,38.5,0.618,False
2026-09-10 01:51:20.152326,Mansarovar,616.6,41.7,0.571,False
2026-09-10 02:51:20.152326,Mansarovar,611.0,46.0,0.566,False
2026-09-10 03:51:20.152326,Mansarovar,680.7,40.9,0.63,False
2026-09-10 04:51:20.152326,Mansarovar,632.9,41.4,0.586,False
2026-09-10 05:51:20.152326,Mansarovar,685.2,43.3,0.634,False
2026-09-10 06:51:20.152326,Mansarovar,617.1,47.1,0.571,False
2026-09-10 07:51:20.152326,Mansarovar,1101.5,28.3,1.0,False
2026-09-10 08:51:20.152326,Mansarovar,991.6,32.4,0.918,False
2026-09-10 09:51:20.152326,Mansarovar,1157.5,29.7,1.0,False
2026-09-10 10:51:20.152326,Mansarovar,647.0,47.5,0.599,False
2026-09-10 11:51:20.152326,Mansarovar,640.5,44.6,0.593,False
2026-09-10 12:51:20.152326,Mansarovar,697.6,38.1,0.646,False
2026-09-10 13:51:20.152326,Mansarovar,637.7,48.0,0.59,False
2026-09-10 14:51:20.152326,Mansarovar,641.1,50.1,0.594,False
2026-09-10 15:51:20.152326,Mansarovar,679.4,47.4,0.629,False
2026-09-10 16:51:20.152326,Mansarovar,640.2,41.0,0.593,False
2026-09-10 17:51:20.152326,Mansarovar,1038.6,29.3,0.962,False
2026-09-10 18:51:20.152326,Mansarovar,1183.8,27.1,1.0,False
2026-09-10 19:51:20.152326,Mansarovar,1052.7,28.1,0.975,False
2026-09-10 20:51:20.152326,Mansarovar,723.3,39.9,0.67,False
2026-09-10 21:51:20.152326,Mansarovar,671.4,44.3,0.622,False
2026-09-10 22:51:20.152326,Mansarovar,653.0,43.6,0.605,False
2026-09-10 23:51:20.152326,Mansarovar,678.9,43.3,0.629,False
2026-09-11 00:51:20.152326,Mansarovar,749.7,35.3,0.694,False
2026-09-11 01:51:20.152326,Mansarovar,654.9,41.0,0.606,False
2026-09-11 02:51:20.152326,Mansarovar,629.7,48.0,0.583,False
2026-09-11 03:51:20.152326,Mansarovar,808.6,36.7,0.749,False
2026-09-11 04:51:20.152326,Mansarovar,652.9,40.6,0.605,False
2026-09-11 05:51:20.152326,Mansarovar,631.7,44.3,0.585,False
2026-09-11 06:51:20.152326,Mansarovar,635.0,42.8,0.588,False
2026-09-11 07:51:20.152326,Mansarovar,1115.9,33.7,1.0,False
2026-09-11 08:51:20.152326,Mansarovar,1011.3,30.4,0.936,False
2026-09-11 09:51:20.152326,Mansarovar,1143.8,34.3,1.0,False
2026-09-11 10:51:20.152326,Mansarovar,508.0,42.2,0.47,False
2026-09-11 11:51:20.152326,Mansarovar,713.8,42.5,0.661,False
2026-09-11 12:51:20.152326,Mansarovar,604.6,49.4,0.56,False
2026-09-11 13:51:20.152326,Mansarovar,734.5,38.8,0.68,False
2026-09-11 14:51:20.152326,Mansarovar,681.0,39.8,0.631,False
2026-09-11 15:51:20.152326,Mansarovar,608.1,42.4,0.563,False
2026-09-11 16:51:20.152326,Mansarovar,597.9,38.6,0.554,False
2026-09-11 17:51:20.152326,Mansarovar,996.5,35.4,0.923,False
2026-09-11 18:51:20.152326,Mansarovar,1130.3,25.2,1.0,False
2026-09-11 19:51:20.152326,Mansarovar,1003.2,29.3,0.929,False
2026-09-11 20:51:20.152326,Mansarovar,680.2,42.9,0.63,False
2026-09-11 21:51:20.152326,Mansarovar,661.3,41.8,0.612,False
2026-09-11 22:51:20.152326,Mansarovar,645.0,49.9,0.597,False
2026-09-11 23:51:20.152326,Mansarovar,666.1,43.0,0.617,False
2026-09-12 00:51:20.152326,Mansarovar,413.5,47.4,0.383,False
2026-09-12 01:51:20.152326,Mansarovar,489.9,49.9,0.454,False
2026-09-12 02:51:20.152326,Mansarovar,494.7,50.8,0.458,False
2026-09-12 03:51:20.152326,Mansarovar,487.6,51.9,0.452,False
2026-09-12 04:51:20.152326,Mansarovar,474.6,47.5,0.439,False
2026-09-12 05:51:20.152326,Mansarovar,494.6,45.4,0.458,False
2026-09-12 06:51:20.152326,Mansarovar,484.5,50.3,0.449,False
2026-09-12 07:51:20.152326,Mansarovar,735.8,39.0,0.681,False
2026-09-12 08:51:20.152326,Mansarovar,857.3,35.8,0.794,False
2026-09-12 09:51:20.152326,Mansarovar,757.5,40.0,0.701,False
2026-09-12 10:51:20.152326,Mansarovar,488.7,48.9,0.453,False
2026-09-12 11:51:20.152326,Mansarovar,569.1,45.9,0.527,False
2026-09-12 12:51:20.152326,Mansarovar,453.8,53.1,0.42,False
2026-09-12 13:51:20.152326,Mansarovar,514.0,48.1,0.476,False
2026-09-12 14:51:20.152326,Mansarovar,495.7,45.5,0.459,False
2026-09-12 15:51:20.152326,Mansarovar,486.7,48.6,0.451,True
2026-09-12 16:51:20.152326,Mansarovar,560.6,44.5,0.519,False
2026-09-12 17:51:20.152326,Mansarovar,719.5,43.3,0.666,False
2026-09-12 18:51:20.152326,Mansarovar,735.4,41.9,0.681,False
2026-09-12 19:51:20.152326,Mansarovar,599.2,47.9,0.555,False
2026-09-12 20:51:20.152326,Mansarovar,487.3,51.6,0.451,False
2026-09-12 21:51:20.152326,Mansarovar,428.5,51.9,0.397,False
2026-09-12 22:51:20.152326,Mansarovar,485.4,52.0,0.449,False
2026-09-12 23:51:20.152326,Mansarovar,478.6,49.1,0.443,False
2026-09-13 00:51:20.152326,Mansarovar,491.0,53.2,0.455,False
2026-09-13 01:51:20.152326,Mansarovar,413.6,54.0,0.383,False
2026-09-13 02:51:20.152326,Mansarovar,502.3,51.7,0.465,False
2026-09-13 03:51:20.152326,Mansarovar,464.8,47.9,0.43,False
2026-09-13 04:51:20.152326,Mansarovar,481.4,51.2,0.446,False
2026-09-13 05:51:20.152326,Mansarovar,455.5,50.6,0.422,False
2026-09-13 06:51:20.152326,Mansarovar,460.6,54.8,0.426,False
2026-09-13 07:51:20.152326,Mansarovar,781.6,39.0,0.724,False
2026-09-13 08:51:20.152326,Mansarovar,730.2,34.9,0.676,False
2026-09-13 09:51:20.152326,Mansarovar,811.8,41.0,0.752,False
2026-09-13 10:51:20.152326,Mansarovar,529.3,48.3,0.49,False
2026-09-13 11:51:20.152326,Mansarovar,455.6,53.8,0.422,False
2026-09-13 12:51:20.152326,Mansarovar,457.8,56.8,0.424,False
2026-09-13 13:51:20.152326,Mansarovar,468.8,50.8,0.434,False
2026-09-13 14:51:20.152326,Mansarovar,442.9,46.8,0.41,False
2026-09-13 15:51:20.152326,Mansarovar,494.4,44.3,0.458,False
2026-09-13 16:51:20.152326,Mansarovar,474.0,52.5,0.439,False
2026-09-13 17:51:20.152326,Mansarovar,661.4,44.7,0.612,False
2026-09-13 18:51:20.152326,Mansarovar,670.9,44.3,0.621,False
2026-09-13 19:51:20.152326,Mansarovar,735.6,41.3,0.681,False
2026-09-13 20:51:20.152326,Mansarovar,436.3,48.7,0.404,False
2026-09-13 21:51:20.152326,Mansarovar,466.8,48.5,0.432,False
2026-09-13 22:51:20.152326,Mansarovar,480.7,49.4,0.445,False
2026-09-13 23:51:20.152326,Mansarovar,390.0,58.9,0.361,False
2026-09-14 00:51:20.152326,Mansarovar,613.2,48.0,0.568,False
2026-09-14 01:51:20.152326,Mansarovar,708.4,43.0,0.656,False
2026-09-14 02:51:20.152326,Mansarovar,697.9,43.7,0.646,False
2026-09-14 03:51:20.152326,Mansarovar,629.8,47.3,0.583,False
2026-09-14 04:51:20.152326,Mansarovar,688.0,38.7,0.637,False
2026-09-14 05:51:20.152326,Mansarovar,673.2,42.5,0.623,False
2026-09-14 06:51:20.152326,Mansarovar,657.3,40.1,0.609,False
2026-09-14 07:51:20.152326,Mansarovar,1106.8,28.8,1.0,False
2026-09-14 08:51:20.152326,Mansarovar,1033.7,31.5,0.957,False
2026-09-14 09:51:20.152326,Mansarovar,1021.1,33.5,0.945,False
2026-09-14 10:51:20.152326,Mansarovar,727.6,42.2,0.674,False
2026-09-14 11:51:20.152326,Mansarovar,760.6,33.3,0.704,False
2026-09-14 12:51:20.152326,Mansarovar,680.6,36.8,0.63,False
2026-09-14 13:51:20.152326,Mansarovar,734.0,41.9,0.68,False
2026-09-14 14:51:20.152326,Mansarovar,616.2,44.3,0.571,False
2026-09-14 15:51:20.152326,Mansarovar,654.8,40.2,0.606,False
2026-09-14 16:51:20.152326,Mansarovar,684.0,48.6,0.633,False
2026-09-14 17:51:20.152326,Mansarovar,977.0,27.6,0.905,False
2026-09-14 18:51:20.152326,Mansarovar,1022.2,33.2,0.947,False
2026-09-14 19:51:20.152326,Mansarovar,1059.8,33.0,0.981,False
2026-09-14 20:51:20.152326,Mansarovar,655.7,44.4,0.607,False
2026-09-14 21:51:20.152326,Mansarovar,664.7,46.6,0.615,False
2026-09-14 22:51:20.152326,Mansarovar,679.8,41.7,0.629,False
2026-09-14 23:51:20.152326,Mansarovar,612.1,45.4,0.567,False
2026-09-15 00:51:20.152326,Mansarovar,671.9,45.1,0.622,False
2026-09-15 01:51:20.152326,Mansarovar,610.6,42.9,0.565,False
2026-09-15 02:51:20.152326,Mansarovar,666.1,49.3,0.617,False
2026-09-15 03:51:20.152326,Mansarovar,704.9,46.6,0.653,False
2026-09-15 04:51:20.152326,Mansarovar,668.3,38.9,0.619,False
2026-09-15 05:51:20.152326,Mansarovar,667.3,42.4,0.618,False
2026-09-15 06:51:20.152326,Mansarovar,669.9,43.1,0.62,False
2026-09-15 07:51:20.152326,Mansarovar,1159.5,26.7,1.0,False
2026-09-15 08:51:20.152326,Mansarovar,1187.7,24.8,1.0,False
2026-09-15 09:51:20.152326,Mansarovar,1016.9,26.2,0.942,False
2026-09-15 10:51:20.152326,Mansarovar,626.9,46.1,0.58,False
2026-09-15 11:51:20.152326,Mansarovar,580.6,48.1,0.538,False
2026-09-15 12:51:20.152326,Mansarovar,704.6,44.6,0.652,False
2026-09-15 13:51:20.152326,Mansarovar,568.9,49.5,0.527,False
2026-09-15 14:51:20.152326,Mansarovar,667.0,37.0,0.618,False
2026-09-15 15:51:20.152326,Mansarovar,693.0,42.3,0.642,False
2026-09-15 16:51:20.152326,Mansarovar,716.6,44.2,0.664,False
2026-09-15 17:51:20.152326,Mansarovar,1092.0,29.7,1.0,False
2026-09-15 18:51:20.152326,Mansarovar,1033.6,30.9,0.957,False
2026-09-15 19:51:20.152326,Mansarovar,1069.5,34.8,0.99,False
2026-09-15 20:51:20.152326,Mansarovar,621.5,41.6,0.575,False
2026-09-15 21:51:20.152326,Mansarovar,695.9,49.1,0.644,False
2026-09-15 22:51:20.152326,Mansarovar,667.1,37.8,0.618,False
2026-09-15 23:51:20.152326,Mansarovar,630.5,45.1,0.584,False
2026-09-16 00:51:20.152326,Mansarovar,648.1,42.1,0.6,False
2026-09-16 01:51:20.152326,Mansarovar,540.8,46.9,0.501,False
2026-09-16 02:51:20.152326,Mansarovar,528.8,50.3,0.49,False
2026-09-16 03:51:20.152326,Mansarovar,754.5,42.6,0.699,False
2026-09-16 04:51:20.152326,Mansarovar,745.1,35.6,0.69,False
2026-09-16 05:51:20.152326,Mansarovar,715.0,36.1,0.662,False
2026-09-16 06:51:20.152326,Mansarovar,643.1,48.9,0.595,False
2026-09-16 07:51:20.152326,Mansarovar,965.4,32.6,0.894,False
2026-09-16 08:51:20.152326,Mansarovar,1109.4,32.3,1.0,False
2026-09-16 09:51:20.152326,Mansarovar,1259.3,23.1,1.0,False
2026-09-16 10:51:20.152326,Mansarovar,601.6,46.5,0.557,False
2026-09-16 11:51:20.152326,Mansarovar,693.6,40.7,0.642,False
2026-09-16 12:51:20.152326,Mansarovar,655.3,47.0,0.607,False
2026-09-16 13:51:20.152326,Mansarovar,689.9,39.6,0.639,False
2026-09-16 14:51:20.152326,Mansarovar,612.1,47.8,0.567,False
2026-09-16 15:51:20.152326,Mansarovar,612.7,38.5,0.567,False
2026-09-16 16:51:20.152326,Mansarovar,669.1,44.8,0.62,False
2026-09-16 17:51:20.152326,Mansarovar,1051.6,29.6,0.974,False
2026-09-16 18:51:20.152326,Mansarovar,1012.3,35.7,0.937,False
2026-09-16 19:51:20.152326,Mansarovar,1177.4,23.0,1.0,False
2026-09-16 20:51:20.152326,Mansarovar,687.4,41.0,0.637,False
2026-09-16 21:51:20.152326,Mansarovar,678.6,40.4,0.628,False
2026-09-16 22:51:20.152326,Mansarovar,620.9,40.7,0.575,False
2026-09-16 23:51:20.152326,Mansarovar,632.0,50.7,0.585,False
2026-09-17 00:51:20.152326,Mansarovar,603.9,51.2,0.559,False
2026-09-17 01:51:20.152326,Mansarovar,644.5,45.9,0.597,False
2026-09-17 02:51:20.152326,Mansarovar,706.5,41.6,0.654,False
2026-09-17 03:51:20.152326,Mansarovar,628.1,40.0,0.582,False
2026-09-17 04:51:20.152326,Mansarovar,719.8,41.0,0.666,False
2026-09-17 05:51:20.152326,Mansarovar,746.5,40.8,0.691,False
2026-09-17 06:51:20.152326,Mansarovar,649.6,44.4,0.602,False
2026-09-17 07:51:20.152326,Mansarovar,971.6,37.3,0.9,False
2026-09-17 08:51:20.152326,Mansarovar,1083.4,32.8,1.0,False
2026-09-17 09:51:20.152326,Mansarovar,1117.2,23.5,1.0,False
2026-09-17 10:51:20.152326,Mansarovar,714.4,43.8,0.662,False
2026-09-17 11:51:20.152326,Mansarovar,641.4,43.8,0.594,False
2026-09-17 12:51:20.152326,Mansarovar,639.4,44.6,0.592,False
2026-09-17 13:51:20.152326,Mansarovar,771.9,34.0,0.715,False
2026-09-17 14:51:20.152326,Mansarovar,677.1,46.3,0.627,False
2026-09-17 15:51:20.152326,Mansarovar,610.1,43.3,0.565,False
2026-09-17 16:51:20.152326,Mansarovar,694.7,47.4,0.643,False
2026-09-17 17:51:20.152326,Mansarovar,1079.3,29.4,0.999,False
2026-09-17 18:51:20.152326,Mansarovar,900.3,37.1,0.834,False
2026-09-17 19:51:20.152326,Mansarovar,1025.3,30.2,0.949,False
2026-09-17 20:51:20.152326,Mansarovar,672.2,41.6,0.622,False
2026-09-17 21:51:20.152326,Mansarovar,728.0,39.7,0.674,False
2026-09-17 22:51:20.152326,Mansarovar,508.1,52.0,0.47,False
2026-09-17 23:51:20.152326,Mansarovar,688.8,41.1,0.638,False
2026-09-18 00:51:20.152326,Mansarovar,788.3,37.9,0.73,False
2026-09-18 01:51:20.152326,Mansarovar,647.5,42.5,0.6,False
2026-09-18 02:51:20.152326,Mansarovar,600.2,43.8,0.556,False
2026-09-18 03:51:20.152326,Mansarovar,556.1,46.1,0.515,False
2026-09-18 04:51:20.152326,Mansarovar,707.0,40.9,0.655,False
2026-09-18 05:51:20.152326,Mansarovar,637.4,45.0,0.59,False
2026-09-18 06:51:20.152326,Mansarovar,765.9,39.0,0.709,False
2026-09-18 07:51:20.152326,Mansarovar,1123.1,28.8,1.0,False
2026-09-18 08:51:20.152326,Mansarovar,1038.9,34.4,0.962,False
2026-09-18 09:51:20.152326,Mansarovar,1230.1,23.9,1.0,False
2026-09-18 10:51:20.152326,Mansarovar,632.9,43.4,0.586,False
2026-09-18 11:51:20.152326,Mansarovar,641.8,45.5,0.594,False
2026-09-18 12:51:20.152326,Mansarovar,656.7,46.4,0.608,False
2026-09-18 13:51:20.152326,Mansarovar,666.5,47.4,0.617,False
2026-09-18 14:51:20.152326,Mansarovar,714.6,42.5,0.662,False
2026-09-18 15:51:20.152326,Mansarovar,828.8,39.1,0.767,False
2026-09-18 16:51:20.152326,Mansarovar,676.1,41.7,0.626,False
2026-09-18 17:51:20.152326,Mansarovar,1039.5,30.6,0.962,False
2026-09-18 18:51:20.152326,Mansarovar,1098.0,24.2,1.0,False
2026-09-18 19:51:20.152326,Mansarovar,1134.5,29.1,1.0,False
2026-09-18 20:51:20.152326,Mansarovar,699.5,41.0,0.648,False
2026-09-18 21:51:20.152326,Mansarovar,703.7,47.3,0.652,False
2026-09-18 22:51:20.152326,Mansarovar,759.0,39.9,0.703,False
2026-09-18 23:51:20.152326,Mansarovar,705.1,43.4,0.653,False
2026-09-19 00:51:20.152326,Mansarovar,468.0,49.9,0.433,False
2026-09-19 01:51:20.152326,Mansarovar,471.5,54.0,0.437,False
2026-09-19 02:51:20.152326,Mansarovar,522.1,42.0,0.483,False
2026-09-19 03:51:20.152326,Mansarovar,496.9,49.3,0.46,False
2026-09-19 04:51:20.152326,Mansarovar,498.0,52.5,0.461,False
2026-09-19 05:51:20.152326,Mansarovar,503.2,45.5,0.466,True
2026-09-19 06:51:20.152326,Mansarovar,442.7,49.1,0.41,False
2026-09-19 07:51:20.152326,Mansarovar,749.6,34.2,0.694,False
2026-09-19 08:51:20.152326,Mansarovar,752.4,41.6,0.697,False
2026-09-19 09:51:20.152326,Mansarovar,764.0,43.2,0.707,False
2026-09-19 10:51:20.152326,Mansarovar,509.0,39.4,0.471,False
2026-09-19 11:51:20.152326,Mansarovar,511.2,44.3,0.473,False
2026-09-19 12:51:20.152326,Mansarovar,401.3,51.8,0.372,False
2026-09-19 13:51:20.152326,Mansarovar,443.6,49.6,0.411,False
2026-09-19 14:51:20.152326,Mansarovar,513.8,50.2,0.476,False
2026-09-19 15:51:20.152326,Mansarovar,423.0,50.2,0.392,False
2026-09-19 16:51:20.152326,Mansarovar,409.9,56.9,0.38,False
2026-09-19 17:51:20.152326,Mansarovar,794.0,42.9,0.735,False
2026-09-19 18:51:20.152326,Mansarovar,829.7,33.8,0.768,False
2026-09-19 19:51:20.152326,Mansarovar,752.9,42.0,0.697,False
2026-09-19 20:51:20.152326,Mansarovar,496.7,50.3,0.46,False
2026-09-19 21:51:20.152326,Mansarovar,476.3,47.8,0.441,False
2026-09-19 22:51:20.152326,Mansarovar,505.4,49.3,0.468,False
2026-09-19 23:51:20.152326,Mansarovar,460.4,49.4,0.426,False
2026-09-20 00:51:20.152326,Mansarovar,510.1,50.0,0.472,False
2026-09-20 01:51:20.152326,Mansarovar,479.5,44.9,0.444,False
2026-09-20 02:51:20.152326,Mansarovar,446.3,52.8,0.413,False
2026-09-20 03:51:20.152326,Mansarovar,603.5,43.6,0.559,False
2026-09-20 04:51:20.152326,Mansarovar,547.9,50.1,0.507,False
2026-09-20 05:51:20.152326,Mansarovar,508.1,42.0,0.47,False
2026-09-20 06:51:20.152326,Mansarovar,422.7,53.0,0.391,False
2026-09-20 07:51:20.152326,Mansarovar,784.6,43.5,0.726,False
2026-09-20 08:51:20.152326,Mansarovar,658.2,44.0,0.609,False
2026-09-20 09:51:20.152326,Mansarovar,823.1,33.9,0.762,False
2026-09-20 10:51:20.152326,Mansarovar,454.3,48.5,0.421,False
2026-09-20 11:51:20.152326,Mansarovar,489.0,49.9,0.453,False
2026-09-20 12:51:20.152326,Mansarovar,517.7,50.8,0.479,False
2026-09-20 13:51:20.152326,Mansarovar,442.4,53.5,0.41,False
2026-09-20 14:51:20.152326,Mansarovar,468.4,53.0,0.434,False
2026-09-20 15:51:20.152326,Mansarovar,482.8,46.7,0.447,False
2026-09-20 16:51:20.152326,Mansarovar,439.6,47.7,0.407,False
2026-09-20 17:51:20.152326,Mansarovar,709.2,40.6,0.657,False
2026-09-20 18:51:20.152326,Mansarovar,634.1,43.0,0.587,False
2026-09-20 19:51:20.152326,Mansarovar,631.4,40.5,0.585,False
2026-09-20 20:51:20.152326,Mansarovar,470.8,47.5,0.436,False
2026-09-20 21:51:20.152326,Mansarovar,392.7,51.5,0.364,False
2026-09-20 22:51:20.152326,Mansarovar,525.5,49.7,0.487,False
2026-09-20 23:51:20.152326,Mansarovar,489.4,50.0,0.453,False
2026-09-21 00:51:20.152326,Mansarovar,637.6,43.6,0.59,False
2026-09-21 01:51:20.152326,Mansarovar,662.9,41.3,0.614,False
2026-09-21 02:51:20.152326,Mansarovar,647.5,41.4,0.6,False
2026-09-21 03:51:20.152326,Mansarovar,751.8,45.1,0.696,False
2026-09-21 04:51:20.152326,Mansarovar,634.5,44.2,0.588,False
2026-09-21 05:51:20.152326,Mansarovar,698.8,40.5,0.647,False
2026-09-21 06:51:20.152326,Mansarovar,636.4,46.9,0.589,False
2026-09-21 07:51:20.152326,Mansarovar,1006.8,33.8,0.932,False
2026-09-21 08:51:20.152326,Mansarovar,1211.2,29.5,1.0,False
2026-09-21 09:51:20.152326,Mansarovar,1125.3,24.7,1.0,False
2026-09-21 10:51:20.152326,Mansarovar,772.0,36.9,0.715,False
2026-09-21 11:51:20.152326,Mansarovar,638.4,42.5,0.591,False
2026-09-21 12:51:20.152326,Mansarovar,672.5,42.6,0.623,False
2026-09-21 13:51:20.152326,Mansarovar,696.3,43.4,0.645,False
2026-09-21 14:51:20.152326,Mansarovar,666.6,44.3,0.617,False
2026-09-21 15:51:20.152326,Mansarovar,649.1,44.6,0.601,False
2026-09-21 16:51:20.152326,Mansarovar,602.4,43.6,0.558,False
2026-09-21 17:51:20.152326,Mansarovar,1079.2,33.8,0.999,False
2026-09-21 18:51:20.152326,Mansarovar,1099.8,32.5,1.0,False
2026-09-21 19:51:20.152326,Mansarovar,1051.1,31.5,0.973,False
2026-09-21 20:51:20.152326,Mansarovar,618.3,44.1,0.573,False
2026-09-21 21:51:20.152326,Mansarovar,715.4,39.4,0.662,False
2026-09-21 22:51:20.152326,Mansarovar,635.4,43.6,0.588,False
2026-09-21 23:51:20.152326,Mansarovar,666.5,45.5,0.617,False
2026-09-22 00:51:20.152326,Mansarovar,672.8,44.4,0.623,False
2026-09-22 01:51:20.152326,Mansarovar,567.3,47.6,0.525,False
2026-09-22 02:51:20.152326,Mansarovar,648.9,44.0,0.601,False
2026-09-22 03:51:20.152326,Mansarovar,695.4,44.8,0.644,False
2026-09-22 04:51:20.152326,Mansarovar,701.9,38.4,0.65,False
2026-09-22 05:51:20.152326,Mansarovar,587.9,48.6,0.544,False
2026-09-22 06:51:20.152326,Mansarovar,706.0,40.4,0.654,False
2026-09-22 07:51:20.152326,Mansarovar,1072.3,29.8,0.993,False
2026-09-22 08:51:20.152326,Mansarovar,1055.8,34.0,0.978,False
2026-09-22 09:51:20.152326,Mansarovar,991.4,37.6,0.918,False
2026-09-22 10:51:20.152326,Mansarovar,732.3,45.8,0.678,False
2026-09-22 11:51:20.152326,Mansarovar,690.6,38.4,0.639,False
2026-09-22 12:51:20.152326,Mansarovar,702.7,44.9,0.651,False
2026-09-22 13:51:20.152326,Mansarovar,648.4,48.5,0.6,False
2026-09-22 14:51:20.152326,Mansarovar,659.9,39.2,0.611,False
2026-09-22 15:51:20.152326,Mansarovar,660.4,40.8,0.612,False
2026-09-22 16:51:20.152326,Mansarovar,704.2,40.1,0.652,False
2026-09-22 17:51:20.152326,Mansarovar,969.0,40.7,0.897,False
2026-09-22 18:51:20.152326,Mansarovar,973.3,35.1,0.901,False
2026-09-22 19:51:20.152326,Mansarovar,813.9,40.7,0.754,False
2026-09-22 20:51:20.152326,Mansarovar,593.3,46.0,0.549,False
2026-09-22 21:51:20.152326,Mansarovar,654.9,43.4,0.606,False
2026-09-22 22:51:20.152326,Mansarovar,630.4,47.2,0.584,False
2026-09-22 23:51:20.152326,Mansarovar,699.0,40.8,0.647,False
2026-09-23 00:51:20.152326,Mansarovar,695.4,37.3,0.644,False
2026-09-23 01:51:20.152326,Mansarovar,681.2,36.9,0.631,False
2026-09-23 02:51:20.152326,Mansarovar,631.7,42.2,0.585,False
2026-09-23 03:51:20.152326,Mansarovar,581.0,48.6,0.538,False
2026-09-23 04:51:20.152326,Mansarovar,570.1,48.7,0.528,False
2026-09-23 05:51:20.152326,Mansarovar,690.6,41.1,0.639,False
2026-09-23 06:51:20.152326,Mansarovar,658.6,44.1,0.61,False
2026-09-23 07:51:20.152326,Mansarovar,1061.4,30.3,0.983,False
2026-09-23 08:51:20.152326,Mansarovar,974.2,33.6,0.902,False
2026-09-23 09:51:20.152326,Mansarovar,1092.0,27.7,1.0,False
2026-09-23 10:51:20.152326,Mansarovar,685.7,38.2,0.635,False
2026-09-23 11:51:20.152326,Mansarovar,695.5,39.1,0.644,False
2026-09-23 12:51:20.152326,Mansarovar,767.9,44.8,0.711,False
2026-09-23 13:51:20.152326,Mansarovar,702.4,36.1,0.65,False
2026-09-23 14:51:20.152326,Mansarovar,738.1,38.7,0.683,False
2026-09-23 15:51:20.152326,Mansarovar,685.8,42.5,0.635,False
2026-09-23 16:51:20.152326,Mansarovar,692.2,40.2,0.641,False
2026-09-23 17:51:20.152326,Mansarovar,1275.1,22.2,1.0,False
2026-09-23 18:51:20.152326,Mansarovar,978.0,26.8,0.906,False
2026-09-23 19:51:20.152326,Mansarovar,946.6,35.6,0.877,False
2026-09-23 20:51:20.152326,Mansarovar,666.8,45.8,0.617,False
2026-09-23 21:51:20.152326,Mansarovar,649.1,46.0,0.601,False
2026-09-23 22:51:20.152326,Mansarovar,658.7,42.1,0.61,False
2026-09-23 23:51:20.152326,Mansarovar,616.1,45.9,0.57,False
2026-09-24 00:51:20.152326,Mansarovar,657.0,40.3,0.608,False
2026-09-24 01:51:20.152326,Mansarovar,592.3,44.3,0.548,False
2026-09-24 02:51:20.152326,Mansarovar,684.8,42.7,0.634,False
2026-09-24 03:51:20.152326,Mansarovar,695.1,43.8,0.644,False
2026-09-24 04:51:20.152326,Mansarovar,605.0,45.9,0.56,False
2026-09-24 05:51:20.152326,Mansarovar,671.7,43.9,0.622,False
2026-09-24 06:51:20.152326,Mansarovar,712.3,45.2,0.66,False
2026-09-24 07:51:20.152326,Mansarovar,1102.5,29.2,1.0,False
2026-09-24 08:51:20.152326,Mansarovar,1051.4,31.4,0.973,False
2026-09-24 09:51:20.152326,Mansarovar,1188.2,24.7,1.0,False
2026-09-24 10:51:20.152326,Mansarovar,568.1,42.6,0.526,False
2026-09-24 11:51:20.152326,Mansarovar,830.6,33.4,0.769,False
2026-09-24 12:51:20.152326,Mansarovar,629.4,43.1,0.583,False
2026-09-24 13:51:20.152326,Mansarovar,592.0,46.0,0.548,False
2026-09-24 14:51:20.152326,Mansarovar,662.8,43.4,0.614,False
2026-09-24 15:51:20.152326,Mansarovar,610.7,41.2,0.565,False
2026-09-24 16:51:20.152326,Mansarovar,709.4,41.1,0.657,False
2026-09-24 17:51:20.152326,Mansarovar,968.6,28.7,0.897,False
2026-09-24 18:51:20.152326,Mansarovar,958.3,33.7,0.887,False
2026-09-24 19:51:20.152326,Mansarovar,987.7,32.0,0.914,False
2026-09-24 20:51:20.152326,Mansarovar,704.4,35.6,0.652,False
2026-09-24 21:51:20.152326,Mansarovar,640.8,43.2,0.593,False
2026-06-26 22:51:20.152326,Malviya Nagar,219.4,43.2,0.564,False
2026-06-26 23:51:20.152326,Malviya Nagar,267.8,38.5,0.689,False
2026-06-27 00:51:20.152326,Malviya Nagar,143.2,48.2,0.368,False
2026-06-27 01:51:20.152326,Malviya Nagar,159.6,51.3,0.411,False
2026-06-27 02:51:20.152326,Malviya Nagar,163.6,51.2,0.421,False
2026-06-27 03:51:20.152326,Malviya Nagar,153.1,53.3,0.394,False
2026-06-27 04:51:20.152326,Malviya Nagar,186.1,47.6,0.479,False
2026-06-27 05:51:20.152326,Malviya Nagar,155.9,48.5,0.401,False
2026-06-27 06:51:20.152326,Malviya Nagar,158.7,50.0,0.408,False
2026-06-27 07:51:20.152326,Malviya Nagar,289.3,36.3,0.744,False
2026-06-27 08:51:20.152326,Malviya Nagar,334.2,31.0,0.86,False
2026-06-27 09:51:20.152326,Malviya Nagar,320.2,34.3,0.824,False
2026-06-27 10:51:20.152326,Malviya Nagar,182.4,47.9,0.469,False
2026-06-27 11:51:20.152326,Malviya Nagar,173.2,48.6,0.446,False
2026-06-27 12:51:20.152326,Malviya Nagar,160.9,51.1,0.414,False
2026-06-27 13:51:20.152326,Malviya Nagar,164.2,49.1,0.422,False
2026-06-27 14:51:20.152326,Malviya Nagar,176.2,50.2,0.453,True
2026-06-27 15:51:20.152326,Malviya Nagar,183.8,51.2,0.473,False
2026-06-27 16:51:20.152326,Malviya Nagar,180.6,48.5,0.464,False
2026-06-27 17:51:20.152326,Malviya Nagar,243.0,46.3,0.625,False
2026-06-27 18:51:20.152326,Malviya Nagar,284.7,40.5,0.732,False
2026-06-27 19:51:20.152326,Malviya Nagar,253.5,41.0,0.652,False
2026-06-27 20:51:20.152326,Malviya Nagar,130.9,58.9,0.337,False
2026-06-27 21:51:20.152326,Malviya Nagar,182.7,48.7,0.47,False
2026-06-27 22:51:20.152326,Malviya Nagar,169.6,47.7,0.436,False
2026-06-27 23:51:20.152326,Malviya Nagar,170.7,54.1,0.439,False
2026-06-28 00:51:20.152326,Malviya Nagar,160.3,52.5,0.412,False
2026-06-28 01:51:20.152326,Malviya Nagar,172.4,56.6,0.443,False
2026-06-28 02:51:20.152326,Malviya Nagar,156.8,50.4,0.403,False
2026-06-28 03:51:20.152326,Malviya Nagar,199.0,47.6,0.512,False
2026-06-28 04:51:20.152326,Malviya Nagar,149.1,53.7,0.384,False
2026-06-28 05:51:20.152326,Malviya Nagar,157.7,47.6,0.406,False
2026-06-28 06:51:20.152326,Malviya Nagar,170.0,49.0,0.437,False
2026-06-28 07:51:20.152326,Malviya Nagar,250.2,41.0,0.643,False
2026-06-28 08:51:20.152326,Malviya Nagar,298.9,36.6,0.769,False
2026-06-28 09:51:20.152326,Malviya Nagar,260.6,41.4,0.67,False
2026-06-28 10:51:20.152326,Malviya Nagar,168.5,53.1,0.434,False
2026-06-28 11:51:20.152326,Malviya Nagar,152.7,53.0,0.393,False
2026-06-28 12:51:20.152326,Malviya Nagar,175.0,46.4,0.45,False
2026-06-28 13:51:20.152326,Malviya Nagar,191.9,49.7,0.494,False
2026-06-28 14:51:20.152326,Malviya Nagar,191.2,47.8,0.492,False
2026-06-28 15:51:20.152326,Malviya Nagar,168.5,47.9,0.433,False
2026-06-28 16:51:20.152326,Malviya Nagar,178.1,52.6,0.458,False
2026-06-28 17:51:20.152326,Malviya Nagar,216.4,43.0,0.556,False
2026-06-28 18:51:20.152326,Malviya Nagar,270.9,41.9,0.697,False
2026-06-28 19:51:20.152326,Malviya Nagar,298.3,35.9,0.767,False
2026-06-28 20:51:20.152326,Malviya Nagar,167.2,49.2,0.43,False
2026-06-28 21:51:20.152326,Malviya Nagar,172.0,45.0,0.443,False
2026-06-28 22:51:20.152326,Malviya Nagar,158.5,50.3,0.408,False
2026-06-28 23:51:20.152326,Malviya Nagar,167.7,48.1,0.431,False
2026-06-29 00:51:20.152326,Malviya Nagar,228.7,43.3,0.588,False
2026-06-29 01:51:20.152326,Malviya Nagar,222.0,44.9,0.571,False
2026-06-29 02:51:20.152326,Malviya Nagar,240.6,44.2,0.619,False
2026-06-29 03:51:20.152326,Malviya Nagar,255.4,38.8,0.657,False
2026-06-29 04:51:20.152326,Malviya Nagar,225.5,44.7,0.58,False
2026-06-29 05:51:20.152326,Malviya Nagar,271.7,44.9,0.699,False
2026-06-29 06:51:20.152326,Malviya Nagar,283.2,39.5,0.728,False
2026-06-29 07:51:20.152326,Malviya Nagar,361.5,25.8,0.93,False
2026-06-29 08:51:20.152326,Malviya Nagar,366.6,26.8,0.943,False
2026-06-29 09:51:20.152326,Malviya Nagar,385.6,29.5,0.992,False
2026-06-29 10:51:20.152326,Malviya Nagar,262.6,45.5,0.676,False
2026-06-29 11:51:20.152326,Malviya Nagar,233.0,37.8,0.599,False
2026-06-29 12:51:20.152326,Malviya Nagar,256.9,43.8,0.661,False
2026-06-29 13:51:20.152326,Malviya Nagar,237.2,40.7,0.61,False
2026-06-29 14:51:20.152326,Malviya Nagar,236.5,40.7,0.608,False
2026-06-29 15:51:20.152326,Malviya Nagar,272.5,43.4,0.701,False
2026-06-29 16:51:20.152326,Malviya Nagar,244.4,40.3,0.629,False
2026-06-29 17:51:20.152326,Malviya Nagar,359.0,22.8,0.923,False
2026-06-29 18:51:20.152326,Malviya Nagar,384.1,24.7,0.988,False
2026-06-29 19:51:20.152326,Malviya Nagar,375.5,26.1,0.966,False
2026-06-29 20:51:20.152326,Malviya Nagar,256.4,39.9,0.659,False
2026-06-29 21:51:20.152326,Malviya Nagar,243.0,39.9,0.625,False
2026-06-29 22:51:20.152326,Malviya Nagar,230.1,42.1,0.592,False
2026-06-29 23:51:20.152326,Malviya Nagar,250.4,44.9,0.644,False
2026-06-30 00:51:20.152326,Malviya Nagar,254.3,47.6,0.654,False
2026-06-30 01:51:20.152326,Malviya Nagar,234.9,41.0,0.604,False
2026-06-30 02:51:20.152326,Malviya Nagar,233.4,42.7,0.6,False
2026-06-30 03:51:20.152326,Malviya Nagar,231.3,47.2,0.595,False
2026-06-30 04:51:20.152326,Malviya Nagar,249.9,47.9,0.643,False
2026-06-30 05:51:20.152326,Malviya Nagar,233.0,42.7,0.599,False
2026-06-30 06:51:20.152326,Malviya Nagar,245.5,45.4,0.631,False
2026-06-30 07:51:20.152326,Malviya Nagar,406.6,29.0,1.0,False
2026-06-30 08:51:20.152326,Malviya Nagar,370.2,33.1,0.952,False
2026-06-30 09:51:20.152326,Malviya Nagar,401.5,33.7,1.0,False
2026-06-30 10:51:20.152326,Malviya Nagar,214.4,46.8,0.551,True
2026-06-30 11:51:20.152326,Malviya Nagar,224.6,44.8,0.578,False
2026-06-30 12:51:20.152326,Malviya Nagar,261.0,45.8,0.671,False
2026-06-30 13:51:20.152326,Malviya Nagar,242.6,42.9,0.624,False
2026-06-30 14:51:20.152326,Malviya Nagar,229.5,51.3,0.59,False
2026-06-30 15:51:20.152326,Malviya Nagar,272.7,37.0,0.701,False
2026-06-30 16:51:20.152326,Malviya Nagar,277.1,44.6,0.713,False
2026-06-30 17:51:20.152326,Malviya Nagar,354.9,29.7,0.913,False
2026-06-30 18:51:20.152326,Malviya Nagar,380.3,31.0,0.978,False
2026-06-30 19:51:20.152326,Malviya Nagar,372.7,29.7,0.959,False
2026-06-30 20:51:20.152326,Malviya Nagar,275.6,40.4,0.709,False
2026-06-30 21:51:20.152326,Malviya Nagar,230.6,43.5,0.593,False
2026-06-30 22:51:20.152326,Malviya Nagar,293.0,45.3,0.753,False
2026-06-30 23:51:20.152326,Malviya Nagar,264.1,37.8,0.679,False
2026-07-01 00:51:20.152326,Malviya Nagar,231.5,46.0,0.595,False
2026-07-01 01:51:20.152326,Malviya Nagar,245.2,47.0,0.631,False
2026-07-01 02:51:20.152326,Malviya Nagar,204.4,40.8,0.526,False
2026-07-01 03:51:20.152326,Malviya Nagar,288.8,36.2,0.743,False
2026-07-01 04:51:20.152326,Malviya Nagar,270.5,36.1,0.696,False
2026-07-01 05:51:20.152326,Malviya Nagar,225.1,41.5,0.579,False
2026-07-01 06:51:20.152326,Malviya Nagar,235.7,46.0,0.606,False
2026-07-01 07:51:20.152326,Malviya Nagar,405.1,30.5,1.0,False
2026-07-01 08:51:20.152326,Malviya Nagar,409.3,22.9,1.0,False
2026-07-01 09:51:20.152326,Malviya Nagar,405.3,29.2,1.0,False
2026-07-01 10:51:20.152326,Malviya Nagar,248.5,45.0,0.639,False
2026-07-01 11:51:20.152326,Malviya Nagar,253.4,41.1,0.652,False
2026-07-01 12:51:20.152326,Malviya Nagar,213.6,45.9,0.549,False
2026-07-01 13:51:20.152326,Malviya Nagar,254.9,36.5,0.656,False
2026-07-01 14:51:20.152326,Malviya Nagar,227.2,44.1,0.584,False
2026-07-01 15:51:20.152326,Malviya Nagar,251.1,37.7,0.646,False
2026-07-01 16:51:20.152326,Malviya Nagar,241.2,47.8,0.62,False
2026-07-01 17:51:20.152326,Malviya Nagar,405.2,27.9,1.0,False
2026-07-01 18:51:20.152326,Malviya Nagar,348.9,35.4,0.897,False
2026-07-01 19:51:20.152326,Malviya Nagar,388.3,26.1,0.999,False
2026-07-01 20:51:20.152326,Malviya Nagar,277.7,31.0,0.714,False
2026-07-01 21:51:20.152326,Malviya Nagar,247.9,44.7,0.638,False
2026-07-01 22:51:20.152326,Malviya Nagar,260.5,43.4,0.67,False
2026-07-01 23:51:20.152326,Malviya Nagar,254.5,45.1,0.655,False
2026-07-02 00:51:20.152326,Malviya Nagar,248.6,37.4,0.639,False
2026-07-02 01:51:20.152326,Malviya Nagar,209.3,50.3,0.538,False
2026-07-02 02:51:20.152326,Malviya Nagar,225.5,44.8,0.58,False
2026-07-02 03:51:20.152326,Malviya Nagar,205.0,43.2,0.527,False
2026-07-02 04:51:20.152326,Malviya Nagar,215.6,47.5,0.554,False
2026-07-02 05:51:20.152326,Malviya Nagar,242.0,44.6,0.622,False
2026-07-02 06:51:20.152326,Malviya Nagar,258.2,40.2,0.664,False
2026-07-02 07:51:20.152326,Malviya Nagar,370.6,29.9,0.953,False
2026-07-02 08:51:20.152326,Malviya Nagar,395.5,31.8,1.0,False
2026-07-02 09:51:20.152326,Malviya Nagar,409.9,25.2,1.0,False
2026-07-02 10:51:20.152326,Malviya Nagar,275.1,39.7,0.708,False
2026-07-02 11:51:20.152326,Malviya Nagar,253.3,41.7,0.651,False
2026-07-02 12:51:20.152326,Malviya Nagar,230.2,41.2,0.592,False
2026-07-02 13:51:20.152326,Malviya Nagar,243.9,40.1,0.627,False
2026-07-02 14:51:20.152326,Malviya Nagar,272.6,40.0,0.701,False
2026-07-02 15:51:20.152326,Malviya Nagar,233.0,42.7,0.599,False
2026-07-02 16:51:20.152326,Malviya Nagar,263.1,44.4,0.677,False
2026-07-02 17:51:20.152326,Malviya Nagar,370.5,26.0,0.953,False
2026-07-02 18:51:20.152326,Malviya Nagar,366.9,29.5,0.944,False
2026-07-02 19:51:20.152326,Malviya Nagar,322.4,37.0,0.829,False
2026-07-02 20:51:20.152326,Malviya Nagar,247.5,40.4,0.637,False
2026-07-02 21:51:20.152326,Malviya Nagar,223.2,44.3,0.574,False
2026-07-02 22:51:20.152326,Malviya Nagar,270.0,37.5,0.694,False
2026-07-02 23:51:20.152326,Malviya Nagar,251.1,46.1,0.646,False
2026-07-03 00:51:20.152326,Malviya Nagar,219.2,42.1,0.564,False
2026-07-03 01:51:20.152326,Malviya Nagar,234.2,43.4,0.602,False
2026-07-03 02:51:20.152326,Malviya Nagar,237.0,44.2,0.61,False
2026-07-03 03:51:20.152326,Malviya Nagar,221.4,45.2,0.569,False
2026-07-03 04:51:20.152326,Malviya Nagar,231.4,45.0,0.595,False
2026-07-03 05:51:20.152326,Malviya Nagar,252.8,43.6,0.65,False
2026-07-03 06:51:20.152326,Malviya Nagar,235.2,39.8,0.605,False
2026-07-03 07:51:20.152326,Malviya Nagar,438.5,27.7,1.0,False
2026-07-03 08:51:20.152326,Malviya Nagar,436.7,29.5,1.0,False
2026-07-03 09:51:20.152326,Malviya Nagar,404.7,27.9,1.0,False
2026-07-03 10:51:20.152326,Malviya Nagar,271.2,45.3,0.698,False
2026-07-03 11:51:20.152326,Malviya Nagar,217.8,49.8,0.56,False
2026-07-03 12:51:20.152326,Malviya Nagar,242.0,43.8,0.623,False
2026-07-03 13:51:20.152326,Malviya Nagar,260.7,44.9,0.67,False
2026-07-03 14:51:20.152326,Malviya Nagar,242.8,43.5,0.625,False
2026-07-03 15:51:20.152326,Malviya Nagar,267.3,40.3,0.688,False
2026-07-03 16:51:20.152326,Malviya Nagar,242.6,39.0,0.624,False
2026-07-03 17:51:20.152326,Malviya Nagar,411.0,25.5,1.0,False
2026-07-03 18:51:20.152326,Malviya Nagar,327.5,39.0,0.842,False
2026-07-03 19:51:20.152326,Malviya Nagar,352.7,33.9,0.907,True
2026-07-03 20:51:20.152326,Malviya Nagar,249.9,41.7,0.643,False
2026-07-03 21:51:20.152326,Malviya Nagar,226.9,49.4,0.583,False
2026-07-03 22:51:20.152326,Malviya Nagar,233.6,45.0,0.601,False
2026-07-03 23:51:20.152326,Malviya Nagar,262.9,38.3,0.676,False
2026-07-04 00:51:20.152326,Malviya Nagar,181.5,45.8,0.467,False
2026-07-04 01:51:20.152326,Malviya Nagar,179.0,49.2,0.46,False
2026-07-04 02:51:20.152326,Malviya Nagar,157.8,53.1,0.406,False
2026-07-04 03:51:20.152326,Malviya Nagar,170.5,49.8,0.439,False
2026-07-04 04:51:20.152326,Malviya Nagar,154.4,49.7,0.397,False
2026-07-04 05:51:20.152326,Malviya Nagar,146.4,56.2,0.377,False
2026-07-04 06:51:20.152326,Malviya Nagar,174.1,49.4,0.448,False
2026-07-04 07:51:20.152326,Malviya Nagar,296.8,42.1,0.763,False
2026-07-04 08:51:20.152326,Malviya Nagar,283.7,35.9,0.73,False
2026-07-04 09:51:20.152326,Malviya Nagar,286.4,36.8,0.737,False
2026-07-04 10:51:20.152326,Malviya Nagar,140.4,52.4,0.361,False
2026-07-04 11:51:20.152326,Malviya Nagar,168.5,46.3,0.433,False
2026-07-04 12:51:20.152326,Malviya Nagar,173.6,51.0,0.446,False
2026-07-04 13:51:20.152326,Malviya Nagar,180.2,49.5,0.464,False
2026-07-04 14:51:20.152326,Malviya Nagar,184.7,45.0,0.475,False
2026-07-04 15:51:20.152326,Malviya Nagar,169.7,50.2,0.437,False
2026-07-04 16:51:20.152326,Malviya Nagar,169.6,50.4,0.436,False
2026-07-04 17:51:20.152326,Malviya Nagar,257.9,44.2,0.663,False
2026-07-04 18:51:20.152326,Malviya Nagar,274.1,41.0,0.705,True
2026-07-04 19:51:20.152326,Malviya Nagar,250.0,40.7,0.643,False
2026-07-04 20:51:20.152326,Malviya Nagar,171.5,46.2,0.441,False
2026-07-04 21:51:20.152326,Malviya Nagar,164.4,51.0,0.423,False
2026-07-04 22:51:20.152326,Malviya Nagar,163.3,46.6,0.42,False
2026-07-04 23:51:20.152326,Malviya Nagar,173.5,49.1,0.446,False
2026-07-05 00:51:20.152326,Malviya Nagar,193.9,48.3,0.499,False
2026-07-05 01:51:20.152326,Malviya Nagar,171.7,57.0,0.442,False
2026-07-05 02:51:20.152326,Malviya Nagar,182.8,47.4,0.47,True
2026-07-05 03:51:20.152326,Malviya Nagar,153.1,49.0,0.394,False
2026-07-05 04:51:20.152326,Malviya Nagar,178.1,57.2,0.458,True
2026-07-05 05:51:20.152326,Malviya Nagar,179.1,48.5,0.461,False
2026-07-05 06:51:20.152326,Malviya Nagar,166.8,47.8,0.429,False
2026-07-05 07:51:20.152326,Malviya Nagar,305.9,35.9,0.787,False
2026-07-05 08:51:20.152326,Malviya Nagar,277.4,42.1,0.714,False
2026-07-05 09:51:20.152326,Malviya Nagar,295.7,41.6,0.761,False
2026-07-05 10:51:20.152326,Malviya Nagar,154.0,53.8,0.396,False
2026-07-05 11:51:20.152326,Malviya Nagar,162.8,48.4,0.419,False
2026-07-05 12:51:20.152326,Malviya Nagar,166.1,48.4,0.427,False
2026-07-05 13:51:20.152326,Malviya Nagar,165.7,52.3,0.426,False
2026-07-05 14:51:20.152326,Malviya Nagar,190.1,42.6,0.489,False
2026-07-05 15:51:20.152326,Malviya Nagar,161.7,54.9,0.416,False
2026-07-05 16:51:20.152326,Malviya Nagar,158.7,52.0,0.408,False
2026-07-05 17:51:20.152326,Malviya Nagar,297.6,41.6,0.765,False
2026-07-05 18:51:20.152326,Malviya Nagar,302.0,31.0,0.777,False
2026-07-05 19:51:20.152326,Malviya Nagar,251.7,39.6,0.647,False
2026-07-05 20:51:20.152326,Malviya Nagar,167.6,48.2,0.431,False
2026-07-05 21:51:20.152326,Malviya Nagar,170.0,50.0,0.437,False
2026-07-05 22:51:20.152326,Malviya Nagar,177.1,53.1,0.455,False
2026-07-05 23:51:20.152326,Malviya Nagar,192.6,38.6,0.495,False
2026-07-06 00:51:20.152326,Malviya Nagar,230.9,46.0,0.594,False
2026-07-06 01:51:20.152326,Malviya Nagar,250.3,40.8,0.644,False
2026-07-06 02:51:20.152326,Malviya Nagar,262.7,43.4,0.676,False
2026-07-06 03:51:20.152326,Malviya Nagar,235.1,44.6,0.605,False
2026-07-06 04:51:20.152326,Malviya Nagar,235.2,45.8,0.605,False
2026-07-06 05:51:20.152326,Malviya Nagar,260.3,44.2,0.67,False
2026-07-06 06:51:20.152326,Malviya Nagar,227.0,47.8,0.584,False
2026-07-06 07:51:20.152326,Malviya Nagar,408.4,31.8,1.0,False
2026-07-06 08:51:20.152326,Malviya Nagar,419.3,26.9,1.0,False
2026-07-06 09:51:20.152326,Malviya Nagar,428.6,26.5,1.0,False
2026-07-06 10:51:20.152326,Malviya Nagar,252.5,43.4,0.649,False
2026-07-06 11:51:20.152326,Malviya Nagar,254.0,41.0,0.653,False
2026-07-06 12:51:20.152326,Malviya Nagar,205.9,50.8,0.53,False
2026-07-06 13:51:20.152326,Malviya Nagar,233.9,47.0,0.602,False
2026-07-06 14:51:20.152326,Malviya Nagar,214.4,44.0,0.551,False
2026-07-06 15:51:20.152326,Malviya Nagar,262.3,43.6,0.675,False
2026-07-06 16:51:20.152326,Malviya Nagar,274.7,40.9,0.707,False
2026-07-06 17:51:20.152326,Malviya Nagar,385.2,21.5,0.991,False
2026-07-06 18:51:20.152326,Malviya Nagar,374.5,34.3,0.963,False
2026-07-06 19:51:20.152326,Malviya Nagar,382.8,26.2,0.985,False
2026-07-06 20:51:20.152326,Malviya Nagar,246.9,37.4,0.635,False
2026-07-06 21:51:20.152326,Malviya Nagar,245.4,38.2,0.631,False
2026-07-06 22:51:20.152326,Malviya Nagar,234.7,40.6,0.604,False
2026-07-06 23:51:20.152326,Malviya Nagar,246.2,40.5,0.633,False
2026-07-07 00:51:20.152326,Malviya Nagar,277.0,40.8,0.712,False
2026-07-07 01:51:20.152326,Malviya Nagar,237.8,40.5,0.612,False
2026-07-07 02:51:20.152326,Malviya Nagar,294.1,38.8,0.756,False
2026-07-07 03:51:20.152326,Malviya Nagar,257.8,41.9,0.663,False
2026-07-07 04:51:20.152326,Malviya Nagar,220.1,38.9,0.566,False
2026-07-07 05:51:20.152326,Malviya Nagar,237.0,47.2,0.609,False
2026-07-07 06:51:20.152326,Malviya Nagar,206.8,44.3,0.532,False
2026-07-07 07:51:20.152326,Malviya Nagar,483.4,15.0,1.0,False
2026-07-07 08:51:20.152326,Malviya Nagar,434.3,26.3,1.0,False
2026-07-07 09:51:20.152326,Malviya Nagar,419.2,23.7,1.0,False
2026-07-07 10:51:20.152326,Malviya Nagar,247.3,47.8,0.636,False
2026-07-07 11:51:20.152326,Malviya Nagar,215.0,44.7,0.553,False
2026-07-07 12:51:20.152326,Malviya Nagar,208.3,45.8,0.536,False
2026-07-07 13:51:20.152326,Malviya Nagar,229.7,42.2,0.591,False
2026-07-07 14:51:20.152326,Malviya Nagar,246.5,48.2,0.634,False
2026-07-07 15:51:20.152326,Malviya Nagar,235.5,41.8,0.606,False
2026-07-07 16:51:20.152326,Malviya Nagar,240.5,42.6,0.619,False
2026-07-07 17:51:20.152326,Malviya Nagar,357.5,34.6,0.92,False
2026-07-07 18:51:20.152326,Malviya Nagar,389.7,27.2,1.0,False
2026-07-07 19:51:20.152326,Malviya Nagar,375.4,34.9,0.965,False
2026-07-07 20:51:20.152326,Malviya Nagar,255.9,48.6,0.658,False
2026-07-07 21:51:20.152326,Malviya Nagar,249.4,38.1,0.642,False
2026-07-07 22:51:20.152326,Malviya Nagar,261.1,40.9,0.672,True
2026-07-07 23:51:20.152326,Malviya Nagar,275.9,39.4,0.709,False
2026-07-08 00:51:20.152326,Malviya Nagar,216.7,40.8,0.557,False
2026-07-08 01:51:20.152326,Malviya Nagar,270.0,41.7,0.694,False
2026-07-08 02:51:20.152326,Malviya Nagar,264.1,44.7,0.679,False
2026-07-08 03:51:20.152326,Malviya Nagar,242.2,40.8,0.623,False
2026-07-08 04:51:20.152326,Malviya Nagar,233.5,44.7,0.601,False
2026-07-08 05:51:20.152326,Malviya Nagar,244.4,43.2,0.629,False
2026-07-08 06:51:20.152326,Malviya Nagar,262.8,46.2,0.676,False
2026-07-08 07:51:20.152326,Malviya Nagar,369.8,28.9,0.951,False
2026-07-08 08:51:20.152326,Malviya Nagar,334.0,32.1,0.859,False
2026-07-08 09:51:20.152326,Malviya Nagar,428.3,23.3,1.0,False
2026-07-08 10:51:20.152326,Malviya Nagar,239.4,44.7,0.616,False
2026-07-08 11:51:20.152326,Malviya Nagar,259.1,49.9,0.666,False
2026-07-08 12:51:20.152326,Malviya Nagar,237.9,42.2,0.612,False
2026-07-08 13:51:20.152326,Malviya Nagar,248.9,42.3,0.64,False
2026-07-08 14:51:20.152326,Malviya Nagar,220.6,48.3,0.567,False
2026-07-08 15:51:20.152326,Malviya Nagar,222.0,46.1,0.571,False
2026-07-08 16:51:20.152326,Malviya Nagar,228.2,41.4,0.587,False
2026-07-08 17:51:20.152326,Malviya Nagar,381.3,32.5,0.981,False
2026-07-08 18:51:20.152326,Malviya Nagar,376.6,30.7,0.969,False
2026-07-08 19:51:20.152326,Malviya Nagar,454.7,23.8,1.0,False
2026-07-08 20:51:20.152326,Malviya Nagar,224.1,44.0,0.576,False
2026-07-08 21:51:20.152326,Malviya Nagar,260.7,42.0,0.671,False
2026-07-08 22:51:20.152326,Malviya Nagar,216.8,47.5,0.558,False
2026-07-08 23:51:20.152326,Malviya Nagar,272.3,43.4,0.7,False
2026-07-09 00:51:20.152326,Malviya Nagar,237.0,44.0,0.61,False
2026-07-09 01:51:20.152326,Malviya Nagar,244.0,38.0,0.628,False
2026-07-09 02:51:20.152326,Malviya Nagar,213.2,43.7,0.548,False
2026-07-09 03:51:20.152326,Malviya Nagar,219.7,43.9,0.565,False
2026-07-09 04:51:20.152326,Malviya Nagar,235.8,47.9,0.607,False
2026-07-09 05:51:20.152326,Malviya Nagar,244.0,42.0,0.627,False
2026-07-09 06:51:20.152326,Malviya Nagar,228.4,45.4,0.587,False
2026-07-09 07:51:20.152326,Malviya Nagar,403.3,24.3,1.0,False
2026-07-09 08:51:20.152326,Malviya Nagar,393.5,30.8,1.0,False
2026-07-09 09:51:20.152326,Malviya Nagar,344.0,33.6,0.885,False
2026-07-09 10:51:20.152326,Malviya Nagar,234.1,42.1,0.602,False
2026-07-09 11:51:20.152326,Malviya Nagar,243.9,43.6,0.627,False
2026-07-09 12:51:20.152326,Malviya Nagar,252.3,41.6,0.649,False
2026-07-09 13:51:20.152326,Malviya Nagar,229.5,41.7,0.59,False
2026-07-09 14:51:20.152326,Malviya Nagar,248.4,47.1,0.639,False
2026-07-09 15:51:20.152326,Malviya Nagar,281.4,40.1,0.724,False
2026-07-09 16:51:20.152326,Malviya Nagar,236.6,40.7,0.609,False
2026-07-09 17:51:20.152326,Malviya Nagar,332.8,34.1,0.856,False
2026-07-09 18:51:20.152326,Malviya Nagar,382.5,32.4,0.984,False
2026-07-09 19:51:20.152326,Malviya Nagar,309.9,37.3,0.797,False
2026-07-09 20:51:20.152326,Malviya Nagar,203.0,47.3,0.522,False
2026-07-09 21:51:20.152326,Malviya Nagar,255.6,40.4,0.657,False
2026-07-09 22:51:20.152326,Malviya Nagar,245.6,41.8,0.632,False
2026-07-09 23:51:20.152326,Malviya Nagar,233.5,47.3,0.6,False
2026-07-10 00:51:20.152326,Malviya Nagar,234.9,46.3,0.604,False
2026-07-10 01:51:20.152326,Malviya Nagar,245.6,45.8,0.632,False
2026-07-10 02:51:20.152326,Malviya Nagar,253.8,41.5,0.653,False
2026-07-10 03:51:20.152326,Malviya Nagar,214.7,47.2,0.552,False
2026-07-10 04:51:20.152326,Malviya Nagar,252.2,47.0,0.649,False
2026-07-10 05:51:20.152326,Malviya Nagar,243.8,43.9,0.627,False
2026-07-10 06:51:20.152326,Malviya Nagar,233.7,40.5,0.601,False
2026-07-10 07:51:20.152326,Malviya Nagar,402.6,27.3,1.0,False
2026-07-10 08:51:20.152326,Malviya Nagar,452.4,22.3,1.0,False
2026-07-10 09:51:20.152326,Malviya Nagar,376.2,32.9,0.968,False
2026-07-10 10:51:20.152326,Malviya Nagar,267.7,42.0,0.688,False
2026-07-10 11:51:20.152326,Malviya Nagar,223.5,38.4,0.575,False
2026-07-10 12:51:20.152326,Malviya Nagar,257.2,39.2,0.661,False
2026-07-10 13:51:20.152326,Malviya Nagar,238.4,41.7,0.613,False
2026-07-10 14:51:20.152326,Malviya Nagar,257.9,40.3,0.663,False
2026-07-10 15:51:20.152326,Malviya Nagar,276.7,40.7,0.712,False
2026-07-10 16:51:20.152326,Malviya Nagar,200.3,45.3,0.515,False
2026-07-10 17:51:20.152326,Malviya Nagar,348.6,28.4,0.897,False
2026-07-10 18:51:20.152326,Malviya Nagar,415.4,29.8,1.0,False
2026-07-10 19:51:20.152326,Malviya Nagar,436.8,21.2,1.0,False
2026-07-10 20:51:20.152326,Malviya Nagar,223.8,40.1,0.576,False
2026-07-10 21:51:20.152326,Malviya Nagar,278.8,38.3,0.717,False
2026-07-10 22:51:20.152326,Malviya Nagar,248.2,44.6,0.638,False
2026-07-10 23:51:20.152326,Malviya Nagar,215.5,41.2,0.554,False
2026-07-11 00:51:20.152326,Malviya Nagar,175.4,43.9,0.451,False
2026-07-11 01:51:20.152326,Malviya Nagar,172.0,47.9,0.442,False
2026-07-11 02:51:20.152326,Malviya Nagar,189.2,47.4,0.487,False
2026-07-11 03:51:20.152326,Malviya Nagar,161.4,48.3,0.415,False
2026-07-11 04:51:20.152326,Malviya Nagar,198.4,44.6,0.51,False
2026-07-11 05:51:20.152326,Malviya Nagar,173.6,50.0,0.446,False
2026-07-11 06:51:20.152326,Malviya Nagar,189.6,46.6,0.488,False
2026-07-11 07:51:20.152326,Malviya Nagar,331.1,35.4,0.852,False
2026-07-11 08:51:20.152326,Malviya Nagar,232.5,44.0,0.598,False
2026-07-11 09:51:20.152326,Malviya Nagar,275.9,37.4,0.709,False
2026-07-11 10:51:20.152326,Malviya Nagar,155.9,48.6,0.401,False
2026-07-11 11:51:20.152326,Malviya Nagar,174.7,48.1,0.449,False
2026-07-11 12:51:20.152326,Malviya Nagar,183.6,49.3,0.472,False
2026-07-11 13:51:20.152326,Malviya Nagar,156.9,52.4,0.404,False
2026-07-11 14:51:20.152326,Malviya Nagar,169.0,48.9,0.435,False
2026-07-11 15:51:20.152326,Malviya Nagar,156.2,53.5,0.402,False
2026-07-11 16:51:20.152326,Malviya Nagar,181.9,43.2,0.468,False
2026-07-11 17:51:20.152326,Malviya Nagar,261.4,42.3,0.672,False
2026-07-11 18:51:20.152326,Malviya Nagar,262.6,42.7,0.675,False
2026-07-11 19:51:20.152326,Malviya Nagar,272.1,39.2,0.7,False
2026-07-11 20:51:20.152326,Malviya Nagar,171.5,45.0,0.441,False
2026-07-11 21:51:20.152326,Malviya Nagar,155.0,50.8,0.399,False
2026-07-11 22:51:20.152326,Malviya Nagar,177.1,47.8,0.456,False
2026-07-11 23:51:20.152326,Malviya Nagar,168.5,54.4,0.434,False
2026-07-12 00:51:20.152326,Malviya Nagar,173.6,47.5,0.447,False
2026-07-12 01:51:20.152326,Malviya Nagar,166.0,47.4,0.427,False
2026-07-12 02:51:20.152326,Malviya Nagar,154.9,50.3,0.398,False
2026-07-12 03:51:20.152326,Malviya Nagar,163.8,48.1,0.421,False
2026-07-12 04:51:20.152326,Malviya Nagar,142.2,48.1,0.366,False
2026-07-12 05:51:20.152326,Malviya Nagar,182.5,50.1,0.469,False
2026-07-12 06:51:20.152326,Malviya Nagar,152.4,47.6,0.392,False
2026-07-12 07:51:20.152326,Malviya Nagar,297.4,36.2,0.765,False
2026-07-12 08:51:20.152326,Malviya Nagar,312.4,41.8,0.803,False
2026-07-12 09:51:20.152326,Malviya Nagar,306.6,44.1,0.789,False
2026-07-12 10:51:20.152326,Malviya Nagar,161.3,51.1,0.415,False
2026-07-12 11:51:20.152326,Malviya Nagar,172.3,55.5,0.443,False
2026-07-12 12:51:20.152326,Malviya Nagar,170.6,42.4,0.439,False
2026-07-12 13:51:20.152326,Malviya Nagar,170.2,48.9,0.438,False
2026-07-12 14:51:20.152326,Malviya Nagar,136.2,53.7,0.35,False
2026-07-12 15:51:20.152326,Malviya Nagar,145.3,59.3,0.374,False
2026-07-12 16:51:20.152326,Malviya Nagar,182.2,48.5,0.469,False
2026-07-12 17:51:20.152326,Malviya Nagar,261.1,43.9,0.671,False
2026-07-12 18:51:20.152326,Malviya Nagar,255.9,42.6,0.658,False
2026-07-12 19:51:20.152326,Malviya Nagar,256.8,39.4,0.66,False
2026-07-12 20:51:20.152326,Malviya Nagar,185.3,46.7,0.477,False
2026-07-12 21:51:20.152326,Malviya Nagar,143.4,52.7,0.369,False
2026-07-12 22:51:20.152326,Malviya Nagar,152.9,52.8,0.393,False
2026-07-12 23:51:20.152326,Malviya Nagar,189.7,49.6,0.488,False
2026-07-13 00:51:20.152326,Malviya Nagar,232.5,45.0,0.598,False
2026-07-13 01:51:20.152326,Malviya Nagar,268.0,41.8,0.689,False
2026-07-13 02:51:20.152326,Malviya Nagar,242.5,47.8,0.624,False
2026-07-13 03:51:20.152326,Malviya Nagar,236.6,45.9,0.609,False
2026-07-13 04:51:20.152326,Malviya Nagar,214.7,50.6,0.552,False
2026-07-13 05:51:20.152326,Malviya Nagar,232.2,48.5,0.597,False
2026-07-13 06:51:20.152326,Malviya Nagar,259.0,41.0,0.666,False
2026-07-13 07:51:20.152326,Malviya Nagar,408.5,28.8,1.0,False
2026-07-13 08:51:20.152326,Malviya Nagar,410.8,22.8,1.0,False
2026-07-13 09:51:20.152326,Malviya Nagar,431.3,23.9,1.0,False
2026-07-13 10:51:20.152326,Malviya Nagar,271.9,37.3,0.699,False
2026-07-13 11:51:20.152326,Malviya Nagar,246.3,47.2,0.633,False
2026-07-13 12:51:20.152326,Malviya Nagar,252.4,43.6,0.649,False
2026-07-13 13:51:20.152326,Malviya Nagar,254.6,43.3,0.655,False
2026-07-13 14:51:20.152326,Malviya Nagar,249.9,40.6,0.643,False
2026-07-13 15:51:20.152326,Malviya Nagar,223.6,46.4,0.575,False
2026-07-13 16:51:20.152326,Malviya Nagar,276.8,39.6,0.712,False
2026-07-13 17:51:20.152326,Malviya Nagar,432.9,22.3,1.0,False
2026-07-13 18:51:20.152326,Malviya Nagar,394.8,33.4,1.0,False
2026-07-13 19:51:20.152326,Malviya Nagar,389.3,32.8,1.0,False
2026-07-13 20:51:20.152326,Malviya Nagar,238.6,45.4,0.614,False
2026-07-13 21:51:20.152326,Malviya Nagar,267.6,40.2,0.688,False
2026-07-13 22:51:20.152326,Malviya Nagar,238.4,46.7,0.613,False
2026-07-13 23:51:20.152326,Malviya Nagar,264.2,40.5,0.68,False
2026-07-14 00:51:20.152326,Malviya Nagar,253.0,42.0,0.651,False
2026-07-14 01:51:20.152326,Malviya Nagar,224.5,45.9,0.577,False
2026-07-14 02:51:20.152326,Malviya Nagar,207.8,48.3,0.534,False
2026-07-14 03:51:20.152326,Malviya Nagar,278.3,40.6,0.716,False
2026-07-14 04:51:20.152326,Malviya Nagar,229.3,43.0,0.59,False
2026-07-14 05:51:20.152326,Malviya Nagar,254.5,43.0,0.655,False
2026-07-14 06:51:20.152326,Malviya Nagar,235.2,45.1,0.605,False
2026-07-14 07:51:20.152326,Malviya Nagar,365.0,29.6,0.939,False
2026-07-14 08:51:20.152326,Malviya Nagar,366.3,32.7,0.942,False
2026-07-14 09:51:20.152326,Malviya Nagar,408.4,29.2,1.0,False
2026-07-14 10:51:20.152326,Malviya Nagar,220.7,45.0,0.568,False
2026-07-14 11:51:20.152326,Malviya Nagar,243.5,42.2,0.626,False
2026-07-14 12:51:20.152326,Malviya Nagar,240.6,47.6,0.619,False
2026-07-14 13:51:20.152326,Malviya Nagar,244.0,36.4,0.628,False
2026-07-14 14:51:20.152326,Malviya Nagar,232.2,44.4,0.597,False
2026-07-14 15:51:20.152326,Malviya Nagar,244.8,43.1,0.63,False
2026-07-14 16:51:20.152326,Malviya Nagar,234.9,45.5,0.604,False
2026-07-14 17:51:20.152326,Malviya Nagar,393.9,33.0,1.0,False
2026-07-14 18:51:20.152326,Malviya Nagar,400.4,26.3,1.0,False
2026-07-14 19:51:20.152326,Malviya Nagar,443.4,25.5,1.0,False
2026-07-14 20:51:20.152326,Malviya Nagar,273.6,40.6,0.704,False
2026-07-14 21:51:20.152326,Malviya Nagar,245.2,51.6,0.631,False
2026-07-14 22:51:20.152326,Malviya Nagar,232.5,44.5,0.598,False
2026-07-14 23:51:20.152326,Malviya Nagar,240.7,44.9,0.619,False
2026-07-15 00:51:20.152326,Malviya Nagar,255.4,45.4,0.657,False
2026-07-15 01:51:20.152326,Malviya Nagar,254.1,44.0,0.654,False
2026-07-15 02:51:20.152326,Malviya Nagar,234.1,43.1,0.602,False
2026-07-15 03:51:20.152326,Malviya Nagar,208.1,43.9,0.535,False
2026-07-15 04:51:20.152326,Malviya Nagar,267.0,40.5,0.687,False
2026-07-15 05:51:20.152326,Malviya Nagar,255.1,43.0,0.656,False
2026-07-15 06:51:20.152326,Malviya Nagar,242.3,46.3,0.623,False
2026-07-15 07:51:20.152326,Malviya Nagar,423.4,22.1,1.0,False
2026-07-15 08:51:20.152326,Malviya Nagar,408.1,25.2,1.0,False
2026-07-15 09:51:20.152326,Malviya Nagar,415.0,28.8,1.0,False
2026-07-15 10:51:20.152326,Malviya Nagar,236.1,40.3,0.607,False
2026-07-15 11:51:20.152326,Malviya Nagar,192.7,48.1,0.496,False
2026-07-15 12:51:20.152326,Malviya Nagar,208.9,49.0,0.537,False
2026-07-15 13:51:20.152326,Malviya Nagar,281.4,40.8,0.724,False
2026-07-15 14:51:20.152326,Malviya Nagar,280.3,40.1,0.721,False
2026-07-15 15:51:20.152326,Malviya Nagar,238.5,41.6,0.613,True
2026-07-15 16:51:20.152326,Malviya Nagar,230.8,36.5,0.594,False
2026-07-15 17:51:20.152326,Malviya Nagar,310.4,31.8,0.798,False
2026-07-15 18:51:20.152326,Malviya Nagar,365.2,33.0,0.939,False
2026-07-15 19:51:20.152326,Malviya Nagar,402.0,28.7,1.0,False
2026-07-15 20:51:20.152326,Malviya Nagar,217.7,45.9,0.56,False
2026-07-15 21:51:20.152326,Malviya Nagar,224.7,41.5,0.578,False
2026-07-15 22:51:20.152326,Malviya Nagar,242.0,45.5,0.622,False
2026-07-15 23:51:20.152326,Malviya Nagar,265.8,39.2,0.684,False
2026-07-16 00:51:20.152326,Malviya Nagar,249.9,34.1,0.643,False
2026-07-16 01:51:20.152326,Malviya Nagar,241.7,41.8,0.622,False
2026-07-16 02:51:20.152326,Malviya Nagar,276.4,37.6,0.711,False
2026-07-16 03:51:20.152326,Malviya Nagar,235.9,41.7,0.607,False
2026-07-16 04:51:20.152326,Malviya Nagar,256.0,42.6,0.658,False
2026-07-16 05:51:20.152326,Malviya Nagar,275.0,38.7,0.707,False
2026-07-16 06:51:20.152326,Malviya Nagar,238.0,37.2,0.612,False
2026-07-16 07:51:20.152326,Malviya Nagar,401.6,26.6,1.0,False
2026-07-16 08:51:20.152326,Malviya Nagar,415.1,25.8,1.0,False
2026-07-16 09:51:20.152326,Malviya Nagar,421.8,25.5,1.0,False
2026-07-16 10:51:20.152326,Malviya Nagar,221.4,42.8,0.569,False
2026-07-16 11:51:20.152326,Malviya Nagar,237.3,46.4,0.61,False
2026-07-16 12:51:20.152326,Malviya Nagar,203.7,50.3,0.524,False
2026-07-16 13:51:20.152326,Malviya Nagar,242.2,39.8,0.623,False
2026-07-16 14:51:20.152326,Malviya Nagar,251.5,43.1,0.647,False
2026-07-16 15:51:20.152326,Malviya Nagar,251.2,43.9,0.646,False
2026-07-16 16:51:20.152326,Malviya Nagar,236.4,42.9,0.608,True
2026-07-16 17:51:20.152326,Malviya Nagar,347.0,27.6,0.893,False
2026-07-16 18:51:20.152326,Malviya Nagar,344.1,37.2,0.885,False
2026-07-16 19:51:20.152326,Malviya Nagar,403.2,28.7,1.0,True
2026-07-16 20:51:20.152326,Malviya Nagar,263.7,39.3,0.678,False
2026-07-16 21:51:20.152326,Malviya Nagar,228.4,41.8,0.587,False
2026-07-16 22:51:20.152326,Malviya Nagar,239.3,46.7,0.616,False
2026-07-16 23:51:20.152326,Malviya Nagar,238.0,42.9,0.612,False
2026-07-17 00:51:20.152326,Malviya Nagar,260.6,42.4,0.67,False
2026-07-17 01:51:20.152326,Malviya Nagar,240.6,41.0,0.619,False
2026-07-17 02:51:20.152326,Malviya Nagar,295.5,34.5,0.76,False
2026-07-17 03:51:20.152326,Malviya Nagar,257.3,43.4,0.662,False
2026-07-17 04:51:20.152326,Malviya Nagar,261.7,35.5,0.673,False
2026-07-17 05:51:20.152326,Malviya Nagar,241.0,42.0,0.62,False
2026-07-17 06:51:20.152326,Malviya Nagar,239.3,42.7,0.615,False
2026-07-17 07:51:20.152326,Malviya Nagar,420.6,28.2,1.0,False
2026-07-17 08:51:20.152326,Malviya Nagar,490.3,28.2,1.0,False
2026-07-17 09:51:20.152326,Malviya Nagar,447.5,24.1,1.0,False
2026-07-17 10:51:20.152326,Malviya Nagar,246.7,39.9,0.635,False
2026-07-17 11:51:20.152326,Malviya Nagar,266.5,39.6,0.685,False
2026-07-17 12:51:20.152326,Malviya Nagar,225.7,40.0,0.581,False
2026-07-17 13:51:20.152326,Malviya Nagar,242.6,39.8,0.624,False
2026-07-17 14:51:20.152326,Malviya Nagar,275.0,41.0,0.707,False
2026-07-17 15:51:20.152326,Malviya Nagar,247.3,46.7,0.636,False
2026-07-17 16:51:20.152326,Malviya Nagar,279.9,43.3,0.72,False
2026-07-17 17:51:20.152326,Malviya Nagar,374.9,31.6,0.964,False
2026-07-17 18:51:20.152326,Malviya Nagar,403.5,25.6,1.0,False
2026-07-17 19:51:20.152326,Malviya Nagar,388.3,25.4,0.999,False
2026-07-17 20:51:20.152326,Malviya Nagar,245.8,42.0,0.632,False
2026-07-17 21:51:20.152326,Malviya Nagar,219.9,42.1,0.566,True
2026-07-17 22:51:20.152326,Malviya Nagar,261.1,37.7,0.672,False
2026-07-17 23:51:20.152326,Malviya Nagar,252.8,41.6,0.65,False
2026-07-18 00:51:20.152326,Malviya Nagar,159.6,52.5,0.41,False
2026-07-18 01:51:20.152326,Malviya Nagar,188.5,50.6,0.485,False
2026-07-18 02:51:20.152326,Malviya Nagar,157.1,53.2,0.404,False
2026-07-18 03:51:20.152326,Malviya Nagar,170.7,51.5,0.439,False
2026-07-18 04:51:20.152326,Malviya Nagar,193.3,46.1,0.497,False
2026-07-18 05:51:20.152326,Malviya Nagar,169.6,45.0,0.436,False
2026-07-18 06:51:20.152326,Malviya Nagar,162.1,53.8,0.417,False
2026-07-18 07:51:20.152326,Malviya Nagar,254.8,41.3,0.655,False
2026-07-18 08:51:20.152326,Malviya Nagar,276.6,40.1,0.711,False
2026-07-18 09:51:20.152326,Malviya Nagar,260.2,41.1,0.669,False
2026-07-18 10:51:20.152326,Malviya Nagar,166.8,42.9,0.429,False
2026-07-18 11:51:20.152326,Malviya Nagar,163.4,52.4,0.42,False
2026-07-18 12:51:20.152326,Malviya Nagar,189.9,42.5,0.489,False
2026-07-18 13:51:20.152326,Malviya Nagar,162.6,51.9,0.418,False
2026-07-18 14:51:20.152326,Malviya Nagar,179.0,49.2,0.46,False
2026-07-18 15:51:20.152326,Malviya Nagar,144.2,54.7,0.371,False
2026-07-18 16:51:20.152326,Malviya Nagar,183.3,48.1,0.471,False
2026-07-18 17:51:20.152326,Malviya Nagar,309.7,39.0,0.797,False
2026-07-18 18:51:20.152326,Malviya Nagar,279.8,41.8,0.72,False
2026-07-18 19:51:20.152326,Malviya Nagar,256.5,44.2,0.66,False
2026-07-18 20:51:20.152326,Malviya Nagar,181.8,48.1,0.468,False
2026-07-18 21:51:20.152326,Malviya Nagar,188.1,50.4,0.484,False
2026-07-18 22:51:20.152326,Malviya Nagar,176.2,49.0,0.453,False
2026-07-18 23:51:20.152326,Malviya Nagar,193.6,50.4,0.498,False
2026-07-19 00:51:20.152326,Malviya Nagar,191.1,43.6,0.491,False
2026-07-19 01:51:20.152326,Malviya Nagar,178.3,45.2,0.459,False
2026-07-19 02:51:20.152326,Malviya Nagar,161.9,54.7,0.416,False
2026-07-19 03:51:20.152326,Malviya Nagar,174.6,46.5,0.449,False
2026-07-19 04:51:20.152326,Malviya Nagar,156.2,48.9,0.402,False
2026-07-19 05:51:20.152326,Malviya Nagar,165.0,46.6,0.424,False
2026-07-19 06:51:20.152326,Malviya Nagar,181.2,46.3,0.466,False
2026-07-19 07:51:20.152326,Malviya Nagar,255.2,40.8,0.656,False
2026-07-19 08:51:20.152326,Malviya Nagar,311.3,38.6,0.801,False
2026-07-19 09:51:20.152326,Malviya Nagar,286.1,46.5,0.736,False
2026-07-19 10:51:20.152326,Malviya Nagar,165.7,51.1,0.426,False
2026-07-19 11:51:20.152326,Malviya Nagar,175.4,46.0,0.451,False
2026-07-19 12:51:20.152326,Malviya Nagar,184.9,48.0,0.475,False
2026-07-19 13:51:20.152326,Malviya Nagar,175.2,48.1,0.451,False
2026-07-19 14:51:20.152326,Malviya Nagar,161.6,46.5,0.416,False
2026-07-19 15:51:20.152326,Malviya Nagar,194.1,47.5,0.499,False
2026-07-19 16:51:20.152326,Malviya Nagar,179.4,45.6,0.461,False
2026-07-19 17:51:20.152326,Malviya Nagar,254.7,38.9,0.655,False
2026-07-19 18:51:20.152326,Malviya Nagar,279.9,42.2,0.72,False
2026-07-19 19:51:20.152326,Malviya Nagar,270.7,40.4,0.696,False
2026-07-19 20:51:20.152326,Malviya Nagar,157.1,56.8,0.404,False
2026-07-19 21:51:20.152326,Malviya Nagar,178.5,48.6,0.459,False
2026-07-19 22:51:20.152326,Malviya Nagar,138.5,52.2,0.356,False
2026-07-19 23:51:20.152326,Malviya Nagar,170.6,46.9,0.439,False
2026-07-20 00:51:20.152326,Malviya Nagar,237.7,46.8,0.611,False
2026-07-20 01:51:20.152326,Malviya Nagar,244.1,41.1,0.628,False
2026-07-20 02:51:20.152326,Malviya Nagar,236.7,42.0,0.609,False
2026-07-20 03:51:20.152326,Malviya Nagar,254.5,39.7,0.654,False
2026-07-20 04:51:20.152326,Malviya Nagar,197.6,49.9,0.508,False
2026-07-20 05:51:20.152326,Malviya Nagar,248.3,47.0,0.639,False
2026-07-20 06:51:20.152326,Malviya Nagar,254.5,41.2,0.655,False
2026-07-20 07:51:20.152326,Malviya Nagar,411.3,26.8,1.0,False
2026-07-20 08:51:20.152326,Malviya Nagar,361.5,30.1,0.93,False
2026-07-20 09:51:20.152326,Malviya Nagar,400.8,30.4,1.0,False
2026-07-20 10:51:20.152326,Malviya Nagar,219.2,47.8,0.564,False
2026-07-20 11:51:20.152326,Malviya Nagar,213.6,45.1,0.549,False
2026-07-20 12:51:20.152326,Malviya Nagar,229.6,42.1,0.591,False
2026-07-20 13:51:20.152326,Malviya Nagar,257.4,44.1,0.662,False
2026-07-20 14:51:20.152326,Malviya Nagar,233.2,44.8,0.6,False
2026-07-20 15:51:20.152326,Malviya Nagar,249.2,41.7,0.641,False
2026-07-20 16:51:20.152326,Malviya Nagar,249.1,39.7,0.641,False
2026-07-20 17:51:20.152326,Malviya Nagar,342.3,33.2,0.88,False
2026-07-20 18:51:20.152326,Malviya Nagar,366.4,31.1,0.942,False
2026-07-20 19:51:20.152326,Malviya Nagar,387.3,27.8,0.996,False
2026-07-20 20:51:20.152326,Malviya Nagar,267.7,44.2,0.688,False
2026-07-20 21:51:20.152326,Malviya Nagar,232.9,45.3,0.599,False
2026-07-20 22:51:20.152326,Malviya Nagar,217.1,44.2,0.558,False
2026-07-20 23:51:20.152326,Malviya Nagar,260.2,38.9,0.669,True
2026-07-21 00:51:20.152326,Malviya Nagar,214.2,47.3,0.551,False
2026-07-21 01:51:20.152326,Malviya Nagar,227.5,44.9,0.585,False
2026-07-21 02:51:20.152326,Malviya Nagar,255.2,40.1,0.656,False
2026-07-21 03:51:20.152326,Malviya Nagar,228.6,44.7,0.588,False
2026-07-21 04:51:20.152326,Malviya Nagar,237.5,39.6,0.611,False
2026-07-21 05:51:20.152326,Malviya Nagar,242.0,42.9,0.623,False
2026-07-21 06:51:20.152326,Malviya Nagar,258.3,40.3,0.664,False
2026-07-21 07:51:20.152326,Malviya Nagar,405.7,34.5,1.0,False
2026-07-21 08:51:20.152326,Malviya Nagar,441.0,22.5,1.0,False
2026-07-21 09:51:20.152326,Malviya Nagar,419.6,24.2,1.0,False
2026-07-21 10:51:20.152326,Malviya Nagar,218.1,44.8,0.561,False
2026-07-21 11:51:20.152326,Malviya Nagar,237.9,40.1,0.612,False
2026-07-21 12:51:20.152326,Malviya Nagar,270.9,39.8,0.697,False
2026-07-21 13:51:20.152326,Malviya Nagar,292.7,40.3,0.753,False
2026-07-21 14:51:20.152326,Malviya Nagar,237.4,47.1,0.611,False
2026-07-21 15:51:20.152326,Malviya Nagar,260.2,39.8,0.669,False
2026-07-21 16:51:20.152326,Malviya Nagar,235.4,46.7,0.606,False
2026-07-21 17:51:20.152326,Malviya Nagar,383.6,31.1,0.987,False
2026-07-21 18:51:20.152326,Malviya Nagar,343.4,32.7,0.883,False
2026-07-21 19:51:20.152326,Malviya Nagar,384.6,31.9,0.989,False
2026-07-21 20:51:20.152326,Malviya Nagar,254.9,44.0,0.655,False
2026-07-21 21:51:20.152326,Malviya Nagar,246.7,40.5,0.635,False
2026-07-21 22:51:20.152326,Malviya Nagar,225.1,41.2,0.579,False
2026-07-21 23:51:20.152326,Malviya Nagar,272.8,35.4,0.702,False
2026-07-22 00:51:20.152326,Malviya Nagar,229.7,43.2,0.591,False
2026-07-22 01:51:20.152326,Malviya Nagar,234.6,50.1,0.603,False
2026-07-22 02:51:20.152326,Malviya Nagar,228.5,47.8,0.588,False
2026-07-22 03:51:20.152326,Malviya Nagar,252.6,35.8,0.65,False
2026-07-22 04:51:20.152326,Malviya Nagar,263.2,36.1,0.677,False
2026-07-22 05:51:20.152326,Malviya Nagar,240.5,39.9,0.619,False
2026-07-22 06:51:20.152326,Malviya Nagar,223.6,46.7,0.575,False
2026-07-22 07:51:20.152326,Malviya Nagar,436.8,24.1,1.0,False
2026-07-22 08:51:20.152326,Malviya Nagar,423.5,28.4,1.0,False
2026-07-22 09:51:20.152326,Malviya Nagar,461.3,23.6,1.0,False
2026-07-22 10:51:20.152326,Malviya Nagar,224.2,45.8,0.577,False
2026-07-22 11:51:20.152326,Malviya Nagar,251.8,47.4,0.648,False
2026-07-22 12:51:20.152326,Malviya Nagar,250.5,45.4,0.644,False
2026-07-22 13:51:20.152326,Malviya Nagar,228.0,37.9,0.586,False
2026-07-22 14:51:20.152326,Malviya Nagar,243.4,40.7,0.626,False
2026-07-22 15:51:20.152326,Malviya Nagar,201.4,42.1,0.518,False
2026-07-22 16:51:20.152326,Malviya Nagar,293.8,37.6,0.756,False
2026-07-22 17:51:20.152326,Malviya Nagar,389.3,37.6,1.0,False
2026-07-22 18:51:20.152326,Malviya Nagar,356.0,34.9,0.916,False
2026-07-22 19:51:20.152326,Malviya Nagar,374.8,27.9,0.964,False
2026-07-22 20:51:20.152326,Malviya Nagar,229.8,43.1,0.591,False
2026-07-22 21:51:20.152326,Malviya Nagar,257.2,41.5,0.662,False
2026-07-22 22:51:20.152326,Malviya Nagar,242.6,44.5,0.624,False
2026-07-22 23:51:20.152326,Malviya Nagar,255.0,35.5,0.656,False
2026-07-23 00:51:20.152326,Malviya Nagar,245.8,42.9,0.632,False
2026-07-23 01:51:20.152326,Malviya Nagar,242.4,40.2,0.623,False
2026-07-23 02:51:20.152326,Malviya Nagar,274.1,40.4,0.705,False
2026-07-23 03:51:20.152326,Malviya Nagar,259.6,44.0,0.668,False
2026-07-23 04:51:20.152326,Malviya Nagar,243.7,39.6,0.627,False
2026-07-23 05:51:20.152326,Malviya Nagar,258.6,39.5,0.665,False
2026-07-23 06:51:20.152326,Malviya Nagar,257.8,37.9,0.663,False
2026-07-23 07:51:20.152326,Malviya Nagar,369.0,30.0,0.949,False
2026-07-23 08:51:20.152326,Malviya Nagar,365.4,33.3,0.94,False
2026-07-23 09:51:20.152326,Malviya Nagar,414.9,25.1,1.0,False
2026-07-23 10:51:20.152326,Malviya Nagar,225.6,44.7,0.58,False
2026-07-23 11:51:20.152326,Malviya Nagar,250.0,46.5,0.643,False
2026-07-23 12:51:20.152326,Malviya Nagar,248.5,41.4,0.639,False
2026-07-23 13:51:20.152326,Malviya Nagar,215.1,44.2,0.553,False
2026-07-23 14:51:20.152326,Malviya Nagar,245.1,44.4,0.63,False
2026-07-23 15:51:20.152326,Malviya Nagar,225.3,46.2,0.579,False
2026-07-23 16:51:20.152326,Malviya Nagar,250.4,41.1,0.644,False
2026-07-23 17:51:20.152326,Malviya Nagar,373.7,32.4,0.961,False
2026-07-23 18:51:20.152326,Malviya Nagar,370.3,34.5,0.952,False
2026-07-23 19:51:20.152326,Malviya Nagar,363.9,29.8,0.936,False
2026-07-23 20:51:20.152326,Malviya Nagar,243.9,43.1,0.627,False
2026-07-23 21:51:20.152326,Malviya Nagar,244.8,47.3,0.63,False
2026-07-23 22:51:20.152326,Malviya Nagar,206.5,46.0,0.531,False
2026-07-23 23:51:20.152326,Malviya Nagar,242.4,45.5,0.623,False
2026-07-24 00:51:20.152326,Malviya Nagar,237.5,43.4,0.611,False
2026-07-24 01:51:20.152326,Malviya Nagar,250.8,39.7,0.645,False
2026-07-24 02:51:20.152326,Malviya Nagar,268.9,47.0,0.692,False
2026-07-24 03:51:20.152326,Malviya Nagar,248.9,39.2,0.64,False
2026-07-24 04:51:20.152326,Malviya Nagar,232.8,46.9,0.599,False
2026-07-24 05:51:20.152326,Malviya Nagar,257.8,44.3,0.663,False
2026-07-24 06:51:20.152326,Malviya Nagar,242.4,40.7,0.624,False
2026-07-24 07:51:20.152326,Malviya Nagar,415.6,25.6,1.0,False
2026-07-24 08:51:20.152326,Malviya Nagar,403.7,24.2,1.0,False
2026-07-24 09:51:20.152326,Malviya Nagar,403.2,29.5,1.0,False
2026-07-24 10:51:20.152326,Malviya Nagar,274.2,41.2,0.705,False
2026-07-24 11:51:20.152326,Malviya Nagar,258.2,40.7,0.664,False
2026-07-24 12:51:20.152326,Malviya Nagar,233.6,46.6,0.601,False
2026-07-24 13:51:20.152326,Malviya Nagar,239.8,44.1,0.617,False
2026-07-24 14:51:20.152326,Malviya Nagar,277.8,40.4,0.714,False
2026-07-24 15:51:20.152326,Malviya Nagar,235.9,41.3,0.607,False
2026-07-24 16:51:20.152326,Malviya Nagar,245.4,40.5,0.631,False
2026-07-24 17:51:20.152326,Malviya Nagar,397.1,32.7,1.0,False
2026-07-24 18:51:20.152326,Malviya Nagar,332.0,34.9,0.854,False
2026-07-24 19:51:20.152326,Malviya Nagar,397.5,31.4,1.0,False
2026-07-24 20:51:20.152326,Malviya Nagar,241.7,44.3,0.622,True
2026-07-24 21:51:20.152326,Malviya Nagar,246.3,44.6,0.633,False
2026-07-24 22:51:20.152326,Malviya Nagar,252.6,41.3,0.65,False
2026-07-24 23:51:20.152326,Malviya Nagar,229.2,46.4,0.59,False
2026-07-25 00:51:20.152326,Malviya Nagar,182.9,48.4,0.471,False
2026-07-25 01:51:20.152326,Malviya Nagar,157.2,52.5,0.404,False
2026-07-25 02:51:20.152326,Malviya Nagar,144.3,48.2,0.371,False
2026-07-25 03:51:20.152326,Malviya Nagar,154.5,47.7,0.397,False
2026-07-25 04:51:20.152326,Malviya Nagar,170.5,45.5,0.438,False
2026-07-25 05:51:20.152326,Malviya Nagar,171.4,57.0,0.441,False
2026-07-25 06:51:20.152326,Malviya Nagar,177.4,50.0,0.456,False
2026-07-25 07:51:20.152326,Malviya Nagar,275.3,41.7,0.708,False
2026-07-25 08:51:20.152326,Malviya Nagar,274.3,41.4,0.706,False
2026-07-25 09:51:20.152326,Malviya Nagar,295.4,42.3,0.76,False
2026-07-25 10:51:20.152326,Malviya Nagar,153.6,57.7,0.395,False
2026-07-25 11:51:20.152326,Malviya Nagar,174.5,50.2,0.449,False
2026-07-25 12:51:20.152326,Malviya Nagar,174.1,51.1,0.448,False
2026-07-25 13:51:20.152326,Malviya Nagar,167.4,49.3,0.43,False
2026-07-25 14:51:20.152326,Malviya Nagar,160.4,45.5,0.413,False
2026-07-25 15:51:20.152326,Malviya Nagar,189.6,48.7,0.488,False
2026-07-25 16:51:20.152326,Malviya Nagar,163.0,49.5,0.419,False
2026-07-25 17:51:20.152326,Malviya Nagar,260.5,45.6,0.67,False
2026-07-25 18:51:20.152326,Malviya Nagar,286.0,39.0,0.736,False
2026-07-25 19:51:20.152326,Malviya Nagar,247.2,44.8,0.636,False
2026-07-25 20:51:20.152326,Malviya Nagar,175.9,55.3,0.453,False
2026-07-25 21:51:20.152326,Malviya Nagar,168.3,46.1,0.433,False
2026-07-25 22:51:20.152326,Malviya Nagar,167.9,48.9,0.432,False
2026-07-25 23:51:20.152326,Malviya Nagar,170.8,49.8,0.439,False
2026-07-26 00:51:20.152326,Malviya Nagar,155.1,55.7,0.399,False
2026-07-26 01:51:20.152326,Malviya Nagar,150.7,49.8,0.388,False
2026-07-26 02:51:20.152326,Malviya Nagar,149.3,55.6,0.384,False
2026-07-26 03:51:20.152326,Malviya Nagar,178.5,43.8,0.459,False
2026-07-26 04:51:20.152326,Malviya Nagar,166.8,50.6,0.429,False
2026-07-26 05:51:20.152326,Malviya Nagar,158.3,52.9,0.407,False
2026-07-26 06:51:20.152326,Malviya Nagar,159.5,49.7,0.41,False
2026-07-26 07:51:20.152326,Malviya Nagar,286.4,42.4,0.737,False
2026-07-26 08:51:20.152326,Malviya Nagar,262.2,44.2,0.674,False
2026-07-26 09:51:20.152326,Malviya Nagar,259.2,37.9,0.667,False
2026-07-26 10:51:20.152326,Malviya Nagar,162.9,52.6,0.419,False
2026-07-26 11:51:20.152326,Malviya Nagar,187.4,49.5,0.482,False
2026-07-26 12:51:20.152326,Malviya Nagar,165.0,50.5,0.424,False
2026-07-26 13:51:20.152326,Malviya Nagar,170.3,48.4,0.438,False
2026-07-26 14:51:20.152326,Malviya Nagar,182.8,49.1,0.47,False
2026-07-26 15:51:20.152326,Malviya Nagar,171.6,49.3,0.441,False
2026-07-26 16:51:20.152326,Malviya Nagar,169.7,44.4,0.436,True
2026-07-26 17:51:20.152326,Malviya Nagar,249.9,46.6,0.643,False
2026-07-26 18:51:20.152326,Malviya Nagar,307.1,39.2,0.79,False
2026-07-26 19:51:20.152326,Malviya Nagar,234.1,48.6,0.602,False
2026-07-26 20:51:20.152326,Malviya Nagar,154.2,54.3,0.397,False
2026-07-26 21:51:20.152326,Malviya Nagar,151.5,50.8,0.39,False
2026-07-26 22:51:20.152326,Malviya Nagar,171.5,51.1,0.441,False
2026-07-26 23:51:20.152326,Malviya Nagar,170.5,53.8,0.438,False
2026-07-27 00:51:20.152326,Malviya Nagar,234.5,42.2,0.603,False
2026-07-27 01:51:20.152326,Malviya Nagar,211.0,45.0,0.543,False
2026-07-27 02:51:20.152326,Malviya Nagar,238.5,44.7,0.613,False
2026-07-27 03:51:20.152326,Malviya Nagar,242.2,40.9,0.623,False
2026-07-27 04:51:20.152326,Malviya Nagar,224.6,49.2,0.578,False
2026-07-27 05:51:20.152326,Malviya Nagar,231.8,48.6,0.596,False
2026-07-27 06:51:20.152326,Malviya Nagar,231.1,41.2,0.594,False
2026-07-27 07:51:20.152326,Malviya Nagar,358.0,30.7,0.921,False
2026-07-27 08:51:20.152326,Malviya Nagar,411.1,30.3,1.0,False
2026-07-27 09:51:20.152326,Malviya Nagar,385.2,32.9,0.991,False
2026-07-27 10:51:20.152326,Malviya Nagar,215.6,46.5,0.555,False
2026-07-27 11:51:20.152326,Malviya Nagar,249.6,38.5,0.642,False
2026-07-27 12:51:20.152326,Malviya Nagar,199.1,46.8,0.512,False
2026-07-27 13:51:20.152326,Malviya Nagar,275.0,35.8,0.707,False
2026-07-27 14:51:20.152326,Malviya Nagar,241.4,39.6,0.621,False
2026-07-27 15:51:20.152326,Malviya Nagar,237.5,39.0,0.611,False
2026-07-27 16:51:20.152326,Malviya Nagar,218.8,47.2,0.563,False
2026-07-27 17:51:20.152326,Malviya Nagar,384.4,31.0,0.989,False
2026-07-27 18:51:20.152326,Malviya Nagar,427.7,29.0,1.0,False
2026-07-27 19:51:20.152326,Malviya Nagar,327.2,35.0,0.842,False
2026-07-27 20:51:20.152326,Malviya Nagar,222.3,47.4,0.572,False
2026-07-27 21:51:20.152326,Malviya Nagar,254.0,40.6,0.653,False
2026-07-27 22:51:20.152326,Malviya Nagar,264.1,43.7,0.679,False
2026-07-27 23:51:20.152326,Malviya Nagar,203.9,44.2,0.524,False
2026-07-28 00:51:20.152326,Malviya Nagar,252.6,43.0,0.65,False
2026-07-28 01:51:20.152326,Malviya Nagar,204.7,44.5,0.527,False
2026-07-28 02:51:20.152326,Malviya Nagar,234.9,36.7,0.604,False
2026-07-28 03:51:20.152326,Malviya Nagar,247.7,38.0,0.637,False
2026-07-28 04:51:20.152326,Malviya Nagar,232.1,37.1,0.597,False
2026-07-28 05:51:20.152326,Malviya Nagar,237.9,45.7,0.612,False
2026-07-28 06:51:20.152326,Malviya Nagar,224.6,48.6,0.578,False
2026-07-28 07:51:20.152326,Malviya Nagar,390.0,30.6,1.0,False
2026-07-28 08:51:20.152326,Malviya Nagar,432.9,22.8,1.0,False
2026-07-28 09:51:20.152326,Malviya Nagar,363.4,31.8,0.935,False
2026-07-28 10:51:20.152326,Malviya Nagar,246.8,48.5,0.635,False
2026-07-28 11:51:20.152326,Malviya Nagar,265.1,49.0,0.682,False
2026-07-28 12:51:20.152326,Malviya Nagar,266.6,32.2,0.686,False
2026-07-28 13:51:20.152326,Malviya Nagar,205.8,50.9,0.529,False
2026-07-28 14:51:20.152326,Malviya Nagar,258.6,44.5,0.665,False
2026-07-28 15:51:20.152326,Malviya Nagar,244.5,37.4,0.629,False
2026-07-28 16:51:20.152326,Malviya Nagar,246.2,38.6,0.633,False
2026-07-28 17:51:20.152326,Malviya Nagar,360.8,27.9,0.928,False
2026-07-28 18:51:20.152326,Malviya Nagar,400.2,30.3,1.0,False
2026-07-28 19:51:20.152326,Malviya Nagar,378.4,33.5,0.973,False
2026-07-28 20:51:20.152326,Malviya Nagar,223.0,53.2,0.574,False
2026-07-28 21:51:20.152326,Malviya Nagar,250.5,46.2,0.644,False
2026-07-28 22:51:20.152326,Malviya Nagar,236.6,42.5,0.608,False
2026-07-28 23:51:20.152326,Malviya Nagar,238.5,43.1,0.614,False
2026-07-29 00:51:20.152326,Malviya Nagar,252.9,35.7,0.65,False
2026-07-29 01:51:20.152326,Malviya Nagar,258.0,45.7,0.664,False
2026-07-29 02:51:20.152326,Malviya Nagar,245.1,41.0,0.63,False
2026-07-29 03:51:20.152326,Malviya Nagar,269.8,41.2,0.694,False
2026-07-29 04:51:20.152326,Malviya Nagar,223.3,44.5,0.574,False
2026-07-29 05:51:20.152326,Malviya Nagar,225.7,43.8,0.581,False
2026-07-29 06:51:20.152326,Malviya Nagar,249.3,44.1,0.641,False
2026-07-29 07:51:20.152326,Malviya Nagar,455.0,23.1,1.0,False
2026-07-29 08:51:20.152326,Malviya Nagar,422.9,25.7,1.0,False
2026-07-29 09:51:20.152326,Malviya Nagar,379.0,27.6,0.975,False
2026-07-29 10:51:20.152326,Malviya Nagar,225.6,47.5,0.58,False
2026-07-29 11:51:20.152326,Malviya Nagar,234.9,44.4,0.604,False
2026-07-29 12:51:20.152326,Malviya Nagar,264.7,39.0,0.681,False
2026-07-29 13:51:20.152326,Malviya Nagar,268.0,40.1,0.689,False
2026-07-29 14:51:20.152326,Malviya Nagar,234.8,47.6,0.604,False
2026-07-29 15:51:20.152326,Malviya Nagar,244.1,45.3,0.628,False
2026-07-29 16:51:20.152326,Malviya Nagar,216.6,47.0,0.557,False
2026-07-29 17:51:20.152326,Malviya Nagar,389.9,28.1,1.0,False
2026-07-29 18:51:20.152326,Malviya Nagar,390.5,27.0,1.0,False
2026-07-29 19:51:20.152326,Malviya Nagar,379.7,33.4,0.977,False
2026-07-29 20:51:20.152326,Malviya Nagar,216.1,46.1,0.556,False
2026-07-29 21:51:20.152326,Malviya Nagar,221.1,43.5,0.569,False
2026-07-29 22:51:20.152326,Malviya Nagar,228.2,49.1,0.587,True
2026-07-29 23:51:20.152326,Malviya Nagar,238.9,43.7,0.615,False
2026-07-30 00:51:20.152326,Malviya Nagar,248.6,41.6,0.64,False
2026-07-30 01:51:20.152326,Malviya Nagar,279.4,37.0,0.719,False
2026-07-30 02:51:20.152326,Malviya Nagar,282.7,37.9,0.727,False
2026-07-30 03:51:20.152326,Malviya Nagar,269.3,43.8,0.693,False
2026-07-30 04:51:20.152326,Malviya Nagar,241.1,39.2,0.62,False
2026-07-30 05:51:20.152326,Malviya Nagar,197.8,46.8,0.509,False
2026-07-30 06:51:20.152326,Malviya Nagar,268.0,41.6,0.689,False
2026-07-30 07:51:20.152326,Malviya Nagar,344.9,33.7,0.887,False
2026-07-30 08:51:20.152326,Malviya Nagar,405.5,29.3,1.0,False
2026-07-30 09:51:20.152326,Malviya Nagar,417.2,21.3,1.0,False
2026-07-30 10:51:20.152326,Malviya Nagar,250.9,44.0,0.645,False
2026-07-30 11:51:20.152326,Malviya Nagar,242.8,46.4,0.625,False
2026-07-30 12:51:20.152326,Malviya Nagar,250.2,41.4,0.644,False
2026-07-30 13:51:20.152326,Malviya Nagar,235.2,42.4,0.605,False
2026-07-30 14:51:20.152326,Malviya Nagar,237.7,46.1,0.611,False
2026-07-30 15:51:20.152326,Malviya Nagar,221.0,45.7,0.568,False
2026-07-30 16:51:20.152326,Malviya Nagar,259.1,42.5,0.667,False
2026-07-30 17:51:20.152326,Malviya Nagar,405.9,33.1,1.0,False
2026-07-30 18:51:20.152326,Malviya Nagar,405.7,28.6,1.0,False
2026-07-30 19:51:20.152326,Malviya Nagar,366.5,31.0,0.943,False
2026-07-30 20:51:20.152326,Malviya Nagar,241.6,41.5,0.622,False
2026-07-30 21:51:20.152326,Malviya Nagar,239.7,46.8,0.617,False
2026-07-30 22:51:20.152326,Malviya Nagar,233.6,46.4,0.601,False
2026-07-30 23:51:20.152326,Malviya Nagar,273.8,38.9,0.704,False
2026-07-31 00:51:20.152326,Malviya Nagar,246.5,44.6,0.634,False
2026-07-31 01:51:20.152326,Malviya Nagar,250.0,41.4,0.643,False
2026-07-31 02:51:20.152326,Malviya Nagar,243.4,45.8,0.626,False
2026-07-31 03:51:20.152326,Malviya Nagar,248.6,47.1,0.639,False
2026-07-31 04:51:20.152326,Malviya Nagar,234.4,40.3,0.603,False
2026-07-31 05:51:20.152326,Malviya Nagar,227.2,47.6,0.584,False
2026-07-31 06:51:20.152326,Malviya Nagar,249.7,43.1,0.642,False
2026-07-31 07:51:20.152326,Malviya Nagar,359.2,33.0,0.924,False
2026-07-31 08:51:20.152326,Malviya Nagar,402.5,25.0,1.0,False
2026-07-31 09:51:20.152326,Malviya Nagar,414.7,30.0,1.0,False
2026-07-31 10:51:20.152326,Malviya Nagar,223.9,46.7,0.576,False
2026-07-31 11:51:20.152326,Malviya Nagar,250.0,45.3,0.643,False
2026-07-31 12:51:20.152326,Malviya Nagar,250.7,38.7,0.645,False
2026-07-31 13:51:20.152326,Malviya Nagar,256.5,42.3,0.66,False
2026-07-31 14:51:20.152326,Malviya Nagar,273.7,42.1,0.704,False
2026-07-31 15:51:20.152326,Malviya Nagar,238.2,44.7,0.613,False
2026-07-31 16:51:20.152326,Malviya Nagar,241.1,46.7,0.62,False
2026-07-31 17:51:20.152326,Malviya Nagar,384.6,32.8,0.989,False
2026-07-31 18:51:20.152326,Malviya Nagar,372.2,32.0,0.957,False
2026-07-31 19:51:20.152326,Malviya Nagar,318.3,43.2,0.819,False
2026-07-31 20:51:20.152326,Malviya Nagar,276.3,40.4,0.711,False
2026-07-31 21:51:20.152326,Malviya Nagar,236.1,43.5,0.607,False
2026-07-31 22:51:20.152326,Malviya Nagar,242.9,34.1,0.625,False
2026-07-31 23:51:20.152326,Malviya Nagar,249.0,41.2,0.64,False
2026-08-01 00:51:20.152326,Malviya Nagar,179.6,49.8,0.462,False
2026-08-01 01:51:20.152326,Malviya Nagar,178.7,49.8,0.46,False
2026-08-01 02:51:20.152326,Malviya Nagar,162.7,52.8,0.418,False
2026-08-01 03:51:20.152326,Malviya Nagar,154.2,49.0,0.396,False
2026-08-01 04:51:20.152326,Malviya Nagar,149.9,48.1,0.386,False
2026-08-01 05:51:20.152326,Malviya Nagar,169.8,48.6,0.437,False
2026-08-01 06:51:20.152326,Malviya Nagar,177.6,48.2,0.457,False
2026-08-01 07:51:20.152326,Malviya Nagar,261.3,38.4,0.672,True
2026-08-01 08:51:20.152326,Malviya Nagar,301.6,39.1,0.776,False
2026-08-01 09:51:20.152326,Malviya Nagar,274.6,40.3,0.706,False
2026-08-01 10:51:20.152326,Malviya Nagar,178.6,46.2,0.459,False
2026-08-01 11:51:20.152326,Malviya Nagar,164.6,55.7,0.423,False
2026-08-01 12:51:20.152326,Malviya Nagar,152.3,46.2,0.392,False
2026-08-01 13:51:20.152326,Malviya Nagar,167.2,47.8,0.43,False
2026-08-01 14:51:20.152326,Malviya Nagar,193.0,50.8,0.496,False
2026-08-01 15:51:20.152326,Malviya Nagar,154.0,48.4,0.396,False
2026-08-01 16:51:20.152326,Malviya Nagar,146.8,50.6,0.378,False
2026-08-01 17:51:20.152326,Malviya Nagar,268.5,41.7,0.691,False
2026-08-01 18:51:20.152326,Malviya Nagar,266.4,39.8,0.685,False
2026-08-01 19:51:20.152326,Malviya Nagar,254.3,39.2,0.654,False
2026-08-01 20:51:20.152326,Malviya Nagar,166.1,49.3,0.427,False
2026-08-01 21:51:20.152326,Malviya Nagar,179.1,45.1,0.461,False
2026-08-01 22:51:20.152326,Malviya Nagar,170.0,46.4,0.437,False
2026-08-01 23:51:20.152326,Malviya Nagar,169.4,45.7,0.436,False
2026-08-02 00:51:20.152326,Malviya Nagar,167.5,51.1,0.431,False
2026-08-02 01:51:20.152326,Malviya Nagar,164.4,53.3,0.423,False
2026-08-02 02:51:20.152326,Malviya Nagar,167.6,46.5,0.431,False
2026-08-02 03:51:20.152326,Malviya Nagar,158.9,53.8,0.409,False
2026-08-02 04:51:20.152326,Malviya Nagar,180.7,48.3,0.465,False
2026-08-02 05:51:20.152326,Malviya Nagar,176.2,46.9,0.453,False
2026-08-02 06:51:20.152326,Malviya Nagar,178.4,49.6,0.459,False
2026-08-02 07:51:20.152326,Malviya Nagar,268.8,38.0,0.691,False
2026-08-02 08:51:20.152326,Malviya Nagar,296.7,32.0,0.763,False
2026-08-02 09:51:20.152326,Malviya Nagar,247.2,45.8,0.636,False
2026-08-02 10:51:20.152326,Malviya Nagar,191.6,47.3,0.493,False
2026-08-02 11:51:20.152326,Malviya Nagar,131.5,57.7,0.338,False
2026-08-02 12:51:20.152326,Malviya Nagar,149.5,51.2,0.385,False
2026-08-02 13:51:20.152326,Malviya Nagar,166.7,51.0,0.429,False
2026-08-02 14:51:20.152326,Malviya Nagar,177.9,51.7,0.458,False
2026-08-02 15:51:20.152326,Malviya Nagar,190.9,47.7,0.491,False
2026-08-02 16:51:20.152326,Malviya Nagar,177.4,53.5,0.456,False
2026-08-02 17:51:20.152326,Malviya Nagar,251.7,41.3,0.647,False
2026-08-02 18:51:20.152326,Malviya Nagar,252.4,44.0,0.649,False
2026-08-02 19:51:20.152326,Malviya Nagar,276.5,33.4,0.711,False
2026-08-02 20:51:20.152326,Malviya Nagar,156.8,51.4,0.403,False
2026-08-02 21:51:20.152326,Malviya Nagar,151.3,48.3,0.389,False
2026-08-02 22:51:20.152326,Malviya Nagar,185.0,48.9,0.476,False
2026-08-02 23:51:20.152326,Malviya Nagar,155.3,53.1,0.399,False
2026-08-03 00:51:20.152326,Malviya Nagar,240.4,40.0,0.618,False
2026-08-03 01:51:20.152326,Malviya Nagar,240.8,44.9,0.619,False
2026-08-03 02:51:20.152326,Malviya Nagar,270.5,37.9,0.696,False
2026-08-03 03:51:20.152326,Malviya Nagar,249.1,38.4,0.641,False
2026-08-03 04:51:20.152326,Malviya Nagar,251.8,45.9,0.648,False
2026-08-03 05:51:20.152326,Malviya Nagar,247.7,41.3,0.637,False
2026-08-03 06:51:20.152326,Malviya Nagar,263.6,41.6,0.678,False
2026-08-03 07:51:20.152326,Malviya Nagar,354.3,31.2,0.911,False
2026-08-03 08:51:20.152326,Malviya Nagar,408.6,28.9,1.0,False
2026-08-03 09:51:20.152326,Malviya Nagar,449.6,19.8,1.0,False
2026-08-03 10:51:20.152326,Malviya Nagar,241.5,40.5,0.621,False
2026-08-03 11:51:20.152326,Malviya Nagar,250.7,39.2,0.645,False
2026-08-03 12:51:20.152326,Malviya Nagar,217.4,44.3,0.559,False
2026-08-03 13:51:20.152326,Malviya Nagar,239.3,41.3,0.615,False
2026-08-03 14:51:20.152326,Malviya Nagar,258.1,37.6,0.664,False
2026-08-03 15:51:20.152326,Malviya Nagar,213.1,39.8,0.548,False
2026-08-03 16:51:20.152326,Malviya Nagar,254.0,44.1,0.653,False
2026-08-03 17:51:20.152326,Malviya Nagar,394.2,29.4,1.0,False
2026-08-03 18:51:20.152326,Malviya Nagar,371.0,32.1,0.954,False
2026-08-03 19:51:20.152326,Malviya Nagar,356.9,32.5,0.918,False
2026-08-03 20:51:20.152326,Malviya Nagar,207.7,43.1,0.534,False
2026-08-03 21:51:20.152326,Malviya Nagar,230.3,42.9,0.592,False
2026-08-03 22:51:20.152326,Malviya Nagar,240.7,40.5,0.619,False
2026-08-03 23:51:20.152326,Malviya Nagar,262.9,39.9,0.676,False
2026-08-04 00:51:20.152326,Malviya Nagar,210.2,49.7,0.541,False
2026-08-04 01:51:20.152326,Malviya Nagar,223.9,42.6,0.576,False
2026-08-04 02:51:20.152326,Malviya Nagar,214.0,45.9,0.55,False
2026-08-04 03:51:20.152326,Malviya Nagar,276.6,41.1,0.711,False
2026-08-04 04:51:20.152326,Malviya Nagar,265.6,38.3,0.683,False
2026-08-04 05:51:20.152326,Malviya Nagar,273.2,39.4,0.703,False
2026-08-04 06:51:20.152326,Malviya Nagar,246.7,43.7,0.634,False
2026-08-04 07:51:20.152326,Malviya Nagar,478.6,19.2,1.0,False
2026-08-04 08:51:20.152326,Malviya Nagar,394.0,30.6,1.0,False
2026-08-04 09:51:20.152326,Malviya Nagar,356.3,36.7,0.916,False
2026-08-04 10:51:20.152326,Malviya Nagar,197.3,46.1,0.508,False
2026-08-04 11:51:20.152326,Malviya Nagar,219.8,43.1,0.565,False
2026-08-04 12:51:20.152326,Malviya Nagar,263.2,38.8,0.677,False
2026-08-04 13:51:20.152326,Malviya Nagar,254.7,44.8,0.655,False
2026-08-04 14:51:20.152326,Malviya Nagar,228.2,44.2,0.587,False
2026-08-04 15:51:20.152326,Malviya Nagar,266.8,36.0,0.686,False
2026-08-04 16:51:20.152326,Malviya Nagar,251.5,40.9,0.647,False
2026-08-04 17:51:20.152326,Malviya Nagar,374.9,31.9,0.964,False
2026-08-04 18:51:20.152326,Malviya Nagar,415.7,28.1,1.0,False
2026-08-04 19:51:20.152326,Malviya Nagar,322.3,36.1,0.829,False
2026-08-04 20:51:20.152326,Malviya Nagar,243.0,45.1,0.625,False
2026-08-04 21:51:20.152326,Malviya Nagar,250.0,46.9,0.643,False
2026-08-04 22:51:20.152326,Malviya Nagar,229.5,45.1,0.59,False
2026-08-04 23:51:20.152326,Malviya Nagar,222.3,47.3,0.572,False
2026-08-05 00:51:20.152326,Malviya Nagar,224.0,46.2,0.576,False
2026-08-05 01:51:20.152326,Malviya Nagar,257.4,35.6,0.662,False
2026-08-05 02:51:20.152326,Malviya Nagar,233.0,49.4,0.599,False
2026-08-05 03:51:20.152326,Malviya Nagar,233.7,48.9,0.601,False
2026-08-05 04:51:20.152326,Malviya Nagar,267.7,37.4,0.689,False
2026-08-05 05:51:20.152326,Malviya Nagar,230.8,43.0,0.594,False
2026-08-05 06:51:20.152326,Malviya Nagar,201.6,44.6,0.519,False
2026-08-05 07:51:20.152326,Malviya Nagar,402.9,29.1,1.0,False
2026-08-05 08:51:20.152326,Malviya Nagar,374.1,31.4,0.962,False
2026-08-05 09:51:20.152326,Malviya Nagar,359.8,33.1,0.926,False
2026-08-05 10:51:20.152326,Malviya Nagar,260.7,37.0,0.671,False
2026-08-05 11:51:20.152326,Malviya Nagar,250.3,45.1,0.644,False
2026-08-05 12:51:20.152326,Malviya Nagar,267.6,40.6,0.688,True
2026-08-05 13:51:20.152326,Malviya Nagar,270.5,38.1,0.696,False
2026-08-05 14:51:20.152326,Malviya Nagar,250.8,40.5,0.645,True
2026-08-05 15:51:20.152326,Malviya Nagar,250.6,38.0,0.645,False
2026-08-05 16:51:20.152326,Malviya Nagar,248.9,44.8,0.64,False
2026-08-05 17:51:20.152326,Malviya Nagar,392.1,27.7,1.0,False
2026-08-05 18:51:20.152326,Malviya Nagar,346.7,37.4,0.892,False
2026-08-05 19:51:20.152326,Malviya Nagar,363.8,31.4,0.936,False
2026-08-05 20:51:20.152326,Malviya Nagar,217.4,43.7,0.559,False
2026-08-05 21:51:20.152326,Malviya Nagar,220.2,49.7,0.566,False
2026-08-05 22:51:20.152326,Malviya Nagar,192.1,48.9,0.494,False
2026-08-05 23:51:20.152326,Malviya Nagar,247.3,43.1,0.636,False
2026-08-06 00:51:20.152326,Malviya Nagar,256.0,40.2,0.659,False
2026-08-06 01:51:20.152326,Malviya Nagar,239.4,39.1,0.616,False
2026-08-06 02:51:20.152326,Malviya Nagar,241.5,40.2,0.621,False
2026-08-06 03:51:20.152326,Malviya Nagar,225.5,44.0,0.58,False
2026-08-06 04:51:20.152326,Malviya Nagar,248.7,45.2,0.64,False
2026-08-06 05:51:20.152326,Malviya Nagar,244.3,49.8,0.628,False
2026-08-06 06:51:20.152326,Malviya Nagar,266.0,41.8,0.684,False
2026-08-06 07:51:20.152326,Malviya Nagar,382.3,31.5,0.983,False
2026-08-06 08:51:20.152326,Malviya Nagar,416.5,36.1,1.0,False
2026-08-06 09:51:20.152326,Malviya Nagar,317.3,36.3,0.816,False
2026-08-06 10:51:20.152326,Malviya Nagar,235.3,47.0,0.605,False
2026-08-06 11:51:20.152326,Malviya Nagar,249.7,45.6,0.642,False
2026-08-06 12:51:20.152326,Malviya Nagar,234.0,49.6,0.602,False
2026-08-06 13:51:20.152326,Malviya Nagar,221.6,45.0,0.57,False
2026-08-06 14:51:20.152326,Malviya Nagar,211.3,45.4,0.543,False
2026-08-06 15:51:20.152326,Malviya Nagar,224.8,47.6,0.578,False
2026-08-06 16:51:20.152326,Malviya Nagar,240.8,47.9,0.619,False
2026-08-06 17:51:20.152326,Malviya Nagar,361.5,31.3,0.93,False
2026-08-06 18:51:20.152326,Malviya Nagar,340.5,35.6,0.876,False
2026-08-06 19:51:20.152326,Malviya Nagar,396.6,28.7,1.0,False
2026-08-06 20:51:20.152326,Malviya Nagar,250.0,39.2,0.643,False
2026-08-06 21:51:20.152326,Malviya Nagar,246.5,39.2,0.634,False
2026-08-06 22:51:20.152326,Malviya Nagar,249.5,46.7,0.642,False
2026-08-06 23:51:20.152326,Malviya Nagar,234.5,39.7,0.603,False
2026-08-07 00:51:20.152326,Malviya Nagar,267.8,40.6,0.689,False
2026-08-07 01:51:20.152326,Malviya Nagar,280.9,40.8,0.723,False
2026-08-07 02:51:20.152326,Malviya Nagar,292.6,36.2,0.753,False
2026-08-07 03:51:20.152326,Malviya Nagar,231.4,44.5,0.595,False
2026-08-07 04:51:20.152326,Malviya Nagar,214.7,43.3,0.552,False
2026-08-07 05:51:20.152326,Malviya Nagar,216.9,43.1,0.558,False
2026-08-07 06:51:20.152326,Malviya Nagar,243.6,44.4,0.626,False
2026-08-07 07:51:20.152326,Malviya Nagar,384.0,35.1,0.988,False
2026-08-07 08:51:20.152326,Malviya Nagar,425.3,31.3,1.0,False
2026-08-07 09:51:20.152326,Malviya Nagar,443.3,22.9,1.0,False
2026-08-07 10:51:20.152326,Malviya Nagar,216.3,47.8,0.556,False
2026-08-07 11:51:20.152326,Malviya Nagar,225.8,42.5,0.581,False
2026-08-07 12:51:20.152326,Malviya Nagar,231.5,40.5,0.596,False
2026-08-07 13:51:20.152326,Malviya Nagar,237.0,40.6,0.61,False
2026-08-07 14:51:20.152326,Malviya Nagar,278.2,40.2,0.715,False
2026-08-07 15:51:20.152326,Malviya Nagar,229.9,44.3,0.591,False
2026-08-07 16:51:20.152326,Malviya Nagar,259.1,36.4,0.666,False
2026-08-07 17:51:20.152326,Malviya Nagar,367.1,32.5,0.944,False
2026-08-07 18:51:20.152326,Malviya Nagar,449.0,25.4,1.0,False
2026-08-07 19:51:20.152326,Malviya Nagar,342.3,37.8,0.88,False
2026-08-07 20:51:20.152326,Malviya Nagar,253.6,39.2,0.652,False
2026-08-07 21:51:20.152326,Malviya Nagar,236.9,41.0,0.609,False
2026-08-07 22:51:20.152326,Malviya Nagar,213.0,54.4,0.548,False
2026-08-07 23:51:20.152326,Malviya Nagar,248.5,38.1,0.639,False
2026-08-08 00:51:20.152326,Malviya Nagar,153.6,54.0,0.395,False
2026-08-08 01:51:20.152326,Malviya Nagar,182.3,47.8,0.469,False
2026-08-08 02:51:20.152326,Malviya Nagar,168.6,51.9,0.434,False
2026-08-08 03:51:20.152326,Malviya Nagar,200.3,49.0,0.515,False
2026-08-08 04:51:20.152326,Malviya Nagar,181.3,53.9,0.466,False
2026-08-08 05:51:20.152326,Malviya Nagar,191.4,50.5,0.492,False
2026-08-08 06:51:20.152326,Malviya Nagar,180.7,46.1,0.465,False
2026-08-08 07:51:20.152326,Malviya Nagar,304.0,37.4,0.782,False
2026-08-08 08:51:20.152326,Malviya Nagar,281.2,39.6,0.723,False
2026-08-08 09:51:20.152326,Malviya Nagar,307.7,36.1,0.791,False
2026-08-08 10:51:20.152326,Malviya Nagar,161.8,48.6,0.416,False
2026-08-08 11:51:20.152326,Malviya Nagar,211.3,44.1,0.544,False
2026-08-08 12:51:20.152326,Malviya Nagar,165.0,53.5,0.424,False
2026-08-08 13:51:20.152326,Malviya Nagar,172.9,45.9,0.445,False
2026-08-08 14:51:20.152326,Malviya Nagar,156.1,54.0,0.402,False
2026-08-08 15:51:20.152326,Malviya Nagar,150.9,54.2,0.388,False
2026-08-08 16:51:20.152326,Malviya Nagar,170.8,50.1,0.439,False
2026-08-08 17:51:20.152326,Malviya Nagar,289.7,38.4,0.745,False
2026-08-08 18:51:20.152326,Malviya Nagar,301.1,37.8,0.775,False
2026-08-08 19:51:20.152326,Malviya Nagar,252.4,39.1,0.649,False
2026-08-08 20:51:20.152326,Malviya Nagar,169.7,46.0,0.437,False
2026-08-08 21:51:20.152326,Malviya Nagar,150.8,51.6,0.388,False
2026-08-08 22:51:20.152326,Malviya Nagar,197.8,45.5,0.509,False
2026-08-08 23:51:20.152326,Malviya Nagar,163.4,44.9,0.42,False
2026-08-09 00:51:20.152326,Malviya Nagar,180.8,50.0,0.465,False
2026-08-09 01:51:20.152326,Malviya Nagar,148.1,47.8,0.381,False
2026-08-09 02:51:20.152326,Malviya Nagar,189.9,49.5,0.489,False
2026-08-09 03:51:20.152326,Malviya Nagar,164.0,43.7,0.422,False
2026-08-09 04:51:20.152326,Malviya Nagar,138.7,54.3,0.357,False
2026-08-09 05:51:20.152326,Malviya Nagar,185.1,47.4,0.476,False
2026-08-09 06:51:20.152326,Malviya Nagar,190.3,47.3,0.489,False
2026-08-09 07:51:20.152326,Malviya Nagar,248.8,40.1,0.64,False
2026-08-09 08:51:20.152326,Malviya Nagar,314.9,37.1,0.81,False
2026-08-09 09:51:20.152326,Malviya Nagar,251.8,46.3,0.648,False
2026-08-09 10:51:20.152326,Malviya Nagar,137.9,51.1,0.355,False
2026-08-09 11:51:20.152326,Malviya Nagar,175.9,46.0,0.452,False
2026-08-09 12:51:20.152326,Malviya Nagar,161.5,42.9,0.415,False
2026-08-09 13:51:20.152326,Malviya Nagar,167.7,52.4,0.431,False
2026-08-09 14:51:20.152326,Malviya Nagar,178.3,51.4,0.458,False
2026-08-09 15:51:20.152326,Malviya Nagar,176.9,46.8,0.455,False
2026-08-09 16:51:20.152326,Malviya Nagar,179.3,49.7,0.461,False
2026-08-09 17:51:20.152326,Malviya Nagar,267.6,39.0,0.688,False
2026-08-09 18:51:20.152326,Malviya Nagar,254.6,39.5,0.655,False
2026-08-09 19:51:20.152326,Malviya Nagar,303.8,31.4,0.781,False
2026-08-09 20:51:20.152326,Malviya Nagar,174.9,47.8,0.45,False
2026-08-09 21:51:20.152326,Malviya Nagar,167.1,53.5,0.43,False
2026-08-09 22:51:20.152326,Malviya Nagar,177.9,49.5,0.457,False
2026-08-09 23:51:20.152326,Malviya Nagar,182.2,48.7,0.469,False
2026-08-10 00:51:20.152326,Malviya Nagar,243.7,40.9,0.627,False
2026-08-10 01:51:20.152326,Malviya Nagar,265.6,42.2,0.683,False
2026-08-10 02:51:20.152326,Malviya Nagar,241.3,41.4,0.621,False
2026-08-10 03:51:20.152326,Malviya Nagar,255.9,39.6,0.658,False
2026-08-10 04:51:20.152326,Malviya Nagar,223.9,47.5,0.576,False
2026-08-10 05:51:20.152326,Malviya Nagar,236.9,43.7,0.609,False
2026-08-10 06:51:20.152326,Malviya Nagar,240.5,42.5,0.618,False
2026-08-10 07:51:20.152326,Malviya Nagar,385.2,35.1,0.991,False
2026-08-10 08:51:20.152326,Malviya Nagar,361.8,32.1,0.93,False
2026-08-10 09:51:20.152326,Malviya Nagar,395.0,31.1,1.0,False
2026-08-10 10:51:20.152326,Malviya Nagar,215.0,38.9,0.553,False
2026-08-10 11:51:20.152326,Malviya Nagar,276.9,38.8,0.712,False
2026-08-10 12:51:20.152326,Malviya Nagar,246.3,41.7,0.634,False
2026-08-10 13:51:20.152326,Malviya Nagar,238.2,49.7,0.613,False
2026-08-10 14:51:20.152326,Malviya Nagar,245.1,41.3,0.63,False
2026-08-10 15:51:20.152326,Malviya Nagar,232.5,42.6,0.598,False
2026-08-10 16:51:20.152326,Malviya Nagar,267.5,44.8,0.688,False
2026-08-10 17:51:20.152326,Malviya Nagar,401.1,23.3,1.0,False
2026-08-10 18:51:20.152326,Malviya Nagar,375.5,27.7,0.966,False
2026-08-10 19:51:20.152326,Malviya Nagar,334.0,33.3,0.859,False
2026-08-10 20:51:20.152326,Malviya Nagar,261.3,41.8,0.672,False
2026-08-10 21:51:20.152326,Malviya Nagar,275.6,42.9,0.709,False
2026-08-10 22:51:20.152326,Malviya Nagar,253.7,37.9,0.653,False
2026-08-10 23:51:20.152326,Malviya Nagar,274.5,37.5,0.706,False
2026-08-11 00:51:20.152326,Malviya Nagar,273.4,42.1,0.703,False
2026-08-11 01:51:20.152326,Malviya Nagar,243.8,43.2,0.627,False
2026-08-11 02:51:20.152326,Malviya Nagar,264.8,45.5,0.681,False
2026-08-11 03:51:20.152326,Malviya Nagar,241.1,42.7,0.62,False
2026-08-11 04:51:20.152326,Malviya Nagar,246.0,43.4,0.633,False
2026-08-11 05:51:20.152326,Malviya Nagar,209.8,40.0,0.54,False
2026-08-11 06:51:20.152326,Malviya Nagar,249.6,45.2,0.642,False
2026-08-11 07:51:20.152326,Malviya Nagar,394.8,28.3,1.0,False
2026-08-11 08:51:20.152326,Malviya Nagar,444.7,30.3,1.0,False
2026-08-11 09:51:20.152326,Malviya Nagar,454.9,22.8,1.0,False
2026-08-11 10:51:20.152326,Malviya Nagar,265.9,37.3,0.684,False
2026-08-11 11:51:20.152326,Malviya Nagar,223.2,47.7,0.574,False
2026-08-11 12:51:20.152326,Malviya Nagar,253.7,37.9,0.653,False
2026-08-11 13:51:20.152326,Malviya Nagar,241.9,43.4,0.622,False
2026-08-11 14:51:20.152326,Malviya Nagar,262.1,33.7,0.674,False
2026-08-11 15:51:20.152326,Malviya Nagar,259.4,39.7,0.667,False
2026-08-11 16:51:20.152326,Malviya Nagar,245.1,40.3,0.631,False
2026-08-11 17:51:20.152326,Malviya Nagar,392.9,28.2,1.0,False
2026-08-11 18:51:20.152326,Malviya Nagar,396.4,30.0,1.0,False
2026-08-11 19:51:20.152326,Malviya Nagar,308.7,32.7,0.794,False
2026-08-11 20:51:20.152326,Malviya Nagar,208.3,41.6,0.536,False
2026-08-11 21:51:20.152326,Malviya Nagar,277.2,35.7,0.713,False
2026-08-11 22:51:20.152326,Malviya Nagar,237.1,42.0,0.61,False
2026-08-11 23:51:20.152326,Malviya Nagar,288.1,33.0,0.741,False
2026-08-12 00:51:20.152326,Malviya Nagar,280.2,36.3,0.721,False
2026-08-12 01:51:20.152326,Malviya Nagar,248.3,38.0,0.639,False
2026-08-12 02:51:20.152326,Malviya Nagar,261.7,33.1,0.673,False
2026-08-12 03:51:20.152326,Malviya Nagar,236.0,43.0,0.607,False
2026-08-12 04:51:20.152326,Malviya Nagar,247.4,45.0,0.636,False
2026-08-12 05:51:20.152326,Malviya Nagar,218.8,48.9,0.563,False
2026-08-12 06:51:20.152326,Malviya Nagar,257.3,37.1,0.662,False
2026-08-12 07:51:20.152326,Malviya Nagar,381.7,26.9,0.982,False
2026-08-12 08:51:20.152326,Malviya Nagar,407.5,28.7,1.0,False
2026-08-12 09:51:20.152326,Malviya Nagar,408.3,25.4,1.0,False
2026-08-12 10:51:20.152326,Malviya Nagar,244.7,44.3,0.629,False
2026-08-12 11:51:20.152326,Malviya Nagar,267.6,39.2,0.688,False
2026-08-12 12:51:20.152326,Malviya Nagar,230.8,49.5,0.594,False
2026-08-12 13:51:20.152326,Malviya Nagar,236.2,46.7,0.607,True
2026-08-12 14:51:20.152326,Malviya Nagar,249.8,42.1,0.642,False
2026-08-12 15:51:20.152326,Malviya Nagar,241.8,40.9,0.622,False
2026-08-12 16:51:20.152326,Malviya Nagar,268.1,39.5,0.69,False
2026-08-12 17:51:20.152326,Malviya Nagar,384.1,31.1,0.988,False
2026-08-12 18:51:20.152326,Malviya Nagar,354.2,33.6,0.911,False
2026-08-12 19:51:20.152326,Malviya Nagar,364.6,33.3,0.938,False
2026-08-12 20:51:20.152326,Malviya Nagar,231.8,39.1,0.596,False
2026-08-12 21:51:20.152326,Malviya Nagar,229.7,47.6,0.591,False
2026-08-12 22:51:20.152326,Malviya Nagar,289.8,40.4,0.745,False
2026-08-12 23:51:20.152326,Malviya Nagar,228.7,47.3,0.588,False
2026-08-13 00:51:20.152326,Malviya Nagar,230.8,41.6,0.594,False
2026-08-13 01:51:20.152326,Malviya Nagar,235.9,44.6,0.607,False
2026-08-13 02:51:20.152326,Malviya Nagar,230.1,51.9,0.592,False
2026-08-13 03:51:20.152326,Malviya Nagar,256.3,44.9,0.659,False
2026-08-13 04:51:20.152326,Malviya Nagar,251.7,45.0,0.647,False
2026-08-13 05:51:20.152326,Malviya Nagar,228.0,42.7,0.586,False
2026-08-13 06:51:20.152326,Malviya Nagar,238.7,46.1,0.614,False
2026-08-13 07:51:20.152326,Malviya Nagar,369.2,32.9,0.949,False
2026-08-13 08:51:20.152326,Malviya Nagar,404.6,31.0,1.0,True
2026-08-13 09:51:20.152326,Malviya Nagar,448.5,20.0,1.0,False
2026-08-13 10:51:20.152326,Malviya Nagar,246.4,37.0,0.634,False
2026-08-13 11:51:20.152326,Malviya Nagar,237.6,44.6,0.611,False
2026-08-13 12:51:20.152326,Malviya Nagar,257.3,42.3,0.662,False
2026-08-13 13:51:20.152326,Malviya Nagar,223.6,46.4,0.575,False
2026-08-13 14:51:20.152326,Malviya Nagar,233.2,43.8,0.6,False
2026-08-13 15:51:20.152326,Malviya Nagar,238.4,41.8,0.613,False
2026-08-13 16:51:20.152326,Malviya Nagar,278.0,38.3,0.715,False
2026-08-13 17:51:20.152326,Malviya Nagar,357.2,30.7,0.919,False
2026-08-13 18:51:20.152326,Malviya Nagar,366.7,31.6,0.943,False
2026-08-13 19:51:20.152326,Malviya Nagar,342.2,31.6,0.88,False
2026-08-13 20:51:20.152326,Malviya Nagar,199.9,44.3,0.514,True
2026-08-13 21:51:20.152326,Malviya Nagar,263.0,44.5,0.676,False
2026-08-13 22:51:20.152326,Malviya Nagar,216.1,41.1,0.556,False
2026-08-13 23:51:20.152326,Malviya Nagar,227.0,46.2,0.584,False
2026-08-14 00:51:20.152326,Malviya Nagar,246.1,43.8,0.633,False
2026-08-14 01:51:20.152326,Malviya Nagar,257.3,41.3,0.662,False
2026-08-14 02:51:20.152326,Malviya Nagar,237.4,43.8,0.611,False
2026-08-14 03:51:20.152326,Malviya Nagar,219.7,47.1,0.565,False
2026-08-14 04:51:20.152326,Malviya Nagar,255.9,43.4,0.658,False
2026-08-14 05:51:20.152326,Malviya Nagar,232.4,44.7,0.598,False
2026-08-14 06:51:20.152326,Malviya Nagar,220.7,44.4,0.568,False
2026-08-14 07:51:20.152326,Malviya Nagar,396.4,28.4,1.0,False
2026-08-14 08:51:20.152326,Malviya Nagar,378.0,33.0,0.972,False
2026-08-14 09:51:20.152326,Malviya Nagar,401.2,30.9,1.0,False
2026-08-14 10:51:20.152326,Malviya Nagar,257.7,40.2,0.663,False
2026-08-14 11:51:20.152326,Malviya Nagar,217.7,50.9,0.56,False
2026-08-14 12:51:20.152326,Malviya Nagar,236.1,47.5,0.607,False
2026-08-14 13:51:20.152326,Malviya Nagar,238.6,41.5,0.614,False
2026-08-14 14:51:20.152326,Malviya Nagar,233.7,46.3,0.601,False
2026-08-14 15:51:20.152326,Malviya Nagar,234.0,50.0,0.602,False
2026-08-14 16:51:20.152326,Malviya Nagar,247.5,44.4,0.637,False
2026-08-14 17:51:20.152326,Malviya Nagar,356.6,30.6,0.917,False
2026-08-14 18:51:20.152326,Malviya Nagar,384.7,29.4,0.99,False
2026-08-14 19:51:20.152326,Malviya Nagar,428.1,25.0,1.0,False
2026-08-14 20:51:20.152326,Malviya Nagar,236.3,39.8,0.608,False
2026-08-14 21:51:20.152326,Malviya Nagar,262.5,44.2,0.675,False
2026-08-14 22:51:20.152326,Malviya Nagar,240.8,45.2,0.619,False
2026-08-14 23:51:20.152326,Malviya Nagar,257.8,37.5,0.663,False
2026-08-15 00:51:20.152326,Malviya Nagar,162.4,51.0,0.418,False
2026-08-15 01:51:20.152326,Malviya Nagar,160.3,45.2,0.412,False
2026-08-15 02:51:20.152326,Malviya Nagar,152.9,48.6,0.393,False
2026-08-15 03:51:20.152326,Malviya Nagar,178.3,47.9,0.459,False
2026-08-15 04:51:20.152326,Malviya Nagar,168.6,51.8,0.434,False
2026-08-15 05:51:20.152326,Malviya Nagar,177.0,49.0,0.455,False
2026-08-15 06:51:20.152326,Malviya Nagar,158.0,50.7,0.406,False
2026-08-15 07:51:20.152326,Malviya Nagar,308.2,39.0,0.793,True
2026-08-15 08:51:20.152326,Malviya Nagar,270.8,45.2,0.696,False
2026-08-15 09:51:20.152326,Malviya Nagar,304.8,35.1,0.784,False
2026-08-15 10:51:20.152326,Malviya Nagar,186.5,45.2,0.48,False
2026-08-15 11:51:20.152326,Malviya Nagar,161.8,44.8,0.416,True
2026-08-15 12:51:20.152326,Malviya Nagar,169.0,53.0,0.435,False
2026-08-15 13:51:20.152326,Malviya Nagar,171.5,51.3,0.441,False
2026-08-15 14:51:20.152326,Malviya Nagar,182.6,55.4,0.47,False
2026-08-15 15:51:20.152326,Malviya Nagar,190.5,52.8,0.49,False
2026-08-15 16:51:20.152326,Malviya Nagar,172.7,47.0,0.444,False
2026-08-15 17:51:20.152326,Malviya Nagar,287.1,41.9,0.738,False
2026-08-15 18:51:20.152326,Malviya Nagar,280.3,39.0,0.721,False
2026-08-15 19:51:20.152326,Malviya Nagar,242.9,45.0,0.625,False
2026-08-15 20:51:20.152326,Malviya Nagar,159.4,46.8,0.41,False
2026-08-15 21:51:20.152326,Malviya Nagar,177.9,45.6,0.458,False
2026-08-15 22:51:20.152326,Malviya Nagar,178.3,48.6,0.459,False
2026-08-15 23:51:20.152326,Malviya Nagar,173.1,47.8,0.445,False
2026-08-16 00:51:20.152326,Malviya Nagar,183.8,46.8,0.473,False
2026-08-16 01:51:20.152326,Malviya Nagar,168.6,50.0,0.434,False
2026-08-16 02:51:20.152326,Malviya Nagar,170.0,49.2,0.437,False
2026-08-16 03:51:20.152326,Malviya Nagar,147.8,44.6,0.38,False
2026-08-16 04:51:20.152326,Malviya Nagar,185.7,55.3,0.478,False
2026-08-16 05:51:20.152326,Malviya Nagar,138.7,54.7,0.357,False
2026-08-16 06:51:20.152326,Malviya Nagar,162.9,52.7,0.419,False
2026-08-16 07:51:20.152326,Malviya Nagar,319.1,39.0,0.821,False
2026-08-16 08:51:20.152326,Malviya Nagar,304.0,41.7,0.782,False
2026-08-16 09:51:20.152326,Malviya Nagar,265.1,44.5,0.682,False
2026-08-16 10:51:20.152326,Malviya Nagar,174.5,50.1,0.449,False
2026-08-16 11:51:20.152326,Malviya Nagar,192.3,50.1,0.494,False
2026-08-16 12:51:20.152326,Malviya Nagar,157.4,53.1,0.405,False
2026-08-16 13:51:20.152326,Malviya Nagar,167.8,46.0,0.432,False
2026-08-16 14:51:20.152326,Malviya Nagar,182.9,44.1,0.47,False
2026-08-16 15:51:20.152326,Malviya Nagar,168.8,50.3,0.434,False
2026-08-16 16:51:20.152326,Malviya Nagar,174.2,48.7,0.448,False
2026-08-16 17:51:20.152326,Malviya Nagar,272.3,35.5,0.7,False
2026-08-16 18:51:20.152326,Malviya Nagar,275.5,38.0,0.709,False
2026-08-16 19:51:20.152326,Malviya Nagar,246.5,43.6,0.634,False
2026-08-16 20:51:20.152326,Malviya Nagar,208.0,49.9,0.535,False
2026-08-16 21:51:20.152326,Malviya Nagar,166.0,48.6,0.427,False
2026-08-16 22:51:20.152326,Malviya Nagar,170.9,53.2,0.44,False
2026-08-16 23:51:20.152326,Malviya Nagar,161.2,50.7,0.415,False
2026-08-17 00:51:20.152326,Malviya Nagar,249.5,47.2,0.642,False
2026-08-17 01:51:20.152326,Malviya Nagar,209.3,42.1,0.538,False
2026-08-17 02:51:20.152326,Malviya Nagar,225.3,39.9,0.58,False
2026-08-17 03:51:20.152326,Malviya Nagar,242.4,46.9,0.624,False
2026-08-17 04:51:20.152326,Malviya Nagar,274.7,41.6,0.707,False
2026-08-17 05:51:20.152326,Malviya Nagar,225.4,46.2,0.58,False
2026-08-17 06:51:20.152326,Malviya Nagar,236.3,47.1,0.608,False
2026-08-17 07:51:20.152326,Malviya Nagar,405.6,25.5,1.0,False
2026-08-17 08:51:20.152326,Malviya Nagar,454.3,29.4,1.0,False
2026-08-17 09:51:20.152326,Malviya Nagar,366.0,30.7,0.941,False
2026-08-17 10:51:20.152326,Malviya Nagar,243.4,46.5,0.626,False
2026-08-17 11:51:20.152326,Malviya Nagar,250.3,49.9,0.644,False
2026-08-17 12:51:20.152326,Malviya Nagar,255.3,43.8,0.657,False
2026-08-17 13:51:20.152326,Malviya Nagar,239.6,43.6,0.616,False
2026-08-17 14:51:20.152326,Malviya Nagar,248.6,43.7,0.639,False
2026-08-17 15:51:20.152326,Malviya Nagar,234.5,45.3,0.603,False
2026-08-17 16:51:20.152326,Malviya Nagar,237.8,44.7,0.612,False
2026-08-17 17:51:20.152326,Malviya Nagar,336.8,38.4,0.866,False
2026-08-17 18:51:20.152326,Malviya Nagar,404.2,24.3,1.0,False
2026-08-17 19:51:20.152326,Malviya Nagar,360.8,28.8,0.928,False
2026-08-17 20:51:20.152326,Malviya Nagar,235.4,42.6,0.605,False
2026-08-17 21:51:20.152326,Malviya Nagar,192.0,50.9,0.494,False
2026-08-17 22:51:20.152326,Malviya Nagar,245.8,38.2,0.632,False
2026-08-17 23:51:20.152326,Malviya Nagar,213.3,46.3,0.549,False
2026-08-18 00:51:20.152326,Malviya Nagar,256.6,39.6,0.66,False
2026-08-18 01:51:20.152326,Malviya Nagar,252.6,42.3,0.65,False
2026-08-18 02:51:20.152326,Malviya Nagar,248.1,42.2,0.638,False
2026-08-18 03:51:20.152326,Malviya Nagar,220.0,43.7,0.566,False
2026-08-18 04:51:20.152326,Malviya Nagar,238.9,41.8,0.614,False
2026-08-18 05:51:20.152326,Malviya Nagar,202.4,50.7,0.521,False
2026-08-18 06:51:20.152326,Malviya Nagar,244.5,41.2,0.629,False
2026-08-18 07:51:20.152326,Malviya Nagar,351.7,28.9,0.905,False
2026-08-18 08:51:20.152326,Malviya Nagar,410.7,26.5,1.0,False
2026-08-18 09:51:20.152326,Malviya Nagar,381.3,28.5,0.981,False
2026-08-18 10:51:20.152326,Malviya Nagar,225.0,45.1,0.579,False
2026-08-18 11:51:20.152326,Malviya Nagar,259.0,38.1,0.666,False
2026-08-18 12:51:20.152326,Malviya Nagar,236.3,45.4,0.608,False
2026-08-18 13:51:20.152326,Malviya Nagar,242.7,43.2,0.624,False
2026-08-18 14:51:20.152326,Malviya Nagar,284.3,39.8,0.731,False
2026-08-18 15:51:20.152326,Malviya Nagar,259.3,39.8,0.667,False
2026-08-18 16:51:20.152326,Malviya Nagar,206.2,48.8,0.53,False
2026-08-18 17:51:20.152326,Malviya Nagar,372.6,30.0,0.958,False
2026-08-18 18:51:20.152326,Malviya Nagar,300.9,39.1,0.774,False
2026-08-18 19:51:20.152326,Malviya Nagar,371.9,27.7,0.957,False
2026-08-18 20:51:20.152326,Malviya Nagar,254.2,40.9,0.654,False
2026-08-18 21:51:20.152326,Malviya Nagar,246.3,43.1,0.634,False
2026-08-18 22:51:20.152326,Malviya Nagar,253.6,38.4,0.652,False
2026-08-18 23:51:20.152326,Malviya Nagar,227.4,49.7,0.585,False
2026-08-19 00:51:20.152326,Malviya Nagar,224.4,48.6,0.577,False
2026-08-19 01:51:20.152326,Malviya Nagar,227.4,51.5,0.585,False
2026-08-19 02:51:20.152326,Malviya Nagar,249.2,42.1,0.641,False
2026-08-19 03:51:20.152326,Malviya Nagar,208.7,47.5,0.537,False
2026-08-19 04:51:20.152326,Malviya Nagar,246.3,42.2,0.634,False
2026-08-19 05:51:20.152326,Malviya Nagar,233.5,41.3,0.601,False
2026-08-19 06:51:20.152326,Malviya Nagar,224.5,45.1,0.577,False
2026-08-19 07:51:20.152326,Malviya Nagar,358.5,31.3,0.922,False
2026-08-19 08:51:20.152326,Malviya Nagar,364.4,30.7,0.937,False
2026-08-19 09:51:20.152326,Malviya Nagar,350.5,35.0,0.902,False
2026-08-19 10:51:20.152326,Malviya Nagar,291.6,39.0,0.75,False
2026-08-19 11:51:20.152326,Malviya Nagar,243.5,42.4,0.626,False
2026-08-19 12:51:20.152326,Malviya Nagar,276.9,42.3,0.712,False
2026-08-19 13:51:20.152326,Malviya Nagar,236.7,43.7,0.609,False
2026-08-19 14:51:20.152326,Malviya Nagar,222.8,43.8,0.573,False
2026-08-19 15:51:20.152326,Malviya Nagar,246.7,43.3,0.635,False
2026-08-19 16:51:20.152326,Malviya Nagar,242.9,42.4,0.625,False
2026-08-19 17:51:20.152326,Malviya Nagar,360.4,29.6,0.927,False
2026-08-19 18:51:20.152326,Malviya Nagar,345.2,33.7,0.888,False
2026-08-19 19:51:20.152326,Malviya Nagar,416.2,25.1,1.0,False
2026-08-19 20:51:20.152326,Malviya Nagar,245.6,43.2,0.632,False
2026-08-19 21:51:20.152326,Malviya Nagar,219.7,42.7,0.565,False
2026-08-19 22:51:20.152326,Malviya Nagar,246.9,44.3,0.635,False
2026-08-19 23:51:20.152326,Malviya Nagar,254.6,41.1,0.655,False
2026-08-20 00:51:20.152326,Malviya Nagar,226.6,39.8,0.583,False
2026-08-20 01:51:20.152326,Malviya Nagar,250.3,40.0,0.644,False
2026-08-20 02:51:20.152326,Malviya Nagar,222.7,45.2,0.573,False
2026-08-20 03:51:20.152326,Malviya Nagar,261.6,41.3,0.673,False
2026-08-20 04:51:20.152326,Malviya Nagar,275.2,46.2,0.708,False
2026-08-20 05:51:20.152326,Malviya Nagar,223.8,47.9,0.576,False
2026-08-20 06:51:20.152326,Malviya Nagar,266.7,38.7,0.686,False
2026-08-20 07:51:20.152326,Malviya Nagar,412.8,30.8,1.0,False
2026-08-20 08:51:20.152326,Malviya Nagar,388.9,22.4,1.0,False
2026-08-20 09:51:20.152326,Malviya Nagar,386.8,28.6,0.995,False
2026-08-20 10:51:20.152326,Malviya Nagar,249.8,40.0,0.643,False
2026-08-20 11:51:20.152326,Malviya Nagar,250.0,37.3,0.643,False
2026-08-20 12:51:20.152326,Malviya Nagar,242.2,42.1,0.623,False
2026-08-20 13:51:20.152326,Malviya Nagar,260.1,45.6,0.669,False
2026-08-20 14:51:20.152326,Malviya Nagar,247.3,39.0,0.636,False
2026-08-20 15:51:20.152326,Malviya Nagar,253.5,39.4,0.652,False
2026-08-20 16:51:20.152326,Malviya Nagar,275.6,39.6,0.709,False
2026-08-20 17:51:20.152326,Malviya Nagar,383.0,30.5,0.985,False
2026-08-20 18:51:20.152326,Malviya Nagar,407.1,27.6,1.0,False
2026-08-20 19:51:20.152326,Malviya Nagar,360.0,31.8,0.926,False
2026-08-20 20:51:20.152326,Malviya Nagar,241.2,46.0,0.62,False
2026-08-20 21:51:20.152326,Malviya Nagar,239.0,49.7,0.615,False
2026-08-20 22:51:20.152326,Malviya Nagar,197.5,44.1,0.508,False
2026-08-20 23:51:20.152326,Malviya Nagar,262.0,40.0,0.674,False
2026-08-21 00:51:20.152326,Malviya Nagar,232.4,42.9,0.598,False
2026-08-21 01:51:20.152326,Malviya Nagar,261.0,40.3,0.671,False
2026-08-21 02:51:20.152326,Malviya Nagar,224.4,43.0,0.577,False
2026-08-21 03:51:20.152326,Malviya Nagar,237.5,47.5,0.611,False
2026-08-21 04:51:20.152326,Malviya Nagar,224.6,44.9,0.578,False
2026-08-21 05:51:20.152326,Malviya Nagar,233.0,42.3,0.599,False
2026-08-21 06:51:20.152326,Malviya Nagar,222.6,42.6,0.572,True
2026-08-21 07:51:20.152326,Malviya Nagar,381.7,26.7,0.982,False
2026-08-21 08:51:20.152326,Malviya Nagar,437.0,30.2,1.0,False
2026-08-21 09:51:20.152326,Malviya Nagar,355.9,32.1,0.915,False
2026-08-21 10:51:20.152326,Malviya Nagar,268.0,39.2,0.689,False
2026-08-21 11:51:20.152326,Malviya Nagar,289.0,38.6,0.743,False
2026-08-21 12:51:20.152326,Malviya Nagar,267.6,39.7,0.688,False
2026-08-21 13:51:20.152326,Malviya Nagar,263.9,37.0,0.679,False
2026-08-21 14:51:20.152326,Malviya Nagar,264.8,41.7,0.681,False
2026-08-21 15:51:20.152326,Malviya Nagar,238.9,41.7,0.614,False
2026-08-21 16:51:20.152326,Malviya Nagar,262.7,41.2,0.676,False
2026-08-21 17:51:20.152326,Malviya Nagar,340.2,40.6,0.875,False
2026-08-21 18:51:20.152326,Malviya Nagar,450.7,23.1,1.0,False
2026-08-21 19:51:20.152326,Malviya Nagar,358.8,27.6,0.923,False
2026-08-21 20:51:20.152326,Malviya Nagar,233.2,42.9,0.6,False
2026-08-21 21:51:20.152326,Malviya Nagar,241.0,44.5,0.62,False
2026-08-21 22:51:20.152326,Malviya Nagar,237.0,46.6,0.61,False
2026-08-21 23:51:20.152326,Malviya Nagar,251.1,38.5,0.646,False
2026-08-22 00:51:20.152326,Malviya Nagar,154.9,48.4,0.399,False
2026-08-22 01:51:20.152326,Malviya Nagar,148.5,50.5,0.382,False
2026-08-22 02:51:20.152326,Malviya Nagar,161.2,48.3,0.415,False
2026-08-22 03:51:20.152326,Malviya Nagar,184.0,48.5,0.473,False
2026-08-22 04:51:20.152326,Malviya Nagar,186.5,44.2,0.48,False
2026-08-22 05:51:20.152326,Malviya Nagar,160.3,49.9,0.412,False
2026-08-22 06:51:20.152326,Malviya Nagar,174.6,48.9,0.449,False
2026-08-22 07:51:20.152326,Malviya Nagar,303.6,40.8,0.781,False
2026-08-22 08:51:20.152326,Malviya Nagar,248.6,41.2,0.639,False
2026-08-22 09:51:20.152326,Malviya Nagar,284.0,38.8,0.73,False
2026-08-22 10:51:20.152326,Malviya Nagar,171.9,48.6,0.442,False
2026-08-22 11:51:20.152326,Malviya Nagar,167.6,49.6,0.431,False
2026-08-22 12:51:20.152326,Malviya Nagar,172.9,50.6,0.445,False
2026-08-22 13:51:20.152326,Malviya Nagar,180.5,43.7,0.464,False
2026-08-22 14:51:20.152326,Malviya Nagar,175.0,44.3,0.45,False
2026-08-22 15:51:20.152326,Malviya Nagar,186.3,46.0,0.479,False
2026-08-22 16:51:20.152326,Malviya Nagar,175.1,49.1,0.45,False
2026-08-22 17:51:20.152326,Malviya Nagar,242.9,39.6,0.625,False
2026-08-22 18:51:20.152326,Malviya Nagar,276.2,40.4,0.71,False
2026-08-22 19:51:20.152326,Malviya Nagar,235.2,49.6,0.605,False
2026-08-22 20:51:20.152326,Malviya Nagar,164.5,50.1,0.423,False
2026-08-22 21:51:20.152326,Malviya Nagar,154.2,53.5,0.397,False
2026-08-22 22:51:20.152326,Malviya Nagar,189.2,52.4,0.487,False
2026-08-22 23:51:20.152326,Malviya Nagar,177.4,44.6,0.456,False
2026-08-23 00:51:20.152326,Malviya Nagar,186.6,53.1,0.48,False
2026-08-23 01:51:20.152326,Malviya Nagar,160.3,49.2,0.412,False
2026-08-23 02:51:20.152326,Malviya Nagar,151.7,51.0,0.39,False
2026-08-23 03:51:20.152326,Malviya Nagar,189.4,46.2,0.487,False
2026-08-23 04:51:20.152326,Malviya Nagar,183.6,47.4,0.472,False
2026-08-23 05:51:20.152326,Malviya Nagar,162.3,52.6,0.417,False
2026-08-23 06:51:20.152326,Malviya Nagar,147.0,54.3,0.378,False
2026-08-23 07:51:20.152326,Malviya Nagar,279.0,37.0,0.718,False
2026-08-23 08:51:20.152326,Malviya Nagar,301.5,37.3,0.775,False
2026-08-23 09:51:20.152326,Malviya Nagar,299.1,38.6,0.769,False
2026-08-23 10:51:20.152326,Malviya Nagar,158.6,48.8,0.408,False
2026-08-23 11:51:20.152326,Malviya Nagar,180.1,52.4,0.463,False
2026-08-23 12:51:20.152326,Malviya Nagar,180.7,52.5,0.465,True
2026-08-23 13:51:20.152326,Malviya Nagar,148.2,47.3,0.381,False
2026-08-23 14:51:20.152326,Malviya Nagar,151.1,54.1,0.389,False
2026-08-23 15:51:20.152326,Malviya Nagar,200.7,46.5,0.516,False
2026-08-23 16:51:20.152326,Malviya Nagar,177.8,51.0,0.457,False
2026-08-23 17:51:20.152326,Malviya Nagar,277.4,39.8,0.713,False
2026-08-23 18:51:20.152326,Malviya Nagar,261.9,36.0,0.674,False
2026-08-23 19:51:20.152326,Malviya Nagar,286.2,40.5,0.736,False
2026-08-23 20:51:20.152326,Malviya Nagar,181.1,50.1,0.466,False
2026-08-23 21:51:20.152326,Malviya Nagar,176.5,41.2,0.454,False
2026-08-23 22:51:20.152326,Malviya Nagar,176.4,51.6,0.454,False
2026-08-23 23:51:20.152326,Malviya Nagar,160.6,55.0,0.413,False
2026-08-24 00:51:20.152326,Malviya Nagar,241.3,44.3,0.621,False
2026-08-24 01:51:20.152326,Malviya Nagar,224.6,47.2,0.578,False
2026-08-24 02:51:20.152326,Malviya Nagar,221.0,46.3,0.568,False
2026-08-24 03:51:20.152326,Malviya Nagar,241.4,48.6,0.621,False
2026-08-24 04:51:20.152326,Malviya Nagar,243.6,36.2,0.627,False
2026-08-24 05:51:20.152326,Malviya Nagar,253.1,43.0,0.651,False
2026-08-24 06:51:20.152326,Malviya Nagar,230.8,46.2,0.594,False
2026-08-24 07:51:20.152326,Malviya Nagar,424.4,26.8,1.0,False
2026-08-24 08:51:20.152326,Malviya Nagar,423.2,30.6,1.0,False
2026-08-24 09:51:20.152326,Malviya Nagar,398.2,27.9,1.0,False
2026-08-24 10:51:20.152326,Malviya Nagar,211.7,42.6,0.544,False
2026-08-24 11:51:20.152326,Malviya Nagar,265.5,47.3,0.683,False
2026-08-24 12:51:20.152326,Malviya Nagar,256.8,43.6,0.661,False
2026-08-24 13:51:20.152326,Malviya Nagar,222.8,41.0,0.573,False
2026-08-24 14:51:20.152326,Malviya Nagar,263.7,45.8,0.678,False
2026-08-24 15:51:20.152326,Malviya Nagar,234.3,38.2,0.603,False
2026-08-24 16:51:20.152326,Malviya Nagar,210.8,45.9,0.542,False
2026-08-24 17:51:20.152326,Malviya Nagar,408.3,27.2,1.0,False
2026-08-24 18:51:20.152326,Malviya Nagar,401.6,34.2,1.0,False
2026-08-24 19:51:20.152326,Malviya Nagar,424.8,23.5,1.0,False
2026-08-24 20:51:20.152326,Malviya Nagar,188.9,49.1,0.486,False
2026-08-24 21:51:20.152326,Malviya Nagar,244.3,43.6,0.628,False
2026-08-24 22:51:20.152326,Malviya Nagar,234.2,44.8,0.602,False
2026-08-24 23:51:20.152326,Malviya Nagar,233.9,47.0,0.602,False
2026-08-25 00:51:20.152326,Malviya Nagar,273.9,40.0,0.704,False
2026-08-25 01:51:20.152326,Malviya Nagar,208.6,50.2,0.537,False
2026-08-25 02:51:20.152326,Malviya Nagar,215.6,42.2,0.555,False
2026-08-25 03:51:20.152326,Malviya Nagar,261.3,40.7,0.672,False
2026-08-25 04:51:20.152326,Malviya Nagar,219.5,43.0,0.565,False
2026-08-25 05:51:20.152326,Malviya Nagar,245.8,39.1,0.632,False
2026-08-25 06:51:20.152326,Malviya Nagar,268.7,36.0,0.691,False
2026-08-25 07:51:20.152326,Malviya Nagar,405.9,27.1,1.0,False
2026-08-25 08:51:20.152326,Malviya Nagar,428.4,28.9,1.0,False
2026-08-25 09:51:20.152326,Malviya Nagar,369.0,30.9,0.949,False
2026-08-25 10:51:20.152326,Malviya Nagar,257.1,39.7,0.661,False
2026-08-25 11:51:20.152326,Malviya Nagar,231.7,45.1,0.596,False
2026-08-25 12:51:20.152326,Malviya Nagar,261.1,41.1,0.672,False
2026-08-25 13:51:20.152326,Malviya Nagar,245.5,46.9,0.631,False
2026-08-25 14:51:20.152326,Malviya Nagar,210.3,43.5,0.541,False
2026-08-25 15:51:20.152326,Malviya Nagar,233.7,46.8,0.601,False
2026-08-25 16:51:20.152326,Malviya Nagar,202.1,43.0,0.52,False
2026-08-25 17:51:20.152326,Malviya Nagar,349.1,35.9,0.898,False
2026-08-25 18:51:20.152326,Malviya Nagar,330.3,31.9,0.85,False
2026-08-25 19:51:20.152326,Malviya Nagar,333.3,27.7,0.857,False
2026-08-25 20:51:20.152326,Malviya Nagar,267.5,38.9,0.688,False
2026-08-25 21:51:20.152326,Malviya Nagar,221.2,45.1,0.569,False
2026-08-25 22:51:20.152326,Malviya Nagar,251.5,44.8,0.647,False
2026-08-25 23:51:20.152326,Malviya Nagar,305.6,35.9,0.786,False
2026-08-26 00:51:20.152326,Malviya Nagar,268.1,43.8,0.689,False
2026-08-26 01:51:20.152326,Malviya Nagar,254.7,43.1,0.655,False
2026-08-26 02:51:20.152326,Malviya Nagar,245.4,43.6,0.631,False
2026-08-26 03:51:20.152326,Malviya Nagar,222.2,41.7,0.572,False
2026-08-26 04:51:20.152326,Malviya Nagar,256.5,43.4,0.66,False
2026-08-26 05:51:20.152326,Malviya Nagar,231.1,47.1,0.594,False
2026-08-26 06:51:20.152326,Malviya Nagar,234.3,35.7,0.603,False
2026-08-26 07:51:20.152326,Malviya Nagar,421.6,28.4,1.0,False
2026-08-26 08:51:20.152326,Malviya Nagar,422.4,24.8,1.0,False
2026-08-26 09:51:20.152326,Malviya Nagar,378.9,27.9,0.974,False
2026-08-26 10:51:20.152326,Malviya Nagar,282.6,41.3,0.727,False
2026-08-26 11:51:20.152326,Malviya Nagar,244.2,41.5,0.628,False
2026-08-26 12:51:20.152326,Malviya Nagar,256.2,43.0,0.659,False
2026-08-26 13:51:20.152326,Malviya Nagar,219.7,46.3,0.565,False
2026-08-26 14:51:20.152326,Malviya Nagar,268.0,40.5,0.689,False
2026-08-26 15:51:20.152326,Malviya Nagar,261.4,34.9,0.672,False
2026-08-26 16:51:20.152326,Malviya Nagar,290.9,39.4,0.748,False
2026-08-26 17:51:20.152326,Malviya Nagar,396.8,32.7,1.0,False
2026-08-26 18:51:20.152326,Malviya Nagar,356.5,31.8,0.917,False
2026-08-26 19:51:20.152326,Malviya Nagar,357.5,31.3,0.92,False
2026-08-26 20:51:20.152326,Malviya Nagar,251.0,40.3,0.646,False
2026-08-26 21:51:20.152326,Malviya Nagar,243.7,40.8,0.627,False
2026-08-26 22:51:20.152326,Malviya Nagar,243.8,45.0,0.627,False
2026-08-26 23:51:20.152326,Malviya Nagar,247.2,39.0,0.636,False
2026-08-27 00:51:20.152326,Malviya Nagar,254.0,46.5,0.653,False
2026-08-27 01:51:20.152326,Malviya Nagar,235.2,45.3,0.605,False
2026-08-27 02:51:20.152326,Malviya Nagar,198.3,42.2,0.51,False
2026-08-27 03:51:20.152326,Malviya Nagar,273.7,41.4,0.704,False
2026-08-27 04:51:20.152326,Malviya Nagar,213.1,46.0,0.548,False
2026-08-27 05:51:20.152326,Malviya Nagar,221.8,44.7,0.571,False
2026-08-27 06:51:20.152326,Malviya Nagar,236.0,41.8,0.607,False
2026-08-27 07:51:20.152326,Malviya Nagar,454.0,25.8,1.0,False
2026-08-27 08:51:20.152326,Malviya Nagar,360.0,34.7,0.926,False
2026-08-27 09:51:20.152326,Malviya Nagar,423.9,26.8,1.0,False
2026-08-27 10:51:20.152326,Malviya Nagar,286.1,39.0,0.736,False
2026-08-27 11:51:20.152326,Malviya Nagar,229.3,43.8,0.59,False
2026-08-27 12:51:20.152326,Malviya Nagar,255.6,42.8,0.657,False
2026-08-27 13:51:20.152326,Malviya Nagar,223.9,46.0,0.576,False
2026-08-27 14:51:20.152326,Malviya Nagar,254.0,40.0,0.653,False
2026-08-27 15:51:20.152326,Malviya Nagar,278.3,39.4,0.716,False
2026-08-27 16:51:20.152326,Malviya Nagar,248.7,40.6,0.64,False
2026-08-27 17:51:20.152326,Malviya Nagar,310.6,39.8,0.799,False
2026-08-27 18:51:20.152326,Malviya Nagar,393.1,23.7,1.0,False
2026-08-27 19:51:20.152326,Malviya Nagar,391.2,27.8,1.0,False
2026-08-27 20:51:20.152326,Malviya Nagar,245.8,41.0,0.632,False
2026-08-27 21:51:20.152326,Malviya Nagar,279.6,39.0,0.719,False
2026-08-27 22:51:20.152326,Malviya Nagar,268.2,38.1,0.69,False
2026-08-27 23:51:20.152326,Malviya Nagar,260.6,44.9,0.67,False
2026-08-28 00:51:20.152326,Malviya Nagar,279.6,39.2,0.719,False
2026-08-28 01:51:20.152326,Malviya Nagar,236.5,48.1,0.608,False
2026-08-28 02:51:20.152326,Malviya Nagar,261.5,43.3,0.673,False
2026-08-28 03:51:20.152326,Malviya Nagar,292.5,37.0,0.752,False
2026-08-28 04:51:20.152326,Malviya Nagar,245.3,37.1,0.631,False
2026-08-28 05:51:20.152326,Malviya Nagar,200.0,49.0,0.514,False
2026-08-28 06:51:20.152326,Malviya Nagar,239.5,44.2,0.616,False
2026-08-28 07:51:20.152326,Malviya Nagar,389.9,27.4,1.0,False
2026-08-28 08:51:20.152326,Malviya Nagar,380.3,30.5,0.978,False
2026-08-28 09:51:20.152326,Malviya Nagar,424.2,24.4,1.0,False
2026-08-28 10:51:20.152326,Malviya Nagar,208.5,43.2,0.536,False
2026-08-28 11:51:20.152326,Malviya Nagar,282.6,37.1,0.727,False
2026-08-28 12:51:20.152326,Malviya Nagar,242.2,41.0,0.623,False
2026-08-28 13:51:20.152326,Malviya Nagar,229.5,42.0,0.59,False
2026-08-28 14:51:20.152326,Malviya Nagar,277.5,42.2,0.714,False
2026-08-28 15:51:20.152326,Malviya Nagar,244.1,42.7,0.628,False
2026-08-28 16:51:20.152326,Malviya Nagar,254.6,43.8,0.655,False
2026-08-28 17:51:20.152326,Malviya Nagar,371.6,31.1,0.956,False
2026-08-28 18:51:20.152326,Malviya Nagar,374.5,29.5,0.963,False
2026-08-28 19:51:20.152326,Malviya Nagar,402.2,25.3,1.0,False
2026-08-28 20:51:20.152326,Malviya Nagar,248.3,40.0,0.639,False
2026-08-28 21:51:20.152326,Malviya Nagar,271.2,41.6,0.697,False
2026-08-28 22:51:20.152326,Malviya Nagar,247.0,43.0,0.635,False
2026-08-28 23:51:20.152326,Malviya Nagar,253.8,43.4,0.653,False
2026-08-29 00:51:20.152326,Malviya Nagar,174.8,52.3,0.45,False
2026-08-29 01:51:20.152326,Malviya Nagar,191.8,38.0,0.493,False
2026-08-29 02:51:20.152326,Malviya Nagar,153.9,49.0,0.396,False
2026-08-29 03:51:20.152326,Malviya Nagar,161.2,51.6,0.415,False
2026-08-29 04:51:20.152326,Malviya Nagar,178.3,46.4,0.459,False
2026-08-29 05:51:20.152326,Malviya Nagar,190.4,48.7,0.49,False
2026-08-29 06:51:20.152326,Malviya Nagar,166.7,48.7,0.429,False
2026-08-29 07:51:20.152326,Malviya Nagar,229.6,44.9,0.591,False
2026-08-29 08:51:20.152326,Malviya Nagar,263.3,42.6,0.677,False
2026-08-29 09:51:20.152326,Malviya Nagar,297.7,38.4,0.766,True
2026-08-29 10:51:20.152326,Malviya Nagar,179.3,46.4,0.461,False
2026-08-29 11:51:20.152326,Malviya Nagar,197.8,50.5,0.509,False
2026-08-29 12:51:20.152326,Malviya Nagar,157.6,49.1,0.405,False
2026-08-29 13:51:20.152326,Malviya Nagar,165.8,52.9,0.426,False
2026-08-29 14:51:20.152326,Malviya Nagar,186.7,46.1,0.48,False
2026-08-29 15:51:20.152326,Malviya Nagar,169.2,44.5,0.435,False
2026-08-29 16:51:20.152326,Malviya Nagar,165.8,49.2,0.426,False
2026-08-29 17:51:20.152326,Malviya Nagar,270.0,38.6,0.694,False
2026-08-29 18:51:20.152326,Malviya Nagar,227.9,45.2,0.586,False
2026-08-29 19:51:20.152326,Malviya Nagar,260.9,40.3,0.671,False
2026-08-29 20:51:20.152326,Malviya Nagar,163.1,48.5,0.419,False
2026-08-29 21:51:20.152326,Malviya Nagar,151.8,46.6,0.39,False
2026-08-29 22:51:20.152326,Malviya Nagar,166.1,49.7,0.427,False
2026-08-29 23:51:20.152326,Malviya Nagar,172.6,51.5,0.444,False
2026-08-30 00:51:20.152326,Malviya Nagar,167.0,46.1,0.43,False
2026-08-30 01:51:20.152326,Malviya Nagar,171.7,47.0,0.442,False
2026-08-30 02:51:20.152326,Malviya Nagar,166.2,50.0,0.427,False
2026-08-30 03:51:20.152326,Malviya Nagar,153.3,51.6,0.394,False
2026-08-30 04:51:20.152326,Malviya Nagar,152.8,53.0,0.393,False
2026-08-30 05:51:20.152326,Malviya Nagar,163.8,54.8,0.421,False
2026-08-30 06:51:20.152326,Malviya Nagar,172.7,50.7,0.444,True
2026-08-30 07:51:20.152326,Malviya Nagar,287.3,46.0,0.739,False
2026-08-30 08:51:20.152326,Malviya Nagar,306.5,34.0,0.788,False
2026-08-30 09:51:20.152326,Malviya Nagar,281.1,34.4,0.723,False
2026-08-30 10:51:20.152326,Malviya Nagar,173.6,44.9,0.446,False
2026-08-30 11:51:20.152326,Malviya Nagar,158.0,49.5,0.406,False
2026-08-30 12:51:20.152326,Malviya Nagar,188.1,50.7,0.484,False
2026-08-30 13:51:20.152326,Malviya Nagar,173.3,54.4,0.446,False
2026-08-30 14:51:20.152326,Malviya Nagar,192.3,51.3,0.495,False
2026-08-30 15:51:20.152326,Malviya Nagar,145.8,53.2,0.375,False
2026-08-30 16:51:20.152326,Malviya Nagar,176.5,54.3,0.454,False
2026-08-30 17:51:20.152326,Malviya Nagar,248.2,43.6,0.638,False
2026-08-30 18:51:20.152326,Malviya Nagar,245.3,42.1,0.631,False
2026-08-30 19:51:20.152326,Malviya Nagar,240.0,38.4,0.617,False
2026-08-30 20:51:20.152326,Malviya Nagar,150.6,51.6,0.387,False
2026-08-30 21:51:20.152326,Malviya Nagar,178.8,47.1,0.46,False
2026-08-30 22:51:20.152326,Malviya Nagar,190.2,41.1,0.489,False
2026-08-30 23:51:20.152326,Malviya Nagar,164.8,50.5,0.424,False
2026-08-31 00:51:20.152326,Malviya Nagar,241.5,45.0,0.621,False
2026-08-31 01:51:20.152326,Malviya Nagar,273.8,39.7,0.704,False
2026-08-31 02:51:20.152326,Malviya Nagar,208.4,47.2,0.536,False
2026-08-31 03:51:20.152326,Malviya Nagar,236.4,39.0,0.608,False
2026-08-31 04:51:20.152326,Malviya Nagar,255.3,43.6,0.657,False
2026-08-31 05:51:20.152326,Malviya Nagar,248.8,42.6,0.64,False
2026-08-31 06:51:20.152326,Malviya Nagar,223.7,47.6,0.575,False
2026-08-31 07:51:20.152326,Malviya Nagar,381.1,33.8,0.98,False
2026-08-31 08:51:20.152326,Malviya Nagar,388.4,32.2,0.999,False
2026-08-31 09:51:20.152326,Malviya Nagar,402.9,26.4,1.0,False
2026-08-31 10:51:20.152326,Malviya Nagar,214.7,51.8,0.552,True
2026-08-31 11:51:20.152326,Malviya Nagar,233.5,38.7,0.601,False
2026-08-31 12:51:20.152326,Malviya Nagar,254.0,37.2,0.653,False
2026-08-31 13:51:20.152326,Malviya Nagar,296.0,41.4,0.761,False
2026-08-31 14:51:20.152326,Malviya Nagar,223.2,47.5,0.574,False
2026-08-31 15:51:20.152326,Malviya Nagar,255.9,37.5,0.658,False
2026-08-31 16:51:20.152326,Malviya Nagar,231.0,41.5,0.594,False
2026-08-31 17:51:20.152326,Malviya Nagar,384.2,28.8,0.988,False
2026-08-31 18:51:20.152326,Malviya Nagar,373.4,32.0,0.96,False
2026-08-31 19:51:20.152326,Malviya Nagar,398.1,28.0,1.0,False
2026-08-31 20:51:20.152326,Malviya Nagar,268.4,34.5,0.69,False
2026-08-31 21:51:20.152326,Malviya Nagar,221.0,49.3,0.568,False
2026-08-31 22:51:20.152326,Malviya Nagar,242.1,50.9,0.623,False
2026-08-31 23:51:20.152326,Malviya Nagar,306.4,35.1,0.788,False
2026-09-01 00:51:20.152326,Malviya Nagar,224.8,42.9,0.578,False
2026-09-01 01:51:20.152326,Malviya Nagar,239.8,38.3,0.617,False
2026-09-01 02:51:20.152326,Malviya Nagar,224.8,44.5,0.578,False
2026-09-01 03:51:20.152326,Malviya Nagar,255.0,45.1,0.656,False
2026-09-01 04:51:20.152326,Malviya Nagar,280.6,36.5,0.722,False
2026-09-01 05:51:20.152326,Malviya Nagar,256.3,39.3,0.659,False
2026-09-01 06:51:20.152326,Malviya Nagar,228.1,39.8,0.587,False
2026-09-01 07:51:20.152326,Malviya Nagar,384.3,29.6,0.988,False
2026-09-01 08:51:20.152326,Malviya Nagar,419.6,26.6,1.0,False
2026-09-01 09:51:20.152326,Malviya Nagar,354.3,33.6,0.911,False
2026-09-01 10:51:20.152326,Malviya Nagar,257.9,44.1,0.663,False
2026-09-01 11:51:20.152326,Malviya Nagar,225.0,45.9,0.579,False
2026-09-01 12:51:20.152326,Malviya Nagar,230.3,45.4,0.592,False
2026-09-01 13:51:20.152326,Malviya Nagar,252.0,38.8,0.648,False
2026-09-01 14:51:20.152326,Malviya Nagar,221.5,46.2,0.57,False
2026-09-01 15:51:20.152326,Malviya Nagar,270.8,43.6,0.696,False
2026-09-01 16:51:20.152326,Malviya Nagar,234.0,43.1,0.602,False
2026-09-01 17:51:20.152326,Malviya Nagar,401.1,26.7,1.0,False
2026-09-01 18:51:20.152326,Malviya Nagar,374.0,29.8,0.962,False
2026-09-01 19:51:20.152326,Malviya Nagar,394.3,32.2,1.0,False
2026-09-01 20:51:20.152326,Malviya Nagar,245.8,44.6,0.632,False
2026-09-01 21:51:20.152326,Malviya Nagar,259.1,41.5,0.666,False
2026-09-01 22:51:20.152326,Malviya Nagar,237.3,41.7,0.61,False
2026-09-01 23:51:20.152326,Malviya Nagar,244.5,50.8,0.629,False
2026-09-02 00:51:20.152326,Malviya Nagar,227.0,42.0,0.584,False
2026-09-02 01:51:20.152326,Malviya Nagar,245.1,44.1,0.63,False
2026-09-02 02:51:20.152326,Malviya Nagar,245.3,44.2,0.631,False
2026-09-02 03:51:20.152326,Malviya Nagar,273.9,40.1,0.704,False
2026-09-02 04:51:20.152326,Malviya Nagar,263.7,41.3,0.678,False
2026-09-02 05:51:20.152326,Malviya Nagar,270.4,44.1,0.696,False
2026-09-02 06:51:20.152326,Malviya Nagar,235.9,44.8,0.607,False
2026-09-02 07:51:20.152326,Malviya Nagar,364.4,33.1,0.937,False
2026-09-02 08:51:20.152326,Malviya Nagar,410.1,25.7,1.0,False
2026-09-02 09:51:20.152326,Malviya Nagar,376.7,32.8,0.969,False
2026-09-02 10:51:20.152326,Malviya Nagar,251.9,41.1,0.648,False
2026-09-02 11:51:20.152326,Malviya Nagar,274.6,35.8,0.706,False
2026-09-02 12:51:20.152326,Malviya Nagar,257.1,42.0,0.661,False
2026-09-02 13:51:20.152326,Malviya Nagar,239.8,44.7,0.617,False
2026-09-02 14:51:20.152326,Malviya Nagar,251.4,36.9,0.647,False
2026-09-02 15:51:20.152326,Malviya Nagar,246.2,42.9,0.633,False
2026-09-02 16:51:20.152326,Malviya Nagar,213.5,50.9,0.549,False
2026-09-02 17:51:20.152326,Malviya Nagar,351.4,33.9,0.904,False
2026-09-02 18:51:20.152326,Malviya Nagar,389.5,25.2,1.0,False
2026-09-02 19:51:20.152326,Malviya Nagar,402.0,25.4,1.0,False
2026-09-02 20:51:20.152326,Malviya Nagar,233.5,41.3,0.601,False
2026-09-02 21:51:20.152326,Malviya Nagar,254.5,43.6,0.655,False
2026-09-02 22:51:20.152326,Malviya Nagar,257.3,32.1,0.662,False
2026-09-02 23:51:20.152326,Malviya Nagar,230.4,41.6,0.593,False
2026-09-03 00:51:20.152326,Malviya Nagar,225.8,47.3,0.581,False
2026-09-03 01:51:20.152326,Malviya Nagar,225.8,43.2,0.581,False
2026-09-03 02:51:20.152326,Malviya Nagar,268.2,40.6,0.69,False
2026-09-03 03:51:20.152326,Malviya Nagar,246.1,42.8,0.633,False
2026-09-03 04:51:20.152326,Malviya Nagar,268.9,37.6,0.692,False
2026-09-03 05:51:20.152326,Malviya Nagar,255.6,42.7,0.657,False
2026-09-03 06:51:20.152326,Malviya Nagar,226.8,47.0,0.583,False
2026-09-03 07:51:20.152326,Malviya Nagar,389.4,29.7,1.0,False
2026-09-03 08:51:20.152326,Malviya Nagar,462.1,19.5,1.0,False
2026-09-03 09:51:20.152326,Malviya Nagar,380.1,31.3,0.978,False
2026-09-03 10:51:20.152326,Malviya Nagar,253.7,38.6,0.653,False
2026-09-03 11:51:20.152326,Malviya Nagar,227.5,42.4,0.585,False
2026-09-03 12:51:20.152326,Malviya Nagar,267.4,37.9,0.688,False
2026-09-03 13:51:20.152326,Malviya Nagar,227.9,37.5,0.586,False
2026-09-03 14:51:20.152326,Malviya Nagar,250.0,48.4,0.643,False
2026-09-03 15:51:20.152326,Malviya Nagar,275.9,37.3,0.71,False
2026-09-03 16:51:20.152326,Malviya Nagar,223.3,42.0,0.574,False
2026-09-03 17:51:20.152326,Malviya Nagar,343.7,34.5,0.884,False
2026-09-03 18:51:20.152326,Malviya Nagar,313.4,40.0,0.806,False
2026-09-03 19:51:20.152326,Malviya Nagar,344.2,34.2,0.885,False
2026-09-03 20:51:20.152326,Malviya Nagar,242.3,47.4,0.623,False
2026-09-03 21:51:20.152326,Malviya Nagar,253.6,52.2,0.652,False
2026-09-03 22:51:20.152326,Malviya Nagar,254.2,48.2,0.654,False
2026-09-03 23:51:20.152326,Malviya Nagar,231.6,34.7,0.596,False
2026-09-04 00:51:20.152326,Malviya Nagar,258.4,39.8,0.665,False
2026-09-04 01:51:20.152326,Malviya Nagar,262.7,41.3,0.676,False
2026-09-04 02:51:20.152326,Malviya Nagar,250.3,44.6,0.644,False
2026-09-04 03:51:20.152326,Malviya Nagar,250.8,40.1,0.645,False
2026-09-04 04:51:20.152326,Malviya Nagar,257.2,45.3,0.662,False
2026-09-04 05:51:20.152326,Malviya Nagar,264.7,44.0,0.681,False
2026-09-04 06:51:20.152326,Malviya Nagar,237.6,42.0,0.611,False
2026-09-04 07:51:20.152326,Malviya Nagar,416.9,21.9,1.0,False
2026-09-04 08:51:20.152326,Malviya Nagar,381.3,29.7,0.981,False
2026-09-04 09:51:20.152326,Malviya Nagar,406.3,35.1,1.0,False
2026-09-04 10:51:20.152326,Malviya Nagar,266.5,42.5,0.685,False
2026-09-04 11:51:20.152326,Malviya Nagar,213.1,46.5,0.548,False
2026-09-04 12:51:20.152326,Malviya Nagar,235.0,44.4,0.605,False
2026-09-04 13:51:20.152326,Malviya Nagar,244.7,38.6,0.629,False
2026-09-04 14:51:20.152326,Malviya Nagar,236.0,43.6,0.607,False
2026-09-04 15:51:20.152326,Malviya Nagar,280.3,42.7,0.721,False
2026-09-04 16:51:20.152326,Malviya Nagar,213.5,46.0,0.549,False
2026-09-04 17:51:20.152326,Malviya Nagar,375.7,26.6,0.966,False
2026-09-04 18:51:20.152326,Malviya Nagar,330.9,37.5,0.851,False
2026-09-04 19:51:20.152326,Malviya Nagar,354.3,29.0,0.911,False
2026-09-04 20:51:20.152326,Malviya Nagar,240.2,38.4,0.618,False
2026-09-04 21:51:20.152326,Malviya Nagar,220.2,48.2,0.566,False
2026-09-04 22:51:20.152326,Malviya Nagar,241.5,43.6,0.621,False
2026-09-04 23:51:20.152326,Malviya Nagar,263.1,44.4,0.677,False
2026-09-05 00:51:20.152326,Malviya Nagar,166.8,47.6,0.429,False
2026-09-05 01:51:20.152326,Malviya Nagar,174.6,50.4,0.449,False
2026-09-05 02:51:20.152326,Malviya Nagar,161.6,52.1,0.416,False
2026-09-05 03:51:20.152326,Malviya Nagar,183.2,49.1,0.471,False
2026-09-05 04:51:20.152326,Malviya Nagar,163.3,47.4,0.42,False
2026-09-05 05:51:20.152326,Malviya Nagar,166.2,51.5,0.428,False
2026-09-05 06:51:20.152326,Malviya Nagar,192.3,51.5,0.495,False
2026-09-05 07:51:20.152326,Malviya Nagar,313.2,36.1,0.805,False
2026-09-05 08:51:20.152326,Malviya Nagar,318.8,38.5,0.82,False
2026-09-05 09:51:20.152326,Malviya Nagar,297.3,37.3,0.765,False
2026-09-05 10:51:20.152326,Malviya Nagar,206.7,41.3,0.532,False
2026-09-05 11:51:20.152326,Malviya Nagar,177.6,52.8,0.457,False
2026-09-05 12:51:20.152326,Malviya Nagar,170.4,48.4,0.438,False
2026-09-05 13:51:20.152326,Malviya Nagar,166.3,50.1,0.428,False
2026-09-05 14:51:20.152326,Malviya Nagar,183.5,46.8,0.472,False
2026-09-05 15:51:20.152326,Malviya Nagar,197.7,49.0,0.508,False
2026-09-05 16:51:20.152326,Malviya Nagar,168.0,42.0,0.432,False
2026-09-05 17:51:20.152326,Malviya Nagar,274.2,41.1,0.705,False
2026-09-05 18:51:20.152326,Malviya Nagar,315.9,34.7,0.812,False
2026-09-05 19:51:20.152326,Malviya Nagar,268.9,42.2,0.692,False
2026-09-05 20:51:20.152326,Malviya Nagar,156.5,49.5,0.402,False
2026-09-05 21:51:20.152326,Malviya Nagar,147.2,51.1,0.379,False
2026-09-05 22:51:20.152326,Malviya Nagar,178.8,52.9,0.46,False
2026-09-05 23:51:20.152326,Malviya Nagar,199.4,47.3,0.513,False
2026-09-06 00:51:20.152326,Malviya Nagar,178.3,48.6,0.459,False
2026-09-06 01:51:20.152326,Malviya Nagar,179.7,48.2,0.462,False
2026-09-06 02:51:20.152326,Malviya Nagar,180.2,47.0,0.464,False
2026-09-06 03:51:20.152326,Malviya Nagar,183.2,47.3,0.471,False
2026-09-06 04:51:20.152326,Malviya Nagar,184.9,48.7,0.476,False
2026-09-06 05:51:20.152326,Malviya Nagar,152.5,51.1,0.392,False
2026-09-06 06:51:20.152326,Malviya Nagar,180.1,45.9,0.463,False
2026-09-06 07:51:20.152326,Malviya Nagar,259.8,43.4,0.668,False
2026-09-06 08:51:20.152326,Malviya Nagar,282.9,39.3,0.727,False
2026-09-06 09:51:20.152326,Malviya Nagar,308.0,44.0,0.792,False
2026-09-06 10:51:20.152326,Malviya Nagar,184.7,48.5,0.475,False
2026-09-06 11:51:20.152326,Malviya Nagar,140.1,59.3,0.36,False
2026-09-06 12:51:20.152326,Malviya Nagar,179.5,49.9,0.462,False
2026-09-06 13:51:20.152326,Malviya Nagar,131.7,55.0,0.339,False
2026-09-06 14:51:20.152326,Malviya Nagar,154.1,53.8,0.396,False
2026-09-06 15:51:20.152326,Malviya Nagar,153.1,49.1,0.394,False
2026-09-06 16:51:20.152326,Malviya Nagar,183.7,50.5,0.473,False
2026-09-06 17:51:20.152326,Malviya Nagar,248.1,46.2,0.638,False
2026-09-06 18:51:20.152326,Malviya Nagar,242.8,45.1,0.625,False
2026-09-06 19:51:20.152326,Malviya Nagar,283.9,39.3,0.73,False
2026-09-06 20:51:20.152326,Malviya Nagar,164.9,47.4,0.424,False
2026-09-06 21:51:20.152326,Malviya Nagar,147.8,53.8,0.38,False
2026-09-06 22:51:20.152326,Malviya Nagar,169.9,51.4,0.437,False
2026-09-06 23:51:20.152326,Malviya Nagar,161.8,47.1,0.416,False
2026-09-07 00:51:20.152326,Malviya Nagar,241.6,44.8,0.621,False
2026-09-07 01:51:20.152326,Malviya Nagar,264.8,40.7,0.681,False
2026-09-07 02:51:20.152326,Malviya Nagar,235.4,47.1,0.605,False
2026-09-07 03:51:20.152326,Malviya Nagar,272.7,36.5,0.701,False
2026-09-07 04:51:20.152326,Malviya Nagar,234.6,46.0,0.604,False
2026-09-07 05:51:20.152326,Malviya Nagar,218.7,50.4,0.563,False
2026-09-07 06:51:20.152326,Malviya Nagar,241.2,43.2,0.62,False
2026-09-07 07:51:20.152326,Malviya Nagar,373.5,30.3,0.961,False
2026-09-07 08:51:20.152326,Malviya Nagar,382.0,23.0,0.982,False
2026-09-07 09:51:20.152326,Malviya Nagar,370.2,30.6,0.952,False
2026-09-07 10:51:20.152326,Malviya Nagar,224.3,48.4,0.577,False
2026-09-07 11:51:20.152326,Malviya Nagar,243.4,43.0,0.626,False
2026-09-07 12:51:20.152326,Malviya Nagar,210.4,46.9,0.541,False
2026-09-07 13:51:20.152326,Malviya Nagar,246.1,44.7,0.633,False
2026-09-07 14:51:20.152326,Malviya Nagar,230.9,44.1,0.594,False
2026-09-07 15:51:20.152326,Malviya Nagar,217.3,51.2,0.559,False
2026-09-07 16:51:20.152326,Malviya Nagar,237.9,50.4,0.612,False
2026-09-07 17:51:20.152326,Malviya Nagar,353.4,32.2,0.909,False
2026-09-07 18:51:20.152326,Malviya Nagar,368.8,31.9,0.949,False
2026-09-07 19:51:20.152326,Malviya Nagar,368.3,36.8,0.947,False
2026-09-07 20:51:20.152326,Malviya Nagar,235.5,44.4,0.606,False
2026-09-07 21:51:20.152326,Malviya Nagar,209.1,48.1,0.538,False
2026-09-07 22:51:20.152326,Malviya Nagar,229.3,46.8,0.59,False
2026-09-07 23:51:20.152326,Malviya Nagar,191.8,47.2,0.493,False
2026-09-08 00:51:20.152326,Malviya Nagar,247.6,43.4,0.637,False
2026-09-08 01:51:20.152326,Malviya Nagar,219.7,38.7,0.565,False
2026-09-08 02:51:20.152326,Malviya Nagar,258.6,32.7,0.665,False
2026-09-08 03:51:20.152326,Malviya Nagar,229.5,50.4,0.59,False
2026-09-08 04:51:20.152326,Malviya Nagar,231.3,41.7,0.595,False
2026-09-08 05:51:20.152326,Malviya Nagar,253.3,45.2,0.651,True
2026-09-08 06:51:20.152326,Malviya Nagar,263.6,40.5,0.678,False
2026-09-08 07:51:20.152326,Malviya Nagar,401.8,26.3,1.0,False
2026-09-08 08:51:20.152326,Malviya Nagar,413.2,27.7,1.0,False
2026-09-08 09:51:20.152326,Malviya Nagar,446.0,28.9,1.0,False
2026-09-08 10:51:20.152326,Malviya Nagar,259.2,37.8,0.667,False
2026-09-08 11:51:20.152326,Malviya Nagar,195.7,48.2,0.503,False
2026-09-08 12:51:20.152326,Malviya Nagar,227.1,49.4,0.584,False
2026-09-08 13:51:20.152326,Malviya Nagar,252.2,44.9,0.649,False
2026-09-08 14:51:20.152326,Malviya Nagar,255.6,47.3,0.657,False
2026-09-08 15:51:20.152326,Malviya Nagar,239.3,44.0,0.616,False
2026-09-08 16:51:20.152326,Malviya Nagar,251.4,42.6,0.647,False
2026-09-08 17:51:20.152326,Malviya Nagar,376.0,32.1,0.967,False
2026-09-08 18:51:20.152326,Malviya Nagar,411.9,28.0,1.0,False
2026-09-08 19:51:20.152326,Malviya Nagar,379.2,30.7,0.975,False
2026-09-08 20:51:20.152326,Malviya Nagar,245.7,36.4,0.632,False
2026-09-08 21:51:20.152326,Malviya Nagar,242.6,46.1,0.624,True
2026-09-08 22:51:20.152326,Malviya Nagar,196.3,47.2,0.505,False
2026-09-08 23:51:20.152326,Malviya Nagar,254.8,48.0,0.655,False
2026-09-09 00:51:20.152326,Malviya Nagar,279.5,36.7,0.719,False
2026-09-09 01:51:20.152326,Malviya Nagar,266.3,39.9,0.685,False
2026-09-09 02:51:20.152326,Malviya Nagar,230.5,46.5,0.593,False
2026-09-09 03:51:20.152326,Malviya Nagar,254.2,41.5,0.654,False
2026-09-09 04:51:20.152326,Malviya Nagar,262.2,39.5,0.674,False
2026-09-09 05:51:20.152326,Malviya Nagar,270.4,35.8,0.696,False
2026-09-09 06:51:20.152326,Malviya Nagar,253.1,48.4,0.651,True
2026-09-09 07:51:20.152326,Malviya Nagar,444.7,23.6,1.0,False
2026-09-09 08:51:20.152326,Malviya Nagar,458.6,24.9,1.0,False
2026-09-09 09:51:20.152326,Malviya Nagar,430.3,26.9,1.0,False
2026-09-09 10:51:20.152326,Malviya Nagar,231.4,45.9,0.595,False
2026-09-09 11:51:20.152326,Malviya Nagar,215.2,48.7,0.553,False
2026-09-09 12:51:20.152326,Malviya Nagar,267.2,41.4,0.687,False
2026-09-09 13:51:20.152326,Malviya Nagar,270.0,38.8,0.695,False
2026-09-09 14:51:20.152326,Malviya Nagar,269.7,36.9,0.694,False
2026-09-09 15:51:20.152326,Malviya Nagar,254.9,37.7,0.656,False
2026-09-09 16:51:20.152326,Malviya Nagar,223.9,41.8,0.576,False
2026-09-09 17:51:20.152326,Malviya Nagar,431.6,25.7,1.0,False
2026-09-09 18:51:20.152326,Malviya Nagar,396.4,31.3,1.0,False
2026-09-09 19:51:20.152326,Malviya Nagar,411.0,27.7,1.0,False
2026-09-09 20:51:20.152326,Malviya Nagar,230.2,42.0,0.592,False
2026-09-09 21:51:20.152326,Malviya Nagar,303.1,43.4,0.78,False
2026-09-09 22:51:20.152326,Malviya Nagar,240.1,41.1,0.618,False
2026-09-09 23:51:20.152326,Malviya Nagar,237.6,43.0,0.611,False
2026-09-10 00:51:20.152326,Malviya Nagar,244.0,43.0,0.628,False
2026-09-10 01:51:20.152326,Malviya Nagar,269.3,39.4,0.693,False
2026-09-10 02:51:20.152326,Malviya Nagar,256.6,35.0,0.66,False
2026-09-10 03:51:20.152326,Malviya Nagar,244.2,50.0,0.628,False
2026-09-10 04:51:20.152326,Malviya Nagar,224.2,41.5,0.577,False
2026-09-10 05:51:20.152326,Malviya Nagar,263.2,32.2,0.677,True
2026-09-10 06:51:20.152326,Malviya Nagar,236.6,37.9,0.609,False
2026-09-10 07:51:20.152326,Malviya Nagar,418.7,26.5,1.0,False
2026-09-10 08:51:20.152326,Malviya Nagar,388.7,28.3,1.0,False
2026-09-10 09:51:20.152326,Malviya Nagar,418.4,31.1,1.0,False
2026-09-10 10:51:20.152326,Malviya Nagar,252.4,39.7,0.649,False
2026-09-10 11:51:20.152326,Malviya Nagar,244.5,46.4,0.629,False
2026-09-10 12:51:20.152326,Malviya Nagar,225.8,42.0,0.581,False
2026-09-10 13:51:20.152326,Malviya Nagar,243.0,47.4,0.625,False
2026-09-10 14:51:20.152326,Malviya Nagar,251.6,45.8,0.647,False
2026-09-10 15:51:20.152326,Malviya Nagar,235.3,39.9,0.605,False
2026-09-10 16:51:20.152326,Malviya Nagar,269.7,43.2,0.694,False
2026-09-10 17:51:20.152326,Malviya Nagar,383.9,33.4,0.987,False
2026-09-10 18:51:20.152326,Malviya Nagar,384.9,30.1,0.99,True
2026-09-10 19:51:20.152326,Malviya Nagar,319.6,37.5,0.822,False
2026-09-10 20:51:20.152326,Malviya Nagar,242.6,38.6,0.624,False
2026-09-10 21:51:20.152326,Malviya Nagar,234.2,38.1,0.602,False
2026-09-10 22:51:20.152326,Malviya Nagar,254.8,40.5,0.655,False
2026-09-10 23:51:20.152326,Malviya Nagar,245.5,43.0,0.632,False
2026-09-11 00:51:20.152326,Malviya Nagar,242.3,41.8,0.623,False
2026-09-11 01:51:20.152326,Malviya Nagar,256.7,48.2,0.66,False
2026-09-11 02:51:20.152326,Malviya Nagar,256.2,40.1,0.659,False
2026-09-11 03:51:20.152326,Malviya Nagar,244.5,43.1,0.629,False
2026-09-11 04:51:20.152326,Malviya Nagar,253.2,40.6,0.651,False
2026-09-11 05:51:20.152326,Malviya Nagar,244.7,41.8,0.629,False
2026-09-11 06:51:20.152326,Malviya Nagar,210.9,46.5,0.543,False
2026-09-11 07:51:20.152326,Malviya Nagar,403.0,29.3,1.0,False
2026-09-11 08:51:20.152326,Malviya Nagar,392.5,30.1,1.0,False
2026-09-11 09:51:20.152326,Malviya Nagar,385.1,29.1,0.991,False
2026-09-11 10:51:20.152326,Malviya Nagar,220.1,46.7,0.566,False
2026-09-11 11:51:20.152326,Malviya Nagar,232.9,45.9,0.599,False
2026-09-11 12:51:20.152326,Malviya Nagar,228.5,41.3,0.588,False
2026-09-11 13:51:20.152326,Malviya Nagar,237.4,40.4,0.611,False
2026-09-11 14:51:20.152326,Malviya Nagar,224.1,41.5,0.576,False
2026-09-11 15:51:20.152326,Malviya Nagar,223.5,42.9,0.575,False
2026-09-11 16:51:20.152326,Malviya Nagar,306.2,41.6,0.788,False
2026-09-11 17:51:20.152326,Malviya Nagar,348.2,31.4,0.896,False
2026-09-11 18:51:20.152326,Malviya Nagar,422.8,31.0,1.0,False
2026-09-11 19:51:20.152326,Malviya Nagar,367.5,34.2,0.945,False
2026-09-11 20:51:20.152326,Malviya Nagar,274.1,40.6,0.705,False
2026-09-11 21:51:20.152326,Malviya Nagar,245.0,46.9,0.63,False
2026-09-11 22:51:20.152326,Malviya Nagar,251.3,40.9,0.646,False
2026-09-11 23:51:20.152326,Malviya Nagar,251.6,43.7,0.647,False
2026-09-12 00:51:20.152326,Malviya Nagar,174.2,54.1,0.448,False
2026-09-12 01:51:20.152326,Malviya Nagar,150.9,51.9,0.388,False
2026-09-12 02:51:20.152326,Malviya Nagar,157.6,50.3,0.405,False
2026-09-12 03:51:20.152326,Malviya Nagar,175.3,50.5,0.451,False
2026-09-12 04:51:20.152326,Malviya Nagar,166.2,50.5,0.428,False
2026-09-12 05:51:20.152326,Malviya Nagar,179.8,53.3,0.462,False
2026-09-12 06:51:20.152326,Malviya Nagar,172.2,49.4,0.443,False
2026-09-12 07:51:20.152326,Malviya Nagar,255.4,42.4,0.657,False
2026-09-12 08:51:20.152326,Malviya Nagar,270.1,38.3,0.695,False
2026-09-12 09:51:20.152326,Malviya Nagar,299.3,43.1,0.77,False
2026-09-12 10:51:20.152326,Malviya Nagar,167.5,52.6,0.431,False
2026-09-12 11:51:20.152326,Malviya Nagar,153.7,53.0,0.395,False
2026-09-12 12:51:20.152326,Malviya Nagar,164.2,49.2,0.422,True
2026-09-12 13:51:20.152326,Malviya Nagar,179.5,46.7,0.462,False
2026-09-12 14:51:20.152326,Malviya Nagar,159.9,54.8,0.411,False
2026-09-12 15:51:20.152326,Malviya Nagar,167.0,54.8,0.429,False
2026-09-12 16:51:20.152326,Malviya Nagar,170.4,48.3,0.438,False
2026-09-12 17:51:20.152326,Malviya Nagar,248.7,42.3,0.64,False
2026-09-12 18:51:20.152326,Malviya Nagar,214.3,46.3,0.551,False
2026-09-12 19:51:20.152326,Malviya Nagar,281.8,40.1,0.725,False
2026-09-12 20:51:20.152326,Malviya Nagar,171.4,54.8,0.441,False
2026-09-12 21:51:20.152326,Malviya Nagar,148.9,50.1,0.383,False
2026-09-12 22:51:20.152326,Malviya Nagar,167.3,51.7,0.43,False
2026-09-12 23:51:20.152326,Malviya Nagar,155.7,50.0,0.4,False
2026-09-13 00:51:20.152326,Malviya Nagar,191.1,50.1,0.492,False
2026-09-13 01:51:20.152326,Malviya Nagar,177.3,47.6,0.456,False
2026-09-13 02:51:20.152326,Malviya Nagar,168.4,49.6,0.433,False
2026-09-13 03:51:20.152326,Malviya Nagar,169.0,49.3,0.435,False
2026-09-13 04:51:20.152326,Malviya Nagar,161.1,48.5,0.414,False
2026-09-13 05:51:20.152326,Malviya Nagar,162.1,43.9,0.417,False
2026-09-13 06:51:20.152326,Malviya Nagar,161.2,53.4,0.415,False
2026-09-13 07:51:20.152326,Malviya Nagar,280.2,43.8,0.721,False
2026-09-13 08:51:20.152326,Malviya Nagar,255.5,38.6,0.657,False
2026-09-13 09:51:20.152326,Malviya Nagar,314.2,36.8,0.808,False
2026-09-13 10:51:20.152326,Malviya Nagar,166.9,51.9,0.429,False
2026-09-13 11:51:20.152326,Malviya Nagar,175.1,50.3,0.45,False
2026-09-13 12:51:20.152326,Malviya Nagar,153.4,44.1,0.395,False
2026-09-13 13:51:20.152326,Malviya Nagar,160.4,53.6,0.413,False
2026-09-13 14:51:20.152326,Malviya Nagar,156.6,56.2,0.403,False
2026-09-13 15:51:20.152326,Malviya Nagar,135.2,54.4,0.348,False
2026-09-13 16:51:20.152326,Malviya Nagar,158.3,51.8,0.407,False
2026-09-13 17:51:20.152326,Malviya Nagar,232.5,43.8,0.598,False
2026-09-13 18:51:20.152326,Malviya Nagar,270.9,40.0,0.697,False
2026-09-13 19:51:20.152326,Malviya Nagar,279.7,43.3,0.719,False
2026-09-13 20:51:20.152326,Malviya Nagar,170.0,48.8,0.437,False
2026-09-13 21:51:20.152326,Malviya Nagar,182.5,53.9,0.469,False
2026-09-13 22:51:20.152326,Malviya Nagar,152.8,49.1,0.393,False
2026-09-13 23:51:20.152326,Malviya Nagar,181.4,49.3,0.467,False
2026-09-14 00:51:20.152326,Malviya Nagar,232.2,44.3,0.597,False
2026-09-14 01:51:20.152326,Malviya Nagar,185.9,47.1,0.478,False
2026-09-14 02:51:20.152326,Malviya Nagar,252.2,40.3,0.649,False
2026-09-14 03:51:20.152326,Malviya Nagar,254.0,45.5,0.653,False
2026-09-14 04:51:20.152326,Malviya Nagar,252.4,43.2,0.649,False
2026-09-14 05:51:20.152326,Malviya Nagar,242.7,42.3,0.624,False
2026-09-14 06:51:20.152326,Malviya Nagar,257.5,42.7,0.662,False
2026-09-14 07:51:20.152326,Malviya Nagar,444.6,20.8,1.0,False
2026-09-14 08:51:20.152326,Malviya Nagar,442.2,16.0,1.0,False
2026-09-14 09:51:20.152326,Malviya Nagar,343.8,36.6,0.884,False
2026-09-14 10:51:20.152326,Malviya Nagar,250.6,41.9,0.644,False
2026-09-14 11:51:20.152326,Malviya Nagar,236.4,45.1,0.608,False
2026-09-14 12:51:20.152326,Malviya Nagar,205.5,47.3,0.529,False
2026-09-14 13:51:20.152326,Malviya Nagar,227.2,40.5,0.584,False
2026-09-14 14:51:20.152326,Malviya Nagar,258.2,41.9,0.664,False
2026-09-14 15:51:20.152326,Malviya Nagar,231.0,44.6,0.594,False
2026-09-14 16:51:20.152326,Malviya Nagar,240.9,38.3,0.619,False
2026-09-14 17:51:20.152326,Malviya Nagar,401.4,28.9,1.0,False
2026-09-14 18:51:20.152326,Malviya Nagar,422.3,22.9,1.0,False
2026-09-14 19:51:20.152326,Malviya Nagar,373.9,33.6,0.962,False
2026-09-14 20:51:20.152326,Malviya Nagar,222.5,44.1,0.572,False
2026-09-14 21:51:20.152326,Malviya Nagar,244.1,42.0,0.628,False
2026-09-14 22:51:20.152326,Malviya Nagar,241.4,44.7,0.621,False
2026-09-14 23:51:20.152326,Malviya Nagar,242.6,43.9,0.624,False
2026-09-15 00:51:20.152326,Malviya Nagar,206.6,47.5,0.531,False
2026-09-15 01:51:20.152326,Malviya Nagar,235.8,44.0,0.606,False
2026-09-15 02:51:20.152326,Malviya Nagar,250.5,43.1,0.644,False
2026-09-15 03:51:20.152326,Malviya Nagar,230.1,38.6,0.592,False
2026-09-15 04:51:20.152326,Malviya Nagar,264.3,37.2,0.68,False
2026-09-15 05:51:20.152326,Malviya Nagar,229.6,40.1,0.59,False
2026-09-15 06:51:20.152326,Malviya Nagar,239.9,39.7,0.617,False
2026-09-15 07:51:20.152326,Malviya Nagar,375.6,26.1,0.966,False
2026-09-15 08:51:20.152326,Malviya Nagar,335.4,35.8,0.863,False
2026-09-15 09:51:20.152326,Malviya Nagar,384.6,31.3,0.989,False
2026-09-15 10:51:20.152326,Malviya Nagar,262.5,39.8,0.675,False
2026-09-15 11:51:20.152326,Malviya Nagar,273.8,38.8,0.704,False
2026-09-15 12:51:20.152326,Malviya Nagar,242.3,44.3,0.623,False
2026-09-15 13:51:20.152326,Malviya Nagar,221.7,47.6,0.57,False
2026-09-15 14:51:20.152326,Malviya Nagar,226.2,44.0,0.582,False
2026-09-15 15:51:20.152326,Malviya Nagar,224.6,45.1,0.578,False
2026-09-15 16:51:20.152326,Malviya Nagar,233.9,45.9,0.602,True
2026-09-15 17:51:20.152326,Malviya Nagar,351.6,31.2,0.904,False
2026-09-15 18:51:20.152326,Malviya Nagar,409.9,29.5,1.0,False
2026-09-15 19:51:20.152326,Malviya Nagar,438.7,28.0,1.0,False
2026-09-15 20:51:20.152326,Malviya Nagar,208.9,42.8,0.537,False
2026-09-15 21:51:20.152326,Malviya Nagar,231.8,43.9,0.596,False
2026-09-15 22:51:20.152326,Malviya Nagar,251.3,36.1,0.646,False
2026-09-15 23:51:20.152326,Malviya Nagar,252.6,40.7,0.65,False
2026-09-16 00:51:20.152326,Malviya Nagar,251.1,45.3,0.646,False
2026-09-16 01:51:20.152326,Malviya Nagar,225.2,44.8,0.579,False
2026-09-16 02:51:20.152326,Malviya Nagar,276.3,34.4,0.711,False
2026-09-16 03:51:20.152326,Malviya Nagar,236.1,46.1,0.607,False
2026-09-16 04:51:20.152326,Malviya Nagar,234.4,46.4,0.603,False
2026-09-16 05:51:20.152326,Malviya Nagar,263.3,41.9,0.677,False
2026-09-16 06:51:20.152326,Malviya Nagar,237.3,45.5,0.61,False
2026-09-16 07:51:20.152326,Malviya Nagar,427.5,28.2,1.0,False
2026-09-16 08:51:20.152326,Malviya Nagar,430.8,27.5,1.0,False
2026-09-16 09:51:20.152326,Malviya Nagar,410.6,31.4,1.0,True
2026-09-16 10:51:20.152326,Malviya Nagar,263.0,38.5,0.676,False
2026-09-16 11:51:20.152326,Malviya Nagar,207.0,45.2,0.532,False
2026-09-16 12:51:20.152326,Malviya Nagar,234.3,42.5,0.603,False
2026-09-16 13:51:20.152326,Malviya Nagar,242.3,45.3,0.623,False
2026-09-16 14:51:20.152326,Malviya Nagar,234.9,46.1,0.604,False
2026-09-16 15:51:20.152326,Malviya Nagar,212.9,43.7,0.548,False
2026-09-16 16:51:20.152326,Malviya Nagar,226.9,40.9,0.584,False
2026-09-16 17:51:20.152326,Malviya Nagar,386.8,29.7,0.995,False
2026-09-16 18:51:20.152326,Malviya Nagar,407.6,28.7,1.0,False
2026-09-16 19:51:20.152326,Malviya Nagar,401.9,27.9,1.0,False
2026-09-16 20:51:20.152326,Malviya Nagar,219.2,40.1,0.564,False
2026-09-16 21:51:20.152326,Malviya Nagar,238.6,42.0,0.614,False
2026-09-16 22:51:20.152326,Malviya Nagar,243.3,45.0,0.626,False
2026-09-16 23:51:20.152326,Malviya Nagar,241.5,49.0,0.621,False
2026-09-17 00:51:20.152326,Malviya Nagar,222.2,43.3,0.572,False
2026-09-17 01:51:20.152326,Malviya Nagar,250.8,38.2,0.645,False
2026-09-17 02:51:20.152326,Malviya Nagar,283.4,39.2,0.729,False
2026-09-17 03:51:20.152326,Malviya Nagar,263.7,36.7,0.678,False
2026-09-17 04:51:20.152326,Malviya Nagar,239.3,43.8,0.616,False
2026-09-17 05:51:20.152326,Malviya Nagar,206.9,41.9,0.532,False
2026-09-17 06:51:20.152326,Malviya Nagar,242.9,39.2,0.625,False
2026-09-17 07:51:20.152326,Malviya Nagar,393.9,26.5,1.0,False
2026-09-17 08:51:20.152326,Malviya Nagar,373.4,37.3,0.96,False
2026-09-17 09:51:20.152326,Malviya Nagar,367.0,27.2,0.944,False
2026-09-17 10:51:20.152326,Malviya Nagar,250.2,48.4,0.643,False
2026-09-17 11:51:20.152326,Malviya Nagar,239.5,40.5,0.616,False
2026-09-17 12:51:20.152326,Malviya Nagar,220.6,40.9,0.567,True
2026-09-17 13:51:20.152326,Malviya Nagar,238.3,46.4,0.613,False
2026-09-17 14:51:20.152326,Malviya Nagar,199.4,44.3,0.513,False
2026-09-17 15:51:20.152326,Malviya Nagar,276.9,37.7,0.712,False
2026-09-17 16:51:20.152326,Malviya Nagar,250.8,38.1,0.645,False
2026-09-17 17:51:20.152326,Malviya Nagar,359.8,30.3,0.925,False
2026-09-17 18:51:20.152326,Malviya Nagar,354.9,35.3,0.913,False
2026-09-17 19:51:20.152326,Malviya Nagar,366.9,32.4,0.944,False
2026-09-17 20:51:20.152326,Malviya Nagar,249.3,39.2,0.641,False
2026-09-17 21:51:20.152326,Malviya Nagar,266.6,41.0,0.686,False
2026-09-17 22:51:20.152326,Malviya Nagar,230.7,38.8,0.593,False
2026-09-17 23:51:20.152326,Malviya Nagar,243.3,40.7,0.626,True
2026-09-18 00:51:20.152326,Malviya Nagar,239.9,41.8,0.617,False
2026-09-18 01:51:20.152326,Malviya Nagar,264.5,40.6,0.68,False
2026-09-18 02:51:20.152326,Malviya Nagar,237.5,43.0,0.611,False
2026-09-18 03:51:20.152326,Malviya Nagar,260.1,48.2,0.669,False
2026-09-18 04:51:20.152326,Malviya Nagar,247.5,42.4,0.637,False
2026-09-18 05:51:20.152326,Malviya Nagar,255.0,48.3,0.656,False
2026-09-18 06:51:20.152326,Malviya Nagar,194.5,50.5,0.5,False
2026-09-18 07:51:20.152326,Malviya Nagar,464.8,19.6,1.0,False
2026-09-18 08:51:20.152326,Malviya Nagar,408.2,28.1,1.0,False
2026-09-18 09:51:20.152326,Malviya Nagar,403.1,28.3,1.0,False
2026-09-18 10:51:20.152326,Malviya Nagar,236.4,39.4,0.608,False
2026-09-18 11:51:20.152326,Malviya Nagar,241.7,40.9,0.622,False
2026-09-18 12:51:20.152326,Malviya Nagar,243.6,42.8,0.627,False
2026-09-18 13:51:20.152326,Malviya Nagar,232.4,44.3,0.598,False
2026-09-18 14:51:20.152326,Malviya Nagar,229.1,44.5,0.589,False
2026-09-18 15:51:20.152326,Malviya Nagar,223.0,45.1,0.574,False
2026-09-18 16:51:20.152326,Malviya Nagar,238.7,43.7,0.614,False
2026-09-18 17:51:20.152326,Malviya Nagar,428.5,28.5,1.0,False
2026-09-18 18:51:20.152326,Malviya Nagar,386.5,31.1,0.994,False
2026-09-18 19:51:20.152326,Malviya Nagar,409.9,35.7,1.0,False
2026-09-18 20:51:20.152326,Malviya Nagar,210.2,44.0,0.541,False
2026-09-18 21:51:20.152326,Malviya Nagar,222.3,46.7,0.572,False
2026-09-18 22:51:20.152326,Malviya Nagar,251.4,39.6,0.646,False
2026-09-18 23:51:20.152326,Malviya Nagar,216.3,46.8,0.556,False
2026-09-19 00:51:20.152326,Malviya Nagar,132.2,48.2,0.34,False
2026-09-19 01:51:20.152326,Malviya Nagar,160.1,51.1,0.412,False
2026-09-19 02:51:20.152326,Malviya Nagar,156.9,53.4,0.404,False
2026-09-19 03:51:20.152326,Malviya Nagar,162.1,51.0,0.417,False
2026-09-19 04:51:20.152326,Malviya Nagar,182.3,51.6,0.469,False
2026-09-19 05:51:20.152326,Malviya Nagar,168.1,52.0,0.432,False
2026-09-19 06:51:20.152326,Malviya Nagar,158.6,54.4,0.408,False
2026-09-19 07:51:20.152326,Malviya Nagar,266.8,41.2,0.686,False
2026-09-19 08:51:20.152326,Malviya Nagar,281.6,39.5,0.724,True
2026-09-19 09:51:20.152326,Malviya Nagar,256.8,40.7,0.661,False
2026-09-19 10:51:20.152326,Malviya Nagar,182.3,45.8,0.469,False
2026-09-19 11:51:20.152326,Malviya Nagar,155.9,55.9,0.401,False
2026-09-19 12:51:20.152326,Malviya Nagar,144.9,52.7,0.373,False
2026-09-19 13:51:20.152326,Malviya Nagar,182.0,46.9,0.468,False
2026-09-19 14:51:20.152326,Malviya Nagar,164.1,51.6,0.422,False
2026-09-19 15:51:20.152326,Malviya Nagar,147.7,51.6,0.38,False
2026-09-19 16:51:20.152326,Malviya Nagar,170.6,51.7,0.439,False
2026-09-19 17:51:20.152326,Malviya Nagar,230.1,51.7,0.592,True
2026-09-19 18:51:20.152326,Malviya Nagar,275.3,36.6,0.708,False
2026-09-19 19:51:20.152326,Malviya Nagar,234.7,40.2,0.604,False
2026-09-19 20:51:20.152326,Malviya Nagar,180.5,47.5,0.464,False
2026-09-19 21:51:20.152326,Malviya Nagar,153.4,49.7,0.395,False
2026-09-19 22:51:20.152326,Malviya Nagar,177.6,46.8,0.457,False
2026-09-19 23:51:20.152326,Malviya Nagar,162.4,53.4,0.418,False
2026-09-20 00:51:20.152326,Malviya Nagar,168.4,54.9,0.433,False
2026-09-20 01:51:20.152326,Malviya Nagar,160.6,49.5,0.413,False
2026-09-20 02:51:20.152326,Malviya Nagar,178.5,46.4,0.459,False
2026-09-20 03:51:20.152326,Malviya Nagar,158.5,46.7,0.408,False
2026-09-20 04:51:20.152326,Malviya Nagar,169.6,47.7,0.436,False
2026-09-20 05:51:20.152326,Malviya Nagar,190.5,48.4,0.49,False
2026-09-20 06:51:20.152326,Malviya Nagar,166.1,49.5,0.427,False
2026-09-20 07:51:20.152326,Malviya Nagar,314.3,36.0,0.808,False
2026-09-20 08:51:20.152326,Malviya Nagar,264.8,43.6,0.681,False
2026-09-20 09:51:20.152326,Malviya Nagar,271.3,39.8,0.698,False
2026-09-20 10:51:20.152326,Malviya Nagar,166.5,47.9,0.428,False
2026-09-20 11:51:20.152326,Malviya Nagar,161.6,52.8,0.416,False
2026-09-20 12:51:20.152326,Malviya Nagar,175.9,49.9,0.452,False
2026-09-20 13:51:20.152326,Malviya Nagar,154.0,52.1,0.396,False
2026-09-20 14:51:20.152326,Malviya Nagar,175.5,46.0,0.451,False
2026-09-20 15:51:20.152326,Malviya Nagar,191.6,45.8,0.493,False
2026-09-20 16:51:20.152326,Malviya Nagar,162.4,50.6,0.418,False
2026-09-20 17:51:20.152326,Malviya Nagar,270.3,37.7,0.695,False
2026-09-20 18:51:20.152326,Malviya Nagar,241.1,47.0,0.62,False
2026-09-20 19:51:20.152326,Malviya Nagar,296.4,40.7,0.762,False
2026-09-20 20:51:20.152326,Malviya Nagar,180.6,45.9,0.464,False
2026-09-20 21:51:20.152326,Malviya Nagar,166.6,49.0,0.428,False
2026-09-20 22:51:20.152326,Malviya Nagar,177.8,48.4,0.457,False
2026-09-20 23:51:20.152326,Malviya Nagar,174.1,48.8,0.448,False
2026-09-21 00:51:20.152326,Malviya Nagar,261.9,41.0,0.674,False
2026-09-21 01:51:20.152326,Malviya Nagar,245.3,45.6,0.631,False
2026-09-21 02:51:20.152326,Malviya Nagar,234.1,48.2,0.602,False
2026-09-21 03:51:20.152326,Malviya Nagar,222.0,46.8,0.571,False
2026-09-21 04:51:20.152326,Malviya Nagar,234.1,46.1,0.602,False
2026-09-21 05:51:20.152326,Malviya Nagar,269.8,38.3,0.694,True
2026-09-21 06:51:20.152326,Malviya Nagar,226.2,44.4,0.582,False
2026-09-21 07:51:20.152326,Malviya Nagar,431.8,20.9,1.0,False
2026-09-21 08:51:20.152326,Malviya Nagar,380.5,29.8,0.979,False
2026-09-21 09:51:20.152326,Malviya Nagar,402.9,35.0,1.0,False
2026-09-21 10:51:20.152326,Malviya Nagar,257.3,40.3,0.662,False
2026-09-21 11:51:20.152326,Malviya Nagar,276.2,40.5,0.71,False
2026-09-21 12:51:20.152326,Malviya Nagar,277.1,44.1,0.713,False
2026-09-21 13:51:20.152326,Malviya Nagar,230.4,38.9,0.593,False
2026-09-21 14:51:20.152326,Malviya Nagar,267.4,39.7,0.688,False
2026-09-21 15:51:20.152326,Malviya Nagar,245.6,39.7,0.632,False
2026-09-21 16:51:20.152326,Malviya Nagar,234.9,42.2,0.604,False
2026-09-21 17:51:20.152326,Malviya Nagar,321.0,39.3,0.826,True
2026-09-21 18:51:20.152326,Malviya Nagar,395.6,26.0,1.0,False
2026-09-21 19:51:20.152326,Malviya Nagar,338.7,33.7,0.871,False
2026-09-21 20:51:20.152326,Malviya Nagar,240.3,42.4,0.618,False
2026-09-21 21:51:20.152326,Malviya Nagar,257.0,42.7,0.661,False
2026-09-21 22:51:20.152326,Malviya Nagar,247.7,38.3,0.637,False
2026-09-21 23:51:20.152326,Malviya Nagar,217.2,44.7,0.559,False
2026-09-22 00:51:20.152326,Malviya Nagar,249.4,44.4,0.642,False
2026-09-22 01:51:20.152326,Malviya Nagar,233.7,48.5,0.601,False
2026-09-22 02:51:20.152326,Malviya Nagar,256.5,39.7,0.66,False
2026-09-22 03:51:20.152326,Malviya Nagar,254.9,39.4,0.656,False
2026-09-22 04:51:20.152326,Malviya Nagar,266.9,41.5,0.686,False
2026-09-22 05:51:20.152326,Malviya Nagar,218.2,49.1,0.561,False
2026-09-22 06:51:20.152326,Malviya Nagar,214.9,47.0,0.553,False
2026-09-22 07:51:20.152326,Malviya Nagar,390.4,28.5,1.0,False
2026-09-22 08:51:20.152326,Malviya Nagar,370.6,32.1,0.953,False
2026-09-22 09:51:20.152326,Malviya Nagar,399.4,30.3,1.0,False
2026-09-22 10:51:20.152326,Malviya Nagar,252.0,43.0,0.648,False
2026-09-22 11:51:20.152326,Malviya Nagar,211.0,44.6,0.543,False
2026-09-22 12:51:20.152326,Malviya Nagar,246.1,36.6,0.633,False
2026-09-22 13:51:20.152326,Malviya Nagar,254.3,41.4,0.654,False
2026-09-22 14:51:20.152326,Malviya Nagar,224.8,43.7,0.578,False
2026-09-22 15:51:20.152326,Malviya Nagar,241.5,42.6,0.621,False
2026-09-22 16:51:20.152326,Malviya Nagar,288.7,41.7,0.743,False
2026-09-22 17:51:20.152326,Malviya Nagar,420.9,33.8,1.0,False
2026-09-22 18:51:20.152326,Malviya Nagar,431.4,21.5,1.0,False
2026-09-22 19:51:20.152326,Malviya Nagar,334.7,37.4,0.861,False
2026-09-22 20:51:20.152326,Malviya Nagar,241.6,42.7,0.621,False
2026-09-22 21:51:20.152326,Malviya Nagar,215.8,40.7,0.555,False
2026-09-22 22:51:20.152326,Malviya Nagar,231.6,39.8,0.596,False
2026-09-22 23:51:20.152326,Malviya Nagar,252.0,37.0,0.648,False
2026-09-23 00:51:20.152326,Malviya Nagar,251.8,38.3,0.648,False
2026-09-23 01:51:20.152326,Malviya Nagar,207.3,43.4,0.533,False
2026-09-23 02:51:20.152326,Malviya Nagar,238.2,47.6,0.613,False
2026-09-23 03:51:20.152326,Malviya Nagar,257.7,40.2,0.663,False
2026-09-23 04:51:20.152326,Malviya Nagar,255.0,41.2,0.656,False
2026-09-23 05:51:20.152326,Malviya Nagar,266.9,43.0,0.687,False
2026-09-23 06:51:20.152326,Malviya Nagar,248.0,41.2,0.638,False
2026-09-23 07:51:20.152326,Malviya Nagar,429.8,24.6,1.0,False
2026-09-23 08:51:20.152326,Malviya Nagar,390.1,34.8,1.0,False
2026-09-23 09:51:20.152326,Malviya Nagar,409.5,29.7,1.0,False
2026-09-23 10:51:20.152326,Malviya Nagar,221.7,46.8,0.57,False
2026-09-23 11:51:20.152326,Malviya Nagar,224.8,43.4,0.578,False
2026-09-23 12:51:20.152326,Malviya Nagar,258.6,36.7,0.665,False
2026-09-23 13:51:20.152326,Malviya Nagar,236.0,41.7,0.607,False
2026-09-23 14:51:20.152326,Malviya Nagar,239.8,41.8,0.617,False
2026-09-23 15:51:20.152326,Malviya Nagar,236.9,42.1,0.609,False
2026-09-23 16:51:20.152326,Malviya Nagar,259.5,46.3,0.668,False
2026-09-23 17:51:20.152326,Malviya Nagar,360.4,31.5,0.927,False
2026-09-23 18:51:20.152326,Malviya Nagar,351.2,28.3,0.903,False
2026-09-23 19:51:20.152326,Malviya Nagar,439.8,24.9,1.0,False
2026-09-23 20:51:20.152326,Malviya Nagar,245.2,40.5,0.631,False
2026-09-23 21:51:20.152326,Malviya Nagar,248.9,38.8,0.64,False
2026-09-23 22:51:20.152326,Malviya Nagar,226.2,45.1,0.582,False
2026-09-23 23:51:20.152326,Malviya Nagar,246.2,47.5,0.633,False
2026-09-24 00:51:20.152326,Malviya Nagar,283.9,34.0,0.73,False
2026-09-24 01:51:20.152326,Malviya Nagar,211.6,47.2,0.544,False
2026-09-24 02:51:20.152326,Malviya Nagar,272.7,43.9,0.701,False
2026-09-24 03:51:20.152326,Malviya Nagar,230.2,44.0,0.592,False
2026-09-24 04:51:20.152326,Malviya Nagar,222.5,47.1,0.572,False
2026-09-24 05:51:20.152326,Malviya Nagar,229.2,43.1,0.59,False
2026-09-24 06:51:20.152326,Malviya Nagar,229.0,47.1,0.589,False
2026-09-24 07:51:20.152326,Malviya Nagar,408.4,27.4,1.0,False
2026-09-24 08:51:20.152326,Malviya Nagar,373.5,24.9,0.961,False
2026-09-24 09:51:20.152326,Malviya Nagar,409.7,25.8,1.0,False
2026-09-24 10:51:20.152326,Malviya Nagar,247.9,41.0,0.638,False
2026-09-24 11:51:20.152326,Malviya Nagar,252.8,45.5,0.65,False
2026-09-24 12:51:20.152326,Malviya Nagar,252.4,44.9,0.649,False
2026-09-24 13:51:20.152326,Malviya Nagar,244.5,46.3,0.629,False
2026-09-24 14:51:20.152326,Malviya Nagar,252.2,42.2,0.649,False
2026-09-24 15:51:20.152326,Malviya Nagar,271.3,36.2,0.698,False
2026-09-24 16:51:20.152326,Malviya Nagar,253.1,40.8,0.651,False
2026-09-24 17:51:20.152326,Malviya Nagar,367.0,35.8,0.944,False
2026-09-24 18:51:20.152326,Malviya Nagar,401.1,23.5,1.0,False
2026-09-24 19:51:20.152326,Malviya Nagar,405.9,31.2,1.0,False
2026-09-24 20:51:20.152326,Malviya Nagar,237.3,44.7,0.61,False
2026-09-24 21:51:20.152326,Malviya Nagar,233.3,41.0,0.6,False
2026-06-26 22:51:20.152326,C-Scheme,118.8,46.6,0.688,False
2026-06-26 23:51:20.152326,C-Scheme,128.6,41.3,0.744,False
2026-06-27 00:51:20.152326,C-Scheme,79.9,42.8,0.463,False
2026-06-27 01:51:20.152326,C-Scheme,65.8,52.2,0.381,False
2026-06-27 02:51:20.152326,C-Scheme,81.1,46.0,0.469,False
2026-06-27 03:51:20.152326,C-Scheme,76.3,51.4,0.441,False
2026-06-27 04:51:20.152326,C-Scheme,74.1,49.5,0.429,False
2026-06-27 05:51:20.152326,C-Scheme,65.6,51.4,0.38,False
2026-06-27 06:51:20.152326,C-Scheme,71.9,51.8,0.416,False
2026-06-27 07:51:20.152326,C-Scheme,126.8,39.0,0.734,False
2026-06-27 08:51:20.152326,C-Scheme,111.6,40.3,0.646,False
2026-06-27 09:51:20.152326,C-Scheme,99.9,42.9,0.578,False
2026-06-27 10:51:20.152326,C-Scheme,72.7,52.1,0.421,False
2026-06-27 11:51:20.152326,C-Scheme,64.5,52.5,0.373,False
2026-06-27 12:51:20.152326,C-Scheme,80.2,51.4,0.464,False
2026-06-27 13:51:20.152326,C-Scheme,88.1,42.3,0.51,False
2026-06-27 14:51:20.152326,C-Scheme,78.3,54.2,0.453,False
2026-06-27 15:51:20.152326,C-Scheme,71.9,47.2,0.416,False
2026-06-27 16:51:20.152326,C-Scheme,76.5,46.7,0.443,False
2026-06-27 17:51:20.152326,C-Scheme,114.4,38.4,0.662,False
2026-06-27 18:51:20.152326,C-Scheme,112.6,39.1,0.652,False
2026-06-27 19:51:20.152326,C-Scheme,128.3,43.3,0.742,False
2026-06-27 20:51:20.152326,C-Scheme,71.2,50.4,0.412,False
2026-06-27 21:51:20.152326,C-Scheme,72.9,51.1,0.422,False
2026-06-27 22:51:20.152326,C-Scheme,73.1,46.2,0.423,False
2026-06-27 23:51:20.152326,C-Scheme,79.7,50.8,0.461,False
2026-06-28 00:51:20.152326,C-Scheme,75.1,45.0,0.435,False
2026-06-28 01:51:20.152326,C-Scheme,76.9,52.2,0.445,False
2026-06-28 02:51:20.152326,C-Scheme,72.8,52.4,0.422,False
2026-06-28 03:51:20.152326,C-Scheme,75.3,47.8,0.436,False
2026-06-28 04:51:20.152326,C-Scheme,80.4,47.6,0.465,False
2026-06-28 05:51:20.152326,C-Scheme,80.3,47.5,0.465,False
2026-06-28 06:51:20.152326,C-Scheme,67.9,48.7,0.393,False
2026-06-28 07:51:20.152326,C-Scheme,124.2,41.0,0.719,False
2026-06-28 08:51:20.152326,C-Scheme,114.0,40.4,0.66,False
2026-06-28 09:51:20.152326,C-Scheme,133.6,34.6,0.773,False
2026-06-28 10:51:20.152326,C-Scheme,73.5,50.1,0.426,False
2026-06-28 11:51:20.152326,C-Scheme,73.6,55.2,0.426,False
2026-06-28 12:51:20.152326,C-Scheme,76.9,49.1,0.445,False
2026-06-28 13:51:20.152326,C-Scheme,71.4,50.8,0.413,False
2026-06-28 14:51:20.152326,C-Scheme,68.5,49.3,0.397,False
2026-06-28 15:51:20.152326,C-Scheme,71.4,50.9,0.413,False
2026-06-28 16:51:20.152326,C-Scheme,73.3,54.6,0.424,False
2026-06-28 17:51:20.152326,C-Scheme,117.3,42.7,0.679,False
2026-06-28 18:51:20.152326,C-Scheme,115.7,41.5,0.67,False
2026-06-28 19:51:20.152326,C-Scheme,117.6,37.7,0.681,False
2026-06-28 20:51:20.152326,C-Scheme,80.7,49.5,0.467,False
2026-06-28 21:51:20.152326,C-Scheme,88.5,45.3,0.512,False
2026-06-28 22:51:20.152326,C-Scheme,76.6,54.9,0.443,False
2026-06-28 23:51:20.152326,C-Scheme,74.7,51.3,0.432,False
2026-06-29 00:51:20.152326,C-Scheme,102.1,46.9,0.591,False
2026-06-29 01:51:20.152326,C-Scheme,109.7,48.6,0.635,False
2026-06-29 02:51:20.152326,C-Scheme,93.7,46.6,0.542,False
2026-06-29 03:51:20.152326,C-Scheme,102.4,46.5,0.593,False
2026-06-29 04:51:20.152326,C-Scheme,116.6,44.3,0.675,False
2026-06-29 05:51:20.152326,C-Scheme,94.5,44.0,0.547,False
2026-06-29 06:51:20.152326,C-Scheme,100.1,43.6,0.579,False
2026-06-29 07:51:20.152326,C-Scheme,167.2,30.4,0.968,False
2026-06-29 08:51:20.152326,C-Scheme,181.2,23.7,1.0,False
2026-06-29 09:51:20.152326,C-Scheme,161.2,36.7,0.933,False
2026-06-29 10:51:20.152326,C-Scheme,119.6,42.4,0.692,False
2026-06-29 11:51:20.152326,C-Scheme,112.3,43.5,0.65,False
2026-06-29 12:51:20.152326,C-Scheme,97.4,42.9,0.563,False
2026-06-29 13:51:20.152326,C-Scheme,104.2,39.1,0.603,False
2026-06-29 14:51:20.152326,C-Scheme,120.2,36.5,0.696,False
2026-06-29 15:51:20.152326,C-Scheme,101.4,43.3,0.587,False
2026-06-29 16:51:20.152326,C-Scheme,113.7,39.9,0.658,False
2026-06-29 17:51:20.152326,C-Scheme,165.4,30.3,0.957,False
2026-06-29 18:51:20.152326,C-Scheme,180.5,32.3,1.0,False
2026-06-29 19:51:20.152326,C-Scheme,175.6,28.3,1.0,False
2026-06-29 20:51:20.152326,C-Scheme,109.1,42.0,0.631,False
2026-06-29 21:51:20.152326,C-Scheme,121.6,40.3,0.704,False
2026-06-29 22:51:20.152326,C-Scheme,106.6,41.2,0.617,False
2026-06-29 23:51:20.152326,C-Scheme,97.9,43.5,0.567,False
2026-06-30 00:51:20.152326,C-Scheme,120.6,42.3,0.698,False
2026-06-30 01:51:20.152326,C-Scheme,117.4,40.5,0.68,False
2026-06-30 02:51:20.152326,C-Scheme,106.0,42.0,0.614,False
2026-06-30 03:51:20.152326,C-Scheme,97.3,43.5,0.563,False
2026-06-30 04:51:20.152326,C-Scheme,109.7,39.1,0.635,False
2026-06-30 05:51:20.152326,C-Scheme,100.0,44.7,0.578,False
2026-06-30 06:51:20.152326,C-Scheme,111.5,43.5,0.645,False
2026-06-30 07:51:20.152326,C-Scheme,188.8,25.9,1.0,False
2026-06-30 08:51:20.152326,C-Scheme,169.7,34.2,0.982,False
2026-06-30 09:51:20.152326,C-Scheme,199.9,28.1,1.0,False
2026-06-30 10:51:20.152326,C-Scheme,102.1,45.0,0.591,False
2026-06-30 11:51:20.152326,C-Scheme,92.3,47.1,0.534,False
2026-06-30 12:51:20.152326,C-Scheme,120.6,47.2,0.698,False
2026-06-30 13:51:20.152326,C-Scheme,112.3,38.8,0.65,False
2026-06-30 14:51:20.152326,C-Scheme,107.7,39.1,0.624,False
2026-06-30 15:51:20.152326,C-Scheme,105.2,46.8,0.609,False
2026-06-30 16:51:20.152326,C-Scheme,109.6,46.4,0.635,False
2026-06-30 17:51:20.152326,C-Scheme,179.4,33.9,1.0,False
2026-06-30 18:51:20.152326,C-Scheme,168.5,30.3,0.975,False
2026-06-30 19:51:20.152326,C-Scheme,156.7,34.1,0.907,False
2026-06-30 20:51:20.152326,C-Scheme,119.4,44.5,0.691,False
2026-06-30 21:51:20.152326,C-Scheme,96.8,47.2,0.56,False
2026-06-30 22:51:20.152326,C-Scheme,116.3,48.2,0.673,False
2026-06-30 23:51:20.152326,C-Scheme,102.0,40.0,0.59,False
2026-07-01 00:51:20.152326,C-Scheme,106.8,40.1,0.618,False
2026-07-01 01:51:20.152326,C-Scheme,92.4,47.6,0.535,False
2026-07-01 02:51:20.152326,C-Scheme,102.5,40.9,0.593,False
2026-07-01 03:51:20.152326,C-Scheme,109.3,44.1,0.633,False
2026-07-01 04:51:20.152326,C-Scheme,104.6,43.7,0.605,False
2026-07-01 05:51:20.152326,C-Scheme,109.0,44.8,0.631,False
2026-07-01 06:51:20.152326,C-Scheme,112.7,43.0,0.652,False
2026-07-01 07:51:20.152326,C-Scheme,157.2,34.3,0.91,False
2026-07-01 08:51:20.152326,C-Scheme,176.0,31.2,1.0,False
2026-07-01 09:51:20.152326,C-Scheme,197.0,25.8,1.0,False
2026-07-01 10:51:20.152326,C-Scheme,132.5,41.2,0.767,False
2026-07-01 11:51:20.152326,C-Scheme,120.8,39.8,0.699,False
2026-07-01 12:51:20.152326,C-Scheme,112.5,37.9,0.651,False
2026-07-01 13:51:20.152326,C-Scheme,121.5,43.0,0.703,False
2026-07-01 14:51:20.152326,C-Scheme,112.0,38.7,0.648,False
2026-07-01 15:51:20.152326,C-Scheme,102.8,46.7,0.595,False
2026-07-01 16:51:20.152326,C-Scheme,123.8,47.4,0.716,False
2026-07-01 17:51:20.152326,C-Scheme,166.5,28.1,0.964,False
2026-07-01 18:51:20.152326,C-Scheme,156.2,32.5,0.904,False
2026-07-01 19:51:20.152326,C-Scheme,151.8,35.6,0.878,False
2026-07-01 20:51:20.152326,C-Scheme,104.5,42.2,0.605,False
2026-07-01 21:51:20.152326,C-Scheme,114.8,43.0,0.664,False
2026-07-01 22:51:20.152326,C-Scheme,92.2,48.7,0.534,False
2026-07-01 23:51:20.152326,C-Scheme,123.4,44.4,0.714,False
2026-07-02 00:51:20.152326,C-Scheme,112.8,44.3,0.653,False
2026-07-02 01:51:20.152326,C-Scheme,104.8,44.5,0.607,False
2026-07-02 02:51:20.152326,C-Scheme,100.9,45.1,0.584,False
2026-07-02 03:51:20.152326,C-Scheme,91.3,45.8,0.528,False
2026-07-02 04:51:20.152326,C-Scheme,111.6,42.0,0.646,False
2026-07-02 05:51:20.152326,C-Scheme,101.0,43.1,0.585,False
2026-07-02 06:51:20.152326,C-Scheme,104.3,46.8,0.603,False
2026-07-02 07:51:20.152326,C-Scheme,179.5,24.5,1.0,False
2026-07-02 08:51:20.152326,C-Scheme,202.8,20.1,1.0,False
2026-07-02 09:51:20.152326,C-Scheme,164.1,29.2,0.949,False
2026-07-02 10:51:20.152326,C-Scheme,92.1,46.4,0.533,False
2026-07-02 11:51:20.152326,C-Scheme,110.7,42.0,0.64,False
2026-07-02 12:51:20.152326,C-Scheme,116.0,42.0,0.671,False
2026-07-02 13:51:20.152326,C-Scheme,110.7,43.2,0.641,False
2026-07-02 14:51:20.152326,C-Scheme,119.4,38.9,0.691,False
2026-07-02 15:51:20.152326,C-Scheme,107.3,43.7,0.621,False
2026-07-02 16:51:20.152326,C-Scheme,119.5,34.9,0.692,False
2026-07-02 17:51:20.152326,C-Scheme,174.1,26.4,1.0,False
2026-07-02 18:51:20.152326,C-Scheme,175.9,29.9,1.0,False
2026-07-02 19:51:20.152326,C-Scheme,155.9,37.7,0.902,False
2026-07-02 20:51:20.152326,C-Scheme,109.4,44.3,0.633,False
2026-07-02 21:51:20.152326,C-Scheme,112.2,40.9,0.65,False
2026-07-02 22:51:20.152326,C-Scheme,94.9,44.6,0.549,False
2026-07-02 23:51:20.152326,C-Scheme,103.4,49.3,0.598,False
2026-07-03 00:51:20.152326,C-Scheme,93.6,46.4,0.542,False
2026-07-03 01:51:20.152326,C-Scheme,87.9,45.5,0.509,False
2026-07-03 02:51:20.152326,C-Scheme,112.6,36.1,0.651,False
2026-07-03 03:51:20.152326,C-Scheme,121.0,39.6,0.7,False
2026-07-03 04:51:20.152326,C-Scheme,105.0,44.7,0.608,False
2026-07-03 05:51:20.152326,C-Scheme,92.9,40.5,0.538,True
2026-07-03 06:51:20.152326,C-Scheme,118.4,38.7,0.685,False
2026-07-03 07:51:20.152326,C-Scheme,192.5,24.4,1.0,False
2026-07-03 08:51:20.152326,C-Scheme,177.5,24.5,1.0,False
2026-07-03 09:51:20.152326,C-Scheme,147.2,36.7,0.852,False
2026-07-03 10:51:20.152326,C-Scheme,108.2,41.1,0.626,False
2026-07-03 11:51:20.152326,C-Scheme,101.7,41.7,0.589,False
2026-07-03 12:51:20.152326,C-Scheme,100.4,44.0,0.581,False
2026-07-03 13:51:20.152326,C-Scheme,116.1,43.5,0.672,False
2026-07-03 14:51:20.152326,C-Scheme,100.9,45.6,0.584,False
2026-07-03 15:51:20.152326,C-Scheme,116.7,43.6,0.676,False
2026-07-03 16:51:20.152326,C-Scheme,114.5,39.7,0.663,False
2026-07-03 17:51:20.152326,C-Scheme,173.7,26.0,1.0,False
2026-07-03 18:51:20.152326,C-Scheme,187.4,23.2,1.0,False
2026-07-03 19:51:20.152326,C-Scheme,144.9,33.7,0.839,False
2026-07-03 20:51:20.152326,C-Scheme,110.7,39.7,0.641,False
2026-07-03 21:51:20.152326,C-Scheme,106.5,43.7,0.616,False
2026-07-03 22:51:20.152326,C-Scheme,121.9,36.9,0.706,False
2026-07-03 23:51:20.152326,C-Scheme,103.9,47.2,0.601,False
2026-07-04 00:51:20.152326,C-Scheme,69.1,48.7,0.4,False
2026-07-04 01:51:20.152326,C-Scheme,81.4,47.4,0.471,False
2026-07-04 02:51:20.152326,C-Scheme,88.6,50.8,0.513,False
2026-07-04 03:51:20.152326,C-Scheme,80.4,49.0,0.465,False
2026-07-04 04:51:20.152326,C-Scheme,73.6,52.5,0.426,False
2026-07-04 05:51:20.152326,C-Scheme,72.8,50.1,0.421,False
2026-07-04 06:51:20.152326,C-Scheme,62.3,51.0,0.361,False
2026-07-04 07:51:20.152326,C-Scheme,143.4,35.2,0.83,False
2026-07-04 08:51:20.152326,C-Scheme,108.9,37.4,0.63,False
2026-07-04 09:51:20.152326,C-Scheme,103.4,45.6,0.598,False
2026-07-04 10:51:20.152326,C-Scheme,79.1,49.2,0.458,False
2026-07-04 11:51:20.152326,C-Scheme,74.6,49.0,0.432,False
2026-07-04 12:51:20.152326,C-Scheme,78.2,41.4,0.453,False
2026-07-04 13:51:20.152326,C-Scheme,75.4,47.7,0.436,False
2026-07-04 14:51:20.152326,C-Scheme,65.3,49.9,0.378,False
2026-07-04 15:51:20.152326,C-Scheme,86.7,43.4,0.501,False
2026-07-04 16:51:20.152326,C-Scheme,67.2,52.6,0.389,True
2026-07-04 17:51:20.152326,C-Scheme,113.3,40.6,0.656,False
2026-07-04 18:51:20.152326,C-Scheme,127.4,43.5,0.737,False
2026-07-04 19:51:20.152326,C-Scheme,121.1,39.1,0.701,False
2026-07-04 20:51:20.152326,C-Scheme,79.9,49.6,0.462,False
2026-07-04 21:51:20.152326,C-Scheme,77.6,50.1,0.449,False
2026-07-04 22:51:20.152326,C-Scheme,77.5,50.3,0.448,False
2026-07-04 23:51:20.152326,C-Scheme,83.2,49.1,0.481,False
2026-07-05 00:51:20.152326,C-Scheme,67.0,51.3,0.388,False
2026-07-05 01:51:20.152326,C-Scheme,80.6,44.6,0.466,False
2026-07-05 02:51:20.152326,C-Scheme,79.6,48.4,0.46,False
2026-07-05 03:51:20.152326,C-Scheme,74.7,51.5,0.432,False
2026-07-05 04:51:20.152326,C-Scheme,84.1,50.1,0.487,False
2026-07-05 05:51:20.152326,C-Scheme,77.6,49.2,0.449,False
2026-07-05 06:51:20.152326,C-Scheme,77.7,55.1,0.449,False
2026-07-05 07:51:20.152326,C-Scheme,120.2,41.0,0.696,False
2026-07-05 08:51:20.152326,C-Scheme,125.9,39.1,0.729,False
2026-07-05 09:51:20.152326,C-Scheme,123.0,40.2,0.712,False
2026-07-05 10:51:20.152326,C-Scheme,77.7,49.1,0.449,False
2026-07-05 11:51:20.152326,C-Scheme,68.6,52.1,0.397,False
2026-07-05 12:51:20.152326,C-Scheme,81.6,45.2,0.472,False
2026-07-05 13:51:20.152326,C-Scheme,83.2,49.0,0.481,False
2026-07-05 14:51:20.152326,C-Scheme,76.0,50.4,0.44,False
2026-07-05 15:51:20.152326,C-Scheme,75.1,52.8,0.434,False
2026-07-05 16:51:20.152326,C-Scheme,69.7,57.2,0.404,False
2026-07-05 17:51:20.152326,C-Scheme,114.3,42.5,0.661,False
2026-07-05 18:51:20.152326,C-Scheme,114.2,43.9,0.661,False
2026-07-05 19:51:20.152326,C-Scheme,121.3,40.4,0.702,False
2026-07-05 20:51:20.152326,C-Scheme,76.7,48.5,0.444,False
2026-07-05 21:51:20.152326,C-Scheme,72.2,53.6,0.418,False
2026-07-05 22:51:20.152326,C-Scheme,83.8,52.7,0.485,False
2026-07-05 23:51:20.152326,C-Scheme,83.6,48.8,0.484,False
2026-07-06 00:51:20.152326,C-Scheme,114.9,43.2,0.665,False
2026-07-06 01:51:20.152326,C-Scheme,104.8,46.5,0.607,False
2026-07-06 02:51:20.152326,C-Scheme,111.2,40.7,0.643,False
2026-07-06 03:51:20.152326,C-Scheme,106.8,41.7,0.618,False
2026-07-06 04:51:20.152326,C-Scheme,132.3,33.6,0.765,False
2026-07-06 05:51:20.152326,C-Scheme,98.9,44.2,0.573,False
2026-07-06 06:51:20.152326,C-Scheme,101.7,42.3,0.589,False
2026-07-06 07:51:20.152326,C-Scheme,174.2,26.1,1.0,False
2026-07-06 08:51:20.152326,C-Scheme,178.7,29.4,1.0,False
2026-07-06 09:51:20.152326,C-Scheme,182.9,32.1,1.0,False
2026-07-06 10:51:20.152326,C-Scheme,126.2,40.3,0.73,False
2026-07-06 11:51:20.152326,C-Scheme,121.8,41.9,0.705,False
2026-07-06 12:51:20.152326,C-Scheme,112.8,36.8,0.653,False
2026-07-06 13:51:20.152326,C-Scheme,119.1,41.5,0.689,False
2026-07-06 14:51:20.152326,C-Scheme,110.9,41.0,0.642,False
2026-07-06 15:51:20.152326,C-Scheme,105.0,45.2,0.608,False
2026-07-06 16:51:20.152326,C-Scheme,120.0,37.8,0.695,False
2026-07-06 17:51:20.152326,C-Scheme,181.0,31.4,1.0,False
2026-07-06 18:51:20.152326,C-Scheme,187.8,29.7,1.0,False
2026-07-06 19:51:20.152326,C-Scheme,175.5,36.9,1.0,False
2026-07-06 20:51:20.152326,C-Scheme,110.9,40.5,0.642,False
2026-07-06 21:51:20.152326,C-Scheme,108.6,42.8,0.629,False
2026-07-06 22:51:20.152326,C-Scheme,110.1,45.5,0.637,False
2026-07-06 23:51:20.152326,C-Scheme,118.6,48.4,0.686,False
2026-07-07 00:51:20.152326,C-Scheme,101.0,42.5,0.585,False
2026-07-07 01:51:20.152326,C-Scheme,114.8,37.8,0.665,False
2026-07-07 02:51:20.152326,C-Scheme,103.5,41.7,0.599,False
2026-07-07 03:51:20.152326,C-Scheme,109.5,45.5,0.634,False
2026-07-07 04:51:20.152326,C-Scheme,95.5,47.2,0.553,False
2026-07-07 05:51:20.152326,C-Scheme,97.5,42.9,0.565,False
2026-07-07 06:51:20.152326,C-Scheme,108.3,39.7,0.627,False
2026-07-07 07:51:20.152326,C-Scheme,161.3,32.7,0.933,False
2026-07-07 08:51:20.152326,C-Scheme,183.9,24.8,1.0,False
2026-07-07 09:51:20.152326,C-Scheme,158.2,30.0,0.916,False
2026-07-07 10:51:20.152326,C-Scheme,120.9,39.6,0.699,False
2026-07-07 11:51:20.152326,C-Scheme,94.9,42.6,0.549,False
2026-07-07 12:51:20.152326,C-Scheme,113.6,35.4,0.658,False
2026-07-07 13:51:20.152326,C-Scheme,108.0,39.4,0.625,False
2026-07-07 14:51:20.152326,C-Scheme,109.3,44.7,0.633,False
2026-07-07 15:51:20.152326,C-Scheme,110.2,43.8,0.638,False
2026-07-07 16:51:20.152326,C-Scheme,105.1,40.6,0.608,False
2026-07-07 17:51:20.152326,C-Scheme,172.7,32.8,0.999,False
2026-07-07 18:51:20.152326,C-Scheme,182.2,24.6,1.0,False
2026-07-07 19:51:20.152326,C-Scheme,147.1,37.4,0.851,False
2026-07-07 20:51:20.152326,C-Scheme,120.6,41.4,0.698,False
2026-07-07 21:51:20.152326,C-Scheme,118.6,39.2,0.686,False
2026-07-07 22:51:20.152326,C-Scheme,98.3,48.6,0.569,False
2026-07-07 23:51:20.152326,C-Scheme,99.0,47.0,0.573,False
2026-07-08 00:51:20.152326,C-Scheme,102.1,41.8,0.591,False
2026-07-08 01:51:20.152326,C-Scheme,107.8,37.3,0.624,False
2026-07-08 02:51:20.152326,C-Scheme,103.7,41.9,0.6,False
2026-07-08 03:51:20.152326,C-Scheme,107.4,46.0,0.622,False
2026-07-08 04:51:20.152326,C-Scheme,109.7,41.1,0.635,False
2026-07-08 05:51:20.152326,C-Scheme,125.7,43.2,0.727,False
2026-07-08 06:51:20.152326,C-Scheme,107.5,42.9,0.622,False
2026-07-08 07:51:20.152326,C-Scheme,185.0,23.7,1.0,False
2026-07-08 08:51:20.152326,C-Scheme,164.2,32.6,0.95,False
2026-07-08 09:51:20.152326,C-Scheme,182.6,23.3,1.0,False
2026-07-08 10:51:20.152326,C-Scheme,91.9,46.7,0.532,True
2026-07-08 11:51:20.152326,C-Scheme,101.8,43.7,0.589,False
2026-07-08 12:51:20.152326,C-Scheme,102.6,43.0,0.594,False
2026-07-08 13:51:20.152326,C-Scheme,99.3,40.8,0.574,False
2026-07-08 14:51:20.152326,C-Scheme,111.4,37.2,0.645,False
2026-07-08 15:51:20.152326,C-Scheme,103.6,46.6,0.6,False
2026-07-08 16:51:20.152326,C-Scheme,95.3,42.4,0.552,False
2026-07-08 17:51:20.152326,C-Scheme,168.4,27.2,0.974,False
2026-07-08 18:51:20.152326,C-Scheme,152.7,34.1,0.884,True
2026-07-08 19:51:20.152326,C-Scheme,156.7,27.5,0.907,False
2026-07-08 20:51:20.152326,C-Scheme,99.0,43.9,0.573,False
2026-07-08 21:51:20.152326,C-Scheme,112.6,42.6,0.651,False
2026-07-08 22:51:20.152326,C-Scheme,110.0,41.0,0.637,False
2026-07-08 23:51:20.152326,C-Scheme,124.7,40.9,0.721,False
2026-07-09 00:51:20.152326,C-Scheme,106.0,42.1,0.614,False
2026-07-09 01:51:20.152326,C-Scheme,105.7,40.2,0.612,False
2026-07-09 02:51:20.152326,C-Scheme,115.0,36.9,0.666,False
2026-07-09 03:51:20.152326,C-Scheme,105.0,43.7,0.608,False
2026-07-09 04:51:20.152326,C-Scheme,103.0,41.4,0.596,True
2026-07-09 05:51:20.152326,C-Scheme,100.1,46.4,0.579,False
2026-07-09 06:51:20.152326,C-Scheme,108.2,42.3,0.626,False
2026-07-09 07:51:20.152326,C-Scheme,189.2,21.4,1.0,False
2026-07-09 08:51:20.152326,C-Scheme,206.6,21.8,1.0,False
2026-07-09 09:51:20.152326,C-Scheme,180.9,34.5,1.0,False
2026-07-09 10:51:20.152326,C-Scheme,108.1,40.4,0.625,False
2026-07-09 11:51:20.152326,C-Scheme,110.2,42.3,0.638,False
2026-07-09 12:51:20.152326,C-Scheme,112.6,42.4,0.652,False
2026-07-09 13:51:20.152326,C-Scheme,113.8,40.3,0.659,False
2026-07-09 14:51:20.152326,C-Scheme,109.4,43.3,0.633,False
2026-07-09 15:51:20.152326,C-Scheme,110.5,44.7,0.639,False
2026-07-09 16:51:20.152326,C-Scheme,99.7,45.0,0.577,False
2026-07-09 17:51:20.152326,C-Scheme,174.9,30.5,1.0,False
2026-07-09 18:51:20.152326,C-Scheme,157.5,32.7,0.911,False
2026-07-09 19:51:20.152326,C-Scheme,175.8,31.3,1.0,False
2026-07-09 20:51:20.152326,C-Scheme,112.3,43.0,0.65,False
2026-07-09 21:51:20.152326,C-Scheme,110.7,41.9,0.641,False
2026-07-09 22:51:20.152326,C-Scheme,117.5,40.1,0.68,False
2026-07-09 23:51:20.152326,C-Scheme,111.9,45.0,0.648,False
2026-07-10 00:51:20.152326,C-Scheme,111.7,45.3,0.647,False
2026-07-10 01:51:20.152326,C-Scheme,108.7,42.2,0.629,False
2026-07-10 02:51:20.152326,C-Scheme,101.0,41.3,0.585,False
2026-07-10 03:51:20.152326,C-Scheme,116.5,42.4,0.674,False
2026-07-10 04:51:20.152326,C-Scheme,111.4,42.9,0.645,False
2026-07-10 05:51:20.152326,C-Scheme,102.7,44.3,0.594,False
2026-07-10 06:51:20.152326,C-Scheme,113.1,44.1,0.655,False
2026-07-10 07:51:20.152326,C-Scheme,167.4,33.6,0.969,False
2026-07-10 08:51:20.152326,C-Scheme,187.0,27.8,1.0,False
2026-07-10 09:51:20.152326,C-Scheme,170.6,33.6,0.987,False
2026-07-10 10:51:20.152326,C-Scheme,119.0,46.0,0.689,False
2026-07-10 11:51:20.152326,C-Scheme,98.3,43.0,0.569,False
2026-07-10 12:51:20.152326,C-Scheme,107.2,40.2,0.621,False
2026-07-10 13:51:20.152326,C-Scheme,109.2,45.7,0.632,False
2026-07-10 14:51:20.152326,C-Scheme,97.8,42.9,0.566,False
2026-07-10 15:51:20.152326,C-Scheme,108.7,42.0,0.629,False
2026-07-10 16:51:20.152326,C-Scheme,107.5,43.8,0.622,False
2026-07-10 17:51:20.152326,C-Scheme,149.4,35.8,0.865,False
2026-07-10 18:51:20.152326,C-Scheme,173.7,29.2,1.0,False
2026-07-10 19:51:20.152326,C-Scheme,160.7,33.6,0.93,False
2026-07-10 20:51:20.152326,C-Scheme,104.7,40.6,0.606,False
2026-07-10 21:51:20.152326,C-Scheme,105.3,43.8,0.609,False
2026-07-10 22:51:20.152326,C-Scheme,116.8,46.1,0.676,False
2026-07-10 23:51:20.152326,C-Scheme,111.9,45.5,0.647,False
2026-07-11 00:51:20.152326,C-Scheme,83.0,47.7,0.48,False
2026-07-11 01:51:20.152326,C-Scheme,66.9,48.1,0.387,False
2026-07-11 02:51:20.152326,C-Scheme,64.4,53.3,0.373,False
2026-07-11 03:51:20.152326,C-Scheme,80.7,47.6,0.467,False
2026-07-11 04:51:20.152326,C-Scheme,79.0,47.7,0.457,False
2026-07-11 05:51:20.152326,C-Scheme,70.6,47.4,0.408,False
2026-07-11 06:51:20.152326,C-Scheme,79.7,45.6,0.461,False
2026-07-11 07:51:20.152326,C-Scheme,136.2,39.7,0.788,False
2026-07-11 08:51:20.152326,C-Scheme,130.0,38.0,0.752,False
2026-07-11 09:51:20.152326,C-Scheme,137.4,30.2,0.795,False
2026-07-11 10:51:20.152326,C-Scheme,63.9,47.8,0.37,False
2026-07-11 11:51:20.152326,C-Scheme,67.6,48.0,0.391,False
2026-07-11 12:51:20.152326,C-Scheme,76.9,46.8,0.445,False
2026-07-11 13:51:20.152326,C-Scheme,75.2,49.6,0.435,False
2026-07-11 14:51:20.152326,C-Scheme,75.8,48.0,0.438,False
2026-07-11 15:51:20.152326,C-Scheme,70.2,52.4,0.406,False
2026-07-11 16:51:20.152326,C-Scheme,65.0,48.9,0.376,False
2026-07-11 17:51:20.152326,C-Scheme,126.0,37.6,0.729,False
2026-07-11 18:51:20.152326,C-Scheme,129.4,39.4,0.749,False
2026-07-11 19:51:20.152326,C-Scheme,107.3,45.0,0.621,False
2026-07-11 20:51:20.152326,C-Scheme,71.9,50.9,0.416,False
2026-07-11 21:51:20.152326,C-Scheme,74.4,51.6,0.431,False
2026-07-11 22:51:20.152326,C-Scheme,60.1,52.2,0.348,False
2026-07-11 23:51:20.152326,C-Scheme,71.8,50.0,0.415,False
2026-07-12 00:51:20.152326,C-Scheme,66.1,48.3,0.382,False
2026-07-12 01:51:20.152326,C-Scheme,73.6,53.4,0.426,False
2026-07-12 02:51:20.152326,C-Scheme,83.3,49.8,0.482,False
2026-07-12 03:51:20.152326,C-Scheme,66.9,55.1,0.387,False
2026-07-12 04:51:20.152326,C-Scheme,84.6,49.7,0.489,False
2026-07-12 05:51:20.152326,C-Scheme,80.9,46.9,0.468,False
2026-07-12 06:51:20.152326,C-Scheme,69.0,53.6,0.399,True
2026-07-12 07:51:20.152326,C-Scheme,118.5,40.8,0.686,False
2026-07-12 08:51:20.152326,C-Scheme,115.0,41.9,0.665,True
2026-07-12 09:51:20.152326,C-Scheme,124.3,39.5,0.719,False
2026-07-12 10:51:20.152326,C-Scheme,70.6,49.3,0.409,False
2026-07-12 11:51:20.152326,C-Scheme,71.6,51.4,0.414,False
2026-07-12 12:51:20.152326,C-Scheme,72.9,50.6,0.422,False
2026-07-12 13:51:20.152326,C-Scheme,78.4,52.2,0.453,False
2026-07-12 14:51:20.152326,C-Scheme,85.3,49.0,0.493,False
2026-07-12 15:51:20.152326,C-Scheme,83.0,48.2,0.481,False
2026-07-12 16:51:20.152326,C-Scheme,70.6,50.8,0.408,False
2026-07-12 17:51:20.152326,C-Scheme,136.1,40.4,0.788,False
2026-07-12 18:51:20.152326,C-Scheme,110.7,41.7,0.641,False
2026-07-12 19:51:20.152326,C-Scheme,125.8,43.7,0.728,False
2026-07-12 20:51:20.152326,C-Scheme,74.5,55.6,0.431,False
2026-07-12 21:51:20.152326,C-Scheme,77.4,51.5,0.448,False
2026-07-12 22:51:20.152326,C-Scheme,74.3,59.6,0.43,False
2026-07-12 23:51:20.152326,C-Scheme,75.1,54.2,0.434,False
2026-07-13 00:51:20.152326,C-Scheme,95.2,43.0,0.551,False
2026-07-13 01:51:20.152326,C-Scheme,100.8,39.3,0.583,False
2026-07-13 02:51:20.152326,C-Scheme,111.6,42.1,0.646,False
2026-07-13 03:51:20.152326,C-Scheme,103.6,40.3,0.6,False
2026-07-13 04:51:20.152326,C-Scheme,105.0,41.3,0.608,False
2026-07-13 05:51:20.152326,C-Scheme,103.9,43.0,0.601,False
2026-07-13 06:51:20.152326,C-Scheme,116.8,47.1,0.676,False
2026-07-13 07:51:20.152326,C-Scheme,202.4,21.5,1.0,False
2026-07-13 08:51:20.152326,C-Scheme,180.2,26.8,1.0,False
2026-07-13 09:51:20.152326,C-Scheme,186.7,23.8,1.0,False
2026-07-13 10:51:20.152326,C-Scheme,101.1,44.4,0.585,False
2026-07-13 11:51:20.152326,C-Scheme,102.3,45.8,0.592,False
2026-07-13 12:51:20.152326,C-Scheme,123.5,43.1,0.715,False
2026-07-13 13:51:20.152326,C-Scheme,90.4,42.1,0.523,False
2026-07-13 14:51:20.152326,C-Scheme,105.9,42.1,0.613,False
2026-07-13 15:51:20.152326,C-Scheme,106.2,42.9,0.615,False
2026-07-13 16:51:20.152326,C-Scheme,106.5,43.9,0.616,False
2026-07-13 17:51:20.152326,C-Scheme,174.3,29.7,1.0,False
2026-07-13 18:51:20.152326,C-Scheme,164.4,34.1,0.952,False
2026-07-13 19:51:20.152326,C-Scheme,173.4,28.8,1.0,False
2026-07-13 20:51:20.152326,C-Scheme,113.9,37.3,0.659,False
2026-07-13 21:51:20.152326,C-Scheme,98.9,43.1,0.572,False
2026-07-13 22:51:20.152326,C-Scheme,121.9,37.2,0.705,False
2026-07-13 23:51:20.152326,C-Scheme,124.5,34.9,0.721,False
2026-07-14 00:51:20.152326,C-Scheme,118.4,39.4,0.685,False
2026-07-14 01:51:20.152326,C-Scheme,113.3,41.6,0.656,False
2026-07-14 02:51:20.152326,C-Scheme,112.6,43.8,0.652,False
2026-07-14 03:51:20.152326,C-Scheme,108.4,43.1,0.627,True
2026-07-14 04:51:20.152326,C-Scheme,111.4,46.7,0.645,False
2026-07-14 05:51:20.152326,C-Scheme,107.5,44.5,0.622,False
2026-07-14 06:51:20.152326,C-Scheme,94.5,48.5,0.547,False
2026-07-14 07:51:20.152326,C-Scheme,173.1,33.0,1.0,False
2026-07-14 08:51:20.152326,C-Scheme,176.8,33.6,1.0,False
2026-07-14 09:51:20.152326,C-Scheme,153.9,36.6,0.891,False
2026-07-14 10:51:20.152326,C-Scheme,105.5,41.0,0.611,False
2026-07-14 11:51:20.152326,C-Scheme,112.0,38.2,0.648,False
2026-07-14 12:51:20.152326,C-Scheme,116.1,43.2,0.672,False
2026-07-14 13:51:20.152326,C-Scheme,110.9,37.0,0.642,True
2026-07-14 14:51:20.152326,C-Scheme,125.3,38.0,0.725,False
2026-07-14 15:51:20.152326,C-Scheme,111.4,39.6,0.644,False
2026-07-14 16:51:20.152326,C-Scheme,114.3,37.4,0.662,False
2026-07-14 17:51:20.152326,C-Scheme,167.3,27.8,0.968,False
2026-07-14 18:51:20.152326,C-Scheme,150.1,34.2,0.869,False
2026-07-14 19:51:20.152326,C-Scheme,169.1,27.7,0.979,False
2026-07-14 20:51:20.152326,C-Scheme,115.4,37.6,0.668,False
2026-07-14 21:51:20.152326,C-Scheme,94.2,45.9,0.545,False
2026-07-14 22:51:20.152326,C-Scheme,106.9,44.3,0.618,False
2026-07-14 23:51:20.152326,C-Scheme,99.4,41.5,0.575,False
2026-07-15 00:51:20.152326,C-Scheme,106.5,40.8,0.616,False
2026-07-15 01:51:20.152326,C-Scheme,116.1,40.7,0.672,False
2026-07-15 02:51:20.152326,C-Scheme,114.5,39.3,0.663,False
2026-07-15 03:51:20.152326,C-Scheme,98.5,44.9,0.57,False
2026-07-15 04:51:20.152326,C-Scheme,90.2,42.2,0.522,False
2026-07-15 05:51:20.152326,C-Scheme,98.4,43.8,0.569,False
2026-07-15 06:51:20.152326,C-Scheme,99.7,43.2,0.577,False
2026-07-15 07:51:20.152326,C-Scheme,203.9,26.0,1.0,False
2026-07-15 08:51:20.152326,C-Scheme,175.3,29.7,1.0,False
2026-07-15 09:51:20.152326,C-Scheme,191.8,23.6,1.0,False
2026-07-15 10:51:20.152326,C-Scheme,104.4,42.6,0.604,False
2026-07-15 11:51:20.152326,C-Scheme,107.5,42.8,0.622,False
2026-07-15 12:51:20.152326,C-Scheme,124.2,38.8,0.719,False
2026-07-15 13:51:20.152326,C-Scheme,115.2,39.7,0.667,True
2026-07-15 14:51:20.152326,C-Scheme,100.6,44.0,0.582,False
2026-07-15 15:51:20.152326,C-Scheme,119.5,39.8,0.692,False
2026-07-15 16:51:20.152326,C-Scheme,118.6,46.2,0.686,False
2026-07-15 17:51:20.152326,C-Scheme,168.6,34.6,0.976,False
2026-07-15 18:51:20.152326,C-Scheme,165.5,26.6,0.958,False
2026-07-15 19:51:20.152326,C-Scheme,200.6,29.2,1.0,False
2026-07-15 20:51:20.152326,C-Scheme,118.1,39.4,0.684,False
2026-07-15 21:51:20.152326,C-Scheme,118.0,39.0,0.683,False
2026-07-15 22:51:20.152326,C-Scheme,103.9,42.9,0.601,False
2026-07-15 23:51:20.152326,C-Scheme,106.3,48.4,0.615,False
2026-07-16 00:51:20.152326,C-Scheme,112.3,37.6,0.65,False
2026-07-16 01:51:20.152326,C-Scheme,112.4,40.9,0.651,False
2026-07-16 02:51:20.152326,C-Scheme,120.0,40.0,0.694,False
2026-07-16 03:51:20.152326,C-Scheme,99.0,48.6,0.573,False
2026-07-16 04:51:20.152326,C-Scheme,106.2,44.1,0.615,False
2026-07-16 05:51:20.152326,C-Scheme,120.3,42.9,0.696,False
2026-07-16 06:51:20.152326,C-Scheme,101.9,40.8,0.59,False
2026-07-16 07:51:20.152326,C-Scheme,180.3,27.7,1.0,False
2026-07-16 08:51:20.152326,C-Scheme,183.2,31.3,1.0,False
2026-07-16 09:51:20.152326,C-Scheme,161.2,28.9,0.933,False
2026-07-16 10:51:20.152326,C-Scheme,106.0,43.5,0.614,False
2026-07-16 11:51:20.152326,C-Scheme,107.1,45.2,0.62,False
2026-07-16 12:51:20.152326,C-Scheme,105.7,43.2,0.612,False
2026-07-16 13:51:20.152326,C-Scheme,119.4,44.7,0.691,False
2026-07-16 14:51:20.152326,C-Scheme,113.4,42.4,0.656,False
2026-07-16 15:51:20.152326,C-Scheme,96.8,49.8,0.56,False
2026-07-16 16:51:20.152326,C-Scheme,95.4,44.8,0.552,False
2026-07-16 17:51:20.152326,C-Scheme,172.5,28.2,0.998,False
2026-07-16 18:51:20.152326,C-Scheme,175.8,34.3,1.0,False
2026-07-16 19:51:20.152326,C-Scheme,164.0,31.7,0.949,False
2026-07-16 20:51:20.152326,C-Scheme,111.4,43.2,0.645,False
2026-07-16 21:51:20.152326,C-Scheme,102.0,44.0,0.59,False
2026-07-16 22:51:20.152326,C-Scheme,106.4,45.9,0.616,False
2026-07-16 23:51:20.152326,C-Scheme,113.8,42.1,0.659,False
2026-07-17 00:51:20.152326,C-Scheme,124.4,38.9,0.72,False
2026-07-17 01:51:20.152326,C-Scheme,93.7,44.5,0.542,False
2026-07-17 02:51:20.152326,C-Scheme,91.5,47.4,0.53,False
2026-07-17 03:51:20.152326,C-Scheme,95.0,42.0,0.55,False
2026-07-17 04:51:20.152326,C-Scheme,96.1,40.9,0.556,True
2026-07-17 05:51:20.152326,C-Scheme,108.2,48.0,0.626,False
2026-07-17 06:51:20.152326,C-Scheme,101.0,48.0,0.584,False
2026-07-17 07:51:20.152326,C-Scheme,156.5,32.8,0.906,True
2026-07-17 08:51:20.152326,C-Scheme,178.0,29.2,1.0,True
2026-07-17 09:51:20.152326,C-Scheme,202.4,22.6,1.0,False
2026-07-17 10:51:20.152326,C-Scheme,108.9,42.0,0.63,False
2026-07-17 11:51:20.152326,C-Scheme,104.8,47.4,0.606,False
2026-07-17 12:51:20.152326,C-Scheme,106.5,48.8,0.616,False
2026-07-17 13:51:20.152326,C-Scheme,116.0,44.3,0.671,True
2026-07-17 14:51:20.152326,C-Scheme,109.7,37.8,0.635,False
2026-07-17 15:51:20.152326,C-Scheme,105.6,42.6,0.611,False
2026-07-17 16:51:20.152326,C-Scheme,96.6,49.4,0.559,False
2026-07-17 17:51:20.152326,C-Scheme,141.8,34.0,0.821,False
2026-07-17 18:51:20.152326,C-Scheme,183.6,30.2,1.0,False
2026-07-17 19:51:20.152326,C-Scheme,183.1,28.8,1.0,False
2026-07-17 20:51:20.152326,C-Scheme,96.4,46.7,0.558,True
2026-07-17 21:51:20.152326,C-Scheme,117.8,44.5,0.682,False
2026-07-17 22:51:20.152326,C-Scheme,104.5,42.5,0.605,False
2026-07-17 23:51:20.152326,C-Scheme,114.2,37.9,0.661,False
2026-07-18 00:51:20.152326,C-Scheme,70.9,50.8,0.411,False
2026-07-18 01:51:20.152326,C-Scheme,80.1,44.6,0.464,False
2026-07-18 02:51:20.152326,C-Scheme,85.1,43.6,0.492,False
2026-07-18 03:51:20.152326,C-Scheme,73.9,45.1,0.428,False
2026-07-18 04:51:20.152326,C-Scheme,74.4,46.1,0.431,False
2026-07-18 05:51:20.152326,C-Scheme,76.4,52.0,0.442,False
2026-07-18 06:51:20.152326,C-Scheme,88.8,45.8,0.514,False
2026-07-18 07:51:20.152326,C-Scheme,123.9,37.7,0.717,False
2026-07-18 08:51:20.152326,C-Scheme,108.1,45.9,0.626,False
2026-07-18 09:51:20.152326,C-Scheme,128.4,38.1,0.743,False
2026-07-18 10:51:20.152326,C-Scheme,94.3,42.1,0.545,False
2026-07-18 11:51:20.152326,C-Scheme,79.2,48.5,0.458,False
2026-07-18 12:51:20.152326,C-Scheme,78.3,48.3,0.453,False
2026-07-18 13:51:20.152326,C-Scheme,78.0,51.3,0.451,False
2026-07-18 14:51:20.152326,C-Scheme,81.9,48.1,0.474,False
2026-07-18 15:51:20.152326,C-Scheme,75.4,51.6,0.436,False
2026-07-18 16:51:20.152326,C-Scheme,73.6,49.1,0.426,False
2026-07-18 17:51:20.152326,C-Scheme,127.9,33.1,0.74,False
2026-07-18 18:51:20.152326,C-Scheme,135.2,35.1,0.782,False
2026-07-18 19:51:20.152326,C-Scheme,125.9,39.1,0.729,False
2026-07-18 20:51:20.152326,C-Scheme,77.9,52.3,0.451,False
2026-07-18 21:51:20.152326,C-Scheme,79.9,51.2,0.463,False
2026-07-18 22:51:20.152326,C-Scheme,73.1,43.6,0.423,False
2026-07-18 23:51:20.152326,C-Scheme,83.4,44.0,0.483,False
2026-07-19 00:51:20.152326,C-Scheme,85.1,47.3,0.492,False
2026-07-19 01:51:20.152326,C-Scheme,73.2,46.3,0.424,False
2026-07-19 02:51:20.152326,C-Scheme,77.5,47.4,0.449,False
2026-07-19 03:51:20.152326,C-Scheme,74.2,48.4,0.429,False
2026-07-19 04:51:20.152326,C-Scheme,71.1,52.0,0.411,False
2026-07-19 05:51:20.152326,C-Scheme,74.3,48.2,0.43,False
2026-07-19 06:51:20.152326,C-Scheme,83.6,46.6,0.484,False
2026-07-19 07:51:20.152326,C-Scheme,140.4,38.1,0.813,False
2026-07-19 08:51:20.152326,C-Scheme,125.8,41.9,0.728,False
2026-07-19 09:51:20.152326,C-Scheme,120.9,32.6,0.7,False
2026-07-19 10:51:20.152326,C-Scheme,87.9,51.0,0.508,False
2026-07-19 11:51:20.152326,C-Scheme,75.2,48.8,0.435,False
2026-07-19 12:51:20.152326,C-Scheme,79.8,52.1,0.462,False
2026-07-19 13:51:20.152326,C-Scheme,81.9,45.5,0.474,False
2026-07-19 14:51:20.152326,C-Scheme,82.7,50.8,0.479,False
2026-07-19 15:51:20.152326,C-Scheme,66.7,50.4,0.386,False
2026-07-19 16:51:20.152326,C-Scheme,77.3,49.6,0.447,False
2026-07-19 17:51:20.152326,C-Scheme,119.6,41.5,0.692,False
2026-07-19 18:51:20.152326,C-Scheme,137.1,32.9,0.793,False
2026-07-19 19:51:20.152326,C-Scheme,109.0,46.8,0.631,False
2026-07-19 20:51:20.152326,C-Scheme,75.8,52.2,0.438,False
2026-07-19 21:51:20.152326,C-Scheme,85.1,49.2,0.493,False
2026-07-19 22:51:20.152326,C-Scheme,79.4,53.1,0.46,False
2026-07-19 23:51:20.152326,C-Scheme,74.1,46.9,0.429,False
2026-07-20 00:51:20.152326,C-Scheme,115.4,37.5,0.668,False
2026-07-20 01:51:20.152326,C-Scheme,120.7,43.2,0.698,False
2026-07-20 02:51:20.152326,C-Scheme,106.5,39.4,0.616,False
2026-07-20 03:51:20.152326,C-Scheme,115.1,38.9,0.666,False
2026-07-20 04:51:20.152326,C-Scheme,112.9,43.5,0.654,False
2026-07-20 05:51:20.152326,C-Scheme,106.2,46.4,0.615,True
2026-07-20 06:51:20.152326,C-Scheme,124.3,38.4,0.72,False
2026-07-20 07:51:20.152326,C-Scheme,214.1,19.9,1.0,False
2026-07-20 08:51:20.152326,C-Scheme,168.0,28.2,0.972,False
2026-07-20 09:51:20.152326,C-Scheme,161.6,36.8,0.935,False
2026-07-20 10:51:20.152326,C-Scheme,96.2,42.9,0.557,False
2026-07-20 11:51:20.152326,C-Scheme,109.6,40.8,0.634,False
2026-07-20 12:51:20.152326,C-Scheme,96.0,44.4,0.555,False
2026-07-20 13:51:20.152326,C-Scheme,92.4,47.7,0.535,False
2026-07-20 14:51:20.152326,C-Scheme,102.7,45.3,0.594,False
2026-07-20 15:51:20.152326,C-Scheme,113.5,41.6,0.657,False
2026-07-20 16:51:20.152326,C-Scheme,87.0,51.5,0.503,False
2026-07-20 17:51:20.152326,C-Scheme,171.7,29.3,0.993,False
2026-07-20 18:51:20.152326,C-Scheme,167.8,28.9,0.971,False
2026-07-20 19:51:20.152326,C-Scheme,171.6,31.8,0.993,False
2026-07-20 20:51:20.152326,C-Scheme,117.0,41.0,0.677,False
2026-07-20 21:51:20.152326,C-Scheme,113.1,42.9,0.654,False
2026-07-20 22:51:20.152326,C-Scheme,117.4,40.4,0.68,False
2026-07-20 23:51:20.152326,C-Scheme,103.1,41.6,0.597,False
2026-07-21 00:51:20.152326,C-Scheme,108.8,48.4,0.63,False
2026-07-21 01:51:20.152326,C-Scheme,92.8,47.9,0.537,False
2026-07-21 02:51:20.152326,C-Scheme,113.5,47.4,0.657,False
2026-07-21 03:51:20.152326,C-Scheme,100.1,43.6,0.58,False
2026-07-21 04:51:20.152326,C-Scheme,119.1,41.5,0.689,False
2026-07-21 05:51:20.152326,C-Scheme,97.0,48.0,0.561,False
2026-07-21 06:51:20.152326,C-Scheme,107.4,41.6,0.622,False
2026-07-21 07:51:20.152326,C-Scheme,168.1,31.1,0.973,False
2026-07-21 08:51:20.152326,C-Scheme,192.0,26.2,1.0,False
2026-07-21 09:51:20.152326,C-Scheme,178.3,30.5,1.0,False
2026-07-21 10:51:20.152326,C-Scheme,111.7,40.4,0.646,False
2026-07-21 11:51:20.152326,C-Scheme,117.9,38.1,0.682,False
2026-07-21 12:51:20.152326,C-Scheme,104.2,47.3,0.603,False
2026-07-21 13:51:20.152326,C-Scheme,102.6,41.5,0.594,False
2026-07-21 14:51:20.152326,C-Scheme,108.8,41.5,0.63,False
2026-07-21 15:51:20.152326,C-Scheme,110.9,41.7,0.642,False
2026-07-21 16:51:20.152326,C-Scheme,100.0,50.1,0.579,False
2026-07-21 17:51:20.152326,C-Scheme,171.4,31.1,0.992,False
2026-07-21 18:51:20.152326,C-Scheme,143.6,35.5,0.831,False
2026-07-21 19:51:20.152326,C-Scheme,150.4,37.6,0.871,False
2026-07-21 20:51:20.152326,C-Scheme,108.2,47.5,0.626,False
2026-07-21 21:51:20.152326,C-Scheme,116.3,41.7,0.673,False
2026-07-21 22:51:20.152326,C-Scheme,110.8,41.9,0.641,False
2026-07-21 23:51:20.152326,C-Scheme,117.5,42.8,0.68,False
2026-07-22 00:51:20.152326,C-Scheme,112.4,41.6,0.651,False
2026-07-22 01:51:20.152326,C-Scheme,101.4,48.3,0.587,False
2026-07-22 02:51:20.152326,C-Scheme,117.3,37.2,0.679,False
2026-07-22 03:51:20.152326,C-Scheme,109.0,43.8,0.631,False
2026-07-22 04:51:20.152326,C-Scheme,99.6,44.7,0.576,False
2026-07-22 05:51:20.152326,C-Scheme,111.5,44.6,0.645,False
2026-07-22 06:51:20.152326,C-Scheme,98.5,42.9,0.57,False
2026-07-22 07:51:20.152326,C-Scheme,206.1,26.4,1.0,False
2026-07-22 08:51:20.152326,C-Scheme,166.7,34.9,0.965,False
2026-07-22 09:51:20.152326,C-Scheme,183.5,23.2,1.0,False
2026-07-22 10:51:20.152326,C-Scheme,123.6,43.7,0.715,False
2026-07-22 11:51:20.152326,C-Scheme,98.6,42.8,0.571,True
2026-07-22 12:51:20.152326,C-Scheme,102.3,43.8,0.592,False
2026-07-22 13:51:20.152326,C-Scheme,106.7,43.9,0.618,False
2026-07-22 14:51:20.152326,C-Scheme,110.7,36.0,0.641,False
2026-07-22 15:51:20.152326,C-Scheme,104.2,48.9,0.603,False
2026-07-22 16:51:20.152326,C-Scheme,103.9,41.7,0.601,False
2026-07-22 17:51:20.152326,C-Scheme,181.5,27.0,1.0,False
2026-07-22 18:51:20.152326,C-Scheme,153.3,34.9,0.887,False
2026-07-22 19:51:20.152326,C-Scheme,157.3,37.1,0.91,False
2026-07-22 20:51:20.152326,C-Scheme,103.5,46.6,0.599,False
2026-07-22 21:51:20.152326,C-Scheme,113.9,41.0,0.659,False
2026-07-22 22:51:20.152326,C-Scheme,99.3,44.1,0.575,False
2026-07-22 23:51:20.152326,C-Scheme,122.3,39.3,0.708,False
2026-07-23 00:51:20.152326,C-Scheme,114.9,45.0,0.665,False
2026-07-23 01:51:20.152326,C-Scheme,110.2,42.6,0.638,False
2026-07-23 02:51:20.152326,C-Scheme,94.4,47.1,0.547,False
2026-07-23 03:51:20.152326,C-Scheme,106.8,49.0,0.618,False
2026-07-23 04:51:20.152326,C-Scheme,103.9,47.0,0.601,False
2026-07-23 05:51:20.152326,C-Scheme,97.5,45.7,0.564,False
2026-07-23 06:51:20.152326,C-Scheme,104.4,44.9,0.604,False
2026-07-23 07:51:20.152326,C-Scheme,202.1,25.3,1.0,False
2026-07-23 08:51:20.152326,C-Scheme,152.7,35.9,0.884,False
2026-07-23 09:51:20.152326,C-Scheme,185.8,32.4,1.0,False
2026-07-23 10:51:20.152326,C-Scheme,118.3,42.9,0.685,False
2026-07-23 11:51:20.152326,C-Scheme,114.3,44.7,0.661,False
2026-07-23 12:51:20.152326,C-Scheme,108.6,49.4,0.629,False
2026-07-23 13:51:20.152326,C-Scheme,114.4,42.8,0.662,False
2026-07-23 14:51:20.152326,C-Scheme,111.8,44.9,0.647,False
2026-07-23 15:51:20.152326,C-Scheme,116.1,43.8,0.672,False
2026-07-23 16:51:20.152326,C-Scheme,113.0,48.2,0.654,False
2026-07-23 17:51:20.152326,C-Scheme,161.8,29.9,0.936,True
2026-07-23 18:51:20.152326,C-Scheme,148.6,33.1,0.86,False
2026-07-23 19:51:20.152326,C-Scheme,179.0,29.1,1.0,False
2026-07-23 20:51:20.152326,C-Scheme,105.2,48.8,0.609,False
2026-07-23 21:51:20.152326,C-Scheme,118.3,40.2,0.685,False
2026-07-23 22:51:20.152326,C-Scheme,107.8,40.7,0.624,False
2026-07-23 23:51:20.152326,C-Scheme,98.5,48.9,0.57,False
2026-07-24 00:51:20.152326,C-Scheme,114.6,40.9,0.663,False
2026-07-24 01:51:20.152326,C-Scheme,111.2,42.8,0.643,False
2026-07-24 02:51:20.152326,C-Scheme,121.4,41.5,0.703,False
2026-07-24 03:51:20.152326,C-Scheme,94.1,48.0,0.545,False
2026-07-24 04:51:20.152326,C-Scheme,107.3,45.0,0.621,False
2026-07-24 05:51:20.152326,C-Scheme,97.2,40.6,0.562,False
2026-07-24 06:51:20.152326,C-Scheme,97.7,44.3,0.565,False
2026-07-24 07:51:20.152326,C-Scheme,150.5,35.8,0.871,False
2026-07-24 08:51:20.152326,C-Scheme,178.8,24.8,1.0,False
2026-07-24 09:51:20.152326,C-Scheme,167.9,35.2,0.972,False
2026-07-24 10:51:20.152326,C-Scheme,94.5,50.3,0.547,False
2026-07-24 11:51:20.152326,C-Scheme,119.8,37.4,0.693,False
2026-07-24 12:51:20.152326,C-Scheme,116.4,39.8,0.674,False
2026-07-24 13:51:20.152326,C-Scheme,108.3,41.6,0.627,False
2026-07-24 14:51:20.152326,C-Scheme,117.7,41.5,0.681,False
2026-07-24 15:51:20.152326,C-Scheme,109.9,46.4,0.636,False
2026-07-24 16:51:20.152326,C-Scheme,125.7,40.0,0.727,False
2026-07-24 17:51:20.152326,C-Scheme,165.3,32.3,0.957,False
2026-07-24 18:51:20.152326,C-Scheme,153.0,36.3,0.885,False
2026-07-24 19:51:20.152326,C-Scheme,163.2,27.3,0.945,False
2026-07-24 20:51:20.152326,C-Scheme,117.2,39.3,0.678,False
2026-07-24 21:51:20.152326,C-Scheme,93.4,44.5,0.54,False
2026-07-24 22:51:20.152326,C-Scheme,116.7,38.8,0.675,False
2026-07-24 23:51:20.152326,C-Scheme,111.7,44.9,0.646,False
2026-07-25 00:51:20.152326,C-Scheme,74.6,50.9,0.432,False
2026-07-25 01:51:20.152326,C-Scheme,76.1,50.5,0.44,False
2026-07-25 02:51:20.152326,C-Scheme,75.5,51.0,0.437,False
2026-07-25 03:51:20.152326,C-Scheme,81.5,43.9,0.472,False
2026-07-25 04:51:20.152326,C-Scheme,72.6,52.3,0.42,True
2026-07-25 05:51:20.152326,C-Scheme,89.0,45.7,0.515,False
2026-07-25 06:51:20.152326,C-Scheme,70.5,53.5,0.408,False
2026-07-25 07:51:20.152326,C-Scheme,148.2,35.3,0.858,False
2026-07-25 08:51:20.152326,C-Scheme,117.4,42.5,0.679,False
2026-07-25 09:51:20.152326,C-Scheme,117.5,38.1,0.68,False
2026-07-25 10:51:20.152326,C-Scheme,73.3,50.7,0.424,False
2026-07-25 11:51:20.152326,C-Scheme,80.5,46.0,0.466,False
2026-07-25 12:51:20.152326,C-Scheme,86.1,52.6,0.498,False
2026-07-25 13:51:20.152326,C-Scheme,68.8,55.2,0.398,False
2026-07-25 14:51:20.152326,C-Scheme,77.9,48.1,0.451,False
2026-07-25 15:51:20.152326,C-Scheme,78.8,48.5,0.456,False
2026-07-25 16:51:20.152326,C-Scheme,76.2,52.8,0.441,False
2026-07-25 17:51:20.152326,C-Scheme,112.9,35.4,0.653,False
2026-07-25 18:51:20.152326,C-Scheme,111.2,38.9,0.644,False
2026-07-25 19:51:20.152326,C-Scheme,119.4,38.6,0.691,False
2026-07-25 20:51:20.152326,C-Scheme,74.6,46.4,0.432,False
2026-07-25 21:51:20.152326,C-Scheme,84.2,49.0,0.487,False
2026-07-25 22:51:20.152326,C-Scheme,64.8,54.3,0.375,False
2026-07-25 23:51:20.152326,C-Scheme,75.4,50.3,0.436,False
2026-07-26 00:51:20.152326,C-Scheme,66.0,46.7,0.382,False
2026-07-26 01:51:20.152326,C-Scheme,70.4,48.9,0.408,False
2026-07-26 02:51:20.152326,C-Scheme,72.3,48.8,0.419,False
2026-07-26 03:51:20.152326,C-Scheme,74.1,50.0,0.429,True
2026-07-26 04:51:20.152326,C-Scheme,72.4,47.4,0.419,False
2026-07-26 05:51:20.152326,C-Scheme,71.5,52.8,0.414,False
2026-07-26 06:51:20.152326,C-Scheme,76.6,48.9,0.443,False
2026-07-26 07:51:20.152326,C-Scheme,142.9,36.4,0.827,False
2026-07-26 08:51:20.152326,C-Scheme,129.9,33.4,0.752,False
2026-07-26 09:51:20.152326,C-Scheme,120.9,41.1,0.7,False
2026-07-26 10:51:20.152326,C-Scheme,68.8,47.8,0.398,False
2026-07-26 11:51:20.152326,C-Scheme,88.8,45.2,0.514,False
2026-07-26 12:51:20.152326,C-Scheme,76.9,55.0,0.445,False
2026-07-26 13:51:20.152326,C-Scheme,78.2,42.5,0.453,False
2026-07-26 14:51:20.152326,C-Scheme,71.6,49.9,0.414,True
2026-07-26 15:51:20.152326,C-Scheme,68.2,53.4,0.395,False
2026-07-26 16:51:20.152326,C-Scheme,79.4,51.2,0.459,False
2026-07-26 17:51:20.152326,C-Scheme,121.8,43.9,0.705,False
2026-07-26 18:51:20.152326,C-Scheme,123.0,39.0,0.712,False
2026-07-26 19:51:20.152326,C-Scheme,127.5,42.2,0.738,False
2026-07-26 20:51:20.152326,C-Scheme,60.2,48.3,0.348,False
2026-07-26 21:51:20.152326,C-Scheme,72.0,49.7,0.417,False
2026-07-26 22:51:20.152326,C-Scheme,71.9,51.9,0.416,False
2026-07-26 23:51:20.152326,C-Scheme,70.7,47.4,0.409,False
2026-07-27 00:51:20.152326,C-Scheme,88.3,47.6,0.511,False
2026-07-27 01:51:20.152326,C-Scheme,102.5,47.2,0.593,False
2026-07-27 02:51:20.152326,C-Scheme,115.7,42.9,0.669,False
2026-07-27 03:51:20.152326,C-Scheme,104.2,39.7,0.603,False
2026-07-27 04:51:20.152326,C-Scheme,117.6,41.0,0.68,False
2026-07-27 05:51:20.152326,C-Scheme,119.2,39.7,0.69,False
2026-07-27 06:51:20.152326,C-Scheme,109.9,47.3,0.636,False
2026-07-27 07:51:20.152326,C-Scheme,186.5,24.1,1.0,False
2026-07-27 08:51:20.152326,C-Scheme,196.4,21.4,1.0,False
2026-07-27 09:51:20.152326,C-Scheme,162.9,29.5,0.943,False
2026-07-27 10:51:20.152326,C-Scheme,95.9,46.6,0.555,False
2026-07-27 11:51:20.152326,C-Scheme,104.2,46.9,0.603,False
2026-07-27 12:51:20.152326,C-Scheme,108.1,36.4,0.626,False
2026-07-27 13:51:20.152326,C-Scheme,106.6,43.9,0.617,False
2026-07-27 14:51:20.152326,C-Scheme,106.8,40.1,0.618,False
2026-07-27 15:51:20.152326,C-Scheme,118.9,45.6,0.688,False
2026-07-27 16:51:20.152326,C-Scheme,113.0,39.7,0.654,False
2026-07-27 17:51:20.152326,C-Scheme,161.3,30.5,0.933,False
2026-07-27 18:51:20.152326,C-Scheme,143.8,36.5,0.832,False
2026-07-27 19:51:20.152326,C-Scheme,158.9,27.5,0.919,False
2026-07-27 20:51:20.152326,C-Scheme,114.3,45.7,0.662,False
2026-07-27 21:51:20.152326,C-Scheme,103.9,43.7,0.601,False
2026-07-27 22:51:20.152326,C-Scheme,111.3,42.3,0.644,False
2026-07-27 23:51:20.152326,C-Scheme,129.4,35.1,0.749,False
2026-07-28 00:51:20.152326,C-Scheme,115.5,47.1,0.668,False
2026-07-28 01:51:20.152326,C-Scheme,91.7,46.4,0.531,False
2026-07-28 02:51:20.152326,C-Scheme,93.4,43.4,0.541,False
2026-07-28 03:51:20.152326,C-Scheme,102.8,40.1,0.595,False
2026-07-28 04:51:20.152326,C-Scheme,104.5,43.1,0.605,False
2026-07-28 05:51:20.152326,C-Scheme,119.8,42.9,0.693,False
2026-07-28 06:51:20.152326,C-Scheme,101.9,46.2,0.589,False
2026-07-28 07:51:20.152326,C-Scheme,176.9,27.7,1.0,False
2026-07-28 08:51:20.152326,C-Scheme,185.1,25.3,1.0,False
2026-07-28 09:51:20.152326,C-Scheme,198.7,21.3,1.0,False
2026-07-28 10:51:20.152326,C-Scheme,106.7,45.6,0.617,False
2026-07-28 11:51:20.152326,C-Scheme,104.3,41.8,0.604,False
2026-07-28 12:51:20.152326,C-Scheme,100.5,47.8,0.582,False
2026-07-28 13:51:20.152326,C-Scheme,108.2,46.5,0.626,True
2026-07-28 14:51:20.152326,C-Scheme,101.7,46.8,0.588,False
2026-07-28 15:51:20.152326,C-Scheme,105.6,39.8,0.611,False
2026-07-28 16:51:20.152326,C-Scheme,101.1,46.3,0.585,False
2026-07-28 17:51:20.152326,C-Scheme,160.2,36.7,0.927,False
2026-07-28 18:51:20.152326,C-Scheme,167.5,33.0,0.97,False
2026-07-28 19:51:20.152326,C-Scheme,185.5,19.5,1.0,False
2026-07-28 20:51:20.152326,C-Scheme,109.9,45.2,0.636,False
2026-07-28 21:51:20.152326,C-Scheme,115.5,41.8,0.668,False
2026-07-28 22:51:20.152326,C-Scheme,104.5,42.7,0.605,False
2026-07-28 23:51:20.152326,C-Scheme,116.4,37.0,0.674,False
2026-07-29 00:51:20.152326,C-Scheme,119.7,40.0,0.693,False
2026-07-29 01:51:20.152326,C-Scheme,97.5,47.1,0.564,False
2026-07-29 02:51:20.152326,C-Scheme,90.1,46.8,0.522,False
2026-07-29 03:51:20.152326,C-Scheme,79.4,48.5,0.459,False
2026-07-29 04:51:20.152326,C-Scheme,98.2,43.1,0.568,False
2026-07-29 05:51:20.152326,C-Scheme,107.7,41.5,0.623,False
2026-07-29 06:51:20.152326,C-Scheme,113.1,37.0,0.655,False
2026-07-29 07:51:20.152326,C-Scheme,167.5,30.2,0.969,False
2026-07-29 08:51:20.152326,C-Scheme,171.7,32.1,0.994,False
2026-07-29 09:51:20.152326,C-Scheme,186.8,24.1,1.0,False
2026-07-29 10:51:20.152326,C-Scheme,105.5,47.5,0.611,False
2026-07-29 11:51:20.152326,C-Scheme,116.2,44.2,0.673,False
2026-07-29 12:51:20.152326,C-Scheme,127.8,40.4,0.74,False
2026-07-29 13:51:20.152326,C-Scheme,107.7,45.4,0.623,False
2026-07-29 14:51:20.152326,C-Scheme,116.6,40.4,0.675,False
2026-07-29 15:51:20.152326,C-Scheme,117.1,39.0,0.678,False
2026-07-29 16:51:20.152326,C-Scheme,103.8,48.9,0.601,False
2026-07-29 17:51:20.152326,C-Scheme,171.9,29.1,0.995,False
2026-07-29 18:51:20.152326,C-Scheme,173.2,35.1,1.0,False
2026-07-29 19:51:20.152326,C-Scheme,168.6,32.5,0.976,True
2026-07-29 20:51:20.152326,C-Scheme,98.8,46.6,0.572,False
2026-07-29 21:51:20.152326,C-Scheme,119.5,38.4,0.692,False
2026-07-29 22:51:20.152326,C-Scheme,113.7,42.7,0.658,False
2026-07-29 23:51:20.152326,C-Scheme,113.1,43.6,0.655,False
2026-07-30 00:51:20.152326,C-Scheme,110.5,45.2,0.64,False
2026-07-30 01:51:20.152326,C-Scheme,104.9,44.1,0.607,False
2026-07-30 02:51:20.152326,C-Scheme,109.7,46.5,0.635,False
2026-07-30 03:51:20.152326,C-Scheme,101.8,49.3,0.589,False
2026-07-30 04:51:20.152326,C-Scheme,116.1,37.4,0.672,False
2026-07-30 05:51:20.152326,C-Scheme,103.0,40.8,0.596,False
2026-07-30 06:51:20.152326,C-Scheme,110.8,42.6,0.641,False
2026-07-30 07:51:20.152326,C-Scheme,178.6,27.0,1.0,False
2026-07-30 08:51:20.152326,C-Scheme,184.3,31.4,1.0,False
2026-07-30 09:51:20.152326,C-Scheme,181.7,28.6,1.0,False
2026-07-30 10:51:20.152326,C-Scheme,112.8,43.1,0.653,False
2026-07-30 11:51:20.152326,C-Scheme,99.4,48.2,0.575,False
2026-07-30 12:51:20.152326,C-Scheme,102.7,39.5,0.594,False
2026-07-30 13:51:20.152326,C-Scheme,97.4,42.6,0.563,False
2026-07-30 14:51:20.152326,C-Scheme,113.1,39.0,0.654,False
2026-07-30 15:51:20.152326,C-Scheme,108.2,44.8,0.626,False
2026-07-30 16:51:20.152326,C-Scheme,112.7,43.5,0.652,False
2026-07-30 17:51:20.152326,C-Scheme,184.9,23.8,1.0,False
2026-07-30 18:51:20.152326,C-Scheme,156.1,39.7,0.903,False
2026-07-30 19:51:20.152326,C-Scheme,177.2,30.6,1.0,False
2026-07-30 20:51:20.152326,C-Scheme,101.8,45.2,0.589,False
2026-07-30 21:51:20.152326,C-Scheme,113.3,47.8,0.656,False
2026-07-30 22:51:20.152326,C-Scheme,104.4,39.2,0.604,False
2026-07-30 23:51:20.152326,C-Scheme,115.8,44.0,0.67,False
2026-07-31 00:51:20.152326,C-Scheme,126.1,43.5,0.73,False
2026-07-31 01:51:20.152326,C-Scheme,87.8,47.9,0.508,False
2026-07-31 02:51:20.152326,C-Scheme,117.9,44.5,0.683,False
2026-07-31 03:51:20.152326,C-Scheme,95.1,41.7,0.55,False
2026-07-31 04:51:20.152326,C-Scheme,117.5,38.0,0.68,False
2026-07-31 05:51:20.152326,C-Scheme,128.5,39.7,0.744,False
2026-07-31 06:51:20.152326,C-Scheme,101.9,44.6,0.589,False
2026-07-31 07:51:20.152326,C-Scheme,186.4,28.5,1.0,False
2026-07-31 08:51:20.152326,C-Scheme,164.8,24.8,0.954,False
2026-07-31 09:51:20.152326,C-Scheme,175.7,33.4,1.0,False
2026-07-31 10:51:20.152326,C-Scheme,114.0,43.8,0.66,False
2026-07-31 11:51:20.152326,C-Scheme,106.1,40.5,0.614,False
2026-07-31 12:51:20.152326,C-Scheme,100.4,49.2,0.581,False
2026-07-31 13:51:20.152326,C-Scheme,114.7,41.3,0.664,False
2026-07-31 14:51:20.152326,C-Scheme,115.8,40.8,0.67,False
2026-07-31 15:51:20.152326,C-Scheme,102.7,38.2,0.594,False
2026-07-31 16:51:20.152326,C-Scheme,95.7,47.2,0.554,False
2026-07-31 17:51:20.152326,C-Scheme,170.0,27.5,0.984,False
2026-07-31 18:51:20.152326,C-Scheme,169.9,26.5,0.983,False
2026-07-31 19:51:20.152326,C-Scheme,178.4,26.0,1.0,False
2026-07-31 20:51:20.152326,C-Scheme,111.2,38.7,0.644,False
2026-07-31 21:51:20.152326,C-Scheme,112.7,38.1,0.652,False
2026-07-31 22:51:20.152326,C-Scheme,103.0,37.3,0.596,False
2026-07-31 23:51:20.152326,C-Scheme,114.1,41.9,0.66,True
2026-08-01 00:51:20.152326,C-Scheme,80.0,49.9,0.463,False
2026-08-01 01:51:20.152326,C-Scheme,84.0,49.9,0.486,False
2026-08-01 02:51:20.152326,C-Scheme,77.8,46.7,0.45,False
2026-08-01 03:51:20.152326,C-Scheme,67.3,56.7,0.39,False
2026-08-01 04:51:20.152326,C-Scheme,81.4,49.1,0.471,False
2026-08-01 05:51:20.152326,C-Scheme,71.5,46.3,0.414,False
2026-08-01 06:51:20.152326,C-Scheme,82.0,45.9,0.474,False
2026-08-01 07:51:20.152326,C-Scheme,119.6,36.5,0.692,False
2026-08-01 08:51:20.152326,C-Scheme,142.3,31.9,0.824,False
2026-08-01 09:51:20.152326,C-Scheme,120.7,39.4,0.698,False
2026-08-01 10:51:20.152326,C-Scheme,70.0,47.8,0.405,False
2026-08-01 11:51:20.152326,C-Scheme,66.8,53.7,0.387,False
2026-08-01 12:51:20.152326,C-Scheme,78.9,52.2,0.457,False
2026-08-01 13:51:20.152326,C-Scheme,80.3,45.9,0.465,False
2026-08-01 14:51:20.152326,C-Scheme,83.4,50.0,0.483,False
2026-08-01 15:51:20.152326,C-Scheme,72.8,49.9,0.421,False
2026-08-01 16:51:20.152326,C-Scheme,75.8,44.2,0.439,False
2026-08-01 17:51:20.152326,C-Scheme,118.4,45.5,0.685,False
2026-08-01 18:51:20.152326,C-Scheme,117.8,40.9,0.682,False
2026-08-01 19:51:20.152326,C-Scheme,104.8,42.2,0.606,False
2026-08-01 20:51:20.152326,C-Scheme,79.9,45.6,0.463,False
2026-08-01 21:51:20.152326,C-Scheme,70.3,52.7,0.407,False
2026-08-01 22:51:20.152326,C-Scheme,75.1,51.4,0.435,False
2026-08-01 23:51:20.152326,C-Scheme,90.7,54.3,0.525,False
2026-08-02 00:51:20.152326,C-Scheme,73.5,46.8,0.426,False
2026-08-02 01:51:20.152326,C-Scheme,67.5,45.0,0.391,False
2026-08-02 02:51:20.152326,C-Scheme,75.7,42.6,0.438,False
2026-08-02 03:51:20.152326,C-Scheme,80.3,51.9,0.465,False
2026-08-02 04:51:20.152326,C-Scheme,83.8,48.8,0.485,False
2026-08-02 05:51:20.152326,C-Scheme,79.5,49.1,0.46,False
2026-08-02 06:51:20.152326,C-Scheme,71.8,49.2,0.415,False
2026-08-02 07:51:20.152326,C-Scheme,138.2,38.7,0.8,False
2026-08-02 08:51:20.152326,C-Scheme,120.1,36.0,0.695,False
2026-08-02 09:51:20.152326,C-Scheme,100.6,42.5,0.582,False
2026-08-02 10:51:20.152326,C-Scheme,74.7,44.3,0.433,False
2026-08-02 11:51:20.152326,C-Scheme,77.8,50.0,0.45,False
2026-08-02 12:51:20.152326,C-Scheme,70.6,51.1,0.408,False
2026-08-02 13:51:20.152326,C-Scheme,76.7,48.5,0.444,False
2026-08-02 14:51:20.152326,C-Scheme,76.5,47.8,0.443,False
2026-08-02 15:51:20.152326,C-Scheme,77.6,52.4,0.449,False
2026-08-02 16:51:20.152326,C-Scheme,80.1,45.9,0.464,False
2026-08-02 17:51:20.152326,C-Scheme,104.7,38.0,0.606,False
2026-08-02 18:51:20.152326,C-Scheme,121.5,42.7,0.703,False
2026-08-02 19:51:20.152326,C-Scheme,106.3,43.8,0.615,False
2026-08-02 20:51:20.152326,C-Scheme,75.6,48.7,0.437,False
2026-08-02 21:51:20.152326,C-Scheme,67.4,55.4,0.39,False
2026-08-02 22:51:20.152326,C-Scheme,83.5,47.2,0.483,False
2026-08-02 23:51:20.152326,C-Scheme,87.8,46.6,0.508,False
2026-08-03 00:51:20.152326,C-Scheme,115.4,44.5,0.668,False
2026-08-03 01:51:20.152326,C-Scheme,96.6,45.6,0.559,False
2026-08-03 02:51:20.152326,C-Scheme,124.5,44.0,0.72,False
2026-08-03 03:51:20.152326,C-Scheme,119.6,40.5,0.692,False
2026-08-03 04:51:20.152326,C-Scheme,112.0,40.5,0.648,False
2026-08-03 05:51:20.152326,C-Scheme,112.9,47.3,0.653,False
2026-08-03 06:51:20.152326,C-Scheme,109.0,48.1,0.631,False
2026-08-03 07:51:20.152326,C-Scheme,215.4,27.8,1.0,False
2026-08-03 08:51:20.152326,C-Scheme,203.6,20.9,1.0,False
2026-08-03 09:51:20.152326,C-Scheme,179.9,30.5,1.0,False
2026-08-03 10:51:20.152326,C-Scheme,104.9,42.5,0.607,False
2026-08-03 11:51:20.152326,C-Scheme,102.2,41.0,0.591,False
2026-08-03 12:51:20.152326,C-Scheme,113.5,42.8,0.657,False
2026-08-03 13:51:20.152326,C-Scheme,127.2,40.8,0.736,False
2026-08-03 14:51:20.152326,C-Scheme,107.0,46.0,0.619,False
2026-08-03 15:51:20.152326,C-Scheme,98.4,49.5,0.569,False
2026-08-03 16:51:20.152326,C-Scheme,94.3,50.8,0.546,False
2026-08-03 17:51:20.152326,C-Scheme,176.6,30.4,1.0,False
2026-08-03 18:51:20.152326,C-Scheme,176.8,30.9,1.0,False
2026-08-03 19:51:20.152326,C-Scheme,161.4,32.3,0.934,False
2026-08-03 20:51:20.152326,C-Scheme,118.1,38.3,0.683,False
2026-08-03 21:51:20.152326,C-Scheme,100.0,43.9,0.579,False
2026-08-03 22:51:20.152326,C-Scheme,93.6,41.0,0.542,False
2026-08-03 23:51:20.152326,C-Scheme,117.2,39.0,0.678,False
2026-08-04 00:51:20.152326,C-Scheme,96.1,42.5,0.556,False
2026-08-04 01:51:20.152326,C-Scheme,100.1,46.4,0.579,False
2026-08-04 02:51:20.152326,C-Scheme,116.8,39.1,0.676,False
2026-08-04 03:51:20.152326,C-Scheme,104.4,47.0,0.604,False
2026-08-04 04:51:20.152326,C-Scheme,112.8,41.7,0.653,False
2026-08-04 05:51:20.152326,C-Scheme,102.1,41.3,0.591,False
2026-08-04 06:51:20.152326,C-Scheme,105.8,41.4,0.613,False
2026-08-04 07:51:20.152326,C-Scheme,165.6,35.4,0.959,False
2026-08-04 08:51:20.152326,C-Scheme,153.4,30.4,0.888,False
2026-08-04 09:51:20.152326,C-Scheme,186.1,31.2,1.0,False
2026-08-04 10:51:20.152326,C-Scheme,106.5,43.1,0.617,False
2026-08-04 11:51:20.152326,C-Scheme,87.1,42.1,0.504,False
2026-08-04 12:51:20.152326,C-Scheme,97.1,40.7,0.562,False
2026-08-04 13:51:20.152326,C-Scheme,91.1,48.1,0.527,False
2026-08-04 14:51:20.152326,C-Scheme,93.8,48.4,0.543,False
2026-08-04 15:51:20.152326,C-Scheme,101.8,41.5,0.589,False
2026-08-04 16:51:20.152326,C-Scheme,89.3,41.7,0.517,False
2026-08-04 17:51:20.152326,C-Scheme,155.8,39.5,0.902,False
2026-08-04 18:51:20.152326,C-Scheme,179.7,32.1,1.0,False
2026-08-04 19:51:20.152326,C-Scheme,180.6,25.6,1.0,False
2026-08-04 20:51:20.152326,C-Scheme,87.3,44.0,0.505,False
2026-08-04 21:51:20.152326,C-Scheme,99.7,40.9,0.577,False
2026-08-04 22:51:20.152326,C-Scheme,115.5,41.6,0.668,False
2026-08-04 23:51:20.152326,C-Scheme,110.7,44.6,0.641,False
2026-08-05 00:51:20.152326,C-Scheme,104.1,40.7,0.603,False
2026-08-05 01:51:20.152326,C-Scheme,109.4,35.4,0.633,False
2026-08-05 02:51:20.152326,C-Scheme,117.4,39.9,0.679,False
2026-08-05 03:51:20.152326,C-Scheme,111.4,37.1,0.645,False
2026-08-05 04:51:20.152326,C-Scheme,122.0,38.4,0.706,True
2026-08-05 05:51:20.152326,C-Scheme,116.3,48.4,0.673,False
2026-08-05 06:51:20.152326,C-Scheme,106.1,47.1,0.614,False
2026-08-05 07:51:20.152326,C-Scheme,182.0,31.4,1.0,False
2026-08-05 08:51:20.152326,C-Scheme,187.5,26.3,1.0,False
2026-08-05 09:51:20.152326,C-Scheme,146.7,35.8,0.849,False
2026-08-05 10:51:20.152326,C-Scheme,117.3,41.1,0.679,False
2026-08-05 11:51:20.152326,C-Scheme,130.8,37.8,0.757,False
2026-08-05 12:51:20.152326,C-Scheme,101.5,44.7,0.588,False
2026-08-05 13:51:20.152326,C-Scheme,108.5,43.5,0.628,False
2026-08-05 14:51:20.152326,C-Scheme,92.5,48.6,0.535,False
2026-08-05 15:51:20.152326,C-Scheme,111.1,42.5,0.643,False
2026-08-05 16:51:20.152326,C-Scheme,104.6,48.1,0.605,False
2026-08-05 17:51:20.152326,C-Scheme,174.1,30.3,1.0,False
2026-08-05 18:51:20.152326,C-Scheme,143.3,29.8,0.829,False
2026-08-05 19:51:20.152326,C-Scheme,198.7,25.2,1.0,False
2026-08-05 20:51:20.152326,C-Scheme,116.1,44.6,0.672,False
2026-08-05 21:51:20.152326,C-Scheme,118.4,43.4,0.685,False
2026-08-05 22:51:20.152326,C-Scheme,113.1,44.3,0.654,False
2026-08-05 23:51:20.152326,C-Scheme,116.8,40.6,0.676,False
2026-08-06 00:51:20.152326,C-Scheme,110.0,44.8,0.637,False
2026-08-06 01:51:20.152326,C-Scheme,108.4,38.9,0.628,False
2026-08-06 02:51:20.152326,C-Scheme,92.2,43.6,0.534,False
2026-08-06 03:51:20.152326,C-Scheme,121.4,41.0,0.702,False
2026-08-06 04:51:20.152326,C-Scheme,94.8,43.7,0.549,False
2026-08-06 05:51:20.152326,C-Scheme,113.5,44.0,0.657,False
2026-08-06 06:51:20.152326,C-Scheme,103.7,45.3,0.6,False
2026-08-06 07:51:20.152326,C-Scheme,173.0,26.3,1.0,False
2026-08-06 08:51:20.152326,C-Scheme,162.6,27.7,0.941,False
2026-08-06 09:51:20.152326,C-Scheme,179.2,30.0,1.0,False
2026-08-06 10:51:20.152326,C-Scheme,121.4,33.1,0.703,False
2026-08-06 11:51:20.152326,C-Scheme,93.3,48.9,0.54,True
2026-08-06 12:51:20.152326,C-Scheme,107.5,43.1,0.622,False
2026-08-06 13:51:20.152326,C-Scheme,115.1,45.5,0.666,False
2026-08-06 14:51:20.152326,C-Scheme,101.2,42.5,0.586,False
2026-08-06 15:51:20.152326,C-Scheme,111.4,42.1,0.645,False
2026-08-06 16:51:20.152326,C-Scheme,112.4,40.0,0.65,False
2026-08-06 17:51:20.152326,C-Scheme,164.0,26.8,0.949,False
2026-08-06 18:51:20.152326,C-Scheme,162.1,33.0,0.938,False
2026-08-06 19:51:20.152326,C-Scheme,175.0,30.6,1.0,False
2026-08-06 20:51:20.152326,C-Scheme,116.5,42.4,0.674,False
2026-08-06 21:51:20.152326,C-Scheme,108.8,41.0,0.63,False
2026-08-06 22:51:20.152326,C-Scheme,115.4,35.4,0.668,False
2026-08-06 23:51:20.152326,C-Scheme,104.6,38.8,0.605,False
2026-08-07 00:51:20.152326,C-Scheme,110.4,46.3,0.639,False
2026-08-07 01:51:20.152326,C-Scheme,124.2,39.6,0.719,False
2026-08-07 02:51:20.152326,C-Scheme,123.8,44.8,0.716,False
2026-08-07 03:51:20.152326,C-Scheme,106.3,40.8,0.615,False
2026-08-07 04:51:20.152326,C-Scheme,88.7,47.5,0.513,False
2026-08-07 05:51:20.152326,C-Scheme,114.4,45.6,0.662,False
2026-08-07 06:51:20.152326,C-Scheme,113.8,43.4,0.658,False
2026-08-07 07:51:20.152326,C-Scheme,170.3,33.7,0.985,False
2026-08-07 08:51:20.152326,C-Scheme,219.7,23.5,1.0,False
2026-08-07 09:51:20.152326,C-Scheme,172.2,31.1,0.997,False
2026-08-07 10:51:20.152326,C-Scheme,115.0,40.3,0.665,False
2026-08-07 11:51:20.152326,C-Scheme,117.0,41.3,0.677,False
2026-08-07 12:51:20.152326,C-Scheme,80.8,47.5,0.468,False
2026-08-07 13:51:20.152326,C-Scheme,111.6,41.5,0.646,False
2026-08-07 14:51:20.152326,C-Scheme,112.1,38.2,0.649,False
2026-08-07 15:51:20.152326,C-Scheme,100.9,41.7,0.584,False
2026-08-07 16:51:20.152326,C-Scheme,121.1,44.3,0.701,False
2026-08-07 17:51:20.152326,C-Scheme,158.9,31.0,0.919,False
2026-08-07 18:51:20.152326,C-Scheme,146.2,38.4,0.846,False
2026-08-07 19:51:20.152326,C-Scheme,191.7,27.4,1.0,False
2026-08-07 20:51:20.152326,C-Scheme,117.4,42.1,0.679,False
2026-08-07 21:51:20.152326,C-Scheme,91.0,48.0,0.527,False
2026-08-07 22:51:20.152326,C-Scheme,104.9,40.8,0.607,False
2026-08-07 23:51:20.152326,C-Scheme,95.5,43.8,0.552,False
2026-08-08 00:51:20.152326,C-Scheme,70.1,45.5,0.406,False
2026-08-08 01:51:20.152326,C-Scheme,65.7,50.3,0.38,False
2026-08-08 02:51:20.152326,C-Scheme,75.3,43.6,0.436,False
2026-08-08 03:51:20.152326,C-Scheme,78.0,52.6,0.452,False
2026-08-08 04:51:20.152326,C-Scheme,80.9,49.2,0.468,False
2026-08-08 05:51:20.152326,C-Scheme,73.6,52.9,0.426,False
2026-08-08 06:51:20.152326,C-Scheme,73.5,49.2,0.425,False
2026-08-08 07:51:20.152326,C-Scheme,137.9,37.4,0.798,False
2026-08-08 08:51:20.152326,C-Scheme,119.7,40.8,0.693,False
2026-08-08 09:51:20.152326,C-Scheme,111.8,37.9,0.647,False
2026-08-08 10:51:20.152326,C-Scheme,75.3,52.2,0.436,False
2026-08-08 11:51:20.152326,C-Scheme,78.1,48.3,0.452,False
2026-08-08 12:51:20.152326,C-Scheme,63.3,51.9,0.366,False
2026-08-08 13:51:20.152326,C-Scheme,80.2,49.9,0.464,False
2026-08-08 14:51:20.152326,C-Scheme,64.1,48.5,0.371,False
2026-08-08 15:51:20.152326,C-Scheme,73.7,54.7,0.427,False
2026-08-08 16:51:20.152326,C-Scheme,73.8,52.1,0.427,False
2026-08-08 17:51:20.152326,C-Scheme,105.9,43.2,0.613,False
2026-08-08 18:51:20.152326,C-Scheme,113.7,42.1,0.658,False
2026-08-08 19:51:20.152326,C-Scheme,103.7,42.7,0.6,False
2026-08-08 20:51:20.152326,C-Scheme,74.4,47.7,0.431,False
2026-08-08 21:51:20.152326,C-Scheme,71.6,47.9,0.414,False
2026-08-08 22:51:20.152326,C-Scheme,84.9,41.0,0.491,False
2026-08-08 23:51:20.152326,C-Scheme,75.4,42.2,0.436,False
2026-08-09 00:51:20.152326,C-Scheme,78.2,47.4,0.453,False
2026-08-09 01:51:20.152326,C-Scheme,74.5,46.5,0.431,False
2026-08-09 02:51:20.152326,C-Scheme,74.3,54.2,0.43,False
2026-08-09 03:51:20.152326,C-Scheme,73.3,44.3,0.424,False
2026-08-09 04:51:20.152326,C-Scheme,76.3,51.1,0.442,False
2026-08-09 05:51:20.152326,C-Scheme,75.1,47.8,0.435,False
2026-08-09 06:51:20.152326,C-Scheme,78.5,47.9,0.454,False
2026-08-09 07:51:20.152326,C-Scheme,133.7,36.7,0.773,False
2026-08-09 08:51:20.152326,C-Scheme,122.9,40.4,0.711,False
2026-08-09 09:51:20.152326,C-Scheme,112.0,35.8,0.648,False
2026-08-09 10:51:20.152326,C-Scheme,79.3,49.2,0.459,False
2026-08-09 11:51:20.152326,C-Scheme,75.7,52.8,0.438,False
2026-08-09 12:51:20.152326,C-Scheme,74.0,51.2,0.428,False
2026-08-09 13:51:20.152326,C-Scheme,75.9,51.4,0.439,False
2026-08-09 14:51:20.152326,C-Scheme,81.0,50.2,0.469,False
2026-08-09 15:51:20.152326,C-Scheme,70.3,52.4,0.407,False
2026-08-09 16:51:20.152326,C-Scheme,71.0,49.4,0.411,False
2026-08-09 17:51:20.152326,C-Scheme,126.3,42.9,0.731,False
2026-08-09 18:51:20.152326,C-Scheme,123.6,40.9,0.715,False
2026-08-09 19:51:20.152326,C-Scheme,107.5,40.5,0.622,False
2026-08-09 20:51:20.152326,C-Scheme,87.3,49.9,0.505,False
2026-08-09 21:51:20.152326,C-Scheme,84.3,47.6,0.488,False
2026-08-09 22:51:20.152326,C-Scheme,81.7,47.8,0.473,False
2026-08-09 23:51:20.152326,C-Scheme,76.4,44.2,0.442,False
2026-08-10 00:51:20.152326,C-Scheme,119.9,40.8,0.694,False
2026-08-10 01:51:20.152326,C-Scheme,105.2,49.7,0.609,False
2026-08-10 02:51:20.152326,C-Scheme,103.8,46.1,0.601,False
2026-08-10 03:51:20.152326,C-Scheme,103.4,37.2,0.599,False
2026-08-10 04:51:20.152326,C-Scheme,107.9,40.7,0.625,False
2026-08-10 05:51:20.152326,C-Scheme,107.3,45.7,0.621,False
2026-08-10 06:51:20.152326,C-Scheme,115.2,37.3,0.666,False
2026-08-10 07:51:20.152326,C-Scheme,161.6,30.9,0.935,False
2026-08-10 08:51:20.152326,C-Scheme,179.0,30.1,1.0,False
2026-08-10 09:51:20.152326,C-Scheme,188.7,23.3,1.0,False
2026-08-10 10:51:20.152326,C-Scheme,99.8,49.7,0.577,False
2026-08-10 11:51:20.152326,C-Scheme,89.1,47.1,0.515,False
2026-08-10 12:51:20.152326,C-Scheme,99.7,42.9,0.577,False
2026-08-10 13:51:20.152326,C-Scheme,107.8,41.6,0.624,False
2026-08-10 14:51:20.152326,C-Scheme,103.7,40.9,0.6,False
2026-08-10 15:51:20.152326,C-Scheme,108.5,44.6,0.628,False
2026-08-10 16:51:20.152326,C-Scheme,99.5,46.7,0.576,False
2026-08-10 17:51:20.152326,C-Scheme,168.6,32.5,0.976,False
2026-08-10 18:51:20.152326,C-Scheme,169.4,30.3,0.98,False
2026-08-10 19:51:20.152326,C-Scheme,190.3,24.1,1.0,False
2026-08-10 20:51:20.152326,C-Scheme,107.0,44.0,0.619,False
2026-08-10 21:51:20.152326,C-Scheme,119.0,46.3,0.688,False
2026-08-10 22:51:20.152326,C-Scheme,104.3,37.2,0.604,False
2026-08-10 23:51:20.152326,C-Scheme,110.5,45.4,0.64,False
2026-08-11 00:51:20.152326,C-Scheme,90.1,49.4,0.522,False
2026-08-11 01:51:20.152326,C-Scheme,94.0,53.3,0.544,False
2026-08-11 02:51:20.152326,C-Scheme,124.9,41.7,0.723,False
2026-08-11 03:51:20.152326,C-Scheme,112.3,41.8,0.65,False
2026-08-11 04:51:20.152326,C-Scheme,106.5,48.1,0.616,False
2026-08-11 05:51:20.152326,C-Scheme,107.1,39.2,0.62,False
2026-08-11 06:51:20.152326,C-Scheme,111.2,40.0,0.644,False
2026-08-11 07:51:20.152326,C-Scheme,158.1,36.1,0.915,False
2026-08-11 08:51:20.152326,C-Scheme,172.5,25.9,0.998,False
2026-08-11 09:51:20.152326,C-Scheme,168.2,36.7,0.973,False
2026-08-11 10:51:20.152326,C-Scheme,122.6,37.6,0.71,False
2026-08-11 11:51:20.152326,C-Scheme,116.0,44.6,0.671,False
2026-08-11 12:51:20.152326,C-Scheme,109.0,45.6,0.631,False
2026-08-11 13:51:20.152326,C-Scheme,103.6,42.4,0.599,False
2026-08-11 14:51:20.152326,C-Scheme,109.4,38.1,0.633,False
2026-08-11 15:51:20.152326,C-Scheme,103.7,45.3,0.6,False
2026-08-11 16:51:20.152326,C-Scheme,103.7,45.0,0.6,False
2026-08-11 17:51:20.152326,C-Scheme,170.9,32.3,0.989,False
2026-08-11 18:51:20.152326,C-Scheme,160.8,32.8,0.931,False
2026-08-11 19:51:20.152326,C-Scheme,176.9,26.3,1.0,False
2026-08-11 20:51:20.152326,C-Scheme,121.7,44.9,0.704,False
2026-08-11 21:51:20.152326,C-Scheme,103.8,46.8,0.601,False
2026-08-11 22:51:20.152326,C-Scheme,102.1,40.8,0.591,False
2026-08-11 23:51:20.152326,C-Scheme,114.5,38.0,0.663,False
2026-08-12 00:51:20.152326,C-Scheme,108.6,42.0,0.628,False
2026-08-12 01:51:20.152326,C-Scheme,105.2,48.6,0.609,False
2026-08-12 02:51:20.152326,C-Scheme,88.9,49.7,0.514,False
2026-08-12 03:51:20.152326,C-Scheme,105.2,47.3,0.609,False
2026-08-12 04:51:20.152326,C-Scheme,113.2,39.9,0.655,False
2026-08-12 05:51:20.152326,C-Scheme,111.8,39.8,0.647,False
2026-08-12 06:51:20.152326,C-Scheme,112.7,42.7,0.652,False
2026-08-12 07:51:20.152326,C-Scheme,196.1,24.3,1.0,False
2026-08-12 08:51:20.152326,C-Scheme,173.1,32.1,1.0,False
2026-08-12 09:51:20.152326,C-Scheme,167.0,27.4,0.966,False
2026-08-12 10:51:20.152326,C-Scheme,131.6,36.1,0.761,False
2026-08-12 11:51:20.152326,C-Scheme,104.6,46.0,0.605,False
2026-08-12 12:51:20.152326,C-Scheme,107.8,38.3,0.624,False
2026-08-12 13:51:20.152326,C-Scheme,105.1,40.6,0.608,False
2026-08-12 14:51:20.152326,C-Scheme,118.0,42.7,0.683,False
2026-08-12 15:51:20.152326,C-Scheme,101.4,39.8,0.587,False
2026-08-12 16:51:20.152326,C-Scheme,122.7,45.2,0.71,False
2026-08-12 17:51:20.152326,C-Scheme,171.0,24.3,0.99,False
2026-08-12 18:51:20.152326,C-Scheme,171.1,28.3,0.99,False
2026-08-12 19:51:20.152326,C-Scheme,170.4,30.5,0.986,False
2026-08-12 20:51:20.152326,C-Scheme,105.0,38.7,0.608,False
2026-08-12 21:51:20.152326,C-Scheme,113.5,43.6,0.657,False
2026-08-12 22:51:20.152326,C-Scheme,127.1,37.7,0.736,False
2026-08-12 23:51:20.152326,C-Scheme,96.3,42.2,0.557,False
2026-08-13 00:51:20.152326,C-Scheme,108.6,43.6,0.628,False
2026-08-13 01:51:20.152326,C-Scheme,110.3,31.4,0.639,False
2026-08-13 02:51:20.152326,C-Scheme,110.6,44.1,0.64,False
2026-08-13 03:51:20.152326,C-Scheme,127.4,40.3,0.737,False
2026-08-13 04:51:20.152326,C-Scheme,109.5,46.1,0.634,False
2026-08-13 05:51:20.152326,C-Scheme,99.8,47.4,0.578,False
2026-08-13 06:51:20.152326,C-Scheme,112.6,38.0,0.652,False
2026-08-13 07:51:20.152326,C-Scheme,178.0,30.8,1.0,False
2026-08-13 08:51:20.152326,C-Scheme,191.8,29.8,1.0,False
2026-08-13 09:51:20.152326,C-Scheme,168.9,28.3,0.977,False
2026-08-13 10:51:20.152326,C-Scheme,111.1,47.2,0.643,False
2026-08-13 11:51:20.152326,C-Scheme,120.1,36.7,0.695,False
2026-08-13 12:51:20.152326,C-Scheme,103.8,43.3,0.601,False
2026-08-13 13:51:20.152326,C-Scheme,111.0,45.0,0.642,False
2026-08-13 14:51:20.152326,C-Scheme,101.7,48.9,0.588,False
2026-08-13 15:51:20.152326,C-Scheme,103.9,45.0,0.601,False
2026-08-13 16:51:20.152326,C-Scheme,112.6,45.1,0.652,False
2026-08-13 17:51:20.152326,C-Scheme,156.9,31.0,0.908,False
2026-08-13 18:51:20.152326,C-Scheme,150.3,34.9,0.87,False
2026-08-13 19:51:20.152326,C-Scheme,160.2,30.7,0.927,False
2026-08-13 20:51:20.152326,C-Scheme,113.0,43.2,0.654,False
2026-08-13 21:51:20.152326,C-Scheme,99.4,47.0,0.575,False
2026-08-13 22:51:20.152326,C-Scheme,106.8,48.7,0.618,False
2026-08-13 23:51:20.152326,C-Scheme,101.2,45.5,0.586,False
2026-08-14 00:51:20.152326,C-Scheme,91.2,51.1,0.528,False
2026-08-14 01:51:20.152326,C-Scheme,111.9,43.8,0.648,False
2026-08-14 02:51:20.152326,C-Scheme,116.1,39.9,0.672,False
2026-08-14 03:51:20.152326,C-Scheme,114.1,39.3,0.66,False
2026-08-14 04:51:20.152326,C-Scheme,122.4,39.3,0.708,False
2026-08-14 05:51:20.152326,C-Scheme,114.8,42.4,0.664,False
2026-08-14 06:51:20.152326,C-Scheme,124.6,38.0,0.721,False
2026-08-14 07:51:20.152326,C-Scheme,168.1,30.8,0.973,False
2026-08-14 08:51:20.152326,C-Scheme,162.3,37.7,0.939,False
2026-08-14 09:51:20.152326,C-Scheme,182.2,25.3,1.0,False
2026-08-14 10:51:20.152326,C-Scheme,110.4,37.6,0.639,False
2026-08-14 11:51:20.152326,C-Scheme,88.4,51.0,0.511,False
2026-08-14 12:51:20.152326,C-Scheme,101.0,42.4,0.584,False
2026-08-14 13:51:20.152326,C-Scheme,116.9,44.1,0.676,False
2026-08-14 14:51:20.152326,C-Scheme,123.5,40.9,0.715,False
2026-08-14 15:51:20.152326,C-Scheme,113.2,45.3,0.655,False
2026-08-14 16:51:20.152326,C-Scheme,110.3,40.3,0.638,False
2026-08-14 17:51:20.152326,C-Scheme,163.1,33.4,0.944,False
2026-08-14 18:51:20.152326,C-Scheme,134.9,39.9,0.78,False
2026-08-14 19:51:20.152326,C-Scheme,176.5,35.5,1.0,False
2026-08-14 20:51:20.152326,C-Scheme,111.7,40.4,0.647,False
2026-08-14 21:51:20.152326,C-Scheme,102.0,45.9,0.59,False
2026-08-14 22:51:20.152326,C-Scheme,101.7,43.5,0.589,False
2026-08-14 23:51:20.152326,C-Scheme,113.0,41.4,0.654,False
2026-08-15 00:51:20.152326,C-Scheme,69.6,48.1,0.403,False
2026-08-15 01:51:20.152326,C-Scheme,72.9,47.0,0.422,False
2026-08-15 02:51:20.152326,C-Scheme,81.8,45.1,0.473,False
2026-08-15 03:51:20.152326,C-Scheme,77.9,49.3,0.451,False
2026-08-15 04:51:20.152326,C-Scheme,77.8,51.8,0.45,False
2026-08-15 05:51:20.152326,C-Scheme,78.3,48.9,0.453,False
2026-08-15 06:51:20.152326,C-Scheme,72.1,51.1,0.417,False
2026-08-15 07:51:20.152326,C-Scheme,127.3,39.9,0.737,False
2026-08-15 08:51:20.152326,C-Scheme,124.5,38.0,0.72,False
2026-08-15 09:51:20.152326,C-Scheme,115.3,44.6,0.668,False
2026-08-15 10:51:20.152326,C-Scheme,75.5,50.2,0.437,False
2026-08-15 11:51:20.152326,C-Scheme,82.4,51.5,0.477,False
2026-08-15 12:51:20.152326,C-Scheme,77.4,46.3,0.448,False
2026-08-15 13:51:20.152326,C-Scheme,82.7,44.0,0.479,False
2026-08-15 14:51:20.152326,C-Scheme,73.7,50.2,0.427,False
2026-08-15 15:51:20.152326,C-Scheme,69.2,48.5,0.4,False
2026-08-15 16:51:20.152326,C-Scheme,83.0,48.3,0.481,False
2026-08-15 17:51:20.152326,C-Scheme,117.8,39.2,0.682,False
2026-08-15 18:51:20.152326,C-Scheme,109.7,47.9,0.635,False
2026-08-15 19:51:20.152326,C-Scheme,123.7,41.4,0.716,False
2026-08-15 20:51:20.152326,C-Scheme,73.5,48.8,0.425,False
2026-08-15 21:51:20.152326,C-Scheme,62.9,52.5,0.364,False
2026-08-15 22:51:20.152326,C-Scheme,71.4,48.1,0.413,False
2026-08-15 23:51:20.152326,C-Scheme,82.5,51.1,0.477,False
2026-08-16 00:51:20.152326,C-Scheme,67.9,49.8,0.393,False
2026-08-16 01:51:20.152326,C-Scheme,76.0,47.2,0.44,False
2026-08-16 02:51:20.152326,C-Scheme,79.1,47.6,0.458,False
2026-08-16 03:51:20.152326,C-Scheme,87.5,47.9,0.506,False
2026-08-16 04:51:20.152326,C-Scheme,75.6,44.9,0.438,False
2026-08-16 05:51:20.152326,C-Scheme,78.5,48.6,0.454,False
2026-08-16 06:51:20.152326,C-Scheme,78.1,47.5,0.452,False
2026-08-16 07:51:20.152326,C-Scheme,133.1,36.4,0.77,False
2026-08-16 08:51:20.152326,C-Scheme,121.6,39.3,0.704,False
2026-08-16 09:51:20.152326,C-Scheme,125.3,37.6,0.725,False
2026-08-16 10:51:20.152326,C-Scheme,69.9,51.5,0.404,False
2026-08-16 11:51:20.152326,C-Scheme,68.5,54.4,0.396,False
2026-08-16 12:51:20.152326,C-Scheme,75.5,50.1,0.437,False
2026-08-16 13:51:20.152326,C-Scheme,79.3,49.8,0.459,False
2026-08-16 14:51:20.152326,C-Scheme,73.0,49.6,0.423,False
2026-08-16 15:51:20.152326,C-Scheme,69.5,48.9,0.402,False
2026-08-16 16:51:20.152326,C-Scheme,74.8,52.6,0.433,False
2026-08-16 17:51:20.152326,C-Scheme,122.3,43.0,0.708,False
2026-08-16 18:51:20.152326,C-Scheme,123.3,46.0,0.713,False
2026-08-16 19:51:20.152326,C-Scheme,109.8,42.4,0.635,False
2026-08-16 20:51:20.152326,C-Scheme,61.3,56.1,0.355,False
2026-08-16 21:51:20.152326,C-Scheme,72.9,46.1,0.422,False
2026-08-16 22:51:20.152326,C-Scheme,76.7,48.4,0.444,False
2026-08-16 23:51:20.152326,C-Scheme,73.2,52.6,0.424,False
2026-08-17 00:51:20.152326,C-Scheme,122.8,38.2,0.711,False
2026-08-17 01:51:20.152326,C-Scheme,100.6,41.0,0.582,False
2026-08-17 02:51:20.152326,C-Scheme,109.0,47.2,0.631,False
2026-08-17 03:51:20.152326,C-Scheme,98.8,48.3,0.572,False
2026-08-17 04:51:20.152326,C-Scheme,113.8,40.6,0.658,False
2026-08-17 05:51:20.152326,C-Scheme,103.1,42.4,0.596,False
2026-08-17 06:51:20.152326,C-Scheme,117.2,35.4,0.678,False
2026-08-17 07:51:20.152326,C-Scheme,161.3,27.0,0.934,False
2026-08-17 08:51:20.152326,C-Scheme,190.8,21.9,1.0,False
2026-08-17 09:51:20.152326,C-Scheme,179.3,32.0,1.0,False
2026-08-17 10:51:20.152326,C-Scheme,98.7,42.3,0.571,False
2026-08-17 11:51:20.152326,C-Scheme,120.6,43.6,0.698,False
2026-08-17 12:51:20.152326,C-Scheme,101.3,46.8,0.586,False
2026-08-17 13:51:20.152326,C-Scheme,108.7,41.8,0.629,False
2026-08-17 14:51:20.152326,C-Scheme,99.0,44.8,0.573,False
2026-08-17 15:51:20.152326,C-Scheme,105.7,47.2,0.612,True
2026-08-17 16:51:20.152326,C-Scheme,126.6,42.6,0.733,False
2026-08-17 17:51:20.152326,C-Scheme,139.1,36.0,0.805,False
2026-08-17 18:51:20.152326,C-Scheme,163.8,36.2,0.948,False
2026-08-17 19:51:20.152326,C-Scheme,159.3,37.4,0.922,False
2026-08-17 20:51:20.152326,C-Scheme,99.6,40.1,0.576,False
2026-08-17 21:51:20.152326,C-Scheme,113.4,39.6,0.656,False
2026-08-17 22:51:20.152326,C-Scheme,95.6,43.7,0.553,False
2026-08-17 23:51:20.152326,C-Scheme,94.9,47.4,0.549,False
2026-08-18 00:51:20.152326,C-Scheme,111.2,41.3,0.643,False
2026-08-18 01:51:20.152326,C-Scheme,109.8,41.5,0.635,False
2026-08-18 02:51:20.152326,C-Scheme,108.1,41.0,0.626,False
2026-08-18 03:51:20.152326,C-Scheme,120.2,44.1,0.696,False
2026-08-18 04:51:20.152326,C-Scheme,109.3,36.9,0.633,False
2026-08-18 05:51:20.152326,C-Scheme,100.8,39.6,0.583,False
2026-08-18 06:51:20.152326,C-Scheme,108.9,45.7,0.63,False
2026-08-18 07:51:20.152326,C-Scheme,177.3,28.9,1.0,False
2026-08-18 08:51:20.152326,C-Scheme,191.9,22.5,1.0,False
2026-08-18 09:51:20.152326,C-Scheme,170.2,31.8,0.985,False
2026-08-18 10:51:20.152326,C-Scheme,103.2,42.3,0.597,False
2026-08-18 11:51:20.152326,C-Scheme,100.1,45.4,0.579,False
2026-08-18 12:51:20.152326,C-Scheme,92.6,44.7,0.536,False
2026-08-18 13:51:20.152326,C-Scheme,114.3,42.4,0.661,False
2026-08-18 14:51:20.152326,C-Scheme,104.1,42.1,0.602,False
2026-08-18 15:51:20.152326,C-Scheme,112.7,42.6,0.652,False
2026-08-18 16:51:20.152326,C-Scheme,88.4,43.7,0.512,False
2026-08-18 17:51:20.152326,C-Scheme,162.0,32.4,0.937,False
2026-08-18 18:51:20.152326,C-Scheme,163.3,31.3,0.945,False
2026-08-18 19:51:20.152326,C-Scheme,159.3,31.3,0.922,False
2026-08-18 20:51:20.152326,C-Scheme,114.5,41.6,0.663,False
2026-08-18 21:51:20.152326,C-Scheme,96.1,43.1,0.556,False
2026-08-18 22:51:20.152326,C-Scheme,100.5,48.0,0.582,False
2026-08-18 23:51:20.152326,C-Scheme,99.9,42.1,0.578,False
2026-08-19 00:51:20.152326,C-Scheme,97.3,44.8,0.563,False
2026-08-19 01:51:20.152326,C-Scheme,123.6,39.0,0.715,False
2026-08-19 02:51:20.152326,C-Scheme,111.7,37.9,0.647,False
2026-08-19 03:51:20.152326,C-Scheme,115.7,38.5,0.669,False
2026-08-19 04:51:20.152326,C-Scheme,119.0,41.7,0.689,False
2026-08-19 05:51:20.152326,C-Scheme,101.3,45.2,0.586,False
2026-08-19 06:51:20.152326,C-Scheme,131.2,39.6,0.759,False
2026-08-19 07:51:20.152326,C-Scheme,185.6,29.0,1.0,False
2026-08-19 08:51:20.152326,C-Scheme,170.7,30.7,0.988,False
2026-08-19 09:51:20.152326,C-Scheme,182.6,27.0,1.0,False
2026-08-19 10:51:20.152326,C-Scheme,106.5,42.8,0.616,False
2026-08-19 11:51:20.152326,C-Scheme,96.8,45.3,0.56,False
2026-08-19 12:51:20.152326,C-Scheme,107.0,44.7,0.619,False
2026-08-19 13:51:20.152326,C-Scheme,111.5,42.1,0.646,False
2026-08-19 14:51:20.152326,C-Scheme,106.2,48.5,0.614,False
2026-08-19 15:51:20.152326,C-Scheme,109.8,43.5,0.635,False
2026-08-19 16:51:20.152326,C-Scheme,118.4,37.3,0.685,False
2026-08-19 17:51:20.152326,C-Scheme,177.6,26.3,1.0,False
2026-08-19 18:51:20.152326,C-Scheme,166.6,29.4,0.964,False
2026-08-19 19:51:20.152326,C-Scheme,167.0,27.4,0.966,False
2026-08-19 20:51:20.152326,C-Scheme,113.2,45.6,0.655,False
2026-08-19 21:51:20.152326,C-Scheme,101.4,43.3,0.587,False
2026-08-19 22:51:20.152326,C-Scheme,111.7,41.0,0.646,False
2026-08-19 23:51:20.152326,C-Scheme,114.3,39.6,0.661,False
2026-08-20 00:51:20.152326,C-Scheme,105.7,43.4,0.612,False
2026-08-20 01:51:20.152326,C-Scheme,108.8,45.6,0.63,False
2026-08-20 02:51:20.152326,C-Scheme,105.5,42.1,0.611,False
2026-08-20 03:51:20.152326,C-Scheme,116.3,39.3,0.673,False
2026-08-20 04:51:20.152326,C-Scheme,112.6,39.1,0.652,False
2026-08-20 05:51:20.152326,C-Scheme,119.0,40.9,0.689,False
2026-08-20 06:51:20.152326,C-Scheme,110.3,35.3,0.639,False
2026-08-20 07:51:20.152326,C-Scheme,177.5,29.5,1.0,False
2026-08-20 08:51:20.152326,C-Scheme,170.7,30.6,0.988,False
2026-08-20 09:51:20.152326,C-Scheme,178.7,26.0,1.0,False
2026-08-20 10:51:20.152326,C-Scheme,106.9,41.5,0.618,False
2026-08-20 11:51:20.152326,C-Scheme,120.2,43.9,0.696,False
2026-08-20 12:51:20.152326,C-Scheme,103.1,44.2,0.596,False
2026-08-20 13:51:20.152326,C-Scheme,101.8,40.3,0.589,False
2026-08-20 14:51:20.152326,C-Scheme,109.8,46.7,0.635,False
2026-08-20 15:51:20.152326,C-Scheme,98.3,49.2,0.569,False
2026-08-20 16:51:20.152326,C-Scheme,112.0,36.8,0.648,False
2026-08-20 17:51:20.152326,C-Scheme,163.9,33.2,0.948,False
2026-08-20 18:51:20.152326,C-Scheme,162.7,34.4,0.942,False
2026-08-20 19:51:20.152326,C-Scheme,207.8,21.7,1.0,False
2026-08-20 20:51:20.152326,C-Scheme,99.5,41.1,0.576,False
2026-08-20 21:51:20.152326,C-Scheme,125.0,41.5,0.723,False
2026-08-20 22:51:20.152326,C-Scheme,114.7,41.9,0.664,False
2026-08-20 23:51:20.152326,C-Scheme,87.8,46.2,0.508,False
2026-08-21 00:51:20.152326,C-Scheme,111.5,35.7,0.645,False
2026-08-21 01:51:20.152326,C-Scheme,116.8,42.5,0.676,False
2026-08-21 02:51:20.152326,C-Scheme,103.1,40.6,0.597,False
2026-08-21 03:51:20.152326,C-Scheme,115.3,37.8,0.667,False
2026-08-21 04:51:20.152326,C-Scheme,100.6,46.2,0.582,False
2026-08-21 05:51:20.152326,C-Scheme,109.7,45.4,0.635,False
2026-08-21 06:51:20.152326,C-Scheme,94.9,38.3,0.549,False
2026-08-21 07:51:20.152326,C-Scheme,176.2,33.2,1.0,True
2026-08-21 08:51:20.152326,C-Scheme,210.5,27.2,1.0,False
2026-08-21 09:51:20.152326,C-Scheme,175.3,29.3,1.0,False
2026-08-21 10:51:20.152326,C-Scheme,106.8,42.4,0.618,False
2026-08-21 11:51:20.152326,C-Scheme,130.1,35.9,0.753,False
2026-08-21 12:51:20.152326,C-Scheme,112.4,40.9,0.65,False
2026-08-21 13:51:20.152326,C-Scheme,110.6,42.9,0.64,False
2026-08-21 14:51:20.152326,C-Scheme,115.8,42.5,0.67,False
2026-08-21 15:51:20.152326,C-Scheme,105.0,44.7,0.608,False
2026-08-21 16:51:20.152326,C-Scheme,107.5,46.0,0.622,False
2026-08-21 17:51:20.152326,C-Scheme,148.3,39.0,0.858,False
2026-08-21 18:51:20.152326,C-Scheme,143.7,35.4,0.831,False
2026-08-21 19:51:20.152326,C-Scheme,161.3,31.6,0.934,False
2026-08-21 20:51:20.152326,C-Scheme,109.6,42.8,0.634,False
2026-08-21 21:51:20.152326,C-Scheme,101.1,47.8,0.585,False
2026-08-21 22:51:20.152326,C-Scheme,127.4,42.8,0.737,False
2026-08-21 23:51:20.152326,C-Scheme,107.2,45.9,0.62,False
2026-08-22 00:51:20.152326,C-Scheme,75.9,49.6,0.439,False
2026-08-22 01:51:20.152326,C-Scheme,76.3,47.6,0.442,False
2026-08-22 02:51:20.152326,C-Scheme,71.5,50.3,0.414,False
2026-08-22 03:51:20.152326,C-Scheme,74.0,44.5,0.428,False
2026-08-22 04:51:20.152326,C-Scheme,79.2,50.7,0.459,False
2026-08-22 05:51:20.152326,C-Scheme,75.7,48.4,0.438,False
2026-08-22 06:51:20.152326,C-Scheme,85.6,53.5,0.495,False
2026-08-22 07:51:20.152326,C-Scheme,140.8,32.8,0.815,False
2026-08-22 08:51:20.152326,C-Scheme,129.8,39.2,0.751,False
2026-08-22 09:51:20.152326,C-Scheme,119.9,40.7,0.694,False
2026-08-22 10:51:20.152326,C-Scheme,73.7,48.6,0.427,False
2026-08-22 11:51:20.152326,C-Scheme,71.5,46.3,0.414,False
2026-08-22 12:51:20.152326,C-Scheme,79.2,52.5,0.458,False
2026-08-22 13:51:20.152326,C-Scheme,73.8,54.3,0.427,False
2026-08-22 14:51:20.152326,C-Scheme,68.9,49.3,0.399,False
2026-08-22 15:51:20.152326,C-Scheme,66.8,52.1,0.387,False
2026-08-22 16:51:20.152326,C-Scheme,73.6,47.7,0.426,False
2026-08-22 17:51:20.152326,C-Scheme,138.1,40.2,0.799,False
2026-08-22 18:51:20.152326,C-Scheme,119.6,45.4,0.692,False
2026-08-22 19:51:20.152326,C-Scheme,128.6,36.2,0.744,False
2026-08-22 20:51:20.152326,C-Scheme,69.7,51.1,0.403,True
2026-08-22 21:51:20.152326,C-Scheme,85.9,49.6,0.497,False
2026-08-22 22:51:20.152326,C-Scheme,83.9,48.7,0.486,False
2026-08-22 23:51:20.152326,C-Scheme,71.8,49.1,0.416,False
2026-08-23 00:51:20.152326,C-Scheme,79.2,49.7,0.458,False
2026-08-23 01:51:20.152326,C-Scheme,72.2,45.4,0.418,False
2026-08-23 02:51:20.152326,C-Scheme,79.9,45.7,0.463,False
2026-08-23 03:51:20.152326,C-Scheme,76.4,48.5,0.442,False
2026-08-23 04:51:20.152326,C-Scheme,73.0,44.7,0.423,False
2026-08-23 05:51:20.152326,C-Scheme,63.8,54.4,0.369,False
2026-08-23 06:51:20.152326,C-Scheme,72.3,52.9,0.418,False
2026-08-23 07:51:20.152326,C-Scheme,122.3,44.9,0.708,False
2026-08-23 08:51:20.152326,C-Scheme,120.6,40.7,0.698,False
2026-08-23 09:51:20.152326,C-Scheme,111.6,40.0,0.646,False
2026-08-23 10:51:20.152326,C-Scheme,86.5,45.3,0.501,False
2026-08-23 11:51:20.152326,C-Scheme,75.9,50.9,0.439,False
2026-08-23 12:51:20.152326,C-Scheme,81.1,50.8,0.469,False
2026-08-23 13:51:20.152326,C-Scheme,63.5,57.2,0.368,False
2026-08-23 14:51:20.152326,C-Scheme,71.5,46.2,0.414,False
2026-08-23 15:51:20.152326,C-Scheme,74.1,52.3,0.429,False
2026-08-23 16:51:20.152326,C-Scheme,72.6,50.3,0.42,False
2026-08-23 17:51:20.152326,C-Scheme,90.3,47.4,0.523,False
2026-08-23 18:51:20.152326,C-Scheme,111.9,45.0,0.648,False
2026-08-23 19:51:20.152326,C-Scheme,128.6,38.2,0.744,False
2026-08-23 20:51:20.152326,C-Scheme,72.8,47.7,0.421,False
2026-08-23 21:51:20.152326,C-Scheme,76.2,52.7,0.441,False
2026-08-23 22:51:20.152326,C-Scheme,74.8,51.2,0.433,False
2026-08-23 23:51:20.152326,C-Scheme,82.1,53.1,0.475,False
2026-08-24 00:51:20.152326,C-Scheme,108.3,41.9,0.627,False
2026-08-24 01:51:20.152326,C-Scheme,119.9,41.2,0.694,False
2026-08-24 02:51:20.152326,C-Scheme,99.8,44.6,0.578,False
2026-08-24 03:51:20.152326,C-Scheme,103.5,42.5,0.599,False
2026-08-24 04:51:20.152326,C-Scheme,119.7,37.4,0.693,False
2026-08-24 05:51:20.152326,C-Scheme,115.9,43.5,0.671,False
2026-08-24 06:51:20.152326,C-Scheme,108.4,44.1,0.628,False
2026-08-24 07:51:20.152326,C-Scheme,180.2,32.7,1.0,False
2026-08-24 08:51:20.152326,C-Scheme,190.9,24.7,1.0,False
2026-08-24 09:51:20.152326,C-Scheme,192.8,31.7,1.0,False
2026-08-24 10:51:20.152326,C-Scheme,110.0,41.8,0.636,False
2026-08-24 11:51:20.152326,C-Scheme,100.4,39.0,0.581,False
2026-08-24 12:51:20.152326,C-Scheme,95.6,40.8,0.553,False
2026-08-24 13:51:20.152326,C-Scheme,109.8,43.9,0.635,False
2026-08-24 14:51:20.152326,C-Scheme,117.3,36.4,0.679,False
2026-08-24 15:51:20.152326,C-Scheme,94.9,42.8,0.549,False
2026-08-24 16:51:20.152326,C-Scheme,111.0,45.2,0.642,False
2026-08-24 17:51:20.152326,C-Scheme,170.5,32.9,0.987,False
2026-08-24 18:51:20.152326,C-Scheme,189.2,26.9,1.0,False
2026-08-24 19:51:20.152326,C-Scheme,166.6,29.9,0.964,False
2026-08-24 20:51:20.152326,C-Scheme,106.9,43.1,0.618,False
2026-08-24 21:51:20.152326,C-Scheme,89.2,44.0,0.516,False
2026-08-24 22:51:20.152326,C-Scheme,124.3,38.5,0.719,False
2026-08-24 23:51:20.152326,C-Scheme,101.1,48.2,0.585,False
2026-08-25 00:51:20.152326,C-Scheme,106.9,44.9,0.618,False
2026-08-25 01:51:20.152326,C-Scheme,109.3,42.5,0.632,False
2026-08-25 02:51:20.152326,C-Scheme,114.8,37.3,0.665,False
2026-08-25 03:51:20.152326,C-Scheme,93.5,44.1,0.541,False
2026-08-25 04:51:20.152326,C-Scheme,108.5,39.9,0.628,False
2026-08-25 05:51:20.152326,C-Scheme,115.0,42.2,0.665,False
2026-08-25 06:51:20.152326,C-Scheme,111.4,39.0,0.645,False
2026-08-25 07:51:20.152326,C-Scheme,184.9,28.0,1.0,False
2026-08-25 08:51:20.152326,C-Scheme,182.6,28.1,1.0,False
2026-08-25 09:51:20.152326,C-Scheme,188.7,27.9,1.0,False
2026-08-25 10:51:20.152326,C-Scheme,117.4,45.3,0.68,False
2026-08-25 11:51:20.152326,C-Scheme,79.2,47.5,0.458,False
2026-08-25 12:51:20.152326,C-Scheme,104.2,44.6,0.603,False
2026-08-25 13:51:20.152326,C-Scheme,110.8,40.4,0.641,False
2026-08-25 14:51:20.152326,C-Scheme,92.3,46.8,0.534,False
2026-08-25 15:51:20.152326,C-Scheme,107.5,41.1,0.622,False
2026-08-25 16:51:20.152326,C-Scheme,113.1,39.1,0.655,False
2026-08-25 17:51:20.152326,C-Scheme,155.4,37.0,0.899,False
2026-08-25 18:51:20.152326,C-Scheme,153.0,30.6,0.885,False
2026-08-25 19:51:20.152326,C-Scheme,183.8,33.3,1.0,False
2026-08-25 20:51:20.152326,C-Scheme,99.2,42.4,0.574,False
2026-08-25 21:51:20.152326,C-Scheme,109.5,38.1,0.634,False
2026-08-25 22:51:20.152326,C-Scheme,103.7,38.5,0.6,False
2026-08-25 23:51:20.152326,C-Scheme,120.6,42.6,0.698,False
2026-08-26 00:51:20.152326,C-Scheme,99.6,44.5,0.577,False
2026-08-26 01:51:20.152326,C-Scheme,107.4,44.2,0.622,False
2026-08-26 02:51:20.152326,C-Scheme,100.3,45.3,0.581,False
2026-08-26 03:51:20.152326,C-Scheme,115.8,39.3,0.67,False
2026-08-26 04:51:20.152326,C-Scheme,108.3,41.2,0.627,True
2026-08-26 05:51:20.152326,C-Scheme,91.1,43.1,0.527,False
2026-08-26 06:51:20.152326,C-Scheme,115.4,41.2,0.668,False
2026-08-26 07:51:20.152326,C-Scheme,185.4,24.7,1.0,False
2026-08-26 08:51:20.152326,C-Scheme,158.4,33.3,0.917,False
2026-08-26 09:51:20.152326,C-Scheme,175.0,33.9,1.0,False
2026-08-26 10:51:20.152326,C-Scheme,111.7,39.1,0.647,False
2026-08-26 11:51:20.152326,C-Scheme,105.2,46.6,0.609,False
2026-08-26 12:51:20.152326,C-Scheme,118.8,43.2,0.687,True
2026-08-26 13:51:20.152326,C-Scheme,85.4,49.3,0.494,False
2026-08-26 14:51:20.152326,C-Scheme,98.2,43.1,0.568,False
2026-08-26 15:51:20.152326,C-Scheme,119.1,41.4,0.689,False
2026-08-26 16:51:20.152326,C-Scheme,104.3,41.6,0.604,False
2026-08-26 17:51:20.152326,C-Scheme,194.4,21.1,1.0,False
2026-08-26 18:51:20.152326,C-Scheme,159.8,30.0,0.925,False
2026-08-26 19:51:20.152326,C-Scheme,184.4,29.5,1.0,False
2026-08-26 20:51:20.152326,C-Scheme,102.2,43.2,0.592,False
2026-08-26 21:51:20.152326,C-Scheme,106.6,44.3,0.617,False
2026-08-26 22:51:20.152326,C-Scheme,104.9,48.2,0.607,False
2026-08-26 23:51:20.152326,C-Scheme,102.2,39.3,0.592,False
2026-08-27 00:51:20.152326,C-Scheme,118.9,36.7,0.688,False
2026-08-27 01:51:20.152326,C-Scheme,99.7,49.7,0.577,False
2026-08-27 02:51:20.152326,C-Scheme,122.9,39.3,0.711,False
2026-08-27 03:51:20.152326,C-Scheme,101.2,47.6,0.585,False
2026-08-27 04:51:20.152326,C-Scheme,101.6,50.7,0.588,False
2026-08-27 05:51:20.152326,C-Scheme,112.0,39.0,0.648,False
2026-08-27 06:51:20.152326,C-Scheme,123.8,38.6,0.716,False
2026-08-27 07:51:20.152326,C-Scheme,190.3,25.7,1.0,False
2026-08-27 08:51:20.152326,C-Scheme,190.0,27.1,1.0,False
2026-08-27 09:51:20.152326,C-Scheme,178.4,29.0,1.0,False
2026-08-27 10:51:20.152326,C-Scheme,102.7,44.5,0.594,False
2026-08-27 11:51:20.152326,C-Scheme,101.8,45.0,0.589,False
2026-08-27 12:51:20.152326,C-Scheme,116.6,41.8,0.675,False
2026-08-27 13:51:20.152326,C-Scheme,107.2,41.1,0.62,False
2026-08-27 14:51:20.152326,C-Scheme,122.4,42.3,0.708,False
2026-08-27 15:51:20.152326,C-Scheme,113.1,42.3,0.655,False
2026-08-27 16:51:20.152326,C-Scheme,90.4,46.7,0.523,False
2026-08-27 17:51:20.152326,C-Scheme,177.2,28.6,1.0,False
2026-08-27 18:51:20.152326,C-Scheme,191.9,27.5,1.0,False
2026-08-27 19:51:20.152326,C-Scheme,158.9,33.7,0.919,False
2026-08-27 20:51:20.152326,C-Scheme,107.0,44.9,0.619,False
2026-08-27 21:51:20.152326,C-Scheme,101.5,44.8,0.587,False
2026-08-27 22:51:20.152326,C-Scheme,112.9,40.3,0.654,False
2026-08-27 23:51:20.152326,C-Scheme,104.1,43.8,0.603,False
2026-08-28 00:51:20.152326,C-Scheme,107.4,43.5,0.621,False
2026-08-28 01:51:20.152326,C-Scheme,103.2,47.7,0.597,False
2026-08-28 02:51:20.152326,C-Scheme,123.0,44.7,0.712,False
2026-08-28 03:51:20.152326,C-Scheme,97.8,40.3,0.566,False
2026-08-28 04:51:20.152326,C-Scheme,85.2,43.7,0.493,False
2026-08-28 05:51:20.152326,C-Scheme,103.3,43.2,0.598,False
2026-08-28 06:51:20.152326,C-Scheme,112.8,40.2,0.653,False
2026-08-28 07:51:20.152326,C-Scheme,166.8,30.2,0.965,False
2026-08-28 08:51:20.152326,C-Scheme,193.9,30.4,1.0,False
2026-08-28 09:51:20.152326,C-Scheme,173.9,32.0,1.0,False
2026-08-28 10:51:20.152326,C-Scheme,109.7,44.6,0.635,False
2026-08-28 11:51:20.152326,C-Scheme,123.9,41.0,0.717,False
2026-08-28 12:51:20.152326,C-Scheme,107.7,48.6,0.624,False
2026-08-28 13:51:20.152326,C-Scheme,105.7,37.9,0.612,False
2026-08-28 14:51:20.152326,C-Scheme,101.9,45.1,0.59,False
2026-08-28 15:51:20.152326,C-Scheme,115.2,44.9,0.666,False
2026-08-28 16:51:20.152326,C-Scheme,106.1,36.1,0.614,False
2026-08-28 17:51:20.152326,C-Scheme,166.0,29.2,0.961,False
2026-08-28 18:51:20.152326,C-Scheme,166.6,30.5,0.964,False
2026-08-28 19:51:20.152326,C-Scheme,184.5,25.2,1.0,False
2026-08-28 20:51:20.152326,C-Scheme,97.5,50.4,0.564,False
2026-08-28 21:51:20.152326,C-Scheme,109.8,39.9,0.635,False
2026-08-28 22:51:20.152326,C-Scheme,102.9,41.5,0.596,False
2026-08-28 23:51:20.152326,C-Scheme,128.8,42.3,0.745,False
2026-08-29 00:51:20.152326,C-Scheme,80.9,50.7,0.468,False
2026-08-29 01:51:20.152326,C-Scheme,80.6,48.3,0.467,False
2026-08-29 02:51:20.152326,C-Scheme,77.2,52.1,0.447,False
2026-08-29 03:51:20.152326,C-Scheme,74.7,48.4,0.432,False
2026-08-29 04:51:20.152326,C-Scheme,86.3,43.7,0.499,False
2026-08-29 05:51:20.152326,C-Scheme,73.0,55.8,0.423,False
2026-08-29 06:51:20.152326,C-Scheme,71.4,55.5,0.413,False
2026-08-29 07:51:20.152326,C-Scheme,128.0,37.6,0.741,False
2026-08-29 08:51:20.152326,C-Scheme,111.4,41.6,0.645,False
2026-08-29 09:51:20.152326,C-Scheme,119.8,46.0,0.693,False
2026-08-29 10:51:20.152326,C-Scheme,66.1,43.8,0.383,False
2026-08-29 11:51:20.152326,C-Scheme,74.6,45.3,0.432,False
2026-08-29 12:51:20.152326,C-Scheme,70.4,48.6,0.408,False
2026-08-29 13:51:20.152326,C-Scheme,72.8,45.7,0.421,False
2026-08-29 14:51:20.152326,C-Scheme,78.6,48.2,0.455,False
2026-08-29 15:51:20.152326,C-Scheme,84.8,49.5,0.491,False
2026-08-29 16:51:20.152326,C-Scheme,76.6,54.4,0.443,False
2026-08-29 17:51:20.152326,C-Scheme,110.0,39.5,0.637,False
2026-08-29 18:51:20.152326,C-Scheme,130.1,35.8,0.753,False
2026-08-29 19:51:20.152326,C-Scheme,111.6,37.7,0.646,False
2026-08-29 20:51:20.152326,C-Scheme,74.5,47.9,0.431,False
2026-08-29 21:51:20.152326,C-Scheme,70.7,51.5,0.409,False
2026-08-29 22:51:20.152326,C-Scheme,79.3,50.0,0.459,False
2026-08-29 23:51:20.152326,C-Scheme,74.3,49.8,0.43,False
2026-08-30 00:51:20.152326,C-Scheme,72.1,49.8,0.417,False
2026-08-30 01:51:20.152326,C-Scheme,75.5,49.1,0.437,False
2026-08-30 02:51:20.152326,C-Scheme,78.8,48.3,0.456,False
2026-08-30 03:51:20.152326,C-Scheme,69.4,52.0,0.401,False
2026-08-30 04:51:20.152326,C-Scheme,64.7,51.1,0.374,False
2026-08-30 05:51:20.152326,C-Scheme,77.4,45.5,0.448,False
2026-08-30 06:51:20.152326,C-Scheme,64.1,52.9,0.371,False
2026-08-30 07:51:20.152326,C-Scheme,130.1,41.0,0.753,False
2026-08-30 08:51:20.152326,C-Scheme,121.7,43.0,0.704,True
2026-08-30 09:51:20.152326,C-Scheme,116.5,38.7,0.674,False
2026-08-30 10:51:20.152326,C-Scheme,77.4,49.6,0.448,False
2026-08-30 11:51:20.152326,C-Scheme,80.7,43.7,0.467,False
2026-08-30 12:51:20.152326,C-Scheme,74.1,50.5,0.429,False
2026-08-30 13:51:20.152326,C-Scheme,71.3,54.1,0.413,False
2026-08-30 14:51:20.152326,C-Scheme,74.5,51.2,0.431,False
2026-08-30 15:51:20.152326,C-Scheme,75.1,51.0,0.435,False
2026-08-30 16:51:20.152326,C-Scheme,81.6,48.2,0.472,False
2026-08-30 17:51:20.152326,C-Scheme,115.9,42.5,0.671,False
2026-08-30 18:51:20.152326,C-Scheme,103.7,44.1,0.6,False
2026-08-30 19:51:20.152326,C-Scheme,110.7,40.7,0.641,False
2026-08-30 20:51:20.152326,C-Scheme,73.3,53.4,0.424,False
2026-08-30 21:51:20.152326,C-Scheme,71.3,45.1,0.413,False
2026-08-30 22:51:20.152326,C-Scheme,77.5,49.4,0.449,False
2026-08-30 23:51:20.152326,C-Scheme,73.9,57.4,0.428,False
2026-08-31 00:51:20.152326,C-Scheme,111.3,42.6,0.644,False
2026-08-31 01:51:20.152326,C-Scheme,114.2,41.2,0.661,False
2026-08-31 02:51:20.152326,C-Scheme,107.4,44.6,0.621,False
2026-08-31 03:51:20.152326,C-Scheme,111.1,40.8,0.643,False
2026-08-31 04:51:20.152326,C-Scheme,118.5,39.7,0.686,False
2026-08-31 05:51:20.152326,C-Scheme,114.8,43.3,0.664,False
2026-08-31 06:51:20.152326,C-Scheme,101.5,42.6,0.588,False
2026-08-31 07:51:20.152326,C-Scheme,190.7,27.6,1.0,False
2026-08-31 08:51:20.152326,C-Scheme,183.1,27.5,1.0,False
2026-08-31 09:51:20.152326,C-Scheme,204.7,23.1,1.0,False
2026-08-31 10:51:20.152326,C-Scheme,105.1,44.8,0.608,False
2026-08-31 11:51:20.152326,C-Scheme,105.2,43.4,0.609,False
2026-08-31 12:51:20.152326,C-Scheme,112.9,48.6,0.653,False
2026-08-31 13:51:20.152326,C-Scheme,108.5,44.5,0.628,False
2026-08-31 14:51:20.152326,C-Scheme,111.2,39.8,0.643,False
2026-08-31 15:51:20.152326,C-Scheme,122.4,48.8,0.708,False
2026-08-31 16:51:20.152326,C-Scheme,105.0,48.0,0.608,False
2026-08-31 17:51:20.152326,C-Scheme,146.8,38.7,0.849,False
2026-08-31 18:51:20.152326,C-Scheme,175.6,30.8,1.0,False
2026-08-31 19:51:20.152326,C-Scheme,181.3,30.6,1.0,False
2026-08-31 20:51:20.152326,C-Scheme,108.8,43.2,0.629,False
2026-08-31 21:51:20.152326,C-Scheme,99.1,46.6,0.573,False
2026-08-31 22:51:20.152326,C-Scheme,106.7,46.5,0.618,False
2026-08-31 23:51:20.152326,C-Scheme,111.7,38.7,0.647,False
2026-09-01 00:51:20.152326,C-Scheme,121.3,41.0,0.702,False
2026-09-01 01:51:20.152326,C-Scheme,105.5,37.4,0.611,False
2026-09-01 02:51:20.152326,C-Scheme,109.4,42.3,0.633,False
2026-09-01 03:51:20.152326,C-Scheme,101.3,45.9,0.586,False
2026-09-01 04:51:20.152326,C-Scheme,107.5,42.8,0.622,False
2026-09-01 05:51:20.152326,C-Scheme,95.8,46.9,0.554,False
2026-09-01 06:51:20.152326,C-Scheme,99.9,45.8,0.578,False
2026-09-01 07:51:20.152326,C-Scheme,145.7,34.0,0.843,False
2026-09-01 08:51:20.152326,C-Scheme,170.8,25.5,0.988,False
2026-09-01 09:51:20.152326,C-Scheme,172.1,30.7,0.996,False
2026-09-01 10:51:20.152326,C-Scheme,113.8,44.3,0.659,False
2026-09-01 11:51:20.152326,C-Scheme,106.7,39.6,0.618,False
2026-09-01 12:51:20.152326,C-Scheme,106.8,42.2,0.618,False
2026-09-01 13:51:20.152326,C-Scheme,101.8,45.9,0.589,False
2026-09-01 14:51:20.152326,C-Scheme,89.4,49.7,0.517,False
2026-09-01 15:51:20.152326,C-Scheme,112.7,42.5,0.652,False
2026-09-01 16:51:20.152326,C-Scheme,99.8,41.4,0.577,False
2026-09-01 17:51:20.152326,C-Scheme,154.7,30.3,0.895,False
2026-09-01 18:51:20.152326,C-Scheme,155.0,34.9,0.897,False
2026-09-01 19:51:20.152326,C-Scheme,169.1,27.8,0.979,False
2026-09-01 20:51:20.152326,C-Scheme,109.3,43.1,0.633,False
2026-09-01 21:51:20.152326,C-Scheme,111.6,40.4,0.646,False
2026-09-01 22:51:20.152326,C-Scheme,99.4,43.9,0.575,False
2026-09-01 23:51:20.152326,C-Scheme,112.5,42.4,0.651,False
2026-09-02 00:51:20.152326,C-Scheme,107.0,38.8,0.619,False
2026-09-02 01:51:20.152326,C-Scheme,102.2,45.4,0.591,False
2026-09-02 02:51:20.152326,C-Scheme,112.2,43.4,0.649,False
2026-09-02 03:51:20.152326,C-Scheme,119.3,38.6,0.69,False
2026-09-02 04:51:20.152326,C-Scheme,114.1,38.8,0.66,False
2026-09-02 05:51:20.152326,C-Scheme,96.7,43.7,0.56,False
2026-09-02 06:51:20.152326,C-Scheme,109.6,36.4,0.634,False
2026-09-02 07:51:20.152326,C-Scheme,178.9,27.2,1.0,False
2026-09-02 08:51:20.152326,C-Scheme,183.7,32.3,1.0,False
2026-09-02 09:51:20.152326,C-Scheme,162.6,28.2,0.941,False
2026-09-02 10:51:20.152326,C-Scheme,113.5,44.7,0.657,False
2026-09-02 11:51:20.152326,C-Scheme,98.2,46.3,0.568,False
2026-09-02 12:51:20.152326,C-Scheme,120.1,36.7,0.695,False
2026-09-02 13:51:20.152326,C-Scheme,89.5,39.3,0.518,False
2026-09-02 14:51:20.152326,C-Scheme,106.4,45.5,0.616,False
2026-09-02 15:51:20.152326,C-Scheme,88.2,53.1,0.511,False
2026-09-02 16:51:20.152326,C-Scheme,114.0,37.9,0.66,False
2026-09-02 17:51:20.152326,C-Scheme,175.5,26.1,1.0,False
2026-09-02 18:51:20.152326,C-Scheme,189.8,22.1,1.0,False
2026-09-02 19:51:20.152326,C-Scheme,154.0,31.1,0.891,False
2026-09-02 20:51:20.152326,C-Scheme,96.0,47.5,0.556,False
2026-09-02 21:51:20.152326,C-Scheme,109.1,42.6,0.632,False
2026-09-02 22:51:20.152326,C-Scheme,113.0,38.6,0.654,False
2026-09-02 23:51:20.152326,C-Scheme,111.1,39.9,0.643,False
2026-09-03 00:51:20.152326,C-Scheme,104.9,43.2,0.607,False
2026-09-03 01:51:20.152326,C-Scheme,116.0,42.2,0.671,False
2026-09-03 02:51:20.152326,C-Scheme,118.2,43.5,0.684,False
2026-09-03 03:51:20.152326,C-Scheme,93.9,48.5,0.543,False
2026-09-03 04:51:20.152326,C-Scheme,98.9,43.2,0.573,False
2026-09-03 05:51:20.152326,C-Scheme,106.5,46.8,0.616,False
2026-09-03 06:51:20.152326,C-Scheme,106.5,45.7,0.616,False
2026-09-03 07:51:20.152326,C-Scheme,173.4,32.1,1.0,False
2026-09-03 08:51:20.152326,C-Scheme,188.6,21.1,1.0,False
2026-09-03 09:51:20.152326,C-Scheme,177.6,28.3,1.0,False
2026-09-03 10:51:20.152326,C-Scheme,107.9,38.0,0.624,False
2026-09-03 11:51:20.152326,C-Scheme,111.4,43.4,0.645,False
2026-09-03 12:51:20.152326,C-Scheme,103.3,47.9,0.598,False
2026-09-03 13:51:20.152326,C-Scheme,108.9,43.0,0.63,False
2026-09-03 14:51:20.152326,C-Scheme,104.0,43.3,0.602,False
2026-09-03 15:51:20.152326,C-Scheme,104.1,40.8,0.602,False
2026-09-03 16:51:20.152326,C-Scheme,114.9,45.4,0.665,False
2026-09-03 17:51:20.152326,C-Scheme,158.8,29.2,0.919,False
2026-09-03 18:51:20.152326,C-Scheme,172.7,30.9,0.999,False
2026-09-03 19:51:20.152326,C-Scheme,182.1,28.5,1.0,False
2026-09-03 20:51:20.152326,C-Scheme,104.0,41.9,0.602,False
2026-09-03 21:51:20.152326,C-Scheme,108.1,44.4,0.625,False
2026-09-03 22:51:20.152326,C-Scheme,103.8,41.2,0.601,False
2026-09-03 23:51:20.152326,C-Scheme,107.6,41.2,0.623,False
2026-09-04 00:51:20.152326,C-Scheme,107.0,41.1,0.619,False
2026-09-04 01:51:20.152326,C-Scheme,111.3,47.8,0.644,False
2026-09-04 02:51:20.152326,C-Scheme,112.6,46.8,0.652,True
2026-09-04 03:51:20.152326,C-Scheme,113.6,41.6,0.657,False
2026-09-04 04:51:20.152326,C-Scheme,97.0,43.6,0.561,False
2026-09-04 05:51:20.152326,C-Scheme,109.9,44.8,0.636,False
2026-09-04 06:51:20.152326,C-Scheme,106.4,43.8,0.616,False
2026-09-04 07:51:20.152326,C-Scheme,188.9,25.5,1.0,False
2026-09-04 08:51:20.152326,C-Scheme,180.2,30.2,1.0,False
2026-09-04 09:51:20.152326,C-Scheme,168.0,32.0,0.972,False
2026-09-04 10:51:20.152326,C-Scheme,90.8,47.3,0.525,False
2026-09-04 11:51:20.152326,C-Scheme,120.8,41.2,0.699,False
2026-09-04 12:51:20.152326,C-Scheme,106.0,48.1,0.614,False
2026-09-04 13:51:20.152326,C-Scheme,125.4,41.4,0.726,False
2026-09-04 14:51:20.152326,C-Scheme,101.6,42.4,0.588,False
2026-09-04 15:51:20.152326,C-Scheme,113.5,42.5,0.657,False
2026-09-04 16:51:20.152326,C-Scheme,106.9,44.3,0.619,False
2026-09-04 17:51:20.152326,C-Scheme,169.2,32.9,0.979,True
2026-09-04 18:51:20.152326,C-Scheme,177.7,26.8,1.0,False
2026-09-04 19:51:20.152326,C-Scheme,165.2,34.8,0.956,False
2026-09-04 20:51:20.152326,C-Scheme,104.2,42.2,0.603,False
2026-09-04 21:51:20.152326,C-Scheme,99.1,47.1,0.574,False
2026-09-04 22:51:20.152326,C-Scheme,109.9,47.0,0.636,False
2026-09-04 23:51:20.152326,C-Scheme,89.4,44.9,0.518,False
2026-09-05 00:51:20.152326,C-Scheme,86.4,51.0,0.5,False
2026-09-05 01:51:20.152326,C-Scheme,70.7,50.7,0.409,False
2026-09-05 02:51:20.152326,C-Scheme,74.1,49.4,0.429,False
2026-09-05 03:51:20.152326,C-Scheme,87.7,45.6,0.508,False
2026-09-05 04:51:20.152326,C-Scheme,91.2,46.6,0.527,False
2026-09-05 05:51:20.152326,C-Scheme,78.1,49.5,0.452,False
2026-09-05 06:51:20.152326,C-Scheme,75.0,52.8,0.434,False
2026-09-05 07:51:20.152326,C-Scheme,129.3,38.6,0.748,False
2026-09-05 08:51:20.152326,C-Scheme,117.7,43.2,0.681,False
2026-09-05 09:51:20.152326,C-Scheme,128.2,40.7,0.742,False
2026-09-05 10:51:20.152326,C-Scheme,75.3,51.3,0.436,False
2026-09-05 11:51:20.152326,C-Scheme,77.3,43.7,0.447,False
2026-09-05 12:51:20.152326,C-Scheme,78.0,51.6,0.451,False
2026-09-05 13:51:20.152326,C-Scheme,77.6,44.1,0.449,False
2026-09-05 14:51:20.152326,C-Scheme,72.1,46.3,0.417,False
2026-09-05 15:51:20.152326,C-Scheme,82.0,48.0,0.475,False
2026-09-05 16:51:20.152326,C-Scheme,74.7,56.8,0.432,False
2026-09-05 17:51:20.152326,C-Scheme,108.6,45.9,0.628,False
2026-09-05 18:51:20.152326,C-Scheme,126.7,45.2,0.733,False
2026-09-05 19:51:20.152326,C-Scheme,127.1,35.3,0.736,False
2026-09-05 20:51:20.152326,C-Scheme,71.0,51.4,0.411,False
2026-09-05 21:51:20.152326,C-Scheme,70.0,48.8,0.405,False
2026-09-05 22:51:20.152326,C-Scheme,70.3,49.4,0.407,False
2026-09-05 23:51:20.152326,C-Scheme,69.1,49.3,0.4,False
2026-09-06 00:51:20.152326,C-Scheme,75.1,53.2,0.434,False
2026-09-06 01:51:20.152326,C-Scheme,85.9,46.6,0.497,False
2026-09-06 02:51:20.152326,C-Scheme,73.0,43.8,0.423,False
2026-09-06 03:51:20.152326,C-Scheme,74.0,53.0,0.428,False
2026-09-06 04:51:20.152326,C-Scheme,75.5,49.1,0.437,False
2026-09-06 05:51:20.152326,C-Scheme,78.8,49.0,0.456,False
2026-09-06 06:51:20.152326,C-Scheme,78.4,49.7,0.454,False
2026-09-06 07:51:20.152326,C-Scheme,113.6,44.7,0.657,False
2026-09-06 08:51:20.152326,C-Scheme,123.3,40.5,0.714,True
2026-09-06 09:51:20.152326,C-Scheme,112.7,44.2,0.652,False
2026-09-06 10:51:20.152326,C-Scheme,67.6,55.9,0.391,False
2026-09-06 11:51:20.152326,C-Scheme,69.0,56.4,0.399,False
2026-09-06 12:51:20.152326,C-Scheme,76.6,51.2,0.443,False
2026-09-06 13:51:20.152326,C-Scheme,67.7,52.2,0.392,False
2026-09-06 14:51:20.152326,C-Scheme,75.4,47.9,0.436,False
2026-09-06 15:51:20.152326,C-Scheme,77.1,54.3,0.446,False
2026-09-06 16:51:20.152326,C-Scheme,73.8,45.1,0.427,False
2026-09-06 17:51:20.152326,C-Scheme,112.9,44.5,0.653,False
2026-09-06 18:51:20.152326,C-Scheme,109.1,43.5,0.631,False
2026-09-06 19:51:20.152326,C-Scheme,121.6,35.8,0.704,False
2026-09-06 20:51:20.152326,C-Scheme,80.3,50.8,0.465,False
2026-09-06 21:51:20.152326,C-Scheme,88.3,44.3,0.511,False
2026-09-06 22:51:20.152326,C-Scheme,59.9,52.9,0.347,False
2026-09-06 23:51:20.152326,C-Scheme,73.1,50.3,0.423,False
2026-09-07 00:51:20.152326,C-Scheme,122.0,39.2,0.706,False
2026-09-07 01:51:20.152326,C-Scheme,117.7,45.1,0.681,False
2026-09-07 02:51:20.152326,C-Scheme,113.2,37.1,0.655,False
2026-09-07 03:51:20.152326,C-Scheme,116.8,37.8,0.676,False
2026-09-07 04:51:20.152326,C-Scheme,104.7,40.0,0.606,False
2026-09-07 05:51:20.152326,C-Scheme,122.4,39.1,0.708,False
2026-09-07 06:51:20.152326,C-Scheme,112.3,45.4,0.65,False
2026-09-07 07:51:20.152326,C-Scheme,218.3,26.6,1.0,False
2026-09-07 08:51:20.152326,C-Scheme,185.3,26.8,1.0,False
2026-09-07 09:51:20.152326,C-Scheme,184.6,21.7,1.0,False
2026-09-07 10:51:20.152326,C-Scheme,108.6,44.4,0.629,False
2026-09-07 11:51:20.152326,C-Scheme,119.6,42.0,0.692,False
2026-09-07 12:51:20.152326,C-Scheme,114.5,40.7,0.663,False
2026-09-07 13:51:20.152326,C-Scheme,116.8,40.0,0.676,False
2026-09-07 14:51:20.152326,C-Scheme,95.1,47.4,0.55,False
2026-09-07 15:51:20.152326,C-Scheme,98.9,43.0,0.572,False
2026-09-07 16:51:20.152326,C-Scheme,107.6,43.0,0.623,False
2026-09-07 17:51:20.152326,C-Scheme,176.9,29.2,1.0,False
2026-09-07 18:51:20.152326,C-Scheme,157.7,30.2,0.913,False
2026-09-07 19:51:20.152326,C-Scheme,179.2,27.0,1.0,False
2026-09-07 20:51:20.152326,C-Scheme,103.9,45.6,0.601,False
2026-09-07 21:51:20.152326,C-Scheme,90.9,45.1,0.526,False
2026-09-07 22:51:20.152326,C-Scheme,104.5,43.0,0.605,False
2026-09-07 23:51:20.152326,C-Scheme,108.6,38.8,0.628,False
2026-09-08 00:51:20.152326,C-Scheme,107.5,44.4,0.622,False
2026-09-08 01:51:20.152326,C-Scheme,110.5,44.3,0.64,False
2026-09-08 02:51:20.152326,C-Scheme,105.3,44.9,0.61,False
2026-09-08 03:51:20.152326,C-Scheme,122.8,42.9,0.711,False
2026-09-08 04:51:20.152326,C-Scheme,115.6,38.1,0.669,False
2026-09-08 05:51:20.152326,C-Scheme,98.5,45.2,0.57,False
2026-09-08 06:51:20.152326,C-Scheme,116.6,44.6,0.675,False
2026-09-08 07:51:20.152326,C-Scheme,177.4,34.5,1.0,False
2026-09-08 08:51:20.152326,C-Scheme,182.3,29.0,1.0,False
2026-09-08 09:51:20.152326,C-Scheme,170.0,31.2,0.984,False
2026-09-08 10:51:20.152326,C-Scheme,111.9,39.9,0.647,False
2026-09-08 11:51:20.152326,C-Scheme,107.5,38.1,0.622,False
2026-09-08 12:51:20.152326,C-Scheme,103.4,46.2,0.598,False
2026-09-08 13:51:20.152326,C-Scheme,115.6,40.0,0.669,False
2026-09-08 14:51:20.152326,C-Scheme,104.6,45.3,0.605,False
2026-09-08 15:51:20.152326,C-Scheme,109.4,41.3,0.633,False
2026-09-08 16:51:20.152326,C-Scheme,121.6,43.2,0.704,False
2026-09-08 17:51:20.152326,C-Scheme,202.2,27.0,1.0,False
2026-09-08 18:51:20.152326,C-Scheme,161.2,30.3,0.933,False
2026-09-08 19:51:20.152326,C-Scheme,158.5,30.1,0.917,False
2026-09-08 20:51:20.152326,C-Scheme,110.3,41.3,0.638,False
2026-09-08 21:51:20.152326,C-Scheme,91.6,41.4,0.53,False
2026-09-08 22:51:20.152326,C-Scheme,112.6,47.6,0.652,False
2026-09-08 23:51:20.152326,C-Scheme,113.6,42.3,0.657,False
2026-09-09 00:51:20.152326,C-Scheme,93.9,42.2,0.543,False
2026-09-09 01:51:20.152326,C-Scheme,119.1,46.7,0.689,False
2026-09-09 02:51:20.152326,C-Scheme,117.0,39.7,0.677,False
2026-09-09 03:51:20.152326,C-Scheme,115.3,38.9,0.667,False
2026-09-09 04:51:20.152326,C-Scheme,98.8,45.6,0.572,False
2026-09-09 05:51:20.152326,C-Scheme,108.8,44.6,0.63,False
2026-09-09 06:51:20.152326,C-Scheme,113.8,47.3,0.659,False
2026-09-09 07:51:20.152326,C-Scheme,164.9,32.4,0.954,False
2026-09-09 08:51:20.152326,C-Scheme,192.8,23.3,1.0,False
2026-09-09 09:51:20.152326,C-Scheme,174.4,30.3,1.0,False
2026-09-09 10:51:20.152326,C-Scheme,114.8,38.9,0.665,False
2026-09-09 11:51:20.152326,C-Scheme,125.9,42.4,0.728,False
2026-09-09 12:51:20.152326,C-Scheme,99.2,50.1,0.574,False
2026-09-09 13:51:20.152326,C-Scheme,98.5,43.7,0.57,False
2026-09-09 14:51:20.152326,C-Scheme,104.1,45.9,0.602,False
2026-09-09 15:51:20.152326,C-Scheme,95.7,46.7,0.554,False
2026-09-09 16:51:20.152326,C-Scheme,100.6,46.5,0.582,False
2026-09-09 17:51:20.152326,C-Scheme,162.7,28.7,0.941,False
2026-09-09 18:51:20.152326,C-Scheme,165.8,27.5,0.96,False
2026-09-09 19:51:20.152326,C-Scheme,165.2,33.5,0.956,False
2026-09-09 20:51:20.152326,C-Scheme,99.0,40.0,0.573,False
2026-09-09 21:51:20.152326,C-Scheme,112.9,45.8,0.653,False
2026-09-09 22:51:20.152326,C-Scheme,105.9,47.5,0.613,True
2026-09-09 23:51:20.152326,C-Scheme,95.3,45.6,0.552,False
2026-09-10 00:51:20.152326,C-Scheme,103.6,44.3,0.599,False
2026-09-10 01:51:20.152326,C-Scheme,116.2,38.6,0.672,False
2026-09-10 02:51:20.152326,C-Scheme,100.4,41.2,0.581,False
2026-09-10 03:51:20.152326,C-Scheme,105.1,48.2,0.608,False
2026-09-10 04:51:20.152326,C-Scheme,120.9,34.0,0.7,False
2026-09-10 05:51:20.152326,C-Scheme,105.1,48.5,0.608,False
2026-09-10 06:51:20.152326,C-Scheme,104.6,42.9,0.605,False
2026-09-10 07:51:20.152326,C-Scheme,159.4,32.7,0.922,False
2026-09-10 08:51:20.152326,C-Scheme,187.7,29.5,1.0,False
2026-09-10 09:51:20.152326,C-Scheme,180.5,24.9,1.0,False
2026-09-10 10:51:20.152326,C-Scheme,86.9,50.0,0.503,False
2026-09-10 11:51:20.152326,C-Scheme,94.0,44.4,0.544,False
2026-09-10 12:51:20.152326,C-Scheme,113.9,44.7,0.659,False
2026-09-10 13:51:20.152326,C-Scheme,117.5,33.5,0.68,False
2026-09-10 14:51:20.152326,C-Scheme,97.9,47.5,0.566,False
2026-09-10 15:51:20.152326,C-Scheme,102.4,43.1,0.593,False
2026-09-10 16:51:20.152326,C-Scheme,102.9,40.5,0.596,False
2026-09-10 17:51:20.152326,C-Scheme,154.3,35.2,0.893,False
2026-09-10 18:51:20.152326,C-Scheme,149.3,36.4,0.864,False
2026-09-10 19:51:20.152326,C-Scheme,157.8,28.8,0.913,False
2026-09-10 20:51:20.152326,C-Scheme,106.1,45.9,0.614,False
2026-09-10 21:51:20.152326,C-Scheme,108.2,40.0,0.626,False
2026-09-10 22:51:20.152326,C-Scheme,99.5,43.1,0.576,False
2026-09-10 23:51:20.152326,C-Scheme,96.4,48.0,0.558,False
2026-09-11 00:51:20.152326,C-Scheme,99.8,47.7,0.578,False
2026-09-11 01:51:20.152326,C-Scheme,104.5,47.0,0.605,False
2026-09-11 02:51:20.152326,C-Scheme,97.4,43.7,0.564,True
2026-09-11 03:51:20.152326,C-Scheme,105.3,43.5,0.609,False
2026-09-11 04:51:20.152326,C-Scheme,113.7,37.8,0.658,False
2026-09-11 05:51:20.152326,C-Scheme,95.8,50.4,0.555,True
2026-09-11 06:51:20.152326,C-Scheme,127.6,34.9,0.739,False
2026-09-11 07:51:20.152326,C-Scheme,165.9,22.7,0.96,False
2026-09-11 08:51:20.152326,C-Scheme,185.1,21.5,1.0,False
2026-09-11 09:51:20.152326,C-Scheme,177.8,29.2,1.0,False
2026-09-11 10:51:20.152326,C-Scheme,105.3,46.1,0.609,False
2026-09-11 11:51:20.152326,C-Scheme,113.3,37.8,0.655,False
2026-09-11 12:51:20.152326,C-Scheme,119.8,42.8,0.693,False
2026-09-11 13:51:20.152326,C-Scheme,108.5,45.0,0.628,False
2026-09-11 14:51:20.152326,C-Scheme,89.8,45.0,0.519,False
2026-09-11 15:51:20.152326,C-Scheme,102.1,45.0,0.591,False
2026-09-11 16:51:20.152326,C-Scheme,111.2,46.8,0.644,False
2026-09-11 17:51:20.152326,C-Scheme,175.1,26.4,1.0,False
2026-09-11 18:51:20.152326,C-Scheme,180.5,28.7,1.0,False
2026-09-11 19:51:20.152326,C-Scheme,163.8,32.4,0.948,False
2026-09-11 20:51:20.152326,C-Scheme,109.6,45.5,0.634,False
2026-09-11 21:51:20.152326,C-Scheme,105.6,39.6,0.611,False
2026-09-11 22:51:20.152326,C-Scheme,111.1,45.1,0.643,True
2026-09-11 23:51:20.152326,C-Scheme,93.5,47.5,0.541,False
2026-09-12 00:51:20.152326,C-Scheme,68.1,47.7,0.394,False
2026-09-12 01:51:20.152326,C-Scheme,85.4,47.9,0.494,False
2026-09-12 02:51:20.152326,C-Scheme,67.8,49.2,0.393,False
2026-09-12 03:51:20.152326,C-Scheme,74.4,50.8,0.431,True
2026-09-12 04:51:20.152326,C-Scheme,75.9,52.0,0.439,False
2026-09-12 05:51:20.152326,C-Scheme,71.5,57.0,0.414,False
2026-09-12 06:51:20.152326,C-Scheme,69.0,51.6,0.399,False
2026-09-12 07:51:20.152326,C-Scheme,121.8,35.0,0.705,False
2026-09-12 08:51:20.152326,C-Scheme,133.5,36.7,0.773,False
2026-09-12 09:51:20.152326,C-Scheme,132.3,37.7,0.766,False
2026-09-12 10:51:20.152326,C-Scheme,78.8,49.6,0.456,False
2026-09-12 11:51:20.152326,C-Scheme,72.1,51.9,0.417,False
2026-09-12 12:51:20.152326,C-Scheme,73.4,46.1,0.425,False
2026-09-12 13:51:20.152326,C-Scheme,75.8,50.6,0.439,False
2026-09-12 14:51:20.152326,C-Scheme,80.7,49.3,0.467,False
2026-09-12 15:51:20.152326,C-Scheme,76.2,51.3,0.441,False
2026-09-12 16:51:20.152326,C-Scheme,67.3,48.5,0.39,False
2026-09-12 17:51:20.152326,C-Scheme,115.0,45.4,0.666,False
2026-09-12 18:51:20.152326,C-Scheme,126.1,38.6,0.73,False
2026-09-12 19:51:20.152326,C-Scheme,116.3,41.9,0.673,False
2026-09-12 20:51:20.152326,C-Scheme,73.9,51.6,0.427,False
2026-09-12 21:51:20.152326,C-Scheme,76.0,48.5,0.44,False
2026-09-12 22:51:20.152326,C-Scheme,90.6,48.3,0.524,False
2026-09-12 23:51:20.152326,C-Scheme,77.3,51.8,0.447,False
2026-09-13 00:51:20.152326,C-Scheme,68.5,52.2,0.396,False
2026-09-13 01:51:20.152326,C-Scheme,69.6,47.7,0.403,False
2026-09-13 02:51:20.152326,C-Scheme,76.9,44.3,0.445,False
2026-09-13 03:51:20.152326,C-Scheme,85.3,48.0,0.494,False
2026-09-13 04:51:20.152326,C-Scheme,70.0,46.2,0.405,False
2026-09-13 05:51:20.152326,C-Scheme,66.3,55.1,0.384,False
2026-09-13 06:51:20.152326,C-Scheme,69.4,46.6,0.402,False
2026-09-13 07:51:20.152326,C-Scheme,132.4,34.9,0.766,False
2026-09-13 08:51:20.152326,C-Scheme,144.3,38.7,0.835,False
2026-09-13 09:51:20.152326,C-Scheme,121.8,44.5,0.705,False
2026-09-13 10:51:20.152326,C-Scheme,82.3,52.3,0.476,False
2026-09-13 11:51:20.152326,C-Scheme,88.7,43.1,0.513,False
2026-09-13 12:51:20.152326,C-Scheme,82.9,48.3,0.48,False
2026-09-13 13:51:20.152326,C-Scheme,76.9,52.8,0.445,False
2026-09-13 14:51:20.152326,C-Scheme,71.6,53.7,0.414,False
2026-09-13 15:51:20.152326,C-Scheme,88.4,46.8,0.512,False
2026-09-13 16:51:20.152326,C-Scheme,62.3,50.1,0.361,False
2026-09-13 17:51:20.152326,C-Scheme,111.7,36.9,0.646,False
2026-09-13 18:51:20.152326,C-Scheme,114.3,42.7,0.661,False
2026-09-13 19:51:20.152326,C-Scheme,116.1,43.6,0.672,False
2026-09-13 20:51:20.152326,C-Scheme,77.5,47.0,0.448,False
2026-09-13 21:51:20.152326,C-Scheme,73.3,49.8,0.424,False
2026-09-13 22:51:20.152326,C-Scheme,90.5,44.8,0.524,False
2026-09-13 23:51:20.152326,C-Scheme,73.0,54.6,0.423,False
2026-09-14 00:51:20.152326,C-Scheme,104.5,43.4,0.605,False
2026-09-14 01:51:20.152326,C-Scheme,119.6,36.8,0.692,False
2026-09-14 02:51:20.152326,C-Scheme,107.6,41.3,0.623,False
2026-09-14 03:51:20.152326,C-Scheme,98.0,44.0,0.567,False
2026-09-14 04:51:20.152326,C-Scheme,120.5,42.5,0.697,False
2026-09-14 05:51:20.152326,C-Scheme,107.0,43.0,0.619,False
2026-09-14 06:51:20.152326,C-Scheme,111.9,44.5,0.647,False
2026-09-14 07:51:20.152326,C-Scheme,180.3,29.4,1.0,False
2026-09-14 08:51:20.152326,C-Scheme,189.3,25.0,1.0,False
2026-09-14 09:51:20.152326,C-Scheme,192.4,22.3,1.0,False
2026-09-14 10:51:20.152326,C-Scheme,102.8,44.3,0.595,False
2026-09-14 11:51:20.152326,C-Scheme,105.9,43.1,0.613,False
2026-09-14 12:51:20.152326,C-Scheme,121.0,45.1,0.7,False
2026-09-14 13:51:20.152326,C-Scheme,107.5,41.3,0.622,False
2026-09-14 14:51:20.152326,C-Scheme,113.5,40.1,0.657,False
2026-09-14 15:51:20.152326,C-Scheme,121.2,42.1,0.701,False
2026-09-14 16:51:20.152326,C-Scheme,96.0,48.1,0.556,False
2026-09-14 17:51:20.152326,C-Scheme,148.4,30.6,0.859,False
2026-09-14 18:51:20.152326,C-Scheme,180.9,28.8,1.0,False
2026-09-14 19:51:20.152326,C-Scheme,158.3,35.6,0.916,True
2026-09-14 20:51:20.152326,C-Scheme,95.7,48.4,0.554,False
2026-09-14 21:51:20.152326,C-Scheme,107.9,50.0,0.624,False
2026-09-14 22:51:20.152326,C-Scheme,108.9,40.9,0.63,False
2026-09-14 23:51:20.152326,C-Scheme,111.2,46.2,0.643,False
2026-09-15 00:51:20.152326,C-Scheme,113.1,44.5,0.654,False
2026-09-15 01:51:20.152326,C-Scheme,107.6,44.4,0.623,False
2026-09-15 02:51:20.152326,C-Scheme,109.9,40.4,0.636,False
2026-09-15 03:51:20.152326,C-Scheme,97.0,46.0,0.561,False
2026-09-15 04:51:20.152326,C-Scheme,121.8,41.7,0.705,False
2026-09-15 05:51:20.152326,C-Scheme,97.8,42.8,0.566,False
2026-09-15 06:51:20.152326,C-Scheme,102.0,42.9,0.59,False
2026-09-15 07:51:20.152326,C-Scheme,158.1,29.6,0.915,False
2026-09-15 08:51:20.152326,C-Scheme,205.1,23.0,1.0,False
2026-09-15 09:51:20.152326,C-Scheme,172.9,29.2,1.0,False
2026-09-15 10:51:20.152326,C-Scheme,107.7,42.8,0.623,True
2026-09-15 11:51:20.152326,C-Scheme,109.2,40.0,0.632,False
2026-09-15 12:51:20.152326,C-Scheme,129.4,36.7,0.749,False
2026-09-15 13:51:20.152326,C-Scheme,107.8,46.0,0.624,False
2026-09-15 14:51:20.152326,C-Scheme,100.3,43.9,0.581,False
2026-09-15 15:51:20.152326,C-Scheme,95.6,47.3,0.553,False
2026-09-15 16:51:20.152326,C-Scheme,102.6,45.3,0.594,False
2026-09-15 17:51:20.152326,C-Scheme,158.7,31.4,0.918,False
2026-09-15 18:51:20.152326,C-Scheme,168.2,36.5,0.974,False
2026-09-15 19:51:20.152326,C-Scheme,177.9,25.8,1.0,False
2026-09-15 20:51:20.152326,C-Scheme,117.2,48.3,0.678,False
2026-09-15 21:51:20.152326,C-Scheme,105.9,45.1,0.613,False
2026-09-15 22:51:20.152326,C-Scheme,111.6,43.5,0.646,False
2026-09-15 23:51:20.152326,C-Scheme,122.3,41.2,0.708,False
2026-09-16 00:51:20.152326,C-Scheme,101.7,46.1,0.588,False
2026-09-16 01:51:20.152326,C-Scheme,107.4,44.8,0.622,False
2026-09-16 02:51:20.152326,C-Scheme,112.9,44.6,0.654,False
2026-09-16 03:51:20.152326,C-Scheme,105.3,40.7,0.609,False
2026-09-16 04:51:20.152326,C-Scheme,121.1,43.8,0.701,False
2026-09-16 05:51:20.152326,C-Scheme,119.8,42.1,0.694,False
2026-09-16 06:51:20.152326,C-Scheme,113.6,37.0,0.657,False
2026-09-16 07:51:20.152326,C-Scheme,163.1,31.5,0.944,False
2026-09-16 08:51:20.152326,C-Scheme,172.6,28.7,0.999,False
2026-09-16 09:51:20.152326,C-Scheme,160.5,28.0,0.929,False
2026-09-16 10:51:20.152326,C-Scheme,98.9,46.5,0.572,False
2026-09-16 11:51:20.152326,C-Scheme,107.6,42.8,0.623,False
2026-09-16 12:51:20.152326,C-Scheme,114.6,36.4,0.663,False
2026-09-16 13:51:20.152326,C-Scheme,102.9,44.1,0.596,False
2026-09-16 14:51:20.152326,C-Scheme,114.2,41.8,0.661,False
2026-09-16 15:51:20.152326,C-Scheme,119.5,37.7,0.692,False
2026-09-16 16:51:20.152326,C-Scheme,116.7,44.0,0.675,False
2026-09-16 17:51:20.152326,C-Scheme,164.5,28.4,0.952,False
2026-09-16 18:51:20.152326,C-Scheme,178.7,27.8,1.0,False
2026-09-16 19:51:20.152326,C-Scheme,178.7,30.2,1.0,False
2026-09-16 20:51:20.152326,C-Scheme,97.3,46.6,0.563,False
2026-09-16 21:51:20.152326,C-Scheme,91.6,52.7,0.53,False
2026-09-16 22:51:20.152326,C-Scheme,105.2,43.0,0.609,False
2026-09-16 23:51:20.152326,C-Scheme,105.2,44.7,0.609,False
2026-09-17 00:51:20.152326,C-Scheme,118.5,45.3,0.686,False
2026-09-17 01:51:20.152326,C-Scheme,119.8,39.9,0.693,False
2026-09-17 02:51:20.152326,C-Scheme,100.7,41.7,0.582,False
2026-09-17 03:51:20.152326,C-Scheme,105.0,46.1,0.608,False
2026-09-17 04:51:20.152326,C-Scheme,113.1,37.3,0.655,False
2026-09-17 05:51:20.152326,C-Scheme,119.2,38.3,0.69,False
2026-09-17 06:51:20.152326,C-Scheme,113.9,43.5,0.659,False
2026-09-17 07:51:20.152326,C-Scheme,158.1,27.7,0.915,False
2026-09-17 08:51:20.152326,C-Scheme,179.3,29.8,1.0,False
2026-09-17 09:51:20.152326,C-Scheme,199.8,28.8,1.0,False
2026-09-17 10:51:20.152326,C-Scheme,104.5,42.7,0.605,False
2026-09-17 11:51:20.152326,C-Scheme,87.6,47.2,0.507,False
2026-09-17 12:51:20.152326,C-Scheme,122.9,43.4,0.711,False
2026-09-17 13:51:20.152326,C-Scheme,108.6,45.4,0.629,False
2026-09-17 14:51:20.152326,C-Scheme,100.6,43.6,0.582,False
2026-09-17 15:51:20.152326,C-Scheme,107.0,44.3,0.619,False
2026-09-17 16:51:20.152326,C-Scheme,103.1,42.6,0.597,False
2026-09-17 17:51:20.152326,C-Scheme,169.9,29.9,0.983,False
2026-09-17 18:51:20.152326,C-Scheme,161.6,35.7,0.935,False
2026-09-17 19:51:20.152326,C-Scheme,153.9,34.6,0.891,False
2026-09-17 20:51:20.152326,C-Scheme,106.8,36.6,0.618,False
2026-09-17 21:51:20.152326,C-Scheme,103.7,43.9,0.6,False
2026-09-17 22:51:20.152326,C-Scheme,107.1,46.9,0.62,False
2026-09-17 23:51:20.152326,C-Scheme,98.8,46.4,0.572,False
2026-09-18 00:51:20.152326,C-Scheme,104.3,38.4,0.604,False
2026-09-18 01:51:20.152326,C-Scheme,121.9,40.7,0.705,False
2026-09-18 02:51:20.152326,C-Scheme,96.3,40.4,0.557,False
2026-09-18 03:51:20.152326,C-Scheme,103.6,47.4,0.6,False
2026-09-18 04:51:20.152326,C-Scheme,90.3,50.6,0.523,False
2026-09-18 05:51:20.152326,C-Scheme,104.0,47.8,0.602,False
2026-09-18 06:51:20.152326,C-Scheme,105.4,43.7,0.61,False
2026-09-18 07:51:20.152326,C-Scheme,177.9,30.9,1.0,False
2026-09-18 08:51:20.152326,C-Scheme,166.5,30.8,0.963,False
2026-09-18 09:51:20.152326,C-Scheme,182.6,25.9,1.0,False
2026-09-18 10:51:20.152326,C-Scheme,110.5,42.1,0.639,False
2026-09-18 11:51:20.152326,C-Scheme,112.4,38.7,0.651,False
2026-09-18 12:51:20.152326,C-Scheme,114.7,39.4,0.664,False
2026-09-18 13:51:20.152326,C-Scheme,121.0,36.1,0.7,False
2026-09-18 14:51:20.152326,C-Scheme,122.4,46.1,0.708,False
2026-09-18 15:51:20.152326,C-Scheme,103.4,45.3,0.598,False
2026-09-18 16:51:20.152326,C-Scheme,103.1,42.9,0.597,False
2026-09-18 17:51:20.152326,C-Scheme,160.8,29.2,0.93,False
2026-09-18 18:51:20.152326,C-Scheme,171.5,31.1,0.992,False
2026-09-18 19:51:20.152326,C-Scheme,182.0,27.6,1.0,False
2026-09-18 20:51:20.152326,C-Scheme,106.9,44.6,0.619,False
2026-09-18 21:51:20.152326,C-Scheme,107.8,40.4,0.624,False
2026-09-18 22:51:20.152326,C-Scheme,98.3,45.0,0.569,False
2026-09-18 23:51:20.152326,C-Scheme,99.8,40.1,0.578,False
2026-09-19 00:51:20.152326,C-Scheme,82.5,46.3,0.478,False
2026-09-19 01:51:20.152326,C-Scheme,78.2,46.7,0.453,False
2026-09-19 02:51:20.152326,C-Scheme,68.4,50.8,0.396,False
2026-09-19 03:51:20.152326,C-Scheme,82.3,52.1,0.476,False
2026-09-19 04:51:20.152326,C-Scheme,79.8,48.0,0.462,False
2026-09-19 05:51:20.152326,C-Scheme,73.8,44.6,0.427,False
2026-09-19 06:51:20.152326,C-Scheme,73.4,52.1,0.425,False
2026-09-19 07:51:20.152326,C-Scheme,117.0,36.3,0.677,False
2026-09-19 08:51:20.152326,C-Scheme,126.2,36.6,0.73,False
2026-09-19 09:51:20.152326,C-Scheme,117.8,42.6,0.682,False
2026-09-19 10:51:20.152326,C-Scheme,71.2,45.1,0.412,False
2026-09-19 11:51:20.152326,C-Scheme,69.3,48.4,0.401,False
2026-09-19 12:51:20.152326,C-Scheme,84.5,48.1,0.489,False
2026-09-19 13:51:20.152326,C-Scheme,82.2,48.1,0.476,False
2026-09-19 14:51:20.152326,C-Scheme,72.2,46.3,0.418,False
2026-09-19 15:51:20.152326,C-Scheme,81.1,53.4,0.469,False
2026-09-19 16:51:20.152326,C-Scheme,70.2,49.8,0.406,False
2026-09-19 17:51:20.152326,C-Scheme,116.3,40.9,0.673,False
2026-09-19 18:51:20.152326,C-Scheme,117.6,42.8,0.68,False
2026-09-19 19:51:20.152326,C-Scheme,122.6,42.6,0.71,False
2026-09-19 20:51:20.152326,C-Scheme,70.9,51.9,0.41,False
2026-09-19 21:51:20.152326,C-Scheme,82.2,45.2,0.476,False
2026-09-19 22:51:20.152326,C-Scheme,76.8,53.7,0.444,False
2026-09-19 23:51:20.152326,C-Scheme,86.1,49.1,0.498,False
2026-09-20 00:51:20.152326,C-Scheme,75.2,47.0,0.435,False
2026-09-20 01:51:20.152326,C-Scheme,82.8,49.2,0.479,False
2026-09-20 02:51:20.152326,C-Scheme,77.9,48.4,0.451,False
2026-09-20 03:51:20.152326,C-Scheme,63.1,53.2,0.365,False
2026-09-20 04:51:20.152326,C-Scheme,73.1,51.4,0.423,False
2026-09-20 05:51:20.152326,C-Scheme,75.5,56.6,0.437,False
2026-09-20 06:51:20.152326,C-Scheme,76.8,47.7,0.444,False
2026-09-20 07:51:20.152326,C-Scheme,125.6,38.4,0.727,False
2026-09-20 08:51:20.152326,C-Scheme,119.0,40.2,0.689,False
2026-09-20 09:51:20.152326,C-Scheme,115.3,41.1,0.667,False
2026-09-20 10:51:20.152326,C-Scheme,64.4,49.2,0.373,False
2026-09-20 11:51:20.152326,C-Scheme,68.2,49.0,0.395,False
2026-09-20 12:51:20.152326,C-Scheme,81.5,51.3,0.472,False
2026-09-20 13:51:20.152326,C-Scheme,77.2,47.2,0.446,False
2026-09-20 14:51:20.152326,C-Scheme,74.4,51.9,0.431,False
2026-09-20 15:51:20.152326,C-Scheme,77.8,52.6,0.45,False
2026-09-20 16:51:20.152326,C-Scheme,80.2,56.0,0.464,False
2026-09-20 17:51:20.152326,C-Scheme,105.8,40.1,0.613,False
2026-09-20 18:51:20.152326,C-Scheme,124.4,42.9,0.72,False
2026-09-20 19:51:20.152326,C-Scheme,131.5,40.6,0.761,False
2026-09-20 20:51:20.152326,C-Scheme,74.6,49.3,0.432,False
2026-09-20 21:51:20.152326,C-Scheme,85.0,43.8,0.492,False
2026-09-20 22:51:20.152326,C-Scheme,74.9,49.3,0.433,False
2026-09-20 23:51:20.152326,C-Scheme,68.9,52.8,0.399,False
2026-09-21 00:51:20.152326,C-Scheme,116.5,37.6,0.674,False
2026-09-21 01:51:20.152326,C-Scheme,97.8,44.5,0.566,False
2026-09-21 02:51:20.152326,C-Scheme,103.3,46.7,0.598,False
2026-09-21 03:51:20.152326,C-Scheme,102.1,42.3,0.591,False
2026-09-21 04:51:20.152326,C-Scheme,102.0,45.3,0.59,False
2026-09-21 05:51:20.152326,C-Scheme,98.5,44.9,0.57,False
2026-09-21 06:51:20.152326,C-Scheme,107.2,41.2,0.62,False
2026-09-21 07:51:20.152326,C-Scheme,173.7,30.8,1.0,False
2026-09-21 08:51:20.152326,C-Scheme,170.6,29.0,0.987,False
2026-09-21 09:51:20.152326,C-Scheme,169.4,26.9,0.981,False
2026-09-21 10:51:20.152326,C-Scheme,94.3,42.8,0.546,False
2026-09-21 11:51:20.152326,C-Scheme,101.1,46.7,0.585,True
2026-09-21 12:51:20.152326,C-Scheme,103.7,42.9,0.6,False
2026-09-21 13:51:20.152326,C-Scheme,98.3,42.0,0.569,False
2026-09-21 14:51:20.152326,C-Scheme,95.7,49.0,0.554,False
2026-09-21 15:51:20.152326,C-Scheme,101.6,44.9,0.588,False
2026-09-21 16:51:20.152326,C-Scheme,96.8,42.7,0.56,False
2026-09-21 17:51:20.152326,C-Scheme,167.9,30.3,0.971,False
2026-09-21 18:51:20.152326,C-Scheme,160.0,33.7,0.926,False
2026-09-21 19:51:20.152326,C-Scheme,169.8,31.8,0.982,False
2026-09-21 20:51:20.152326,C-Scheme,101.0,42.2,0.584,True
2026-09-21 21:51:20.152326,C-Scheme,118.3,41.4,0.684,False
2026-09-21 22:51:20.152326,C-Scheme,102.8,43.8,0.595,False
2026-09-21 23:51:20.152326,C-Scheme,105.8,48.6,0.612,False
2026-09-22 00:51:20.152326,C-Scheme,98.0,47.5,0.567,False
2026-09-22 01:51:20.152326,C-Scheme,104.2,49.6,0.603,False
2026-09-22 02:51:20.152326,C-Scheme,106.5,50.4,0.616,False
2026-09-22 03:51:20.152326,C-Scheme,107.2,40.2,0.62,True
2026-09-22 04:51:20.152326,C-Scheme,117.0,40.1,0.677,False
2026-09-22 05:51:20.152326,C-Scheme,98.9,46.2,0.573,False
2026-09-22 06:51:20.152326,C-Scheme,123.8,39.9,0.716,False
2026-09-22 07:51:20.152326,C-Scheme,184.0,27.9,1.0,False
2026-09-22 08:51:20.152326,C-Scheme,193.1,26.5,1.0,False
2026-09-22 09:51:20.152326,C-Scheme,195.8,27.2,1.0,False
2026-09-22 10:51:20.152326,C-Scheme,107.2,41.0,0.62,False
2026-09-22 11:51:20.152326,C-Scheme,108.5,43.5,0.628,False
2026-09-22 12:51:20.152326,C-Scheme,126.5,42.8,0.732,False
2026-09-22 13:51:20.152326,C-Scheme,115.1,45.6,0.666,False
2026-09-22 14:51:20.152326,C-Scheme,108.1,42.2,0.626,False
2026-09-22 15:51:20.152326,C-Scheme,116.7,41.9,0.675,False
2026-09-22 16:51:20.152326,C-Scheme,103.5,42.1,0.599,False
2026-09-22 17:51:20.152326,C-Scheme,174.4,26.2,1.0,False
2026-09-22 18:51:20.152326,C-Scheme,177.0,23.5,1.0,False
2026-09-22 19:51:20.152326,C-Scheme,159.9,34.5,0.925,False
2026-09-22 20:51:20.152326,C-Scheme,96.4,47.4,0.558,False
2026-09-22 21:51:20.152326,C-Scheme,90.5,46.9,0.524,False
2026-09-22 22:51:20.152326,C-Scheme,114.5,37.7,0.662,False
2026-09-22 23:51:20.152326,C-Scheme,110.2,39.8,0.638,False
2026-09-23 00:51:20.152326,C-Scheme,124.9,40.2,0.723,False
2026-09-23 01:51:20.152326,C-Scheme,121.4,36.9,0.703,False
2026-09-23 02:51:20.152326,C-Scheme,106.2,41.3,0.615,False
2026-09-23 03:51:20.152326,C-Scheme,111.5,40.6,0.645,False
2026-09-23 04:51:20.152326,C-Scheme,107.2,45.9,0.62,False
2026-09-23 05:51:20.152326,C-Scheme,117.2,33.5,0.678,False
2026-09-23 06:51:20.152326,C-Scheme,102.0,44.3,0.59,False
2026-09-23 07:51:20.152326,C-Scheme,144.0,30.2,0.833,False
2026-09-23 08:51:20.152326,C-Scheme,186.1,25.0,1.0,False
2026-09-23 09:51:20.152326,C-Scheme,158.6,30.4,0.918,False
2026-09-23 10:51:20.152326,C-Scheme,107.1,44.2,0.62,False
2026-09-23 11:51:20.152326,C-Scheme,96.0,43.1,0.556,False
2026-09-23 12:51:20.152326,C-Scheme,100.6,43.3,0.582,False
2026-09-23 13:51:20.152326,C-Scheme,102.6,50.5,0.594,False
2026-09-23 14:51:20.152326,C-Scheme,103.9,47.3,0.601,False
2026-09-23 15:51:20.152326,C-Scheme,112.2,44.9,0.649,True
2026-09-23 16:51:20.152326,C-Scheme,117.9,45.6,0.682,False
2026-09-23 17:51:20.152326,C-Scheme,152.9,28.2,0.885,False
2026-09-23 18:51:20.152326,C-Scheme,176.5,29.9,1.0,False
2026-09-23 19:51:20.152326,C-Scheme,167.8,31.9,0.971,False
2026-09-23 20:51:20.152326,C-Scheme,110.0,47.5,0.637,False
2026-09-23 21:51:20.152326,C-Scheme,95.6,42.0,0.553,False
2026-09-23 22:51:20.152326,C-Scheme,118.6,38.0,0.686,False
2026-09-23 23:51:20.152326,C-Scheme,110.1,41.7,0.637,False
2026-09-24 00:51:20.152326,C-Scheme,96.3,43.7,0.557,False
2026-09-24 01:51:20.152326,C-Scheme,108.3,47.9,0.627,False
2026-09-24 02:51:20.152326,C-Scheme,99.1,43.0,0.573,False
2026-09-24 03:51:20.152326,C-Scheme,102.5,36.0,0.593,False
2026-09-24 04:51:20.152326,C-Scheme,116.0,43.3,0.671,False
2026-09-24 05:51:20.152326,C-Scheme,113.3,45.3,0.655,False
2026-09-24 06:51:20.152326,C-Scheme,107.8,42.8,0.624,False
2026-09-24 07:51:20.152326,C-Scheme,188.5,26.7,1.0,False
2026-09-24 08:51:20.152326,C-Scheme,181.5,27.6,1.0,False
2026-09-24 09:51:20.152326,C-Scheme,175.1,35.4,1.0,False
2026-09-24 10:51:20.152326,C-Scheme,97.9,42.1,0.567,False
2026-09-24 11:51:20.152326,C-Scheme,108.4,43.7,0.627,False
2026-09-24 12:51:20.152326,C-Scheme,94.3,47.4,0.546,False
2026-09-24 13:51:20.152326,C-Scheme,111.8,40.8,0.647,False
2026-09-24 14:51:20.152326,C-Scheme,106.5,43.5,0.616,False
2026-09-24 15:51:20.152326,C-Scheme,109.4,43.6,0.633,False
2026-09-24 16:51:20.152326,C-Scheme,103.9,46.1,0.601,False
2026-09-24 17:51:20.152326,C-Scheme,162.1,31.4,0.938,False
2026-09-24 18:51:20.152326,C-Scheme,167.7,30.7,0.971,False
2026-09-24 19:51:20.152326,C-Scheme,180.3,25.5,1.0,False
2026-09-24 20:51:20.152326,C-Scheme,114.3,41.4,0.662,False
2026-09-24 21:51:20.152326,C-Scheme,117.1,44.1,0.678,False
2026-06-26 22:51:20.152326,Vaishali Nagar,504.2,41.1,0.648,False
2026-06-26 23:51:20.152326,Vaishali Nagar,489.0,41.9,0.629,False
2026-06-27 00:51:20.152326,Vaishali Nagar,287.9,54.8,0.37,False
2026-06-27 01:51:20.152326,Vaishali Nagar,349.0,56.3,0.449,False
2026-06-27 02:51:20.152326,Vaishali Nagar,375.2,53.6,0.482,False
2026-06-27 03:51:20.152326,Vaishali Nagar,320.7,48.0,0.412,False
2026-06-27 04:51:20.152326,Vaishali Nagar,347.9,46.3,0.447,False
2026-06-27 05:51:20.152326,Vaishali Nagar,364.6,46.9,0.469,False
2026-06-27 06:51:20.152326,Vaishali Nagar,354.1,50.8,0.455,False
2026-06-27 07:51:20.152326,Vaishali Nagar,593.3,38.0,0.763,False
2026-06-27 08:51:20.152326,Vaishali Nagar,525.6,36.9,0.676,False
2026-06-27 09:51:20.152326,Vaishali Nagar,586.7,39.0,0.755,False
2026-06-27 10:51:20.152326,Vaishali Nagar,373.3,43.5,0.48,False
2026-06-27 11:51:20.152326,Vaishali Nagar,375.9,44.8,0.483,False
2026-06-27 12:51:20.152326,Vaishali Nagar,326.6,44.9,0.42,False
2026-06-27 13:51:20.152326,Vaishali Nagar,367.1,48.2,0.472,False
2026-06-27 14:51:20.152326,Vaishali Nagar,342.6,48.0,0.441,False
2026-06-27 15:51:20.152326,Vaishali Nagar,406.9,46.3,0.523,False
2026-06-27 16:51:20.152326,Vaishali Nagar,366.0,44.0,0.471,False
2026-06-27 17:51:20.152326,Vaishali Nagar,540.8,40.8,0.695,False
2026-06-27 18:51:20.152326,Vaishali Nagar,360.3,46.6,0.463,False
2026-06-27 19:51:20.152326,Vaishali Nagar,488.3,45.3,0.628,False
2026-06-27 20:51:20.152326,Vaishali Nagar,351.7,52.6,0.452,False
2026-06-27 21:51:20.152326,Vaishali Nagar,332.6,51.0,0.428,False
2026-06-27 22:51:20.152326,Vaishali Nagar,343.5,49.5,0.442,False
2026-06-27 23:51:20.152326,Vaishali Nagar,312.0,53.8,0.401,False
2026-06-28 00:51:20.152326,Vaishali Nagar,332.2,54.5,0.427,False
2026-06-28 01:51:20.152326,Vaishali Nagar,322.6,48.6,0.415,False
2026-06-28 02:51:20.152326,Vaishali Nagar,321.2,51.1,0.413,False
2026-06-28 03:51:20.152326,Vaishali Nagar,372.6,45.3,0.479,False
2026-06-28 04:51:20.152326,Vaishali Nagar,387.4,44.6,0.498,False
2026-06-28 05:51:20.152326,Vaishali Nagar,335.2,52.1,0.431,False
2026-06-28 06:51:20.152326,Vaishali Nagar,307.2,52.0,0.395,False
2026-06-28 07:51:20.152326,Vaishali Nagar,542.0,41.0,0.697,False
2026-06-28 08:51:20.152326,Vaishali Nagar,571.2,35.6,0.735,False
2026-06-28 09:51:20.152326,Vaishali Nagar,559.9,38.3,0.72,False
2026-06-28 10:51:20.152326,Vaishali Nagar,346.6,50.0,0.446,False
2026-06-28 11:51:20.152326,Vaishali Nagar,330.6,51.5,0.425,False
2026-06-28 12:51:20.152326,Vaishali Nagar,340.6,50.9,0.438,False
2026-06-28 13:51:20.152326,Vaishali Nagar,355.0,50.0,0.457,False
2026-06-28 14:51:20.152326,Vaishali Nagar,344.0,51.0,0.442,False
2026-06-28 15:51:20.152326,Vaishali Nagar,312.7,46.4,0.402,False
2026-06-28 16:51:20.152326,Vaishali Nagar,341.5,49.8,0.439,False
2026-06-28 17:51:20.152326,Vaishali Nagar,597.2,34.3,0.768,False
2026-06-28 18:51:20.152326,Vaishali Nagar,552.6,43.4,0.711,False
2026-06-28 19:51:20.152326,Vaishali Nagar,491.0,41.4,0.631,False
2026-06-28 20:51:20.152326,Vaishali Nagar,303.7,50.2,0.391,False
2026-06-28 21:51:20.152326,Vaishali Nagar,362.0,51.8,0.466,True
2026-06-28 22:51:20.152326,Vaishali Nagar,317.1,50.1,0.408,False
2026-06-28 23:51:20.152326,Vaishali Nagar,318.6,49.9,0.41,False
2026-06-29 00:51:20.152326,Vaishali Nagar,482.0,51.9,0.62,False
2026-06-29 01:51:20.152326,Vaishali Nagar,487.2,44.5,0.627,False
2026-06-29 02:51:20.152326,Vaishali Nagar,499.0,42.5,0.642,False
2026-06-29 03:51:20.152326,Vaishali Nagar,493.7,45.1,0.635,False
2026-06-29 04:51:20.152326,Vaishali Nagar,522.3,40.5,0.672,False
2026-06-29 05:51:20.152326,Vaishali Nagar,466.7,49.6,0.6,False
2026-06-29 06:51:20.152326,Vaishali Nagar,532.4,45.6,0.685,False
2026-06-29 07:51:20.152326,Vaishali Nagar,787.4,26.6,1.0,False
2026-06-29 08:51:20.152326,Vaishali Nagar,686.3,35.9,0.883,False
2026-06-29 09:51:20.152326,Vaishali Nagar,747.7,30.2,0.962,False
2026-06-29 10:51:20.152326,Vaishali Nagar,441.1,44.5,0.567,False
2026-06-29 11:51:20.152326,Vaishali Nagar,469.7,45.0,0.604,False
2026-06-29 12:51:20.152326,Vaishali Nagar,510.3,39.9,0.656,False
2026-06-29 13:51:20.152326,Vaishali Nagar,480.5,40.9,0.618,False
2026-06-29 14:51:20.152326,Vaishali Nagar,460.1,42.9,0.592,False
2026-06-29 15:51:20.152326,Vaishali Nagar,529.9,41.4,0.681,False
2026-06-29 16:51:20.152326,Vaishali Nagar,489.8,41.0,0.63,False
2026-06-29 17:51:20.152326,Vaishali Nagar,833.1,26.5,1.0,False
2026-06-29 18:51:20.152326,Vaishali Nagar,716.8,31.2,0.922,False
2026-06-29 19:51:20.152326,Vaishali Nagar,672.4,34.5,0.865,False
2026-06-29 20:51:20.152326,Vaishali Nagar,470.3,41.4,0.605,False
2026-06-29 21:51:20.152326,Vaishali Nagar,521.1,36.5,0.67,False
2026-06-29 22:51:20.152326,Vaishali Nagar,496.0,46.5,0.638,False
2026-06-29 23:51:20.152326,Vaishali Nagar,462.6,46.3,0.595,False
2026-06-30 00:51:20.152326,Vaishali Nagar,454.3,47.5,0.584,False
2026-06-30 01:51:20.152326,Vaishali Nagar,500.8,45.7,0.644,False
2026-06-30 02:51:20.152326,Vaishali Nagar,500.2,39.1,0.643,False
2026-06-30 03:51:20.152326,Vaishali Nagar,432.4,48.4,0.556,False
2026-06-30 04:51:20.152326,Vaishali Nagar,451.4,44.1,0.581,False
2026-06-30 05:51:20.152326,Vaishali Nagar,401.6,48.5,0.516,False
2026-06-30 06:51:20.152326,Vaishali Nagar,416.6,46.5,0.536,False
2026-06-30 07:51:20.152326,Vaishali Nagar,708.5,28.5,0.911,False
2026-06-30 08:51:20.152326,Vaishali Nagar,897.5,27.4,1.0,False
2026-06-30 09:51:20.152326,Vaishali Nagar,755.7,30.8,0.972,False
2026-06-30 10:51:20.152326,Vaishali Nagar,460.8,45.2,0.593,False
2026-06-30 11:51:20.152326,Vaishali Nagar,452.1,39.1,0.581,False
2026-06-30 12:51:20.152326,Vaishali Nagar,448.4,40.0,0.577,False
2026-06-30 13:51:20.152326,Vaishali Nagar,511.6,38.3,0.658,False
2026-06-30 14:51:20.152326,Vaishali Nagar,491.6,42.1,0.632,False
2026-06-30 15:51:20.152326,Vaishali Nagar,425.1,43.0,0.547,False
2026-06-30 16:51:20.152326,Vaishali Nagar,503.8,45.1,0.648,False
2026-06-30 17:51:20.152326,Vaishali Nagar,759.1,31.6,0.976,False
2026-06-30 18:51:20.152326,Vaishali Nagar,680.2,30.0,0.875,False
2026-06-30 19:51:20.152326,Vaishali Nagar,699.6,33.6,0.9,False
2026-06-30 20:51:20.152326,Vaishali Nagar,462.5,42.4,0.595,True
2026-06-30 21:51:20.152326,Vaishali Nagar,541.0,44.3,0.696,False
2026-06-30 22:51:20.152326,Vaishali Nagar,550.8,40.7,0.708,False
2026-06-30 23:51:20.152326,Vaishali Nagar,455.7,45.2,0.586,False
2026-07-01 00:51:20.152326,Vaishali Nagar,476.3,42.8,0.613,False
2026-07-01 01:51:20.152326,Vaishali Nagar,429.0,46.6,0.552,False
2026-07-01 02:51:20.152326,Vaishali Nagar,420.8,46.0,0.541,False
2026-07-01 03:51:20.152326,Vaishali Nagar,454.6,45.2,0.585,True
2026-07-01 04:51:20.152326,Vaishali Nagar,481.9,46.1,0.62,False
2026-07-01 05:51:20.152326,Vaishali Nagar,461.9,35.5,0.594,False
2026-07-01 06:51:20.152326,Vaishali Nagar,443.9,45.5,0.571,False
2026-07-01 07:51:20.152326,Vaishali Nagar,780.6,27.0,1.0,False
2026-07-01 08:51:20.152326,Vaishali Nagar,839.4,28.3,1.0,False
2026-07-01 09:51:20.152326,Vaishali Nagar,889.4,30.3,1.0,False
2026-07-01 10:51:20.152326,Vaishali Nagar,458.0,45.2,0.589,False
2026-07-01 11:51:20.152326,Vaishali Nagar,494.0,41.3,0.635,False
2026-07-01 12:51:20.152326,Vaishali Nagar,496.2,44.0,0.638,False
2026-07-01 13:51:20.152326,Vaishali Nagar,466.6,46.8,0.6,False
2026-07-01 14:51:20.152326,Vaishali Nagar,483.1,47.0,0.621,False
2026-07-01 15:51:20.152326,Vaishali Nagar,509.4,40.0,0.655,False
2026-07-01 16:51:20.152326,Vaishali Nagar,467.7,44.0,0.601,False
2026-07-01 17:51:20.152326,Vaishali Nagar,761.6,27.0,0.979,False
2026-07-01 18:51:20.152326,Vaishali Nagar,711.9,27.5,0.916,False
2026-07-01 19:51:20.152326,Vaishali Nagar,730.5,29.8,0.939,False
2026-07-01 20:51:20.152326,Vaishali Nagar,462.8,47.8,0.595,False
2026-07-01 21:51:20.152326,Vaishali Nagar,483.5,44.1,0.622,False
2026-07-01 22:51:20.152326,Vaishali Nagar,441.8,46.1,0.568,False
2026-07-01 23:51:20.152326,Vaishali Nagar,522.1,35.8,0.671,False
2026-07-02 00:51:20.152326,Vaishali Nagar,525.9,41.6,0.676,False
2026-07-02 01:51:20.152326,Vaishali Nagar,458.3,43.3,0.589,False
2026-07-02 02:51:20.152326,Vaishali Nagar,478.3,48.6,0.615,False
2026-07-02 03:51:20.152326,Vaishali Nagar,444.2,40.3,0.571,False
2026-07-02 04:51:20.152326,Vaishali Nagar,420.1,49.2,0.54,False
2026-07-02 05:51:20.152326,Vaishali Nagar,536.5,37.9,0.69,False
2026-07-02 06:51:20.152326,Vaishali Nagar,480.0,44.1,0.617,False
2026-07-02 07:51:20.152326,Vaishali Nagar,744.0,32.7,0.957,False
2026-07-02 08:51:20.152326,Vaishali Nagar,731.5,38.5,0.941,False
2026-07-02 09:51:20.152326,Vaishali Nagar,688.6,28.2,0.886,False
2026-07-02 10:51:20.152326,Vaishali Nagar,503.0,43.6,0.647,False
2026-07-02 11:51:20.152326,Vaishali Nagar,505.3,43.4,0.65,False
2026-07-02 12:51:20.152326,Vaishali Nagar,460.5,43.5,0.592,False
2026-07-02 13:51:20.152326,Vaishali Nagar,524.1,40.1,0.674,False
2026-07-02 14:51:20.152326,Vaishali Nagar,448.0,47.1,0.576,False
2026-07-02 15:51:20.152326,Vaishali Nagar,508.3,41.7,0.654,False
2026-07-02 16:51:20.152326,Vaishali Nagar,423.9,46.1,0.545,False
2026-07-02 17:51:20.152326,Vaishali Nagar,737.1,36.6,0.948,False
2026-07-02 18:51:20.152326,Vaishali Nagar,757.0,33.3,0.973,False
2026-07-02 19:51:20.152326,Vaishali Nagar,751.3,27.2,0.966,False
2026-07-02 20:51:20.152326,Vaishali Nagar,473.1,46.1,0.608,False
2026-07-02 21:51:20.152326,Vaishali Nagar,484.5,41.6,0.623,False
2026-07-02 22:51:20.152326,Vaishali Nagar,523.0,44.1,0.673,False
2026-07-02 23:51:20.152326,Vaishali Nagar,499.1,41.7,0.642,False
2026-07-03 00:51:20.152326,Vaishali Nagar,536.3,42.9,0.69,False
2026-07-03 01:51:20.152326,Vaishali Nagar,505.9,45.6,0.651,False
2026-07-03 02:51:20.152326,Vaishali Nagar,560.2,44.1,0.72,False
2026-07-03 03:51:20.152326,Vaishali Nagar,453.8,46.2,0.584,False
2026-07-03 04:51:20.152326,Vaishali Nagar,468.1,41.4,0.602,False
2026-07-03 05:51:20.152326,Vaishali Nagar,498.0,43.4,0.64,False
2026-07-03 06:51:20.152326,Vaishali Nagar,484.9,42.7,0.624,False
2026-07-03 07:51:20.152326,Vaishali Nagar,822.2,25.3,1.0,False
2026-07-03 08:51:20.152326,Vaishali Nagar,815.8,32.5,1.0,False
2026-07-03 09:51:20.152326,Vaishali Nagar,890.7,25.2,1.0,False
2026-07-03 10:51:20.152326,Vaishali Nagar,461.6,49.2,0.594,False
2026-07-03 11:51:20.152326,Vaishali Nagar,445.5,40.9,0.573,False
2026-07-03 12:51:20.152326,Vaishali Nagar,436.0,42.9,0.561,False
2026-07-03 13:51:20.152326,Vaishali Nagar,512.1,40.0,0.659,False
2026-07-03 14:51:20.152326,Vaishali Nagar,528.6,40.3,0.68,False
2026-07-03 15:51:20.152326,Vaishali Nagar,483.1,45.9,0.621,False
2026-07-03 16:51:20.152326,Vaishali Nagar,571.1,37.6,0.734,True
2026-07-03 17:51:20.152326,Vaishali Nagar,723.5,33.7,0.93,False
2026-07-03 18:51:20.152326,Vaishali Nagar,714.7,31.8,0.919,False
2026-07-03 19:51:20.152326,Vaishali Nagar,724.7,32.8,0.932,False
2026-07-03 20:51:20.152326,Vaishali Nagar,512.6,42.6,0.659,False
2026-07-03 21:51:20.152326,Vaishali Nagar,480.4,37.2,0.618,False
2026-07-03 22:51:20.152326,Vaishali Nagar,542.2,40.4,0.697,False
2026-07-03 23:51:20.152326,Vaishali Nagar,499.9,38.1,0.643,False
2026-07-04 00:51:20.152326,Vaishali Nagar,326.9,50.5,0.42,False
2026-07-04 01:51:20.152326,Vaishali Nagar,322.2,49.2,0.414,False
2026-07-04 02:51:20.152326,Vaishali Nagar,399.2,43.1,0.513,False
2026-07-04 03:51:20.152326,Vaishali Nagar,313.5,52.7,0.403,False
2026-07-04 04:51:20.152326,Vaishali Nagar,344.6,49.8,0.443,False
2026-07-04 05:51:20.152326,Vaishali Nagar,359.3,47.2,0.462,False
2026-07-04 06:51:20.152326,Vaishali Nagar,291.5,52.3,0.375,False
2026-07-04 07:51:20.152326,Vaishali Nagar,572.4,40.5,0.736,False
2026-07-04 08:51:20.152326,Vaishali Nagar,522.2,45.1,0.672,False
2026-07-04 09:51:20.152326,Vaishali Nagar,544.1,41.5,0.7,False
2026-07-04 10:51:20.152326,Vaishali Nagar,316.6,58.0,0.407,False
2026-07-04 11:51:20.152326,Vaishali Nagar,315.6,55.1,0.406,False
2026-07-04 12:51:20.152326,Vaishali Nagar,381.2,50.0,0.49,False
2026-07-04 13:51:20.152326,Vaishali Nagar,339.5,47.9,0.437,False
2026-07-04 14:51:20.152326,Vaishali Nagar,399.8,41.3,0.514,False
2026-07-04 15:51:20.152326,Vaishali Nagar,324.3,51.0,0.417,False
2026-07-04 16:51:20.152326,Vaishali Nagar,374.0,50.8,0.481,False
2026-07-04 17:51:20.152326,Vaishali Nagar,499.6,40.5,0.643,False
2026-07-04 18:51:20.152326,Vaishali Nagar,559.3,32.3,0.719,False
2026-07-04 19:51:20.152326,Vaishali Nagar,481.9,40.4,0.62,False
2026-07-04 20:51:20.152326,Vaishali Nagar,334.4,51.6,0.43,False
2026-07-04 21:51:20.152326,Vaishali Nagar,333.3,53.4,0.429,False
2026-07-04 22:51:20.152326,Vaishali Nagar,324.4,55.9,0.417,False
2026-07-04 23:51:20.152326,Vaishali Nagar,361.7,46.6,0.465,True
2026-07-05 00:51:20.152326,Vaishali Nagar,313.9,47.7,0.404,False
2026-07-05 01:51:20.152326,Vaishali Nagar,359.0,49.8,0.462,False
2026-07-05 02:51:20.152326,Vaishali Nagar,348.7,47.0,0.448,False
2026-07-05 03:51:20.152326,Vaishali Nagar,345.8,45.9,0.445,False
2026-07-05 04:51:20.152326,Vaishali Nagar,339.1,47.5,0.436,False
2026-07-05 05:51:20.152326,Vaishali Nagar,359.2,52.7,0.462,False
2026-07-05 06:51:20.152326,Vaishali Nagar,319.9,50.7,0.411,False
2026-07-05 07:51:20.152326,Vaishali Nagar,501.6,40.0,0.645,False
2026-07-05 08:51:20.152326,Vaishali Nagar,446.9,47.7,0.575,False
2026-07-05 09:51:20.152326,Vaishali Nagar,583.0,35.5,0.75,False
2026-07-05 10:51:20.152326,Vaishali Nagar,336.7,54.5,0.433,False
2026-07-05 11:51:20.152326,Vaishali Nagar,320.4,51.8,0.412,False
2026-07-05 12:51:20.152326,Vaishali Nagar,316.9,52.6,0.408,False
2026-07-05 13:51:20.152326,Vaishali Nagar,363.0,50.3,0.467,False
2026-07-05 14:51:20.152326,Vaishali Nagar,324.8,47.7,0.418,False
2026-07-05 15:51:20.152326,Vaishali Nagar,343.6,50.0,0.442,False
2026-07-05 16:51:20.152326,Vaishali Nagar,333.9,55.7,0.429,False
2026-07-05 17:51:20.152326,Vaishali Nagar,463.0,43.0,0.595,False
2026-07-05 18:51:20.152326,Vaishali Nagar,571.8,41.2,0.735,False
2026-07-05 19:51:20.152326,Vaishali Nagar,525.0,43.2,0.675,False
2026-07-05 20:51:20.152326,Vaishali Nagar,311.8,51.3,0.401,False
2026-07-05 21:51:20.152326,Vaishali Nagar,330.9,51.0,0.426,False
2026-07-05 22:51:20.152326,Vaishali Nagar,361.5,47.9,0.465,False
2026-07-05 23:51:20.152326,Vaishali Nagar,396.2,48.8,0.51,False
2026-07-06 00:51:20.152326,Vaishali Nagar,477.4,42.9,0.614,False
2026-07-06 01:51:20.152326,Vaishali Nagar,525.2,38.1,0.675,False
2026-07-06 02:51:20.152326,Vaishali Nagar,558.7,42.0,0.718,False
2026-07-06 03:51:20.152326,Vaishali Nagar,507.7,40.0,0.653,False
2026-07-06 04:51:20.152326,Vaishali Nagar,430.3,43.8,0.553,False
2026-07-06 05:51:20.152326,Vaishali Nagar,470.9,45.9,0.606,False
2026-07-06 06:51:20.152326,Vaishali Nagar,527.1,35.9,0.678,False
2026-07-06 07:51:20.152326,Vaishali Nagar,904.7,22.3,1.0,False
2026-07-06 08:51:20.152326,Vaishali Nagar,848.8,27.8,1.0,False
2026-07-06 09:51:20.152326,Vaishali Nagar,853.0,27.2,1.0,False
2026-07-06 10:51:20.152326,Vaishali Nagar,548.1,41.0,0.705,False
2026-07-06 11:51:20.152326,Vaishali Nagar,506.1,45.5,0.651,False
2026-07-06 12:51:20.152326,Vaishali Nagar,482.8,38.0,0.621,False
2026-07-06 13:51:20.152326,Vaishali Nagar,500.1,42.1,0.643,False
2026-07-06 14:51:20.152326,Vaishali Nagar,481.5,49.9,0.619,False
2026-07-06 15:51:20.152326,Vaishali Nagar,443.0,48.8,0.57,False
2026-07-06 16:51:20.152326,Vaishali Nagar,546.4,42.0,0.703,False
2026-07-06 17:51:20.152326,Vaishali Nagar,746.1,29.4,0.96,False
2026-07-06 18:51:20.152326,Vaishali Nagar,809.8,31.4,1.0,False
2026-07-06 19:51:20.152326,Vaishali Nagar,730.7,28.4,0.94,False
2026-07-06 20:51:20.152326,Vaishali Nagar,505.7,43.7,0.65,False
2026-07-06 21:51:20.152326,Vaishali Nagar,483.2,42.9,0.621,False
2026-07-06 22:51:20.152326,Vaishali Nagar,497.2,42.4,0.639,False
2026-07-06 23:51:20.152326,Vaishali Nagar,512.6,40.2,0.659,False
2026-07-07 00:51:20.152326,Vaishali Nagar,481.5,45.1,0.619,False
2026-07-07 01:51:20.152326,Vaishali Nagar,543.3,37.9,0.699,False
2026-07-07 02:51:20.152326,Vaishali Nagar,453.5,43.1,0.583,False
2026-07-07 03:51:20.152326,Vaishali Nagar,472.6,45.0,0.608,False
2026-07-07 04:51:20.152326,Vaishali Nagar,403.6,49.4,0.519,False
2026-07-07 05:51:20.152326,Vaishali Nagar,491.6,44.6,0.632,False
2026-07-07 06:51:20.152326,Vaishali Nagar,464.8,36.6,0.598,False
2026-07-07 07:51:20.152326,Vaishali Nagar,794.4,33.7,1.0,False
2026-07-07 08:51:20.152326,Vaishali Nagar,896.3,28.4,1.0,False
2026-07-07 09:51:20.152326,Vaishali Nagar,872.9,28.4,1.0,False
2026-07-07 10:51:20.152326,Vaishali Nagar,509.9,39.4,0.656,False
2026-07-07 11:51:20.152326,Vaishali Nagar,452.1,47.2,0.581,False
2026-07-07 12:51:20.152326,Vaishali Nagar,475.4,43.1,0.611,False
2026-07-07 13:51:20.152326,Vaishali Nagar,446.0,46.4,0.574,False
2026-07-07 14:51:20.152326,Vaishali Nagar,433.0,40.1,0.557,False
2026-07-07 15:51:20.152326,Vaishali Nagar,509.1,41.9,0.655,False
2026-07-07 16:51:20.152326,Vaishali Nagar,493.5,44.0,0.635,False
2026-07-07 17:51:20.152326,Vaishali Nagar,740.4,32.4,0.952,False
2026-07-07 18:51:20.152326,Vaishali Nagar,843.1,21.7,1.0,False
2026-07-07 19:51:20.152326,Vaishali Nagar,728.5,34.5,0.937,False
2026-07-07 20:51:20.152326,Vaishali Nagar,477.8,44.0,0.614,False
2026-07-07 21:51:20.152326,Vaishali Nagar,471.1,45.0,0.606,False
2026-07-07 22:51:20.152326,Vaishali Nagar,449.7,45.2,0.578,False
2026-07-07 23:51:20.152326,Vaishali Nagar,401.0,40.8,0.516,False
2026-07-08 00:51:20.152326,Vaishali Nagar,444.3,46.5,0.571,False
2026-07-08 01:51:20.152326,Vaishali Nagar,445.8,41.7,0.573,False
2026-07-08 02:51:20.152326,Vaishali Nagar,486.6,47.8,0.626,True
2026-07-08 03:51:20.152326,Vaishali Nagar,487.1,46.0,0.626,False
2026-07-08 04:51:20.152326,Vaishali Nagar,516.0,39.1,0.664,False
2026-07-08 05:51:20.152326,Vaishali Nagar,462.2,43.1,0.594,False
2026-07-08 06:51:20.152326,Vaishali Nagar,484.8,43.9,0.623,False
2026-07-08 07:51:20.152326,Vaishali Nagar,773.3,33.1,0.995,False
2026-07-08 08:51:20.152326,Vaishali Nagar,934.2,19.4,1.0,False
2026-07-08 09:51:20.152326,Vaishali Nagar,838.0,25.9,1.0,False
2026-07-08 10:51:20.152326,Vaishali Nagar,464.2,43.1,0.597,False
2026-07-08 11:51:20.152326,Vaishali Nagar,443.4,39.5,0.57,False
2026-07-08 12:51:20.152326,Vaishali Nagar,439.6,43.7,0.565,False
2026-07-08 13:51:20.152326,Vaishali Nagar,415.0,53.1,0.534,False
2026-07-08 14:51:20.152326,Vaishali Nagar,531.8,39.9,0.684,False
2026-07-08 15:51:20.152326,Vaishali Nagar,500.5,46.4,0.644,False
2026-07-08 16:51:20.152326,Vaishali Nagar,461.0,43.6,0.593,False
2026-07-08 17:51:20.152326,Vaishali Nagar,711.5,36.7,0.915,True
2026-07-08 18:51:20.152326,Vaishali Nagar,689.2,33.8,0.886,False
2026-07-08 19:51:20.152326,Vaishali Nagar,813.8,28.7,1.0,False
2026-07-08 20:51:20.152326,Vaishali Nagar,479.4,41.7,0.617,False
2026-07-08 21:51:20.152326,Vaishali Nagar,448.7,44.0,0.577,False
2026-07-08 22:51:20.152326,Vaishali Nagar,504.0,41.4,0.648,False
2026-07-08 23:51:20.152326,Vaishali Nagar,494.4,48.1,0.636,False
2026-07-09 00:51:20.152326,Vaishali Nagar,476.7,41.7,0.613,False
2026-07-09 01:51:20.152326,Vaishali Nagar,424.1,48.0,0.545,False
2026-07-09 02:51:20.152326,Vaishali Nagar,452.9,45.1,0.582,False
2026-07-09 03:51:20.152326,Vaishali Nagar,570.4,40.6,0.734,False
2026-07-09 04:51:20.152326,Vaishali Nagar,463.6,44.0,0.596,False
2026-07-09 05:51:20.152326,Vaishali Nagar,458.5,45.2,0.59,False
2026-07-09 06:51:20.152326,Vaishali Nagar,410.7,46.9,0.528,False
2026-07-09 07:51:20.152326,Vaishali Nagar,956.1,16.9,1.0,False
2026-07-09 08:51:20.152326,Vaishali Nagar,793.9,29.6,1.0,False
2026-07-09 09:51:20.152326,Vaishali Nagar,871.3,26.7,1.0,False
2026-07-09 10:51:20.152326,Vaishali Nagar,551.4,38.7,0.709,False
2026-07-09 11:51:20.152326,Vaishali Nagar,438.2,43.4,0.563,False
2026-07-09 12:51:20.152326,Vaishali Nagar,501.1,46.1,0.644,False
2026-07-09 13:51:20.152326,Vaishali Nagar,516.0,38.2,0.664,False
2026-07-09 14:51:20.152326,Vaishali Nagar,515.8,41.6,0.663,False
2026-07-09 15:51:20.152326,Vaishali Nagar,514.3,44.5,0.661,False
2026-07-09 16:51:20.152326,Vaishali Nagar,499.4,42.1,0.642,False
2026-07-09 17:51:20.152326,Vaishali Nagar,768.5,30.0,0.988,False
2026-07-09 18:51:20.152326,Vaishali Nagar,821.4,26.2,1.0,False
2026-07-09 19:51:20.152326,Vaishali Nagar,702.9,33.1,0.904,False
2026-07-09 20:51:20.152326,Vaishali Nagar,468.9,42.5,0.603,False
2026-07-09 21:51:20.152326,Vaishali Nagar,555.9,43.7,0.715,False
2026-07-09 22:51:20.152326,Vaishali Nagar,526.5,40.8,0.677,False
2026-07-09 23:51:20.152326,Vaishali Nagar,457.6,45.6,0.588,False
2026-07-10 00:51:20.152326,Vaishali Nagar,507.3,40.4,0.652,False
2026-07-10 01:51:20.152326,Vaishali Nagar,557.7,38.2,0.717,False
2026-07-10 02:51:20.152326,Vaishali Nagar,463.2,44.7,0.596,False
2026-07-10 03:51:20.152326,Vaishali Nagar,476.2,45.7,0.612,False
2026-07-10 04:51:20.152326,Vaishali Nagar,491.6,44.9,0.632,False
2026-07-10 05:51:20.152326,Vaishali Nagar,437.3,51.5,0.562,False
2026-07-10 06:51:20.152326,Vaishali Nagar,560.8,38.8,0.721,False
2026-07-10 07:51:20.152326,Vaishali Nagar,779.8,25.3,1.0,False
2026-07-10 08:51:20.152326,Vaishali Nagar,872.4,23.5,1.0,False
2026-07-10 09:51:20.152326,Vaishali Nagar,799.4,26.7,1.0,False
2026-07-10 10:51:20.152326,Vaishali Nagar,570.2,36.2,0.733,False
2026-07-10 11:51:20.152326,Vaishali Nagar,506.2,39.3,0.651,False
2026-07-10 12:51:20.152326,Vaishali Nagar,442.2,49.0,0.569,False
2026-07-10 13:51:20.152326,Vaishali Nagar,464.0,43.3,0.597,False
2026-07-10 14:51:20.152326,Vaishali Nagar,437.8,45.0,0.563,False
2026-07-10 15:51:20.152326,Vaishali Nagar,446.3,39.7,0.574,False
2026-07-10 16:51:20.152326,Vaishali Nagar,499.2,43.1,0.642,False
2026-07-10 17:51:20.152326,Vaishali Nagar,730.4,30.9,0.939,False
2026-07-10 18:51:20.152326,Vaishali Nagar,795.0,31.0,1.0,False
2026-07-10 19:51:20.152326,Vaishali Nagar,838.2,29.6,1.0,False
2026-07-10 20:51:20.152326,Vaishali Nagar,484.4,40.4,0.623,False
2026-07-10 21:51:20.152326,Vaishali Nagar,496.2,50.3,0.638,False
2026-07-10 22:51:20.152326,Vaishali Nagar,530.8,38.0,0.683,False
2026-07-10 23:51:20.152326,Vaishali Nagar,481.0,45.2,0.619,False
2026-07-11 00:51:20.152326,Vaishali Nagar,360.4,42.3,0.463,False
2026-07-11 01:51:20.152326,Vaishali Nagar,338.6,51.3,0.435,False
2026-07-11 02:51:20.152326,Vaishali Nagar,349.9,43.3,0.45,False
2026-07-11 03:51:20.152326,Vaishali Nagar,371.5,51.6,0.478,False
2026-07-11 04:51:20.152326,Vaishali Nagar,377.4,44.8,0.485,False
2026-07-11 05:51:20.152326,Vaishali Nagar,360.2,49.5,0.463,False
2026-07-11 06:51:20.152326,Vaishali Nagar,372.9,50.9,0.48,False
2026-07-11 07:51:20.152326,Vaishali Nagar,567.6,36.2,0.73,False
2026-07-11 08:51:20.152326,Vaishali Nagar,533.5,42.5,0.686,False
2026-07-11 09:51:20.152326,Vaishali Nagar,529.7,44.8,0.681,False
2026-07-11 10:51:20.152326,Vaishali Nagar,321.1,47.8,0.413,False
2026-07-11 11:51:20.152326,Vaishali Nagar,328.2,53.9,0.422,False
2026-07-11 12:51:20.152326,Vaishali Nagar,349.5,51.4,0.449,False
2026-07-11 13:51:20.152326,Vaishali Nagar,386.1,48.8,0.496,False
2026-07-11 14:51:20.152326,Vaishali Nagar,311.6,46.1,0.401,False
2026-07-11 15:51:20.152326,Vaishali Nagar,336.8,47.3,0.433,False
2026-07-11 16:51:20.152326,Vaishali Nagar,321.0,45.8,0.413,False
2026-07-11 17:51:20.152326,Vaishali Nagar,579.0,37.1,0.745,False
2026-07-11 18:51:20.152326,Vaishali Nagar,528.2,37.3,0.679,False
2026-07-11 19:51:20.152326,Vaishali Nagar,444.2,47.5,0.571,False
2026-07-11 20:51:20.152326,Vaishali Nagar,312.6,47.5,0.402,False
2026-07-11 21:51:20.152326,Vaishali Nagar,362.8,44.4,0.467,False
2026-07-11 22:51:20.152326,Vaishali Nagar,315.3,51.7,0.405,False
2026-07-11 23:51:20.152326,Vaishali Nagar,346.2,52.8,0.445,False
2026-07-12 00:51:20.152326,Vaishali Nagar,320.8,48.2,0.413,False
2026-07-12 01:51:20.152326,Vaishali Nagar,374.3,50.8,0.481,False
2026-07-12 02:51:20.152326,Vaishali Nagar,319.7,46.6,0.411,False
2026-07-12 03:51:20.152326,Vaishali Nagar,381.3,49.4,0.49,False
2026-07-12 04:51:20.152326,Vaishali Nagar,339.1,52.7,0.436,False
2026-07-12 05:51:20.152326,Vaishali Nagar,356.1,51.7,0.458,False
2026-07-12 06:51:20.152326,Vaishali Nagar,332.3,42.7,0.427,False
2026-07-12 07:51:20.152326,Vaishali Nagar,506.4,42.3,0.651,False
2026-07-12 08:51:20.152326,Vaishali Nagar,574.5,37.5,0.739,False
2026-07-12 09:51:20.152326,Vaishali Nagar,575.9,43.6,0.741,False
2026-07-12 10:51:20.152326,Vaishali Nagar,334.8,48.2,0.43,False
2026-07-12 11:51:20.152326,Vaishali Nagar,309.2,48.1,0.398,False
2026-07-12 12:51:20.152326,Vaishali Nagar,314.5,52.4,0.404,False
2026-07-12 13:51:20.152326,Vaishali Nagar,370.5,48.9,0.476,False
2026-07-12 14:51:20.152326,Vaishali Nagar,360.5,50.8,0.464,False
2026-07-12 15:51:20.152326,Vaishali Nagar,322.9,50.1,0.415,False
2026-07-12 16:51:20.152326,Vaishali Nagar,366.9,49.3,0.472,False
2026-07-12 17:51:20.152326,Vaishali Nagar,531.6,37.8,0.684,False
2026-07-12 18:51:20.152326,Vaishali Nagar,540.0,46.6,0.694,False
2026-07-12 19:51:20.152326,Vaishali Nagar,520.5,45.2,0.669,False
2026-07-12 20:51:20.152326,Vaishali Nagar,362.2,49.2,0.466,False
2026-07-12 21:51:20.152326,Vaishali Nagar,357.0,46.1,0.459,False
2026-07-12 22:51:20.152326,Vaishali Nagar,282.9,49.2,0.364,False
2026-07-12 23:51:20.152326,Vaishali Nagar,319.2,49.7,0.411,False
2026-07-13 00:51:20.152326,Vaishali Nagar,465.3,40.3,0.598,False
2026-07-13 01:51:20.152326,Vaishali Nagar,529.5,37.5,0.681,False
2026-07-13 02:51:20.152326,Vaishali Nagar,506.9,41.6,0.652,False
2026-07-13 03:51:20.152326,Vaishali Nagar,445.4,41.2,0.573,False
2026-07-13 04:51:20.152326,Vaishali Nagar,484.6,40.7,0.623,False
2026-07-13 05:51:20.152326,Vaishali Nagar,548.6,44.2,0.706,False
2026-07-13 06:51:20.152326,Vaishali Nagar,476.8,40.9,0.613,False
2026-07-13 07:51:20.152326,Vaishali Nagar,888.4,21.8,1.0,False
2026-07-13 08:51:20.152326,Vaishali Nagar,707.9,34.9,0.91,False
2026-07-13 09:51:20.152326,Vaishali Nagar,752.1,26.1,0.967,True
2026-07-13 10:51:20.152326,Vaishali Nagar,433.0,45.9,0.557,False
2026-07-13 11:51:20.152326,Vaishali Nagar,485.5,39.2,0.624,False
2026-07-13 12:51:20.152326,Vaishali Nagar,513.6,46.1,0.661,False
2026-07-13 13:51:20.152326,Vaishali Nagar,459.4,46.3,0.591,False
2026-07-13 14:51:20.152326,Vaishali Nagar,504.2,41.9,0.648,False
2026-07-13 15:51:20.152326,Vaishali Nagar,517.2,42.8,0.665,False
2026-07-13 16:51:20.152326,Vaishali Nagar,508.9,38.5,0.654,False
2026-07-13 17:51:20.152326,Vaishali Nagar,862.4,24.6,1.0,False
2026-07-13 18:51:20.152326,Vaishali Nagar,775.6,35.7,0.997,False
2026-07-13 19:51:20.152326,Vaishali Nagar,811.0,26.0,1.0,False
2026-07-13 20:51:20.152326,Vaishali Nagar,509.4,39.5,0.655,False
2026-07-13 21:51:20.152326,Vaishali Nagar,475.0,43.2,0.611,False
2026-07-13 22:51:20.152326,Vaishali Nagar,523.7,42.7,0.673,False
2026-07-13 23:51:20.152326,Vaishali Nagar,518.8,42.3,0.667,False
2026-07-14 00:51:20.152326,Vaishali Nagar,504.4,42.5,0.649,False
2026-07-14 01:51:20.152326,Vaishali Nagar,473.1,43.2,0.608,False
2026-07-14 02:51:20.152326,Vaishali Nagar,479.6,41.5,0.617,False
2026-07-14 03:51:20.152326,Vaishali Nagar,584.8,41.9,0.752,False
2026-07-14 04:51:20.152326,Vaishali Nagar,542.4,44.4,0.698,False
2026-07-14 05:51:20.152326,Vaishali Nagar,526.3,41.7,0.677,False
2026-07-14 06:51:20.152326,Vaishali Nagar,443.3,42.5,0.57,False
2026-07-14 07:51:20.152326,Vaishali Nagar,844.1,27.9,1.0,False
2026-07-14 08:51:20.152326,Vaishali Nagar,845.0,27.3,1.0,False
2026-07-14 09:51:20.152326,Vaishali Nagar,764.8,34.6,0.984,False
2026-07-14 10:51:20.152326,Vaishali Nagar,475.9,43.0,0.612,False
2026-07-14 11:51:20.152326,Vaishali Nagar,538.8,42.7,0.693,False
2026-07-14 12:51:20.152326,Vaishali Nagar,535.4,44.5,0.689,False
2026-07-14 13:51:20.152326,Vaishali Nagar,400.7,48.9,0.515,False
2026-07-14 14:51:20.152326,Vaishali Nagar,431.1,44.3,0.554,False
2026-07-14 15:51:20.152326,Vaishali Nagar,519.1,39.5,0.668,False
2026-07-14 16:51:20.152326,Vaishali Nagar,529.1,38.8,0.68,False
2026-07-14 17:51:20.152326,Vaishali Nagar,698.5,36.3,0.898,False
2026-07-14 18:51:20.152326,Vaishali Nagar,745.3,29.4,0.959,False
2026-07-14 19:51:20.152326,Vaishali Nagar,722.2,35.4,0.929,False
2026-07-14 20:51:20.152326,Vaishali Nagar,547.9,40.1,0.705,False
2026-07-14 21:51:20.152326,Vaishali Nagar,422.1,49.5,0.543,False
2026-07-14 22:51:20.152326,Vaishali Nagar,495.3,44.3,0.637,False
2026-07-14 23:51:20.152326,Vaishali Nagar,502.1,40.2,0.646,False
2026-07-15 00:51:20.152326,Vaishali Nagar,493.9,44.3,0.635,False
2026-07-15 01:51:20.152326,Vaishali Nagar,511.4,39.7,0.658,False
2026-07-15 02:51:20.152326,Vaishali Nagar,502.3,46.0,0.646,False
2026-07-15 03:51:20.152326,Vaishali Nagar,480.6,41.4,0.618,False
2026-07-15 04:51:20.152326,Vaishali Nagar,436.3,51.1,0.561,False
2026-07-15 05:51:20.152326,Vaishali Nagar,475.9,42.1,0.612,False
2026-07-15 06:51:20.152326,Vaishali Nagar,502.8,44.5,0.647,False
2026-07-15 07:51:20.152326,Vaishali Nagar,832.4,27.0,1.0,False
2026-07-15 08:51:20.152326,Vaishali Nagar,800.7,31.9,1.0,False
2026-07-15 09:51:20.152326,Vaishali Nagar,788.1,28.5,1.0,False
2026-07-15 10:51:20.152326,Vaishali Nagar,451.9,42.6,0.581,True
2026-07-15 11:51:20.152326,Vaishali Nagar,497.6,38.1,0.64,False
2026-07-15 12:51:20.152326,Vaishali Nagar,495.0,37.3,0.637,False
2026-07-15 13:51:20.152326,Vaishali Nagar,493.5,39.5,0.635,False
2026-07-15 14:51:20.152326,Vaishali Nagar,477.8,44.5,0.615,False
2026-07-15 15:51:20.152326,Vaishali Nagar,432.0,42.4,0.556,False
2026-07-15 16:51:20.152326,Vaishali Nagar,483.6,44.3,0.622,False
2026-07-15 17:51:20.152326,Vaishali Nagar,867.9,24.8,1.0,False
2026-07-15 18:51:20.152326,Vaishali Nagar,714.9,30.4,0.919,False
2026-07-15 19:51:20.152326,Vaishali Nagar,751.3,31.3,0.966,False
2026-07-15 20:51:20.152326,Vaishali Nagar,428.0,42.9,0.55,False
2026-07-15 21:51:20.152326,Vaishali Nagar,490.2,39.4,0.63,False
2026-07-15 22:51:20.152326,Vaishali Nagar,483.7,44.1,0.622,False
2026-07-15 23:51:20.152326,Vaishali Nagar,470.8,42.8,0.605,False
2026-07-16 00:51:20.152326,Vaishali Nagar,486.3,42.8,0.625,False
2026-07-16 01:51:20.152326,Vaishali Nagar,461.0,48.3,0.593,False
2026-07-16 02:51:20.152326,Vaishali Nagar,545.8,38.6,0.702,False
2026-07-16 03:51:20.152326,Vaishali Nagar,432.6,47.0,0.556,False
2026-07-16 04:51:20.152326,Vaishali Nagar,508.4,44.3,0.654,False
2026-07-16 05:51:20.152326,Vaishali Nagar,479.6,39.2,0.617,False
2026-07-16 06:51:20.152326,Vaishali Nagar,376.9,50.1,0.485,False
2026-07-16 07:51:20.152326,Vaishali Nagar,832.2,22.6,1.0,False
2026-07-16 08:51:20.152326,Vaishali Nagar,817.3,25.3,1.0,False
2026-07-16 09:51:20.152326,Vaishali Nagar,898.4,21.5,1.0,False
2026-07-16 10:51:20.152326,Vaishali Nagar,516.4,41.4,0.664,False
2026-07-16 11:51:20.152326,Vaishali Nagar,508.8,39.6,0.654,False
2026-07-16 12:51:20.152326,Vaishali Nagar,460.0,44.0,0.592,False
2026-07-16 13:51:20.152326,Vaishali Nagar,453.1,47.8,0.583,False
2026-07-16 14:51:20.152326,Vaishali Nagar,481.9,40.0,0.62,False
2026-07-16 15:51:20.152326,Vaishali Nagar,540.0,38.9,0.694,False
2026-07-16 16:51:20.152326,Vaishali Nagar,461.8,43.7,0.594,False
2026-07-16 17:51:20.152326,Vaishali Nagar,753.3,32.1,0.969,False
2026-07-16 18:51:20.152326,Vaishali Nagar,784.2,29.6,1.0,False
2026-07-16 19:51:20.152326,Vaishali Nagar,703.0,35.0,0.904,False
2026-07-16 20:51:20.152326,Vaishali Nagar,467.0,46.0,0.601,False
2026-07-16 21:51:20.152326,Vaishali Nagar,493.4,42.1,0.634,False
2026-07-16 22:51:20.152326,Vaishali Nagar,519.4,41.0,0.668,False
2026-07-16 23:51:20.152326,Vaishali Nagar,503.9,47.2,0.648,False
2026-07-17 00:51:20.152326,Vaishali Nagar,497.6,41.8,0.64,False
2026-07-17 01:51:20.152326,Vaishali Nagar,387.9,49.1,0.499,False
2026-07-17 02:51:20.152326,Vaishali Nagar,520.6,36.8,0.67,False
2026-07-17 03:51:20.152326,Vaishali Nagar,448.3,41.7,0.577,False
2026-07-17 04:51:20.152326,Vaishali Nagar,483.6,34.6,0.622,False
2026-07-17 05:51:20.152326,Vaishali Nagar,481.0,44.5,0.619,False
2026-07-17 06:51:20.152326,Vaishali Nagar,466.4,49.7,0.6,False
2026-07-17 07:51:20.152326,Vaishali Nagar,805.3,24.9,1.0,False
2026-07-17 08:51:20.152326,Vaishali Nagar,888.7,21.0,1.0,False
2026-07-17 09:51:20.152326,Vaishali Nagar,811.0,25.1,1.0,False
2026-07-17 10:51:20.152326,Vaishali Nagar,461.8,41.0,0.594,False
2026-07-17 11:51:20.152326,Vaishali Nagar,469.9,44.5,0.604,False
2026-07-17 12:51:20.152326,Vaishali Nagar,457.6,39.7,0.588,False
2026-07-17 13:51:20.152326,Vaishali Nagar,497.6,45.8,0.64,False
2026-07-17 14:51:20.152326,Vaishali Nagar,426.9,44.4,0.549,False
2026-07-17 15:51:20.152326,Vaishali Nagar,490.8,48.8,0.631,False
2026-07-17 16:51:20.152326,Vaishali Nagar,473.1,41.8,0.608,False
2026-07-17 17:51:20.152326,Vaishali Nagar,764.0,33.7,0.983,False
2026-07-17 18:51:20.152326,Vaishali Nagar,779.7,32.3,1.0,False
2026-07-17 19:51:20.152326,Vaishali Nagar,774.7,30.2,0.996,False
2026-07-17 20:51:20.152326,Vaishali Nagar,428.0,46.4,0.55,False
2026-07-17 21:51:20.152326,Vaishali Nagar,474.4,42.8,0.61,False
2026-07-17 22:51:20.152326,Vaishali Nagar,476.3,40.6,0.613,True
2026-07-17 23:51:20.152326,Vaishali Nagar,504.5,42.6,0.649,False
2026-07-18 00:51:20.152326,Vaishali Nagar,333.7,51.0,0.429,False
2026-07-18 01:51:20.152326,Vaishali Nagar,355.1,52.7,0.457,False
2026-07-18 02:51:20.152326,Vaishali Nagar,327.7,50.2,0.421,False
2026-07-18 03:51:20.152326,Vaishali Nagar,376.3,49.3,0.484,False
2026-07-18 04:51:20.152326,Vaishali Nagar,339.4,49.2,0.437,False
2026-07-18 05:51:20.152326,Vaishali Nagar,375.3,47.5,0.483,False
2026-07-18 06:51:20.152326,Vaishali Nagar,309.9,55.8,0.398,False
2026-07-18 07:51:20.152326,Vaishali Nagar,566.9,40.6,0.729,False
2026-07-18 08:51:20.152326,Vaishali Nagar,572.4,37.6,0.736,False
2026-07-18 09:51:20.152326,Vaishali Nagar,517.9,46.3,0.666,False
2026-07-18 10:51:20.152326,Vaishali Nagar,339.8,50.7,0.437,False
2026-07-18 11:51:20.152326,Vaishali Nagar,331.1,46.4,0.426,False
2026-07-18 12:51:20.152326,Vaishali Nagar,354.0,52.3,0.455,False
2026-07-18 13:51:20.152326,Vaishali Nagar,362.9,48.4,0.467,False
2026-07-18 14:51:20.152326,Vaishali Nagar,381.3,47.7,0.49,False
2026-07-18 15:51:20.152326,Vaishali Nagar,297.0,56.1,0.382,False
2026-07-18 16:51:20.152326,Vaishali Nagar,362.3,48.4,0.466,False
2026-07-18 17:51:20.152326,Vaishali Nagar,495.3,36.5,0.637,False
2026-07-18 18:51:20.152326,Vaishali Nagar,463.2,42.9,0.596,False
2026-07-18 19:51:20.152326,Vaishali Nagar,491.9,41.0,0.633,False
2026-07-18 20:51:20.152326,Vaishali Nagar,331.2,45.4,0.426,False
2026-07-18 21:51:20.152326,Vaishali Nagar,297.6,49.9,0.383,False
2026-07-18 22:51:20.152326,Vaishali Nagar,334.9,55.0,0.431,False
2026-07-18 23:51:20.152326,Vaishali Nagar,294.3,52.7,0.378,False
2026-07-19 00:51:20.152326,Vaishali Nagar,334.1,54.1,0.43,False
2026-07-19 01:51:20.152326,Vaishali Nagar,325.7,55.5,0.419,False
2026-07-19 02:51:20.152326,Vaishali Nagar,373.4,48.8,0.48,False
2026-07-19 03:51:20.152326,Vaishali Nagar,384.0,47.1,0.494,False
2026-07-19 04:51:20.152326,Vaishali Nagar,306.0,46.9,0.394,False
2026-07-19 05:51:20.152326,Vaishali Nagar,382.3,51.2,0.492,False
2026-07-19 06:51:20.152326,Vaishali Nagar,332.6,51.4,0.428,False
2026-07-19 07:51:20.152326,Vaishali Nagar,627.3,37.6,0.807,False
2026-07-19 08:51:20.152326,Vaishali Nagar,564.4,36.3,0.726,False
2026-07-19 09:51:20.152326,Vaishali Nagar,536.8,39.0,0.69,False
2026-07-19 10:51:20.152326,Vaishali Nagar,334.9,50.5,0.431,False
2026-07-19 11:51:20.152326,Vaishali Nagar,398.2,47.0,0.512,False
2026-07-19 12:51:20.152326,Vaishali Nagar,356.7,48.5,0.459,False
2026-07-19 13:51:20.152326,Vaishali Nagar,345.3,47.7,0.444,False
2026-07-19 14:51:20.152326,Vaishali Nagar,327.3,47.7,0.421,False
2026-07-19 15:51:20.152326,Vaishali Nagar,311.5,52.5,0.401,False
2026-07-19 16:51:20.152326,Vaishali Nagar,341.6,47.8,0.439,False
2026-07-19 17:51:20.152326,Vaishali Nagar,548.0,45.9,0.705,False
2026-07-19 18:51:20.152326,Vaishali Nagar,542.7,38.1,0.698,False
2026-07-19 19:51:20.152326,Vaishali Nagar,499.8,44.5,0.643,False
2026-07-19 20:51:20.152326,Vaishali Nagar,332.1,52.2,0.427,False
2026-07-19 21:51:20.152326,Vaishali Nagar,326.4,50.7,0.42,False
2026-07-19 22:51:20.152326,Vaishali Nagar,337.9,47.5,0.435,False
2026-07-19 23:51:20.152326,Vaishali Nagar,295.2,54.9,0.38,False
2026-07-20 00:51:20.152326,Vaishali Nagar,498.0,36.0,0.64,False
2026-07-20 01:51:20.152326,Vaishali Nagar,462.8,45.8,0.595,False
2026-07-20 02:51:20.152326,Vaishali Nagar,453.1,50.9,0.583,False
2026-07-20 03:51:20.152326,Vaishali Nagar,479.4,43.7,0.616,False
2026-07-20 04:51:20.152326,Vaishali Nagar,583.3,42.5,0.75,False
2026-07-20 05:51:20.152326,Vaishali Nagar,470.9,44.6,0.606,False
2026-07-20 06:51:20.152326,Vaishali Nagar,518.4,43.5,0.667,False
2026-07-20 07:51:20.152326,Vaishali Nagar,698.0,30.8,0.898,False
2026-07-20 08:51:20.152326,Vaishali Nagar,768.4,28.6,0.988,False
2026-07-20 09:51:20.152326,Vaishali Nagar,854.8,28.2,1.0,False
2026-07-20 10:51:20.152326,Vaishali Nagar,486.7,39.5,0.626,False
2026-07-20 11:51:20.152326,Vaishali Nagar,442.3,45.4,0.569,False
2026-07-20 12:51:20.152326,Vaishali Nagar,510.4,42.3,0.656,False
2026-07-20 13:51:20.152326,Vaishali Nagar,502.6,42.7,0.646,False
2026-07-20 14:51:20.152326,Vaishali Nagar,519.0,39.9,0.667,False
2026-07-20 15:51:20.152326,Vaishali Nagar,567.0,38.8,0.729,False
2026-07-20 16:51:20.152326,Vaishali Nagar,469.0,35.4,0.603,False
2026-07-20 17:51:20.152326,Vaishali Nagar,695.5,37.1,0.894,False
2026-07-20 18:51:20.152326,Vaishali Nagar,754.7,34.7,0.971,True
2026-07-20 19:51:20.152326,Vaishali Nagar,700.0,35.4,0.9,False
2026-07-20 20:51:20.152326,Vaishali Nagar,482.8,41.1,0.621,False
2026-07-20 21:51:20.152326,Vaishali Nagar,466.0,42.1,0.599,False
2026-07-20 22:51:20.152326,Vaishali Nagar,455.3,48.1,0.585,False
2026-07-20 23:51:20.152326,Vaishali Nagar,458.4,44.0,0.59,False
2026-07-21 00:51:20.152326,Vaishali Nagar,492.9,42.4,0.634,False
2026-07-21 01:51:20.152326,Vaishali Nagar,519.4,38.5,0.668,False
2026-07-21 02:51:20.152326,Vaishali Nagar,478.4,43.8,0.615,False
2026-07-21 03:51:20.152326,Vaishali Nagar,485.9,44.5,0.625,False
2026-07-21 04:51:20.152326,Vaishali Nagar,411.2,42.4,0.529,False
2026-07-21 05:51:20.152326,Vaishali Nagar,490.8,43.2,0.631,False
2026-07-21 06:51:20.152326,Vaishali Nagar,516.8,41.8,0.665,False
2026-07-21 07:51:20.152326,Vaishali Nagar,834.0,30.9,1.0,False
2026-07-21 08:51:20.152326,Vaishali Nagar,801.7,26.8,1.0,False
2026-07-21 09:51:20.152326,Vaishali Nagar,896.4,23.8,1.0,False
2026-07-21 10:51:20.152326,Vaishali Nagar,468.5,42.6,0.603,False
2026-07-21 11:51:20.152326,Vaishali Nagar,480.5,39.1,0.618,False
2026-07-21 12:51:20.152326,Vaishali Nagar,419.2,49.5,0.539,False
2026-07-21 13:51:20.152326,Vaishali Nagar,480.0,42.1,0.617,False
2026-07-21 14:51:20.152326,Vaishali Nagar,532.6,42.0,0.685,False
2026-07-21 15:51:20.152326,Vaishali Nagar,493.5,43.1,0.635,False
2026-07-21 16:51:20.152326,Vaishali Nagar,540.1,37.2,0.695,False
2026-07-21 17:51:20.152326,Vaishali Nagar,727.5,36.0,0.936,False
2026-07-21 18:51:20.152326,Vaishali Nagar,699.4,31.3,0.899,False
2026-07-21 19:51:20.152326,Vaishali Nagar,855.6,26.5,1.0,False
2026-07-21 20:51:20.152326,Vaishali Nagar,470.1,43.7,0.605,False
2026-07-21 21:51:20.152326,Vaishali Nagar,517.0,46.5,0.665,False
2026-07-21 22:51:20.152326,Vaishali Nagar,540.3,39.8,0.695,False
2026-07-21 23:51:20.152326,Vaishali Nagar,521.0,43.6,0.67,False
2026-07-22 00:51:20.152326,Vaishali Nagar,406.7,46.4,0.523,False
2026-07-22 01:51:20.152326,Vaishali Nagar,455.3,49.2,0.585,False
2026-07-22 02:51:20.152326,Vaishali Nagar,456.0,41.3,0.586,False
2026-07-22 03:51:20.152326,Vaishali Nagar,503.0,47.0,0.647,False
2026-07-22 04:51:20.152326,Vaishali Nagar,456.8,42.9,0.587,False
2026-07-22 05:51:20.152326,Vaishali Nagar,467.1,45.7,0.601,False
2026-07-22 06:51:20.152326,Vaishali Nagar,448.7,44.8,0.577,False
2026-07-22 07:51:20.152326,Vaishali Nagar,729.6,36.0,0.938,False
2026-07-22 08:51:20.152326,Vaishali Nagar,803.2,30.0,1.0,False
2026-07-22 09:51:20.152326,Vaishali Nagar,754.1,36.5,0.97,True
2026-07-22 10:51:20.152326,Vaishali Nagar,509.2,36.1,0.655,False
2026-07-22 11:51:20.152326,Vaishali Nagar,491.7,42.9,0.632,False
2026-07-22 12:51:20.152326,Vaishali Nagar,474.5,42.7,0.61,False
2026-07-22 13:51:20.152326,Vaishali Nagar,516.9,40.2,0.665,False
2026-07-22 14:51:20.152326,Vaishali Nagar,449.9,41.1,0.579,False
2026-07-22 15:51:20.152326,Vaishali Nagar,529.6,41.4,0.681,False
2026-07-22 16:51:20.152326,Vaishali Nagar,514.3,49.2,0.661,False
2026-07-22 17:51:20.152326,Vaishali Nagar,850.8,29.2,1.0,False
2026-07-22 18:51:20.152326,Vaishali Nagar,807.0,29.6,1.0,False
2026-07-22 19:51:20.152326,Vaishali Nagar,811.1,28.4,1.0,False
2026-07-22 20:51:20.152326,Vaishali Nagar,469.6,44.0,0.604,False
2026-07-22 21:51:20.152326,Vaishali Nagar,498.4,38.2,0.641,False
2026-07-22 22:51:20.152326,Vaishali Nagar,434.2,51.8,0.558,False
2026-07-22 23:51:20.152326,Vaishali Nagar,580.5,41.9,0.747,False
2026-07-23 00:51:20.152326,Vaishali Nagar,519.6,40.0,0.668,False
2026-07-23 01:51:20.152326,Vaishali Nagar,432.5,44.9,0.556,True
2026-07-23 02:51:20.152326,Vaishali Nagar,443.6,46.8,0.57,False
2026-07-23 03:51:20.152326,Vaishali Nagar,495.0,42.2,0.637,False
2026-07-23 04:51:20.152326,Vaishali Nagar,456.7,40.3,0.587,False
2026-07-23 05:51:20.152326,Vaishali Nagar,527.2,40.1,0.678,False
2026-07-23 06:51:20.152326,Vaishali Nagar,552.6,40.1,0.711,False
2026-07-23 07:51:20.152326,Vaishali Nagar,759.1,28.2,0.976,False
2026-07-23 08:51:20.152326,Vaishali Nagar,907.2,27.4,1.0,False
2026-07-23 09:51:20.152326,Vaishali Nagar,814.0,29.7,1.0,False
2026-07-23 10:51:20.152326,Vaishali Nagar,441.3,44.2,0.568,False
2026-07-23 11:51:20.152326,Vaishali Nagar,525.1,41.2,0.675,False
2026-07-23 12:51:20.152326,Vaishali Nagar,470.7,43.3,0.605,False
2026-07-23 13:51:20.152326,Vaishali Nagar,506.2,37.2,0.651,False
2026-07-23 14:51:20.152326,Vaishali Nagar,491.0,41.5,0.631,False
2026-07-23 15:51:20.152326,Vaishali Nagar,547.3,43.5,0.704,False
2026-07-23 16:51:20.152326,Vaishali Nagar,521.7,43.4,0.671,False
2026-07-23 17:51:20.152326,Vaishali Nagar,681.3,32.1,0.876,False
2026-07-23 18:51:20.152326,Vaishali Nagar,667.6,34.5,0.859,False
2026-07-23 19:51:20.152326,Vaishali Nagar,776.2,30.8,0.998,False
2026-07-23 20:51:20.152326,Vaishali Nagar,483.8,44.3,0.622,False
2026-07-23 21:51:20.152326,Vaishali Nagar,497.3,38.2,0.64,False
2026-07-23 22:51:20.152326,Vaishali Nagar,454.2,44.3,0.584,False
2026-07-23 23:51:20.152326,Vaishali Nagar,522.6,40.0,0.672,False
2026-07-24 00:51:20.152326,Vaishali Nagar,455.3,44.2,0.586,False
2026-07-24 01:51:20.152326,Vaishali Nagar,484.7,40.6,0.623,False
2026-07-24 02:51:20.152326,Vaishali Nagar,444.3,42.9,0.571,False
2026-07-24 03:51:20.152326,Vaishali Nagar,512.5,41.2,0.659,False
2026-07-24 04:51:20.152326,Vaishali Nagar,487.0,41.7,0.626,False
2026-07-24 05:51:20.152326,Vaishali Nagar,517.7,45.4,0.666,False
2026-07-24 06:51:20.152326,Vaishali Nagar,490.1,39.9,0.63,False
2026-07-24 07:51:20.152326,Vaishali Nagar,697.7,34.9,0.897,False
2026-07-24 08:51:20.152326,Vaishali Nagar,780.1,27.6,1.0,False
2026-07-24 09:51:20.152326,Vaishali Nagar,701.4,29.8,0.902,False
2026-07-24 10:51:20.152326,Vaishali Nagar,533.1,36.7,0.686,False
2026-07-24 11:51:20.152326,Vaishali Nagar,471.5,34.3,0.606,False
2026-07-24 12:51:20.152326,Vaishali Nagar,503.3,44.1,0.647,False
2026-07-24 13:51:20.152326,Vaishali Nagar,384.9,46.7,0.495,False
2026-07-24 14:51:20.152326,Vaishali Nagar,516.8,41.7,0.665,False
2026-07-24 15:51:20.152326,Vaishali Nagar,515.6,42.2,0.663,False
2026-07-24 16:51:20.152326,Vaishali Nagar,576.0,36.5,0.741,False
2026-07-24 17:51:20.152326,Vaishali Nagar,831.7,27.9,1.0,False
2026-07-24 18:51:20.152326,Vaishali Nagar,769.0,28.7,0.989,False
2026-07-24 19:51:20.152326,Vaishali Nagar,571.8,38.0,0.735,False
2026-07-24 20:51:20.152326,Vaishali Nagar,450.9,49.8,0.58,False
2026-07-24 21:51:20.152326,Vaishali Nagar,498.2,40.7,0.641,False
2026-07-24 22:51:20.152326,Vaishali Nagar,535.8,39.2,0.689,False
2026-07-24 23:51:20.152326,Vaishali Nagar,478.2,43.2,0.615,False
2026-07-25 00:51:20.152326,Vaishali Nagar,355.3,46.8,0.457,False
2026-07-25 01:51:20.152326,Vaishali Nagar,360.2,51.3,0.463,False
2026-07-25 02:51:20.152326,Vaishali Nagar,319.1,44.7,0.41,False
2026-07-25 03:51:20.152326,Vaishali Nagar,335.3,48.5,0.431,False
2026-07-25 04:51:20.152326,Vaishali Nagar,320.2,51.1,0.412,False
2026-07-25 05:51:20.152326,Vaishali Nagar,305.2,53.9,0.392,False
2026-07-25 06:51:20.152326,Vaishali Nagar,305.8,50.1,0.393,False
2026-07-25 07:51:20.152326,Vaishali Nagar,558.6,39.4,0.718,False
2026-07-25 08:51:20.152326,Vaishali Nagar,571.8,36.5,0.735,False
2026-07-25 09:51:20.152326,Vaishali Nagar,460.5,43.5,0.592,False
2026-07-25 10:51:20.152326,Vaishali Nagar,334.3,45.6,0.43,False
2026-07-25 11:51:20.152326,Vaishali Nagar,348.6,50.8,0.448,False
2026-07-25 12:51:20.152326,Vaishali Nagar,371.8,45.5,0.478,False
2026-07-25 13:51:20.152326,Vaishali Nagar,372.6,47.9,0.479,False
2026-07-25 14:51:20.152326,Vaishali Nagar,351.2,45.7,0.452,False
2026-07-25 15:51:20.152326,Vaishali Nagar,317.3,52.2,0.408,False
2026-07-25 16:51:20.152326,Vaishali Nagar,329.1,48.0,0.423,False
2026-07-25 17:51:20.152326,Vaishali Nagar,587.6,42.9,0.756,False
2026-07-25 18:51:20.152326,Vaishali Nagar,462.2,45.9,0.594,False
2026-07-25 19:51:20.152326,Vaishali Nagar,500.0,44.2,0.643,False
2026-07-25 20:51:20.152326,Vaishali Nagar,311.9,52.8,0.401,False
2026-07-25 21:51:20.152326,Vaishali Nagar,352.5,51.4,0.453,False
2026-07-25 22:51:20.152326,Vaishali Nagar,318.8,55.5,0.41,False
2026-07-25 23:51:20.152326,Vaishali Nagar,379.2,49.2,0.488,False
2026-07-26 00:51:20.152326,Vaishali Nagar,344.6,49.1,0.443,False
2026-07-26 01:51:20.152326,Vaishali Nagar,309.1,46.0,0.398,False
2026-07-26 02:51:20.152326,Vaishali Nagar,346.1,53.4,0.445,False
2026-07-26 03:51:20.152326,Vaishali Nagar,322.7,46.2,0.415,False
2026-07-26 04:51:20.152326,Vaishali Nagar,372.4,52.1,0.479,False
2026-07-26 05:51:20.152326,Vaishali Nagar,328.8,53.1,0.423,False
2026-07-26 06:51:20.152326,Vaishali Nagar,311.2,50.3,0.4,False
2026-07-26 07:51:20.152326,Vaishali Nagar,528.8,37.5,0.68,False
2026-07-26 08:51:20.152326,Vaishali Nagar,566.9,35.5,0.729,False
2026-07-26 09:51:20.152326,Vaishali Nagar,580.9,36.1,0.747,False
2026-07-26 10:51:20.152326,Vaishali Nagar,313.2,46.4,0.403,False
2026-07-26 11:51:20.152326,Vaishali Nagar,335.7,44.6,0.432,False
2026-07-26 12:51:20.152326,Vaishali Nagar,327.6,46.5,0.421,False
2026-07-26 13:51:20.152326,Vaishali Nagar,346.9,56.8,0.446,False
2026-07-26 14:51:20.152326,Vaishali Nagar,335.5,48.0,0.431,False
2026-07-26 15:51:20.152326,Vaishali Nagar,381.3,45.0,0.49,False
2026-07-26 16:51:20.152326,Vaishali Nagar,323.8,48.1,0.416,False
2026-07-26 17:51:20.152326,Vaishali Nagar,567.8,37.2,0.73,False
2026-07-26 18:51:20.152326,Vaishali Nagar,582.0,33.1,0.748,False
2026-07-26 19:51:20.152326,Vaishali Nagar,511.0,45.2,0.657,True
2026-07-26 20:51:20.152326,Vaishali Nagar,328.4,50.1,0.422,False
2026-07-26 21:51:20.152326,Vaishali Nagar,314.4,46.6,0.404,False
2026-07-26 22:51:20.152326,Vaishali Nagar,377.8,47.1,0.486,False
2026-07-26 23:51:20.152326,Vaishali Nagar,343.9,51.7,0.442,False
2026-07-27 00:51:20.152326,Vaishali Nagar,528.9,48.2,0.68,True
2026-07-27 01:51:20.152326,Vaishali Nagar,585.2,35.8,0.753,False
2026-07-27 02:51:20.152326,Vaishali Nagar,473.7,39.6,0.609,False
2026-07-27 03:51:20.152326,Vaishali Nagar,424.8,47.6,0.546,False
2026-07-27 04:51:20.152326,Vaishali Nagar,401.3,47.4,0.516,False
2026-07-27 05:51:20.152326,Vaishali Nagar,529.1,39.5,0.68,False
2026-07-27 06:51:20.152326,Vaishali Nagar,499.4,42.9,0.642,False
2026-07-27 07:51:20.152326,Vaishali Nagar,784.3,30.4,1.0,False
2026-07-27 08:51:20.152326,Vaishali Nagar,862.4,24.0,1.0,False
2026-07-27 09:51:20.152326,Vaishali Nagar,741.9,32.5,0.954,False
2026-07-27 10:51:20.152326,Vaishali Nagar,457.2,45.2,0.588,False
2026-07-27 11:51:20.152326,Vaishali Nagar,534.4,44.3,0.687,False
2026-07-27 12:51:20.152326,Vaishali Nagar,490.1,39.6,0.63,False
2026-07-27 13:51:20.152326,Vaishali Nagar,440.6,45.6,0.567,False
2026-07-27 14:51:20.152326,Vaishali Nagar,445.3,42.2,0.573,False
2026-07-27 15:51:20.152326,Vaishali Nagar,527.0,46.3,0.678,False
2026-07-27 16:51:20.152326,Vaishali Nagar,515.9,41.7,0.663,False
2026-07-27 17:51:20.152326,Vaishali Nagar,802.3,29.1,1.0,False
2026-07-27 18:51:20.152326,Vaishali Nagar,750.7,29.0,0.965,False
2026-07-27 19:51:20.152326,Vaishali Nagar,719.3,31.6,0.925,False
2026-07-27 20:51:20.152326,Vaishali Nagar,559.4,41.5,0.719,False
2026-07-27 21:51:20.152326,Vaishali Nagar,543.2,42.7,0.699,False
2026-07-27 22:51:20.152326,Vaishali Nagar,529.8,39.1,0.681,False
2026-07-27 23:51:20.152326,Vaishali Nagar,476.6,48.3,0.613,False
2026-07-28 00:51:20.152326,Vaishali Nagar,455.1,47.0,0.585,False
2026-07-28 01:51:20.152326,Vaishali Nagar,523.2,41.3,0.673,False
2026-07-28 02:51:20.152326,Vaishali Nagar,499.6,41.0,0.643,False
2026-07-28 03:51:20.152326,Vaishali Nagar,509.1,40.8,0.655,False
2026-07-28 04:51:20.152326,Vaishali Nagar,541.1,40.1,0.696,False
2026-07-28 05:51:20.152326,Vaishali Nagar,500.4,39.1,0.644,False
2026-07-28 06:51:20.152326,Vaishali Nagar,402.8,44.2,0.518,False
2026-07-28 07:51:20.152326,Vaishali Nagar,826.2,30.0,1.0,False
2026-07-28 08:51:20.152326,Vaishali Nagar,823.8,22.9,1.0,False
2026-07-28 09:51:20.152326,Vaishali Nagar,772.0,28.4,0.993,False
2026-07-28 10:51:20.152326,Vaishali Nagar,411.9,41.2,0.53,False
2026-07-28 11:51:20.152326,Vaishali Nagar,443.6,45.9,0.57,False
2026-07-28 12:51:20.152326,Vaishali Nagar,491.4,41.3,0.632,False
2026-07-28 13:51:20.152326,Vaishali Nagar,507.5,43.1,0.653,False
2026-07-28 14:51:20.152326,Vaishali Nagar,514.0,42.0,0.661,False
2026-07-28 15:51:20.152326,Vaishali Nagar,481.8,43.1,0.62,False
2026-07-28 16:51:20.152326,Vaishali Nagar,533.9,40.8,0.687,False
2026-07-28 17:51:20.152326,Vaishali Nagar,704.7,36.2,0.906,False
2026-07-28 18:51:20.152326,Vaishali Nagar,685.1,33.0,0.881,False
2026-07-28 19:51:20.152326,Vaishali Nagar,825.2,30.0,1.0,False
2026-07-28 20:51:20.152326,Vaishali Nagar,532.5,41.3,0.685,True
2026-07-28 21:51:20.152326,Vaishali Nagar,405.8,41.6,0.522,False
2026-07-28 22:51:20.152326,Vaishali Nagar,537.2,42.5,0.691,False
2026-07-28 23:51:20.152326,Vaishali Nagar,497.2,44.3,0.639,False
2026-07-29 00:51:20.152326,Vaishali Nagar,544.8,39.2,0.701,False
2026-07-29 01:51:20.152326,Vaishali Nagar,513.7,39.0,0.661,False
2026-07-29 02:51:20.152326,Vaishali Nagar,483.4,42.3,0.622,False
2026-07-29 03:51:20.152326,Vaishali Nagar,497.9,39.4,0.64,False
2026-07-29 04:51:20.152326,Vaishali Nagar,499.1,44.2,0.642,False
2026-07-29 05:51:20.152326,Vaishali Nagar,383.2,49.3,0.493,False
2026-07-29 06:51:20.152326,Vaishali Nagar,498.8,47.1,0.641,False
2026-07-29 07:51:20.152326,Vaishali Nagar,826.2,30.4,1.0,False
2026-07-29 08:51:20.152326,Vaishali Nagar,795.4,26.4,1.0,False
2026-07-29 09:51:20.152326,Vaishali Nagar,684.6,38.4,0.88,False
2026-07-29 10:51:20.152326,Vaishali Nagar,477.0,42.7,0.613,False
2026-07-29 11:51:20.152326,Vaishali Nagar,520.8,35.0,0.67,False
2026-07-29 12:51:20.152326,Vaishali Nagar,462.6,45.1,0.595,False
2026-07-29 13:51:20.152326,Vaishali Nagar,491.4,43.1,0.632,False
2026-07-29 14:51:20.152326,Vaishali Nagar,472.7,44.7,0.608,False
2026-07-29 15:51:20.152326,Vaishali Nagar,495.8,39.5,0.638,False
2026-07-29 16:51:20.152326,Vaishali Nagar,494.1,37.1,0.635,False
2026-07-29 17:51:20.152326,Vaishali Nagar,618.1,34.6,0.795,False
2026-07-29 18:51:20.152326,Vaishali Nagar,563.7,39.0,0.725,False
2026-07-29 19:51:20.152326,Vaishali Nagar,703.7,33.1,0.905,False
2026-07-29 20:51:20.152326,Vaishali Nagar,421.3,47.3,0.542,False
2026-07-29 21:51:20.152326,Vaishali Nagar,478.0,39.5,0.615,False
2026-07-29 22:51:20.152326,Vaishali Nagar,488.3,40.8,0.628,False
2026-07-29 23:51:20.152326,Vaishali Nagar,559.4,40.5,0.719,False
2026-07-30 00:51:20.152326,Vaishali Nagar,507.3,43.0,0.652,False
2026-07-30 01:51:20.152326,Vaishali Nagar,447.6,50.4,0.576,False
2026-07-30 02:51:20.152326,Vaishali Nagar,447.5,44.3,0.576,False
2026-07-30 03:51:20.152326,Vaishali Nagar,467.3,41.0,0.601,False
2026-07-30 04:51:20.152326,Vaishali Nagar,453.3,44.5,0.583,False
2026-07-30 05:51:20.152326,Vaishali Nagar,501.8,40.1,0.645,False
2026-07-30 06:51:20.152326,Vaishali Nagar,450.6,48.2,0.58,False
2026-07-30 07:51:20.152326,Vaishali Nagar,839.3,23.0,1.0,False
2026-07-30 08:51:20.152326,Vaishali Nagar,804.9,30.9,1.0,False
2026-07-30 09:51:20.152326,Vaishali Nagar,934.5,21.4,1.0,False
2026-07-30 10:51:20.152326,Vaishali Nagar,550.0,44.0,0.707,False
2026-07-30 11:51:20.152326,Vaishali Nagar,459.0,44.7,0.59,False
2026-07-30 12:51:20.152326,Vaishali Nagar,487.7,43.6,0.627,False
2026-07-30 13:51:20.152326,Vaishali Nagar,453.9,44.3,0.584,False
2026-07-30 14:51:20.152326,Vaishali Nagar,424.9,46.1,0.546,False
2026-07-30 15:51:20.152326,Vaishali Nagar,407.0,43.7,0.523,False
2026-07-30 16:51:20.152326,Vaishali Nagar,422.6,50.4,0.543,False
2026-07-30 17:51:20.152326,Vaishali Nagar,816.7,23.6,1.0,False
2026-07-30 18:51:20.152326,Vaishali Nagar,781.5,26.5,1.0,False
2026-07-30 19:51:20.152326,Vaishali Nagar,757.2,34.9,0.974,False
2026-07-30 20:51:20.152326,Vaishali Nagar,486.3,44.2,0.625,False
2026-07-30 21:51:20.152326,Vaishali Nagar,481.4,45.3,0.619,False
2026-07-30 22:51:20.152326,Vaishali Nagar,492.8,41.2,0.634,False
2026-07-30 23:51:20.152326,Vaishali Nagar,498.7,43.2,0.641,False
2026-07-31 00:51:20.152326,Vaishali Nagar,385.0,50.8,0.495,False
2026-07-31 01:51:20.152326,Vaishali Nagar,494.3,43.3,0.636,False
2026-07-31 02:51:20.152326,Vaishali Nagar,538.8,40.3,0.693,False
2026-07-31 03:51:20.152326,Vaishali Nagar,414.3,51.4,0.533,False
2026-07-31 04:51:20.152326,Vaishali Nagar,492.5,49.6,0.633,False
2026-07-31 05:51:20.152326,Vaishali Nagar,433.7,42.9,0.558,False
2026-07-31 06:51:20.152326,Vaishali Nagar,514.5,36.5,0.662,False
2026-07-31 07:51:20.152326,Vaishali Nagar,873.6,26.9,1.0,False
2026-07-31 08:51:20.152326,Vaishali Nagar,846.8,26.2,1.0,False
2026-07-31 09:51:20.152326,Vaishali Nagar,842.4,30.8,1.0,False
2026-07-31 10:51:20.152326,Vaishali Nagar,545.3,40.7,0.701,False
2026-07-31 11:51:20.152326,Vaishali Nagar,511.2,40.2,0.657,False
2026-07-31 12:51:20.152326,Vaishali Nagar,488.1,36.1,0.628,False
2026-07-31 13:51:20.152326,Vaishali Nagar,402.7,50.6,0.518,False
2026-07-31 14:51:20.152326,Vaishali Nagar,486.7,43.4,0.626,False
2026-07-31 15:51:20.152326,Vaishali Nagar,466.6,38.8,0.6,False
2026-07-31 16:51:20.152326,Vaishali Nagar,464.5,42.9,0.597,False
2026-07-31 17:51:20.152326,Vaishali Nagar,671.1,38.1,0.863,False
2026-07-31 18:51:20.152326,Vaishali Nagar,792.6,30.9,1.0,False
2026-07-31 19:51:20.152326,Vaishali Nagar,631.0,30.9,0.811,False
2026-07-31 20:51:20.152326,Vaishali Nagar,459.0,47.1,0.59,False
2026-07-31 21:51:20.152326,Vaishali Nagar,613.1,38.1,0.789,False
2026-07-31 22:51:20.152326,Vaishali Nagar,517.0,37.8,0.665,False
2026-07-31 23:51:20.152326,Vaishali Nagar,448.8,46.4,0.577,False
2026-08-01 00:51:20.152326,Vaishali Nagar,356.2,55.1,0.458,False
2026-08-01 01:51:20.152326,Vaishali Nagar,336.9,53.8,0.433,False
2026-08-01 02:51:20.152326,Vaishali Nagar,338.8,52.2,0.436,False
2026-08-01 03:51:20.152326,Vaishali Nagar,354.0,47.6,0.455,False
2026-08-01 04:51:20.152326,Vaishali Nagar,348.0,50.0,0.448,False
2026-08-01 05:51:20.152326,Vaishali Nagar,316.2,49.9,0.407,False
2026-08-01 06:51:20.152326,Vaishali Nagar,383.9,42.8,0.494,False
2026-08-01 07:51:20.152326,Vaishali Nagar,556.4,42.2,0.716,False
2026-08-01 08:51:20.152326,Vaishali Nagar,577.8,39.8,0.743,False
2026-08-01 09:51:20.152326,Vaishali Nagar,537.5,38.9,0.691,False
2026-08-01 10:51:20.152326,Vaishali Nagar,336.9,54.9,0.433,False
2026-08-01 11:51:20.152326,Vaishali Nagar,356.9,54.0,0.459,False
2026-08-01 12:51:20.152326,Vaishali Nagar,372.6,52.3,0.479,False
2026-08-01 13:51:20.152326,Vaishali Nagar,375.1,50.3,0.482,False
2026-08-01 14:51:20.152326,Vaishali Nagar,279.2,53.9,0.359,False
2026-08-01 15:51:20.152326,Vaishali Nagar,333.0,44.7,0.428,False
2026-08-01 16:51:20.152326,Vaishali Nagar,307.0,51.7,0.395,False
2026-08-01 17:51:20.152326,Vaishali Nagar,557.4,36.0,0.717,False
2026-08-01 18:51:20.152326,Vaishali Nagar,505.0,45.4,0.649,False
2026-08-01 19:51:20.152326,Vaishali Nagar,543.4,42.4,0.699,False
2026-08-01 20:51:20.152326,Vaishali Nagar,340.7,49.4,0.438,False
2026-08-01 21:51:20.152326,Vaishali Nagar,353.2,48.0,0.454,False
2026-08-01 22:51:20.152326,Vaishali Nagar,361.2,46.2,0.464,True
2026-08-01 23:51:20.152326,Vaishali Nagar,334.9,53.0,0.431,False
2026-08-02 00:51:20.152326,Vaishali Nagar,376.5,44.1,0.484,False
2026-08-02 01:51:20.152326,Vaishali Nagar,329.0,51.1,0.423,False
2026-08-02 02:51:20.152326,Vaishali Nagar,368.1,47.8,0.473,False
2026-08-02 03:51:20.152326,Vaishali Nagar,310.3,51.3,0.399,False
2026-08-02 04:51:20.152326,Vaishali Nagar,379.3,48.0,0.488,False
2026-08-02 05:51:20.152326,Vaishali Nagar,339.3,46.0,0.436,False
2026-08-02 06:51:20.152326,Vaishali Nagar,357.2,49.4,0.459,False
2026-08-02 07:51:20.152326,Vaishali Nagar,547.2,39.4,0.704,False
2026-08-02 08:51:20.152326,Vaishali Nagar,576.2,39.4,0.741,False
2026-08-02 09:51:20.152326,Vaishali Nagar,564.3,38.8,0.726,False
2026-08-02 10:51:20.152326,Vaishali Nagar,338.5,44.5,0.435,False
2026-08-02 11:51:20.152326,Vaishali Nagar,335.7,43.9,0.432,False
2026-08-02 12:51:20.152326,Vaishali Nagar,354.7,49.2,0.456,False
2026-08-02 13:51:20.152326,Vaishali Nagar,322.3,56.0,0.414,False
2026-08-02 14:51:20.152326,Vaishali Nagar,387.6,43.2,0.498,True
2026-08-02 15:51:20.152326,Vaishali Nagar,294.9,48.0,0.379,False
2026-08-02 16:51:20.152326,Vaishali Nagar,298.6,43.4,0.384,False
2026-08-02 17:51:20.152326,Vaishali Nagar,541.8,41.1,0.697,False
2026-08-02 18:51:20.152326,Vaishali Nagar,538.4,39.2,0.692,False
2026-08-02 19:51:20.152326,Vaishali Nagar,524.3,40.7,0.674,False
2026-08-02 20:51:20.152326,Vaishali Nagar,336.0,48.2,0.432,False
2026-08-02 21:51:20.152326,Vaishali Nagar,332.0,44.1,0.427,False
2026-08-02 22:51:20.152326,Vaishali Nagar,374.6,48.6,0.482,False
2026-08-02 23:51:20.152326,Vaishali Nagar,352.6,44.1,0.453,False
2026-08-03 00:51:20.152326,Vaishali Nagar,467.4,40.1,0.601,False
2026-08-03 01:51:20.152326,Vaishali Nagar,540.6,43.9,0.695,False
2026-08-03 02:51:20.152326,Vaishali Nagar,428.8,46.0,0.551,False
2026-08-03 03:51:20.152326,Vaishali Nagar,490.6,44.5,0.631,False
2026-08-03 04:51:20.152326,Vaishali Nagar,494.3,46.3,0.636,False
2026-08-03 05:51:20.152326,Vaishali Nagar,501.7,42.9,0.645,False
2026-08-03 06:51:20.152326,Vaishali Nagar,395.0,48.1,0.508,False
2026-08-03 07:51:20.152326,Vaishali Nagar,714.3,36.0,0.919,False
2026-08-03 08:51:20.152326,Vaishali Nagar,804.9,24.0,1.0,False
2026-08-03 09:51:20.152326,Vaishali Nagar,896.9,22.8,1.0,False
2026-08-03 10:51:20.152326,Vaishali Nagar,465.6,42.3,0.599,False
2026-08-03 11:51:20.152326,Vaishali Nagar,423.0,48.8,0.544,False
2026-08-03 12:51:20.152326,Vaishali Nagar,467.6,48.7,0.601,False
2026-08-03 13:51:20.152326,Vaishali Nagar,536.2,40.7,0.69,True
2026-08-03 14:51:20.152326,Vaishali Nagar,506.5,37.7,0.651,False
2026-08-03 15:51:20.152326,Vaishali Nagar,475.4,46.2,0.611,False
2026-08-03 16:51:20.152326,Vaishali Nagar,506.5,48.7,0.651,False
2026-08-03 17:51:20.152326,Vaishali Nagar,678.1,35.5,0.872,False
2026-08-03 18:51:20.152326,Vaishali Nagar,782.9,27.9,1.0,False
2026-08-03 19:51:20.152326,Vaishali Nagar,677.0,36.6,0.871,False
2026-08-03 20:51:20.152326,Vaishali Nagar,519.3,39.7,0.668,False
2026-08-03 21:51:20.152326,Vaishali Nagar,525.2,43.5,0.675,False
2026-08-03 22:51:20.152326,Vaishali Nagar,526.6,44.7,0.677,False
2026-08-03 23:51:20.152326,Vaishali Nagar,502.1,40.2,0.646,False
2026-08-04 00:51:20.152326,Vaishali Nagar,495.0,43.9,0.637,False
2026-08-04 01:51:20.152326,Vaishali Nagar,417.9,42.2,0.537,False
2026-08-04 02:51:20.152326,Vaishali Nagar,474.7,45.0,0.611,False
2026-08-04 03:51:20.152326,Vaishali Nagar,445.5,45.1,0.573,False
2026-08-04 04:51:20.152326,Vaishali Nagar,474.8,45.3,0.611,False
2026-08-04 05:51:20.152326,Vaishali Nagar,466.4,44.0,0.6,False
2026-08-04 06:51:20.152326,Vaishali Nagar,433.8,47.7,0.558,False
2026-08-04 07:51:20.152326,Vaishali Nagar,834.1,26.9,1.0,False
2026-08-04 08:51:20.152326,Vaishali Nagar,757.8,30.7,0.974,False
2026-08-04 09:51:20.152326,Vaishali Nagar,783.8,23.6,1.0,False
2026-08-04 10:51:20.152326,Vaishali Nagar,517.7,34.2,0.666,False
2026-08-04 11:51:20.152326,Vaishali Nagar,468.4,42.3,0.602,False
2026-08-04 12:51:20.152326,Vaishali Nagar,484.2,40.4,0.623,False
2026-08-04 13:51:20.152326,Vaishali Nagar,470.0,40.0,0.604,False
2026-08-04 14:51:20.152326,Vaishali Nagar,550.9,44.9,0.708,False
2026-08-04 15:51:20.152326,Vaishali Nagar,481.9,41.7,0.62,False
2026-08-04 16:51:20.152326,Vaishali Nagar,540.1,39.0,0.695,False
2026-08-04 17:51:20.152326,Vaishali Nagar,808.3,26.8,1.0,False
2026-08-04 18:51:20.152326,Vaishali Nagar,709.7,33.1,0.913,False
2026-08-04 19:51:20.152326,Vaishali Nagar,730.6,27.2,0.94,False
2026-08-04 20:51:20.152326,Vaishali Nagar,535.6,40.6,0.689,False
2026-08-04 21:51:20.152326,Vaishali Nagar,497.9,40.8,0.64,False
2026-08-04 22:51:20.152326,Vaishali Nagar,493.6,38.7,0.635,False
2026-08-04 23:51:20.152326,Vaishali Nagar,529.4,42.7,0.681,False
2026-08-05 00:51:20.152326,Vaishali Nagar,485.9,45.6,0.625,False
2026-08-05 01:51:20.152326,Vaishali Nagar,492.6,44.4,0.633,False
2026-08-05 02:51:20.152326,Vaishali Nagar,457.9,40.4,0.589,False
2026-08-05 03:51:20.152326,Vaishali Nagar,486.3,36.5,0.625,False
2026-08-05 04:51:20.152326,Vaishali Nagar,453.8,44.4,0.584,False
2026-08-05 05:51:20.152326,Vaishali Nagar,472.4,42.7,0.607,False
2026-08-05 06:51:20.152326,Vaishali Nagar,467.4,46.2,0.601,False
2026-08-05 07:51:20.152326,Vaishali Nagar,907.5,18.9,1.0,False
2026-08-05 08:51:20.152326,Vaishali Nagar,803.9,31.7,1.0,False
2026-08-05 09:51:20.152326,Vaishali Nagar,812.4,31.4,1.0,False
2026-08-05 10:51:20.152326,Vaishali Nagar,468.7,50.4,0.603,False
2026-08-05 11:51:20.152326,Vaishali Nagar,486.4,41.8,0.626,False
2026-08-05 12:51:20.152326,Vaishali Nagar,493.2,41.3,0.634,False
2026-08-05 13:51:20.152326,Vaishali Nagar,391.9,46.6,0.504,False
2026-08-05 14:51:20.152326,Vaishali Nagar,416.8,47.1,0.536,False
2026-08-05 15:51:20.152326,Vaishali Nagar,459.8,41.3,0.591,False
2026-08-05 16:51:20.152326,Vaishali Nagar,438.8,46.1,0.564,False
2026-08-05 17:51:20.152326,Vaishali Nagar,718.6,29.4,0.924,False
2026-08-05 18:51:20.152326,Vaishali Nagar,675.5,26.8,0.869,False
2026-08-05 19:51:20.152326,Vaishali Nagar,645.3,34.1,0.83,False
2026-08-05 20:51:20.152326,Vaishali Nagar,458.9,44.4,0.59,False
2026-08-05 21:51:20.152326,Vaishali Nagar,425.6,48.6,0.547,False
2026-08-05 22:51:20.152326,Vaishali Nagar,503.2,45.4,0.647,False
2026-08-05 23:51:20.152326,Vaishali Nagar,510.5,45.2,0.656,False
2026-08-06 00:51:20.152326,Vaishali Nagar,462.3,41.8,0.595,False
2026-08-06 01:51:20.152326,Vaishali Nagar,479.4,47.4,0.616,False
2026-08-06 02:51:20.152326,Vaishali Nagar,479.2,41.9,0.616,False
2026-08-06 03:51:20.152326,Vaishali Nagar,523.1,36.8,0.673,False
2026-08-06 04:51:20.152326,Vaishali Nagar,484.6,43.8,0.623,False
2026-08-06 05:51:20.152326,Vaishali Nagar,458.3,44.5,0.589,False
2026-08-06 06:51:20.152326,Vaishali Nagar,539.7,37.0,0.694,False
2026-08-06 07:51:20.152326,Vaishali Nagar,670.8,41.5,0.863,False
2026-08-06 08:51:20.152326,Vaishali Nagar,803.1,20.7,1.0,False
2026-08-06 09:51:20.152326,Vaishali Nagar,793.8,31.4,1.0,False
2026-08-06 10:51:20.152326,Vaishali Nagar,457.1,45.2,0.588,False
2026-08-06 11:51:20.152326,Vaishali Nagar,499.1,42.3,0.642,False
2026-08-06 12:51:20.152326,Vaishali Nagar,454.1,44.4,0.584,False
2026-08-06 13:51:20.152326,Vaishali Nagar,480.2,42.5,0.618,False
2026-08-06 14:51:20.152326,Vaishali Nagar,512.6,37.7,0.659,False
2026-08-06 15:51:20.152326,Vaishali Nagar,453.9,42.9,0.584,False
2026-08-06 16:51:20.152326,Vaishali Nagar,532.9,38.1,0.685,False
2026-08-06 17:51:20.152326,Vaishali Nagar,787.9,28.9,1.0,False
2026-08-06 18:51:20.152326,Vaishali Nagar,720.1,28.2,0.926,False
2026-08-06 19:51:20.152326,Vaishali Nagar,740.0,29.2,0.952,False
2026-08-06 20:51:20.152326,Vaishali Nagar,469.4,45.2,0.604,False
2026-08-06 21:51:20.152326,Vaishali Nagar,392.8,49.0,0.505,False
2026-08-06 22:51:20.152326,Vaishali Nagar,427.1,50.2,0.549,False
2026-08-06 23:51:20.152326,Vaishali Nagar,486.8,49.0,0.626,False
2026-08-07 00:51:20.152326,Vaishali Nagar,449.1,44.0,0.578,True
2026-08-07 01:51:20.152326,Vaishali Nagar,495.1,42.9,0.637,False
2026-08-07 02:51:20.152326,Vaishali Nagar,543.2,45.9,0.699,False
2026-08-07 03:51:20.152326,Vaishali Nagar,511.7,41.9,0.658,False
2026-08-07 04:51:20.152326,Vaishali Nagar,549.2,44.1,0.706,False
2026-08-07 05:51:20.152326,Vaishali Nagar,545.3,41.5,0.701,False
2026-08-07 06:51:20.152326,Vaishali Nagar,478.5,46.2,0.615,False
2026-08-07 07:51:20.152326,Vaishali Nagar,783.7,38.4,1.0,False
2026-08-07 08:51:20.152326,Vaishali Nagar,830.0,29.4,1.0,False
2026-08-07 09:51:20.152326,Vaishali Nagar,781.4,28.3,1.0,False
2026-08-07 10:51:20.152326,Vaishali Nagar,518.0,42.1,0.666,False
2026-08-07 11:51:20.152326,Vaishali Nagar,523.0,39.3,0.673,False
2026-08-07 12:51:20.152326,Vaishali Nagar,443.2,47.7,0.57,False
2026-08-07 13:51:20.152326,Vaishali Nagar,539.3,38.8,0.694,False
2026-08-07 14:51:20.152326,Vaishali Nagar,447.1,49.2,0.575,False
2026-08-07 15:51:20.152326,Vaishali Nagar,516.7,45.8,0.664,True
2026-08-07 16:51:20.152326,Vaishali Nagar,498.5,44.1,0.641,False
2026-08-07 17:51:20.152326,Vaishali Nagar,692.5,34.4,0.891,False
2026-08-07 18:51:20.152326,Vaishali Nagar,683.6,27.4,0.879,False
2026-08-07 19:51:20.152326,Vaishali Nagar,779.9,25.1,1.0,False
2026-08-07 20:51:20.152326,Vaishali Nagar,444.0,44.8,0.571,False
2026-08-07 21:51:20.152326,Vaishali Nagar,487.4,41.6,0.627,False
2026-08-07 22:51:20.152326,Vaishali Nagar,523.7,41.5,0.674,False
2026-08-07 23:51:20.152326,Vaishali Nagar,442.1,39.1,0.568,False
2026-08-08 00:51:20.152326,Vaishali Nagar,320.2,53.5,0.412,False
2026-08-08 01:51:20.152326,Vaishali Nagar,398.7,43.2,0.513,False
2026-08-08 02:51:20.152326,Vaishali Nagar,359.9,48.2,0.463,False
2026-08-08 03:51:20.152326,Vaishali Nagar,347.5,47.1,0.447,False
2026-08-08 04:51:20.152326,Vaishali Nagar,282.3,52.0,0.363,False
2026-08-08 05:51:20.152326,Vaishali Nagar,342.1,51.6,0.44,False
2026-08-08 06:51:20.152326,Vaishali Nagar,339.9,49.0,0.437,False
2026-08-08 07:51:20.152326,Vaishali Nagar,547.1,43.0,0.704,False
2026-08-08 08:51:20.152326,Vaishali Nagar,648.2,33.5,0.834,False
2026-08-08 09:51:20.152326,Vaishali Nagar,559.8,39.2,0.72,False
2026-08-08 10:51:20.152326,Vaishali Nagar,304.4,54.5,0.391,False
2026-08-08 11:51:20.152326,Vaishali Nagar,287.8,51.5,0.37,False
2026-08-08 12:51:20.152326,Vaishali Nagar,370.4,48.4,0.476,False
2026-08-08 13:51:20.152326,Vaishali Nagar,307.8,54.2,0.396,False
2026-08-08 14:51:20.152326,Vaishali Nagar,392.9,45.7,0.505,False
2026-08-08 15:51:20.152326,Vaishali Nagar,352.9,50.5,0.454,False
2026-08-08 16:51:20.152326,Vaishali Nagar,341.8,48.4,0.44,False
2026-08-08 17:51:20.152326,Vaishali Nagar,581.8,34.5,0.748,False
2026-08-08 18:51:20.152326,Vaishali Nagar,555.2,37.6,0.714,False
2026-08-08 19:51:20.152326,Vaishali Nagar,556.9,42.2,0.716,False
2026-08-08 20:51:20.152326,Vaishali Nagar,351.2,49.8,0.452,False
2026-08-08 21:51:20.152326,Vaishali Nagar,349.1,42.2,0.449,False
2026-08-08 22:51:20.152326,Vaishali Nagar,341.1,51.8,0.439,False
2026-08-08 23:51:20.152326,Vaishali Nagar,392.5,44.7,0.505,False
2026-08-09 00:51:20.152326,Vaishali Nagar,345.4,51.1,0.444,False
2026-08-09 01:51:20.152326,Vaishali Nagar,365.8,47.1,0.47,False
2026-08-09 02:51:20.152326,Vaishali Nagar,343.6,52.7,0.442,False
2026-08-09 03:51:20.152326,Vaishali Nagar,372.4,51.2,0.479,False
2026-08-09 04:51:20.152326,Vaishali Nagar,343.3,48.7,0.441,False
2026-08-09 05:51:20.152326,Vaishali Nagar,353.4,50.4,0.454,False
2026-08-09 06:51:20.152326,Vaishali Nagar,319.9,54.3,0.411,False
2026-08-09 07:51:20.152326,Vaishali Nagar,515.9,40.3,0.663,False
2026-08-09 08:51:20.152326,Vaishali Nagar,586.4,37.2,0.754,False
2026-08-09 09:51:20.152326,Vaishali Nagar,578.2,39.5,0.744,False
2026-08-09 10:51:20.152326,Vaishali Nagar,310.3,55.7,0.399,False
2026-08-09 11:51:20.152326,Vaishali Nagar,275.8,52.6,0.355,False
2026-08-09 12:51:20.152326,Vaishali Nagar,328.6,47.2,0.423,False
2026-08-09 13:51:20.152326,Vaishali Nagar,323.6,54.5,0.416,False
2026-08-09 14:51:20.152326,Vaishali Nagar,363.8,46.3,0.468,False
2026-08-09 15:51:20.152326,Vaishali Nagar,386.3,48.4,0.497,False
2026-08-09 16:51:20.152326,Vaishali Nagar,304.3,46.3,0.391,False
2026-08-09 17:51:20.152326,Vaishali Nagar,565.6,39.3,0.727,False
2026-08-09 18:51:20.152326,Vaishali Nagar,495.7,37.1,0.637,False
2026-08-09 19:51:20.152326,Vaishali Nagar,520.9,44.2,0.67,False
2026-08-09 20:51:20.152326,Vaishali Nagar,315.8,50.8,0.406,False
2026-08-09 21:51:20.152326,Vaishali Nagar,362.3,46.1,0.466,False
2026-08-09 22:51:20.152326,Vaishali Nagar,311.7,50.6,0.401,False
2026-08-09 23:51:20.152326,Vaishali Nagar,315.7,51.3,0.406,False
2026-08-10 00:51:20.152326,Vaishali Nagar,508.5,41.6,0.654,False
2026-08-10 01:51:20.152326,Vaishali Nagar,491.7,41.1,0.632,False
2026-08-10 02:51:20.152326,Vaishali Nagar,486.6,44.9,0.626,False
2026-08-10 03:51:20.152326,Vaishali Nagar,497.6,33.1,0.64,False
2026-08-10 04:51:20.152326,Vaishali Nagar,468.4,46.8,0.602,False
2026-08-10 05:51:20.152326,Vaishali Nagar,491.2,42.2,0.632,False
2026-08-10 06:51:20.152326,Vaishali Nagar,530.6,41.7,0.682,False
2026-08-10 07:51:20.152326,Vaishali Nagar,764.7,31.3,0.983,False
2026-08-10 08:51:20.152326,Vaishali Nagar,751.5,24.9,0.966,False
2026-08-10 09:51:20.152326,Vaishali Nagar,841.8,26.8,1.0,False
2026-08-10 10:51:20.152326,Vaishali Nagar,457.5,40.4,0.588,False
2026-08-10 11:51:20.152326,Vaishali Nagar,512.2,43.4,0.659,False
2026-08-10 12:51:20.152326,Vaishali Nagar,509.9,40.3,0.656,False
2026-08-10 13:51:20.152326,Vaishali Nagar,475.8,39.5,0.612,False
2026-08-10 14:51:20.152326,Vaishali Nagar,387.4,47.7,0.498,False
2026-08-10 15:51:20.152326,Vaishali Nagar,456.7,42.6,0.587,False
2026-08-10 16:51:20.152326,Vaishali Nagar,480.8,52.1,0.618,False
2026-08-10 17:51:20.152326,Vaishali Nagar,691.5,37.9,0.889,False
2026-08-10 18:51:20.152326,Vaishali Nagar,717.3,34.8,0.922,False
2026-08-10 19:51:20.152326,Vaishali Nagar,864.7,27.5,1.0,False
2026-08-10 20:51:20.152326,Vaishali Nagar,518.8,42.4,0.667,False
2026-08-10 21:51:20.152326,Vaishali Nagar,445.9,49.1,0.573,False
2026-08-10 22:51:20.152326,Vaishali Nagar,468.8,48.4,0.603,True
2026-08-10 23:51:20.152326,Vaishali Nagar,573.7,37.2,0.738,False
2026-08-11 00:51:20.152326,Vaishali Nagar,488.8,46.6,0.629,False
2026-08-11 01:51:20.152326,Vaishali Nagar,478.5,44.7,0.615,False
2026-08-11 02:51:20.152326,Vaishali Nagar,447.1,48.7,0.575,False
2026-08-11 03:51:20.152326,Vaishali Nagar,465.5,44.6,0.599,False
2026-08-11 04:51:20.152326,Vaishali Nagar,481.3,45.3,0.619,False
2026-08-11 05:51:20.152326,Vaishali Nagar,481.3,39.7,0.619,False
2026-08-11 06:51:20.152326,Vaishali Nagar,460.1,45.8,0.592,False
2026-08-11 07:51:20.152326,Vaishali Nagar,859.1,30.5,1.0,False
2026-08-11 08:51:20.152326,Vaishali Nagar,792.0,27.5,1.0,False
2026-08-11 09:51:20.152326,Vaishali Nagar,794.1,26.3,1.0,False
2026-08-11 10:51:20.152326,Vaishali Nagar,548.7,40.4,0.706,False
2026-08-11 11:51:20.152326,Vaishali Nagar,481.1,42.3,0.619,False
2026-08-11 12:51:20.152326,Vaishali Nagar,434.9,46.1,0.559,False
2026-08-11 13:51:20.152326,Vaishali Nagar,489.4,44.5,0.629,False
2026-08-11 14:51:20.152326,Vaishali Nagar,486.9,40.1,0.626,False
2026-08-11 15:51:20.152326,Vaishali Nagar,485.8,43.9,0.625,False
2026-08-11 16:51:20.152326,Vaishali Nagar,504.8,41.6,0.649,False
2026-08-11 17:51:20.152326,Vaishali Nagar,770.7,26.5,0.991,False
2026-08-11 18:51:20.152326,Vaishali Nagar,784.6,32.2,1.0,False
2026-08-11 19:51:20.152326,Vaishali Nagar,704.5,31.6,0.906,False
2026-08-11 20:51:20.152326,Vaishali Nagar,525.4,39.6,0.676,False
2026-08-11 21:51:20.152326,Vaishali Nagar,422.1,44.4,0.543,False
2026-08-11 22:51:20.152326,Vaishali Nagar,545.5,37.7,0.702,False
2026-08-11 23:51:20.152326,Vaishali Nagar,466.9,52.1,0.6,False
2026-08-12 00:51:20.152326,Vaishali Nagar,520.5,43.7,0.669,False
2026-08-12 01:51:20.152326,Vaishali Nagar,479.9,45.2,0.617,False
2026-08-12 02:51:20.152326,Vaishali Nagar,515.6,39.4,0.663,False
2026-08-12 03:51:20.152326,Vaishali Nagar,490.3,42.4,0.631,True
2026-08-12 04:51:20.152326,Vaishali Nagar,499.2,39.3,0.642,False
2026-08-12 05:51:20.152326,Vaishali Nagar,452.1,47.8,0.581,False
2026-08-12 06:51:20.152326,Vaishali Nagar,549.4,41.1,0.707,False
2026-08-12 07:51:20.152326,Vaishali Nagar,808.8,30.7,1.0,False
2026-08-12 08:51:20.152326,Vaishali Nagar,779.8,31.5,1.0,False
2026-08-12 09:51:20.152326,Vaishali Nagar,778.7,26.2,1.0,False
2026-08-12 10:51:20.152326,Vaishali Nagar,473.3,44.7,0.609,False
2026-08-12 11:51:20.152326,Vaishali Nagar,461.1,45.2,0.593,False
2026-08-12 12:51:20.152326,Vaishali Nagar,468.6,38.8,0.603,False
2026-08-12 13:51:20.152326,Vaishali Nagar,422.0,46.3,0.543,False
2026-08-12 14:51:20.152326,Vaishali Nagar,513.7,42.3,0.661,False
2026-08-12 15:51:20.152326,Vaishali Nagar,502.2,43.0,0.646,False
2026-08-12 16:51:20.152326,Vaishali Nagar,489.7,48.1,0.63,False
2026-08-12 17:51:20.152326,Vaishali Nagar,792.0,23.1,1.0,False
2026-08-12 18:51:20.152326,Vaishali Nagar,789.0,26.9,1.0,False
2026-08-12 19:51:20.152326,Vaishali Nagar,670.8,33.5,0.863,False
2026-08-12 20:51:20.152326,Vaishali Nagar,431.1,48.2,0.554,False
2026-08-12 21:51:20.152326,Vaishali Nagar,491.0,43.0,0.631,True
2026-08-12 22:51:20.152326,Vaishali Nagar,437.5,47.3,0.563,False
2026-08-12 23:51:20.152326,Vaishali Nagar,456.8,38.8,0.587,False
2026-08-13 00:51:20.152326,Vaishali Nagar,486.9,43.5,0.626,False
2026-08-13 01:51:20.152326,Vaishali Nagar,444.5,41.0,0.572,False
2026-08-13 02:51:20.152326,Vaishali Nagar,467.3,46.1,0.601,False
2026-08-13 03:51:20.152326,Vaishali Nagar,499.8,39.8,0.643,False
2026-08-13 04:51:20.152326,Vaishali Nagar,466.9,43.7,0.6,False
2026-08-13 05:51:20.152326,Vaishali Nagar,500.1,36.6,0.643,False
2026-08-13 06:51:20.152326,Vaishali Nagar,527.8,41.6,0.679,False
2026-08-13 07:51:20.152326,Vaishali Nagar,696.0,38.9,0.895,False
2026-08-13 08:51:20.152326,Vaishali Nagar,854.8,31.3,1.0,False
2026-08-13 09:51:20.152326,Vaishali Nagar,846.0,21.5,1.0,False
2026-08-13 10:51:20.152326,Vaishali Nagar,469.1,41.0,0.603,False
2026-08-13 11:51:20.152326,Vaishali Nagar,497.0,42.5,0.639,False
2026-08-13 12:51:20.152326,Vaishali Nagar,482.4,41.0,0.62,False
2026-08-13 13:51:20.152326,Vaishali Nagar,516.8,40.6,0.665,False
2026-08-13 14:51:20.152326,Vaishali Nagar,500.8,44.5,0.644,False
2026-08-13 15:51:20.152326,Vaishali Nagar,528.4,39.3,0.679,False
2026-08-13 16:51:20.152326,Vaishali Nagar,465.8,39.3,0.599,False
2026-08-13 17:51:20.152326,Vaishali Nagar,841.0,23.7,1.0,False
2026-08-13 18:51:20.152326,Vaishali Nagar,759.9,38.5,0.977,False
2026-08-13 19:51:20.152326,Vaishali Nagar,733.5,31.2,0.943,False
2026-08-13 20:51:20.152326,Vaishali Nagar,466.9,46.3,0.6,False
2026-08-13 21:51:20.152326,Vaishali Nagar,491.9,41.3,0.633,False
2026-08-13 22:51:20.152326,Vaishali Nagar,521.1,41.0,0.67,False
2026-08-13 23:51:20.152326,Vaishali Nagar,470.1,41.8,0.605,False
2026-08-14 00:51:20.152326,Vaishali Nagar,508.7,40.0,0.654,False
2026-08-14 01:51:20.152326,Vaishali Nagar,592.7,37.2,0.762,True
2026-08-14 02:51:20.152326,Vaishali Nagar,518.5,38.1,0.667,False
2026-08-14 03:51:20.152326,Vaishali Nagar,470.3,42.2,0.605,False
2026-08-14 04:51:20.152326,Vaishali Nagar,483.8,43.4,0.622,False
2026-08-14 05:51:20.152326,Vaishali Nagar,411.5,50.1,0.529,False
2026-08-14 06:51:20.152326,Vaishali Nagar,504.2,37.7,0.648,False
2026-08-14 07:51:20.152326,Vaishali Nagar,684.2,29.6,0.88,False
2026-08-14 08:51:20.152326,Vaishali Nagar,681.1,25.0,0.876,False
2026-08-14 09:51:20.152326,Vaishali Nagar,807.7,30.8,1.0,False
2026-08-14 10:51:20.152326,Vaishali Nagar,538.4,34.5,0.692,False
2026-08-14 11:51:20.152326,Vaishali Nagar,458.0,46.4,0.589,False
2026-08-14 12:51:20.152326,Vaishali Nagar,437.6,44.7,0.563,False
2026-08-14 13:51:20.152326,Vaishali Nagar,548.6,40.9,0.706,False
2026-08-14 14:51:20.152326,Vaishali Nagar,497.8,41.5,0.64,True
2026-08-14 15:51:20.152326,Vaishali Nagar,476.8,43.2,0.613,False
2026-08-14 16:51:20.152326,Vaishali Nagar,431.8,44.5,0.555,False
2026-08-14 17:51:20.152326,Vaishali Nagar,722.0,36.5,0.929,False
2026-08-14 18:51:20.152326,Vaishali Nagar,737.1,28.7,0.948,False
2026-08-14 19:51:20.152326,Vaishali Nagar,805.4,25.7,1.0,False
2026-08-14 20:51:20.152326,Vaishali Nagar,499.9,47.5,0.643,False
2026-08-14 21:51:20.152326,Vaishali Nagar,523.7,40.7,0.673,False
2026-08-14 22:51:20.152326,Vaishali Nagar,529.8,38.4,0.681,False
2026-08-14 23:51:20.152326,Vaishali Nagar,521.8,39.9,0.671,False
2026-08-15 00:51:20.152326,Vaishali Nagar,341.8,46.0,0.44,False
2026-08-15 01:51:20.152326,Vaishali Nagar,341.9,53.2,0.44,False
2026-08-15 02:51:20.152326,Vaishali Nagar,370.8,51.3,0.477,False
2026-08-15 03:51:20.152326,Vaishali Nagar,355.8,48.3,0.458,False
2026-08-15 04:51:20.152326,Vaishali Nagar,377.2,44.9,0.485,False
2026-08-15 05:51:20.152326,Vaishali Nagar,321.4,48.8,0.413,False
2026-08-15 06:51:20.152326,Vaishali Nagar,373.6,44.7,0.48,False
2026-08-15 07:51:20.152326,Vaishali Nagar,506.6,41.3,0.651,False
2026-08-15 08:51:20.152326,Vaishali Nagar,497.3,38.7,0.64,False
2026-08-15 09:51:20.152326,Vaishali Nagar,511.6,41.0,0.658,False
2026-08-15 10:51:20.152326,Vaishali Nagar,368.4,45.4,0.474,False
2026-08-15 11:51:20.152326,Vaishali Nagar,341.8,48.0,0.44,False
2026-08-15 12:51:20.152326,Vaishali Nagar,340.8,53.2,0.438,False
2026-08-15 13:51:20.152326,Vaishali Nagar,394.3,44.9,0.507,False
2026-08-15 14:51:20.152326,Vaishali Nagar,295.3,52.6,0.38,False
2026-08-15 15:51:20.152326,Vaishali Nagar,297.8,49.1,0.383,False
2026-08-15 16:51:20.152326,Vaishali Nagar,366.9,48.9,0.472,False
2026-08-15 17:51:20.152326,Vaishali Nagar,549.6,43.7,0.707,False
2026-08-15 18:51:20.152326,Vaishali Nagar,535.1,39.3,0.688,False
2026-08-15 19:51:20.152326,Vaishali Nagar,617.0,35.5,0.793,False
2026-08-15 20:51:20.152326,Vaishali Nagar,369.8,44.9,0.476,False
2026-08-15 21:51:20.152326,Vaishali Nagar,364.0,53.3,0.468,False
2026-08-15 22:51:20.152326,Vaishali Nagar,366.7,49.5,0.472,False
2026-08-15 23:51:20.152326,Vaishali Nagar,329.6,56.0,0.424,False
2026-08-16 00:51:20.152326,Vaishali Nagar,350.6,47.8,0.451,False
2026-08-16 01:51:20.152326,Vaishali Nagar,387.7,48.9,0.499,False
2026-08-16 02:51:20.152326,Vaishali Nagar,315.9,49.2,0.406,False
2026-08-16 03:51:20.152326,Vaishali Nagar,343.6,50.6,0.442,False
2026-08-16 04:51:20.152326,Vaishali Nagar,343.9,49.2,0.442,False
2026-08-16 05:51:20.152326,Vaishali Nagar,325.4,50.8,0.419,False
2026-08-16 06:51:20.152326,Vaishali Nagar,325.3,48.3,0.418,False
2026-08-16 07:51:20.152326,Vaishali Nagar,482.0,42.8,0.62,False
2026-08-16 08:51:20.152326,Vaishali Nagar,564.5,37.4,0.726,False
2026-08-16 09:51:20.152326,Vaishali Nagar,588.5,39.6,0.757,False
2026-08-16 10:51:20.152326,Vaishali Nagar,327.2,51.9,0.421,False
2026-08-16 11:51:20.152326,Vaishali Nagar,325.1,52.6,0.418,False
2026-08-16 12:51:20.152326,Vaishali Nagar,337.9,49.2,0.434,False
2026-08-16 13:51:20.152326,Vaishali Nagar,380.8,50.2,0.49,False
2026-08-16 14:51:20.152326,Vaishali Nagar,352.8,48.8,0.454,False
2026-08-16 15:51:20.152326,Vaishali Nagar,348.2,47.7,0.448,False
2026-08-16 16:51:20.152326,Vaishali Nagar,340.3,47.7,0.438,False
2026-08-16 17:51:20.152326,Vaishali Nagar,502.2,41.6,0.646,False
2026-08-16 18:51:20.152326,Vaishali Nagar,505.9,40.3,0.651,False
2026-08-16 19:51:20.152326,Vaishali Nagar,581.7,42.1,0.748,False
2026-08-16 20:51:20.152326,Vaishali Nagar,297.0,54.2,0.382,False
2026-08-16 21:51:20.152326,Vaishali Nagar,347.9,48.8,0.447,False
2026-08-16 22:51:20.152326,Vaishali Nagar,331.2,54.2,0.426,False
2026-08-16 23:51:20.152326,Vaishali Nagar,343.6,49.5,0.442,False
2026-08-17 00:51:20.152326,Vaishali Nagar,433.3,44.6,0.557,False
2026-08-17 01:51:20.152326,Vaishali Nagar,506.8,44.4,0.652,False
2026-08-17 02:51:20.152326,Vaishali Nagar,454.4,46.2,0.584,False
2026-08-17 03:51:20.152326,Vaishali Nagar,495.9,39.2,0.638,False
2026-08-17 04:51:20.152326,Vaishali Nagar,496.0,39.6,0.638,False
2026-08-17 05:51:20.152326,Vaishali Nagar,449.0,45.6,0.577,False
2026-08-17 06:51:20.152326,Vaishali Nagar,507.2,42.4,0.652,False
2026-08-17 07:51:20.152326,Vaishali Nagar,846.7,27.3,1.0,False
2026-08-17 08:51:20.152326,Vaishali Nagar,856.7,21.0,1.0,False
2026-08-17 09:51:20.152326,Vaishali Nagar,888.3,28.3,1.0,False
2026-08-17 10:51:20.152326,Vaishali Nagar,467.7,39.1,0.601,False
2026-08-17 11:51:20.152326,Vaishali Nagar,451.7,48.2,0.581,False
2026-08-17 12:51:20.152326,Vaishali Nagar,427.5,42.6,0.55,False
2026-08-17 13:51:20.152326,Vaishali Nagar,463.5,43.6,0.596,False
2026-08-17 14:51:20.152326,Vaishali Nagar,501.4,45.7,0.645,False
2026-08-17 15:51:20.152326,Vaishali Nagar,512.3,44.9,0.659,False
2026-08-17 16:51:20.152326,Vaishali Nagar,518.4,41.9,0.667,False
2026-08-17 17:51:20.152326,Vaishali Nagar,767.6,31.0,0.987,False
2026-08-17 18:51:20.152326,Vaishali Nagar,796.2,21.7,1.0,False
2026-08-17 19:51:20.152326,Vaishali Nagar,769.6,30.3,0.99,False
2026-08-17 20:51:20.152326,Vaishali Nagar,491.7,40.2,0.632,False
2026-08-17 21:51:20.152326,Vaishali Nagar,555.1,39.7,0.714,False
2026-08-17 22:51:20.152326,Vaishali Nagar,486.9,37.3,0.626,False
2026-08-17 23:51:20.152326,Vaishali Nagar,465.7,39.4,0.599,False
2026-08-18 00:51:20.152326,Vaishali Nagar,526.0,44.2,0.676,False
2026-08-18 01:51:20.152326,Vaishali Nagar,490.9,44.5,0.631,False
2026-08-18 02:51:20.152326,Vaishali Nagar,448.8,49.5,0.577,False
2026-08-18 03:51:20.152326,Vaishali Nagar,542.5,41.4,0.698,False
2026-08-18 04:51:20.152326,Vaishali Nagar,511.2,44.7,0.657,False
2026-08-18 05:51:20.152326,Vaishali Nagar,506.5,39.2,0.651,False
2026-08-18 06:51:20.152326,Vaishali Nagar,428.1,41.3,0.551,True
2026-08-18 07:51:20.152326,Vaishali Nagar,729.8,32.7,0.939,False
2026-08-18 08:51:20.152326,Vaishali Nagar,858.2,22.1,1.0,False
2026-08-18 09:51:20.152326,Vaishali Nagar,770.0,31.8,0.99,False
2026-08-18 10:51:20.152326,Vaishali Nagar,522.5,38.5,0.672,False
2026-08-18 11:51:20.152326,Vaishali Nagar,507.3,45.7,0.652,False
2026-08-18 12:51:20.152326,Vaishali Nagar,463.8,46.2,0.596,False
2026-08-18 13:51:20.152326,Vaishali Nagar,504.2,38.5,0.648,False
2026-08-18 14:51:20.152326,Vaishali Nagar,548.0,35.4,0.705,False
2026-08-18 15:51:20.152326,Vaishali Nagar,453.7,40.6,0.583,False
2026-08-18 16:51:20.152326,Vaishali Nagar,459.6,48.6,0.591,False
2026-08-18 17:51:20.152326,Vaishali Nagar,849.1,22.8,1.0,False
2026-08-18 18:51:20.152326,Vaishali Nagar,733.8,30.6,0.944,True
2026-08-18 19:51:20.152326,Vaishali Nagar,787.2,29.9,1.0,False
2026-08-18 20:51:20.152326,Vaishali Nagar,472.5,45.2,0.608,False
2026-08-18 21:51:20.152326,Vaishali Nagar,444.3,46.0,0.571,False
2026-08-18 22:51:20.152326,Vaishali Nagar,475.5,43.9,0.612,False
2026-08-18 23:51:20.152326,Vaishali Nagar,433.2,45.2,0.557,False
2026-08-19 00:51:20.152326,Vaishali Nagar,452.4,44.7,0.582,False
2026-08-19 01:51:20.152326,Vaishali Nagar,573.3,42.3,0.737,False
2026-08-19 02:51:20.152326,Vaishali Nagar,459.9,49.3,0.591,False
2026-08-19 03:51:20.152326,Vaishali Nagar,467.7,46.6,0.601,False
2026-08-19 04:51:20.152326,Vaishali Nagar,449.8,41.3,0.578,False
2026-08-19 05:51:20.152326,Vaishali Nagar,461.7,42.5,0.594,False
2026-08-19 06:51:20.152326,Vaishali Nagar,481.9,42.3,0.62,False
2026-08-19 07:51:20.152326,Vaishali Nagar,754.3,29.2,0.97,False
2026-08-19 08:51:20.152326,Vaishali Nagar,790.0,31.7,1.0,False
2026-08-19 09:51:20.152326,Vaishali Nagar,748.2,32.5,0.962,False
2026-08-19 10:51:20.152326,Vaishali Nagar,464.0,44.2,0.597,False
2026-08-19 11:51:20.152326,Vaishali Nagar,472.4,42.5,0.608,False
2026-08-19 12:51:20.152326,Vaishali Nagar,510.7,45.7,0.657,False
2026-08-19 13:51:20.152326,Vaishali Nagar,466.5,44.3,0.6,False
2026-08-19 14:51:20.152326,Vaishali Nagar,498.4,41.4,0.641,False
2026-08-19 15:51:20.152326,Vaishali Nagar,556.5,45.6,0.716,False
2026-08-19 16:51:20.152326,Vaishali Nagar,479.9,51.9,0.617,False
2026-08-19 17:51:20.152326,Vaishali Nagar,799.7,29.0,1.0,False
2026-08-19 18:51:20.152326,Vaishali Nagar,770.5,28.2,0.991,False
2026-08-19 19:51:20.152326,Vaishali Nagar,817.6,28.4,1.0,False
2026-08-19 20:51:20.152326,Vaishali Nagar,498.5,43.7,0.641,False
2026-08-19 21:51:20.152326,Vaishali Nagar,485.8,46.1,0.625,False
2026-08-19 22:51:20.152326,Vaishali Nagar,529.1,37.5,0.68,False
2026-08-19 23:51:20.152326,Vaishali Nagar,516.5,44.7,0.664,False
2026-08-20 00:51:20.152326,Vaishali Nagar,445.0,44.9,0.572,False
2026-08-20 01:51:20.152326,Vaishali Nagar,484.8,41.1,0.623,False
2026-08-20 02:51:20.152326,Vaishali Nagar,554.2,36.2,0.713,False
2026-08-20 03:51:20.152326,Vaishali Nagar,554.6,39.6,0.713,False
2026-08-20 04:51:20.152326,Vaishali Nagar,515.4,38.4,0.663,False
2026-08-20 05:51:20.152326,Vaishali Nagar,482.0,39.2,0.62,False
2026-08-20 06:51:20.152326,Vaishali Nagar,517.6,44.9,0.666,False
2026-08-20 07:51:20.152326,Vaishali Nagar,784.0,32.9,1.0,False
2026-08-20 08:51:20.152326,Vaishali Nagar,794.7,27.1,1.0,False
2026-08-20 09:51:20.152326,Vaishali Nagar,939.1,17.9,1.0,False
2026-08-20 10:51:20.152326,Vaishali Nagar,416.2,43.8,0.535,False
2026-08-20 11:51:20.152326,Vaishali Nagar,538.9,35.6,0.693,False
2026-08-20 12:51:20.152326,Vaishali Nagar,505.5,43.2,0.65,False
2026-08-20 13:51:20.152326,Vaishali Nagar,529.1,43.3,0.68,False
2026-08-20 14:51:20.152326,Vaishali Nagar,465.8,43.1,0.599,False
2026-08-20 15:51:20.152326,Vaishali Nagar,450.9,46.2,0.58,False
2026-08-20 16:51:20.152326,Vaishali Nagar,547.2,42.0,0.704,False
2026-08-20 17:51:20.152326,Vaishali Nagar,779.7,30.9,1.0,False
2026-08-20 18:51:20.152326,Vaishali Nagar,682.4,35.1,0.878,False
2026-08-20 19:51:20.152326,Vaishali Nagar,800.3,29.3,1.0,False
2026-08-20 20:51:20.152326,Vaishali Nagar,532.1,41.5,0.684,False
2026-08-20 21:51:20.152326,Vaishali Nagar,471.3,38.3,0.606,False
2026-08-20 22:51:20.152326,Vaishali Nagar,446.8,36.7,0.575,False
2026-08-20 23:51:20.152326,Vaishali Nagar,508.0,37.8,0.653,False
2026-08-21 00:51:20.152326,Vaishali Nagar,506.0,42.3,0.651,False
2026-08-21 01:51:20.152326,Vaishali Nagar,525.8,43.9,0.676,False
2026-08-21 02:51:20.152326,Vaishali Nagar,539.6,35.7,0.694,False
2026-08-21 03:51:20.152326,Vaishali Nagar,536.4,41.3,0.69,False
2026-08-21 04:51:20.152326,Vaishali Nagar,501.1,43.4,0.644,False
2026-08-21 05:51:20.152326,Vaishali Nagar,521.8,41.3,0.671,False
2026-08-21 06:51:20.152326,Vaishali Nagar,467.2,42.5,0.601,False
2026-08-21 07:51:20.152326,Vaishali Nagar,796.1,21.5,1.0,False
2026-08-21 08:51:20.152326,Vaishali Nagar,753.7,23.9,0.969,False
2026-08-21 09:51:20.152326,Vaishali Nagar,756.0,31.7,0.972,True
2026-08-21 10:51:20.152326,Vaishali Nagar,461.8,44.5,0.594,False
2026-08-21 11:51:20.152326,Vaishali Nagar,473.2,43.8,0.609,False
2026-08-21 12:51:20.152326,Vaishali Nagar,491.8,48.3,0.632,False
2026-08-21 13:51:20.152326,Vaishali Nagar,537.4,44.9,0.691,False
2026-08-21 14:51:20.152326,Vaishali Nagar,462.4,43.8,0.595,False
2026-08-21 15:51:20.152326,Vaishali Nagar,453.3,46.1,0.583,False
2026-08-21 16:51:20.152326,Vaishali Nagar,556.2,38.4,0.715,False
2026-08-21 17:51:20.152326,Vaishali Nagar,813.7,26.6,1.0,False
2026-08-21 18:51:20.152326,Vaishali Nagar,841.0,26.3,1.0,False
2026-08-21 19:51:20.152326,Vaishali Nagar,711.3,33.9,0.915,False
2026-08-21 20:51:20.152326,Vaishali Nagar,397.4,43.5,0.511,False
2026-08-21 21:51:20.152326,Vaishali Nagar,491.2,47.0,0.632,False
2026-08-21 22:51:20.152326,Vaishali Nagar,490.3,39.8,0.63,False
2026-08-21 23:51:20.152326,Vaishali Nagar,491.1,46.9,0.632,False
2026-08-22 00:51:20.152326,Vaishali Nagar,320.3,49.3,0.412,False
2026-08-22 01:51:20.152326,Vaishali Nagar,375.2,48.1,0.483,False
2026-08-22 02:51:20.152326,Vaishali Nagar,341.3,53.3,0.439,False
2026-08-22 03:51:20.152326,Vaishali Nagar,357.1,50.5,0.459,False
2026-08-22 04:51:20.152326,Vaishali Nagar,312.7,51.7,0.402,False
2026-08-22 05:51:20.152326,Vaishali Nagar,363.1,53.0,0.467,False
2026-08-22 06:51:20.152326,Vaishali Nagar,339.1,43.8,0.436,False
2026-08-22 07:51:20.152326,Vaishali Nagar,548.1,40.1,0.705,False
2026-08-22 08:51:20.152326,Vaishali Nagar,546.9,43.1,0.703,False
2026-08-22 09:51:20.152326,Vaishali Nagar,546.5,36.8,0.703,False
2026-08-22 10:51:20.152326,Vaishali Nagar,320.4,50.5,0.412,False
2026-08-22 11:51:20.152326,Vaishali Nagar,294.0,46.8,0.378,False
2026-08-22 12:51:20.152326,Vaishali Nagar,312.5,53.3,0.402,False
2026-08-22 13:51:20.152326,Vaishali Nagar,356.0,52.6,0.458,False
2026-08-22 14:51:20.152326,Vaishali Nagar,382.2,52.3,0.492,False
2026-08-22 15:51:20.152326,Vaishali Nagar,334.2,49.0,0.43,False
2026-08-22 16:51:20.152326,Vaishali Nagar,314.8,50.8,0.405,False
2026-08-22 17:51:20.152326,Vaishali Nagar,602.6,33.9,0.775,False
2026-08-22 18:51:20.152326,Vaishali Nagar,515.7,42.3,0.663,False
2026-08-22 19:51:20.152326,Vaishali Nagar,564.5,40.7,0.726,False
2026-08-22 20:51:20.152326,Vaishali Nagar,330.1,46.2,0.424,False
2026-08-22 21:51:20.152326,Vaishali Nagar,285.0,44.8,0.367,False
2026-08-22 22:51:20.152326,Vaishali Nagar,366.7,51.0,0.472,False
2026-08-22 23:51:20.152326,Vaishali Nagar,365.3,45.3,0.47,False
2026-08-23 00:51:20.152326,Vaishali Nagar,336.2,54.0,0.432,False
2026-08-23 01:51:20.152326,Vaishali Nagar,342.7,47.5,0.441,False
2026-08-23 02:51:20.152326,Vaishali Nagar,350.3,48.8,0.451,False
2026-08-23 03:51:20.152326,Vaishali Nagar,363.9,52.0,0.468,False
2026-08-23 04:51:20.152326,Vaishali Nagar,308.4,51.0,0.397,False
2026-08-23 05:51:20.152326,Vaishali Nagar,363.1,43.2,0.467,False
2026-08-23 06:51:20.152326,Vaishali Nagar,333.0,46.5,0.428,False
2026-08-23 07:51:20.152326,Vaishali Nagar,548.3,39.7,0.705,False
2026-08-23 08:51:20.152326,Vaishali Nagar,599.0,38.0,0.77,False
2026-08-23 09:51:20.152326,Vaishali Nagar,584.8,40.7,0.752,False
2026-08-23 10:51:20.152326,Vaishali Nagar,379.5,45.3,0.488,False
2026-08-23 11:51:20.152326,Vaishali Nagar,338.2,48.6,0.435,False
2026-08-23 12:51:20.152326,Vaishali Nagar,372.4,52.6,0.479,False
2026-08-23 13:51:20.152326,Vaishali Nagar,314.1,50.5,0.404,False
2026-08-23 14:51:20.152326,Vaishali Nagar,300.6,51.9,0.387,False
2026-08-23 15:51:20.152326,Vaishali Nagar,352.6,50.2,0.453,False
2026-08-23 16:51:20.152326,Vaishali Nagar,352.6,51.3,0.453,False
2026-08-23 17:51:20.152326,Vaishali Nagar,462.4,38.1,0.595,False
2026-08-23 18:51:20.152326,Vaishali Nagar,571.1,39.9,0.734,False
2026-08-23 19:51:20.152326,Vaishali Nagar,454.1,45.5,0.584,False
2026-08-23 20:51:20.152326,Vaishali Nagar,322.7,48.4,0.415,False
2026-08-23 21:51:20.152326,Vaishali Nagar,362.9,52.3,0.467,False
2026-08-23 22:51:20.152326,Vaishali Nagar,296.7,51.5,0.382,False
2026-08-23 23:51:20.152326,Vaishali Nagar,376.6,44.8,0.484,False
2026-08-24 00:51:20.152326,Vaishali Nagar,409.4,47.0,0.526,False
2026-08-24 01:51:20.152326,Vaishali Nagar,492.7,42.0,0.634,False
2026-08-24 02:51:20.152326,Vaishali Nagar,522.8,41.9,0.672,False
2026-08-24 03:51:20.152326,Vaishali Nagar,507.6,46.4,0.653,False
2026-08-24 04:51:20.152326,Vaishali Nagar,448.7,49.4,0.577,False
2026-08-24 05:51:20.152326,Vaishali Nagar,481.9,45.2,0.62,False
2026-08-24 06:51:20.152326,Vaishali Nagar,422.3,50.6,0.543,False
2026-08-24 07:51:20.152326,Vaishali Nagar,869.5,21.9,1.0,False
2026-08-24 08:51:20.152326,Vaishali Nagar,750.9,30.8,0.966,False
2026-08-24 09:51:20.152326,Vaishali Nagar,773.4,28.7,0.995,False
2026-08-24 10:51:20.152326,Vaishali Nagar,467.9,40.7,0.602,False
2026-08-24 11:51:20.152326,Vaishali Nagar,470.8,45.6,0.605,False
2026-08-24 12:51:20.152326,Vaishali Nagar,557.0,45.7,0.716,False
2026-08-24 13:51:20.152326,Vaishali Nagar,480.3,43.6,0.618,False
2026-08-24 14:51:20.152326,Vaishali Nagar,552.1,40.0,0.71,False
2026-08-24 15:51:20.152326,Vaishali Nagar,556.2,38.1,0.715,False
2026-08-24 16:51:20.152326,Vaishali Nagar,444.0,44.1,0.571,False
2026-08-24 17:51:20.152326,Vaishali Nagar,717.6,35.5,0.923,False
2026-08-24 18:51:20.152326,Vaishali Nagar,799.4,28.4,1.0,False
2026-08-24 19:51:20.152326,Vaishali Nagar,659.1,34.0,0.848,False
2026-08-24 20:51:20.152326,Vaishali Nagar,488.6,43.8,0.628,False
2026-08-24 21:51:20.152326,Vaishali Nagar,477.7,43.0,0.614,False
2026-08-24 22:51:20.152326,Vaishali Nagar,467.1,44.9,0.601,False
2026-08-24 23:51:20.152326,Vaishali Nagar,480.5,42.4,0.618,False
2026-08-25 00:51:20.152326,Vaishali Nagar,481.9,41.5,0.62,False
2026-08-25 01:51:20.152326,Vaishali Nagar,524.3,40.6,0.674,False
2026-08-25 02:51:20.152326,Vaishali Nagar,484.8,46.4,0.623,False
2026-08-25 03:51:20.152326,Vaishali Nagar,517.4,43.0,0.665,False
2026-08-25 04:51:20.152326,Vaishali Nagar,456.7,43.7,0.587,False
2026-08-25 05:51:20.152326,Vaishali Nagar,410.7,45.5,0.528,False
2026-08-25 06:51:20.152326,Vaishali Nagar,505.3,41.0,0.65,False
2026-08-25 07:51:20.152326,Vaishali Nagar,839.7,24.6,1.0,False
2026-08-25 08:51:20.152326,Vaishali Nagar,741.5,32.0,0.954,False
2026-08-25 09:51:20.152326,Vaishali Nagar,896.9,22.2,1.0,False
2026-08-25 10:51:20.152326,Vaishali Nagar,507.6,39.5,0.653,True
2026-08-25 11:51:20.152326,Vaishali Nagar,437.3,42.3,0.562,False
2026-08-25 12:51:20.152326,Vaishali Nagar,460.1,43.5,0.592,False
2026-08-25 13:51:20.152326,Vaishali Nagar,461.5,40.6,0.594,False
2026-08-25 14:51:20.152326,Vaishali Nagar,514.3,42.5,0.661,False
2026-08-25 15:51:20.152326,Vaishali Nagar,420.0,48.7,0.54,False
2026-08-25 16:51:20.152326,Vaishali Nagar,471.1,38.1,0.606,False
2026-08-25 17:51:20.152326,Vaishali Nagar,855.6,23.5,1.0,False
2026-08-25 18:51:20.152326,Vaishali Nagar,712.6,33.6,0.916,False
2026-08-25 19:51:20.152326,Vaishali Nagar,661.7,37.9,0.851,False
2026-08-25 20:51:20.152326,Vaishali Nagar,501.3,44.2,0.645,False
2026-08-25 21:51:20.152326,Vaishali Nagar,491.7,45.8,0.632,False
2026-08-25 22:51:20.152326,Vaishali Nagar,492.5,44.6,0.633,False
2026-08-25 23:51:20.152326,Vaishali Nagar,445.4,41.7,0.573,False
2026-08-26 00:51:20.152326,Vaishali Nagar,432.8,39.5,0.557,False
2026-08-26 01:51:20.152326,Vaishali Nagar,465.0,35.2,0.598,False
2026-08-26 02:51:20.152326,Vaishali Nagar,467.0,43.9,0.601,False
2026-08-26 03:51:20.152326,Vaishali Nagar,565.3,41.1,0.727,False
2026-08-26 04:51:20.152326,Vaishali Nagar,432.4,43.0,0.556,False
2026-08-26 05:51:20.152326,Vaishali Nagar,528.2,33.1,0.679,False
2026-08-26 06:51:20.152326,Vaishali Nagar,469.0,44.4,0.603,False
2026-08-26 07:51:20.152326,Vaishali Nagar,850.8,25.6,1.0,False
2026-08-26 08:51:20.152326,Vaishali Nagar,882.5,24.2,1.0,False
2026-08-26 09:51:20.152326,Vaishali Nagar,804.8,27.1,1.0,False
2026-08-26 10:51:20.152326,Vaishali Nagar,418.9,43.0,0.539,False
2026-08-26 11:51:20.152326,Vaishali Nagar,444.3,47.1,0.571,False
2026-08-26 12:51:20.152326,Vaishali Nagar,394.5,53.0,0.507,False
2026-08-26 13:51:20.152326,Vaishali Nagar,493.8,47.4,0.635,False
2026-08-26 14:51:20.152326,Vaishali Nagar,455.5,44.7,0.586,False
2026-08-26 15:51:20.152326,Vaishali Nagar,453.1,44.3,0.583,False
2026-08-26 16:51:20.152326,Vaishali Nagar,459.5,40.0,0.591,False
2026-08-26 17:51:20.152326,Vaishali Nagar,798.5,25.1,1.0,False
2026-08-26 18:51:20.152326,Vaishali Nagar,779.8,29.0,1.0,False
2026-08-26 19:51:20.152326,Vaishali Nagar,773.1,36.4,0.994,False
2026-08-26 20:51:20.152326,Vaishali Nagar,433.3,40.6,0.557,False
2026-08-26 21:51:20.152326,Vaishali Nagar,449.6,42.3,0.578,False
2026-08-26 22:51:20.152326,Vaishali Nagar,481.4,46.1,0.619,False
2026-08-26 23:51:20.152326,Vaishali Nagar,490.6,46.1,0.631,False
2026-08-27 00:51:20.152326,Vaishali Nagar,493.2,47.0,0.634,False
2026-08-27 01:51:20.152326,Vaishali Nagar,521.5,45.3,0.671,False
2026-08-27 02:51:20.152326,Vaishali Nagar,505.8,42.4,0.65,False
2026-08-27 03:51:20.152326,Vaishali Nagar,515.1,41.9,0.662,False
2026-08-27 04:51:20.152326,Vaishali Nagar,505.0,40.4,0.649,False
2026-08-27 05:51:20.152326,Vaishali Nagar,495.2,38.8,0.637,False
2026-08-27 06:51:20.152326,Vaishali Nagar,462.3,42.2,0.595,False
2026-08-27 07:51:20.152326,Vaishali Nagar,890.8,24.3,1.0,True
2026-08-27 08:51:20.152326,Vaishali Nagar,869.9,23.7,1.0,False
2026-08-27 09:51:20.152326,Vaishali Nagar,765.7,40.8,0.985,False
2026-08-27 10:51:20.152326,Vaishali Nagar,453.3,42.4,0.583,False
2026-08-27 11:51:20.152326,Vaishali Nagar,494.6,39.0,0.636,False
2026-08-27 12:51:20.152326,Vaishali Nagar,480.5,43.6,0.618,False
2026-08-27 13:51:20.152326,Vaishali Nagar,455.2,41.1,0.585,False
2026-08-27 14:51:20.152326,Vaishali Nagar,517.2,40.1,0.665,True
2026-08-27 15:51:20.152326,Vaishali Nagar,477.7,42.3,0.614,False
2026-08-27 16:51:20.152326,Vaishali Nagar,467.6,42.1,0.601,False
2026-08-27 17:51:20.152326,Vaishali Nagar,862.5,27.2,1.0,False
2026-08-27 18:51:20.152326,Vaishali Nagar,662.7,34.3,0.852,False
2026-08-27 19:51:20.152326,Vaishali Nagar,834.4,25.3,1.0,False
2026-08-27 20:51:20.152326,Vaishali Nagar,532.1,46.0,0.684,False
2026-08-27 21:51:20.152326,Vaishali Nagar,491.0,49.1,0.631,False
2026-08-27 22:51:20.152326,Vaishali Nagar,478.0,42.9,0.615,False
2026-08-27 23:51:20.152326,Vaishali Nagar,468.0,39.6,0.602,False
2026-08-28 00:51:20.152326,Vaishali Nagar,474.7,40.2,0.61,False
2026-08-28 01:51:20.152326,Vaishali Nagar,505.9,44.8,0.651,False
2026-08-28 02:51:20.152326,Vaishali Nagar,504.6,44.7,0.649,False
2026-08-28 03:51:20.152326,Vaishali Nagar,473.6,49.0,0.609,False
2026-08-28 04:51:20.152326,Vaishali Nagar,446.1,49.9,0.574,False
2026-08-28 05:51:20.152326,Vaishali Nagar,538.5,39.6,0.692,False
2026-08-28 06:51:20.152326,Vaishali Nagar,493.0,42.3,0.634,False
2026-08-28 07:51:20.152326,Vaishali Nagar,719.4,33.6,0.925,False
2026-08-28 08:51:20.152326,Vaishali Nagar,817.0,27.8,1.0,False
2026-08-28 09:51:20.152326,Vaishali Nagar,845.9,23.5,1.0,False
2026-08-28 10:51:20.152326,Vaishali Nagar,461.6,46.8,0.594,False
2026-08-28 11:51:20.152326,Vaishali Nagar,569.9,40.2,0.733,False
2026-08-28 12:51:20.152326,Vaishali Nagar,417.3,50.3,0.537,False
2026-08-28 13:51:20.152326,Vaishali Nagar,483.3,46.1,0.622,False
2026-08-28 14:51:20.152326,Vaishali Nagar,502.5,45.6,0.646,False
2026-08-28 15:51:20.152326,Vaishali Nagar,478.3,39.5,0.615,False
2026-08-28 16:51:20.152326,Vaishali Nagar,452.5,44.2,0.582,False
2026-08-28 17:51:20.152326,Vaishali Nagar,844.1,22.5,1.0,False
2026-08-28 18:51:20.152326,Vaishali Nagar,624.4,41.9,0.803,False
2026-08-28 19:51:20.152326,Vaishali Nagar,847.7,27.1,1.0,False
2026-08-28 20:51:20.152326,Vaishali Nagar,534.2,39.5,0.687,False
2026-08-28 21:51:20.152326,Vaishali Nagar,483.9,39.3,0.622,False
2026-08-28 22:51:20.152326,Vaishali Nagar,428.0,52.0,0.55,False
2026-08-28 23:51:20.152326,Vaishali Nagar,439.7,41.3,0.565,False
2026-08-29 00:51:20.152326,Vaishali Nagar,297.4,55.5,0.382,False
2026-08-29 01:51:20.152326,Vaishali Nagar,282.4,52.4,0.363,False
2026-08-29 02:51:20.152326,Vaishali Nagar,342.7,50.7,0.441,False
2026-08-29 03:51:20.152326,Vaishali Nagar,299.5,55.2,0.385,False
2026-08-29 04:51:20.152326,Vaishali Nagar,355.0,46.9,0.457,False
2026-08-29 05:51:20.152326,Vaishali Nagar,328.4,46.7,0.422,False
2026-08-29 06:51:20.152326,Vaishali Nagar,315.3,60.9,0.405,False
2026-08-29 07:51:20.152326,Vaishali Nagar,547.7,35.6,0.704,False
2026-08-29 08:51:20.152326,Vaishali Nagar,533.1,43.6,0.686,False
2026-08-29 09:51:20.152326,Vaishali Nagar,548.7,39.4,0.706,False
2026-08-29 10:51:20.152326,Vaishali Nagar,335.0,50.0,0.431,False
2026-08-29 11:51:20.152326,Vaishali Nagar,317.0,44.6,0.408,False
2026-08-29 12:51:20.152326,Vaishali Nagar,324.4,56.4,0.417,False
2026-08-29 13:51:20.152326,Vaishali Nagar,330.2,52.5,0.425,False
2026-08-29 14:51:20.152326,Vaishali Nagar,282.9,54.6,0.364,False
2026-08-29 15:51:20.152326,Vaishali Nagar,329.5,50.4,0.424,False
2026-08-29 16:51:20.152326,Vaishali Nagar,320.6,51.2,0.412,False
2026-08-29 17:51:20.152326,Vaishali Nagar,501.6,38.0,0.645,False
2026-08-29 18:51:20.152326,Vaishali Nagar,508.7,46.4,0.654,False
2026-08-29 19:51:20.152326,Vaishali Nagar,604.3,36.5,0.777,False
2026-08-29 20:51:20.152326,Vaishali Nagar,323.3,47.9,0.416,False
2026-08-29 21:51:20.152326,Vaishali Nagar,332.3,49.1,0.427,False
2026-08-29 22:51:20.152326,Vaishali Nagar,316.8,45.3,0.407,False
2026-08-29 23:51:20.152326,Vaishali Nagar,389.1,52.5,0.5,False
2026-08-30 00:51:20.152326,Vaishali Nagar,295.8,51.7,0.38,False
2026-08-30 01:51:20.152326,Vaishali Nagar,325.8,54.4,0.419,False
2026-08-30 02:51:20.152326,Vaishali Nagar,290.8,52.3,0.374,False
2026-08-30 03:51:20.152326,Vaishali Nagar,295.9,53.6,0.381,False
2026-08-30 04:51:20.152326,Vaishali Nagar,362.0,46.9,0.466,False
2026-08-30 05:51:20.152326,Vaishali Nagar,356.2,45.5,0.458,False
2026-08-30 06:51:20.152326,Vaishali Nagar,335.2,51.1,0.431,False
2026-08-30 07:51:20.152326,Vaishali Nagar,539.2,39.2,0.693,False
2026-08-30 08:51:20.152326,Vaishali Nagar,611.4,42.9,0.786,False
2026-08-30 09:51:20.152326,Vaishali Nagar,624.2,33.7,0.803,False
2026-08-30 10:51:20.152326,Vaishali Nagar,313.1,50.8,0.403,False
2026-08-30 11:51:20.152326,Vaishali Nagar,334.7,52.1,0.43,False
2026-08-30 12:51:20.152326,Vaishali Nagar,314.7,51.3,0.405,False
2026-08-30 13:51:20.152326,Vaishali Nagar,353.8,52.7,0.455,False
2026-08-30 14:51:20.152326,Vaishali Nagar,385.4,47.3,0.496,False
2026-08-30 15:51:20.152326,Vaishali Nagar,294.7,55.7,0.379,False
2026-08-30 16:51:20.152326,Vaishali Nagar,329.4,46.4,0.424,False
2026-08-30 17:51:20.152326,Vaishali Nagar,554.3,39.3,0.713,False
2026-08-30 18:51:20.152326,Vaishali Nagar,543.0,36.3,0.698,False
2026-08-30 19:51:20.152326,Vaishali Nagar,481.9,48.0,0.62,False
2026-08-30 20:51:20.152326,Vaishali Nagar,355.3,53.9,0.457,False
2026-08-30 21:51:20.152326,Vaishali Nagar,350.6,47.3,0.451,False
2026-08-30 22:51:20.152326,Vaishali Nagar,357.5,49.0,0.46,False
2026-08-30 23:51:20.152326,Vaishali Nagar,405.3,46.6,0.521,False
2026-08-31 00:51:20.152326,Vaishali Nagar,458.2,44.2,0.589,False
2026-08-31 01:51:20.152326,Vaishali Nagar,489.2,40.9,0.629,False
2026-08-31 02:51:20.152326,Vaishali Nagar,472.6,44.1,0.608,False
2026-08-31 03:51:20.152326,Vaishali Nagar,488.3,39.5,0.628,False
2026-08-31 04:51:20.152326,Vaishali Nagar,532.2,44.5,0.684,False
2026-08-31 05:51:20.152326,Vaishali Nagar,430.5,43.6,0.554,False
2026-08-31 06:51:20.152326,Vaishali Nagar,488.0,46.7,0.628,False
2026-08-31 07:51:20.152326,Vaishali Nagar,823.1,33.0,1.0,False
2026-08-31 08:51:20.152326,Vaishali Nagar,743.6,36.6,0.956,False
2026-08-31 09:51:20.152326,Vaishali Nagar,873.4,31.1,1.0,False
2026-08-31 10:51:20.152326,Vaishali Nagar,548.7,35.2,0.706,False
2026-08-31 11:51:20.152326,Vaishali Nagar,445.0,46.4,0.572,False
2026-08-31 12:51:20.152326,Vaishali Nagar,390.2,48.3,0.502,False
2026-08-31 13:51:20.152326,Vaishali Nagar,487.9,39.4,0.627,False
2026-08-31 14:51:20.152326,Vaishali Nagar,445.0,42.0,0.572,False
2026-08-31 15:51:20.152326,Vaishali Nagar,506.2,41.5,0.651,False
2026-08-31 16:51:20.152326,Vaishali Nagar,470.8,41.9,0.605,False
2026-08-31 17:51:20.152326,Vaishali Nagar,739.1,38.6,0.95,False
2026-08-31 18:51:20.152326,Vaishali Nagar,745.2,28.7,0.958,False
2026-08-31 19:51:20.152326,Vaishali Nagar,715.0,35.1,0.92,False
2026-08-31 20:51:20.152326,Vaishali Nagar,458.1,41.8,0.589,False
2026-08-31 21:51:20.152326,Vaishali Nagar,549.6,42.0,0.707,False
2026-08-31 22:51:20.152326,Vaishali Nagar,463.6,42.3,0.596,True
2026-08-31 23:51:20.152326,Vaishali Nagar,561.7,41.4,0.722,False
2026-09-01 00:51:20.152326,Vaishali Nagar,508.3,41.7,0.654,False
2026-09-01 01:51:20.152326,Vaishali Nagar,508.3,41.4,0.654,False
2026-09-01 02:51:20.152326,Vaishali Nagar,400.0,50.5,0.514,False
2026-09-01 03:51:20.152326,Vaishali Nagar,500.2,39.6,0.643,False
2026-09-01 04:51:20.152326,Vaishali Nagar,434.1,50.0,0.558,False
2026-09-01 05:51:20.152326,Vaishali Nagar,480.7,43.8,0.618,False
2026-09-01 06:51:20.152326,Vaishali Nagar,450.1,49.2,0.579,False
2026-09-01 07:51:20.152326,Vaishali Nagar,681.9,33.5,0.877,False
2026-09-01 08:51:20.152326,Vaishali Nagar,746.5,34.0,0.96,False
2026-09-01 09:51:20.152326,Vaishali Nagar,883.3,24.8,1.0,False
2026-09-01 10:51:20.152326,Vaishali Nagar,525.9,43.2,0.676,False
2026-09-01 11:51:20.152326,Vaishali Nagar,447.0,46.2,0.575,False
2026-09-01 12:51:20.152326,Vaishali Nagar,488.2,40.8,0.628,False
2026-09-01 13:51:20.152326,Vaishali Nagar,519.0,38.9,0.667,False
2026-09-01 14:51:20.152326,Vaishali Nagar,456.3,44.5,0.587,False
2026-09-01 15:51:20.152326,Vaishali Nagar,450.5,42.8,0.579,False
2026-09-01 16:51:20.152326,Vaishali Nagar,443.7,42.2,0.571,False
2026-09-01 17:51:20.152326,Vaishali Nagar,689.9,29.0,0.887,False
2026-09-01 18:51:20.152326,Vaishali Nagar,823.3,25.2,1.0,False
2026-09-01 19:51:20.152326,Vaishali Nagar,696.7,35.9,0.896,False
2026-09-01 20:51:20.152326,Vaishali Nagar,501.6,45.2,0.645,False
2026-09-01 21:51:20.152326,Vaishali Nagar,491.7,41.4,0.632,False
2026-09-01 22:51:20.152326,Vaishali Nagar,527.1,45.3,0.678,False
2026-09-01 23:51:20.152326,Vaishali Nagar,547.7,39.0,0.704,False
2026-09-02 00:51:20.152326,Vaishali Nagar,487.8,36.1,0.627,False
2026-09-02 01:51:20.152326,Vaishali Nagar,482.5,50.7,0.62,False
2026-09-02 02:51:20.152326,Vaishali Nagar,436.0,44.7,0.561,False
2026-09-02 03:51:20.152326,Vaishali Nagar,482.7,40.7,0.621,False
2026-09-02 04:51:20.152326,Vaishali Nagar,530.1,30.5,0.682,False
2026-09-02 05:51:20.152326,Vaishali Nagar,421.2,42.6,0.542,False
2026-09-02 06:51:20.152326,Vaishali Nagar,464.5,48.6,0.597,False
2026-09-02 07:51:20.152326,Vaishali Nagar,798.2,28.3,1.0,False
2026-09-02 08:51:20.152326,Vaishali Nagar,898.1,23.7,1.0,False
2026-09-02 09:51:20.152326,Vaishali Nagar,898.2,23.7,1.0,False
2026-09-02 10:51:20.152326,Vaishali Nagar,471.9,50.0,0.607,False
2026-09-02 11:51:20.152326,Vaishali Nagar,476.1,41.9,0.612,False
2026-09-02 12:51:20.152326,Vaishali Nagar,475.8,41.3,0.612,False
2026-09-02 13:51:20.152326,Vaishali Nagar,443.0,46.7,0.57,False
2026-09-02 14:51:20.152326,Vaishali Nagar,477.7,42.8,0.614,False
2026-09-02 15:51:20.152326,Vaishali Nagar,537.9,41.6,0.692,False
2026-09-02 16:51:20.152326,Vaishali Nagar,453.7,44.2,0.583,False
2026-09-02 17:51:20.152326,Vaishali Nagar,714.2,30.9,0.918,False
2026-09-02 18:51:20.152326,Vaishali Nagar,666.9,33.3,0.858,False
2026-09-02 19:51:20.152326,Vaishali Nagar,615.7,36.6,0.792,False
2026-09-02 20:51:20.152326,Vaishali Nagar,488.8,43.9,0.629,False
2026-09-02 21:51:20.152326,Vaishali Nagar,456.8,49.1,0.587,False
2026-09-02 22:51:20.152326,Vaishali Nagar,502.7,43.7,0.646,False
2026-09-02 23:51:20.152326,Vaishali Nagar,478.5,40.7,0.615,False
2026-09-03 00:51:20.152326,Vaishali Nagar,477.2,37.5,0.614,False
2026-09-03 01:51:20.152326,Vaishali Nagar,502.3,44.1,0.646,False
2026-09-03 02:51:20.152326,Vaishali Nagar,463.9,45.3,0.597,False
2026-09-03 03:51:20.152326,Vaishali Nagar,430.6,43.0,0.554,False
2026-09-03 04:51:20.152326,Vaishali Nagar,529.7,41.1,0.681,False
2026-09-03 05:51:20.152326,Vaishali Nagar,436.9,41.9,0.562,False
2026-09-03 06:51:20.152326,Vaishali Nagar,531.2,39.7,0.683,False
2026-09-03 07:51:20.152326,Vaishali Nagar,813.8,34.3,1.0,False
2026-09-03 08:51:20.152326,Vaishali Nagar,779.3,30.4,1.0,False
2026-09-03 09:51:20.152326,Vaishali Nagar,800.9,23.8,1.0,False
2026-09-03 10:51:20.152326,Vaishali Nagar,572.8,40.8,0.737,False
2026-09-03 11:51:20.152326,Vaishali Nagar,522.6,49.2,0.672,False
2026-09-03 12:51:20.152326,Vaishali Nagar,476.5,45.0,0.613,False
2026-09-03 13:51:20.152326,Vaishali Nagar,562.6,37.2,0.724,False
2026-09-03 14:51:20.152326,Vaishali Nagar,480.7,39.9,0.618,False
2026-09-03 15:51:20.152326,Vaishali Nagar,542.8,39.3,0.698,False
2026-09-03 16:51:20.152326,Vaishali Nagar,470.4,43.1,0.605,False
2026-09-03 17:51:20.152326,Vaishali Nagar,770.5,26.3,0.991,False
2026-09-03 18:51:20.152326,Vaishali Nagar,837.1,23.3,1.0,False
2026-09-03 19:51:20.152326,Vaishali Nagar,703.4,31.0,0.905,False
2026-09-03 20:51:20.152326,Vaishali Nagar,445.6,47.3,0.573,False
2026-09-03 21:51:20.152326,Vaishali Nagar,484.5,43.6,0.623,False
2026-09-03 22:51:20.152326,Vaishali Nagar,400.4,43.8,0.515,False
2026-09-03 23:51:20.152326,Vaishali Nagar,508.5,48.6,0.654,False
2026-09-04 00:51:20.152326,Vaishali Nagar,444.5,43.2,0.572,False
2026-09-04 01:51:20.152326,Vaishali Nagar,492.4,42.3,0.633,False
2026-09-04 02:51:20.152326,Vaishali Nagar,546.7,35.4,0.703,False
2026-09-04 03:51:20.152326,Vaishali Nagar,554.5,36.8,0.713,False
2026-09-04 04:51:20.152326,Vaishali Nagar,520.2,38.0,0.669,False
2026-09-04 05:51:20.152326,Vaishali Nagar,504.3,34.6,0.649,False
2026-09-04 06:51:20.152326,Vaishali Nagar,555.5,33.2,0.714,False
2026-09-04 07:51:20.152326,Vaishali Nagar,816.7,27.7,1.0,False
2026-09-04 08:51:20.152326,Vaishali Nagar,749.9,36.1,0.964,False
2026-09-04 09:51:20.152326,Vaishali Nagar,758.5,28.0,0.975,False
2026-09-04 10:51:20.152326,Vaishali Nagar,595.9,40.1,0.766,False
2026-09-04 11:51:20.152326,Vaishali Nagar,462.4,40.7,0.595,False
2026-09-04 12:51:20.152326,Vaishali Nagar,439.7,42.3,0.565,False
2026-09-04 13:51:20.152326,Vaishali Nagar,508.4,41.2,0.654,False
2026-09-04 14:51:20.152326,Vaishali Nagar,485.8,41.6,0.625,False
2026-09-04 15:51:20.152326,Vaishali Nagar,525.3,47.4,0.676,False
2026-09-04 16:51:20.152326,Vaishali Nagar,498.9,44.6,0.642,False
2026-09-04 17:51:20.152326,Vaishali Nagar,794.5,29.2,1.0,False
2026-09-04 18:51:20.152326,Vaishali Nagar,794.8,27.7,1.0,False
2026-09-04 19:51:20.152326,Vaishali Nagar,803.8,28.2,1.0,False
2026-09-04 20:51:20.152326,Vaishali Nagar,444.5,46.2,0.572,False
2026-09-04 21:51:20.152326,Vaishali Nagar,490.5,41.6,0.631,False
2026-09-04 22:51:20.152326,Vaishali Nagar,486.5,43.3,0.626,False
2026-09-04 23:51:20.152326,Vaishali Nagar,442.3,42.3,0.569,False
2026-09-05 00:51:20.152326,Vaishali Nagar,335.4,49.4,0.431,False
2026-09-05 01:51:20.152326,Vaishali Nagar,381.2,49.9,0.49,False
2026-09-05 02:51:20.152326,Vaishali Nagar,356.8,47.8,0.459,False
2026-09-05 03:51:20.152326,Vaishali Nagar,370.1,45.0,0.476,False
2026-09-05 04:51:20.152326,Vaishali Nagar,345.7,51.0,0.445,False
2026-09-05 05:51:20.152326,Vaishali Nagar,313.8,50.7,0.404,False
2026-09-05 06:51:20.152326,Vaishali Nagar,330.2,54.0,0.425,False
2026-09-05 07:51:20.152326,Vaishali Nagar,612.2,34.3,0.787,False
2026-09-05 08:51:20.152326,Vaishali Nagar,585.9,35.1,0.753,False
2026-09-05 09:51:20.152326,Vaishali Nagar,614.3,34.6,0.79,False
2026-09-05 10:51:20.152326,Vaishali Nagar,294.3,54.7,0.379,False
2026-09-05 11:51:20.152326,Vaishali Nagar,360.1,49.7,0.463,False
2026-09-05 12:51:20.152326,Vaishali Nagar,302.5,49.1,0.389,False
2026-09-05 13:51:20.152326,Vaishali Nagar,321.4,50.4,0.413,False
2026-09-05 14:51:20.152326,Vaishali Nagar,330.6,49.3,0.425,False
2026-09-05 15:51:20.152326,Vaishali Nagar,337.6,50.4,0.434,False
2026-09-05 16:51:20.152326,Vaishali Nagar,356.9,46.9,0.459,False
2026-09-05 17:51:20.152326,Vaishali Nagar,541.4,41.1,0.696,False
2026-09-05 18:51:20.152326,Vaishali Nagar,563.5,43.1,0.725,False
2026-09-05 19:51:20.152326,Vaishali Nagar,528.1,38.9,0.679,False
2026-09-05 20:51:20.152326,Vaishali Nagar,303.4,50.9,0.39,False
2026-09-05 21:51:20.152326,Vaishali Nagar,327.7,48.0,0.421,True
2026-09-05 22:51:20.152326,Vaishali Nagar,342.3,44.7,0.44,False
2026-09-05 23:51:20.152326,Vaishali Nagar,297.7,48.3,0.383,False
2026-09-06 00:51:20.152326,Vaishali Nagar,318.3,53.5,0.409,False
2026-09-06 01:51:20.152326,Vaishali Nagar,351.7,43.2,0.452,False
2026-09-06 02:51:20.152326,Vaishali Nagar,330.5,50.9,0.425,False
2026-09-06 03:51:20.152326,Vaishali Nagar,318.1,52.1,0.409,False
2026-09-06 04:51:20.152326,Vaishali Nagar,304.9,53.9,0.392,False
2026-09-06 05:51:20.152326,Vaishali Nagar,311.9,44.9,0.401,False
2026-09-06 06:51:20.152326,Vaishali Nagar,339.4,52.2,0.437,False
2026-09-06 07:51:20.152326,Vaishali Nagar,543.4,36.4,0.699,False
2026-09-06 08:51:20.152326,Vaishali Nagar,525.1,39.4,0.675,False
2026-09-06 09:51:20.152326,Vaishali Nagar,578.0,39.2,0.743,False
2026-09-06 10:51:20.152326,Vaishali Nagar,340.1,51.3,0.437,False
2026-09-06 11:51:20.152326,Vaishali Nagar,303.6,49.4,0.39,False
2026-09-06 12:51:20.152326,Vaishali Nagar,391.4,46.1,0.503,False
2026-09-06 13:51:20.152326,Vaishali Nagar,314.8,52.0,0.405,False
2026-09-06 14:51:20.152326,Vaishali Nagar,311.2,52.4,0.4,False
2026-09-06 15:51:20.152326,Vaishali Nagar,331.1,49.8,0.426,False
2026-09-06 16:51:20.152326,Vaishali Nagar,339.2,50.6,0.436,False
2026-09-06 17:51:20.152326,Vaishali Nagar,449.0,46.5,0.577,False
2026-09-06 18:51:20.152326,Vaishali Nagar,570.3,41.9,0.733,False
2026-09-06 19:51:20.152326,Vaishali Nagar,475.5,48.3,0.611,False
2026-09-06 20:51:20.152326,Vaishali Nagar,314.2,53.8,0.404,False
2026-09-06 21:51:20.152326,Vaishali Nagar,357.0,48.1,0.459,False
2026-09-06 22:51:20.152326,Vaishali Nagar,321.1,46.5,0.413,False
2026-09-06 23:51:20.152326,Vaishali Nagar,298.8,40.7,0.384,False
2026-09-07 00:51:20.152326,Vaishali Nagar,515.8,42.2,0.663,False
2026-09-07 01:51:20.152326,Vaishali Nagar,504.9,49.9,0.649,False
2026-09-07 02:51:20.152326,Vaishali Nagar,446.8,47.2,0.575,False
2026-09-07 03:51:20.152326,Vaishali Nagar,509.0,43.1,0.655,False
2026-09-07 04:51:20.152326,Vaishali Nagar,517.0,43.3,0.665,False
2026-09-07 05:51:20.152326,Vaishali Nagar,581.9,37.2,0.748,False
2026-09-07 06:51:20.152326,Vaishali Nagar,518.7,45.0,0.667,False
2026-09-07 07:51:20.152326,Vaishali Nagar,813.3,26.0,1.0,False
2026-09-07 08:51:20.152326,Vaishali Nagar,908.6,20.3,1.0,False
2026-09-07 09:51:20.152326,Vaishali Nagar,791.4,22.6,1.0,False
2026-09-07 10:51:20.152326,Vaishali Nagar,404.1,42.0,0.52,False
2026-09-07 11:51:20.152326,Vaishali Nagar,537.3,43.7,0.691,False
2026-09-07 12:51:20.152326,Vaishali Nagar,503.7,44.1,0.648,False
2026-09-07 13:51:20.152326,Vaishali Nagar,460.2,43.4,0.592,False
2026-09-07 14:51:20.152326,Vaishali Nagar,496.1,49.2,0.638,False
2026-09-07 15:51:20.152326,Vaishali Nagar,474.6,37.0,0.61,False
2026-09-07 16:51:20.152326,Vaishali Nagar,425.1,41.0,0.547,False
2026-09-07 17:51:20.152326,Vaishali Nagar,775.4,24.1,0.997,False
2026-09-07 18:51:20.152326,Vaishali Nagar,740.1,29.6,0.952,False
2026-09-07 19:51:20.152326,Vaishali Nagar,770.9,27.8,0.991,False
2026-09-07 20:51:20.152326,Vaishali Nagar,563.3,40.7,0.724,False
2026-09-07 21:51:20.152326,Vaishali Nagar,497.5,42.2,0.64,False
2026-09-07 22:51:20.152326,Vaishali Nagar,454.1,44.7,0.584,False
2026-09-07 23:51:20.152326,Vaishali Nagar,539.3,42.3,0.694,False
2026-09-08 00:51:20.152326,Vaishali Nagar,520.5,43.4,0.669,False
2026-09-08 01:51:20.152326,Vaishali Nagar,538.4,40.7,0.692,False
2026-09-08 02:51:20.152326,Vaishali Nagar,502.5,48.0,0.646,False
2026-09-08 03:51:20.152326,Vaishali Nagar,486.1,44.5,0.625,False
2026-09-08 04:51:20.152326,Vaishali Nagar,478.1,40.7,0.615,False
2026-09-08 05:51:20.152326,Vaishali Nagar,462.9,48.8,0.595,False
2026-09-08 06:51:20.152326,Vaishali Nagar,454.3,43.6,0.584,False
2026-09-08 07:51:20.152326,Vaishali Nagar,816.6,30.3,1.0,False
2026-09-08 08:51:20.152326,Vaishali Nagar,816.8,25.8,1.0,False
2026-09-08 09:51:20.152326,Vaishali Nagar,768.6,26.9,0.988,False
2026-09-08 10:51:20.152326,Vaishali Nagar,491.1,46.8,0.632,False
2026-09-08 11:51:20.152326,Vaishali Nagar,494.7,49.2,0.636,False
2026-09-08 12:51:20.152326,Vaishali Nagar,491.8,41.9,0.633,False
2026-09-08 13:51:20.152326,Vaishali Nagar,475.5,41.3,0.612,False
2026-09-08 14:51:20.152326,Vaishali Nagar,463.1,44.8,0.596,False
2026-09-08 15:51:20.152326,Vaishali Nagar,550.5,46.7,0.708,False
2026-09-08 16:51:20.152326,Vaishali Nagar,499.7,39.1,0.643,False
2026-09-08 17:51:20.152326,Vaishali Nagar,657.7,38.6,0.846,False
2026-09-08 18:51:20.152326,Vaishali Nagar,744.7,38.8,0.958,False
2026-09-08 19:51:20.152326,Vaishali Nagar,741.4,37.6,0.953,False
2026-09-08 20:51:20.152326,Vaishali Nagar,392.2,46.3,0.504,False
2026-09-08 21:51:20.152326,Vaishali Nagar,512.8,40.6,0.659,False
2026-09-08 22:51:20.152326,Vaishali Nagar,538.1,42.6,0.692,False
2026-09-08 23:51:20.152326,Vaishali Nagar,471.6,43.2,0.606,False
2026-09-09 00:51:20.152326,Vaishali Nagar,462.6,42.0,0.595,False
2026-09-09 01:51:20.152326,Vaishali Nagar,473.6,46.6,0.609,False
2026-09-09 02:51:20.152326,Vaishali Nagar,433.0,46.4,0.557,False
2026-09-09 03:51:20.152326,Vaishali Nagar,486.7,40.7,0.626,False
2026-09-09 04:51:20.152326,Vaishali Nagar,421.0,45.8,0.541,False
2026-09-09 05:51:20.152326,Vaishali Nagar,528.8,42.2,0.68,False
2026-09-09 06:51:20.152326,Vaishali Nagar,441.7,50.3,0.568,False
2026-09-09 07:51:20.152326,Vaishali Nagar,749.7,33.5,0.964,False
2026-09-09 08:51:20.152326,Vaishali Nagar,880.2,30.3,1.0,False
2026-09-09 09:51:20.152326,Vaishali Nagar,818.9,30.4,1.0,False
2026-09-09 10:51:20.152326,Vaishali Nagar,518.9,38.7,0.667,False
2026-09-09 11:51:20.152326,Vaishali Nagar,480.9,39.8,0.618,False
2026-09-09 12:51:20.152326,Vaishali Nagar,544.1,49.3,0.7,False
2026-09-09 13:51:20.152326,Vaishali Nagar,457.7,38.1,0.589,False
2026-09-09 14:51:20.152326,Vaishali Nagar,486.4,41.8,0.625,False
2026-09-09 15:51:20.152326,Vaishali Nagar,558.6,37.2,0.718,False
2026-09-09 16:51:20.152326,Vaishali Nagar,496.8,40.5,0.639,False
2026-09-09 17:51:20.152326,Vaishali Nagar,768.5,32.8,0.988,False
2026-09-09 18:51:20.152326,Vaishali Nagar,864.7,22.9,1.0,False
2026-09-09 19:51:20.152326,Vaishali Nagar,672.2,34.1,0.864,False
2026-09-09 20:51:20.152326,Vaishali Nagar,489.5,43.5,0.63,False
2026-09-09 21:51:20.152326,Vaishali Nagar,456.2,43.8,0.587,False
2026-09-09 22:51:20.152326,Vaishali Nagar,413.1,46.2,0.531,False
2026-09-09 23:51:20.152326,Vaishali Nagar,486.7,44.6,0.626,False
2026-09-10 00:51:20.152326,Vaishali Nagar,358.4,51.9,0.461,False
2026-09-10 01:51:20.152326,Vaishali Nagar,528.7,44.2,0.68,False
2026-09-10 02:51:20.152326,Vaishali Nagar,447.5,47.4,0.576,False
2026-09-10 03:51:20.152326,Vaishali Nagar,501.3,38.0,0.645,False
2026-09-10 04:51:20.152326,Vaishali Nagar,443.2,41.4,0.57,False
2026-09-10 05:51:20.152326,Vaishali Nagar,507.5,46.0,0.653,False
2026-09-10 06:51:20.152326,Vaishali Nagar,417.7,42.1,0.537,False
2026-09-10 07:51:20.152326,Vaishali Nagar,782.7,26.2,1.0,False
2026-09-10 08:51:20.152326,Vaishali Nagar,681.2,37.5,0.876,False
2026-09-10 09:51:20.152326,Vaishali Nagar,842.5,26.5,1.0,False
2026-09-10 10:51:20.152326,Vaishali Nagar,474.5,39.7,0.61,False
2026-09-10 11:51:20.152326,Vaishali Nagar,443.4,43.1,0.57,False
2026-09-10 12:51:20.152326,Vaishali Nagar,472.1,43.7,0.607,False
2026-09-10 13:51:20.152326,Vaishali Nagar,470.0,44.3,0.604,False
2026-09-10 14:51:20.152326,Vaishali Nagar,558.0,39.7,0.718,False
2026-09-10 15:51:20.152326,Vaishali Nagar,508.1,43.5,0.653,False
2026-09-10 16:51:20.152326,Vaishali Nagar,505.8,41.7,0.65,False
2026-09-10 17:51:20.152326,Vaishali Nagar,816.9,25.6,1.0,False
2026-09-10 18:51:20.152326,Vaishali Nagar,611.0,38.2,0.786,False
2026-09-10 19:51:20.152326,Vaishali Nagar,822.5,29.3,1.0,False
2026-09-10 20:51:20.152326,Vaishali Nagar,536.8,37.9,0.69,False
2026-09-10 21:51:20.152326,Vaishali Nagar,501.6,35.9,0.645,False
2026-09-10 22:51:20.152326,Vaishali Nagar,496.3,39.9,0.638,False
2026-09-10 23:51:20.152326,Vaishali Nagar,473.1,43.5,0.608,False
2026-09-11 00:51:20.152326,Vaishali Nagar,523.1,44.7,0.673,False
2026-09-11 01:51:20.152326,Vaishali Nagar,464.8,45.6,0.598,False
2026-09-11 02:51:20.152326,Vaishali Nagar,483.1,43.3,0.621,False
2026-09-11 03:51:20.152326,Vaishali Nagar,440.5,43.4,0.567,False
2026-09-11 04:51:20.152326,Vaishali Nagar,567.5,38.3,0.73,False
2026-09-11 05:51:20.152326,Vaishali Nagar,522.3,42.3,0.672,False
2026-09-11 06:51:20.152326,Vaishali Nagar,438.0,44.4,0.563,False
2026-09-11 07:51:20.152326,Vaishali Nagar,676.0,31.6,0.869,False
2026-09-11 08:51:20.152326,Vaishali Nagar,785.5,25.9,1.0,False
2026-09-11 09:51:20.152326,Vaishali Nagar,828.2,24.5,1.0,False
2026-09-11 10:51:20.152326,Vaishali Nagar,506.6,45.4,0.651,False
2026-09-11 11:51:20.152326,Vaishali Nagar,481.7,43.8,0.619,False
2026-09-11 12:51:20.152326,Vaishali Nagar,462.7,45.7,0.595,False
2026-09-11 13:51:20.152326,Vaishali Nagar,526.3,39.5,0.677,False
2026-09-11 14:51:20.152326,Vaishali Nagar,510.4,44.4,0.656,False
2026-09-11 15:51:20.152326,Vaishali Nagar,469.6,43.1,0.604,False
2026-09-11 16:51:20.152326,Vaishali Nagar,434.4,48.9,0.559,False
2026-09-11 17:51:20.152326,Vaishali Nagar,603.6,41.4,0.776,False
2026-09-11 18:51:20.152326,Vaishali Nagar,787.4,29.1,1.0,False
2026-09-11 19:51:20.152326,Vaishali Nagar,794.9,30.3,1.0,False
2026-09-11 20:51:20.152326,Vaishali Nagar,491.9,44.2,0.633,False
2026-09-11 21:51:20.152326,Vaishali Nagar,514.6,38.8,0.662,False
2026-09-11 22:51:20.152326,Vaishali Nagar,493.2,49.3,0.634,False
2026-09-11 23:51:20.152326,Vaishali Nagar,520.0,40.9,0.669,False
2026-09-12 00:51:20.152326,Vaishali Nagar,344.7,47.2,0.443,False
2026-09-12 01:51:20.152326,Vaishali Nagar,373.7,52.2,0.481,False
2026-09-12 02:51:20.152326,Vaishali Nagar,362.4,48.3,0.466,False
2026-09-12 03:51:20.152326,Vaishali Nagar,312.1,54.7,0.401,False
2026-09-12 04:51:20.152326,Vaishali Nagar,354.1,55.6,0.455,False
2026-09-12 05:51:20.152326,Vaishali Nagar,318.3,51.6,0.409,False
2026-09-12 06:51:20.152326,Vaishali Nagar,339.3,48.5,0.436,False
2026-09-12 07:51:20.152326,Vaishali Nagar,540.2,39.4,0.695,False
2026-09-12 08:51:20.152326,Vaishali Nagar,650.0,32.7,0.836,False
2026-09-12 09:51:20.152326,Vaishali Nagar,473.6,40.9,0.609,False
2026-09-12 10:51:20.152326,Vaishali Nagar,343.1,48.9,0.441,False
2026-09-12 11:51:20.152326,Vaishali Nagar,359.5,46.4,0.462,False
2026-09-12 12:51:20.152326,Vaishali Nagar,308.9,52.0,0.397,False
2026-09-12 13:51:20.152326,Vaishali Nagar,347.4,45.1,0.447,False
2026-09-12 14:51:20.152326,Vaishali Nagar,312.4,54.3,0.402,False
2026-09-12 15:51:20.152326,Vaishali Nagar,317.6,50.8,0.408,False
2026-09-12 16:51:20.152326,Vaishali Nagar,297.7,51.5,0.383,False
2026-09-12 17:51:20.152326,Vaishali Nagar,514.5,37.2,0.662,False
2026-09-12 18:51:20.152326,Vaishali Nagar,619.0,37.1,0.796,False
2026-09-12 19:51:20.152326,Vaishali Nagar,503.3,41.8,0.647,False
2026-09-12 20:51:20.152326,Vaishali Nagar,294.0,49.1,0.378,False
2026-09-12 21:51:20.152326,Vaishali Nagar,316.4,45.2,0.407,False
2026-09-12 22:51:20.152326,Vaishali Nagar,318.2,50.9,0.409,False
2026-09-12 23:51:20.152326,Vaishali Nagar,311.7,47.9,0.401,False
2026-09-13 00:51:20.152326,Vaishali Nagar,327.5,50.4,0.421,False
2026-09-13 01:51:20.152326,Vaishali Nagar,322.9,48.6,0.415,False
2026-09-13 02:51:20.152326,Vaishali Nagar,323.5,51.8,0.416,False
2026-09-13 03:51:20.152326,Vaishali Nagar,346.7,45.9,0.446,False
2026-09-13 04:51:20.152326,Vaishali Nagar,362.8,47.6,0.467,False
2026-09-13 05:51:20.152326,Vaishali Nagar,323.9,51.5,0.417,False
2026-09-13 06:51:20.152326,Vaishali Nagar,324.7,51.7,0.418,False
2026-09-13 07:51:20.152326,Vaishali Nagar,553.9,39.4,0.712,False
2026-09-13 08:51:20.152326,Vaishali Nagar,605.4,42.3,0.778,False
2026-09-13 09:51:20.152326,Vaishali Nagar,473.5,38.8,0.609,False
2026-09-13 10:51:20.152326,Vaishali Nagar,342.3,50.1,0.44,False
2026-09-13 11:51:20.152326,Vaishali Nagar,313.3,49.9,0.403,False
2026-09-13 12:51:20.152326,Vaishali Nagar,372.3,48.6,0.479,False
2026-09-13 13:51:20.152326,Vaishali Nagar,311.7,47.9,0.401,False
2026-09-13 14:51:20.152326,Vaishali Nagar,281.8,52.7,0.362,False
2026-09-13 15:51:20.152326,Vaishali Nagar,341.3,52.9,0.439,False
2026-09-13 16:51:20.152326,Vaishali Nagar,320.3,45.1,0.412,False
2026-09-13 17:51:20.152326,Vaishali Nagar,661.9,35.4,0.851,False
2026-09-13 18:51:20.152326,Vaishali Nagar,535.3,42.0,0.688,False
2026-09-13 19:51:20.152326,Vaishali Nagar,501.4,38.3,0.645,False
2026-09-13 20:51:20.152326,Vaishali Nagar,343.9,46.7,0.442,False
2026-09-13 21:51:20.152326,Vaishali Nagar,302.7,49.7,0.389,False
2026-09-13 22:51:20.152326,Vaishali Nagar,345.5,49.8,0.444,False
2026-09-13 23:51:20.152326,Vaishali Nagar,362.0,42.4,0.466,False
2026-09-14 00:51:20.152326,Vaishali Nagar,513.7,42.1,0.661,False
2026-09-14 01:51:20.152326,Vaishali Nagar,503.1,44.3,0.647,False
2026-09-14 02:51:20.152326,Vaishali Nagar,499.8,42.8,0.643,False
2026-09-14 03:51:20.152326,Vaishali Nagar,586.0,38.7,0.754,False
2026-09-14 04:51:20.152326,Vaishali Nagar,526.1,43.2,0.677,False
2026-09-14 05:51:20.152326,Vaishali Nagar,450.1,46.8,0.579,False
2026-09-14 06:51:20.152326,Vaishali Nagar,585.1,35.8,0.752,False
2026-09-14 07:51:20.152326,Vaishali Nagar,777.1,32.6,0.999,False
2026-09-14 08:51:20.152326,Vaishali Nagar,782.1,25.9,1.0,False
2026-09-14 09:51:20.152326,Vaishali Nagar,813.3,22.4,1.0,False
2026-09-14 10:51:20.152326,Vaishali Nagar,493.9,40.9,0.635,False
2026-09-14 11:51:20.152326,Vaishali Nagar,495.1,42.8,0.637,False
2026-09-14 12:51:20.152326,Vaishali Nagar,504.8,42.9,0.649,False
2026-09-14 13:51:20.152326,Vaishali Nagar,547.4,40.1,0.704,False
2026-09-14 14:51:20.152326,Vaishali Nagar,447.8,45.1,0.576,False
2026-09-14 15:51:20.152326,Vaishali Nagar,532.6,35.7,0.685,False
2026-09-14 16:51:20.152326,Vaishali Nagar,524.9,36.7,0.675,False
2026-09-14 17:51:20.152326,Vaishali Nagar,699.8,34.4,0.9,False
2026-09-14 18:51:20.152326,Vaishali Nagar,827.1,26.6,1.0,False
2026-09-14 19:51:20.152326,Vaishali Nagar,745.8,36.4,0.959,False
2026-09-14 20:51:20.152326,Vaishali Nagar,446.3,43.2,0.574,False
2026-09-14 21:51:20.152326,Vaishali Nagar,529.3,44.8,0.681,False
2026-09-14 22:51:20.152326,Vaishali Nagar,473.4,44.7,0.609,False
2026-09-14 23:51:20.152326,Vaishali Nagar,471.2,44.7,0.606,False
2026-09-15 00:51:20.152326,Vaishali Nagar,444.3,42.8,0.571,False
2026-09-15 01:51:20.152326,Vaishali Nagar,414.9,49.4,0.534,False
2026-09-15 02:51:20.152326,Vaishali Nagar,507.6,43.0,0.653,False
2026-09-15 03:51:20.152326,Vaishali Nagar,438.0,47.0,0.563,False
2026-09-15 04:51:20.152326,Vaishali Nagar,541.7,45.3,0.697,False
2026-09-15 05:51:20.152326,Vaishali Nagar,507.2,40.0,0.652,False
2026-09-15 06:51:20.152326,Vaishali Nagar,499.8,39.3,0.643,False
2026-09-15 07:51:20.152326,Vaishali Nagar,910.4,22.8,1.0,False
2026-09-15 08:51:20.152326,Vaishali Nagar,738.0,31.2,0.949,False
2026-09-15 09:51:20.152326,Vaishali Nagar,824.5,31.5,1.0,False
2026-09-15 10:51:20.152326,Vaishali Nagar,540.0,40.9,0.694,False
2026-09-15 11:51:20.152326,Vaishali Nagar,494.2,41.4,0.636,False
2026-09-15 12:51:20.152326,Vaishali Nagar,485.6,39.6,0.625,False
2026-09-15 13:51:20.152326,Vaishali Nagar,578.9,42.2,0.744,False
2026-09-15 14:51:20.152326,Vaishali Nagar,500.7,45.4,0.644,False
2026-09-15 15:51:20.152326,Vaishali Nagar,460.9,47.6,0.593,False
2026-09-15 16:51:20.152326,Vaishali Nagar,479.8,46.1,0.617,False
2026-09-15 17:51:20.152326,Vaishali Nagar,842.8,24.1,1.0,False
2026-09-15 18:51:20.152326,Vaishali Nagar,767.3,35.8,0.987,False
2026-09-15 19:51:20.152326,Vaishali Nagar,715.1,33.0,0.92,False
2026-09-15 20:51:20.152326,Vaishali Nagar,403.7,47.8,0.519,False
2026-09-15 21:51:20.152326,Vaishali Nagar,476.4,48.1,0.613,False
2026-09-15 22:51:20.152326,Vaishali Nagar,465.7,40.0,0.599,False
2026-09-15 23:51:20.152326,Vaishali Nagar,470.1,38.9,0.605,False
2026-09-16 00:51:20.152326,Vaishali Nagar,545.2,42.9,0.701,False
2026-09-16 01:51:20.152326,Vaishali Nagar,455.7,44.8,0.586,False
2026-09-16 02:51:20.152326,Vaishali Nagar,448.0,44.0,0.576,False
2026-09-16 03:51:20.152326,Vaishali Nagar,463.3,39.1,0.596,False
2026-09-16 04:51:20.152326,Vaishali Nagar,463.2,38.5,0.596,False
2026-09-16 05:51:20.152326,Vaishali Nagar,505.2,49.5,0.65,False
2026-09-16 06:51:20.152326,Vaishali Nagar,491.1,48.5,0.632,False
2026-09-16 07:51:20.152326,Vaishali Nagar,748.2,27.2,0.962,False
2026-09-16 08:51:20.152326,Vaishali Nagar,792.8,31.4,1.0,False
2026-09-16 09:51:20.152326,Vaishali Nagar,852.7,29.3,1.0,False
2026-09-16 10:51:20.152326,Vaishali Nagar,453.6,49.3,0.583,False
2026-09-16 11:51:20.152326,Vaishali Nagar,614.8,37.0,0.791,False
2026-09-16 12:51:20.152326,Vaishali Nagar,476.4,46.1,0.613,False
2026-09-16 13:51:20.152326,Vaishali Nagar,478.0,40.6,0.615,False
2026-09-16 14:51:20.152326,Vaishali Nagar,502.4,43.1,0.646,False
2026-09-16 15:51:20.152326,Vaishali Nagar,498.7,39.6,0.641,False
2026-09-16 16:51:20.152326,Vaishali Nagar,536.1,45.1,0.689,False
2026-09-16 17:51:20.152326,Vaishali Nagar,797.1,30.5,1.0,False
2026-09-16 18:51:20.152326,Vaishali Nagar,670.4,34.0,0.862,False
2026-09-16 19:51:20.152326,Vaishali Nagar,739.5,31.8,0.951,False
2026-09-16 20:51:20.152326,Vaishali Nagar,488.7,42.6,0.629,False
2026-09-16 21:51:20.152326,Vaishali Nagar,508.6,41.5,0.654,False
2026-09-16 22:51:20.152326,Vaishali Nagar,482.5,48.5,0.62,False
2026-09-16 23:51:20.152326,Vaishali Nagar,483.5,43.3,0.622,False
2026-09-17 00:51:20.152326,Vaishali Nagar,555.2,38.8,0.714,False
2026-09-17 01:51:20.152326,Vaishali Nagar,428.5,45.3,0.551,False
2026-09-17 02:51:20.152326,Vaishali Nagar,490.1,45.0,0.63,False
2026-09-17 03:51:20.152326,Vaishali Nagar,461.3,48.5,0.593,False
2026-09-17 04:51:20.152326,Vaishali Nagar,482.4,40.8,0.62,False
2026-09-17 05:51:20.152326,Vaishali Nagar,490.2,41.0,0.63,False
2026-09-17 06:51:20.152326,Vaishali Nagar,530.6,41.9,0.682,False
2026-09-17 07:51:20.152326,Vaishali Nagar,786.4,29.4,1.0,False
2026-09-17 08:51:20.152326,Vaishali Nagar,857.2,28.1,1.0,False
2026-09-17 09:51:20.152326,Vaishali Nagar,867.0,19.9,1.0,False
2026-09-17 10:51:20.152326,Vaishali Nagar,399.2,48.4,0.513,False
2026-09-17 11:51:20.152326,Vaishali Nagar,427.3,46.8,0.549,False
2026-09-17 12:51:20.152326,Vaishali Nagar,482.3,43.4,0.62,False
2026-09-17 13:51:20.152326,Vaishali Nagar,531.9,40.9,0.684,False
2026-09-17 14:51:20.152326,Vaishali Nagar,454.2,45.0,0.584,False
2026-09-17 15:51:20.152326,Vaishali Nagar,541.7,47.5,0.697,False
2026-09-17 16:51:20.152326,Vaishali Nagar,530.1,36.3,0.682,False
2026-09-17 17:51:20.152326,Vaishali Nagar,745.4,32.5,0.959,False
2026-09-17 18:51:20.152326,Vaishali Nagar,747.0,30.6,0.961,False
2026-09-17 19:51:20.152326,Vaishali Nagar,728.3,32.2,0.937,False
2026-09-17 20:51:20.152326,Vaishali Nagar,512.5,41.9,0.659,False
2026-09-17 21:51:20.152326,Vaishali Nagar,464.9,42.9,0.598,False
2026-09-17 22:51:20.152326,Vaishali Nagar,471.3,46.2,0.606,False
2026-09-17 23:51:20.152326,Vaishali Nagar,523.2,47.4,0.673,False
2026-09-18 00:51:20.152326,Vaishali Nagar,531.7,41.0,0.684,False
2026-09-18 01:51:20.152326,Vaishali Nagar,472.7,46.4,0.608,False
2026-09-18 02:51:20.152326,Vaishali Nagar,454.1,47.6,0.584,False
2026-09-18 03:51:20.152326,Vaishali Nagar,473.6,40.2,0.609,False
2026-09-18 04:51:20.152326,Vaishali Nagar,488.8,49.3,0.629,False
2026-09-18 05:51:20.152326,Vaishali Nagar,530.3,42.5,0.682,False
2026-09-18 06:51:20.152326,Vaishali Nagar,508.1,36.5,0.653,False
2026-09-18 07:51:20.152326,Vaishali Nagar,730.1,30.9,0.939,True
2026-09-18 08:51:20.152326,Vaishali Nagar,771.0,31.9,0.992,False
2026-09-18 09:51:20.152326,Vaishali Nagar,711.4,33.9,0.915,False
2026-09-18 10:51:20.152326,Vaishali Nagar,482.2,44.3,0.62,False
2026-09-18 11:51:20.152326,Vaishali Nagar,506.9,37.9,0.652,False
2026-09-18 12:51:20.152326,Vaishali Nagar,488.9,37.3,0.629,False
2026-09-18 13:51:20.152326,Vaishali Nagar,526.3,40.5,0.677,False
2026-09-18 14:51:20.152326,Vaishali Nagar,483.3,46.7,0.622,False
2026-09-18 15:51:20.152326,Vaishali Nagar,520.7,46.2,0.67,False
2026-09-18 16:51:20.152326,Vaishali Nagar,508.5,38.4,0.654,False
2026-09-18 17:51:20.152326,Vaishali Nagar,753.9,34.5,0.969,False
2026-09-18 18:51:20.152326,Vaishali Nagar,631.3,37.5,0.812,False
2026-09-18 19:51:20.152326,Vaishali Nagar,759.7,29.7,0.977,False
2026-09-18 20:51:20.152326,Vaishali Nagar,495.8,44.2,0.638,False
2026-09-18 21:51:20.152326,Vaishali Nagar,496.7,40.7,0.639,False
2026-09-18 22:51:20.152326,Vaishali Nagar,450.4,43.2,0.579,False
2026-09-18 23:51:20.152326,Vaishali Nagar,484.0,44.7,0.622,False
2026-09-19 00:51:20.152326,Vaishali Nagar,335.1,44.8,0.431,False
2026-09-19 01:51:20.152326,Vaishali Nagar,314.7,48.7,0.405,False
2026-09-19 02:51:20.152326,Vaishali Nagar,330.0,47.3,0.424,False
2026-09-19 03:51:20.152326,Vaishali Nagar,346.3,48.7,0.445,False
2026-09-19 04:51:20.152326,Vaishali Nagar,322.7,54.2,0.415,False
2026-09-19 05:51:20.152326,Vaishali Nagar,350.8,50.5,0.451,False
2026-09-19 06:51:20.152326,Vaishali Nagar,306.0,47.2,0.394,False
2026-09-19 07:51:20.152326,Vaishali Nagar,619.5,37.6,0.797,False
2026-09-19 08:51:20.152326,Vaishali Nagar,588.0,39.6,0.756,False
2026-09-19 09:51:20.152326,Vaishali Nagar,606.4,32.8,0.78,False
2026-09-19 10:51:20.152326,Vaishali Nagar,337.8,40.2,0.434,False
2026-09-19 11:51:20.152326,Vaishali Nagar,365.1,45.1,0.469,False
2026-09-19 12:51:20.152326,Vaishali Nagar,294.2,40.1,0.378,False
2026-09-19 13:51:20.152326,Vaishali Nagar,330.7,51.6,0.425,False
2026-09-19 14:51:20.152326,Vaishali Nagar,352.8,52.9,0.454,False
2026-09-19 15:51:20.152326,Vaishali Nagar,340.1,46.5,0.437,False
2026-09-19 16:51:20.152326,Vaishali Nagar,388.2,51.2,0.499,False
2026-09-19 17:51:20.152326,Vaishali Nagar,546.5,34.5,0.703,False
2026-09-19 18:51:20.152326,Vaishali Nagar,535.9,41.9,0.689,False
2026-09-19 19:51:20.152326,Vaishali Nagar,553.1,40.9,0.711,True
2026-09-19 20:51:20.152326,Vaishali Nagar,305.2,58.2,0.393,False
2026-09-19 21:51:20.152326,Vaishali Nagar,356.0,51.8,0.458,False
2026-09-19 22:51:20.152326,Vaishali Nagar,350.8,50.9,0.451,False
2026-09-19 23:51:20.152326,Vaishali Nagar,310.0,46.8,0.399,False
2026-09-20 00:51:20.152326,Vaishali Nagar,332.3,50.8,0.427,False
2026-09-20 01:51:20.152326,Vaishali Nagar,287.5,46.7,0.37,False
2026-09-20 02:51:20.152326,Vaishali Nagar,352.6,48.3,0.454,False
2026-09-20 03:51:20.152326,Vaishali Nagar,313.1,47.6,0.403,False
2026-09-20 04:51:20.152326,Vaishali Nagar,359.9,48.2,0.463,False
2026-09-20 05:51:20.152326,Vaishali Nagar,319.9,49.3,0.411,False
2026-09-20 06:51:20.152326,Vaishali Nagar,316.3,45.8,0.407,False
2026-09-20 07:51:20.152326,Vaishali Nagar,570.5,42.9,0.734,False
2026-09-20 08:51:20.152326,Vaishali Nagar,607.8,37.3,0.782,False
2026-09-20 09:51:20.152326,Vaishali Nagar,588.2,31.5,0.756,True
2026-09-20 10:51:20.152326,Vaishali Nagar,321.1,45.2,0.413,False
2026-09-20 11:51:20.152326,Vaishali Nagar,291.6,47.9,0.375,False
2026-09-20 12:51:20.152326,Vaishali Nagar,361.8,45.3,0.465,False
2026-09-20 13:51:20.152326,Vaishali Nagar,287.9,54.3,0.37,False
2026-09-20 14:51:20.152326,Vaishali Nagar,365.4,55.3,0.47,False
2026-09-20 15:51:20.152326,Vaishali Nagar,362.9,50.0,0.467,False
2026-09-20 16:51:20.152326,Vaishali Nagar,308.7,52.6,0.397,False
2026-09-20 17:51:20.152326,Vaishali Nagar,523.0,42.7,0.673,False
2026-09-20 18:51:20.152326,Vaishali Nagar,550.4,37.9,0.708,False
2026-09-20 19:51:20.152326,Vaishali Nagar,512.3,45.1,0.659,False
2026-09-20 20:51:20.152326,Vaishali Nagar,273.2,55.4,0.351,False
2026-09-20 21:51:20.152326,Vaishali Nagar,300.0,53.3,0.386,False
2026-09-20 22:51:20.152326,Vaishali Nagar,330.4,48.0,0.425,False
2026-09-20 23:51:20.152326,Vaishali Nagar,304.4,51.2,0.391,False
2026-09-21 00:51:20.152326,Vaishali Nagar,454.5,42.9,0.584,False
2026-09-21 01:51:20.152326,Vaishali Nagar,460.8,44.2,0.593,False
2026-09-21 02:51:20.152326,Vaishali Nagar,520.1,44.2,0.669,False
2026-09-21 03:51:20.152326,Vaishali Nagar,496.5,41.3,0.639,False
2026-09-21 04:51:20.152326,Vaishali Nagar,536.5,38.6,0.69,False
2026-09-21 05:51:20.152326,Vaishali Nagar,470.9,39.2,0.606,False
2026-09-21 06:51:20.152326,Vaishali Nagar,453.0,48.1,0.583,False
2026-09-21 07:51:20.152326,Vaishali Nagar,900.0,27.0,1.0,False
2026-09-21 08:51:20.152326,Vaishali Nagar,862.5,21.9,1.0,False
2026-09-21 09:51:20.152326,Vaishali Nagar,904.8,27.3,1.0,False
2026-09-21 10:51:20.152326,Vaishali Nagar,484.2,44.0,0.623,False
2026-09-21 11:51:20.152326,Vaishali Nagar,463.4,44.5,0.596,False
2026-09-21 12:51:20.152326,Vaishali Nagar,463.3,45.5,0.596,False
2026-09-21 13:51:20.152326,Vaishali Nagar,453.2,42.4,0.583,False
2026-09-21 14:51:20.152326,Vaishali Nagar,430.0,47.6,0.553,False
2026-09-21 15:51:20.152326,Vaishali Nagar,542.0,42.5,0.697,False
2026-09-21 16:51:20.152326,Vaishali Nagar,462.3,40.5,0.595,False
2026-09-21 17:51:20.152326,Vaishali Nagar,761.5,27.4,0.979,False
2026-09-21 18:51:20.152326,Vaishali Nagar,605.9,41.4,0.779,False
2026-09-21 19:51:20.152326,Vaishali Nagar,767.1,31.5,0.987,False
2026-09-21 20:51:20.152326,Vaishali Nagar,512.9,40.0,0.66,False
2026-09-21 21:51:20.152326,Vaishali Nagar,491.4,43.7,0.632,False
2026-09-21 22:51:20.152326,Vaishali Nagar,461.6,44.7,0.594,False
2026-09-21 23:51:20.152326,Vaishali Nagar,500.6,41.7,0.644,False
2026-09-22 00:51:20.152326,Vaishali Nagar,518.9,37.7,0.667,False
2026-09-22 01:51:20.152326,Vaishali Nagar,495.1,44.6,0.637,False
2026-09-22 02:51:20.152326,Vaishali Nagar,559.1,39.1,0.719,False
2026-09-22 03:51:20.152326,Vaishali Nagar,520.2,35.9,0.669,False
2026-09-22 04:51:20.152326,Vaishali Nagar,536.3,39.6,0.69,False
2026-09-22 05:51:20.152326,Vaishali Nagar,459.8,51.5,0.591,False
2026-09-22 06:51:20.152326,Vaishali Nagar,439.1,43.2,0.565,False
2026-09-22 07:51:20.152326,Vaishali Nagar,826.0,22.1,1.0,False
2026-09-22 08:51:20.152326,Vaishali Nagar,825.1,30.5,1.0,False
2026-09-22 09:51:20.152326,Vaishali Nagar,852.7,32.8,1.0,False
2026-09-22 10:51:20.152326,Vaishali Nagar,521.6,41.4,0.671,False
2026-09-22 11:51:20.152326,Vaishali Nagar,512.7,39.6,0.659,False
2026-09-22 12:51:20.152326,Vaishali Nagar,534.1,43.0,0.687,False
2026-09-22 13:51:20.152326,Vaishali Nagar,477.0,38.7,0.613,False
2026-09-22 14:51:20.152326,Vaishali Nagar,472.0,41.9,0.607,False
2026-09-22 15:51:20.152326,Vaishali Nagar,495.6,43.0,0.637,False
2026-09-22 16:51:20.152326,Vaishali Nagar,480.7,47.2,0.618,False
2026-09-22 17:51:20.152326,Vaishali Nagar,716.8,33.0,0.922,False
2026-09-22 18:51:20.152326,Vaishali Nagar,753.2,37.9,0.969,False
2026-09-22 19:51:20.152326,Vaishali Nagar,772.2,28.5,0.993,False
2026-09-22 20:51:20.152326,Vaishali Nagar,532.1,38.9,0.684,False
2026-09-22 21:51:20.152326,Vaishali Nagar,476.9,45.3,0.613,False
2026-09-22 22:51:20.152326,Vaishali Nagar,445.9,45.7,0.573,False
2026-09-22 23:51:20.152326,Vaishali Nagar,497.4,39.6,0.64,False
2026-09-23 00:51:20.152326,Vaishali Nagar,484.4,42.6,0.623,False
2026-09-23 01:51:20.152326,Vaishali Nagar,518.9,37.8,0.667,False
2026-09-23 02:51:20.152326,Vaishali Nagar,465.5,45.6,0.599,False
2026-09-23 03:51:20.152326,Vaishali Nagar,483.5,42.5,0.622,False
2026-09-23 04:51:20.152326,Vaishali Nagar,444.3,46.9,0.571,False
2026-09-23 05:51:20.152326,Vaishali Nagar,556.6,41.9,0.716,False
2026-09-23 06:51:20.152326,Vaishali Nagar,459.9,40.6,0.591,False
2026-09-23 07:51:20.152326,Vaishali Nagar,715.6,34.7,0.92,False
2026-09-23 08:51:20.152326,Vaishali Nagar,778.8,26.5,1.0,False
2026-09-23 09:51:20.152326,Vaishali Nagar,872.7,23.5,1.0,False
2026-09-23 10:51:20.152326,Vaishali Nagar,476.6,37.7,0.613,False
2026-09-23 11:51:20.152326,Vaishali Nagar,461.8,39.1,0.594,False
2026-09-23 12:51:20.152326,Vaishali Nagar,508.8,42.7,0.654,False
2026-09-23 13:51:20.152326,Vaishali Nagar,520.4,44.1,0.669,False
2026-09-23 14:51:20.152326,Vaishali Nagar,461.5,41.5,0.593,False
2026-09-23 15:51:20.152326,Vaishali Nagar,527.7,40.1,0.679,False
2026-09-23 16:51:20.152326,Vaishali Nagar,409.4,52.0,0.527,False
2026-09-23 17:51:20.152326,Vaishali Nagar,578.5,43.0,0.744,False
2026-09-23 18:51:20.152326,Vaishali Nagar,798.9,31.7,1.0,False
2026-09-23 19:51:20.152326,Vaishali Nagar,629.7,35.4,0.81,False
2026-09-23 20:51:20.152326,Vaishali Nagar,520.3,43.0,0.669,False
2026-09-23 21:51:20.152326,Vaishali Nagar,534.7,39.9,0.688,False
2026-09-23 22:51:20.152326,Vaishali Nagar,493.1,48.3,0.634,False
2026-09-23 23:51:20.152326,Vaishali Nagar,471.8,44.6,0.607,False
2026-09-24 00:51:20.152326,Vaishali Nagar,509.5,47.7,0.655,False
2026-09-24 01:51:20.152326,Vaishali Nagar,482.7,43.4,0.621,False
2026-09-24 02:51:20.152326,Vaishali Nagar,499.0,46.6,0.642,False
2026-09-24 03:51:20.152326,Vaishali Nagar,461.7,40.8,0.594,False
2026-09-24 04:51:20.152326,Vaishali Nagar,518.9,42.2,0.667,False
2026-09-24 05:51:20.152326,Vaishali Nagar,454.9,39.9,0.585,False
2026-09-24 06:51:20.152326,Vaishali Nagar,436.8,39.7,0.562,False
2026-09-24 07:51:20.152326,Vaishali Nagar,839.7,26.8,1.0,False
2026-09-24 08:51:20.152326,Vaishali Nagar,794.1,29.0,1.0,False
2026-09-24 09:51:20.152326,Vaishali Nagar,697.7,40.3,0.897,False
2026-09-24 10:51:20.152326,Vaishali Nagar,482.0,44.7,0.62,False
2026-09-24 11:51:20.152326,Vaishali Nagar,414.9,44.2,0.534,False
2026-09-24 12:51:20.152326,Vaishali Nagar,520.7,36.8,0.67,False
2026-09-24 13:51:20.152326,Vaishali Nagar,422.3,51.8,0.543,False
2026-09-24 14:51:20.152326,Vaishali Nagar,472.0,48.3,0.607,False
2026-09-24 15:51:20.152326,Vaishali Nagar,489.9,44.9,0.63,False
2026-09-24 16:51:20.152326,Vaishali Nagar,529.9,39.5,0.681,False
2026-09-24 17:51:20.152326,Vaishali Nagar,849.7,30.6,1.0,False
2026-09-24 18:51:20.152326,Vaishali Nagar,862.9,24.8,1.0,True
2026-09-24 19:51:20.152326,Vaishali Nagar,774.8,32.4,0.996,False
2026-09-24 20:51:20.152326,Vaishali Nagar,438.1,41.4,0.563,False
2026-09-24 21:51:20.152326,Vaishali Nagar,521.0,41.4,0.67,False
2026-06-26 22:51:20.152326,Sitapura Industrial,67.2,46.7,0.6,False
2026-06-26 23:51:20.152326,Sitapura Industrial,72.4,43.6,0.647,False
2026-06-27 00:51:20.152326,Sitapura Industrial,49.2,48.5,0.439,False
2026-06-27 01:51:20.152326,Sitapura Industrial,49.5,47.0,0.442,False
2026-06-27 02:51:20.152326,Sitapura Industrial,51.1,48.0,0.456,False
2026-06-27 03:51:20.152326,Sitapura Industrial,51.5,47.0,0.46,False
2026-06-27 04:51:20.152326,Sitapura Industrial,49.5,47.0,0.442,False
2026-06-27 05:51:20.152326,Sitapura Industrial,51.7,51.4,0.462,False
2026-06-27 06:51:20.152326,Sitapura Industrial,43.5,55.8,0.388,False
2026-06-27 07:51:20.152326,Sitapura Industrial,83.9,39.9,0.749,False
2026-06-27 08:51:20.152326,Sitapura Industrial,77.7,41.7,0.694,False
2026-06-27 09:51:20.152326,Sitapura Industrial,81.6,35.6,0.729,False
2026-06-27 10:51:20.152326,Sitapura Industrial,49.2,48.4,0.44,False
2026-06-27 11:51:20.152326,Sitapura Industrial,42.6,54.0,0.38,False
2026-06-27 12:51:20.152326,Sitapura Industrial,55.6,49.1,0.497,False
2026-06-27 13:51:20.152326,Sitapura Industrial,45.4,45.7,0.405,False
2026-06-27 14:51:20.152326,Sitapura Industrial,49.0,53.5,0.438,False
2026-06-27 15:51:20.152326,Sitapura Industrial,45.8,54.8,0.409,False
2026-06-27 16:51:20.152326,Sitapura Industrial,51.6,52.5,0.461,False
2026-06-27 17:51:20.152326,Sitapura Industrial,83.0,35.4,0.741,False
2026-06-27 18:51:20.152326,Sitapura Industrial,76.9,38.2,0.687,False
2026-06-27 19:51:20.152326,Sitapura Industrial,66.3,46.7,0.592,False
2026-06-27 20:51:20.152326,Sitapura Industrial,58.5,49.4,0.522,False
2026-06-27 21:51:20.152326,Sitapura Industrial,55.4,52.1,0.495,False
2026-06-27 22:51:20.152326,Sitapura Industrial,49.0,49.9,0.438,False
2026-06-27 23:51:20.152326,Sitapura Industrial,45.0,51.8,0.402,False
2026-06-28 00:51:20.152326,Sitapura Industrial,57.9,44.2,0.517,False
2026-06-28 01:51:20.152326,Sitapura Industrial,54.3,46.3,0.485,False
2026-06-28 02:51:20.152326,Sitapura Industrial,44.6,55.7,0.399,False
2026-06-28 03:51:20.152326,Sitapura Industrial,44.6,52.6,0.398,False
2026-06-28 04:51:20.152326,Sitapura Industrial,47.3,48.4,0.422,False
2026-06-28 05:51:20.152326,Sitapura Industrial,42.9,59.0,0.383,False
2026-06-28 06:51:20.152326,Sitapura Industrial,45.9,56.6,0.41,False
2026-06-28 07:51:20.152326,Sitapura Industrial,86.1,36.9,0.769,False
2026-06-28 08:51:20.152326,Sitapura Industrial,73.0,39.9,0.652,False
2026-06-28 09:51:20.152326,Sitapura Industrial,80.7,35.8,0.721,True
2026-06-28 10:51:20.152326,Sitapura Industrial,53.7,47.3,0.479,False
2026-06-28 11:51:20.152326,Sitapura Industrial,47.2,50.8,0.421,False
2026-06-28 12:51:20.152326,Sitapura Industrial,51.8,50.3,0.462,False
2026-06-28 13:51:20.152326,Sitapura Industrial,57.2,39.6,0.511,False
2026-06-28 14:51:20.152326,Sitapura Industrial,54.4,45.4,0.486,False
2026-06-28 15:51:20.152326,Sitapura Industrial,50.7,48.7,0.453,False
2026-06-28 16:51:20.152326,Sitapura Industrial,47.4,52.8,0.423,False
2026-06-28 17:51:20.152326,Sitapura Industrial,73.8,39.2,0.659,False
2026-06-28 18:51:20.152326,Sitapura Industrial,83.9,44.6,0.749,False
2026-06-28 19:51:20.152326,Sitapura Industrial,82.7,31.4,0.739,False
2026-06-28 20:51:20.152326,Sitapura Industrial,42.3,47.3,0.378,False
2026-06-28 21:51:20.152326,Sitapura Industrial,49.9,49.0,0.446,False
2026-06-28 22:51:20.152326,Sitapura Industrial,47.6,50.4,0.425,False
2026-06-28 23:51:20.152326,Sitapura Industrial,48.6,47.7,0.434,False
2026-06-29 00:51:20.152326,Sitapura Industrial,61.3,43.2,0.547,False
2026-06-29 01:51:20.152326,Sitapura Industrial,76.2,43.2,0.68,False
2026-06-29 02:51:20.152326,Sitapura Industrial,66.9,42.6,0.597,False
2026-06-29 03:51:20.152326,Sitapura Industrial,65.5,48.8,0.585,False
2026-06-29 04:51:20.152326,Sitapura Industrial,64.1,41.7,0.572,False
2026-06-29 05:51:20.152326,Sitapura Industrial,73.2,45.4,0.654,False
2026-06-29 06:51:20.152326,Sitapura Industrial,72.6,43.2,0.648,False
2026-06-29 07:51:20.152326,Sitapura Industrial,113.3,26.7,1.0,False
2026-06-29 08:51:20.152326,Sitapura Industrial,92.4,42.2,0.825,False
2026-06-29 09:51:20.152326,Sitapura Industrial,108.3,33.2,0.967,False
2026-06-29 10:51:20.152326,Sitapura Industrial,70.6,46.6,0.631,False
2026-06-29 11:51:20.152326,Sitapura Industrial,66.0,45.4,0.589,False
2026-06-29 12:51:20.152326,Sitapura Industrial,65.4,43.6,0.583,False
2026-06-29 13:51:20.152326,Sitapura Industrial,78.8,40.3,0.704,False
2026-06-29 14:51:20.152326,Sitapura Industrial,60.5,47.3,0.54,False
2026-06-29 15:51:20.152326,Sitapura Industrial,71.7,42.0,0.64,False
2026-06-29 16:51:20.152326,Sitapura Industrial,78.5,47.4,0.701,False
2026-06-29 17:51:20.152326,Sitapura Industrial,98.8,33.8,0.882,False
2026-06-29 18:51:20.152326,Sitapura Industrial,120.3,31.8,1.0,False
2026-06-29 19:51:20.152326,Sitapura Industrial,104.4,32.3,0.932,False
2026-06-29 20:51:20.152326,Sitapura Industrial,72.8,43.8,0.65,True
2026-06-29 21:51:20.152326,Sitapura Industrial,82.0,40.4,0.733,False
2026-06-29 22:51:20.152326,Sitapura Industrial,71.0,47.1,0.634,False
2026-06-29 23:51:20.152326,Sitapura Industrial,66.0,44.1,0.589,False
2026-06-30 00:51:20.152326,Sitapura Industrial,60.6,45.9,0.541,False
2026-06-30 01:51:20.152326,Sitapura Industrial,69.5,36.3,0.62,False
2026-06-30 02:51:20.152326,Sitapura Industrial,54.3,50.5,0.485,False
2026-06-30 03:51:20.152326,Sitapura Industrial,74.9,40.8,0.669,False
2026-06-30 04:51:20.152326,Sitapura Industrial,69.0,41.9,0.616,False
2026-06-30 05:51:20.152326,Sitapura Industrial,78.3,41.8,0.699,False
2026-06-30 06:51:20.152326,Sitapura Industrial,79.4,37.3,0.709,False
2026-06-30 07:51:20.152326,Sitapura Industrial,107.7,34.5,0.961,False
2026-06-30 08:51:20.152326,Sitapura Industrial,121.9,23.1,1.0,False
2026-06-30 09:51:20.152326,Sitapura Industrial,132.4,22.4,1.0,False
2026-06-30 10:51:20.152326,Sitapura Industrial,66.6,41.4,0.595,False
2026-06-30 11:51:20.152326,Sitapura Industrial,75.2,41.6,0.671,False
2026-06-30 12:51:20.152326,Sitapura Industrial,72.5,33.7,0.647,False
2026-06-30 13:51:20.152326,Sitapura Industrial,71.9,41.9,0.642,False
2026-06-30 14:51:20.152326,Sitapura Industrial,72.8,40.3,0.65,False
2026-06-30 15:51:20.152326,Sitapura Industrial,78.4,35.3,0.7,False
2026-06-30 16:51:20.152326,Sitapura Industrial,75.8,43.6,0.676,False
2026-06-30 17:51:20.152326,Sitapura Industrial,104.0,30.0,0.929,False
2026-06-30 18:51:20.152326,Sitapura Industrial,108.4,30.2,0.968,False
2026-06-30 19:51:20.152326,Sitapura Industrial,106.3,25.7,0.949,False
2026-06-30 20:51:20.152326,Sitapura Industrial,66.5,43.8,0.594,False
2026-06-30 21:51:20.152326,Sitapura Industrial,76.4,36.0,0.682,False
2026-06-30 22:51:20.152326,Sitapura Industrial,72.3,35.7,0.645,False
2026-06-30 23:51:20.152326,Sitapura Industrial,68.4,50.1,0.611,False
2026-07-01 00:51:20.152326,Sitapura Industrial,62.4,49.4,0.557,False
2026-07-01 01:51:20.152326,Sitapura Industrial,76.2,41.3,0.681,False
2026-07-01 02:51:20.152326,Sitapura Industrial,79.0,47.1,0.706,False
2026-07-01 03:51:20.152326,Sitapura Industrial,69.6,47.1,0.622,False
2026-07-01 04:51:20.152326,Sitapura Industrial,71.2,39.0,0.636,False
2026-07-01 05:51:20.152326,Sitapura Industrial,77.8,41.5,0.695,False
2026-07-01 06:51:20.152326,Sitapura Industrial,67.7,45.3,0.605,False
2026-07-01 07:51:20.152326,Sitapura Industrial,121.8,27.3,1.0,False
2026-07-01 08:51:20.152326,Sitapura Industrial,109.0,29.0,0.974,False
2026-07-01 09:51:20.152326,Sitapura Industrial,115.5,33.2,1.0,False
2026-07-01 10:51:20.152326,Sitapura Industrial,68.2,42.8,0.609,False
2026-07-01 11:51:20.152326,Sitapura Industrial,66.0,48.5,0.589,False
2026-07-01 12:51:20.152326,Sitapura Industrial,61.0,46.0,0.545,False
2026-07-01 13:51:20.152326,Sitapura Industrial,76.5,40.1,0.683,False
2026-07-01 14:51:20.152326,Sitapura Industrial,67.1,44.1,0.599,False
2026-07-01 15:51:20.152326,Sitapura Industrial,67.6,44.2,0.603,False
2026-07-01 16:51:20.152326,Sitapura Industrial,65.2,41.9,0.582,False
2026-07-01 17:51:20.152326,Sitapura Industrial,106.2,32.1,0.948,False
2026-07-01 18:51:20.152326,Sitapura Industrial,116.6,31.7,1.0,False
2026-07-01 19:51:20.152326,Sitapura Industrial,113.4,25.8,1.0,False
2026-07-01 20:51:20.152326,Sitapura Industrial,64.3,43.7,0.574,False
2026-07-01 21:51:20.152326,Sitapura Industrial,71.7,44.4,0.64,False
2026-07-01 22:51:20.152326,Sitapura Industrial,72.6,43.2,0.649,False
2026-07-01 23:51:20.152326,Sitapura Industrial,71.7,39.6,0.64,False
2026-07-02 00:51:20.152326,Sitapura Industrial,68.2,44.2,0.609,False
2026-07-02 01:51:20.152326,Sitapura Industrial,80.8,41.9,0.721,False
2026-07-02 02:51:20.152326,Sitapura Industrial,69.2,42.0,0.618,False
2026-07-02 03:51:20.152326,Sitapura Industrial,66.0,39.1,0.59,False
2026-07-02 04:51:20.152326,Sitapura Industrial,68.3,43.8,0.61,False
2026-07-02 05:51:20.152326,Sitapura Industrial,69.1,43.4,0.617,False
2026-07-02 06:51:20.152326,Sitapura Industrial,71.8,44.2,0.641,False
2026-07-02 07:51:20.152326,Sitapura Industrial,103.4,32.3,0.923,False
2026-07-02 08:51:20.152326,Sitapura Industrial,101.2,36.0,0.904,False
2026-07-02 09:51:20.152326,Sitapura Industrial,141.9,24.6,1.0,False
2026-07-02 10:51:20.152326,Sitapura Industrial,68.6,41.3,0.612,False
2026-07-02 11:51:20.152326,Sitapura Industrial,63.6,45.9,0.568,False
2026-07-02 12:51:20.152326,Sitapura Industrial,75.6,47.0,0.675,False
2026-07-02 13:51:20.152326,Sitapura Industrial,62.1,46.7,0.554,False
2026-07-02 14:51:20.152326,Sitapura Industrial,70.8,38.8,0.632,False
2026-07-02 15:51:20.152326,Sitapura Industrial,68.9,40.0,0.615,False
2026-07-02 16:51:20.152326,Sitapura Industrial,72.0,45.1,0.642,False
2026-07-02 17:51:20.152326,Sitapura Industrial,115.8,31.9,1.0,False
2026-07-02 18:51:20.152326,Sitapura Industrial,111.3,26.3,0.994,False
2026-07-02 19:51:20.152326,Sitapura Industrial,110.1,23.4,0.983,False
2026-07-02 20:51:20.152326,Sitapura Industrial,63.5,50.5,0.567,False
2026-07-02 21:51:20.152326,Sitapura Industrial,66.5,44.3,0.594,False
2026-07-02 22:51:20.152326,Sitapura Industrial,67.1,45.7,0.599,False
2026-07-02 23:51:20.152326,Sitapura Industrial,74.4,40.5,0.664,False
2026-07-03 00:51:20.152326,Sitapura Industrial,68.6,43.6,0.612,False
2026-07-03 01:51:20.152326,Sitapura Industrial,69.3,43.2,0.619,False
2026-07-03 02:51:20.152326,Sitapura Industrial,72.6,41.5,0.649,False
2026-07-03 03:51:20.152326,Sitapura Industrial,61.1,40.0,0.545,False
2026-07-03 04:51:20.152326,Sitapura Industrial,67.8,43.7,0.605,False
2026-07-03 05:51:20.152326,Sitapura Industrial,68.9,46.1,0.615,False
2026-07-03 06:51:20.152326,Sitapura Industrial,71.2,44.8,0.636,False
2026-07-03 07:51:20.152326,Sitapura Industrial,115.2,25.6,1.0,False
2026-07-03 08:51:20.152326,Sitapura Industrial,114.8,31.3,1.0,False
2026-07-03 09:51:20.152326,Sitapura Industrial,106.2,31.7,0.948,False
2026-07-03 10:51:20.152326,Sitapura Industrial,63.0,42.0,0.563,False
2026-07-03 11:51:20.152326,Sitapura Industrial,72.9,36.4,0.651,False
2026-07-03 12:51:20.152326,Sitapura Industrial,72.0,43.0,0.643,False
2026-07-03 13:51:20.152326,Sitapura Industrial,82.3,37.5,0.735,False
2026-07-03 14:51:20.152326,Sitapura Industrial,68.3,42.0,0.609,False
2026-07-03 15:51:20.152326,Sitapura Industrial,64.5,43.1,0.576,False
2026-07-03 16:51:20.152326,Sitapura Industrial,67.9,42.1,0.606,False
2026-07-03 17:51:20.152326,Sitapura Industrial,114.8,32.9,1.0,False
2026-07-03 18:51:20.152326,Sitapura Industrial,114.1,27.3,1.0,False
2026-07-03 19:51:20.152326,Sitapura Industrial,99.6,30.7,0.889,False
2026-07-03 20:51:20.152326,Sitapura Industrial,69.6,46.9,0.621,False
2026-07-03 21:51:20.152326,Sitapura Industrial,70.4,38.1,0.629,False
2026-07-03 22:51:20.152326,Sitapura Industrial,71.9,36.6,0.642,False
2026-07-03 23:51:20.152326,Sitapura Industrial,62.0,48.4,0.553,False
2026-07-04 00:51:20.152326,Sitapura Industrial,45.3,45.1,0.404,False
2026-07-04 01:51:20.152326,Sitapura Industrial,45.7,44.2,0.408,False
2026-07-04 02:51:20.152326,Sitapura Industrial,56.2,43.6,0.502,False
2026-07-04 03:51:20.152326,Sitapura Industrial,36.2,59.8,0.323,False
2026-07-04 04:51:20.152326,Sitapura Industrial,50.4,48.5,0.45,False
2026-07-04 05:51:20.152326,Sitapura Industrial,50.1,49.7,0.447,False
2026-07-04 06:51:20.152326,Sitapura Industrial,55.0,50.7,0.491,False
2026-07-04 07:51:20.152326,Sitapura Industrial,87.2,35.0,0.779,False
2026-07-04 08:51:20.152326,Sitapura Industrial,90.6,36.0,0.809,False
2026-07-04 09:51:20.152326,Sitapura Industrial,80.3,41.4,0.717,False
2026-07-04 10:51:20.152326,Sitapura Industrial,50.1,52.2,0.447,False
2026-07-04 11:51:20.152326,Sitapura Industrial,47.7,47.2,0.426,False
2026-07-04 12:51:20.152326,Sitapura Industrial,52.7,51.1,0.471,False
2026-07-04 13:51:20.152326,Sitapura Industrial,49.7,56.8,0.444,False
2026-07-04 14:51:20.152326,Sitapura Industrial,47.2,50.3,0.422,True
2026-07-04 15:51:20.152326,Sitapura Industrial,43.8,50.2,0.391,False
2026-07-04 16:51:20.152326,Sitapura Industrial,45.5,51.8,0.406,False
2026-07-04 17:51:20.152326,Sitapura Industrial,79.9,44.7,0.713,False
2026-07-04 18:51:20.152326,Sitapura Industrial,74.8,41.9,0.668,False
2026-07-04 19:51:20.152326,Sitapura Industrial,71.6,42.9,0.639,False
2026-07-04 20:51:20.152326,Sitapura Industrial,49.8,49.5,0.444,False
2026-07-04 21:51:20.152326,Sitapura Industrial,46.7,51.0,0.417,False
2026-07-04 22:51:20.152326,Sitapura Industrial,56.5,50.9,0.504,False
2026-07-04 23:51:20.152326,Sitapura Industrial,52.4,48.8,0.468,False
2026-07-05 00:51:20.152326,Sitapura Industrial,48.0,49.7,0.429,False
2026-07-05 01:51:20.152326,Sitapura Industrial,52.4,53.3,0.468,False
2026-07-05 02:51:20.152326,Sitapura Industrial,46.1,50.5,0.411,False
2026-07-05 03:51:20.152326,Sitapura Industrial,53.6,47.6,0.479,False
2026-07-05 04:51:20.152326,Sitapura Industrial,50.3,44.8,0.449,False
2026-07-05 05:51:20.152326,Sitapura Industrial,43.6,49.5,0.389,False
2026-07-05 06:51:20.152326,Sitapura Industrial,50.7,51.0,0.453,False
2026-07-05 07:51:20.152326,Sitapura Industrial,78.9,38.2,0.705,False
2026-07-05 08:51:20.152326,Sitapura Industrial,78.3,42.4,0.699,False
2026-07-05 09:51:20.152326,Sitapura Industrial,76.0,41.5,0.678,False
2026-07-05 10:51:20.152326,Sitapura Industrial,55.7,51.1,0.498,False
2026-07-05 11:51:20.152326,Sitapura Industrial,46.6,48.6,0.416,False
2026-07-05 12:51:20.152326,Sitapura Industrial,49.6,50.5,0.443,False
2026-07-05 13:51:20.152326,Sitapura Industrial,50.1,51.6,0.447,False
2026-07-05 14:51:20.152326,Sitapura Industrial,46.6,47.3,0.416,False
2026-07-05 15:51:20.152326,Sitapura Industrial,50.7,53.1,0.453,False
2026-07-05 16:51:20.152326,Sitapura Industrial,52.0,46.5,0.464,False
2026-07-05 17:51:20.152326,Sitapura Industrial,81.9,42.7,0.731,False
2026-07-05 18:51:20.152326,Sitapura Industrial,74.8,41.3,0.668,False
2026-07-05 19:51:20.152326,Sitapura Industrial,80.1,44.0,0.716,False
2026-07-05 20:51:20.152326,Sitapura Industrial,43.3,51.3,0.387,False
2026-07-05 21:51:20.152326,Sitapura Industrial,50.7,48.8,0.453,False
2026-07-05 22:51:20.152326,Sitapura Industrial,48.2,47.9,0.431,False
2026-07-05 23:51:20.152326,Sitapura Industrial,53.3,46.8,0.476,False
2026-07-06 00:51:20.152326,Sitapura Industrial,70.2,46.3,0.627,False
2026-07-06 01:51:20.152326,Sitapura Industrial,69.2,40.2,0.618,False
2026-07-06 02:51:20.152326,Sitapura Industrial,74.1,45.4,0.662,False
2026-07-06 03:51:20.152326,Sitapura Industrial,70.3,41.8,0.628,False
2026-07-06 04:51:20.152326,Sitapura Industrial,68.2,40.4,0.609,False
2026-07-06 05:51:20.152326,Sitapura Industrial,61.4,47.1,0.548,False
2026-07-06 06:51:20.152326,Sitapura Industrial,76.9,42.4,0.686,False
2026-07-06 07:51:20.152326,Sitapura Industrial,98.2,29.1,0.877,False
2026-07-06 08:51:20.152326,Sitapura Industrial,116.3,29.4,1.0,False
2026-07-06 09:51:20.152326,Sitapura Industrial,118.3,23.6,1.0,False
2026-07-06 10:51:20.152326,Sitapura Industrial,71.0,41.9,0.634,False
2026-07-06 11:51:20.152326,Sitapura Industrial,75.1,38.9,0.671,False
2026-07-06 12:51:20.152326,Sitapura Industrial,74.2,42.1,0.663,False
2026-07-06 13:51:20.152326,Sitapura Industrial,70.4,43.3,0.629,False
2026-07-06 14:51:20.152326,Sitapura Industrial,65.9,42.3,0.588,False
2026-07-06 15:51:20.152326,Sitapura Industrial,61.0,44.9,0.544,False
2026-07-06 16:51:20.152326,Sitapura Industrial,71.5,40.8,0.638,False
2026-07-06 17:51:20.152326,Sitapura Industrial,120.0,29.6,1.0,False
2026-07-06 18:51:20.152326,Sitapura Industrial,98.0,37.6,0.875,False
2026-07-06 19:51:20.152326,Sitapura Industrial,105.1,30.4,0.938,False
2026-07-06 20:51:20.152326,Sitapura Industrial,78.6,38.4,0.702,False
2026-07-06 21:51:20.152326,Sitapura Industrial,74.5,45.1,0.665,False
2026-07-06 22:51:20.152326,Sitapura Industrial,69.1,40.9,0.617,False
2026-07-06 23:51:20.152326,Sitapura Industrial,73.6,39.5,0.657,False
2026-07-07 00:51:20.152326,Sitapura Industrial,69.1,43.1,0.617,False
2026-07-07 01:51:20.152326,Sitapura Industrial,74.1,40.9,0.661,False
2026-07-07 02:51:20.152326,Sitapura Industrial,73.1,42.7,0.653,False
2026-07-07 03:51:20.152326,Sitapura Industrial,67.2,41.6,0.6,False
2026-07-07 04:51:20.152326,Sitapura Industrial,69.1,39.5,0.617,False
2026-07-07 05:51:20.152326,Sitapura Industrial,69.2,47.3,0.617,False
2026-07-07 06:51:20.152326,Sitapura Industrial,69.0,41.8,0.616,False
2026-07-07 07:51:20.152326,Sitapura Industrial,114.2,23.7,1.0,False
2026-07-07 08:51:20.152326,Sitapura Industrial,113.0,30.0,1.0,False
2026-07-07 09:51:20.152326,Sitapura Industrial,124.3,17.8,1.0,False
2026-07-07 10:51:20.152326,Sitapura Industrial,64.4,41.0,0.575,False
2026-07-07 11:51:20.152326,Sitapura Industrial,79.0,45.3,0.705,False
2026-07-07 12:51:20.152326,Sitapura Industrial,78.3,44.2,0.699,False
2026-07-07 13:51:20.152326,Sitapura Industrial,63.2,49.8,0.564,False
2026-07-07 14:51:20.152326,Sitapura Industrial,77.7,43.6,0.694,False
2026-07-07 15:51:20.152326,Sitapura Industrial,68.9,44.6,0.615,False
2026-07-07 16:51:20.152326,Sitapura Industrial,65.4,42.0,0.584,False
2026-07-07 17:51:20.152326,Sitapura Industrial,111.5,32.3,0.996,False
2026-07-07 18:51:20.152326,Sitapura Industrial,97.7,30.2,0.872,False
2026-07-07 19:51:20.152326,Sitapura Industrial,112.4,31.5,1.0,False
2026-07-07 20:51:20.152326,Sitapura Industrial,67.4,43.6,0.602,False
2026-07-07 21:51:20.152326,Sitapura Industrial,72.3,41.6,0.646,False
2026-07-07 22:51:20.152326,Sitapura Industrial,76.0,42.7,0.679,False
2026-07-07 23:51:20.152326,Sitapura Industrial,63.9,39.7,0.571,False
2026-07-08 00:51:20.152326,Sitapura Industrial,71.3,41.8,0.636,False
2026-07-08 01:51:20.152326,Sitapura Industrial,77.2,46.6,0.69,False
2026-07-08 02:51:20.152326,Sitapura Industrial,65.4,45.1,0.584,False
2026-07-08 03:51:20.152326,Sitapura Industrial,75.9,38.4,0.678,False
2026-07-08 04:51:20.152326,Sitapura Industrial,66.6,50.8,0.594,False
2026-07-08 05:51:20.152326,Sitapura Industrial,66.9,41.9,0.597,False
2026-07-08 06:51:20.152326,Sitapura Industrial,70.3,43.6,0.628,False
2026-07-08 07:51:20.152326,Sitapura Industrial,112.9,31.2,1.0,False
2026-07-08 08:51:20.152326,Sitapura Industrial,110.0,29.7,0.982,False
2026-07-08 09:51:20.152326,Sitapura Industrial,86.7,34.6,0.774,False
2026-07-08 10:51:20.152326,Sitapura Industrial,63.8,45.0,0.57,False
2026-07-08 11:51:20.152326,Sitapura Industrial,69.6,41.5,0.622,False
2026-07-08 12:51:20.152326,Sitapura Industrial,62.4,45.6,0.557,False
2026-07-08 13:51:20.152326,Sitapura Industrial,66.0,52.2,0.589,False
2026-07-08 14:51:20.152326,Sitapura Industrial,65.2,44.6,0.582,False
2026-07-08 15:51:20.152326,Sitapura Industrial,80.2,38.8,0.716,False
2026-07-08 16:51:20.152326,Sitapura Industrial,70.1,39.0,0.626,False
2026-07-08 17:51:20.152326,Sitapura Industrial,108.0,32.7,0.964,False
2026-07-08 18:51:20.152326,Sitapura Industrial,91.7,37.5,0.819,False
2026-07-08 19:51:20.152326,Sitapura Industrial,101.7,27.4,0.908,False
2026-07-08 20:51:20.152326,Sitapura Industrial,69.5,45.6,0.62,False
2026-07-08 21:51:20.152326,Sitapura Industrial,64.7,42.6,0.577,False
2026-07-08 22:51:20.152326,Sitapura Industrial,59.7,46.9,0.533,False
2026-07-08 23:51:20.152326,Sitapura Industrial,65.5,39.8,0.585,False
2026-07-09 00:51:20.152326,Sitapura Industrial,69.4,39.7,0.62,False
2026-07-09 01:51:20.152326,Sitapura Industrial,69.4,48.9,0.62,False
2026-07-09 02:51:20.152326,Sitapura Industrial,68.5,41.2,0.612,False
2026-07-09 03:51:20.152326,Sitapura Industrial,66.0,41.4,0.589,False
2026-07-09 04:51:20.152326,Sitapura Industrial,63.5,44.1,0.567,False
2026-07-09 05:51:20.152326,Sitapura Industrial,73.9,42.4,0.66,False
2026-07-09 06:51:20.152326,Sitapura Industrial,63.9,46.8,0.571,False
2026-07-09 07:51:20.152326,Sitapura Industrial,92.8,35.6,0.829,False
2026-07-09 08:51:20.152326,Sitapura Industrial,117.1,29.1,1.0,False
2026-07-09 09:51:20.152326,Sitapura Industrial,124.5,26.2,1.0,False
2026-07-09 10:51:20.152326,Sitapura Industrial,67.5,37.8,0.603,False
2026-07-09 11:51:20.152326,Sitapura Industrial,74.2,43.6,0.662,False
2026-07-09 12:51:20.152326,Sitapura Industrial,69.1,41.3,0.617,False
2026-07-09 13:51:20.152326,Sitapura Industrial,66.3,40.6,0.592,False
2026-07-09 14:51:20.152326,Sitapura Industrial,61.2,42.0,0.547,False
2026-07-09 15:51:20.152326,Sitapura Industrial,72.6,40.3,0.648,False
2026-07-09 16:51:20.152326,Sitapura Industrial,69.9,48.4,0.624,False
2026-07-09 17:51:20.152326,Sitapura Industrial,103.4,31.4,0.923,False
2026-07-09 18:51:20.152326,Sitapura Industrial,108.8,28.6,0.972,False
2026-07-09 19:51:20.152326,Sitapura Industrial,95.0,30.2,0.848,False
2026-07-09 20:51:20.152326,Sitapura Industrial,72.6,38.3,0.648,False
2026-07-09 21:51:20.152326,Sitapura Industrial,64.2,40.5,0.573,False
2026-07-09 22:51:20.152326,Sitapura Industrial,68.3,42.8,0.61,False
2026-07-09 23:51:20.152326,Sitapura Industrial,75.1,42.7,0.67,False
2026-07-10 00:51:20.152326,Sitapura Industrial,74.5,40.5,0.665,False
2026-07-10 01:51:20.152326,Sitapura Industrial,64.1,44.6,0.572,False
2026-07-10 02:51:20.152326,Sitapura Industrial,76.4,45.7,0.683,False
2026-07-10 03:51:20.152326,Sitapura Industrial,73.2,39.5,0.654,False
2026-07-10 04:51:20.152326,Sitapura Industrial,64.2,43.5,0.573,False
2026-07-10 05:51:20.152326,Sitapura Industrial,64.2,49.6,0.573,False
2026-07-10 06:51:20.152326,Sitapura Industrial,76.9,39.6,0.687,False
2026-07-10 07:51:20.152326,Sitapura Industrial,117.9,29.2,1.0,False
2026-07-10 08:51:20.152326,Sitapura Industrial,127.2,30.1,1.0,False
2026-07-10 09:51:20.152326,Sitapura Industrial,100.8,30.9,0.9,False
2026-07-10 10:51:20.152326,Sitapura Industrial,70.7,49.0,0.631,False
2026-07-10 11:51:20.152326,Sitapura Industrial,60.4,45.5,0.54,False
2026-07-10 12:51:20.152326,Sitapura Industrial,79.1,43.0,0.706,False
2026-07-10 13:51:20.152326,Sitapura Industrial,72.7,49.1,0.649,False
2026-07-10 14:51:20.152326,Sitapura Industrial,64.7,47.3,0.577,False
2026-07-10 15:51:20.152326,Sitapura Industrial,70.1,45.0,0.626,False
2026-07-10 16:51:20.152326,Sitapura Industrial,72.5,43.1,0.647,False
2026-07-10 17:51:20.152326,Sitapura Industrial,118.2,25.0,1.0,False
2026-07-10 18:51:20.152326,Sitapura Industrial,112.8,28.7,1.0,False
2026-07-10 19:51:20.152326,Sitapura Industrial,94.7,41.4,0.846,False
2026-07-10 20:51:20.152326,Sitapura Industrial,78.0,37.9,0.696,True
2026-07-10 21:51:20.152326,Sitapura Industrial,72.0,39.9,0.643,False
2026-07-10 22:51:20.152326,Sitapura Industrial,71.1,43.2,0.635,False
2026-07-10 23:51:20.152326,Sitapura Industrial,75.3,37.6,0.672,False
2026-07-11 00:51:20.152326,Sitapura Industrial,43.8,49.9,0.391,False
2026-07-11 01:51:20.152326,Sitapura Industrial,51.4,52.4,0.459,False
2026-07-11 02:51:20.152326,Sitapura Industrial,50.9,47.4,0.454,False
2026-07-11 03:51:20.152326,Sitapura Industrial,53.7,49.2,0.479,False
2026-07-11 04:51:20.152326,Sitapura Industrial,50.6,52.5,0.452,False
2026-07-11 05:51:20.152326,Sitapura Industrial,44.8,51.1,0.4,False
2026-07-11 06:51:20.152326,Sitapura Industrial,49.8,56.0,0.445,False
2026-07-11 07:51:20.152326,Sitapura Industrial,83.1,43.1,0.742,False
2026-07-11 08:51:20.152326,Sitapura Industrial,72.8,35.4,0.65,False
2026-07-11 09:51:20.152326,Sitapura Industrial,92.7,34.6,0.828,False
2026-07-11 10:51:20.152326,Sitapura Industrial,48.7,51.4,0.435,False
2026-07-11 11:51:20.152326,Sitapura Industrial,50.7,49.0,0.452,False
2026-07-11 12:51:20.152326,Sitapura Industrial,43.6,51.6,0.39,False
2026-07-11 13:51:20.152326,Sitapura Industrial,49.1,48.0,0.438,False
2026-07-11 14:51:20.152326,Sitapura Industrial,51.8,45.1,0.462,False
2026-07-11 15:51:20.152326,Sitapura Industrial,50.3,49.5,0.449,False
2026-07-11 16:51:20.152326,Sitapura Industrial,52.7,52.9,0.47,False
2026-07-11 17:51:20.152326,Sitapura Industrial,73.2,40.4,0.654,False
2026-07-11 18:51:20.152326,Sitapura Industrial,74.8,43.1,0.668,False
2026-07-11 19:51:20.152326,Sitapura Industrial,78.1,40.6,0.698,False
2026-07-11 20:51:20.152326,Sitapura Industrial,53.7,46.2,0.479,False
2026-07-11 21:51:20.152326,Sitapura Industrial,46.6,48.8,0.416,False
2026-07-11 22:51:20.152326,Sitapura Industrial,51.0,50.7,0.455,False
2026-07-11 23:51:20.152326,Sitapura Industrial,57.7,44.4,0.515,False
2026-07-12 00:51:20.152326,Sitapura Industrial,54.4,50.3,0.486,False
2026-07-12 01:51:20.152326,Sitapura Industrial,50.0,49.8,0.446,False
2026-07-12 02:51:20.152326,Sitapura Industrial,41.2,51.6,0.368,False
2026-07-12 03:51:20.152326,Sitapura Industrial,54.6,51.3,0.488,False
2026-07-12 04:51:20.152326,Sitapura Industrial,51.0,49.9,0.455,True
2026-07-12 05:51:20.152326,Sitapura Industrial,55.1,48.5,0.492,False
2026-07-12 06:51:20.152326,Sitapura Industrial,50.6,49.6,0.452,False
2026-07-12 07:51:20.152326,Sitapura Industrial,77.4,43.2,0.691,False
2026-07-12 08:51:20.152326,Sitapura Industrial,82.0,36.2,0.732,False
2026-07-12 09:51:20.152326,Sitapura Industrial,76.0,40.1,0.678,False
2026-07-12 10:51:20.152326,Sitapura Industrial,48.3,43.9,0.431,False
2026-07-12 11:51:20.152326,Sitapura Industrial,54.7,51.1,0.488,False
2026-07-12 12:51:20.152326,Sitapura Industrial,48.1,51.0,0.429,False
2026-07-12 13:51:20.152326,Sitapura Industrial,40.8,57.6,0.364,False
2026-07-12 14:51:20.152326,Sitapura Industrial,48.8,53.8,0.435,False
2026-07-12 15:51:20.152326,Sitapura Industrial,45.9,53.7,0.41,False
2026-07-12 16:51:20.152326,Sitapura Industrial,52.9,44.5,0.472,False
2026-07-12 17:51:20.152326,Sitapura Industrial,78.5,36.7,0.701,False
2026-07-12 18:51:20.152326,Sitapura Industrial,85.4,36.0,0.762,False
2026-07-12 19:51:20.152326,Sitapura Industrial,71.4,46.3,0.638,False
2026-07-12 20:51:20.152326,Sitapura Industrial,50.9,51.8,0.455,False
2026-07-12 21:51:20.152326,Sitapura Industrial,47.5,48.9,0.424,False
2026-07-12 22:51:20.152326,Sitapura Industrial,56.4,48.6,0.504,False
2026-07-12 23:51:20.152326,Sitapura Industrial,48.1,48.5,0.429,False
2026-07-13 00:51:20.152326,Sitapura Industrial,74.3,41.3,0.664,False
2026-07-13 01:51:20.152326,Sitapura Industrial,76.8,46.3,0.686,False
2026-07-13 02:51:20.152326,Sitapura Industrial,75.3,44.5,0.672,False
2026-07-13 03:51:20.152326,Sitapura Industrial,63.9,49.6,0.57,False
2026-07-13 04:51:20.152326,Sitapura Industrial,62.4,43.4,0.557,False
2026-07-13 05:51:20.152326,Sitapura Industrial,65.8,44.8,0.587,False
2026-07-13 06:51:20.152326,Sitapura Industrial,76.8,40.4,0.686,False
2026-07-13 07:51:20.152326,Sitapura Industrial,122.6,29.8,1.0,False
2026-07-13 08:51:20.152326,Sitapura Industrial,119.4,28.9,1.0,False
2026-07-13 09:51:20.152326,Sitapura Industrial,121.9,30.9,1.0,False
2026-07-13 10:51:20.152326,Sitapura Industrial,68.6,37.6,0.612,False
2026-07-13 11:51:20.152326,Sitapura Industrial,62.1,48.3,0.555,False
2026-07-13 12:51:20.152326,Sitapura Industrial,65.8,41.0,0.587,False
2026-07-13 13:51:20.152326,Sitapura Industrial,71.1,42.5,0.635,False
2026-07-13 14:51:20.152326,Sitapura Industrial,67.4,39.7,0.601,False
2026-07-13 15:51:20.152326,Sitapura Industrial,64.1,40.0,0.573,False
2026-07-13 16:51:20.152326,Sitapura Industrial,78.8,41.9,0.704,False
2026-07-13 17:51:20.152326,Sitapura Industrial,105.0,32.0,0.938,False
2026-07-13 18:51:20.152326,Sitapura Industrial,109.8,27.9,0.98,False
2026-07-13 19:51:20.152326,Sitapura Industrial,106.0,31.0,0.947,False
2026-07-13 20:51:20.152326,Sitapura Industrial,57.5,51.6,0.513,False
2026-07-13 21:51:20.152326,Sitapura Industrial,72.9,39.4,0.651,False
2026-07-13 22:51:20.152326,Sitapura Industrial,73.4,45.3,0.655,False
2026-07-13 23:51:20.152326,Sitapura Industrial,60.4,47.0,0.539,False
2026-07-14 00:51:20.152326,Sitapura Industrial,82.4,41.2,0.736,False
2026-07-14 01:51:20.152326,Sitapura Industrial,78.1,40.9,0.697,False
2026-07-14 02:51:20.152326,Sitapura Industrial,67.1,39.9,0.599,False
2026-07-14 03:51:20.152326,Sitapura Industrial,73.2,40.8,0.654,False
2026-07-14 04:51:20.152326,Sitapura Industrial,77.4,35.5,0.691,False
2026-07-14 05:51:20.152326,Sitapura Industrial,67.7,42.8,0.604,False
2026-07-14 06:51:20.152326,Sitapura Industrial,62.5,44.3,0.558,False
2026-07-14 07:51:20.152326,Sitapura Industrial,108.9,28.2,0.972,False
2026-07-14 08:51:20.152326,Sitapura Industrial,108.2,36.7,0.966,False
2026-07-14 09:51:20.152326,Sitapura Industrial,115.3,30.4,1.0,False
2026-07-14 10:51:20.152326,Sitapura Industrial,68.6,44.6,0.612,False
2026-07-14 11:51:20.152326,Sitapura Industrial,66.8,44.1,0.596,False
2026-07-14 12:51:20.152326,Sitapura Industrial,61.0,47.7,0.545,False
2026-07-14 13:51:20.152326,Sitapura Industrial,69.7,45.8,0.623,False
2026-07-14 14:51:20.152326,Sitapura Industrial,77.0,41.4,0.688,False
2026-07-14 15:51:20.152326,Sitapura Industrial,64.7,48.2,0.578,False
2026-07-14 16:51:20.152326,Sitapura Industrial,72.5,41.8,0.648,False
2026-07-14 17:51:20.152326,Sitapura Industrial,113.5,31.0,1.0,False
2026-07-14 18:51:20.152326,Sitapura Industrial,119.2,28.7,1.0,False
2026-07-14 19:51:20.152326,Sitapura Industrial,91.7,38.2,0.819,False
2026-07-14 20:51:20.152326,Sitapura Industrial,73.4,42.4,0.655,False
2026-07-14 21:51:20.152326,Sitapura Industrial,71.1,39.8,0.635,False
2026-07-14 22:51:20.152326,Sitapura Industrial,63.9,47.2,0.57,False
2026-07-14 23:51:20.152326,Sitapura Industrial,67.6,40.0,0.604,False
2026-07-15 00:51:20.152326,Sitapura Industrial,68.2,42.0,0.609,False
2026-07-15 01:51:20.152326,Sitapura Industrial,73.6,43.1,0.657,False
2026-07-15 02:51:20.152326,Sitapura Industrial,67.0,42.0,0.598,False
2026-07-15 03:51:20.152326,Sitapura Industrial,71.9,43.7,0.642,False
2026-07-15 04:51:20.152326,Sitapura Industrial,60.8,45.6,0.543,False
2026-07-15 05:51:20.152326,Sitapura Industrial,65.8,44.8,0.587,False
2026-07-15 06:51:20.152326,Sitapura Industrial,72.3,42.6,0.646,False
2026-07-15 07:51:20.152326,Sitapura Industrial,123.1,27.0,1.0,False
2026-07-15 08:51:20.152326,Sitapura Industrial,116.4,27.3,1.0,False
2026-07-15 09:51:20.152326,Sitapura Industrial,110.1,30.4,0.983,False
2026-07-15 10:51:20.152326,Sitapura Industrial,85.0,42.0,0.759,False
2026-07-15 11:51:20.152326,Sitapura Industrial,71.2,39.8,0.635,False
2026-07-15 12:51:20.152326,Sitapura Industrial,77.8,36.7,0.694,False
2026-07-15 13:51:20.152326,Sitapura Industrial,65.1,43.9,0.581,False
2026-07-15 14:51:20.152326,Sitapura Industrial,65.0,41.1,0.58,False
2026-07-15 15:51:20.152326,Sitapura Industrial,63.8,41.5,0.57,False
2026-07-15 16:51:20.152326,Sitapura Industrial,70.0,40.3,0.625,False
2026-07-15 17:51:20.152326,Sitapura Industrial,119.6,32.6,1.0,False
2026-07-15 18:51:20.152326,Sitapura Industrial,110.0,34.1,0.982,False
2026-07-15 19:51:20.152326,Sitapura Industrial,116.6,30.2,1.0,False
2026-07-15 20:51:20.152326,Sitapura Industrial,73.4,44.2,0.656,False
2026-07-15 21:51:20.152326,Sitapura Industrial,72.1,44.1,0.644,False
2026-07-15 22:51:20.152326,Sitapura Industrial,74.8,41.5,0.668,False
2026-07-15 23:51:20.152326,Sitapura Industrial,74.3,46.2,0.664,False
2026-07-16 00:51:20.152326,Sitapura Industrial,59.8,47.1,0.534,False
2026-07-16 01:51:20.152326,Sitapura Industrial,66.7,41.5,0.595,False
2026-07-16 02:51:20.152326,Sitapura Industrial,60.2,51.4,0.538,False
2026-07-16 03:51:20.152326,Sitapura Industrial,76.6,43.4,0.684,False
2026-07-16 04:51:20.152326,Sitapura Industrial,56.7,49.2,0.507,False
2026-07-16 05:51:20.152326,Sitapura Industrial,77.3,43.2,0.69,False
2026-07-16 06:51:20.152326,Sitapura Industrial,76.2,41.5,0.68,False
2026-07-16 07:51:20.152326,Sitapura Industrial,130.3,29.6,1.0,False
2026-07-16 08:51:20.152326,Sitapura Industrial,115.0,25.9,1.0,False
2026-07-16 09:51:20.152326,Sitapura Industrial,115.0,29.0,1.0,False
2026-07-16 10:51:20.152326,Sitapura Industrial,82.0,47.3,0.732,False
2026-07-16 11:51:20.152326,Sitapura Industrial,61.6,47.4,0.55,False
2026-07-16 12:51:20.152326,Sitapura Industrial,64.2,40.8,0.574,False
2026-07-16 13:51:20.152326,Sitapura Industrial,71.0,41.0,0.634,False
2026-07-16 14:51:20.152326,Sitapura Industrial,66.2,43.2,0.591,False
2026-07-16 15:51:20.152326,Sitapura Industrial,68.3,41.9,0.61,False
2026-07-16 16:51:20.152326,Sitapura Industrial,69.3,41.4,0.619,False
2026-07-16 17:51:20.152326,Sitapura Industrial,112.4,31.8,1.0,False
2026-07-16 18:51:20.152326,Sitapura Industrial,108.7,30.7,0.971,False
2026-07-16 19:51:20.152326,Sitapura Industrial,102.3,33.6,0.914,False
2026-07-16 20:51:20.152326,Sitapura Industrial,70.1,43.3,0.626,False
2026-07-16 21:51:20.152326,Sitapura Industrial,73.5,44.8,0.657,False
2026-07-16 22:51:20.152326,Sitapura Industrial,75.9,41.3,0.678,False
2026-07-16 23:51:20.152326,Sitapura Industrial,67.9,45.9,0.607,False
2026-07-17 00:51:20.152326,Sitapura Industrial,73.6,36.3,0.657,False
2026-07-17 01:51:20.152326,Sitapura Industrial,57.3,46.7,0.512,False
2026-07-17 02:51:20.152326,Sitapura Industrial,65.6,45.9,0.586,False
2026-07-17 03:51:20.152326,Sitapura Industrial,71.7,38.0,0.64,False
2026-07-17 04:51:20.152326,Sitapura Industrial,69.6,40.8,0.622,False
2026-07-17 05:51:20.152326,Sitapura Industrial,68.6,48.2,0.613,True
2026-07-17 06:51:20.152326,Sitapura Industrial,62.3,43.6,0.557,False
2026-07-17 07:51:20.152326,Sitapura Industrial,130.7,26.8,1.0,False
2026-07-17 08:51:20.152326,Sitapura Industrial,116.4,22.4,1.0,False
2026-07-17 09:51:20.152326,Sitapura Industrial,121.8,26.2,1.0,False
2026-07-17 10:51:20.152326,Sitapura Industrial,70.3,46.0,0.627,False
2026-07-17 11:51:20.152326,Sitapura Industrial,70.3,42.8,0.627,False
2026-07-17 12:51:20.152326,Sitapura Industrial,73.1,40.0,0.652,False
2026-07-17 13:51:20.152326,Sitapura Industrial,81.7,44.0,0.73,False
2026-07-17 14:51:20.152326,Sitapura Industrial,60.0,46.7,0.535,False
2026-07-17 15:51:20.152326,Sitapura Industrial,71.4,41.6,0.638,False
2026-07-17 16:51:20.152326,Sitapura Industrial,76.4,42.7,0.682,False
2026-07-17 17:51:20.152326,Sitapura Industrial,101.6,36.6,0.907,False
2026-07-17 18:51:20.152326,Sitapura Industrial,113.9,27.1,1.0,False
2026-07-17 19:51:20.152326,Sitapura Industrial,116.8,27.6,1.0,False
2026-07-17 20:51:20.152326,Sitapura Industrial,71.5,43.5,0.638,False
2026-07-17 21:51:20.152326,Sitapura Industrial,59.4,48.8,0.53,False
2026-07-17 22:51:20.152326,Sitapura Industrial,76.5,43.8,0.683,False
2026-07-17 23:51:20.152326,Sitapura Industrial,64.8,44.2,0.578,False
2026-07-18 00:51:20.152326,Sitapura Industrial,55.2,45.5,0.493,False
2026-07-18 01:51:20.152326,Sitapura Industrial,50.7,50.7,0.453,False
2026-07-18 02:51:20.152326,Sitapura Industrial,50.8,49.4,0.453,False
2026-07-18 03:51:20.152326,Sitapura Industrial,51.6,50.6,0.461,False
2026-07-18 04:51:20.152326,Sitapura Industrial,44.8,51.0,0.4,False
2026-07-18 05:51:20.152326,Sitapura Industrial,51.7,43.8,0.462,False
2026-07-18 06:51:20.152326,Sitapura Industrial,45.6,50.0,0.407,False
2026-07-18 07:51:20.152326,Sitapura Industrial,79.6,40.8,0.711,False
2026-07-18 08:51:20.152326,Sitapura Industrial,95.2,32.1,0.85,False
2026-07-18 09:51:20.152326,Sitapura Industrial,85.0,39.7,0.759,False
2026-07-18 10:51:20.152326,Sitapura Industrial,54.3,50.3,0.484,False
2026-07-18 11:51:20.152326,Sitapura Industrial,52.5,49.2,0.469,False
2026-07-18 12:51:20.152326,Sitapura Industrial,52.6,50.3,0.47,False
2026-07-18 13:51:20.152326,Sitapura Industrial,51.6,49.2,0.461,False
2026-07-18 14:51:20.152326,Sitapura Industrial,50.5,51.4,0.451,False
2026-07-18 15:51:20.152326,Sitapura Industrial,51.0,50.1,0.456,False
2026-07-18 16:51:20.152326,Sitapura Industrial,50.7,53.0,0.453,False
2026-07-18 17:51:20.152326,Sitapura Industrial,80.5,38.4,0.718,False
2026-07-18 18:51:20.152326,Sitapura Industrial,81.2,39.9,0.725,False
2026-07-18 19:51:20.152326,Sitapura Industrial,77.0,38.8,0.687,False
2026-07-18 20:51:20.152326,Sitapura Industrial,52.4,47.6,0.468,False
2026-07-18 21:51:20.152326,Sitapura Industrial,51.5,49.1,0.46,False
2026-07-18 22:51:20.152326,Sitapura Industrial,52.1,44.1,0.465,False
2026-07-18 23:51:20.152326,Sitapura Industrial,55.3,53.0,0.493,False
2026-07-19 00:51:20.152326,Sitapura Industrial,51.6,47.5,0.461,False
2026-07-19 01:51:20.152326,Sitapura Industrial,45.0,52.3,0.402,False
2026-07-19 02:51:20.152326,Sitapura Industrial,51.2,46.0,0.457,False
2026-07-19 03:51:20.152326,Sitapura Industrial,54.0,45.9,0.482,False
2026-07-19 04:51:20.152326,Sitapura Industrial,48.1,48.2,0.429,False
2026-07-19 05:51:20.152326,Sitapura Industrial,48.6,48.8,0.434,False
2026-07-19 06:51:20.152326,Sitapura Industrial,38.9,59.0,0.347,False
2026-07-19 07:51:20.152326,Sitapura Industrial,76.0,41.4,0.678,False
2026-07-19 08:51:20.152326,Sitapura Industrial,83.1,36.5,0.742,False
2026-07-19 09:51:20.152326,Sitapura Industrial,77.4,43.1,0.691,False
2026-07-19 10:51:20.152326,Sitapura Industrial,53.2,45.1,0.475,False
2026-07-19 11:51:20.152326,Sitapura Industrial,48.8,48.8,0.436,False
2026-07-19 12:51:20.152326,Sitapura Industrial,42.9,54.4,0.383,False
2026-07-19 13:51:20.152326,Sitapura Industrial,52.1,52.5,0.465,False
2026-07-19 14:51:20.152326,Sitapura Industrial,45.6,49.1,0.407,False
2026-07-19 15:51:20.152326,Sitapura Industrial,47.6,52.3,0.425,False
2026-07-19 16:51:20.152326,Sitapura Industrial,46.5,48.6,0.415,False
2026-07-19 17:51:20.152326,Sitapura Industrial,73.5,39.9,0.657,False
2026-07-19 18:51:20.152326,Sitapura Industrial,73.8,41.2,0.659,False
2026-07-19 19:51:20.152326,Sitapura Industrial,84.3,35.7,0.752,True
2026-07-19 20:51:20.152326,Sitapura Industrial,46.7,47.4,0.417,False
2026-07-19 21:51:20.152326,Sitapura Industrial,44.6,49.1,0.398,False
2026-07-19 22:51:20.152326,Sitapura Industrial,49.1,48.9,0.439,False
2026-07-19 23:51:20.152326,Sitapura Industrial,50.0,47.2,0.446,False
2026-07-20 00:51:20.152326,Sitapura Industrial,65.2,46.3,0.582,False
2026-07-20 01:51:20.152326,Sitapura Industrial,80.8,40.6,0.722,False
2026-07-20 02:51:20.152326,Sitapura Industrial,68.0,39.4,0.607,False
2026-07-20 03:51:20.152326,Sitapura Industrial,68.8,41.9,0.614,False
2026-07-20 04:51:20.152326,Sitapura Industrial,71.8,41.8,0.641,False
2026-07-20 05:51:20.152326,Sitapura Industrial,74.6,35.9,0.666,False
2026-07-20 06:51:20.152326,Sitapura Industrial,69.6,42.1,0.622,False
2026-07-20 07:51:20.152326,Sitapura Industrial,114.9,32.6,1.0,False
2026-07-20 08:51:20.152326,Sitapura Industrial,115.5,27.6,1.0,False
2026-07-20 09:51:20.152326,Sitapura Industrial,113.9,27.7,1.0,False
2026-07-20 10:51:20.152326,Sitapura Industrial,76.6,38.5,0.684,False
2026-07-20 11:51:20.152326,Sitapura Industrial,70.1,45.4,0.626,False
2026-07-20 12:51:20.152326,Sitapura Industrial,78.0,45.8,0.697,False
2026-07-20 13:51:20.152326,Sitapura Industrial,67.7,42.8,0.605,False
2026-07-20 14:51:20.152326,Sitapura Industrial,65.6,41.1,0.586,False
2026-07-20 15:51:20.152326,Sitapura Industrial,69.5,42.0,0.62,False
2026-07-20 16:51:20.152326,Sitapura Industrial,68.9,42.2,0.615,False
2026-07-20 17:51:20.152326,Sitapura Industrial,118.6,29.2,1.0,False
2026-07-20 18:51:20.152326,Sitapura Industrial,124.7,30.0,1.0,False
2026-07-20 19:51:20.152326,Sitapura Industrial,98.2,33.8,0.877,False
2026-07-20 20:51:20.152326,Sitapura Industrial,60.3,45.5,0.538,False
2026-07-20 21:51:20.152326,Sitapura Industrial,71.5,43.0,0.638,False
2026-07-20 22:51:20.152326,Sitapura Industrial,75.3,37.5,0.673,False
2026-07-20 23:51:20.152326,Sitapura Industrial,62.5,42.4,0.558,False
2026-07-21 00:51:20.152326,Sitapura Industrial,65.0,47.0,0.58,False
2026-07-21 01:51:20.152326,Sitapura Industrial,76.7,37.6,0.685,False
2026-07-21 02:51:20.152326,Sitapura Industrial,80.8,39.5,0.722,False
2026-07-21 03:51:20.152326,Sitapura Industrial,68.6,45.5,0.612,False
2026-07-21 04:51:20.152326,Sitapura Industrial,54.9,46.4,0.49,False
2026-07-21 05:51:20.152326,Sitapura Industrial,59.8,50.4,0.534,False
2026-07-21 06:51:20.152326,Sitapura Industrial,71.6,42.4,0.64,False
2026-07-21 07:51:20.152326,Sitapura Industrial,106.2,29.7,0.949,False
2026-07-21 08:51:20.152326,Sitapura Industrial,115.8,30.9,1.0,False
2026-07-21 09:51:20.152326,Sitapura Industrial,129.1,26.6,1.0,False
2026-07-21 10:51:20.152326,Sitapura Industrial,64.5,42.2,0.576,False
2026-07-21 11:51:20.152326,Sitapura Industrial,64.0,39.3,0.572,False
2026-07-21 12:51:20.152326,Sitapura Industrial,74.9,39.3,0.669,False
2026-07-21 13:51:20.152326,Sitapura Industrial,68.2,44.6,0.609,False
2026-07-21 14:51:20.152326,Sitapura Industrial,75.8,37.2,0.677,False
2026-07-21 15:51:20.152326,Sitapura Industrial,62.2,44.6,0.556,False
2026-07-21 16:51:20.152326,Sitapura Industrial,71.8,44.3,0.641,False
2026-07-21 17:51:20.152326,Sitapura Industrial,120.6,23.0,1.0,False
2026-07-21 18:51:20.152326,Sitapura Industrial,103.8,32.5,0.927,False
2026-07-21 19:51:20.152326,Sitapura Industrial,118.2,30.7,1.0,False
2026-07-21 20:51:20.152326,Sitapura Industrial,73.2,36.2,0.654,False
2026-07-21 21:51:20.152326,Sitapura Industrial,78.1,37.7,0.697,False
2026-07-21 22:51:20.152326,Sitapura Industrial,75.3,39.4,0.673,False
2026-07-21 23:51:20.152326,Sitapura Industrial,71.1,42.5,0.634,False
2026-07-22 00:51:20.152326,Sitapura Industrial,74.9,43.9,0.669,False
2026-07-22 01:51:20.152326,Sitapura Industrial,76.7,34.7,0.685,False
2026-07-22 02:51:20.152326,Sitapura Industrial,69.0,40.7,0.616,False
2026-07-22 03:51:20.152326,Sitapura Industrial,81.3,40.4,0.726,False
2026-07-22 04:51:20.152326,Sitapura Industrial,64.3,39.4,0.574,False
2026-07-22 05:51:20.152326,Sitapura Industrial,55.4,48.1,0.494,False
2026-07-22 06:51:20.152326,Sitapura Industrial,65.1,43.9,0.582,False
2026-07-22 07:51:20.152326,Sitapura Industrial,118.9,24.4,1.0,False
2026-07-22 08:51:20.152326,Sitapura Industrial,107.5,27.9,0.96,False
2026-07-22 09:51:20.152326,Sitapura Industrial,124.7,24.1,1.0,False
2026-07-22 10:51:20.152326,Sitapura Industrial,72.9,41.2,0.651,False
2026-07-22 11:51:20.152326,Sitapura Industrial,79.8,43.6,0.713,False
2026-07-22 12:51:20.152326,Sitapura Industrial,75.8,39.2,0.677,False
2026-07-22 13:51:20.152326,Sitapura Industrial,65.1,45.0,0.581,False
2026-07-22 14:51:20.152326,Sitapura Industrial,66.7,46.3,0.596,False
2026-07-22 15:51:20.152326,Sitapura Industrial,61.3,43.1,0.547,False
2026-07-22 16:51:20.152326,Sitapura Industrial,68.5,45.4,0.611,False
2026-07-22 17:51:20.152326,Sitapura Industrial,117.4,29.1,1.0,False
2026-07-22 18:51:20.152326,Sitapura Industrial,109.2,27.5,0.975,False
2026-07-22 19:51:20.152326,Sitapura Industrial,111.0,30.7,0.991,False
2026-07-22 20:51:20.152326,Sitapura Industrial,66.9,41.7,0.598,False
2026-07-22 21:51:20.152326,Sitapura Industrial,68.0,46.5,0.607,False
2026-07-22 22:51:20.152326,Sitapura Industrial,60.7,45.0,0.542,False
2026-07-22 23:51:20.152326,Sitapura Industrial,67.9,47.9,0.606,False
2026-07-23 00:51:20.152326,Sitapura Industrial,66.7,34.7,0.596,False
2026-07-23 01:51:20.152326,Sitapura Industrial,66.7,43.1,0.595,False
2026-07-23 02:51:20.152326,Sitapura Industrial,68.7,42.5,0.613,False
2026-07-23 03:51:20.152326,Sitapura Industrial,83.3,39.5,0.744,False
2026-07-23 04:51:20.152326,Sitapura Industrial,68.6,48.6,0.612,False
2026-07-23 05:51:20.152326,Sitapura Industrial,72.1,41.6,0.643,False
2026-07-23 06:51:20.152326,Sitapura Industrial,70.5,36.4,0.629,False
2026-07-23 07:51:20.152326,Sitapura Industrial,129.0,21.8,1.0,False
2026-07-23 08:51:20.152326,Sitapura Industrial,103.3,28.1,0.922,False
2026-07-23 09:51:20.152326,Sitapura Industrial,120.9,27.1,1.0,False
2026-07-23 10:51:20.152326,Sitapura Industrial,66.2,45.1,0.591,False
2026-07-23 11:51:20.152326,Sitapura Industrial,69.7,41.1,0.622,False
2026-07-23 12:51:20.152326,Sitapura Industrial,61.5,44.9,0.549,False
2026-07-23 13:51:20.152326,Sitapura Industrial,66.8,43.1,0.596,False
2026-07-23 14:51:20.152326,Sitapura Industrial,68.3,46.7,0.61,False
2026-07-23 15:51:20.152326,Sitapura Industrial,72.9,38.7,0.651,False
2026-07-23 16:51:20.152326,Sitapura Industrial,60.0,48.6,0.535,False
2026-07-23 17:51:20.152326,Sitapura Industrial,110.6,30.5,0.988,False
2026-07-23 18:51:20.152326,Sitapura Industrial,97.2,38.2,0.868,False
2026-07-23 19:51:20.152326,Sitapura Industrial,99.5,35.3,0.888,False
2026-07-23 20:51:20.152326,Sitapura Industrial,71.2,43.5,0.636,False
2026-07-23 21:51:20.152326,Sitapura Industrial,66.8,41.9,0.596,False
2026-07-23 22:51:20.152326,Sitapura Industrial,68.9,39.0,0.615,False
2026-07-23 23:51:20.152326,Sitapura Industrial,69.3,43.9,0.619,False
2026-07-24 00:51:20.152326,Sitapura Industrial,72.8,42.9,0.65,False
2026-07-24 01:51:20.152326,Sitapura Industrial,64.9,45.0,0.58,False
2026-07-24 02:51:20.152326,Sitapura Industrial,81.0,40.1,0.724,False
2026-07-24 03:51:20.152326,Sitapura Industrial,65.7,45.5,0.586,False
2026-07-24 04:51:20.152326,Sitapura Industrial,65.6,37.5,0.586,False
2026-07-24 05:51:20.152326,Sitapura Industrial,72.5,41.4,0.647,False
2026-07-24 06:51:20.152326,Sitapura Industrial,65.8,44.2,0.588,False
2026-07-24 07:51:20.152326,Sitapura Industrial,119.4,28.4,1.0,False
2026-07-24 08:51:20.152326,Sitapura Industrial,106.6,25.7,0.952,False
2026-07-24 09:51:20.152326,Sitapura Industrial,112.1,28.6,1.0,False
2026-07-24 10:51:20.152326,Sitapura Industrial,82.7,38.6,0.738,False
2026-07-24 11:51:20.152326,Sitapura Industrial,67.6,40.2,0.604,False
2026-07-24 12:51:20.152326,Sitapura Industrial,67.0,50.0,0.598,False
2026-07-24 13:51:20.152326,Sitapura Industrial,77.3,39.4,0.69,False
2026-07-24 14:51:20.152326,Sitapura Industrial,66.4,40.0,0.593,False
2026-07-24 15:51:20.152326,Sitapura Industrial,63.8,44.1,0.569,False
2026-07-24 16:51:20.152326,Sitapura Industrial,69.0,46.0,0.616,False
2026-07-24 17:51:20.152326,Sitapura Industrial,115.5,28.0,1.0,False
2026-07-24 18:51:20.152326,Sitapura Industrial,113.2,29.7,1.0,False
2026-07-24 19:51:20.152326,Sitapura Industrial,111.2,27.4,0.993,False
2026-07-24 20:51:20.152326,Sitapura Industrial,64.2,45.2,0.573,False
2026-07-24 21:51:20.152326,Sitapura Industrial,72.5,45.1,0.647,False
2026-07-24 22:51:20.152326,Sitapura Industrial,68.0,40.2,0.607,False
2026-07-24 23:51:20.152326,Sitapura Industrial,88.6,39.4,0.791,False
2026-07-25 00:51:20.152326,Sitapura Industrial,48.3,52.5,0.432,False
2026-07-25 01:51:20.152326,Sitapura Industrial,40.3,49.0,0.36,False
2026-07-25 02:51:20.152326,Sitapura Industrial,45.9,48.0,0.41,False
2026-07-25 03:51:20.152326,Sitapura Industrial,58.0,46.6,0.518,False
2026-07-25 04:51:20.152326,Sitapura Industrial,49.6,44.4,0.443,False
2026-07-25 05:51:20.152326,Sitapura Industrial,46.4,51.2,0.415,False
2026-07-25 06:51:20.152326,Sitapura Industrial,50.2,53.3,0.448,False
2026-07-25 07:51:20.152326,Sitapura Industrial,75.8,40.3,0.677,False
2026-07-25 08:51:20.152326,Sitapura Industrial,80.3,46.6,0.717,False
2026-07-25 09:51:20.152326,Sitapura Industrial,90.0,37.8,0.804,False
2026-07-25 10:51:20.152326,Sitapura Industrial,45.1,52.3,0.402,False
2026-07-25 11:51:20.152326,Sitapura Industrial,51.1,43.8,0.456,False
2026-07-25 12:51:20.152326,Sitapura Industrial,49.7,46.8,0.444,False
2026-07-25 13:51:20.152326,Sitapura Industrial,51.6,49.7,0.46,False
2026-07-25 14:51:20.152326,Sitapura Industrial,47.8,55.5,0.427,False
2026-07-25 15:51:20.152326,Sitapura Industrial,51.2,54.0,0.457,False
2026-07-25 16:51:20.152326,Sitapura Industrial,51.6,44.5,0.461,False
2026-07-25 17:51:20.152326,Sitapura Industrial,82.0,34.0,0.732,False
2026-07-25 18:51:20.152326,Sitapura Industrial,74.3,44.3,0.664,False
2026-07-25 19:51:20.152326,Sitapura Industrial,72.7,40.4,0.649,False
2026-07-25 20:51:20.152326,Sitapura Industrial,49.1,49.2,0.439,False
2026-07-25 21:51:20.152326,Sitapura Industrial,42.7,52.2,0.381,False
2026-07-25 22:51:20.152326,Sitapura Industrial,54.4,44.5,0.486,False
2026-07-25 23:51:20.152326,Sitapura Industrial,46.4,50.3,0.414,False
2026-07-26 00:51:20.152326,Sitapura Industrial,50.7,46.2,0.453,False
2026-07-26 01:51:20.152326,Sitapura Industrial,49.7,45.6,0.444,False
2026-07-26 02:51:20.152326,Sitapura Industrial,50.2,50.3,0.448,False
2026-07-26 03:51:20.152326,Sitapura Industrial,47.8,50.8,0.427,False
2026-07-26 04:51:20.152326,Sitapura Industrial,46.2,51.5,0.413,False
2026-07-26 05:51:20.152326,Sitapura Industrial,48.4,54.1,0.432,False
2026-07-26 06:51:20.152326,Sitapura Industrial,47.8,48.7,0.427,False
2026-07-26 07:51:20.152326,Sitapura Industrial,67.0,40.0,0.598,False
2026-07-26 08:51:20.152326,Sitapura Industrial,73.0,40.3,0.652,False
2026-07-26 09:51:20.152326,Sitapura Industrial,87.6,39.6,0.782,False
2026-07-26 10:51:20.152326,Sitapura Industrial,47.1,47.2,0.42,False
2026-07-26 11:51:20.152326,Sitapura Industrial,46.3,47.3,0.413,False
2026-07-26 12:51:20.152326,Sitapura Industrial,49.5,46.9,0.442,False
2026-07-26 13:51:20.152326,Sitapura Industrial,50.7,53.3,0.453,False
2026-07-26 14:51:20.152326,Sitapura Industrial,53.1,51.0,0.474,False
2026-07-26 15:51:20.152326,Sitapura Industrial,55.6,46.1,0.496,False
2026-07-26 16:51:20.152326,Sitapura Industrial,46.2,52.4,0.413,False
2026-07-26 17:51:20.152326,Sitapura Industrial,72.7,45.0,0.649,False
2026-07-26 18:51:20.152326,Sitapura Industrial,80.3,43.9,0.717,False
2026-07-26 19:51:20.152326,Sitapura Industrial,72.4,41.3,0.647,False
2026-07-26 20:51:20.152326,Sitapura Industrial,45.4,52.9,0.405,False
2026-07-26 21:51:20.152326,Sitapura Industrial,46.7,51.9,0.417,False
2026-07-26 22:51:20.152326,Sitapura Industrial,48.3,55.2,0.431,False
2026-07-26 23:51:20.152326,Sitapura Industrial,43.3,51.1,0.387,False
2026-07-27 00:51:20.152326,Sitapura Industrial,67.5,41.6,0.602,False
2026-07-27 01:51:20.152326,Sitapura Industrial,69.5,44.0,0.621,False
2026-07-27 02:51:20.152326,Sitapura Industrial,64.9,45.2,0.58,False
2026-07-27 03:51:20.152326,Sitapura Industrial,70.2,42.5,0.627,False
2026-07-27 04:51:20.152326,Sitapura Industrial,83.3,40.5,0.744,False
2026-07-27 05:51:20.152326,Sitapura Industrial,56.4,45.9,0.503,False
2026-07-27 06:51:20.152326,Sitapura Industrial,72.2,41.8,0.645,False
2026-07-27 07:51:20.152326,Sitapura Industrial,108.0,29.3,0.964,False
2026-07-27 08:51:20.152326,Sitapura Industrial,124.4,28.7,1.0,False
2026-07-27 09:51:20.152326,Sitapura Industrial,124.9,24.0,1.0,False
2026-07-27 10:51:20.152326,Sitapura Industrial,68.8,35.0,0.615,False
2026-07-27 11:51:20.152326,Sitapura Industrial,78.4,35.7,0.7,False
2026-07-27 12:51:20.152326,Sitapura Industrial,72.3,45.2,0.646,False
2026-07-27 13:51:20.152326,Sitapura Industrial,65.7,45.5,0.587,False
2026-07-27 14:51:20.152326,Sitapura Industrial,85.4,40.7,0.763,False
2026-07-27 15:51:20.152326,Sitapura Industrial,75.9,44.2,0.678,False
2026-07-27 16:51:20.152326,Sitapura Industrial,63.6,41.4,0.568,False
2026-07-27 17:51:20.152326,Sitapura Industrial,105.9,31.8,0.946,False
2026-07-27 18:51:20.152326,Sitapura Industrial,101.6,26.1,0.908,False
2026-07-27 19:51:20.152326,Sitapura Industrial,115.4,24.2,1.0,False
2026-07-27 20:51:20.152326,Sitapura Industrial,66.6,41.0,0.594,False
2026-07-27 21:51:20.152326,Sitapura Industrial,68.7,38.3,0.613,False
2026-07-27 22:51:20.152326,Sitapura Industrial,57.7,46.7,0.515,False
2026-07-27 23:51:20.152326,Sitapura Industrial,81.5,40.9,0.727,False
2026-07-28 00:51:20.152326,Sitapura Industrial,72.4,40.4,0.646,False
2026-07-28 01:51:20.152326,Sitapura Industrial,76.6,39.8,0.684,True
2026-07-28 02:51:20.152326,Sitapura Industrial,74.9,41.2,0.669,True
2026-07-28 03:51:20.152326,Sitapura Industrial,76.6,41.3,0.684,False
2026-07-28 04:51:20.152326,Sitapura Industrial,69.3,47.0,0.619,False
2026-07-28 05:51:20.152326,Sitapura Industrial,74.7,39.0,0.667,False
2026-07-28 06:51:20.152326,Sitapura Industrial,67.9,43.8,0.606,False
2026-07-28 07:51:20.152326,Sitapura Industrial,109.6,31.9,0.979,False
2026-07-28 08:51:20.152326,Sitapura Industrial,102.2,32.8,0.912,False
2026-07-28 09:51:20.152326,Sitapura Industrial,116.1,34.3,1.0,False
2026-07-28 10:51:20.152326,Sitapura Industrial,72.6,42.7,0.649,False
2026-07-28 11:51:20.152326,Sitapura Industrial,70.1,43.1,0.625,False
2026-07-28 12:51:20.152326,Sitapura Industrial,71.1,41.6,0.635,False
2026-07-28 13:51:20.152326,Sitapura Industrial,75.6,43.2,0.675,False
2026-07-28 14:51:20.152326,Sitapura Industrial,74.4,47.3,0.665,False
2026-07-28 15:51:20.152326,Sitapura Industrial,70.0,47.4,0.625,False
2026-07-28 16:51:20.152326,Sitapura Industrial,70.9,45.4,0.633,False
2026-07-28 17:51:20.152326,Sitapura Industrial,106.4,36.4,0.95,False
2026-07-28 18:51:20.152326,Sitapura Industrial,116.1,25.8,1.0,False
2026-07-28 19:51:20.152326,Sitapura Industrial,100.5,32.5,0.897,False
2026-07-28 20:51:20.152326,Sitapura Industrial,66.8,49.0,0.596,False
2026-07-28 21:51:20.152326,Sitapura Industrial,68.4,46.5,0.611,False
2026-07-28 22:51:20.152326,Sitapura Industrial,68.3,47.8,0.61,False
2026-07-28 23:51:20.152326,Sitapura Industrial,67.6,42.5,0.604,False
2026-07-29 00:51:20.152326,Sitapura Industrial,70.4,42.0,0.628,False
2026-07-29 01:51:20.152326,Sitapura Industrial,64.4,39.5,0.575,False
2026-07-29 02:51:20.152326,Sitapura Industrial,64.8,46.0,0.579,False
2026-07-29 03:51:20.152326,Sitapura Industrial,67.0,44.1,0.598,False
2026-07-29 04:51:20.152326,Sitapura Industrial,68.9,46.2,0.616,False
2026-07-29 05:51:20.152326,Sitapura Industrial,62.3,47.1,0.556,False
2026-07-29 06:51:20.152326,Sitapura Industrial,72.8,41.6,0.65,False
2026-07-29 07:51:20.152326,Sitapura Industrial,108.8,28.1,0.971,False
2026-07-29 08:51:20.152326,Sitapura Industrial,114.3,32.3,1.0,False
2026-07-29 09:51:20.152326,Sitapura Industrial,105.2,31.7,0.939,False
2026-07-29 10:51:20.152326,Sitapura Industrial,78.1,44.6,0.697,False
2026-07-29 11:51:20.152326,Sitapura Industrial,62.9,41.8,0.562,False
2026-07-29 12:51:20.152326,Sitapura Industrial,61.5,50.4,0.549,False
2026-07-29 13:51:20.152326,Sitapura Industrial,74.6,40.9,0.666,False
2026-07-29 14:51:20.152326,Sitapura Industrial,58.2,43.2,0.519,False
2026-07-29 15:51:20.152326,Sitapura Industrial,79.7,41.7,0.711,False
2026-07-29 16:51:20.152326,Sitapura Industrial,63.7,47.5,0.569,False
2026-07-29 17:51:20.152326,Sitapura Industrial,105.4,31.3,0.941,False
2026-07-29 18:51:20.152326,Sitapura Industrial,110.6,29.4,0.987,False
2026-07-29 19:51:20.152326,Sitapura Industrial,114.0,28.5,1.0,False
2026-07-29 20:51:20.152326,Sitapura Industrial,72.9,41.2,0.651,False
2026-07-29 21:51:20.152326,Sitapura Industrial,80.7,39.9,0.72,False
2026-07-29 22:51:20.152326,Sitapura Industrial,71.4,41.4,0.637,False
2026-07-29 23:51:20.152326,Sitapura Industrial,71.6,46.7,0.639,False
2026-07-30 00:51:20.152326,Sitapura Industrial,64.5,45.0,0.576,False
2026-07-30 01:51:20.152326,Sitapura Industrial,81.5,38.1,0.728,True
2026-07-30 02:51:20.152326,Sitapura Industrial,68.9,48.2,0.615,False
2026-07-30 03:51:20.152326,Sitapura Industrial,63.8,48.4,0.57,False
2026-07-30 04:51:20.152326,Sitapura Industrial,70.8,46.8,0.632,False
2026-07-30 05:51:20.152326,Sitapura Industrial,66.9,43.7,0.598,False
2026-07-30 06:51:20.152326,Sitapura Industrial,80.7,39.9,0.721,False
2026-07-30 07:51:20.152326,Sitapura Industrial,120.2,25.5,1.0,False
2026-07-30 08:51:20.152326,Sitapura Industrial,124.7,25.8,1.0,True
2026-07-30 09:51:20.152326,Sitapura Industrial,102.6,34.5,0.916,False
2026-07-30 10:51:20.152326,Sitapura Industrial,71.7,39.4,0.64,False
2026-07-30 11:51:20.152326,Sitapura Industrial,72.3,42.3,0.645,False
2026-07-30 12:51:20.152326,Sitapura Industrial,74.9,36.8,0.668,False
2026-07-30 13:51:20.152326,Sitapura Industrial,69.5,38.9,0.621,False
2026-07-30 14:51:20.152326,Sitapura Industrial,69.4,43.3,0.619,False
2026-07-30 15:51:20.152326,Sitapura Industrial,75.0,37.2,0.67,False
2026-07-30 16:51:20.152326,Sitapura Industrial,80.4,44.5,0.718,False
2026-07-30 17:51:20.152326,Sitapura Industrial,109.9,33.2,0.982,False
2026-07-30 18:51:20.152326,Sitapura Industrial,102.8,41.5,0.918,False
2026-07-30 19:51:20.152326,Sitapura Industrial,104.5,30.0,0.933,False
2026-07-30 20:51:20.152326,Sitapura Industrial,78.6,37.4,0.702,False
2026-07-30 21:51:20.152326,Sitapura Industrial,65.7,43.4,0.587,False
2026-07-30 22:51:20.152326,Sitapura Industrial,72.7,41.4,0.649,False
2026-07-30 23:51:20.152326,Sitapura Industrial,70.5,46.1,0.63,False
2026-07-31 00:51:20.152326,Sitapura Industrial,66.8,42.4,0.596,False
2026-07-31 01:51:20.152326,Sitapura Industrial,71.5,43.4,0.639,False
2026-07-31 02:51:20.152326,Sitapura Industrial,65.4,48.8,0.584,False
2026-07-31 03:51:20.152326,Sitapura Industrial,60.8,45.7,0.543,False
2026-07-31 04:51:20.152326,Sitapura Industrial,68.8,40.5,0.615,False
2026-07-31 05:51:20.152326,Sitapura Industrial,60.6,46.5,0.541,False
2026-07-31 06:51:20.152326,Sitapura Industrial,67.8,42.5,0.605,False
2026-07-31 07:51:20.152326,Sitapura Industrial,123.8,27.9,1.0,False
2026-07-31 08:51:20.152326,Sitapura Industrial,119.1,30.2,1.0,False
2026-07-31 09:51:20.152326,Sitapura Industrial,110.3,35.4,0.985,False
2026-07-31 10:51:20.152326,Sitapura Industrial,53.0,48.5,0.473,False
2026-07-31 11:51:20.152326,Sitapura Industrial,67.6,46.6,0.603,False
2026-07-31 12:51:20.152326,Sitapura Industrial,73.7,41.0,0.658,False
2026-07-31 13:51:20.152326,Sitapura Industrial,68.4,44.8,0.611,False
2026-07-31 14:51:20.152326,Sitapura Industrial,61.6,43.0,0.55,False
2026-07-31 15:51:20.152326,Sitapura Industrial,72.5,40.2,0.648,False
2026-07-31 16:51:20.152326,Sitapura Industrial,64.7,43.7,0.578,False
2026-07-31 17:51:20.152326,Sitapura Industrial,93.8,42.2,0.837,False
2026-07-31 18:51:20.152326,Sitapura Industrial,111.1,29.6,0.992,False
2026-07-31 19:51:20.152326,Sitapura Industrial,106.4,29.5,0.95,False
2026-07-31 20:51:20.152326,Sitapura Industrial,71.7,41.6,0.64,False
2026-07-31 21:51:20.152326,Sitapura Industrial,69.7,45.4,0.622,False
2026-07-31 22:51:20.152326,Sitapura Industrial,78.2,36.2,0.698,False
2026-07-31 23:51:20.152326,Sitapura Industrial,72.1,42.3,0.644,False
2026-08-01 00:51:20.152326,Sitapura Industrial,49.6,47.6,0.443,False
2026-08-01 01:51:20.152326,Sitapura Industrial,55.7,50.0,0.498,False
2026-08-01 02:51:20.152326,Sitapura Industrial,49.4,53.4,0.441,False
2026-08-01 03:51:20.152326,Sitapura Industrial,51.4,50.9,0.459,False
2026-08-01 04:51:20.152326,Sitapura Industrial,50.0,51.6,0.446,False
2026-08-01 05:51:20.152326,Sitapura Industrial,53.9,46.8,0.481,False
2026-08-01 06:51:20.152326,Sitapura Industrial,49.1,48.6,0.439,False
2026-08-01 07:51:20.152326,Sitapura Industrial,75.3,43.6,0.672,False
2026-08-01 08:51:20.152326,Sitapura Industrial,77.8,37.5,0.694,False
2026-08-01 09:51:20.152326,Sitapura Industrial,80.3,42.4,0.717,False
2026-08-01 10:51:20.152326,Sitapura Industrial,48.3,49.9,0.431,False
2026-08-01 11:51:20.152326,Sitapura Industrial,42.9,52.5,0.383,False
2026-08-01 12:51:20.152326,Sitapura Industrial,54.9,48.3,0.49,False
2026-08-01 13:51:20.152326,Sitapura Industrial,47.7,53.4,0.426,False
2026-08-01 14:51:20.152326,Sitapura Industrial,49.1,52.0,0.438,False
2026-08-01 15:51:20.152326,Sitapura Industrial,49.5,47.5,0.442,False
2026-08-01 16:51:20.152326,Sitapura Industrial,45.9,48.9,0.41,False
2026-08-01 17:51:20.152326,Sitapura Industrial,84.8,34.2,0.758,False
2026-08-01 18:51:20.152326,Sitapura Industrial,78.4,40.4,0.7,False
2026-08-01 19:51:20.152326,Sitapura Industrial,74.6,35.2,0.666,False
2026-08-01 20:51:20.152326,Sitapura Industrial,48.0,50.0,0.428,False
2026-08-01 21:51:20.152326,Sitapura Industrial,54.7,50.3,0.489,False
2026-08-01 22:51:20.152326,Sitapura Industrial,45.9,54.9,0.409,False
2026-08-01 23:51:20.152326,Sitapura Industrial,61.5,41.6,0.549,False
2026-08-02 00:51:20.152326,Sitapura Industrial,49.3,48.5,0.44,False
2026-08-02 01:51:20.152326,Sitapura Industrial,48.5,51.8,0.433,False
2026-08-02 02:51:20.152326,Sitapura Industrial,52.4,49.8,0.468,False
2026-08-02 03:51:20.152326,Sitapura Industrial,48.7,51.4,0.435,False
2026-08-02 04:51:20.152326,Sitapura Industrial,49.4,49.1,0.441,False
2026-08-02 05:51:20.152326,Sitapura Industrial,53.0,47.8,0.473,False
2026-08-02 06:51:20.152326,Sitapura Industrial,47.4,50.4,0.423,False
2026-08-02 07:51:20.152326,Sitapura Industrial,77.6,40.2,0.693,False
2026-08-02 08:51:20.152326,Sitapura Industrial,75.0,39.7,0.67,False
2026-08-02 09:51:20.152326,Sitapura Industrial,82.7,34.2,0.739,False
2026-08-02 10:51:20.152326,Sitapura Industrial,52.2,46.2,0.466,False
2026-08-02 11:51:20.152326,Sitapura Industrial,43.3,49.4,0.387,False
2026-08-02 12:51:20.152326,Sitapura Industrial,46.8,50.8,0.418,False
2026-08-02 13:51:20.152326,Sitapura Industrial,50.1,53.3,0.447,False
2026-08-02 14:51:20.152326,Sitapura Industrial,45.4,55.8,0.405,False
2026-08-02 15:51:20.152326,Sitapura Industrial,50.8,49.7,0.454,False
2026-08-02 16:51:20.152326,Sitapura Industrial,48.6,53.4,0.434,False
2026-08-02 17:51:20.152326,Sitapura Industrial,64.4,45.6,0.575,False
2026-08-02 18:51:20.152326,Sitapura Industrial,73.1,43.5,0.653,False
2026-08-02 19:51:20.152326,Sitapura Industrial,79.8,38.6,0.713,False
2026-08-02 20:51:20.152326,Sitapura Industrial,42.9,53.4,0.383,False
2026-08-02 21:51:20.152326,Sitapura Industrial,49.6,47.5,0.443,False
2026-08-02 22:51:20.152326,Sitapura Industrial,51.5,49.4,0.46,False
2026-08-02 23:51:20.152326,Sitapura Industrial,46.5,55.6,0.415,False
2026-08-03 00:51:20.152326,Sitapura Industrial,68.9,44.6,0.615,False
2026-08-03 01:51:20.152326,Sitapura Industrial,71.9,45.8,0.642,False
2026-08-03 02:51:20.152326,Sitapura Industrial,68.9,44.8,0.615,False
2026-08-03 03:51:20.152326,Sitapura Industrial,71.4,40.8,0.637,False
2026-08-03 04:51:20.152326,Sitapura Industrial,73.9,42.4,0.66,False
2026-08-03 05:51:20.152326,Sitapura Industrial,63.1,42.1,0.564,False
2026-08-03 06:51:20.152326,Sitapura Industrial,70.0,42.6,0.625,False
2026-08-03 07:51:20.152326,Sitapura Industrial,119.4,26.3,1.0,False
2026-08-03 08:51:20.152326,Sitapura Industrial,124.9,31.5,1.0,True
2026-08-03 09:51:20.152326,Sitapura Industrial,126.7,23.7,1.0,False
2026-08-03 10:51:20.152326,Sitapura Industrial,69.1,43.6,0.617,False
2026-08-03 11:51:20.152326,Sitapura Industrial,76.5,46.5,0.683,False
2026-08-03 12:51:20.152326,Sitapura Industrial,73.6,42.4,0.657,False
2026-08-03 13:51:20.152326,Sitapura Industrial,67.0,41.3,0.598,False
2026-08-03 14:51:20.152326,Sitapura Industrial,69.9,46.0,0.624,False
2026-08-03 15:51:20.152326,Sitapura Industrial,71.7,42.8,0.64,False
2026-08-03 16:51:20.152326,Sitapura Industrial,69.9,45.9,0.625,False
2026-08-03 17:51:20.152326,Sitapura Industrial,101.5,30.1,0.906,False
2026-08-03 18:51:20.152326,Sitapura Industrial,106.6,31.7,0.952,False
2026-08-03 19:51:20.152326,Sitapura Industrial,111.9,29.4,0.999,False
2026-08-03 20:51:20.152326,Sitapura Industrial,72.7,40.1,0.65,False
2026-08-03 21:51:20.152326,Sitapura Industrial,79.6,36.6,0.711,False
2026-08-03 22:51:20.152326,Sitapura Industrial,78.6,44.7,0.702,False
2026-08-03 23:51:20.152326,Sitapura Industrial,58.3,48.0,0.521,False
2026-08-04 00:51:20.152326,Sitapura Industrial,67.1,42.1,0.6,False
2026-08-04 01:51:20.152326,Sitapura Industrial,75.4,42.7,0.674,False
2026-08-04 02:51:20.152326,Sitapura Industrial,74.1,42.4,0.661,False
2026-08-04 03:51:20.152326,Sitapura Industrial,74.4,39.8,0.664,False
2026-08-04 04:51:20.152326,Sitapura Industrial,68.0,48.3,0.607,False
2026-08-04 05:51:20.152326,Sitapura Industrial,66.7,44.7,0.595,False
2026-08-04 06:51:20.152326,Sitapura Industrial,71.5,44.3,0.638,False
2026-08-04 07:51:20.152326,Sitapura Industrial,105.0,28.1,0.938,False
2026-08-04 08:51:20.152326,Sitapura Industrial,109.6,29.1,0.979,False
2026-08-04 09:51:20.152326,Sitapura Industrial,103.3,33.5,0.922,False
2026-08-04 10:51:20.152326,Sitapura Industrial,65.6,49.4,0.586,False
2026-08-04 11:51:20.152326,Sitapura Industrial,62.3,45.7,0.556,False
2026-08-04 12:51:20.152326,Sitapura Industrial,64.0,47.0,0.572,False
2026-08-04 13:51:20.152326,Sitapura Industrial,70.6,43.6,0.63,False
2026-08-04 14:51:20.152326,Sitapura Industrial,71.6,37.1,0.64,False
2026-08-04 15:51:20.152326,Sitapura Industrial,74.7,44.5,0.667,False
2026-08-04 16:51:20.152326,Sitapura Industrial,70.2,41.9,0.627,False
2026-08-04 17:51:20.152326,Sitapura Industrial,106.1,25.1,0.947,False
2026-08-04 18:51:20.152326,Sitapura Industrial,104.7,30.5,0.935,False
2026-08-04 19:51:20.152326,Sitapura Industrial,107.1,33.0,0.957,False
2026-08-04 20:51:20.152326,Sitapura Industrial,61.2,42.6,0.546,False
2026-08-04 21:51:20.152326,Sitapura Industrial,70.4,41.0,0.628,False
2026-08-04 22:51:20.152326,Sitapura Industrial,69.7,38.1,0.623,False
2026-08-04 23:51:20.152326,Sitapura Industrial,83.8,39.6,0.748,False
2026-08-05 00:51:20.152326,Sitapura Industrial,69.8,46.4,0.623,False
2026-08-05 01:51:20.152326,Sitapura Industrial,63.9,51.0,0.571,False
2026-08-05 02:51:20.152326,Sitapura Industrial,74.0,45.9,0.661,False
2026-08-05 03:51:20.152326,Sitapura Industrial,64.1,47.3,0.572,False
2026-08-05 04:51:20.152326,Sitapura Industrial,74.0,42.0,0.661,False
2026-08-05 05:51:20.152326,Sitapura Industrial,74.6,39.7,0.666,False
2026-08-05 06:51:20.152326,Sitapura Industrial,57.2,44.5,0.511,False
2026-08-05 07:51:20.152326,Sitapura Industrial,107.1,22.9,0.956,False
2026-08-05 08:51:20.152326,Sitapura Industrial,108.3,30.9,0.967,False
2026-08-05 09:51:20.152326,Sitapura Industrial,126.7,26.3,1.0,False
2026-08-05 10:51:20.152326,Sitapura Industrial,60.4,43.3,0.539,False
2026-08-05 11:51:20.152326,Sitapura Industrial,71.3,37.8,0.637,False
2026-08-05 12:51:20.152326,Sitapura Industrial,69.0,46.9,0.616,False
2026-08-05 13:51:20.152326,Sitapura Industrial,66.4,43.8,0.593,False
2026-08-05 14:51:20.152326,Sitapura Industrial,69.2,44.8,0.618,False
2026-08-05 15:51:20.152326,Sitapura Industrial,70.5,44.3,0.629,False
2026-08-05 16:51:20.152326,Sitapura Industrial,65.0,46.7,0.58,False
2026-08-05 17:51:20.152326,Sitapura Industrial,119.5,28.7,1.0,False
2026-08-05 18:51:20.152326,Sitapura Industrial,104.7,35.6,0.935,False
2026-08-05 19:51:20.152326,Sitapura Industrial,98.9,33.9,0.883,False
2026-08-05 20:51:20.152326,Sitapura Industrial,75.0,40.3,0.67,False
2026-08-05 21:51:20.152326,Sitapura Industrial,67.9,46.1,0.606,False
2026-08-05 22:51:20.152326,Sitapura Industrial,69.6,42.7,0.621,False
2026-08-05 23:51:20.152326,Sitapura Industrial,77.5,39.8,0.692,False
2026-08-06 00:51:20.152326,Sitapura Industrial,65.7,49.4,0.586,False
2026-08-06 01:51:20.152326,Sitapura Industrial,70.4,40.8,0.628,False
2026-08-06 02:51:20.152326,Sitapura Industrial,68.3,37.1,0.609,False
2026-08-06 03:51:20.152326,Sitapura Industrial,72.3,42.1,0.645,False
2026-08-06 04:51:20.152326,Sitapura Industrial,77.0,36.6,0.688,False
2026-08-06 05:51:20.152326,Sitapura Industrial,63.7,41.4,0.569,True
2026-08-06 06:51:20.152326,Sitapura Industrial,66.3,44.7,0.592,False
2026-08-06 07:51:20.152326,Sitapura Industrial,123.9,25.3,1.0,False
2026-08-06 08:51:20.152326,Sitapura Industrial,110.0,28.7,0.983,False
2026-08-06 09:51:20.152326,Sitapura Industrial,131.6,28.5,1.0,False
2026-08-06 10:51:20.152326,Sitapura Industrial,68.4,44.2,0.611,False
2026-08-06 11:51:20.152326,Sitapura Industrial,75.2,40.0,0.672,False
2026-08-06 12:51:20.152326,Sitapura Industrial,68.0,43.1,0.607,False
2026-08-06 13:51:20.152326,Sitapura Industrial,58.3,49.6,0.521,False
2026-08-06 14:51:20.152326,Sitapura Industrial,72.2,47.3,0.645,False
2026-08-06 15:51:20.152326,Sitapura Industrial,73.0,39.6,0.652,False
2026-08-06 16:51:20.152326,Sitapura Industrial,81.6,39.7,0.729,False
2026-08-06 17:51:20.152326,Sitapura Industrial,110.7,23.4,0.989,False
2026-08-06 18:51:20.152326,Sitapura Industrial,100.6,34.2,0.898,False
2026-08-06 19:51:20.152326,Sitapura Industrial,107.7,34.3,0.962,False
2026-08-06 20:51:20.152326,Sitapura Industrial,79.4,42.0,0.708,False
2026-08-06 21:51:20.152326,Sitapura Industrial,67.6,43.6,0.604,False
2026-08-06 22:51:20.152326,Sitapura Industrial,68.8,41.5,0.614,False
2026-08-06 23:51:20.152326,Sitapura Industrial,75.0,39.0,0.67,False
2026-08-07 00:51:20.152326,Sitapura Industrial,70.4,41.9,0.628,False
2026-08-07 01:51:20.152326,Sitapura Industrial,67.4,46.3,0.602,False
2026-08-07 02:51:20.152326,Sitapura Industrial,68.5,47.2,0.612,False
2026-08-07 03:51:20.152326,Sitapura Industrial,72.3,40.0,0.645,False
2026-08-07 04:51:20.152326,Sitapura Industrial,67.1,47.1,0.599,False
2026-08-07 05:51:20.152326,Sitapura Industrial,63.9,50.8,0.57,False
2026-08-07 06:51:20.152326,Sitapura Industrial,71.9,40.7,0.642,False
2026-08-07 07:51:20.152326,Sitapura Industrial,120.9,27.6,1.0,False
2026-08-07 08:51:20.152326,Sitapura Industrial,119.7,27.3,1.0,False
2026-08-07 09:51:20.152326,Sitapura Industrial,109.5,28.4,0.977,False
2026-08-07 10:51:20.152326,Sitapura Industrial,62.4,49.3,0.557,False
2026-08-07 11:51:20.152326,Sitapura Industrial,60.9,45.2,0.544,False
2026-08-07 12:51:20.152326,Sitapura Industrial,63.0,46.6,0.563,False
2026-08-07 13:51:20.152326,Sitapura Industrial,75.3,36.6,0.672,False
2026-08-07 14:51:20.152326,Sitapura Industrial,73.2,41.6,0.654,False
2026-08-07 15:51:20.152326,Sitapura Industrial,68.7,44.3,0.614,False
2026-08-07 16:51:20.152326,Sitapura Industrial,76.9,40.3,0.687,False
2026-08-07 17:51:20.152326,Sitapura Industrial,97.7,34.0,0.873,False
2026-08-07 18:51:20.152326,Sitapura Industrial,101.5,31.1,0.906,False
2026-08-07 19:51:20.152326,Sitapura Industrial,112.4,33.7,1.0,False
2026-08-07 20:51:20.152326,Sitapura Industrial,69.3,42.2,0.618,False
2026-08-07 21:51:20.152326,Sitapura Industrial,66.9,45.2,0.598,False
2026-08-07 22:51:20.152326,Sitapura Industrial,64.2,45.7,0.574,False
2026-08-07 23:51:20.152326,Sitapura Industrial,66.1,44.3,0.59,False
2026-08-08 00:51:20.152326,Sitapura Industrial,52.1,49.3,0.465,False
2026-08-08 01:51:20.152326,Sitapura Industrial,44.1,52.0,0.394,False
2026-08-08 02:51:20.152326,Sitapura Industrial,50.8,47.3,0.453,False
2026-08-08 03:51:20.152326,Sitapura Industrial,58.0,48.9,0.517,False
2026-08-08 04:51:20.152326,Sitapura Industrial,43.4,50.6,0.388,False
2026-08-08 05:51:20.152326,Sitapura Industrial,52.3,50.6,0.467,False
2026-08-08 06:51:20.152326,Sitapura Industrial,49.6,52.5,0.443,False
2026-08-08 07:51:20.152326,Sitapura Industrial,75.1,37.5,0.671,False
2026-08-08 08:51:20.152326,Sitapura Industrial,69.8,40.3,0.623,False
2026-08-08 09:51:20.152326,Sitapura Industrial,82.3,42.7,0.735,False
2026-08-08 10:51:20.152326,Sitapura Industrial,55.4,46.2,0.494,False
2026-08-08 11:51:20.152326,Sitapura Industrial,41.1,51.1,0.367,False
2026-08-08 12:51:20.152326,Sitapura Industrial,54.8,56.4,0.489,False
2026-08-08 13:51:20.152326,Sitapura Industrial,49.4,48.9,0.441,False
2026-08-08 14:51:20.152326,Sitapura Industrial,45.4,45.9,0.405,False
2026-08-08 15:51:20.152326,Sitapura Industrial,52.7,50.8,0.47,False
2026-08-08 16:51:20.152326,Sitapura Industrial,52.3,50.6,0.467,False
2026-08-08 17:51:20.152326,Sitapura Industrial,89.3,31.0,0.797,False
2026-08-08 18:51:20.152326,Sitapura Industrial,69.3,42.3,0.618,False
2026-08-08 19:51:20.152326,Sitapura Industrial,70.1,48.7,0.626,False
2026-08-08 20:51:20.152326,Sitapura Industrial,49.2,46.5,0.439,False
2026-08-08 21:51:20.152326,Sitapura Industrial,51.5,49.3,0.46,False
2026-08-08 22:51:20.152326,Sitapura Industrial,42.3,50.8,0.378,False
2026-08-08 23:51:20.152326,Sitapura Industrial,42.8,50.6,0.382,False
2026-08-09 00:51:20.152326,Sitapura Industrial,49.5,49.3,0.442,False
2026-08-09 01:51:20.152326,Sitapura Industrial,47.3,53.3,0.423,False
2026-08-09 02:51:20.152326,Sitapura Industrial,48.0,47.0,0.429,False
2026-08-09 03:51:20.152326,Sitapura Industrial,46.5,54.0,0.415,False
2026-08-09 04:51:20.152326,Sitapura Industrial,51.4,47.4,0.459,False
2026-08-09 05:51:20.152326,Sitapura Industrial,48.9,48.5,0.437,False
2026-08-09 06:51:20.152326,Sitapura Industrial,47.9,52.2,0.428,False
2026-08-09 07:51:20.152326,Sitapura Industrial,79.7,38.4,0.712,False
2026-08-09 08:51:20.152326,Sitapura Industrial,75.1,41.0,0.67,False
2026-08-09 09:51:20.152326,Sitapura Industrial,75.9,42.9,0.678,False
2026-08-09 10:51:20.152326,Sitapura Industrial,54.4,47.6,0.486,False
2026-08-09 11:51:20.152326,Sitapura Industrial,49.1,50.0,0.438,False
2026-08-09 12:51:20.152326,Sitapura Industrial,48.7,51.3,0.435,False
2026-08-09 13:51:20.152326,Sitapura Industrial,50.0,47.1,0.446,False
2026-08-09 14:51:20.152326,Sitapura Industrial,42.3,53.0,0.378,False
2026-08-09 15:51:20.152326,Sitapura Industrial,45.9,48.8,0.41,False
2026-08-09 16:51:20.152326,Sitapura Industrial,56.5,52.6,0.504,False
2026-08-09 17:51:20.152326,Sitapura Industrial,79.9,38.8,0.714,False
2026-08-09 18:51:20.152326,Sitapura Industrial,82.3,41.3,0.735,False
2026-08-09 19:51:20.152326,Sitapura Industrial,79.2,38.8,0.707,False
2026-08-09 20:51:20.152326,Sitapura Industrial,52.8,48.8,0.472,False
2026-08-09 21:51:20.152326,Sitapura Industrial,51.6,47.8,0.461,False
2026-08-09 22:51:20.152326,Sitapura Industrial,42.7,50.6,0.381,False
2026-08-09 23:51:20.152326,Sitapura Industrial,49.6,50.0,0.443,False
2026-08-10 00:51:20.152326,Sitapura Industrial,75.1,36.4,0.67,False
2026-08-10 01:51:20.152326,Sitapura Industrial,65.5,42.3,0.585,False
2026-08-10 02:51:20.152326,Sitapura Industrial,74.3,36.6,0.663,False
2026-08-10 03:51:20.152326,Sitapura Industrial,72.2,45.1,0.645,False
2026-08-10 04:51:20.152326,Sitapura Industrial,65.9,42.5,0.589,False
2026-08-10 05:51:20.152326,Sitapura Industrial,77.8,41.3,0.695,False
2026-08-10 06:51:20.152326,Sitapura Industrial,60.4,43.8,0.539,False
2026-08-10 07:51:20.152326,Sitapura Industrial,115.6,30.3,1.0,False
2026-08-10 08:51:20.152326,Sitapura Industrial,120.1,23.5,1.0,False
2026-08-10 09:51:20.152326,Sitapura Industrial,107.8,33.6,0.963,True
2026-08-10 10:51:20.152326,Sitapura Industrial,77.6,44.9,0.693,False
2026-08-10 11:51:20.152326,Sitapura Industrial,77.7,38.6,0.694,False
2026-08-10 12:51:20.152326,Sitapura Industrial,73.2,38.3,0.654,False
2026-08-10 13:51:20.152326,Sitapura Industrial,60.3,45.8,0.538,False
2026-08-10 14:51:20.152326,Sitapura Industrial,73.1,43.7,0.653,False
2026-08-10 15:51:20.152326,Sitapura Industrial,69.6,49.7,0.621,False
2026-08-10 16:51:20.152326,Sitapura Industrial,68.6,42.0,0.613,False
2026-08-10 17:51:20.152326,Sitapura Industrial,119.4,28.6,1.0,False
2026-08-10 18:51:20.152326,Sitapura Industrial,120.2,26.1,1.0,False
2026-08-10 19:51:20.152326,Sitapura Industrial,89.3,40.0,0.798,False
2026-08-10 20:51:20.152326,Sitapura Industrial,71.3,43.7,0.636,False
2026-08-10 21:51:20.152326,Sitapura Industrial,61.2,43.6,0.546,False
2026-08-10 22:51:20.152326,Sitapura Industrial,70.4,44.8,0.628,False
2026-08-10 23:51:20.152326,Sitapura Industrial,78.1,41.0,0.697,False
2026-08-11 00:51:20.152326,Sitapura Industrial,64.4,43.2,0.575,False
2026-08-11 01:51:20.152326,Sitapura Industrial,78.3,41.7,0.699,False
2026-08-11 02:51:20.152326,Sitapura Industrial,61.8,45.8,0.552,False
2026-08-11 03:51:20.152326,Sitapura Industrial,73.9,43.9,0.66,False
2026-08-11 04:51:20.152326,Sitapura Industrial,69.0,42.9,0.616,False
2026-08-11 05:51:20.152326,Sitapura Industrial,71.7,39.1,0.64,False
2026-08-11 06:51:20.152326,Sitapura Industrial,68.7,43.4,0.614,False
2026-08-11 07:51:20.152326,Sitapura Industrial,135.1,22.9,1.0,False
2026-08-11 08:51:20.152326,Sitapura Industrial,124.2,25.0,1.0,False
2026-08-11 09:51:20.152326,Sitapura Industrial,109.1,30.8,0.974,False
2026-08-11 10:51:20.152326,Sitapura Industrial,79.6,38.0,0.71,False
2026-08-11 11:51:20.152326,Sitapura Industrial,73.6,40.9,0.657,False
2026-08-11 12:51:20.152326,Sitapura Industrial,81.8,39.3,0.73,False
2026-08-11 13:51:20.152326,Sitapura Industrial,73.1,38.9,0.653,False
2026-08-11 14:51:20.152326,Sitapura Industrial,62.4,45.2,0.558,False
2026-08-11 15:51:20.152326,Sitapura Industrial,68.6,44.6,0.612,False
2026-08-11 16:51:20.152326,Sitapura Industrial,68.7,49.2,0.613,False
2026-08-11 17:51:20.152326,Sitapura Industrial,106.2,34.4,0.948,False
2026-08-11 18:51:20.152326,Sitapura Industrial,105.0,31.9,0.937,True
2026-08-11 19:51:20.152326,Sitapura Industrial,109.6,26.3,0.979,False
2026-08-11 20:51:20.152326,Sitapura Industrial,74.2,41.1,0.663,False
2026-08-11 21:51:20.152326,Sitapura Industrial,68.3,45.0,0.61,False
2026-08-11 22:51:20.152326,Sitapura Industrial,67.2,42.9,0.6,False
2026-08-11 23:51:20.152326,Sitapura Industrial,73.1,46.5,0.653,False
2026-08-12 00:51:20.152326,Sitapura Industrial,71.8,47.3,0.641,False
2026-08-12 01:51:20.152326,Sitapura Industrial,61.8,48.8,0.552,False
2026-08-12 02:51:20.152326,Sitapura Industrial,74.8,43.5,0.668,False
2026-08-12 03:51:20.152326,Sitapura Industrial,63.0,42.5,0.563,False
2026-08-12 04:51:20.152326,Sitapura Industrial,65.3,42.5,0.583,False
2026-08-12 05:51:20.152326,Sitapura Industrial,67.7,42.3,0.604,False
2026-08-12 06:51:20.152326,Sitapura Industrial,72.2,40.6,0.645,False
2026-08-12 07:51:20.152326,Sitapura Industrial,107.9,28.3,0.963,False
2026-08-12 08:51:20.152326,Sitapura Industrial,106.6,33.4,0.952,False
2026-08-12 09:51:20.152326,Sitapura Industrial,100.0,39.3,0.893,False
2026-08-12 10:51:20.152326,Sitapura Industrial,73.3,47.5,0.655,False
2026-08-12 11:51:20.152326,Sitapura Industrial,63.7,44.8,0.569,False
2026-08-12 12:51:20.152326,Sitapura Industrial,77.8,35.6,0.695,False
2026-08-12 13:51:20.152326,Sitapura Industrial,67.7,41.5,0.604,False
2026-08-12 14:51:20.152326,Sitapura Industrial,76.8,43.4,0.686,False
2026-08-12 15:51:20.152326,Sitapura Industrial,63.9,47.5,0.57,False
2026-08-12 16:51:20.152326,Sitapura Industrial,75.4,43.1,0.673,False
2026-08-12 17:51:20.152326,Sitapura Industrial,116.3,27.8,1.0,False
2026-08-12 18:51:20.152326,Sitapura Industrial,133.7,15.0,1.0,False
2026-08-12 19:51:20.152326,Sitapura Industrial,90.4,32.5,0.807,False
2026-08-12 20:51:20.152326,Sitapura Industrial,72.6,43.6,0.649,False
2026-08-12 21:51:20.152326,Sitapura Industrial,64.7,49.0,0.578,False
2026-08-12 22:51:20.152326,Sitapura Industrial,71.4,33.6,0.637,False
2026-08-12 23:51:20.152326,Sitapura Industrial,71.5,38.4,0.638,False
2026-08-13 00:51:20.152326,Sitapura Industrial,67.3,38.7,0.601,False
2026-08-13 01:51:20.152326,Sitapura Industrial,67.5,42.6,0.603,False
2026-08-13 02:51:20.152326,Sitapura Industrial,64.8,42.8,0.578,False
2026-08-13 03:51:20.152326,Sitapura Industrial,64.7,44.2,0.578,False
2026-08-13 04:51:20.152326,Sitapura Industrial,69.6,44.9,0.622,False
2026-08-13 05:51:20.152326,Sitapura Industrial,65.6,43.1,0.585,False
2026-08-13 06:51:20.152326,Sitapura Industrial,69.8,46.1,0.623,False
2026-08-13 07:51:20.152326,Sitapura Industrial,109.6,27.6,0.979,False
2026-08-13 08:51:20.152326,Sitapura Industrial,109.9,28.7,0.982,False
2026-08-13 09:51:20.152326,Sitapura Industrial,127.3,30.2,1.0,False
2026-08-13 10:51:20.152326,Sitapura Industrial,82.7,40.6,0.739,False
2026-08-13 11:51:20.152326,Sitapura Industrial,72.1,47.2,0.644,False
2026-08-13 12:51:20.152326,Sitapura Industrial,62.1,41.8,0.555,False
2026-08-13 13:51:20.152326,Sitapura Industrial,71.0,45.8,0.634,False
2026-08-13 14:51:20.152326,Sitapura Industrial,70.1,40.6,0.626,False
2026-08-13 15:51:20.152326,Sitapura Industrial,69.0,35.6,0.616,False
2026-08-13 16:51:20.152326,Sitapura Industrial,75.2,35.8,0.672,False
2026-08-13 17:51:20.152326,Sitapura Industrial,90.2,35.7,0.806,False
2026-08-13 18:51:20.152326,Sitapura Industrial,113.2,31.0,1.0,False
2026-08-13 19:51:20.152326,Sitapura Industrial,115.5,27.8,1.0,False
2026-08-13 20:51:20.152326,Sitapura Industrial,85.1,39.3,0.759,False
2026-08-13 21:51:20.152326,Sitapura Industrial,61.1,42.3,0.545,False
2026-08-13 22:51:20.152326,Sitapura Industrial,64.0,45.5,0.572,False
2026-08-13 23:51:20.152326,Sitapura Industrial,70.0,40.3,0.625,False
2026-08-14 00:51:20.152326,Sitapura Industrial,68.4,38.3,0.611,False
2026-08-14 01:51:20.152326,Sitapura Industrial,68.7,45.3,0.614,False
2026-08-14 02:51:20.152326,Sitapura Industrial,70.4,41.6,0.628,False
2026-08-14 03:51:20.152326,Sitapura Industrial,62.8,51.0,0.561,False
2026-08-14 04:51:20.152326,Sitapura Industrial,70.1,42.3,0.626,False
2026-08-14 05:51:20.152326,Sitapura Industrial,63.9,46.5,0.57,False
2026-08-14 06:51:20.152326,Sitapura Industrial,68.4,42.8,0.611,False
2026-08-14 07:51:20.152326,Sitapura Industrial,119.6,22.9,1.0,False
2026-08-14 08:51:20.152326,Sitapura Industrial,127.7,29.5,1.0,False
2026-08-14 09:51:20.152326,Sitapura Industrial,108.3,33.1,0.967,False
2026-08-14 10:51:20.152326,Sitapura Industrial,74.2,39.9,0.662,False
2026-08-14 11:51:20.152326,Sitapura Industrial,68.1,46.9,0.608,False
2026-08-14 12:51:20.152326,Sitapura Industrial,80.2,41.1,0.716,False
2026-08-14 13:51:20.152326,Sitapura Industrial,81.0,42.2,0.723,False
2026-08-14 14:51:20.152326,Sitapura Industrial,74.2,48.1,0.662,False
2026-08-14 15:51:20.152326,Sitapura Industrial,60.7,49.8,0.542,False
2026-08-14 16:51:20.152326,Sitapura Industrial,67.2,41.7,0.6,False
2026-08-14 17:51:20.152326,Sitapura Industrial,98.1,30.7,0.876,False
2026-08-14 18:51:20.152326,Sitapura Industrial,109.3,29.7,0.976,False
2026-08-14 19:51:20.152326,Sitapura Industrial,94.1,36.4,0.84,False
2026-08-14 20:51:20.152326,Sitapura Industrial,69.5,45.7,0.62,False
2026-08-14 21:51:20.152326,Sitapura Industrial,69.5,42.8,0.621,False
2026-08-14 22:51:20.152326,Sitapura Industrial,67.5,40.0,0.603,False
2026-08-14 23:51:20.152326,Sitapura Industrial,69.1,40.9,0.617,False
2026-08-15 00:51:20.152326,Sitapura Industrial,53.5,46.0,0.478,False
2026-08-15 01:51:20.152326,Sitapura Industrial,54.1,47.1,0.483,False
2026-08-15 02:51:20.152326,Sitapura Industrial,46.8,54.3,0.418,False
2026-08-15 03:51:20.152326,Sitapura Industrial,42.3,54.5,0.378,False
2026-08-15 04:51:20.152326,Sitapura Industrial,47.0,53.6,0.42,False
2026-08-15 05:51:20.152326,Sitapura Industrial,45.1,46.9,0.403,False
2026-08-15 06:51:20.152326,Sitapura Industrial,39.3,56.0,0.351,False
2026-08-15 07:51:20.152326,Sitapura Industrial,66.6,45.3,0.595,False
2026-08-15 08:51:20.152326,Sitapura Industrial,73.3,43.1,0.655,False
2026-08-15 09:51:20.152326,Sitapura Industrial,88.9,33.6,0.794,False
2026-08-15 10:51:20.152326,Sitapura Industrial,50.3,54.8,0.449,False
2026-08-15 11:51:20.152326,Sitapura Industrial,56.6,48.4,0.505,False
2026-08-15 12:51:20.152326,Sitapura Industrial,57.3,46.7,0.512,False
2026-08-15 13:51:20.152326,Sitapura Industrial,54.0,48.1,0.482,False
2026-08-15 14:51:20.152326,Sitapura Industrial,52.4,49.1,0.468,False
2026-08-15 15:51:20.152326,Sitapura Industrial,52.0,51.4,0.465,False
2026-08-15 16:51:20.152326,Sitapura Industrial,47.2,59.7,0.422,False
2026-08-15 17:51:20.152326,Sitapura Industrial,78.3,43.5,0.699,False
2026-08-15 18:51:20.152326,Sitapura Industrial,65.1,40.3,0.581,False
2026-08-15 19:51:20.152326,Sitapura Industrial,86.9,33.3,0.776,False
2026-08-15 20:51:20.152326,Sitapura Industrial,45.8,51.3,0.409,False
2026-08-15 21:51:20.152326,Sitapura Industrial,48.1,54.0,0.429,False
2026-08-15 22:51:20.152326,Sitapura Industrial,52.0,43.3,0.464,False
2026-08-15 23:51:20.152326,Sitapura Industrial,49.5,51.8,0.442,False
2026-08-16 00:51:20.152326,Sitapura Industrial,50.4,47.4,0.45,False
2026-08-16 01:51:20.152326,Sitapura Industrial,49.6,46.5,0.443,False
2026-08-16 02:51:20.152326,Sitapura Industrial,47.4,48.8,0.423,True
2026-08-16 03:51:20.152326,Sitapura Industrial,42.9,46.5,0.383,False
2026-08-16 04:51:20.152326,Sitapura Industrial,51.4,51.1,0.459,False
2026-08-16 05:51:20.152326,Sitapura Industrial,57.2,44.1,0.511,False
2026-08-16 06:51:20.152326,Sitapura Industrial,46.8,48.9,0.418,False
2026-08-16 07:51:20.152326,Sitapura Industrial,75.3,44.1,0.672,False
2026-08-16 08:51:20.152326,Sitapura Industrial,75.7,39.6,0.676,False
2026-08-16 09:51:20.152326,Sitapura Industrial,84.3,38.4,0.752,False
2026-08-16 10:51:20.152326,Sitapura Industrial,55.2,47.6,0.493,False
2026-08-16 11:51:20.152326,Sitapura Industrial,46.0,51.2,0.41,False
2026-08-16 12:51:20.152326,Sitapura Industrial,46.7,51.3,0.417,False
2026-08-16 13:51:20.152326,Sitapura Industrial,44.4,51.0,0.396,False
2026-08-16 14:51:20.152326,Sitapura Industrial,43.1,57.5,0.385,False
2026-08-16 15:51:20.152326,Sitapura Industrial,46.7,46.5,0.417,False
2026-08-16 16:51:20.152326,Sitapura Industrial,44.5,49.6,0.397,False
2026-08-16 17:51:20.152326,Sitapura Industrial,67.0,47.4,0.599,False
2026-08-16 18:51:20.152326,Sitapura Industrial,76.9,38.7,0.686,False
2026-08-16 19:51:20.152326,Sitapura Industrial,64.8,50.6,0.578,False
2026-08-16 20:51:20.152326,Sitapura Industrial,43.2,50.4,0.386,False
2026-08-16 21:51:20.152326,Sitapura Industrial,53.7,45.8,0.48,False
2026-08-16 22:51:20.152326,Sitapura Industrial,50.8,45.9,0.453,False
2026-08-16 23:51:20.152326,Sitapura Industrial,47.6,52.6,0.425,False
2026-08-17 00:51:20.152326,Sitapura Industrial,72.9,36.8,0.651,False
2026-08-17 01:51:20.152326,Sitapura Industrial,71.1,42.7,0.635,False
2026-08-17 02:51:20.152326,Sitapura Industrial,78.0,41.2,0.697,False
2026-08-17 03:51:20.152326,Sitapura Industrial,83.8,40.4,0.748,False
2026-08-17 04:51:20.152326,Sitapura Industrial,58.2,41.5,0.52,False
2026-08-17 05:51:20.152326,Sitapura Industrial,71.8,40.9,0.641,False
2026-08-17 06:51:20.152326,Sitapura Industrial,59.5,44.4,0.532,False
2026-08-17 07:51:20.152326,Sitapura Industrial,128.3,20.4,1.0,False
2026-08-17 08:51:20.152326,Sitapura Industrial,110.2,29.8,0.984,False
2026-08-17 09:51:20.152326,Sitapura Industrial,111.3,28.9,0.994,False
2026-08-17 10:51:20.152326,Sitapura Industrial,73.6,41.2,0.657,False
2026-08-17 11:51:20.152326,Sitapura Industrial,61.2,45.1,0.546,False
2026-08-17 12:51:20.152326,Sitapura Industrial,69.7,37.7,0.623,False
2026-08-17 13:51:20.152326,Sitapura Industrial,74.6,40.7,0.666,False
2026-08-17 14:51:20.152326,Sitapura Industrial,71.2,46.1,0.636,False
2026-08-17 15:51:20.152326,Sitapura Industrial,65.8,48.0,0.587,False
2026-08-17 16:51:20.152326,Sitapura Industrial,62.6,42.8,0.559,False
2026-08-17 17:51:20.152326,Sitapura Industrial,95.1,33.9,0.849,False
2026-08-17 18:51:20.152326,Sitapura Industrial,93.9,33.9,0.839,False
2026-08-17 19:51:20.152326,Sitapura Industrial,125.1,25.5,1.0,False
2026-08-17 20:51:20.152326,Sitapura Industrial,75.9,39.9,0.677,False
2026-08-17 21:51:20.152326,Sitapura Industrial,71.6,43.7,0.639,False
2026-08-17 22:51:20.152326,Sitapura Industrial,71.5,40.8,0.638,False
2026-08-17 23:51:20.152326,Sitapura Industrial,71.3,42.0,0.637,False
2026-08-18 00:51:20.152326,Sitapura Industrial,72.0,38.8,0.643,False
2026-08-18 01:51:20.152326,Sitapura Industrial,72.7,47.0,0.649,False
2026-08-18 02:51:20.152326,Sitapura Industrial,74.5,44.6,0.665,False
2026-08-18 03:51:20.152326,Sitapura Industrial,77.6,32.9,0.693,False
2026-08-18 04:51:20.152326,Sitapura Industrial,66.6,45.8,0.595,False
2026-08-18 05:51:20.152326,Sitapura Industrial,71.6,42.4,0.639,False
2026-08-18 06:51:20.152326,Sitapura Industrial,66.2,41.2,0.591,False
2026-08-18 07:51:20.152326,Sitapura Industrial,124.2,26.1,1.0,False
2026-08-18 08:51:20.152326,Sitapura Industrial,120.2,29.0,1.0,False
2026-08-18 09:51:20.152326,Sitapura Industrial,121.0,28.6,1.0,False
2026-08-18 10:51:20.152326,Sitapura Industrial,71.6,43.7,0.639,False
2026-08-18 11:51:20.152326,Sitapura Industrial,54.9,45.9,0.49,False
2026-08-18 12:51:20.152326,Sitapura Industrial,71.0,36.9,0.634,False
2026-08-18 13:51:20.152326,Sitapura Industrial,68.9,43.8,0.615,False
2026-08-18 14:51:20.152326,Sitapura Industrial,61.2,44.7,0.547,False
2026-08-18 15:51:20.152326,Sitapura Industrial,76.9,37.2,0.686,False
2026-08-18 16:51:20.152326,Sitapura Industrial,64.7,43.2,0.578,False
2026-08-18 17:51:20.152326,Sitapura Industrial,121.8,29.1,1.0,False
2026-08-18 18:51:20.152326,Sitapura Industrial,121.9,22.8,1.0,False
2026-08-18 19:51:20.152326,Sitapura Industrial,117.3,25.5,1.0,False
2026-08-18 20:51:20.152326,Sitapura Industrial,73.4,37.1,0.656,False
2026-08-18 21:51:20.152326,Sitapura Industrial,72.6,39.7,0.649,False
2026-08-18 22:51:20.152326,Sitapura Industrial,70.0,44.5,0.625,False
2026-08-18 23:51:20.152326,Sitapura Industrial,68.9,41.8,0.615,False
2026-08-19 00:51:20.152326,Sitapura Industrial,81.0,38.3,0.723,False
2026-08-19 01:51:20.152326,Sitapura Industrial,66.8,39.7,0.597,False
2026-08-19 02:51:20.152326,Sitapura Industrial,67.3,42.3,0.601,False
2026-08-19 03:51:20.152326,Sitapura Industrial,68.8,43.1,0.614,False
2026-08-19 04:51:20.152326,Sitapura Industrial,70.3,45.7,0.628,False
2026-08-19 05:51:20.152326,Sitapura Industrial,71.4,40.1,0.637,False
2026-08-19 06:51:20.152326,Sitapura Industrial,62.1,54.1,0.554,False
2026-08-19 07:51:20.152326,Sitapura Industrial,102.4,31.3,0.914,False
2026-08-19 08:51:20.152326,Sitapura Industrial,123.0,28.2,1.0,False
2026-08-19 09:51:20.152326,Sitapura Industrial,110.4,26.5,0.986,False
2026-08-19 10:51:20.152326,Sitapura Industrial,74.0,35.2,0.661,False
2026-08-19 11:51:20.152326,Sitapura Industrial,69.2,50.0,0.617,False
2026-08-19 12:51:20.152326,Sitapura Industrial,67.3,40.3,0.601,False
2026-08-19 13:51:20.152326,Sitapura Industrial,71.5,43.8,0.638,False
2026-08-19 14:51:20.152326,Sitapura Industrial,73.6,43.3,0.657,False
2026-08-19 15:51:20.152326,Sitapura Industrial,72.9,42.4,0.651,False
2026-08-19 16:51:20.152326,Sitapura Industrial,77.3,40.6,0.69,False
2026-08-19 17:51:20.152326,Sitapura Industrial,116.5,29.9,1.0,False
2026-08-19 18:51:20.152326,Sitapura Industrial,106.5,34.5,0.951,False
2026-08-19 19:51:20.152326,Sitapura Industrial,105.8,30.3,0.945,False
2026-08-19 20:51:20.152326,Sitapura Industrial,75.2,39.7,0.671,False
2026-08-19 21:51:20.152326,Sitapura Industrial,76.1,41.3,0.679,False
2026-08-19 22:51:20.152326,Sitapura Industrial,74.0,42.0,0.661,False
2026-08-19 23:51:20.152326,Sitapura Industrial,75.7,42.3,0.676,False
2026-08-20 00:51:20.152326,Sitapura Industrial,70.0,44.9,0.625,False
2026-08-20 01:51:20.152326,Sitapura Industrial,74.0,42.0,0.661,False
2026-08-20 02:51:20.152326,Sitapura Industrial,71.9,38.8,0.642,False
2026-08-20 03:51:20.152326,Sitapura Industrial,64.3,51.0,0.574,False
2026-08-20 04:51:20.152326,Sitapura Industrial,63.7,42.9,0.569,False
2026-08-20 05:51:20.152326,Sitapura Industrial,63.7,43.7,0.568,False
2026-08-20 06:51:20.152326,Sitapura Industrial,77.8,47.9,0.695,False
2026-08-20 07:51:20.152326,Sitapura Industrial,129.1,24.2,1.0,False
2026-08-20 08:51:20.152326,Sitapura Industrial,100.8,33.6,0.9,False
2026-08-20 09:51:20.152326,Sitapura Industrial,131.8,27.3,1.0,False
2026-08-20 10:51:20.152326,Sitapura Industrial,66.8,38.4,0.597,False
2026-08-20 11:51:20.152326,Sitapura Industrial,78.2,46.6,0.698,False
2026-08-20 12:51:20.152326,Sitapura Industrial,78.2,39.8,0.698,False
2026-08-20 13:51:20.152326,Sitapura Industrial,67.0,49.7,0.598,False
2026-08-20 14:51:20.152326,Sitapura Industrial,69.9,36.8,0.624,False
2026-08-20 15:51:20.152326,Sitapura Industrial,73.6,37.9,0.657,False
2026-08-20 16:51:20.152326,Sitapura Industrial,70.5,39.2,0.63,False
2026-08-20 17:51:20.152326,Sitapura Industrial,126.4,22.8,1.0,False
2026-08-20 18:51:20.152326,Sitapura Industrial,128.1,25.0,1.0,False
2026-08-20 19:51:20.152326,Sitapura Industrial,107.7,30.2,0.962,False
2026-08-20 20:51:20.152326,Sitapura Industrial,58.6,44.5,0.523,False
2026-08-20 21:51:20.152326,Sitapura Industrial,70.1,43.1,0.626,False
2026-08-20 22:51:20.152326,Sitapura Industrial,63.6,43.0,0.568,False
2026-08-20 23:51:20.152326,Sitapura Industrial,70.3,46.8,0.628,False
2026-08-21 00:51:20.152326,Sitapura Industrial,77.0,39.7,0.687,False
2026-08-21 01:51:20.152326,Sitapura Industrial,77.3,42.6,0.69,False
2026-08-21 02:51:20.152326,Sitapura Industrial,66.9,44.7,0.597,False
2026-08-21 03:51:20.152326,Sitapura Industrial,70.4,45.8,0.628,False
2026-08-21 04:51:20.152326,Sitapura Industrial,71.2,45.4,0.635,False
2026-08-21 05:51:20.152326,Sitapura Industrial,77.1,41.3,0.689,False
2026-08-21 06:51:20.152326,Sitapura Industrial,64.8,45.3,0.579,False
2026-08-21 07:51:20.152326,Sitapura Industrial,122.2,29.2,1.0,False
2026-08-21 08:51:20.152326,Sitapura Industrial,102.7,36.2,0.917,False
2026-08-21 09:51:20.152326,Sitapura Industrial,111.6,34.3,0.996,False
2026-08-21 10:51:20.152326,Sitapura Industrial,74.8,42.0,0.668,False
2026-08-21 11:51:20.152326,Sitapura Industrial,78.6,41.3,0.702,False
2026-08-21 12:51:20.152326,Sitapura Industrial,70.3,41.6,0.628,False
2026-08-21 13:51:20.152326,Sitapura Industrial,73.8,45.4,0.659,False
2026-08-21 14:51:20.152326,Sitapura Industrial,77.3,46.3,0.69,False
2026-08-21 15:51:20.152326,Sitapura Industrial,68.3,45.2,0.61,False
2026-08-21 16:51:20.152326,Sitapura Industrial,69.7,43.3,0.622,False
2026-08-21 17:51:20.152326,Sitapura Industrial,107.5,32.3,0.959,False
2026-08-21 18:51:20.152326,Sitapura Industrial,97.3,34.5,0.869,False
2026-08-21 19:51:20.152326,Sitapura Industrial,111.3,31.6,0.994,False
2026-08-21 20:51:20.152326,Sitapura Industrial,68.5,45.3,0.612,False
2026-08-21 21:51:20.152326,Sitapura Industrial,69.9,38.7,0.624,False
2026-08-21 22:51:20.152326,Sitapura Industrial,68.6,45.2,0.613,False
2026-08-21 23:51:20.152326,Sitapura Industrial,75.8,38.5,0.677,False
2026-08-22 00:51:20.152326,Sitapura Industrial,40.3,52.3,0.36,False
2026-08-22 01:51:20.152326,Sitapura Industrial,47.4,46.9,0.423,False
2026-08-22 02:51:20.152326,Sitapura Industrial,45.0,50.7,0.402,False
2026-08-22 03:51:20.152326,Sitapura Industrial,52.1,44.2,0.465,False
2026-08-22 04:51:20.152326,Sitapura Industrial,56.5,45.6,0.504,False
2026-08-22 05:51:20.152326,Sitapura Industrial,48.6,50.0,0.434,False
2026-08-22 06:51:20.152326,Sitapura Industrial,42.7,52.9,0.382,False
2026-08-22 07:51:20.152326,Sitapura Industrial,84.4,38.2,0.753,False
2026-08-22 08:51:20.152326,Sitapura Industrial,80.1,35.8,0.715,False
2026-08-22 09:51:20.152326,Sitapura Industrial,80.3,44.3,0.717,False
2026-08-22 10:51:20.152326,Sitapura Industrial,40.6,51.1,0.362,False
2026-08-22 11:51:20.152326,Sitapura Industrial,57.7,46.4,0.516,False
2026-08-22 12:51:20.152326,Sitapura Industrial,51.6,53.2,0.461,False
2026-08-22 13:51:20.152326,Sitapura Industrial,52.7,49.8,0.47,False
2026-08-22 14:51:20.152326,Sitapura Industrial,55.9,50.8,0.499,False
2026-08-22 15:51:20.152326,Sitapura Industrial,46.5,46.1,0.415,False
2026-08-22 16:51:20.152326,Sitapura Industrial,50.5,51.6,0.451,False
2026-08-22 17:51:20.152326,Sitapura Industrial,78.0,44.4,0.697,False
2026-08-22 18:51:20.152326,Sitapura Industrial,75.3,39.6,0.672,False
2026-08-22 19:51:20.152326,Sitapura Industrial,80.5,36.0,0.719,False
2026-08-22 20:51:20.152326,Sitapura Industrial,43.7,51.9,0.39,False
2026-08-22 21:51:20.152326,Sitapura Industrial,38.3,53.0,0.342,False
2026-08-22 22:51:20.152326,Sitapura Industrial,51.8,50.2,0.462,False
2026-08-22 23:51:20.152326,Sitapura Industrial,45.3,47.9,0.405,False
2026-08-23 00:51:20.152326,Sitapura Industrial,46.1,52.4,0.411,False
2026-08-23 01:51:20.152326,Sitapura Industrial,53.2,50.0,0.475,False
2026-08-23 02:51:20.152326,Sitapura Industrial,47.2,46.7,0.422,False
2026-08-23 03:51:20.152326,Sitapura Industrial,47.2,55.3,0.421,False
2026-08-23 04:51:20.152326,Sitapura Industrial,50.4,49.3,0.45,False
2026-08-23 05:51:20.152326,Sitapura Industrial,56.3,42.9,0.503,False
2026-08-23 06:51:20.152326,Sitapura Industrial,52.0,47.2,0.464,False
2026-08-23 07:51:20.152326,Sitapura Industrial,78.5,38.2,0.701,False
2026-08-23 08:51:20.152326,Sitapura Industrial,74.8,40.2,0.668,False
2026-08-23 09:51:20.152326,Sitapura Industrial,78.2,36.4,0.698,False
2026-08-23 10:51:20.152326,Sitapura Industrial,48.5,49.9,0.433,False
2026-08-23 11:51:20.152326,Sitapura Industrial,40.3,51.2,0.36,False
2026-08-23 12:51:20.152326,Sitapura Industrial,45.9,49.4,0.41,False
2026-08-23 13:51:20.152326,Sitapura Industrial,41.9,53.6,0.374,False
2026-08-23 14:51:20.152326,Sitapura Industrial,42.7,52.8,0.382,False
2026-08-23 15:51:20.152326,Sitapura Industrial,48.0,48.2,0.429,False
2026-08-23 16:51:20.152326,Sitapura Industrial,50.3,44.3,0.449,False
2026-08-23 17:51:20.152326,Sitapura Industrial,72.0,40.7,0.643,False
2026-08-23 18:51:20.152326,Sitapura Industrial,74.9,48.9,0.669,False
2026-08-23 19:51:20.152326,Sitapura Industrial,73.3,45.6,0.655,False
2026-08-23 20:51:20.152326,Sitapura Industrial,52.3,47.2,0.467,False
2026-08-23 21:51:20.152326,Sitapura Industrial,46.8,47.3,0.417,False
2026-08-23 22:51:20.152326,Sitapura Industrial,50.3,46.2,0.449,False
2026-08-23 23:51:20.152326,Sitapura Industrial,47.5,51.4,0.424,False
2026-08-24 00:51:20.152326,Sitapura Industrial,69.7,37.6,0.623,False
2026-08-24 01:51:20.152326,Sitapura Industrial,77.9,42.4,0.696,False
2026-08-24 02:51:20.152326,Sitapura Industrial,72.2,43.1,0.644,False
2026-08-24 03:51:20.152326,Sitapura Industrial,86.7,39.6,0.774,False
2026-08-24 04:51:20.152326,Sitapura Industrial,69.3,40.4,0.619,False
2026-08-24 05:51:20.152326,Sitapura Industrial,71.9,39.7,0.642,False
2026-08-24 06:51:20.152326,Sitapura Industrial,64.5,42.6,0.576,False
2026-08-24 07:51:20.152326,Sitapura Industrial,122.7,30.2,1.0,False
2026-08-24 08:51:20.152326,Sitapura Industrial,108.3,33.0,0.967,False
2026-08-24 09:51:20.152326,Sitapura Industrial,133.8,26.6,1.0,False
2026-08-24 10:51:20.152326,Sitapura Industrial,69.7,40.5,0.622,False
2026-08-24 11:51:20.152326,Sitapura Industrial,70.3,38.0,0.628,False
2026-08-24 12:51:20.152326,Sitapura Industrial,71.4,41.7,0.638,False
2026-08-24 13:51:20.152326,Sitapura Industrial,73.3,45.5,0.654,False
2026-08-24 14:51:20.152326,Sitapura Industrial,67.2,41.2,0.6,False
2026-08-24 15:51:20.152326,Sitapura Industrial,70.5,40.8,0.629,False
2026-08-24 16:51:20.152326,Sitapura Industrial,64.8,49.8,0.579,False
2026-08-24 17:51:20.152326,Sitapura Industrial,120.9,28.0,1.0,False
2026-08-24 18:51:20.152326,Sitapura Industrial,113.6,33.8,1.0,False
2026-08-24 19:51:20.152326,Sitapura Industrial,117.5,28.5,1.0,False
2026-08-24 20:51:20.152326,Sitapura Industrial,62.8,40.0,0.561,False
2026-08-24 21:51:20.152326,Sitapura Industrial,69.7,35.3,0.622,False
2026-08-24 22:51:20.152326,Sitapura Industrial,71.6,45.1,0.639,False
2026-08-24 23:51:20.152326,Sitapura Industrial,81.1,42.8,0.724,False
2026-08-25 00:51:20.152326,Sitapura Industrial,68.2,45.1,0.609,False
2026-08-25 01:51:20.152326,Sitapura Industrial,62.1,43.1,0.554,False
2026-08-25 02:51:20.152326,Sitapura Industrial,70.1,37.5,0.626,False
2026-08-25 03:51:20.152326,Sitapura Industrial,58.5,47.3,0.522,False
2026-08-25 04:51:20.152326,Sitapura Industrial,72.2,39.2,0.645,False
2026-08-25 05:51:20.152326,Sitapura Industrial,79.9,35.5,0.714,False
2026-08-25 06:51:20.152326,Sitapura Industrial,64.6,46.8,0.577,False
2026-08-25 07:51:20.152326,Sitapura Industrial,116.5,37.4,1.0,False
2026-08-25 08:51:20.152326,Sitapura Industrial,103.4,30.0,0.924,False
2026-08-25 09:51:20.152326,Sitapura Industrial,114.0,29.5,1.0,False
2026-08-25 10:51:20.152326,Sitapura Industrial,82.2,37.5,0.734,False
2026-08-25 11:51:20.152326,Sitapura Industrial,65.0,46.0,0.581,False
2026-08-25 12:51:20.152326,Sitapura Industrial,66.7,47.4,0.595,False
2026-08-25 13:51:20.152326,Sitapura Industrial,61.8,47.1,0.552,False
2026-08-25 14:51:20.152326,Sitapura Industrial,78.9,41.3,0.704,False
2026-08-25 15:51:20.152326,Sitapura Industrial,74.8,43.2,0.668,False
2026-08-25 16:51:20.152326,Sitapura Industrial,73.5,42.9,0.656,False
2026-08-25 17:51:20.152326,Sitapura Industrial,113.7,35.7,1.0,False
2026-08-25 18:51:20.152326,Sitapura Industrial,113.5,31.8,1.0,False
2026-08-25 19:51:20.152326,Sitapura Industrial,105.2,34.1,0.939,False
2026-08-25 20:51:20.152326,Sitapura Industrial,69.4,42.2,0.619,False
2026-08-25 21:51:20.152326,Sitapura Industrial,59.6,45.3,0.532,False
2026-08-25 22:51:20.152326,Sitapura Industrial,79.8,43.9,0.712,False
2026-08-25 23:51:20.152326,Sitapura Industrial,72.9,38.4,0.651,False
2026-08-26 00:51:20.152326,Sitapura Industrial,61.2,50.5,0.546,False
2026-08-26 01:51:20.152326,Sitapura Industrial,78.3,35.9,0.7,False
2026-08-26 02:51:20.152326,Sitapura Industrial,66.6,44.6,0.594,False
2026-08-26 03:51:20.152326,Sitapura Industrial,74.6,46.7,0.666,False
2026-08-26 04:51:20.152326,Sitapura Industrial,67.1,47.7,0.599,False
2026-08-26 05:51:20.152326,Sitapura Industrial,70.8,39.9,0.632,False
2026-08-26 06:51:20.152326,Sitapura Industrial,80.6,39.6,0.72,False
2026-08-26 07:51:20.152326,Sitapura Industrial,122.4,30.9,1.0,False
2026-08-26 08:51:20.152326,Sitapura Industrial,118.1,23.1,1.0,False
2026-08-26 09:51:20.152326,Sitapura Industrial,115.9,29.7,1.0,False
2026-08-26 10:51:20.152326,Sitapura Industrial,66.7,43.4,0.596,False
2026-08-26 11:51:20.152326,Sitapura Industrial,65.5,46.2,0.585,False
2026-08-26 12:51:20.152326,Sitapura Industrial,70.3,39.1,0.627,False
2026-08-26 13:51:20.152326,Sitapura Industrial,68.2,42.2,0.609,False
2026-08-26 14:51:20.152326,Sitapura Industrial,68.6,38.6,0.612,False
2026-08-26 15:51:20.152326,Sitapura Industrial,75.8,48.0,0.677,False
2026-08-26 16:51:20.152326,Sitapura Industrial,77.6,37.9,0.693,False
2026-08-26 17:51:20.152326,Sitapura Industrial,119.0,25.3,1.0,False
2026-08-26 18:51:20.152326,Sitapura Industrial,115.5,28.1,1.0,False
2026-08-26 19:51:20.152326,Sitapura Industrial,108.2,27.3,0.966,False
2026-08-26 20:51:20.152326,Sitapura Industrial,71.8,43.8,0.641,False
2026-08-26 21:51:20.152326,Sitapura Industrial,61.4,43.3,0.548,False
2026-08-26 22:51:20.152326,Sitapura Industrial,59.7,49.3,0.533,False
2026-08-26 23:51:20.152326,Sitapura Industrial,76.5,41.3,0.683,False
2026-08-27 00:51:20.152326,Sitapura Industrial,75.5,40.0,0.674,False
2026-08-27 01:51:20.152326,Sitapura Industrial,70.2,41.0,0.627,False
2026-08-27 02:51:20.152326,Sitapura Industrial,76.1,44.7,0.68,False
2026-08-27 03:51:20.152326,Sitapura Industrial,77.1,37.9,0.689,False
2026-08-27 04:51:20.152326,Sitapura Industrial,74.1,45.1,0.662,False
2026-08-27 05:51:20.152326,Sitapura Industrial,72.6,42.3,0.648,False
2026-08-27 06:51:20.152326,Sitapura Industrial,72.4,42.9,0.646,False
2026-08-27 07:51:20.152326,Sitapura Industrial,104.3,31.5,0.931,False
2026-08-27 08:51:20.152326,Sitapura Industrial,108.5,31.6,0.969,False
2026-08-27 09:51:20.152326,Sitapura Industrial,131.6,21.6,1.0,False
2026-08-27 10:51:20.152326,Sitapura Industrial,73.2,35.5,0.653,False
2026-08-27 11:51:20.152326,Sitapura Industrial,69.6,41.6,0.622,False
2026-08-27 12:51:20.152326,Sitapura Industrial,65.4,46.1,0.584,False
2026-08-27 13:51:20.152326,Sitapura Industrial,74.3,41.8,0.663,False
2026-08-27 14:51:20.152326,Sitapura Industrial,84.8,39.3,0.757,False
2026-08-27 15:51:20.152326,Sitapura Industrial,70.0,44.1,0.625,False
2026-08-27 16:51:20.152326,Sitapura Industrial,62.7,43.9,0.559,False
2026-08-27 17:51:20.152326,Sitapura Industrial,115.6,28.3,1.0,False
2026-08-27 18:51:20.152326,Sitapura Industrial,114.0,24.0,1.0,False
2026-08-27 19:51:20.152326,Sitapura Industrial,116.7,28.3,1.0,False
2026-08-27 20:51:20.152326,Sitapura Industrial,72.1,42.5,0.644,False
2026-08-27 21:51:20.152326,Sitapura Industrial,76.8,38.5,0.686,False
2026-08-27 22:51:20.152326,Sitapura Industrial,63.5,46.8,0.567,False
2026-08-27 23:51:20.152326,Sitapura Industrial,64.6,42.6,0.577,False
2026-08-28 00:51:20.152326,Sitapura Industrial,69.8,44.9,0.623,False
2026-08-28 01:51:20.152326,Sitapura Industrial,71.2,44.7,0.636,False
2026-08-28 02:51:20.152326,Sitapura Industrial,78.8,42.0,0.703,False
2026-08-28 03:51:20.152326,Sitapura Industrial,65.9,39.7,0.588,True
2026-08-28 04:51:20.152326,Sitapura Industrial,69.0,43.7,0.616,False
2026-08-28 05:51:20.152326,Sitapura Industrial,76.1,45.8,0.68,False
2026-08-28 06:51:20.152326,Sitapura Industrial,63.9,44.1,0.571,False
2026-08-28 07:51:20.152326,Sitapura Industrial,124.2,25.7,1.0,False
2026-08-28 08:51:20.152326,Sitapura Industrial,99.9,32.7,0.892,False
2026-08-28 09:51:20.152326,Sitapura Industrial,121.4,24.9,1.0,False
2026-08-28 10:51:20.152326,Sitapura Industrial,70.8,45.2,0.632,False
2026-08-28 11:51:20.152326,Sitapura Industrial,75.3,40.2,0.672,False
2026-08-28 12:51:20.152326,Sitapura Industrial,61.1,46.4,0.545,False
2026-08-28 13:51:20.152326,Sitapura Industrial,66.5,40.4,0.594,False
2026-08-28 14:51:20.152326,Sitapura Industrial,74.8,35.8,0.668,False
2026-08-28 15:51:20.152326,Sitapura Industrial,69.5,39.4,0.621,False
2026-08-28 16:51:20.152326,Sitapura Industrial,68.6,46.7,0.613,False
2026-08-28 17:51:20.152326,Sitapura Industrial,115.3,30.5,1.0,False
2026-08-28 18:51:20.152326,Sitapura Industrial,93.7,34.9,0.837,False
2026-08-28 19:51:20.152326,Sitapura Industrial,84.1,38.4,0.751,False
2026-08-28 20:51:20.152326,Sitapura Industrial,68.1,42.7,0.608,False
2026-08-28 21:51:20.152326,Sitapura Industrial,79.6,38.6,0.71,False
2026-08-28 22:51:20.152326,Sitapura Industrial,74.6,42.3,0.666,False
2026-08-28 23:51:20.152326,Sitapura Industrial,74.7,38.0,0.667,False
2026-08-29 00:51:20.152326,Sitapura Industrial,49.5,51.3,0.442,False
2026-08-29 01:51:20.152326,Sitapura Industrial,48.7,49.6,0.435,False
2026-08-29 02:51:20.152326,Sitapura Industrial,44.3,52.0,0.395,False
2026-08-29 03:51:20.152326,Sitapura Industrial,50.1,49.0,0.448,False
2026-08-29 04:51:20.152326,Sitapura Industrial,49.9,46.3,0.445,False
2026-08-29 05:51:20.152326,Sitapura Industrial,47.6,47.4,0.425,False
2026-08-29 06:51:20.152326,Sitapura Industrial,51.4,46.3,0.459,False
2026-08-29 07:51:20.152326,Sitapura Industrial,75.7,42.8,0.676,False
2026-08-29 08:51:20.152326,Sitapura Industrial,78.7,39.2,0.702,False
2026-08-29 09:51:20.152326,Sitapura Industrial,83.3,37.7,0.744,False
2026-08-29 10:51:20.152326,Sitapura Industrial,46.5,49.5,0.415,False
2026-08-29 11:51:20.152326,Sitapura Industrial,44.7,48.6,0.399,False
2026-08-29 12:51:20.152326,Sitapura Industrial,49.3,53.3,0.44,False
2026-08-29 13:51:20.152326,Sitapura Industrial,51.7,45.6,0.462,False
2026-08-29 14:51:20.152326,Sitapura Industrial,51.0,47.8,0.456,False
2026-08-29 15:51:20.152326,Sitapura Industrial,51.3,46.5,0.458,False
2026-08-29 16:51:20.152326,Sitapura Industrial,48.4,53.6,0.432,True
2026-08-29 17:51:20.152326,Sitapura Industrial,72.8,39.4,0.65,False
2026-08-29 18:51:20.152326,Sitapura Industrial,79.3,41.9,0.708,False
2026-08-29 19:51:20.152326,Sitapura Industrial,79.0,38.7,0.705,False
2026-08-29 20:51:20.152326,Sitapura Industrial,45.8,49.6,0.409,False
2026-08-29 21:51:20.152326,Sitapura Industrial,49.2,51.6,0.44,False
2026-08-29 22:51:20.152326,Sitapura Industrial,45.8,46.0,0.409,False
2026-08-29 23:51:20.152326,Sitapura Industrial,48.8,52.9,0.436,False
2026-08-30 00:51:20.152326,Sitapura Industrial,56.3,46.6,0.502,False
2026-08-30 01:51:20.152326,Sitapura Industrial,48.5,54.9,0.433,False
2026-08-30 02:51:20.152326,Sitapura Industrial,52.3,45.0,0.467,False
2026-08-30 03:51:20.152326,Sitapura Industrial,48.7,51.8,0.435,False
2026-08-30 04:51:20.152326,Sitapura Industrial,54.6,48.0,0.488,False
2026-08-30 05:51:20.152326,Sitapura Industrial,49.4,48.8,0.441,False
2026-08-30 06:51:20.152326,Sitapura Industrial,43.3,50.2,0.387,False
2026-08-30 07:51:20.152326,Sitapura Industrial,79.8,41.4,0.712,False
2026-08-30 08:51:20.152326,Sitapura Industrial,76.4,46.8,0.682,False
2026-08-30 09:51:20.152326,Sitapura Industrial,83.2,39.2,0.743,False
2026-08-30 10:51:20.152326,Sitapura Industrial,48.4,46.7,0.432,False
2026-08-30 11:51:20.152326,Sitapura Industrial,45.4,49.5,0.406,True
2026-08-30 12:51:20.152326,Sitapura Industrial,48.9,54.4,0.436,False
2026-08-30 13:51:20.152326,Sitapura Industrial,48.4,47.1,0.432,False
2026-08-30 14:51:20.152326,Sitapura Industrial,54.6,45.1,0.488,False
2026-08-30 15:51:20.152326,Sitapura Industrial,47.8,52.8,0.427,False
2026-08-30 16:51:20.152326,Sitapura Industrial,49.5,46.0,0.442,False
2026-08-30 17:51:20.152326,Sitapura Industrial,69.8,41.5,0.623,False
2026-08-30 18:51:20.152326,Sitapura Industrial,78.4,42.6,0.7,False
2026-08-30 19:51:20.152326,Sitapura Industrial,77.3,40.1,0.69,False
2026-08-30 20:51:20.152326,Sitapura Industrial,47.7,55.0,0.426,False
2026-08-30 21:51:20.152326,Sitapura Industrial,50.2,50.8,0.448,False
2026-08-30 22:51:20.152326,Sitapura Industrial,49.7,48.5,0.444,False
2026-08-30 23:51:20.152326,Sitapura Industrial,49.1,54.3,0.439,False
2026-08-31 00:51:20.152326,Sitapura Industrial,65.8,46.3,0.588,False
2026-08-31 01:51:20.152326,Sitapura Industrial,69.3,38.3,0.618,False
2026-08-31 02:51:20.152326,Sitapura Industrial,80.7,37.2,0.721,False
2026-08-31 03:51:20.152326,Sitapura Industrial,79.5,42.5,0.71,False
2026-08-31 04:51:20.152326,Sitapura Industrial,67.6,43.6,0.603,False
2026-08-31 05:51:20.152326,Sitapura Industrial,58.6,45.3,0.523,False
2026-08-31 06:51:20.152326,Sitapura Industrial,71.9,40.5,0.642,False
2026-08-31 07:51:20.152326,Sitapura Industrial,123.2,26.3,1.0,False
2026-08-31 08:51:20.152326,Sitapura Industrial,117.4,28.2,1.0,False
2026-08-31 09:51:20.152326,Sitapura Industrial,109.3,33.0,0.976,False
2026-08-31 10:51:20.152326,Sitapura Industrial,74.8,34.6,0.667,False
2026-08-31 11:51:20.152326,Sitapura Industrial,72.9,48.2,0.651,False
2026-08-31 12:51:20.152326,Sitapura Industrial,79.5,41.5,0.71,False
2026-08-31 13:51:20.152326,Sitapura Industrial,74.2,40.1,0.663,False
2026-08-31 14:51:20.152326,Sitapura Industrial,69.4,49.1,0.62,False
2026-08-31 15:51:20.152326,Sitapura Industrial,67.9,43.4,0.606,False
2026-08-31 16:51:20.152326,Sitapura Industrial,81.5,38.0,0.727,False
2026-08-31 17:51:20.152326,Sitapura Industrial,113.0,27.6,1.0,False
2026-08-31 18:51:20.152326,Sitapura Industrial,128.1,25.2,1.0,False
2026-08-31 19:51:20.152326,Sitapura Industrial,116.0,32.1,1.0,False
2026-08-31 20:51:20.152326,Sitapura Industrial,58.3,42.8,0.521,False
2026-08-31 21:51:20.152326,Sitapura Industrial,74.6,39.5,0.666,False
2026-08-31 22:51:20.152326,Sitapura Industrial,61.0,43.8,0.544,False
2026-08-31 23:51:20.152326,Sitapura Industrial,79.2,36.4,0.707,False
2026-09-01 00:51:20.152326,Sitapura Industrial,75.4,35.9,0.673,False
2026-09-01 01:51:20.152326,Sitapura Industrial,69.2,43.3,0.618,False
2026-09-01 02:51:20.152326,Sitapura Industrial,70.9,45.7,0.633,False
2026-09-01 03:51:20.152326,Sitapura Industrial,66.1,46.5,0.59,False
2026-09-01 04:51:20.152326,Sitapura Industrial,76.9,44.6,0.687,False
2026-09-01 05:51:20.152326,Sitapura Industrial,63.5,46.7,0.567,False
2026-09-01 06:51:20.152326,Sitapura Industrial,68.5,42.1,0.612,False
2026-09-01 07:51:20.152326,Sitapura Industrial,102.3,30.6,0.914,False
2026-09-01 08:51:20.152326,Sitapura Industrial,144.1,16.7,1.0,False
2026-09-01 09:51:20.152326,Sitapura Industrial,116.8,30.9,1.0,False
2026-09-01 10:51:20.152326,Sitapura Industrial,68.1,42.9,0.608,False
2026-09-01 11:51:20.152326,Sitapura Industrial,66.5,45.6,0.594,False
2026-09-01 12:51:20.152326,Sitapura Industrial,75.4,38.9,0.673,False
2026-09-01 13:51:20.152326,Sitapura Industrial,62.7,48.2,0.559,False
2026-09-01 14:51:20.152326,Sitapura Industrial,59.6,49.2,0.532,False
2026-09-01 15:51:20.152326,Sitapura Industrial,75.0,44.1,0.669,False
2026-09-01 16:51:20.152326,Sitapura Industrial,59.9,48.5,0.535,False
2026-09-01 17:51:20.152326,Sitapura Industrial,113.6,30.2,1.0,True
2026-09-01 18:51:20.152326,Sitapura Industrial,105.0,33.1,0.938,False
2026-09-01 19:51:20.152326,Sitapura Industrial,106.0,31.5,0.947,False
2026-09-01 20:51:20.152326,Sitapura Industrial,71.1,34.4,0.635,False
2026-09-01 21:51:20.152326,Sitapura Industrial,77.0,41.3,0.688,False
2026-09-01 22:51:20.152326,Sitapura Industrial,73.7,46.5,0.658,False
2026-09-01 23:51:20.152326,Sitapura Industrial,72.2,39.9,0.644,False
2026-09-02 00:51:20.152326,Sitapura Industrial,69.1,47.3,0.617,False
2026-09-02 01:51:20.152326,Sitapura Industrial,67.2,43.3,0.6,False
2026-09-02 02:51:20.152326,Sitapura Industrial,72.7,40.2,0.649,False
2026-09-02 03:51:20.152326,Sitapura Industrial,73.9,41.6,0.66,False
2026-09-02 04:51:20.152326,Sitapura Industrial,71.1,39.0,0.635,False
2026-09-02 05:51:20.152326,Sitapura Industrial,69.1,42.2,0.617,False
2026-09-02 06:51:20.152326,Sitapura Industrial,69.5,45.2,0.62,False
2026-09-02 07:51:20.152326,Sitapura Industrial,122.0,30.4,1.0,False
2026-09-02 08:51:20.152326,Sitapura Industrial,102.0,29.3,0.911,False
2026-09-02 09:51:20.152326,Sitapura Industrial,107.0,26.7,0.956,False
2026-09-02 10:51:20.152326,Sitapura Industrial,76.7,43.5,0.685,False
2026-09-02 11:51:20.152326,Sitapura Industrial,74.1,44.3,0.662,False
2026-09-02 12:51:20.152326,Sitapura Industrial,71.9,45.9,0.642,False
2026-09-02 13:51:20.152326,Sitapura Industrial,70.0,43.0,0.625,False
2026-09-02 14:51:20.152326,Sitapura Industrial,74.3,45.1,0.663,False
2026-09-02 15:51:20.152326,Sitapura Industrial,67.4,43.1,0.601,False
2026-09-02 16:51:20.152326,Sitapura Industrial,67.0,46.7,0.599,False
2026-09-02 17:51:20.152326,Sitapura Industrial,108.4,29.4,0.968,False
2026-09-02 18:51:20.152326,Sitapura Industrial,94.8,30.8,0.846,False
2026-09-02 19:51:20.152326,Sitapura Industrial,112.0,28.7,1.0,False
2026-09-02 20:51:20.152326,Sitapura Industrial,80.7,37.0,0.721,False
2026-09-02 21:51:20.152326,Sitapura Industrial,69.0,38.9,0.616,False
2026-09-02 22:51:20.152326,Sitapura Industrial,76.4,42.2,0.682,False
2026-09-02 23:51:20.152326,Sitapura Industrial,66.8,44.4,0.596,False
2026-09-03 00:51:20.152326,Sitapura Industrial,66.6,42.7,0.594,False
2026-09-03 01:51:20.152326,Sitapura Industrial,76.0,42.2,0.678,False
2026-09-03 02:51:20.152326,Sitapura Industrial,69.4,42.0,0.62,False
2026-09-03 03:51:20.152326,Sitapura Industrial,72.9,38.8,0.651,False
2026-09-03 04:51:20.152326,Sitapura Industrial,82.0,41.4,0.732,False
2026-09-03 05:51:20.152326,Sitapura Industrial,61.1,47.9,0.545,False
2026-09-03 06:51:20.152326,Sitapura Industrial,72.5,41.8,0.647,False
2026-09-03 07:51:20.152326,Sitapura Industrial,115.9,29.8,1.0,False
2026-09-03 08:51:20.152326,Sitapura Industrial,118.9,26.0,1.0,False
2026-09-03 09:51:20.152326,Sitapura Industrial,110.0,35.0,0.982,False
2026-09-03 10:51:20.152326,Sitapura Industrial,78.7,41.5,0.702,False
2026-09-03 11:51:20.152326,Sitapura Industrial,74.7,41.5,0.667,False
2026-09-03 12:51:20.152326,Sitapura Industrial,81.1,34.2,0.724,False
2026-09-03 13:51:20.152326,Sitapura Industrial,79.6,38.1,0.71,False
2026-09-03 14:51:20.152326,Sitapura Industrial,64.2,41.9,0.573,False
2026-09-03 15:51:20.152326,Sitapura Industrial,69.8,41.2,0.623,False
2026-09-03 16:51:20.152326,Sitapura Industrial,74.2,40.3,0.663,False
2026-09-03 17:51:20.152326,Sitapura Industrial,123.8,26.3,1.0,False
2026-09-03 18:51:20.152326,Sitapura Industrial,110.1,28.5,0.983,False
2026-09-03 19:51:20.152326,Sitapura Industrial,116.3,23.8,1.0,False
2026-09-03 20:51:20.152326,Sitapura Industrial,72.3,46.4,0.646,False
2026-09-03 21:51:20.152326,Sitapura Industrial,72.8,38.1,0.65,False
2026-09-03 22:51:20.152326,Sitapura Industrial,77.8,37.0,0.695,False
2026-09-03 23:51:20.152326,Sitapura Industrial,77.5,41.3,0.692,False
2026-09-04 00:51:20.152326,Sitapura Industrial,74.8,45.3,0.668,False
2026-09-04 01:51:20.152326,Sitapura Industrial,64.9,45.5,0.58,False
2026-09-04 02:51:20.152326,Sitapura Industrial,63.9,47.0,0.571,False
2026-09-04 03:51:20.152326,Sitapura Industrial,64.2,41.7,0.573,False
2026-09-04 04:51:20.152326,Sitapura Industrial,64.2,49.5,0.573,False
2026-09-04 05:51:20.152326,Sitapura Industrial,72.3,40.7,0.645,False
2026-09-04 06:51:20.152326,Sitapura Industrial,70.6,42.7,0.63,False
2026-09-04 07:51:20.152326,Sitapura Industrial,125.0,26.0,1.0,False
2026-09-04 08:51:20.152326,Sitapura Industrial,113.4,33.7,1.0,False
2026-09-04 09:51:20.152326,Sitapura Industrial,127.2,23.2,1.0,False
2026-09-04 10:51:20.152326,Sitapura Industrial,65.0,51.0,0.581,False
2026-09-04 11:51:20.152326,Sitapura Industrial,69.3,44.8,0.619,False
2026-09-04 12:51:20.152326,Sitapura Industrial,70.5,40.6,0.63,False
2026-09-04 13:51:20.152326,Sitapura Industrial,65.1,37.9,0.581,False
2026-09-04 14:51:20.152326,Sitapura Industrial,68.1,42.9,0.608,False
2026-09-04 15:51:20.152326,Sitapura Industrial,69.9,45.0,0.624,False
2026-09-04 16:51:20.152326,Sitapura Industrial,70.0,40.4,0.625,False
2026-09-04 17:51:20.152326,Sitapura Industrial,112.2,34.6,1.0,False
2026-09-04 18:51:20.152326,Sitapura Industrial,110.8,30.9,0.989,False
2026-09-04 19:51:20.152326,Sitapura Industrial,107.5,28.1,0.96,False
2026-09-04 20:51:20.152326,Sitapura Industrial,68.2,47.0,0.609,False
2026-09-04 21:51:20.152326,Sitapura Industrial,68.5,40.5,0.611,False
2026-09-04 22:51:20.152326,Sitapura Industrial,65.4,41.3,0.584,False
2026-09-04 23:51:20.152326,Sitapura Industrial,75.8,41.9,0.676,False
2026-09-05 00:51:20.152326,Sitapura Industrial,45.1,55.3,0.403,False
2026-09-05 01:51:20.152326,Sitapura Industrial,49.6,48.1,0.443,False
2026-09-05 02:51:20.152326,Sitapura Industrial,51.7,48.2,0.462,False
2026-09-05 03:51:20.152326,Sitapura Industrial,47.9,53.1,0.427,False
2026-09-05 04:51:20.152326,Sitapura Industrial,45.3,48.9,0.405,False
2026-09-05 05:51:20.152326,Sitapura Industrial,47.4,53.4,0.424,False
2026-09-05 06:51:20.152326,Sitapura Industrial,52.3,49.7,0.467,False
2026-09-05 07:51:20.152326,Sitapura Industrial,81.6,42.6,0.729,False
2026-09-05 08:51:20.152326,Sitapura Industrial,85.3,34.7,0.762,False
2026-09-05 09:51:20.152326,Sitapura Industrial,79.2,43.6,0.707,False
2026-09-05 10:51:20.152326,Sitapura Industrial,47.6,46.4,0.425,True
2026-09-05 11:51:20.152326,Sitapura Industrial,49.3,48.1,0.44,False
2026-09-05 12:51:20.152326,Sitapura Industrial,47.3,48.7,0.422,False
2026-09-05 13:51:20.152326,Sitapura Industrial,46.1,53.1,0.412,False
2026-09-05 14:51:20.152326,Sitapura Industrial,52.3,48.0,0.467,False
2026-09-05 15:51:20.152326,Sitapura Industrial,54.3,43.8,0.485,False
2026-09-05 16:51:20.152326,Sitapura Industrial,57.0,42.6,0.509,False
2026-09-05 17:51:20.152326,Sitapura Industrial,84.0,37.7,0.75,False
2026-09-05 18:51:20.152326,Sitapura Industrial,73.6,44.8,0.658,False
2026-09-05 19:51:20.152326,Sitapura Industrial,79.4,48.2,0.709,False
2026-09-05 20:51:20.152326,Sitapura Industrial,55.9,49.0,0.499,False
2026-09-05 21:51:20.152326,Sitapura Industrial,49.3,45.8,0.44,False
2026-09-05 22:51:20.152326,Sitapura Industrial,55.2,52.1,0.493,False
2026-09-05 23:51:20.152326,Sitapura Industrial,49.6,53.4,0.443,False
2026-09-06 00:51:20.152326,Sitapura Industrial,52.2,44.0,0.466,False
2026-09-06 01:51:20.152326,Sitapura Industrial,46.7,51.3,0.417,False
2026-09-06 02:51:20.152326,Sitapura Industrial,48.6,49.9,0.434,False
2026-09-06 03:51:20.152326,Sitapura Industrial,47.1,51.1,0.421,False
2026-09-06 04:51:20.152326,Sitapura Industrial,48.9,50.3,0.437,False
2026-09-06 05:51:20.152326,Sitapura Industrial,50.2,56.8,0.448,False
2026-09-06 06:51:20.152326,Sitapura Industrial,51.8,49.8,0.462,False
2026-09-06 07:51:20.152326,Sitapura Industrial,77.3,40.8,0.69,False
2026-09-06 08:51:20.152326,Sitapura Industrial,88.8,39.0,0.793,False
2026-09-06 09:51:20.152326,Sitapura Industrial,89.4,37.3,0.799,False
2026-09-06 10:51:20.152326,Sitapura Industrial,47.8,53.8,0.427,False
2026-09-06 11:51:20.152326,Sitapura Industrial,53.1,49.8,0.474,False
2026-09-06 12:51:20.152326,Sitapura Industrial,49.5,51.1,0.442,False
2026-09-06 13:51:20.152326,Sitapura Industrial,42.9,47.0,0.383,False
2026-09-06 14:51:20.152326,Sitapura Industrial,52.5,48.3,0.469,False
2026-09-06 15:51:20.152326,Sitapura Industrial,45.9,50.3,0.41,False
2026-09-06 16:51:20.152326,Sitapura Industrial,50.7,48.4,0.452,False
2026-09-06 17:51:20.152326,Sitapura Industrial,64.8,46.0,0.578,False
2026-09-06 18:51:20.152326,Sitapura Industrial,71.4,38.4,0.637,False
2026-09-06 19:51:20.152326,Sitapura Industrial,78.1,41.2,0.697,False
2026-09-06 20:51:20.152326,Sitapura Industrial,43.1,53.3,0.385,False
2026-09-06 21:51:20.152326,Sitapura Industrial,47.5,49.7,0.425,False
2026-09-06 22:51:20.152326,Sitapura Industrial,42.6,55.5,0.38,False
2026-09-06 23:51:20.152326,Sitapura Industrial,49.8,54.9,0.445,True
2026-09-07 00:51:20.152326,Sitapura Industrial,69.4,45.5,0.62,False
2026-09-07 01:51:20.152326,Sitapura Industrial,68.0,46.0,0.607,False
2026-09-07 02:51:20.152326,Sitapura Industrial,66.5,45.7,0.594,False
2026-09-07 03:51:20.152326,Sitapura Industrial,62.1,44.6,0.554,False
2026-09-07 04:51:20.152326,Sitapura Industrial,58.3,51.6,0.52,False
2026-09-07 05:51:20.152326,Sitapura Industrial,69.7,44.3,0.622,False
2026-09-07 06:51:20.152326,Sitapura Industrial,66.5,46.6,0.594,False
2026-09-07 07:51:20.152326,Sitapura Industrial,129.7,22.7,1.0,False
2026-09-07 08:51:20.152326,Sitapura Industrial,117.8,28.6,1.0,False
2026-09-07 09:51:20.152326,Sitapura Industrial,102.7,30.6,0.917,False
2026-09-07 10:51:20.152326,Sitapura Industrial,70.9,44.9,0.633,False
2026-09-07 11:51:20.152326,Sitapura Industrial,73.0,42.3,0.652,False
2026-09-07 12:51:20.152326,Sitapura Industrial,67.5,41.6,0.603,False
2026-09-07 13:51:20.152326,Sitapura Industrial,72.2,42.8,0.645,False
2026-09-07 14:51:20.152326,Sitapura Industrial,70.9,45.0,0.633,False
2026-09-07 15:51:20.152326,Sitapura Industrial,64.9,46.8,0.58,False
2026-09-07 16:51:20.152326,Sitapura Industrial,69.7,39.9,0.622,False
2026-09-07 17:51:20.152326,Sitapura Industrial,108.6,31.3,0.97,False
2026-09-07 18:51:20.152326,Sitapura Industrial,121.5,25.3,1.0,False
2026-09-07 19:51:20.152326,Sitapura Industrial,101.4,33.6,0.906,False
2026-09-07 20:51:20.152326,Sitapura Industrial,68.2,44.9,0.609,False
2026-09-07 21:51:20.152326,Sitapura Industrial,64.8,43.9,0.578,False
2026-09-07 22:51:20.152326,Sitapura Industrial,71.7,40.1,0.641,False
2026-09-07 23:51:20.152326,Sitapura Industrial,59.6,40.6,0.532,False
2026-09-08 00:51:20.152326,Sitapura Industrial,68.6,46.1,0.613,False
2026-09-08 01:51:20.152326,Sitapura Industrial,68.0,39.5,0.607,False
2026-09-08 02:51:20.152326,Sitapura Industrial,74.7,37.7,0.667,False
2026-09-08 03:51:20.152326,Sitapura Industrial,68.8,42.1,0.614,True
2026-09-08 04:51:20.152326,Sitapura Industrial,64.2,48.9,0.573,False
2026-09-08 05:51:20.152326,Sitapura Industrial,68.5,43.7,0.611,False
2026-09-08 06:51:20.152326,Sitapura Industrial,67.6,46.5,0.603,False
2026-09-08 07:51:20.152326,Sitapura Industrial,118.1,25.0,1.0,False
2026-09-08 08:51:20.152326,Sitapura Industrial,112.8,24.4,1.0,False
2026-09-08 09:51:20.152326,Sitapura Industrial,105.8,34.2,0.945,False
2026-09-08 10:51:20.152326,Sitapura Industrial,66.0,48.2,0.589,False
2026-09-08 11:51:20.152326,Sitapura Industrial,64.5,47.0,0.576,False
2026-09-08 12:51:20.152326,Sitapura Industrial,76.2,40.0,0.68,False
2026-09-08 13:51:20.152326,Sitapura Industrial,63.0,47.9,0.563,False
2026-09-08 14:51:20.152326,Sitapura Industrial,61.3,41.3,0.547,False
2026-09-08 15:51:20.152326,Sitapura Industrial,66.8,42.9,0.596,False
2026-09-08 16:51:20.152326,Sitapura Industrial,73.0,48.0,0.652,False
2026-09-08 17:51:20.152326,Sitapura Industrial,110.0,28.9,0.982,False
2026-09-08 18:51:20.152326,Sitapura Industrial,122.8,27.9,1.0,False
2026-09-08 19:51:20.152326,Sitapura Industrial,117.5,27.3,1.0,False
2026-09-08 20:51:20.152326,Sitapura Industrial,66.4,46.9,0.593,False
2026-09-08 21:51:20.152326,Sitapura Industrial,71.0,41.3,0.634,False
2026-09-08 22:51:20.152326,Sitapura Industrial,64.0,45.3,0.571,False
2026-09-08 23:51:20.152326,Sitapura Industrial,69.6,47.1,0.621,False
2026-09-09 00:51:20.152326,Sitapura Industrial,62.7,42.3,0.56,False
2026-09-09 01:51:20.152326,Sitapura Industrial,72.8,43.2,0.65,False
2026-09-09 02:51:20.152326,Sitapura Industrial,75.8,40.0,0.677,False
2026-09-09 03:51:20.152326,Sitapura Industrial,69.2,37.0,0.618,False
2026-09-09 04:51:20.152326,Sitapura Industrial,60.7,41.3,0.542,False
2026-09-09 05:51:20.152326,Sitapura Industrial,76.4,41.6,0.682,False
2026-09-09 06:51:20.152326,Sitapura Industrial,71.5,40.9,0.638,False
2026-09-09 07:51:20.152326,Sitapura Industrial,106.5,34.2,0.951,False
2026-09-09 08:51:20.152326,Sitapura Industrial,109.9,32.6,0.981,False
2026-09-09 09:51:20.152326,Sitapura Industrial,117.7,25.8,1.0,False
2026-09-09 10:51:20.152326,Sitapura Industrial,60.4,45.3,0.54,False
2026-09-09 11:51:20.152326,Sitapura Industrial,61.7,50.7,0.551,False
2026-09-09 12:51:20.152326,Sitapura Industrial,68.2,47.7,0.609,False
2026-09-09 13:51:20.152326,Sitapura Industrial,68.6,41.7,0.612,False
2026-09-09 14:51:20.152326,Sitapura Industrial,71.6,40.9,0.639,False
2026-09-09 15:51:20.152326,Sitapura Industrial,69.5,44.7,0.621,False
2026-09-09 16:51:20.152326,Sitapura Industrial,60.4,44.7,0.54,False
2026-09-09 17:51:20.152326,Sitapura Industrial,113.5,32.3,1.0,False
2026-09-09 18:51:20.152326,Sitapura Industrial,122.2,21.3,1.0,False
2026-09-09 19:51:20.152326,Sitapura Industrial,113.1,28.9,1.0,False
2026-09-09 20:51:20.152326,Sitapura Industrial,61.8,38.8,0.552,False
2026-09-09 21:51:20.152326,Sitapura Industrial,72.3,40.0,0.646,False
2026-09-09 22:51:20.152326,Sitapura Industrial,70.7,49.3,0.631,False
2026-09-09 23:51:20.152326,Sitapura Industrial,74.5,42.5,0.666,True
2026-09-10 00:51:20.152326,Sitapura Industrial,66.7,46.7,0.596,False
2026-09-10 01:51:20.152326,Sitapura Industrial,73.7,40.8,0.658,False
2026-09-10 02:51:20.152326,Sitapura Industrial,79.1,40.3,0.706,False
2026-09-10 03:51:20.152326,Sitapura Industrial,59.3,52.6,0.53,False
2026-09-10 04:51:20.152326,Sitapura Industrial,64.0,51.1,0.572,False
2026-09-10 05:51:20.152326,Sitapura Industrial,66.3,43.0,0.592,False
2026-09-10 06:51:20.152326,Sitapura Industrial,59.6,43.3,0.532,False
2026-09-10 07:51:20.152326,Sitapura Industrial,118.3,29.5,1.0,False
2026-09-10 08:51:20.152326,Sitapura Industrial,134.8,25.9,1.0,False
2026-09-10 09:51:20.152326,Sitapura Industrial,129.9,19.2,1.0,False
2026-09-10 10:51:20.152326,Sitapura Industrial,77.3,42.7,0.69,False
2026-09-10 11:51:20.152326,Sitapura Industrial,71.4,36.3,0.638,False
2026-09-10 12:51:20.152326,Sitapura Industrial,75.7,38.2,0.676,False
2026-09-10 13:51:20.152326,Sitapura Industrial,69.3,43.1,0.619,False
2026-09-10 14:51:20.152326,Sitapura Industrial,70.0,42.6,0.625,False
2026-09-10 15:51:20.152326,Sitapura Industrial,67.5,46.5,0.602,False
2026-09-10 16:51:20.152326,Sitapura Industrial,67.1,40.2,0.599,False
2026-09-10 17:51:20.152326,Sitapura Industrial,110.2,31.0,0.984,False
2026-09-10 18:51:20.152326,Sitapura Industrial,107.9,31.3,0.963,False
2026-09-10 19:51:20.152326,Sitapura Industrial,120.0,23.1,1.0,False
2026-09-10 20:51:20.152326,Sitapura Industrial,76.1,43.6,0.679,False
2026-09-10 21:51:20.152326,Sitapura Industrial,72.1,42.3,0.644,False
2026-09-10 22:51:20.152326,Sitapura Industrial,65.3,44.3,0.583,False
2026-09-10 23:51:20.152326,Sitapura Industrial,80.2,40.0,0.716,False
2026-09-11 00:51:20.152326,Sitapura Industrial,66.8,46.4,0.596,False
2026-09-11 01:51:20.152326,Sitapura Industrial,72.9,38.5,0.651,False
2026-09-11 02:51:20.152326,Sitapura Industrial,65.6,44.8,0.585,False
2026-09-11 03:51:20.152326,Sitapura Industrial,79.3,43.9,0.708,False
2026-09-11 04:51:20.152326,Sitapura Industrial,62.5,42.0,0.558,True
2026-09-11 05:51:20.152326,Sitapura Industrial,78.6,43.3,0.702,False
2026-09-11 06:51:20.152326,Sitapura Industrial,67.6,41.7,0.604,False
2026-09-11 07:51:20.152326,Sitapura Industrial,137.9,21.9,1.0,False
2026-09-11 08:51:20.152326,Sitapura Industrial,114.6,23.5,1.0,False
2026-09-11 09:51:20.152326,Sitapura Industrial,112.1,31.8,1.0,False
2026-09-11 10:51:20.152326,Sitapura Industrial,72.2,48.5,0.645,False
2026-09-11 11:51:20.152326,Sitapura Industrial,71.6,47.2,0.64,False
2026-09-11 12:51:20.152326,Sitapura Industrial,69.6,46.4,0.621,False
2026-09-11 13:51:20.152326,Sitapura Industrial,81.2,40.0,0.725,False
2026-09-11 14:51:20.152326,Sitapura Industrial,72.5,46.1,0.647,False
2026-09-11 15:51:20.152326,Sitapura Industrial,58.3,42.7,0.521,False
2026-09-11 16:51:20.152326,Sitapura Industrial,63.1,48.1,0.564,False
2026-09-11 17:51:20.152326,Sitapura Industrial,99.5,31.8,0.888,False
2026-09-11 18:51:20.152326,Sitapura Industrial,114.2,25.7,1.0,False
2026-09-11 19:51:20.152326,Sitapura Industrial,114.5,30.2,1.0,False
2026-09-11 20:51:20.152326,Sitapura Industrial,68.5,50.2,0.611,False
2026-09-11 21:51:20.152326,Sitapura Industrial,76.1,35.7,0.679,False
2026-09-11 22:51:20.152326,Sitapura Industrial,79.1,44.2,0.706,False
2026-09-11 23:51:20.152326,Sitapura Industrial,67.7,38.1,0.605,True
2026-09-12 00:51:20.152326,Sitapura Industrial,48.8,52.1,0.436,False
2026-09-12 01:51:20.152326,Sitapura Industrial,44.3,46.8,0.395,False
2026-09-12 02:51:20.152326,Sitapura Industrial,55.4,48.1,0.495,False
2026-09-12 03:51:20.152326,Sitapura Industrial,52.9,48.2,0.472,False
2026-09-12 04:51:20.152326,Sitapura Industrial,48.7,49.8,0.435,False
2026-09-12 05:51:20.152326,Sitapura Industrial,47.1,48.8,0.421,False
2026-09-12 06:51:20.152326,Sitapura Industrial,48.0,49.3,0.428,False
2026-09-12 07:51:20.152326,Sitapura Industrial,80.5,40.1,0.719,False
2026-09-12 08:51:20.152326,Sitapura Industrial,75.6,39.9,0.675,False
2026-09-12 09:51:20.152326,Sitapura Industrial,68.6,44.1,0.612,False
2026-09-12 10:51:20.152326,Sitapura Industrial,49.8,53.4,0.444,False
2026-09-12 11:51:20.152326,Sitapura Industrial,40.7,55.8,0.363,False
2026-09-12 12:51:20.152326,Sitapura Industrial,46.9,53.9,0.419,False
2026-09-12 13:51:20.152326,Sitapura Industrial,56.7,42.5,0.506,False
2026-09-12 14:51:20.152326,Sitapura Industrial,49.0,47.5,0.438,False
2026-09-12 15:51:20.152326,Sitapura Industrial,49.8,50.1,0.444,False
2026-09-12 16:51:20.152326,Sitapura Industrial,46.3,44.1,0.413,False
2026-09-12 17:51:20.152326,Sitapura Industrial,81.7,28.5,0.729,False
2026-09-12 18:51:20.152326,Sitapura Industrial,64.6,44.7,0.577,False
2026-09-12 19:51:20.152326,Sitapura Industrial,80.0,36.4,0.714,True
2026-09-12 20:51:20.152326,Sitapura Industrial,49.2,47.4,0.439,False
2026-09-12 21:51:20.152326,Sitapura Industrial,48.7,47.2,0.435,False
2026-09-12 22:51:20.152326,Sitapura Industrial,50.4,51.7,0.45,False
2026-09-12 23:51:20.152326,Sitapura Industrial,56.7,47.9,0.507,False
2026-09-13 00:51:20.152326,Sitapura Industrial,52.2,45.3,0.466,False
2026-09-13 01:51:20.152326,Sitapura Industrial,53.1,46.6,0.475,False
2026-09-13 02:51:20.152326,Sitapura Industrial,49.2,47.6,0.439,True
2026-09-13 03:51:20.152326,Sitapura Industrial,47.5,49.9,0.424,False
2026-09-13 04:51:20.152326,Sitapura Industrial,49.1,50.9,0.438,False
2026-09-13 05:51:20.152326,Sitapura Industrial,42.3,56.3,0.378,False
2026-09-13 06:51:20.152326,Sitapura Industrial,49.4,53.3,0.441,False
2026-09-13 07:51:20.152326,Sitapura Industrial,84.1,40.3,0.751,False
2026-09-13 08:51:20.152326,Sitapura Industrial,80.1,44.5,0.715,False
2026-09-13 09:51:20.152326,Sitapura Industrial,75.5,45.4,0.674,False
2026-09-13 10:51:20.152326,Sitapura Industrial,54.4,45.1,0.486,False
2026-09-13 11:51:20.152326,Sitapura Industrial,52.5,50.9,0.469,False
2026-09-13 12:51:20.152326,Sitapura Industrial,56.1,47.6,0.501,False
2026-09-13 13:51:20.152326,Sitapura Industrial,57.2,43.8,0.511,False
2026-09-13 14:51:20.152326,Sitapura Industrial,42.8,53.0,0.382,False
2026-09-13 15:51:20.152326,Sitapura Industrial,53.7,50.5,0.48,False
2026-09-13 16:51:20.152326,Sitapura Industrial,46.7,54.4,0.417,False
2026-09-13 17:51:20.152326,Sitapura Industrial,77.4,43.8,0.691,False
2026-09-13 18:51:20.152326,Sitapura Industrial,78.7,34.1,0.703,False
2026-09-13 19:51:20.152326,Sitapura Industrial,76.9,38.1,0.687,False
2026-09-13 20:51:20.152326,Sitapura Industrial,50.2,52.6,0.448,False
2026-09-13 21:51:20.152326,Sitapura Industrial,44.1,43.7,0.394,False
2026-09-13 22:51:20.152326,Sitapura Industrial,40.1,52.3,0.358,False
2026-09-13 23:51:20.152326,Sitapura Industrial,52.8,49.7,0.472,False
2026-09-14 00:51:20.152326,Sitapura Industrial,72.9,44.8,0.651,False
2026-09-14 01:51:20.152326,Sitapura Industrial,69.1,39.9,0.617,False
2026-09-14 02:51:20.152326,Sitapura Industrial,67.4,44.8,0.602,False
2026-09-14 03:51:20.152326,Sitapura Industrial,63.7,43.2,0.569,False
2026-09-14 04:51:20.152326,Sitapura Industrial,77.4,41.2,0.691,False
2026-09-14 05:51:20.152326,Sitapura Industrial,68.2,48.5,0.609,False
2026-09-14 06:51:20.152326,Sitapura Industrial,61.0,48.2,0.544,False
2026-09-14 07:51:20.152326,Sitapura Industrial,120.5,30.6,1.0,False
2026-09-14 08:51:20.152326,Sitapura Industrial,104.8,32.8,0.936,False
2026-09-14 09:51:20.152326,Sitapura Industrial,94.9,34.1,0.848,False
2026-09-14 10:51:20.152326,Sitapura Industrial,64.2,43.5,0.573,False
2026-09-14 11:51:20.152326,Sitapura Industrial,65.8,44.4,0.588,False
2026-09-14 12:51:20.152326,Sitapura Industrial,67.7,47.9,0.604,False
2026-09-14 13:51:20.152326,Sitapura Industrial,69.5,43.5,0.621,False
2026-09-14 14:51:20.152326,Sitapura Industrial,72.5,45.9,0.647,False
2026-09-14 15:51:20.152326,Sitapura Industrial,69.1,48.3,0.617,False
2026-09-14 16:51:20.152326,Sitapura Industrial,75.7,40.9,0.676,False
2026-09-14 17:51:20.152326,Sitapura Industrial,113.9,24.2,1.0,False
2026-09-14 18:51:20.152326,Sitapura Industrial,106.1,36.8,0.947,False
2026-09-14 19:51:20.152326,Sitapura Industrial,123.3,23.0,1.0,False
2026-09-14 20:51:20.152326,Sitapura Industrial,55.1,45.9,0.492,False
2026-09-14 21:51:20.152326,Sitapura Industrial,73.4,44.0,0.655,False
2026-09-14 22:51:20.152326,Sitapura Industrial,67.1,43.1,0.599,False
2026-09-14 23:51:20.152326,Sitapura Industrial,70.5,44.8,0.629,False
2026-09-15 00:51:20.152326,Sitapura Industrial,69.9,43.8,0.624,False
2026-09-15 01:51:20.152326,Sitapura Industrial,78.0,39.0,0.697,False
2026-09-15 02:51:20.152326,Sitapura Industrial,59.3,46.6,0.529,False
2026-09-15 03:51:20.152326,Sitapura Industrial,69.7,39.6,0.622,False
2026-09-15 04:51:20.152326,Sitapura Industrial,72.8,39.4,0.65,False
2026-09-15 05:51:20.152326,Sitapura Industrial,68.8,43.6,0.614,False
2026-09-15 06:51:20.152326,Sitapura Industrial,78.1,37.1,0.697,False
2026-09-15 07:51:20.152326,Sitapura Industrial,101.7,36.9,0.908,False
2026-09-15 08:51:20.152326,Sitapura Industrial,118.8,24.4,1.0,False
2026-09-15 09:51:20.152326,Sitapura Industrial,124.9,27.5,1.0,False
2026-09-15 10:51:20.152326,Sitapura Industrial,71.8,44.1,0.641,False
2026-09-15 11:51:20.152326,Sitapura Industrial,69.8,42.8,0.623,False
2026-09-15 12:51:20.152326,Sitapura Industrial,63.2,44.1,0.564,False
2026-09-15 13:51:20.152326,Sitapura Industrial,63.7,45.6,0.569,False
2026-09-15 14:51:20.152326,Sitapura Industrial,71.3,47.0,0.637,False
2026-09-15 15:51:20.152326,Sitapura Industrial,69.0,45.0,0.616,True
2026-09-15 16:51:20.152326,Sitapura Industrial,82.6,40.1,0.738,False
2026-09-15 17:51:20.152326,Sitapura Industrial,95.8,34.6,0.855,False
2026-09-15 18:51:20.152326,Sitapura Industrial,95.7,38.2,0.855,False
2026-09-15 19:51:20.152326,Sitapura Industrial,111.4,32.7,0.994,False
2026-09-15 20:51:20.152326,Sitapura Industrial,72.0,43.1,0.643,False
2026-09-15 21:51:20.152326,Sitapura Industrial,77.0,38.2,0.687,False
2026-09-15 22:51:20.152326,Sitapura Industrial,62.2,41.6,0.556,False
2026-09-15 23:51:20.152326,Sitapura Industrial,77.3,38.4,0.69,False
2026-09-16 00:51:20.152326,Sitapura Industrial,68.6,43.5,0.612,False
2026-09-16 01:51:20.152326,Sitapura Industrial,72.7,38.8,0.649,False
2026-09-16 02:51:20.152326,Sitapura Industrial,63.0,49.3,0.562,False
2026-09-16 03:51:20.152326,Sitapura Industrial,64.0,49.3,0.572,False
2026-09-16 04:51:20.152326,Sitapura Industrial,74.7,41.0,0.667,False
2026-09-16 05:51:20.152326,Sitapura Industrial,71.2,46.1,0.636,False
2026-09-16 06:51:20.152326,Sitapura Industrial,65.7,42.5,0.587,False
2026-09-16 07:51:20.152326,Sitapura Industrial,117.6,29.7,1.0,False
2026-09-16 08:51:20.152326,Sitapura Industrial,116.2,24.1,1.0,False
2026-09-16 09:51:20.152326,Sitapura Industrial,122.1,27.3,1.0,False
2026-09-16 10:51:20.152326,Sitapura Industrial,68.9,46.6,0.616,False
2026-09-16 11:51:20.152326,Sitapura Industrial,82.5,41.6,0.736,False
2026-09-16 12:51:20.152326,Sitapura Industrial,70.0,47.8,0.625,False
2026-09-16 13:51:20.152326,Sitapura Industrial,73.9,41.4,0.66,False
2026-09-16 14:51:20.152326,Sitapura Industrial,65.7,40.3,0.586,False
2026-09-16 15:51:20.152326,Sitapura Industrial,67.8,42.0,0.605,False
2026-09-16 16:51:20.152326,Sitapura Industrial,79.0,39.8,0.705,False
2026-09-16 17:51:20.152326,Sitapura Industrial,97.5,29.3,0.87,False
2026-09-16 18:51:20.152326,Sitapura Industrial,110.9,36.4,0.99,False
2026-09-16 19:51:20.152326,Sitapura Industrial,107.9,31.0,0.963,False
2026-09-16 20:51:20.152326,Sitapura Industrial,67.5,35.0,0.602,False
2026-09-16 21:51:20.152326,Sitapura Industrial,66.8,38.3,0.596,False
2026-09-16 22:51:20.152326,Sitapura Industrial,81.7,37.7,0.73,False
2026-09-16 23:51:20.152326,Sitapura Industrial,73.3,35.7,0.654,False
2026-09-17 00:51:20.152326,Sitapura Industrial,69.0,42.4,0.616,False
2026-09-17 01:51:20.152326,Sitapura Industrial,66.3,39.2,0.592,False
2026-09-17 02:51:20.152326,Sitapura Industrial,56.8,45.0,0.507,False
2026-09-17 03:51:20.152326,Sitapura Industrial,74.9,45.0,0.669,False
2026-09-17 04:51:20.152326,Sitapura Industrial,67.2,48.5,0.6,False
2026-09-17 05:51:20.152326,Sitapura Industrial,73.0,38.2,0.651,False
2026-09-17 06:51:20.152326,Sitapura Industrial,79.7,39.6,0.712,False
2026-09-17 07:51:20.152326,Sitapura Industrial,131.6,26.6,1.0,False
2026-09-17 08:51:20.152326,Sitapura Industrial,106.2,31.2,0.948,False
2026-09-17 09:51:20.152326,Sitapura Industrial,115.6,29.3,1.0,False
2026-09-17 10:51:20.152326,Sitapura Industrial,81.4,40.1,0.727,False
2026-09-17 11:51:20.152326,Sitapura Industrial,78.9,41.2,0.704,False
2026-09-17 12:51:20.152326,Sitapura Industrial,66.0,45.6,0.589,False
2026-09-17 13:51:20.152326,Sitapura Industrial,74.3,43.2,0.663,False
2026-09-17 14:51:20.152326,Sitapura Industrial,60.9,43.9,0.544,False
2026-09-17 15:51:20.152326,Sitapura Industrial,65.4,46.3,0.584,False
2026-09-17 16:51:20.152326,Sitapura Industrial,70.4,39.7,0.629,False
2026-09-17 17:51:20.152326,Sitapura Industrial,112.2,35.5,1.0,False
2026-09-17 18:51:20.152326,Sitapura Industrial,99.0,32.6,0.884,False
2026-09-17 19:51:20.152326,Sitapura Industrial,109.7,32.3,0.979,False
2026-09-17 20:51:20.152326,Sitapura Industrial,70.6,41.0,0.63,False
2026-09-17 21:51:20.152326,Sitapura Industrial,78.1,41.9,0.697,False
2026-09-17 22:51:20.152326,Sitapura Industrial,71.8,44.7,0.641,False
2026-09-17 23:51:20.152326,Sitapura Industrial,69.8,35.7,0.623,False
2026-09-18 00:51:20.152326,Sitapura Industrial,63.9,39.4,0.571,False
2026-09-18 01:51:20.152326,Sitapura Industrial,72.9,44.0,0.651,False
2026-09-18 02:51:20.152326,Sitapura Industrial,68.3,40.3,0.609,False
2026-09-18 03:51:20.152326,Sitapura Industrial,63.8,43.0,0.57,True
2026-09-18 04:51:20.152326,Sitapura Industrial,62.2,48.1,0.555,False
2026-09-18 05:51:20.152326,Sitapura Industrial,67.8,40.5,0.606,False
2026-09-18 06:51:20.152326,Sitapura Industrial,58.5,50.9,0.523,False
2026-09-18 07:51:20.152326,Sitapura Industrial,103.4,32.1,0.923,False
2026-09-18 08:51:20.152326,Sitapura Industrial,124.1,28.0,1.0,False
2026-09-18 09:51:20.152326,Sitapura Industrial,97.9,34.9,0.874,False
2026-09-18 10:51:20.152326,Sitapura Industrial,72.3,41.1,0.646,False
2026-09-18 11:51:20.152326,Sitapura Industrial,72.3,44.1,0.645,False
2026-09-18 12:51:20.152326,Sitapura Industrial,69.4,43.1,0.62,False
2026-09-18 13:51:20.152326,Sitapura Industrial,70.4,45.6,0.629,False
2026-09-18 14:51:20.152326,Sitapura Industrial,82.9,30.6,0.74,False
2026-09-18 15:51:20.152326,Sitapura Industrial,66.3,44.2,0.592,False
2026-09-18 16:51:20.152326,Sitapura Industrial,69.2,46.9,0.618,False
2026-09-18 17:51:20.152326,Sitapura Industrial,121.5,23.2,1.0,False
2026-09-18 18:51:20.152326,Sitapura Industrial,108.9,28.6,0.973,False
2026-09-18 19:51:20.152326,Sitapura Industrial,112.6,31.6,1.0,False
2026-09-18 20:51:20.152326,Sitapura Industrial,74.7,42.6,0.667,True
2026-09-18 21:51:20.152326,Sitapura Industrial,68.4,44.6,0.611,False
2026-09-18 22:51:20.152326,Sitapura Industrial,66.9,44.9,0.597,False
2026-09-18 23:51:20.152326,Sitapura Industrial,72.3,49.2,0.645,False
2026-09-19 00:51:20.152326,Sitapura Industrial,51.2,48.1,0.457,False
2026-09-19 01:51:20.152326,Sitapura Industrial,48.6,52.7,0.434,False
2026-09-19 02:51:20.152326,Sitapura Industrial,51.8,47.6,0.463,False
2026-09-19 03:51:20.152326,Sitapura Industrial,48.5,50.4,0.433,False
2026-09-19 04:51:20.152326,Sitapura Industrial,47.8,53.5,0.427,False
2026-09-19 05:51:20.152326,Sitapura Industrial,46.3,53.6,0.413,False
2026-09-19 06:51:20.152326,Sitapura Industrial,45.4,55.9,0.406,False
2026-09-19 07:51:20.152326,Sitapura Industrial,88.9,38.4,0.794,False
2026-09-19 08:51:20.152326,Sitapura Industrial,79.0,39.5,0.705,False
2026-09-19 09:51:20.152326,Sitapura Industrial,77.0,46.1,0.688,False
2026-09-19 10:51:20.152326,Sitapura Industrial,50.6,52.2,0.451,False
2026-09-19 11:51:20.152326,Sitapura Industrial,50.5,51.8,0.451,False
2026-09-19 12:51:20.152326,Sitapura Industrial,46.3,47.7,0.413,False
2026-09-19 13:51:20.152326,Sitapura Industrial,55.8,45.6,0.498,False
2026-09-19 14:51:20.152326,Sitapura Industrial,48.0,54.7,0.429,False
2026-09-19 15:51:20.152326,Sitapura Industrial,49.8,47.5,0.445,False
2026-09-19 16:51:20.152326,Sitapura Industrial,50.3,52.2,0.449,True
2026-09-19 17:51:20.152326,Sitapura Industrial,85.8,40.7,0.766,True
2026-09-19 18:51:20.152326,Sitapura Industrial,76.8,35.1,0.686,False
2026-09-19 19:51:20.152326,Sitapura Industrial,73.4,40.3,0.655,False
2026-09-19 20:51:20.152326,Sitapura Industrial,52.7,48.9,0.47,False
2026-09-19 21:51:20.152326,Sitapura Industrial,46.1,49.1,0.411,False
2026-09-19 22:51:20.152326,Sitapura Industrial,45.9,44.8,0.41,False
2026-09-19 23:51:20.152326,Sitapura Industrial,48.5,50.0,0.433,False
2026-09-20 00:51:20.152326,Sitapura Industrial,41.9,51.5,0.374,False
2026-09-20 01:51:20.152326,Sitapura Industrial,48.8,55.3,0.436,False
2026-09-20 02:51:20.152326,Sitapura Industrial,48.3,50.7,0.432,False
2026-09-20 03:51:20.152326,Sitapura Industrial,48.4,46.4,0.432,False
2026-09-20 04:51:20.152326,Sitapura Industrial,47.9,47.3,0.428,False
2026-09-20 05:51:20.152326,Sitapura Industrial,53.5,47.2,0.478,False
2026-09-20 06:51:20.152326,Sitapura Industrial,51.0,46.7,0.456,False
2026-09-20 07:51:20.152326,Sitapura Industrial,74.2,40.4,0.663,False
2026-09-20 08:51:20.152326,Sitapura Industrial,80.9,33.7,0.722,False
2026-09-20 09:51:20.152326,Sitapura Industrial,70.6,45.3,0.63,False
2026-09-20 10:51:20.152326,Sitapura Industrial,44.6,44.7,0.398,False
2026-09-20 11:51:20.152326,Sitapura Industrial,51.1,49.7,0.456,False
2026-09-20 12:51:20.152326,Sitapura Industrial,51.5,46.6,0.46,False
2026-09-20 13:51:20.152326,Sitapura Industrial,46.7,45.5,0.417,False
2026-09-20 14:51:20.152326,Sitapura Industrial,46.7,52.4,0.417,False
2026-09-20 15:51:20.152326,Sitapura Industrial,48.3,48.6,0.431,False
2026-09-20 16:51:20.152326,Sitapura Industrial,49.4,51.5,0.441,False
2026-09-20 17:51:20.152326,Sitapura Industrial,75.4,35.1,0.673,False
2026-09-20 18:51:20.152326,Sitapura Industrial,74.2,43.8,0.663,False
2026-09-20 19:51:20.152326,Sitapura Industrial,79.7,37.6,0.711,False
2026-09-20 20:51:20.152326,Sitapura Industrial,54.1,53.1,0.483,False
2026-09-20 21:51:20.152326,Sitapura Industrial,51.9,52.3,0.463,False
2026-09-20 22:51:20.152326,Sitapura Industrial,48.7,47.1,0.435,False
2026-09-20 23:51:20.152326,Sitapura Industrial,41.2,59.0,0.368,False
2026-09-21 00:51:20.152326,Sitapura Industrial,64.9,50.4,0.579,False
2026-09-21 01:51:20.152326,Sitapura Industrial,68.0,42.5,0.607,False
2026-09-21 02:51:20.152326,Sitapura Industrial,69.1,46.0,0.617,False
2026-09-21 03:51:20.152326,Sitapura Industrial,73.9,43.4,0.66,False
2026-09-21 04:51:20.152326,Sitapura Industrial,66.0,44.7,0.589,False
2026-09-21 05:51:20.152326,Sitapura Industrial,69.5,36.4,0.621,False
2026-09-21 06:51:20.152326,Sitapura Industrial,73.1,44.2,0.653,False
2026-09-21 07:51:20.152326,Sitapura Industrial,127.8,31.0,1.0,False
2026-09-21 08:51:20.152326,Sitapura Industrial,119.6,26.1,1.0,False
2026-09-21 09:51:20.152326,Sitapura Industrial,102.2,28.6,0.912,False
2026-09-21 10:51:20.152326,Sitapura Industrial,74.5,39.3,0.665,False
2026-09-21 11:51:20.152326,Sitapura Industrial,69.7,41.5,0.622,False
2026-09-21 12:51:20.152326,Sitapura Industrial,67.7,42.8,0.604,False
2026-09-21 13:51:20.152326,Sitapura Industrial,68.2,45.0,0.609,False
2026-09-21 14:51:20.152326,Sitapura Industrial,73.6,38.4,0.657,False
2026-09-21 15:51:20.152326,Sitapura Industrial,63.5,43.1,0.567,False
2026-09-21 16:51:20.152326,Sitapura Industrial,72.1,42.4,0.644,False
2026-09-21 17:51:20.152326,Sitapura Industrial,109.4,27.8,0.976,True
2026-09-21 18:51:20.152326,Sitapura Industrial,91.0,36.2,0.812,False
2026-09-21 19:51:20.152326,Sitapura Industrial,107.5,32.3,0.96,False
2026-09-21 20:51:20.152326,Sitapura Industrial,62.1,42.4,0.554,False
2026-09-21 21:51:20.152326,Sitapura Industrial,63.6,46.1,0.568,False
2026-09-21 22:51:20.152326,Sitapura Industrial,64.5,46.4,0.576,False
2026-09-21 23:51:20.152326,Sitapura Industrial,77.9,42.7,0.696,False
2026-09-22 00:51:20.152326,Sitapura Industrial,72.6,43.7,0.649,False
2026-09-22 01:51:20.152326,Sitapura Industrial,64.2,43.6,0.574,False
2026-09-22 02:51:20.152326,Sitapura Industrial,56.9,45.5,0.508,False
2026-09-22 03:51:20.152326,Sitapura Industrial,72.4,45.4,0.647,False
2026-09-22 04:51:20.152326,Sitapura Industrial,71.7,46.3,0.64,False
2026-09-22 05:51:20.152326,Sitapura Industrial,77.6,39.8,0.693,False
2026-09-22 06:51:20.152326,Sitapura Industrial,65.7,41.2,0.586,False
2026-09-22 07:51:20.152326,Sitapura Industrial,127.6,21.0,1.0,False
2026-09-22 08:51:20.152326,Sitapura Industrial,111.6,27.4,0.996,False
2026-09-22 09:51:20.152326,Sitapura Industrial,110.3,27.6,0.985,False
2026-09-22 10:51:20.152326,Sitapura Industrial,73.2,46.1,0.653,False
2026-09-22 11:51:20.152326,Sitapura Industrial,63.2,40.8,0.564,False
2026-09-22 12:51:20.152326,Sitapura Industrial,67.4,44.4,0.602,False
2026-09-22 13:51:20.152326,Sitapura Industrial,61.7,45.0,0.551,False
2026-09-22 14:51:20.152326,Sitapura Industrial,68.9,47.6,0.615,False
2026-09-22 15:51:20.152326,Sitapura Industrial,58.9,48.9,0.526,False
2026-09-22 16:51:20.152326,Sitapura Industrial,65.9,44.0,0.589,False
2026-09-22 17:51:20.152326,Sitapura Industrial,123.2,23.3,1.0,False
2026-09-22 18:51:20.152326,Sitapura Industrial,101.4,37.2,0.905,False
2026-09-22 19:51:20.152326,Sitapura Industrial,91.6,41.6,0.818,False
2026-09-22 20:51:20.152326,Sitapura Industrial,62.1,48.2,0.555,False
2026-09-22 21:51:20.152326,Sitapura Industrial,67.1,42.8,0.599,False
2026-09-22 22:51:20.152326,Sitapura Industrial,66.7,43.5,0.596,True
2026-09-22 23:51:20.152326,Sitapura Industrial,75.1,40.4,0.671,False
2026-09-23 00:51:20.152326,Sitapura Industrial,65.1,46.1,0.581,False
2026-09-23 01:51:20.152326,Sitapura Industrial,71.5,41.4,0.638,False
2026-09-23 02:51:20.152326,Sitapura Industrial,62.3,45.0,0.557,True
2026-09-23 03:51:20.152326,Sitapura Industrial,68.8,43.3,0.614,False
2026-09-23 04:51:20.152326,Sitapura Industrial,63.5,46.4,0.567,False
2026-09-23 05:51:20.152326,Sitapura Industrial,69.3,43.3,0.619,False
2026-09-23 06:51:20.152326,Sitapura Industrial,62.8,46.4,0.56,False
2026-09-23 07:51:20.152326,Sitapura Industrial,117.4,28.4,1.0,False
2026-09-23 08:51:20.152326,Sitapura Industrial,131.0,28.9,1.0,False
2026-09-23 09:51:20.152326,Sitapura Industrial,118.8,25.3,1.0,False
2026-09-23 10:51:20.152326,Sitapura Industrial,72.5,45.2,0.648,False
2026-09-23 11:51:20.152326,Sitapura Industrial,70.1,44.2,0.626,False
2026-09-23 12:51:20.152326,Sitapura Industrial,76.3,39.9,0.681,False
2026-09-23 13:51:20.152326,Sitapura Industrial,65.7,41.5,0.587,False
2026-09-23 14:51:20.152326,Sitapura Industrial,69.8,43.6,0.623,False
2026-09-23 15:51:20.152326,Sitapura Industrial,57.4,48.4,0.513,False
2026-09-23 16:51:20.152326,Sitapura Industrial,68.2,46.3,0.609,False
2026-09-23 17:51:20.152326,Sitapura Industrial,106.2,27.6,0.948,False
2026-09-23 18:51:20.152326,Sitapura Industrial,105.3,35.3,0.94,False
2026-09-23 19:51:20.152326,Sitapura Industrial,107.3,33.7,0.958,False
2026-09-23 20:51:20.152326,Sitapura Industrial,69.7,45.5,0.622,False
2026-09-23 21:51:20.152326,Sitapura Industrial,67.0,39.4,0.599,False
2026-09-23 22:51:20.152326,Sitapura Industrial,61.7,46.5,0.551,False
2026-09-23 23:51:20.152326,Sitapura Industrial,80.0,41.8,0.714,False
2026-09-24 00:51:20.152326,Sitapura Industrial,64.2,45.0,0.574,False
2026-09-24 01:51:20.152326,Sitapura Industrial,66.8,37.6,0.597,False
2026-09-24 02:51:20.152326,Sitapura Industrial,72.6,41.4,0.648,False
2026-09-24 03:51:20.152326,Sitapura Industrial,60.1,46.4,0.537,False
2026-09-24 04:51:20.152326,Sitapura Industrial,66.0,41.9,0.589,False
2026-09-24 05:51:20.152326,Sitapura Industrial,68.1,44.0,0.608,False
2026-09-24 06:51:20.152326,Sitapura Industrial,74.4,44.6,0.664,False
2026-09-24 07:51:20.152326,Sitapura Industrial,121.2,30.0,1.0,False
2026-09-24 08:51:20.152326,Sitapura Industrial,115.8,28.7,1.0,False
2026-09-24 09:51:20.152326,Sitapura Industrial,123.6,27.7,1.0,False
2026-09-24 10:51:20.152326,Sitapura Industrial,61.5,47.3,0.549,False
2026-09-24 11:51:20.152326,Sitapura Industrial,69.9,47.5,0.624,False
2026-09-24 12:51:20.152326,Sitapura Industrial,63.4,48.2,0.566,False
2026-09-24 13:51:20.152326,Sitapura Industrial,67.4,43.5,0.602,False
2026-09-24 14:51:20.152326,Sitapura Industrial,70.4,43.4,0.628,False
2026-09-24 15:51:20.152326,Sitapura Industrial,65.7,45.1,0.586,False
2026-09-24 16:51:20.152326,Sitapura Industrial,71.9,44.9,0.642,False
2026-09-24 17:51:20.152326,Sitapura Industrial,111.8,33.9,0.998,False
2026-09-24 18:51:20.152326,Sitapura Industrial,115.6,28.3,1.0,False
2026-09-24 19:51:20.152326,Sitapura Industrial,98.4,30.0,0.878,False
2026-09-24 20:51:20.152326,Sitapura Industrial,68.6,48.5,0.612,False
2026-09-24 21:51:20.152326,Sitapura Industrial,75.0,41.6,0.67,False
