timestamp,zone,usage_liters,pressure_bar,pipe_leak_risk
2026-06-26 22:51:20.152326,Mansarovar,483.4,4.56,0.082
2026-06-26 23:51:20.152326,Mansarovar,492.3,4.81,0.177
2026-06-27 00:51:20.152326,Mansarovar,498.1,4.48,0.149
2026-06-27 01:51:20.152326,Mansarovar,488.3,4.3,0.2
2026-06-27 02:51:20.152326,Mansarovar,498.4,4.62,0.321
2026-06-27 03:51:20.152326,Mansarovar,446.5,5.05,0.317
2026-06-27 04:51:20.152326,Mansarovar,489.6,4.51,0.068
2026-06-27 05:51:20.152326,Mansarovar,474.8,5.02,0.261
2026-06-27 06:51:20.152326,Mansarovar,811.9,4.49,0.113
2026-06-27 07:51:20.152326,Mansarovar,753.0,4.55,0.172
2026-06-27 08:51:20.152326,Mansarovar,706.3,4.05,0.252
2026-06-27 09:51:20.152326,Mansarovar,744.2,4.6,0.079
2026-06-27 10:51:20.152326,Mansarovar,529.6,3.87,0.278
2026-06-27 11:51:20.152326,Mansarovar,535.7,4.8,0.077
2026-06-27 12:51:20.152326,Mansarovar,537.6,4.2,0.121
2026-06-27 13:51:20.152326,Mansarovar,506.2,5.14,0.045
2026-06-27 14:51:20.152326,Mansarovar,537.1,4.6,0.118
2026-06-27 15:51:20.152326,Mansarovar,481.1,4.38,0.072
2026-06-27 16:51:20.152326,Mansarovar,429.0,4.87,0.055
2026-06-27 17:51:20.152326,Mansarovar,467.4,4.39,0.059
2026-06-27 18:51:20.152326,Mansarovar,640.3,4.26,0.315
2026-06-27 19:51:20.152326,Mansarovar,654.1,4.47,0.054
2026-06-27 20:51:20.152326,Mansarovar,635.9,4.32,0.233
2026-06-27 21:51:20.152326,Mansarovar,644.4,4.65,0.207
2026-06-27 22:51:20.152326,Mansarovar,487.2,4.12,0.089
2026-06-27 23:51:20.152326,Mansarovar,488.4,4.39,0.126
2026-06-28 00:51:20.152326,Mansarovar,549.9,4.07,0.248
2026-06-28 01:51:20.152326,Mansarovar,470.7,4.66,0.224
2026-06-28 02:51:20.152326,Mansarovar,465.9,3.93,0.233
2026-06-28 03:51:20.152326,Mansarovar,504.6,4.39,0.109
2026-06-28 04:51:20.152326,Mansarovar,435.9,4.48,0.219
2026-06-28 05:51:20.152326,Mansarovar,479.8,4.58,0.302
2026-06-28 06:51:20.152326,Mansarovar,722.3,4.7,0.177
2026-06-28 07:51:20.152326,Mansarovar,721.0,4.26,0.287
2026-06-28 08:51:20.152326,Mansarovar,703.0,4.65,0.151
2026-06-28 09:51:20.152326,Mansarovar,724.2,4.67,0.242
2026-06-28 10:51:20.152326,Mansarovar,464.8,4.43,0.159
2026-06-28 11:51:20.152326,Mansarovar,512.8,4.77,0.355
2026-06-28 12:51:20.152326,Mansarovar,552.8,4.59,0.395
2026-06-28 13:51:20.152326,Mansarovar,457.8,4.55,0.114
2026-06-28 14:51:20.152326,Mansarovar,459.9,4.83,0.167
2026-06-28 15:51:20.152326,Mansarovar,491.3,4.53,0.184
2026-06-28 16:51:20.152326,Mansarovar,493.7,4.78,0.029
2026-06-28 17:51:20.152326,Mansarovar,471.4,3.85,0.298
2026-06-28 18:51:20.152326,Mansarovar,645.1,4.43,0.276
2026-06-28 19:51:20.152326,Mansarovar,621.6,4.15,0.188
2026-06-28 20:51:20.152326,Mansarovar,661.6,4.86,0.236
2026-06-28 21:51:20.152326,Mansarovar,672.4,4.01,0.089
2026-06-28 22:51:20.152326,Mansarovar,514.0,4.19,0.169
2026-06-28 23:51:20.152326,Mansarovar,497.0,4.69,0.043
2026-06-29 00:51:20.152326,Mansarovar,504.8,4.08,0.013
2026-06-29 01:51:20.152326,Mansarovar,519.0,5.15,0.256
2026-06-29 02:51:20.152326,Mansarovar,471.8,4.89,0.056
2026-06-29 03:51:20.152326,Mansarovar,496.5,4.62,0.476
2026-06-29 04:51:20.152326,Mansarovar,475.9,4.33,0.047
2026-06-29 05:51:20.152326,Mansarovar,565.0,4.31,0.044
2026-06-29 06:51:20.152326,Mansarovar,722.1,3.89,0.147
2026-06-29 07:51:20.152326,Mansarovar,721.2,4.57,0.262
2026-06-29 08:51:20.152326,Mansarovar,651.9,4.93,0.099
2026-06-29 09:51:20.152326,Mansarovar,627.6,4.55,0.281
2026-06-29 10:51:20.152326,Mansarovar,545.6,4.41,0.2
2026-06-29 11:51:20.152326,Mansarovar,489.2,4.71,0.085
2026-06-29 12:51:20.152326,Mansarovar,511.2,4.99,0.223
2026-06-29 13:51:20.152326,Mansarovar,554.7,4.35,0.074
2026-06-29 14:51:20.152326,Mansarovar,530.9,4.61,0.149
2026-06-29 15:51:20.152326,Mansarovar,429.3,4.35,0.043
2026-06-29 16:51:20.152326,Mansarovar,507.1,4.2,0.075
2026-06-29 17:51:20.152326,Mansarovar,462.5,4.51,0.126
2026-06-29 18:51:20.152326,Mansarovar,619.4,3.98,0.218
2026-06-29 19:51:20.152326,Mansarovar,655.1,4.1,0.248
2026-06-29 20:51:20.152326,Mansarovar,632.4,3.87,0.267
2026-06-29 21:51:20.152326,Mansarovar,567.5,4.32,0.133
2026-06-29 22:51:20.152326,Mansarovar,478.9,3.79,0.111
2026-06-29 23:51:20.152326,Mansarovar,461.3,4.15,0.108
2026-06-30 00:51:20.152326,Mansarovar,519.3,4.74,0.14
2026-06-30 01:51:20.152326,Mansarovar,473.8,4.8,0.2
2026-06-30 02:51:20.152326,Mansarovar,490.4,4.55,0.067
2026-06-30 03:51:20.152326,Mansarovar,489.3,4.3,0.543
2026-06-30 04:51:20.152326,Mansarovar,548.4,4.49,0.114
2026-06-30 05:51:20.152326,Mansarovar,556.1,4.27,0.103
2026-06-30 06:51:20.152326,Mansarovar,765.0,4.06,0.01
2026-06-30 07:51:20.152326,Mansarovar,652.7,5.12,0.147
2026-06-30 08:51:20.152326,Mansarovar,704.6,4.31,0.189
2026-06-30 09:51:20.152326,Mansarovar,758.7,4.02,0.095
2026-06-30 10:51:20.152326,Mansarovar,533.3,4.43,0.264
2026-06-30 11:51:20.152326,Mansarovar,544.0,4.18,0.282
2026-06-30 12:51:20.152326,Mansarovar,505.3,4.58,0.033
2026-06-30 13:51:20.152326,Mansarovar,519.2,4.54,0.021
2026-06-30 14:51:20.152326,Mansarovar,463.8,4.4,0.177
2026-06-30 15:51:20.152326,Mansarovar,458.8,4.43,0.113
2026-06-30 16:51:20.152326,Mansarovar,541.2,4.35,0.103
2026-06-30 17:51:20.152326,Mansarovar,467.7,4.29,0.151
2026-06-30 18:51:20.152326,Mansarovar,680.2,5.05,0.034
2026-06-30 19:51:20.152326,Mansarovar,655.3,4.82,0.122
2026-06-30 20:51:20.152326,Mansarovar,637.2,4.1,0.085
2026-06-30 21:51:20.152326,Mansarovar,712.7,4.07,0.078
2026-06-30 22:51:20.152326,Mansarovar,511.7,4.77,0.392
2026-06-30 23:51:20.152326,Mansarovar,469.5,4.3,0.009
2026-07-01 00:51:20.152326,Mansarovar,520.4,4.57,0.135
2026-07-01 01:51:20.152326,Mansarovar,504.3,4.63,0.424
2026-07-01 02:51:20.152326,Mansarovar,471.6,4.78,0.25
2026-07-01 03:51:20.152326,Mansarovar,513.7,4.28,0.03
2026-07-01 04:51:20.152326,Mansarovar,504.1,4.15,0.098
2026-07-01 05:51:20.152326,Mansarovar,568.5,4.7,0.062
2026-07-01 06:51:20.152326,Mansarovar,705.2,4.62,0.09
2026-07-01 07:51:20.152326,Mansarovar,715.8,4.32,0.074
2026-07-01 08:51:20.152326,Mansarovar,676.0,4.38,0.092
2026-07-01 09:51:20.152326,Mansarovar,692.0,4.97,0.233
2026-07-01 10:51:20.152326,Mansarovar,463.2,4.06,0.262
2026-07-01 11:51:20.152326,Mansarovar,568.8,4.7,0.151
2026-07-01 12:51:20.152326,Mansarovar,559.4,4.63,0.321
2026-07-01 13:51:20.152326,Mansarovar,469.6,4.65,0.266
2026-07-01 14:51:20.152326,Mansarovar,442.1,4.63,0.271
2026-07-01 15:51:20.152326,Mansarovar,474.5,4.67,0.191
2026-07-01 16:51:20.152326,Mansarovar,472.3,4.74,0.351
2026-07-01 17:51:20.152326,Mansarovar,491.6,4.8,0.198
2026-07-01 18:51:20.152326,Mansarovar,654.1,4.12,0.061
2026-07-01 19:51:20.152326,Mansarovar,668.3,3.99,0.013
2026-07-01 20:51:20.152326,Mansarovar,717.0,4.13,0.376
2026-07-01 21:51:20.152326,Mansarovar,624.8,4.55,0.069
2026-07-01 22:51:20.152326,Mansarovar,541.2,4.7,0.012
2026-07-01 23:51:20.152326,Mansarovar,531.3,4.71,0.418
2026-07-02 00:51:20.152326,Mansarovar,491.4,4.61,0.112
2026-07-02 01:51:20.152326,Mansarovar,547.4,4.62,0.22
2026-07-02 02:51:20.152326,Mansarovar,531.5,4.44,0.099
2026-07-02 03:51:20.152326,Mansarovar,483.9,4.68,0.11
2026-07-02 04:51:20.152326,Mansarovar,452.2,4.72,0.13
2026-07-02 05:51:20.152326,Mansarovar,491.5,5.14,0.097
2026-07-02 06:51:20.152326,Mansarovar,671.0,4.38,0.057
2026-07-02 07:51:20.152326,Mansarovar,708.5,4.35,0.101
2026-07-02 08:51:20.152326,Mansarovar,723.1,4.54,0.088
2026-07-02 09:51:20.152326,Mansarovar,718.6,4.67,0.032
2026-07-02 10:51:20.152326,Mansarovar,455.8,4.89,0.306
2026-07-02 11:51:20.152326,Mansarovar,543.4,4.87,0.071
2026-07-02 12:51:20.152326,Mansarovar,572.8,4.93,0.25
2026-07-02 13:51:20.152326,Mansarovar,452.5,4.17,0.432
2026-07-02 14:51:20.152326,Mansarovar,569.0,4.44,0.062
2026-07-02 15:51:20.152326,Mansarovar,503.9,4.82,0.26
2026-07-02 16:51:20.152326,Mansarovar,474.1,4.59,0.216
2026-07-02 17:51:20.152326,Mansarovar,471.0,4.4,0.085
2026-07-02 18:51:20.152326,Mansarovar,584.6,4.84,0.057
2026-07-02 19:51:20.152326,Mansarovar,717.1,4.76,0.149
2026-07-02 20:51:20.152326,Mansarovar,623.9,4.72,0.057
2026-07-02 21:51:20.152326,Mansarovar,617.8,4.48,0.331
2026-07-02 22:51:20.152326,Mansarovar,511.2,4.8,0.096
2026-07-02 23:51:20.152326,Mansarovar,511.4,4.78,0.255
2026-07-03 00:51:20.152326,Mansarovar,511.1,4.25,0.174
2026-07-03 01:51:20.152326,Mansarovar,528.0,4.32,0.259
2026-07-03 02:51:20.152326,Mansarovar,539.2,4.53,0.201
2026-07-03 03:51:20.152326,Mansarovar,503.6,4.77,0.151
2026-07-03 04:51:20.152326,Mansarovar,482.3,4.87,0.128
2026-07-03 05:51:20.152326,Mansarovar,430.1,4.42,0.054
2026-07-03 06:51:20.152326,Mansarovar,719.7,4.7,0.167
2026-07-03 07:51:20.152326,Mansarovar,713.1,4.4,0.156
2026-07-03 08:51:20.152326,Mansarovar,685.3,4.8,0.119
2026-07-03 09:51:20.152326,Mansarovar,688.8,4.06,0.072
2026-07-03 10:51:20.152326,Mansarovar,532.9,4.26,0.148
2026-07-03 11:51:20.152326,Mansarovar,513.3,4.76,0.077
2026-07-03 12:51:20.152326,Mansarovar,501.0,4.46,0.16
2026-07-03 13:51:20.152326,Mansarovar,516.6,4.72,0.267
2026-07-03 14:51:20.152326,Mansarovar,484.3,4.46,0.055
2026-07-03 15:51:20.152326,Mansarovar,528.6,4.38,0.174
2026-07-03 16:51:20.152326,Mansarovar,541.1,4.35,0.278
2026-07-03 17:51:20.152326,Mansarovar,546.8,4.3,0.116
2026-07-03 18:51:20.152326,Mansarovar,667.2,4.96,0.031
2026-07-03 19:51:20.152326,Mansarovar,567.7,4.47,0.11
2026-07-03 20:51:20.152326,Mansarovar,631.4,4.65,0.238
2026-07-03 21:51:20.152326,Mansarovar,690.5,4.45,0.285
2026-07-03 22:51:20.152326,Mansarovar,473.7,4.47,0.214
2026-07-03 23:51:20.152326,Mansarovar,537.8,4.97,0.227
2026-07-04 00:51:20.152326,Mansarovar,449.7,4.75,0.002
2026-07-04 01:51:20.152326,Mansarovar,479.3,5.09,0.188
2026-07-04 02:51:20.152326,Mansarovar,461.2,4.08,0.051
2026-07-04 03:51:20.152326,Mansarovar,499.0,4.14,0.419
2026-07-04 04:51:20.152326,Mansarovar,442.5,4.63,0.007
2026-07-04 05:51:20.152326,Mansarovar,487.5,4.75,0.162
2026-07-04 06:51:20.152326,Mansarovar,669.0,3.99,0.087
2026-07-04 07:51:20.152326,Mansarovar,732.1,4.75,0.171
2026-07-04 08:51:20.152326,Mansarovar,725.9,4.61,0.149
2026-07-04 09:51:20.152326,Mansarovar,705.5,4.63,0.165
2026-07-04 10:51:20.152326,Mansarovar,504.6,4.45,0.243
2026-07-04 11:51:20.152326,Mansarovar,500.8,4.24,0.013
2026-07-04 12:51:20.152326,Mansarovar,474.8,4.47,0.058
2026-07-04 13:51:20.152326,Mansarovar,527.5,4.21,0.032
2026-07-04 14:51:20.152326,Mansarovar,418.8,4.59,0.398
2026-07-04 15:51:20.152326,Mansarovar,472.8,4.46,0.174
2026-07-04 16:51:20.152326,Mansarovar,494.8,4.85,0.334
2026-07-04 17:51:20.152326,Mansarovar,484.8,4.67,0.069
2026-07-04 18:51:20.152326,Mansarovar,702.5,4.6,0.041
2026-07-04 19:51:20.152326,Mansarovar,655.4,3.86,0.322
2026-07-04 20:51:20.152326,Mansarovar,625.9,4.81,0.006
2026-07-04 21:51:20.152326,Mansarovar,579.1,4.67,0.093
2026-07-04 22:51:20.152326,Mansarovar,491.4,4.06,0.259
2026-07-04 23:51:20.152326,Mansarovar,522.7,5.1,0.134
2026-07-05 00:51:20.152326,Mansarovar,544.6,4.67,0.051
2026-07-05 01:51:20.152326,Mansarovar,487.8,4.58,0.17
2026-07-05 02:51:20.152326,Mansarovar,490.5,4.32,0.273
2026-07-05 03:51:20.152326,Mansarovar,572.3,3.97,0.267
2026-07-05 04:51:20.152326,Mansarovar,513.5,4.62,0.161
2026-07-05 05:51:20.152326,Mansarovar,517.9,4.22,0.166
2026-07-05 06:51:20.152326,Mansarovar,686.2,4.69,0.034
2026-07-05 07:51:20.152326,Mansarovar,647.4,4.26,0.164
2026-07-05 08:51:20.152326,Mansarovar,684.4,4.67,0.39
2026-07-05 09:51:20.152326,Mansarovar,657.6,4.53,0.238
2026-07-05 10:51:20.152326,Mansarovar,503.9,4.42,0.315
2026-07-05 11:51:20.152326,Mansarovar,544.4,4.99,0.295
2026-07-05 12:51:20.152326,Mansarovar,544.5,4.55,0.069
2026-07-05 13:51:20.152326,Mansarovar,520.2,3.79,0.226
2026-07-05 14:51:20.152326,Mansarovar,461.3,5.07,0.158
2026-07-05 15:51:20.152326,Mansarovar,464.0,3.85,0.029
2026-07-05 16:51:20.152326,Mansarovar,464.6,4.48,0.008
2026-07-05 17:51:20.152326,Mansarovar,496.1,4.71,0.145
2026-07-05 18:51:20.152326,Mansarovar,715.0,4.4,0.159
2026-07-05 19:51:20.152326,Mansarovar,656.0,4.03,0.255
2026-07-05 20:51:20.152326,Mansarovar,687.2,4.98,0.223
2026-07-05 21:51:20.152326,Mansarovar,637.9,4.47,0.035
2026-07-05 22:51:20.152326,Mansarovar,576.2,4.83,0.189
2026-07-05 23:51:20.152326,Mansarovar,477.5,4.7,0.055
2026-07-06 00:51:20.152326,Mansarovar,529.2,4.53,0.012
2026-07-06 01:51:20.152326,Mansarovar,471.6,4.5,0.132
2026-07-06 02:51:20.152326,Mansarovar,439.3,5.05,0.054
2026-07-06 03:51:20.152326,Mansarovar,511.7,4.74,0.075
2026-07-06 04:51:20.152326,Mansarovar,481.3,4.88,0.076
2026-07-06 05:51:20.152326,Mansarovar,571.5,4.09,0.119
2026-07-06 06:51:20.152326,Mansarovar,671.4,4.76,0.427
2026-07-06 07:51:20.152326,Mansarovar,685.9,4.9,0.156
2026-07-06 08:51:20.152326,Mansarovar,603.7,4.09,0.169
2026-07-06 09:51:20.152326,Mansarovar,748.6,4.21,0.018
2026-07-06 10:51:20.152326,Mansarovar,550.9,4.31,0.135
2026-07-06 11:51:20.152326,Mansarovar,471.7,4.04,0.458
2026-07-06 12:51:20.152326,Mansarovar,534.8,4.56,0.056
2026-07-06 13:51:20.152326,Mansarovar,467.5,4.01,0.24
2026-07-06 14:51:20.152326,Mansarovar,511.2,5.14,0.197
2026-07-06 15:51:20.152326,Mansarovar,515.3,4.59,0.109
2026-07-06 16:51:20.152326,Mansarovar,529.7,4.32,0.047
2026-07-06 17:51:20.152326,Mansarovar,520.9,4.13,0.239
2026-07-06 18:51:20.152326,Mansarovar,618.0,4.57,0.149
2026-07-06 19:51:20.152326,Mansarovar,553.9,4.39,0.039
2026-07-06 20:51:20.152326,Mansarovar,563.0,4.32,0.067
2026-07-06 21:51:20.152326,Mansarovar,595.0,4.39,0.119
2026-07-06 22:51:20.152326,Mansarovar,461.1,4.31,0.054
2026-07-06 23:51:20.152326,Mansarovar,543.8,4.55,0.177
2026-07-07 00:51:20.152326,Mansarovar,483.5,4.51,0.128
2026-07-07 01:51:20.152326,Mansarovar,502.3,4.35,0.078
2026-07-07 02:51:20.152326,Mansarovar,437.0,4.82,0.116
2026-07-07 03:51:20.152326,Mansarovar,540.7,4.19,0.009
2026-07-07 04:51:20.152326,Mansarovar,532.1,4.64,0.253
2026-07-07 05:51:20.152326,Mansarovar,523.8,4.62,0.09
2026-07-07 06:51:20.152326,Mansarovar,692.0,4.44,0.072
2026-07-07 07:51:20.152326,Mansarovar,698.4,3.96,0.034
2026-07-07 08:51:20.152326,Mansarovar,765.3,3.84,0.152
2026-07-07 09:51:20.152326,Mansarovar,676.1,4.27,0.013
2026-07-07 10:51:20.152326,Mansarovar,507.5,4.68,0.201
2026-07-07 11:51:20.152326,Mansarovar,506.5,4.13,0.193
2026-07-07 12:51:20.152326,Mansarovar,474.4,4.61,0.195
2026-07-07 13:51:20.152326,Mansarovar,507.8,4.46,0.209
2026-07-07 14:51:20.152326,Mansarovar,516.4,4.52,0.287
2026-07-07 15:51:20.152326,Mansarovar,541.5,4.89,0.137
2026-07-07 16:51:20.152326,Mansarovar,489.3,4.19,0.15
2026-07-07 17:51:20.152326,Mansarovar,495.1,4.23,0.143
2026-07-07 18:51:20.152326,Mansarovar,602.9,4.49,0.149
2026-07-07 19:51:20.152326,Mansarovar,725.2,4.25,0.257
2026-07-07 20:51:20.152326,Mansarovar,627.9,4.4,0.119
2026-07-07 21:51:20.152326,Mansarovar,669.9,4.29,0.168
2026-07-07 22:51:20.152326,Mansarovar,496.2,4.71,0.236
2026-07-07 23:51:20.152326,Mansarovar,542.1,4.7,0.171
2026-07-08 00:51:20.152326,Mansarovar,566.9,3.97,0.179
2026-07-08 01:51:20.152326,Mansarovar,525.6,4.88,0.169
2026-07-08 02:51:20.152326,Mansarovar,505.5,4.73,0.032
2026-07-08 03:51:20.152326,Mansarovar,459.3,4.93,0.05
2026-07-08 04:51:20.152326,Mansarovar,503.2,4.22,0.116
2026-07-08 05:51:20.152326,Mansarovar,478.3,4.13,0.133
2026-07-08 06:51:20.152326,Mansarovar,750.9,5.14,0.158
2026-07-08 07:51:20.152326,Mansarovar,690.8,4.01,0.132
2026-07-08 08:51:20.152326,Mansarovar,692.0,3.93,0.05
2026-07-08 09:51:20.152326,Mansarovar,708.5,4.55,0.441
2026-07-08 10:51:20.152326,Mansarovar,524.9,4.37,0.059
2026-07-08 11:51:20.152326,Mansarovar,489.7,4.5,0.101
2026-07-08 12:51:20.152326,Mansarovar,447.7,4.35,0.108
2026-07-08 13:51:20.152326,Mansarovar,552.1,5.16,0.129
2026-07-08 14:51:20.152326,Mansarovar,536.6,4.3,0.04
2026-07-08 15:51:20.152326,Mansarovar,489.0,4.17,0.06
2026-07-08 16:51:20.152326,Mansarovar,459.0,4.32,0.248
2026-07-08 17:51:20.152326,Mansarovar,529.1,4.46,0.584
2026-07-08 18:51:20.152326,Mansarovar,714.9,4.09,0.071
2026-07-08 19:51:20.152326,Mansarovar,685.9,4.42,0.095
2026-07-08 20:51:20.152326,Mansarovar,591.7,4.72,0.238
2026-07-08 21:51:20.152326,Mansarovar,684.2,4.71,0.09
2026-07-08 22:51:20.152326,Mansarovar,544.4,4.2,0.128
2026-07-08 23:51:20.152326,Mansarovar,563.7,4.78,0.474
2026-07-09 00:51:20.152326,Mansarovar,496.4,4.49,0.123
2026-07-09 01:51:20.152326,Mansarovar,446.4,5.06,0.148
2026-07-09 02:51:20.152326,Mansarovar,545.2,4.5,0.11
2026-07-09 03:51:20.152326,Mansarovar,529.1,3.88,0.097
2026-07-09 04:51:20.152326,Mansarovar,476.3,5.13,0.127
2026-07-09 05:51:20.152326,Mansarovar,518.0,4.47,0.133
2026-07-09 06:51:20.152326,Mansarovar,681.2,4.47,0.26
2026-07-09 07:51:20.152326,Mansarovar,642.0,4.22,0.243
2026-07-09 08:51:20.152326,Mansarovar,712.1,4.29,0.034
2026-07-09 09:51:20.152326,Mansarovar,632.6,4.72,0.12
2026-07-09 10:51:20.152326,Mansarovar,450.1,4.32,0.134
2026-07-09 11:51:20.152326,Mansarovar,495.3,4.67,0.242
2026-07-09 12:51:20.152326,Mansarovar,468.2,4.37,0.255
2026-07-09 13:51:20.152326,Mansarovar,467.2,4.55,0.128
2026-07-09 14:51:20.152326,Mansarovar,538.9,3.94,0.291
2026-07-09 15:51:20.152326,Mansarovar,481.7,4.3,0.23
2026-07-09 16:51:20.152326,Mansarovar,612.8,4.49,0.045
2026-07-09 17:51:20.152326,Mansarovar,444.8,4.72,0.135
2026-07-09 18:51:20.152326,Mansarovar,681.7,5.16,0.175
2026-07-09 19:51:20.152326,Mansarovar,704.2,4.66,0.177
2026-07-09 20:51:20.152326,Mansarovar,623.1,4.47,0.045
2026-07-09 21:51:20.152326,Mansarovar,648.2,4.25,0.133
2026-07-09 22:51:20.152326,Mansarovar,471.5,4.75,0.026
2026-07-09 23:51:20.152326,Mansarovar,478.5,4.84,0.464
2026-07-10 00:51:20.152326,Mansarovar,524.8,4.68,0.164
2026-07-10 01:51:20.152326,Mansarovar,531.2,4.04,0.056
2026-07-10 02:51:20.152326,Mansarovar,533.5,4.47,0.299
2026-07-10 03:51:20.152326,Mansarovar,515.8,4.42,0.144
2026-07-10 04:51:20.152326,Mansarovar,487.7,4.63,0.426
2026-07-10 05:51:20.152326,Mansarovar,481.6,4.54,0.135
2026-07-10 06:51:20.152326,Mansarovar,631.9,4.48,0.143
2026-07-10 07:51:20.152326,Mansarovar,707.8,3.83,0.075
2026-07-10 08:51:20.152326,Mansarovar,697.2,4.55,0.05
2026-07-10 09:51:20.152326,Mansarovar,604.1,4.59,0.04
2026-07-10 10:51:20.152326,Mansarovar,489.5,4.22,0.266
2026-07-10 11:51:20.152326,Mansarovar,516.0,4.7,0.062
2026-07-10 12:51:20.152326,Mansarovar,519.0,4.55,0.156
2026-07-10 13:51:20.152326,Mansarovar,493.5,4.48,0.027
2026-07-10 14:51:20.152326,Mansarovar,466.1,4.12,0.056
2026-07-10 15:51:20.152326,Mansarovar,461.6,4.95,0.222
2026-07-10 16:51:20.152326,Mansarovar,508.3,4.27,0.059
2026-07-10 17:51:20.152326,Mansarovar,475.1,4.38,0.1
2026-07-10 18:51:20.152326,Mansarovar,633.5,4.28,0.196
2026-07-10 19:51:20.152326,Mansarovar,672.4,4.62,0.296
2026-07-10 20:51:20.152326,Mansarovar,600.9,4.35,0.124
2026-07-10 21:51:20.152326,Mansarovar,664.6,4.94,0.145
2026-07-10 22:51:20.152326,Mansarovar,428.5,4.7,0.184
2026-07-10 23:51:20.152326,Mansarovar,498.3,4.75,0.18
2026-07-11 00:51:20.152326,Mansarovar,480.9,4.65,0.211
2026-07-11 01:51:20.152326,Mansarovar,502.1,4.25,0.064
2026-07-11 02:51:20.152326,Mansarovar,513.1,4.64,0.071
2026-07-11 03:51:20.152326,Mansarovar,515.2,4.57,0.053
2026-07-11 04:51:20.152326,Mansarovar,484.3,3.9,0.078
2026-07-11 05:51:20.152326,Mansarovar,489.3,4.55,0.238
2026-07-11 06:51:20.152326,Mansarovar,663.1,4.3,0.11
2026-07-11 07:51:20.152326,Mansarovar,659.6,4.72,0.052
2026-07-11 08:51:20.152326,Mansarovar,633.7,4.66,0.141
2026-07-11 09:51:20.152326,Mansarovar,729.8,4.45,0.037
2026-07-11 10:51:20.152326,Mansarovar,497.9,4.79,0.022
2026-07-11 11:51:20.152326,Mansarovar,515.8,4.88,0.193
2026-07-11 12:51:20.152326,Mansarovar,477.1,4.45,0.168
2026-07-11 13:51:20.152326,Mansarovar,484.1,4.54,0.097
2026-07-11 14:51:20.152326,Mansarovar,476.1,4.87,0.239
2026-07-11 15:51:20.152326,Mansarovar,491.4,4.4,0.117
2026-07-11 16:51:20.152326,Mansarovar,528.5,4.32,0.142
2026-07-11 17:51:20.152326,Mansarovar,497.7,4.04,0.388
2026-07-11 18:51:20.152326,Mansarovar,643.9,4.37,0.081
2026-07-11 19:51:20.152326,Mansarovar,695.4,4.3,0.134
2026-07-11 20:51:20.152326,Mansarovar,603.3,3.72,0.098
2026-07-11 21:51:20.152326,Mansarovar,699.8,4.56,0.152
2026-07-11 22:51:20.152326,Mansarovar,442.3,4.48,0.1
2026-07-11 23:51:20.152326,Mansarovar,517.6,4.75,0.228
2026-07-12 00:51:20.152326,Mansarovar,520.5,4.63,0.235
2026-07-12 01:51:20.152326,Mansarovar,485.8,4.47,0.113
2026-07-12 02:51:20.152326,Mansarovar,473.6,4.67,0.369
2026-07-12 03:51:20.152326,Mansarovar,518.2,3.61,0.092
2026-07-12 04:51:20.152326,Mansarovar,510.0,4.8,0.175
2026-07-12 05:51:20.152326,Mansarovar,513.0,4.79,0.304
2026-07-12 06:51:20.152326,Mansarovar,699.3,4.55,0.14
2026-07-12 07:51:20.152326,Mansarovar,823.9,4.28,0.095
2026-07-12 08:51:20.152326,Mansarovar,722.9,4.61,0.14
2026-07-12 09:51:20.152326,Mansarovar,745.1,4.34,0.245
2026-07-12 10:51:20.152326,Mansarovar,557.4,4.61,0.44
2026-07-12 11:51:20.152326,Mansarovar,506.1,4.66,0.091
2026-07-12 12:51:20.152326,Mansarovar,515.6,4.11,0.291
2026-07-12 13:51:20.152326,Mansarovar,519.1,4.59,0.093
2026-07-12 14:51:20.152326,Mansarovar,529.7,4.74,0.102
2026-07-12 15:51:20.152326,Mansarovar,533.5,4.24,0.011
2026-07-12 16:51:20.152326,Mansarovar,547.0,4.82,0.049
2026-07-12 17:51:20.152326,Mansarovar,500.3,4.59,0.077
2026-07-12 18:51:20.152326,Mansarovar,631.6,4.33,0.2
2026-07-12 19:51:20.152326,Mansarovar,699.0,4.47,0.108
2026-07-12 20:51:20.152326,Mansarovar,594.4,4.16,0.03
2026-07-12 21:51:20.152326,Mansarovar,633.3,4.31,0.052
2026-07-12 22:51:20.152326,Mansarovar,478.4,4.37,0.255
2026-07-12 23:51:20.152326,Mansarovar,491.5,4.26,0.392
2026-07-13 00:51:20.152326,Mansarovar,524.4,4.49,0.153
2026-07-13 01:51:20.152326,Mansarovar,482.2,4.74,0.036
2026-07-13 02:51:20.152326,Mansarovar,499.7,4.49,0.259
2026-07-13 03:51:20.152326,Mansarovar,473.4,4.35,0.053
2026-07-13 04:51:20.152326,Mansarovar,486.9,4.36,0.039
2026-07-13 05:51:20.152326,Mansarovar,545.8,4.45,0.59
2026-07-13 06:51:20.152326,Mansarovar,716.9,4.55,0.241
2026-07-13 07:51:20.152326,Mansarovar,766.8,4.89,0.035
2026-07-13 08:51:20.152326,Mansarovar,766.3,4.24,0.106
2026-07-13 09:51:20.152326,Mansarovar,677.1,4.14,0.04
2026-07-13 10:51:20.152326,Mansarovar,464.7,4.5,0.304
2026-07-13 11:51:20.152326,Mansarovar,564.3,4.77,0.284
2026-07-13 12:51:20.152326,Mansarovar,535.9,4.95,0.165
2026-07-13 13:51:20.152326,Mansarovar,506.5,4.66,0.034
2026-07-13 14:51:20.152326,Mansarovar,512.5,4.23,0.047
2026-07-13 15:51:20.152326,Mansarovar,474.7,5.18,0.08
2026-07-13 16:51:20.152326,Mansarovar,533.5,3.95,0.158
2026-07-13 17:51:20.152326,Mansarovar,460.2,4.72,0.207
2026-07-13 18:51:20.152326,Mansarovar,582.2,4.58,0.125
2026-07-13 19:51:20.152326,Mansarovar,624.0,4.02,0.612
2026-07-13 20:51:20.152326,Mansarovar,661.9,4.27,0.109
2026-07-13 21:51:20.152326,Mansarovar,602.6,4.31,0.126
2026-07-13 22:51:20.152326,Mansarovar,510.3,4.19,0.339
2026-07-13 23:51:20.152326,Mansarovar,562.9,4.02,0.097
2026-07-14 00:51:20.152326,Mansarovar,554.2,4.97,0.267
2026-07-14 01:51:20.152326,Mansarovar,517.4,4.27,0.033
2026-07-14 02:51:20.152326,Mansarovar,532.4,4.37,0.051
2026-07-14 03:51:20.152326,Mansarovar,525.5,4.15,0.385
2026-07-14 04:51:20.152326,Mansarovar,536.2,5.17,0.069
2026-07-14 05:51:20.152326,Mansarovar,469.9,4.53,0.029
2026-07-14 06:51:20.152326,Mansarovar,613.9,4.39,0.174
2026-07-14 07:51:20.152326,Mansarovar,679.4,4.36,0.282
2026-07-14 08:51:20.152326,Mansarovar,645.3,4.53,0.136
2026-07-14 09:51:20.152326,Mansarovar,695.1,4.37,0.053
2026-07-14 10:51:20.152326,Mansarovar,488.8,4.23,0.084
2026-07-14 11:51:20.152326,Mansarovar,572.1,4.86,0.299
2026-07-14 12:51:20.152326,Mansarovar,514.6,4.67,0.149
2026-07-14 13:51:20.152326,Mansarovar,481.4,4.42,0.016
2026-07-14 14:51:20.152326,Mansarovar,533.2,4.44,0.113
2026-07-14 15:51:20.152326,Mansarovar,543.4,4.7,0.066
2026-07-14 16:51:20.152326,Mansarovar,497.1,4.49,0.358
2026-07-14 17:51:20.152326,Mansarovar,528.0,4.71,0.053
2026-07-14 18:51:20.152326,Mansarovar,633.9,4.53,0.031
2026-07-14 19:51:20.152326,Mansarovar,647.8,4.12,0.117
2026-07-14 20:51:20.152326,Mansarovar,634.9,4.77,0.098
2026-07-14 21:51:20.152326,Mansarovar,615.0,4.44,0.082
2026-07-14 22:51:20.152326,Mansarovar,460.9,5.03,0.129
2026-07-14 23:51:20.152326,Mansarovar,503.0,4.11,0.121
2026-07-15 00:51:20.152326,Mansarovar,495.4,3.88,0.185
2026-07-15 01:51:20.152326,Mansarovar,494.4,3.84,0.16
2026-07-15 02:51:20.152326,Mansarovar,568.1,5.05,0.069
2026-07-15 03:51:20.152326,Mansarovar,527.7,4.2,0.177
2026-07-15 04:51:20.152326,Mansarovar,460.9,4.42,0.134
2026-07-15 05:51:20.152326,Mansarovar,531.3,4.1,0.042
2026-07-15 06:51:20.152326,Mansarovar,732.5,4.5,0.276
2026-07-15 07:51:20.152326,Mansarovar,632.8,4.66,0.114
2026-07-15 08:51:20.152326,Mansarovar,680.0,4.41,0.014
2026-07-15 09:51:20.152326,Mansarovar,660.1,4.82,0.173
2026-07-15 10:51:20.152326,Mansarovar,530.3,4.84,0.193
2026-07-15 11:51:20.152326,Mansarovar,505.6,4.48,0.205
2026-07-15 12:51:20.152326,Mansarovar,531.7,4.49,0.081
2026-07-15 13:51:20.152326,Mansarovar,472.3,4.88,0.066
2026-07-15 14:51:20.152326,Mansarovar,527.0,4.6,0.136
2026-07-15 15:51:20.152326,Mansarovar,524.6,4.44,0.011
2026-07-15 16:51:20.152326,Mansarovar,540.2,4.65,0.077
2026-07-15 17:51:20.152326,Mansarovar,508.2,4.34,0.117
2026-07-15 18:51:20.152326,Mansarovar,698.9,4.88,0.034
2026-07-15 19:51:20.152326,Mansarovar,600.0,4.06,0.193
2026-07-15 20:51:20.152326,Mansarovar,594.2,4.71,0.121
2026-07-15 21:51:20.152326,Mansarovar,719.4,4.44,0.214
2026-07-15 22:51:20.152326,Mansarovar,514.8,4.59,0.079
2026-07-15 23:51:20.152326,Mansarovar,415.8,4.46,0.343
2026-07-16 00:51:20.152326,Mansarovar,482.6,4.05,0.105
2026-07-16 01:51:20.152326,Mansarovar,486.0,4.3,0.13
2026-07-16 02:51:20.152326,Mansarovar,497.2,5.06,0.201
2026-07-16 03:51:20.152326,Mansarovar,433.8,4.31,0.138
2026-07-16 04:51:20.152326,Mansarovar,509.2,4.49,0.239
2026-07-16 05:51:20.152326,Mansarovar,499.5,4.4,0.108
2026-07-16 06:51:20.152326,Mansarovar,617.3,4.72,0.071
2026-07-16 07:51:20.152326,Mansarovar,656.9,3.92,0.151
2026-07-16 08:51:20.152326,Mansarovar,649.2,4.6,0.06
2026-07-16 09:51:20.152326,Mansarovar,705.8,4.78,0.295
2026-07-16 10:51:20.152326,Mansarovar,523.1,4.28,0.283
2026-07-16 11:51:20.152326,Mansarovar,562.2,4.28,0.201
2026-07-16 12:51:20.152326,Mansarovar,421.5,4.61,0.449
2026-07-16 13:51:20.152326,Mansarovar,464.9,4.51,0.372
2026-07-16 14:51:20.152326,Mansarovar,496.1,4.85,0.189
2026-07-16 15:51:20.152326,Mansarovar,515.7,4.55,0.053
2026-07-16 16:51:20.152326,Mansarovar,549.8,4.84,0.266
2026-07-16 17:51:20.152326,Mansarovar,454.0,3.84,0.155
2026-07-16 18:51:20.152326,Mansarovar,671.6,4.16,0.497
2026-07-16 19:51:20.152326,Mansarovar,646.1,4.57,0.174
2026-07-16 20:51:20.152326,Mansarovar,708.3,4.47,0.109
2026-07-16 21:51:20.152326,Mansarovar,643.8,4.61,0.044
2026-07-16 22:51:20.152326,Mansarovar,486.4,3.84,0.122
2026-07-16 23:51:20.152326,Mansarovar,489.2,4.5,0.232
2026-07-17 00:51:20.152326,Mansarovar,510.4,4.77,0.498
2026-07-17 01:51:20.152326,Mansarovar,450.2,4.56,0.329
2026-07-17 02:51:20.152326,Mansarovar,454.8,4.42,0.219
2026-07-17 03:51:20.152326,Mansarovar,487.9,4.01,0.138
2026-07-17 04:51:20.152326,Mansarovar,477.3,4.9,0.11
2026-07-17 05:51:20.152326,Mansarovar,457.6,4.34,0.231
2026-07-17 06:51:20.152326,Mansarovar,723.7,4.31,0.093
2026-07-17 07:51:20.152326,Mansarovar,612.1,4.89,0.212
2026-07-17 08:51:20.152326,Mansarovar,626.1,4.22,0.124
2026-07-17 09:51:20.152326,Mansarovar,701.4,4.51,0.131
2026-07-17 10:51:20.152326,Mansarovar,462.4,4.45,0.015
2026-07-17 11:51:20.152326,Mansarovar,462.6,4.46,0.189
2026-07-17 12:51:20.152326,Mansarovar,503.7,4.16,0.017
2026-07-17 13:51:20.152326,Mansarovar,536.6,4.83,0.005
2026-07-17 14:51:20.152326,Mansarovar,502.1,4.11,0.167
2026-07-17 15:51:20.152326,Mansarovar,468.3,4.41,0.068
2026-07-17 16:51:20.152326,Mansarovar,559.0,4.02,0.051
2026-07-17 17:51:20.152326,Mansarovar,451.4,4.7,0.224
2026-07-17 18:51:20.152326,Mansarovar,664.3,4.25,0.248
2026-07-17 19:51:20.152326,Mansarovar,633.3,4.2,0.056
2026-07-17 20:51:20.152326,Mansarovar,662.6,4.41,0.176
2026-07-17 21:51:20.152326,Mansarovar,667.9,4.64,0.256
2026-07-17 22:51:20.152326,Mansarovar,534.6,4.54,0.543
2026-07-17 23:51:20.152326,Mansarovar,483.1,4.49,0.009
2026-07-18 00:51:20.152326,Mansarovar,582.6,4.26,0.218
2026-07-18 01:51:20.152326,Mansarovar,427.0,4.0,0.197
2026-07-18 02:51:20.152326,Mansarovar,497.7,3.89,0.054
2026-07-18 03:51:20.152326,Mansarovar,476.2,4.98,0.172
2026-07-18 04:51:20.152326,Mansarovar,510.5,4.24,0.097
2026-07-18 05:51:20.152326,Mansarovar,500.9,4.62,0.018
2026-07-18 06:51:20.152326,Mansarovar,700.6,4.33,0.201
2026-07-18 07:51:20.152326,Mansarovar,750.9,5.18,0.073
2026-07-18 08:51:20.152326,Mansarovar,749.3,4.54,0.092
2026-07-18 09:51:20.152326,Mansarovar,751.6,4.44,0.162
2026-07-18 10:51:20.152326,Mansarovar,567.0,4.02,0.049
2026-07-18 11:51:20.152326,Mansarovar,546.7,4.78,0.12
2026-07-18 12:51:20.152326,Mansarovar,479.4,4.29,0.149
2026-07-18 13:51:20.152326,Mansarovar,395.5,4.38,0.083
2026-07-18 14:51:20.152326,Mansarovar,457.1,4.48,0.088
2026-07-18 15:51:20.152326,Mansarovar,510.9,3.9,0.194
2026-07-18 16:51:20.152326,Mansarovar,501.8,4.44,0.137
2026-07-18 17:51:20.152326,Mansarovar,488.8,4.72,0.102
2026-07-18 18:51:20.152326,Mansarovar,627.9,4.33,0.006
2026-07-18 19:51:20.152326,Mansarovar,728.9,4.39,0.181
2026-07-18 20:51:20.152326,Mansarovar,655.8,4.31,0.093
2026-07-18 21:51:20.152326,Mansarovar,631.8,4.6,0.096
2026-07-18 22:51:20.152326,Mansarovar,506.3,4.56,0.167
2026-07-18 23:51:20.152326,Mansarovar,527.1,4.42,0.096
2026-07-19 00:51:20.152326,Mansarovar,530.5,5.1,0.273
2026-07-19 01:51:20.152326,Mansarovar,495.9,4.38,0.055
2026-07-19 02:51:20.152326,Mansarovar,442.9,4.35,0.389
2026-07-19 03:51:20.152326,Mansarovar,453.6,4.86,0.095
2026-07-19 04:51:20.152326,Mansarovar,441.5,4.59,0.079
2026-07-19 05:51:20.152326,Mansarovar,455.5,4.68,0.199
2026-07-19 06:51:20.152326,Mansarovar,653.3,4.48,0.08
2026-07-19 07:51:20.152326,Mansarovar,739.3,4.08,0.266
2026-07-19 08:51:20.152326,Mansarovar,671.1,4.75,0.216
2026-07-19 09:51:20.152326,Mansarovar,697.3,4.67,0.147
2026-07-19 10:51:20.152326,Mansarovar,457.0,4.9,0.087
2026-07-19 11:51:20.152326,Mansarovar,499.8,4.44,0.029
2026-07-19 12:51:20.152326,Mansarovar,469.9,4.6,0.113
2026-07-19 13:51:20.152326,Mansarovar,518.5,4.55,0.101
2026-07-19 14:51:20.152326,Mansarovar,506.7,4.73,0.415
2026-07-19 15:51:20.152326,Mansarovar,508.2,4.6,0.041
2026-07-19 16:51:20.152326,Mansarovar,511.2,4.38,0.241
2026-07-19 17:51:20.152326,Mansarovar,490.9,4.5,0.155
2026-07-19 18:51:20.152326,Mansarovar,607.5,4.63,0.178
2026-07-19 19:51:20.152326,Mansarovar,663.7,4.82,0.242
2026-07-19 20:51:20.152326,Mansarovar,667.9,4.86,0.152
2026-07-19 21:51:20.152326,Mansarovar,708.2,3.7,0.156
2026-07-19 22:51:20.152326,Mansarovar,476.8,4.45,0.103
2026-07-19 23:51:20.152326,Mansarovar,487.7,4.66,0.057
2026-07-20 00:51:20.152326,Mansarovar,471.2,4.85,0.333
2026-07-20 01:51:20.152326,Mansarovar,526.4,4.64,0.045
2026-07-20 02:51:20.152326,Mansarovar,435.4,4.83,0.153
2026-07-20 03:51:20.152326,Mansarovar,485.1,4.49,0.51
2026-07-20 04:51:20.152326,Mansarovar,501.5,4.22,0.224
2026-07-20 05:51:20.152326,Mansarovar,513.3,4.29,0.165
2026-07-20 06:51:20.152326,Mansarovar,686.6,4.24,0.123
2026-07-20 07:51:20.152326,Mansarovar,719.9,4.49,0.269
2026-07-20 08:51:20.152326,Mansarovar,727.9,4.47,0.311
2026-07-20 09:51:20.152326,Mansarovar,763.4,4.62,0.062
2026-07-20 10:51:20.152326,Mansarovar,473.0,4.82,0.064
2026-07-20 11:51:20.152326,Mansarovar,493.3,4.66,0.211
2026-07-20 12:51:20.152326,Mansarovar,489.0,4.31,0.217
2026-07-20 13:51:20.152326,Mansarovar,501.6,4.75,0.074
2026-07-20 14:51:20.152326,Mansarovar,553.9,4.22,0.078
2026-07-20 15:51:20.152326,Mansarovar,470.1,4.45,0.307
2026-07-20 16:51:20.152326,Mansarovar,501.6,4.88,0.038
2026-07-20 17:51:20.152326,Mansarovar,530.1,4.79,0.022
2026-07-20 18:51:20.152326,Mansarovar,686.0,4.17,0.05
2026-07-20 19:51:20.152326,Mansarovar,651.8,4.55,0.038
2026-07-20 20:51:20.152326,Mansarovar,663.4,4.29,0.136
2026-07-20 21:51:20.152326,Mansarovar,654.2,4.51,0.047
2026-07-20 22:51:20.152326,Mansarovar,511.4,5.05,0.226
2026-07-20 23:51:20.152326,Mansarovar,559.9,5.13,0.201
2026-07-21 00:51:20.152326,Mansarovar,516.5,4.59,0.033
2026-07-21 01:51:20.152326,Mansarovar,496.6,4.84,0.208
2026-07-21 02:51:20.152326,Mansarovar,467.6,4.61,0.089
2026-07-21 03:51:20.152326,Mansarovar,484.4,4.18,0.149
2026-07-21 04:51:20.152326,Mansarovar,520.4,5.1,0.056
2026-07-21 05:51:20.152326,Mansarovar,500.9,4.77,0.35
2026-07-21 06:51:20.152326,Mansarovar,672.0,4.69,0.189
2026-07-21 07:51:20.152326,Mansarovar,687.8,4.38,0.107
2026-07-21 08:51:20.152326,Mansarovar,717.2,4.42,0.068
2026-07-21 09:51:20.152326,Mansarovar,667.1,5.33,0.064
2026-07-21 10:51:20.152326,Mansarovar,452.2,4.26,0.542
2026-07-21 11:51:20.152326,Mansarovar,477.7,4.57,0.2
2026-07-21 12:51:20.152326,Mansarovar,493.4,4.64,0.246
2026-07-21 13:51:20.152326,Mansarovar,456.3,4.02,0.475
2026-07-21 14:51:20.152326,Mansarovar,516.3,4.75,0.073
2026-07-21 15:51:20.152326,Mansarovar,481.2,4.79,0.124
2026-07-21 16:51:20.152326,Mansarovar,468.0,4.32,0.074
2026-07-21 17:51:20.152326,Mansarovar,519.8,4.43,0.269
2026-07-21 18:51:20.152326,Mansarovar,626.0,4.19,0.04
2026-07-21 19:51:20.152326,Mansarovar,695.0,4.0,0.254
2026-07-21 20:51:20.152326,Mansarovar,604.1,4.45,0.174
2026-07-21 21:51:20.152326,Mansarovar,607.5,4.81,0.032
2026-07-21 22:51:20.152326,Mansarovar,519.5,5.02,0.01
2026-07-21 23:51:20.152326,Mansarovar,501.5,4.3,0.097
2026-07-22 00:51:20.152326,Mansarovar,551.8,4.46,0.097
2026-07-22 01:51:20.152326,Mansarovar,481.8,4.64,0.098
2026-07-22 02:51:20.152326,Mansarovar,531.5,4.52,0.016
2026-07-22 03:51:20.152326,Mansarovar,512.9,4.04,0.064
2026-07-22 04:51:20.152326,Mansarovar,436.3,4.31,0.042
2026-07-22 05:51:20.152326,Mansarovar,512.5,4.23,0.078
2026-07-22 06:51:20.152326,Mansarovar,760.6,3.99,0.011
2026-07-22 07:51:20.152326,Mansarovar,727.8,4.49,0.335
2026-07-22 08:51:20.152326,Mansarovar,651.3,4.06,0.126
2026-07-22 09:51:20.152326,Mansarovar,728.7,4.45,0.143
2026-07-22 10:51:20.152326,Mansarovar,506.6,4.46,0.124
2026-07-22 11:51:20.152326,Mansarovar,464.7,4.97,0.095
2026-07-22 12:51:20.152326,Mansarovar,480.0,4.36,0.09
2026-07-22 13:51:20.152326,Mansarovar,449.8,4.45,0.117
2026-07-22 14:51:20.152326,Mansarovar,530.6,4.25,0.011
2026-07-22 15:51:20.152326,Mansarovar,536.9,4.72,0.012
2026-07-22 16:51:20.152326,Mansarovar,507.3,4.61,0.027
2026-07-22 17:51:20.152326,Mansarovar,509.8,4.12,0.016
2026-07-22 18:51:20.152326,Mansarovar,608.9,5.02,0.079
2026-07-22 19:51:20.152326,Mansarovar,593.6,4.46,0.146
2026-07-22 20:51:20.152326,Mansarovar,729.9,4.23,0.305
2026-07-22 21:51:20.152326,Mansarovar,667.0,4.13,0.245
2026-07-22 22:51:20.152326,Mansarovar,454.0,3.99,0.133
2026-07-22 23:51:20.152326,Mansarovar,463.9,4.62,0.13
2026-07-23 00:51:20.152326,Mansarovar,519.8,4.28,0.213
2026-07-23 01:51:20.152326,Mansarovar,476.5,3.77,0.316
2026-07-23 02:51:20.152326,Mansarovar,505.9,4.86,0.032
2026-07-23 03:51:20.152326,Mansarovar,505.4,4.33,0.125
2026-07-23 04:51:20.152326,Mansarovar,560.5,4.35,0.465
2026-07-23 05:51:20.152326,Mansarovar,508.4,4.38,0.381
2026-07-23 06:51:20.152326,Mansarovar,744.8,4.56,0.055
2026-07-23 07:51:20.152326,Mansarovar,714.1,4.67,0.056
2026-07-23 08:51:20.152326,Mansarovar,745.0,3.97,0.266
2026-07-23 09:51:20.152326,Mansarovar,683.4,4.9,0.139
2026-07-23 10:51:20.152326,Mansarovar,535.4,4.95,0.116
2026-07-23 11:51:20.152326,Mansarovar,463.8,4.72,0.382
2026-07-23 12:51:20.152326,Mansarovar,497.4,4.37,0.094
2026-07-23 13:51:20.152326,Mansarovar,491.5,4.1,0.13
2026-07-23 14:51:20.152326,Mansarovar,533.7,4.32,0.064
2026-07-23 15:51:20.152326,Mansarovar,487.8,4.29,0.016
2026-07-23 16:51:20.152326,Mansarovar,501.4,5.06,0.266
2026-07-23 17:51:20.152326,Mansarovar,505.7,4.84,0.197
2026-07-23 18:51:20.152326,Mansarovar,622.3,4.86,0.196
2026-07-23 19:51:20.152326,Mansarovar,648.3,4.85,0.361
2026-07-23 20:51:20.152326,Mansarovar,633.3,4.93,0.049
2026-07-23 21:51:20.152326,Mansarovar,738.9,4.78,0.136
2026-07-23 22:51:20.152326,Mansarovar,542.3,4.43,0.05
2026-07-23 23:51:20.152326,Mansarovar,501.9,4.34,0.195
2026-07-24 00:51:20.152326,Mansarovar,438.2,4.48,0.083
2026-07-24 01:51:20.152326,Mansarovar,539.5,4.13,0.068
2026-07-24 02:51:20.152326,Mansarovar,530.0,4.95,0.021
2026-07-24 03:51:20.152326,Mansarovar,478.5,4.67,0.372
2026-07-24 04:51:20.152326,Mansarovar,608.4,4.36,0.066
2026-07-24 05:51:20.152326,Mansarovar,490.5,4.43,0.476
2026-07-24 06:51:20.152326,Mansarovar,599.7,4.63,0.142
2026-07-24 07:51:20.152326,Mansarovar,793.7,4.37,0.308
2026-07-24 08:51:20.152326,Mansarovar,706.2,4.41,0.207
2026-07-24 09:51:20.152326,Mansarovar,676.1,4.48,0.135
2026-07-24 10:51:20.152326,Mansarovar,533.7,4.45,0.096
2026-07-24 11:51:20.152326,Mansarovar,513.2,4.61,0.179
2026-07-24 12:51:20.152326,Mansarovar,493.4,4.44,0.389
2026-07-24 13:51:20.152326,Mansarovar,552.1,4.0,0.25
2026-07-24 14:51:20.152326,Mansarovar,524.8,4.12,0.174
2026-07-24 15:51:20.152326,Mansarovar,479.5,4.89,0.054
2026-07-24 16:51:20.152326,Mansarovar,542.2,4.46,0.161
2026-07-24 17:51:20.152326,Mansarovar,476.5,4.49,0.109
2026-07-24 18:51:20.152326,Mansarovar,677.1,4.62,0.049
2026-07-24 19:51:20.152326,Mansarovar,636.2,4.43,0.249
2026-07-24 20:51:20.152326,Mansarovar,669.3,4.12,0.02
2026-07-24 21:51:20.152326,Mansarovar,646.9,4.3,0.309
2026-07-24 22:51:20.152326,Mansarovar,523.1,4.71,0.069
2026-07-24 23:51:20.152326,Mansarovar,481.4,5.05,0.234
2026-07-25 00:51:20.152326,Mansarovar,503.1,4.78,0.247
2026-07-25 01:51:20.152326,Mansarovar,500.1,4.54,0.115
2026-07-25 02:51:20.152326,Mansarovar,521.9,4.56,0.082
2026-07-25 03:51:20.152326,Mansarovar,532.3,4.53,0.327
2026-07-25 04:51:20.152326,Mansarovar,503.0,4.7,0.094
2026-07-25 05:51:20.152326,Mansarovar,539.6,4.17,0.322
2026-07-25 06:51:20.152326,Mansarovar,713.1,4.7,0.239
2026-07-25 07:51:20.152326,Mansarovar,707.7,4.19,0.053
2026-07-25 08:51:20.152326,Mansarovar,695.3,4.8,0.133
2026-07-25 09:51:20.152326,Mansarovar,652.0,4.51,0.229
2026-07-25 10:51:20.152326,Mansarovar,523.4,4.69,0.261
2026-07-25 11:51:20.152326,Mansarovar,506.5,4.13,0.13
2026-07-25 12:51:20.152326,Mansarovar,592.6,4.05,0.212
2026-07-25 13:51:20.152326,Mansarovar,430.8,4.39,0.163
2026-07-25 14:51:20.152326,Mansarovar,526.9,4.38,0.165
2026-07-25 15:51:20.152326,Mansarovar,467.5,4.53,0.069
2026-07-25 16:51:20.152326,Mansarovar,554.2,3.86,0.305
2026-07-25 17:51:20.152326,Mansarovar,454.4,4.83,0.425
2026-07-25 18:51:20.152326,Mansarovar,646.3,4.95,0.206
2026-07-25 19:51:20.152326,Mansarovar,592.0,4.81,0.231
2026-07-25 20:51:20.152326,Mansarovar,672.0,4.81,0.097
2026-07-25 21:51:20.152326,Mansarovar,622.6,4.56,0.055
2026-07-25 22:51:20.152326,Mansarovar,515.1,4.91,0.139
2026-07-25 23:51:20.152326,Mansarovar,451.9,4.34,0.086
2026-07-26 00:51:20.152326,Mansarovar,487.0,4.08,0.021
2026-07-26 01:51:20.152326,Mansarovar,522.6,4.54,0.076
2026-07-26 02:51:20.152326,Mansarovar,514.3,4.65,0.334
2026-07-26 03:51:20.152326,Mansarovar,541.9,4.32,0.065
2026-07-26 04:51:20.152326,Mansarovar,502.7,4.49,0.16
2026-07-26 05:51:20.152326,Mansarovar,528.8,4.64,0.249
2026-07-26 06:51:20.152326,Mansarovar,627.2,4.16,0.324
2026-07-26 07:51:20.152326,Mansarovar,730.6,4.51,0.255
2026-07-26 08:51:20.152326,Mansarovar,690.7,4.53,0.335
2026-07-26 09:51:20.152326,Mansarovar,696.4,4.6,0.031
2026-07-26 10:51:20.152326,Mansarovar,535.8,4.56,0.252
2026-07-26 11:51:20.152326,Mansarovar,519.3,4.7,0.221
2026-07-26 12:51:20.152326,Mansarovar,501.8,4.55,0.198
2026-07-26 13:51:20.152326,Mansarovar,475.5,4.82,0.012
2026-07-26 14:51:20.152326,Mansarovar,430.0,4.77,0.377
2026-07-26 15:51:20.152326,Mansarovar,472.0,3.98,0.298
2026-07-26 16:51:20.152326,Mansarovar,546.7,4.73,0.224
2026-07-26 17:51:20.152326,Mansarovar,488.1,4.3,0.266
2026-07-26 18:51:20.152326,Mansarovar,619.6,4.17,0.092
2026-07-26 19:51:20.152326,Mansarovar,661.8,4.48,0.222
2026-07-26 20:51:20.152326,Mansarovar,651.3,3.93,0.058
2026-07-26 21:51:20.152326,Mansarovar,586.6,4.54,0.033
2026-07-26 22:51:20.152326,Mansarovar,487.9,5.02,0.073
2026-07-26 23:51:20.152326,Mansarovar,500.5,4.38,0.129
2026-07-27 00:51:20.152326,Mansarovar,422.2,4.19,0.094
2026-07-27 01:51:20.152326,Mansarovar,527.4,4.75,0.137
2026-07-27 02:51:20.152326,Mansarovar,461.4,4.56,0.15
2026-07-27 03:51:20.152326,Mansarovar,496.0,4.99,0.018
2026-07-27 04:51:20.152326,Mansarovar,493.9,4.48,0.187
2026-07-27 05:51:20.152326,Mansarovar,509.6,4.16,0.348
2026-07-27 06:51:20.152326,Mansarovar,662.8,5.02,0.27
2026-07-27 07:51:20.152326,Mansarovar,688.8,4.72,0.493
2026-07-27 08:51:20.152326,Mansarovar,662.7,4.31,0.265
2026-07-27 09:51:20.152326,Mansarovar,666.3,4.52,0.062
2026-07-27 10:51:20.152326,Mansarovar,527.2,4.93,0.144
2026-07-27 11:51:20.152326,Mansarovar,540.4,4.63,0.118
2026-07-27 12:51:20.152326,Mansarovar,469.7,4.3,0.163
2026-07-27 13:51:20.152326,Mansarovar,476.4,4.64,0.057
2026-07-27 14:51:20.152326,Mansarovar,503.7,4.58,0.155
2026-07-27 15:51:20.152326,Mansarovar,476.4,4.27,0.069
2026-07-27 16:51:20.152326,Mansarovar,491.9,4.68,0.048
2026-07-27 17:51:20.152326,Mansarovar,515.4,4.53,0.297
2026-07-27 18:51:20.152326,Mansarovar,632.1,4.21,0.057
2026-07-27 19:51:20.152326,Mansarovar,670.4,4.04,0.099
2026-07-27 20:51:20.152326,Mansarovar,701.9,4.65,0.002
2026-07-27 21:51:20.152326,Mansarovar,620.5,4.07,0.108
2026-07-27 22:51:20.152326,Mansarovar,492.2,3.52,0.11
2026-07-27 23:51:20.152326,Mansarovar,488.8,4.94,0.069
2026-07-28 00:51:20.152326,Mansarovar,474.9,4.26,0.1
2026-07-28 01:51:20.152326,Mansarovar,485.4,4.52,0.14
2026-07-28 02:51:20.152326,Mansarovar,495.6,5.13,0.331
2026-07-28 03:51:20.152326,Mansarovar,516.2,4.6,0.14
2026-07-28 04:51:20.152326,Mansarovar,471.6,4.49,0.17
2026-07-28 05:51:20.152326,Mansarovar,491.8,4.84,0.03
2026-07-28 06:51:20.152326,Mansarovar,657.0,4.82,0.133
2026-07-28 07:51:20.152326,Mansarovar,754.0,4.46,0.106
2026-07-28 08:51:20.152326,Mansarovar,672.4,4.78,0.129
2026-07-28 09:51:20.152326,Mansarovar,687.8,4.13,0.082
2026-07-28 10:51:20.152326,Mansarovar,541.9,4.62,0.059
2026-07-28 11:51:20.152326,Mansarovar,437.8,4.66,0.115
2026-07-28 12:51:20.152326,Mansarovar,462.7,4.24,0.118
2026-07-28 13:51:20.152326,Mansarovar,462.2,4.48,0.106
2026-07-28 14:51:20.152326,Mansarovar,496.2,4.22,0.177
2026-07-28 15:51:20.152326,Mansarovar,465.2,4.39,0.337
2026-07-28 16:51:20.152326,Mansarovar,507.9,4.92,0.112
2026-07-28 17:51:20.152326,Mansarovar,464.3,4.24,0.225
2026-07-28 18:51:20.152326,Mansarovar,611.9,4.61,0.076
2026-07-28 19:51:20.152326,Mansarovar,690.6,3.85,0.373
2026-07-28 20:51:20.152326,Mansarovar,669.7,4.08,0.022
2026-07-28 21:51:20.152326,Mansarovar,626.5,4.19,0.283
2026-07-28 22:51:20.152326,Mansarovar,486.6,4.27,0.066
2026-07-28 23:51:20.152326,Mansarovar,522.0,4.79,0.131
2026-07-29 00:51:20.152326,Mansarovar,550.3,4.62,0.058
2026-07-29 01:51:20.152326,Mansarovar,560.1,4.92,0.397
2026-07-29 02:51:20.152326,Mansarovar,511.2,4.29,0.05
2026-07-29 03:51:20.152326,Mansarovar,506.4,4.68,0.252
2026-07-29 04:51:20.152326,Mansarovar,488.2,4.43,0.217
2026-07-29 05:51:20.152326,Mansarovar,502.7,4.46,0.6
2026-07-29 06:51:20.152326,Mansarovar,750.0,4.65,0.3
2026-07-29 07:51:20.152326,Mansarovar,678.0,4.8,0.377
2026-07-29 08:51:20.152326,Mansarovar,714.4,4.73,0.017
2026-07-29 09:51:20.152326,Mansarovar,720.1,4.61,0.014
2026-07-29 10:51:20.152326,Mansarovar,517.0,4.75,0.018
2026-07-29 11:51:20.152326,Mansarovar,589.0,4.59,0.162
2026-07-29 12:51:20.152326,Mansarovar,446.5,4.28,0.262
2026-07-29 13:51:20.152326,Mansarovar,478.7,4.21,0.02
2026-07-29 14:51:20.152326,Mansarovar,533.1,3.99,0.076
2026-07-29 15:51:20.152326,Mansarovar,432.8,4.23,0.201
2026-07-29 16:51:20.152326,Mansarovar,551.7,4.51,0.091
2026-07-29 17:51:20.152326,Mansarovar,475.0,4.91,0.139
2026-07-29 18:51:20.152326,Mansarovar,683.0,4.36,0.315
2026-07-29 19:51:20.152326,Mansarovar,720.7,4.75,0.162
2026-07-29 20:51:20.152326,Mansarovar,644.2,4.69,0.209
2026-07-29 21:51:20.152326,Mansarovar,598.6,4.57,0.133
2026-07-29 22:51:20.152326,Mansarovar,495.6,4.29,0.112
2026-07-29 23:51:20.152326,Mansarovar,481.8,4.9,0.021
2026-07-30 00:51:20.152326,Mansarovar,482.4,4.69,0.164
2026-07-30 01:51:20.152326,Mansarovar,480.4,4.59,0.183
2026-07-30 02:51:20.152326,Mansarovar,492.6,4.27,0.14
2026-07-30 03:51:20.152326,Mansarovar,513.7,3.98,0.044
2026-07-30 04:51:20.152326,Mansarovar,480.4,4.45,0.067
2026-07-30 05:51:20.152326,Mansarovar,499.6,4.88,0.146
2026-07-30 06:51:20.152326,Mansarovar,633.7,4.4,0.292
2026-07-30 07:51:20.152326,Mansarovar,721.5,4.19,0.232
2026-07-30 08:51:20.152326,Mansarovar,747.5,4.41,0.101
2026-07-30 09:51:20.152326,Mansarovar,666.3,4.11,0.007
2026-07-30 10:51:20.152326,Mansarovar,533.7,4.77,0.231
2026-07-30 11:51:20.152326,Mansarovar,468.7,4.81,0.126
2026-07-30 12:51:20.152326,Mansarovar,417.3,4.32,0.361
2026-07-30 13:51:20.152326,Mansarovar,460.0,4.42,0.063
2026-07-30 14:51:20.152326,Mansarovar,473.8,4.29,0.298
2026-07-30 15:51:20.152326,Mansarovar,494.6,4.2,0.045
2026-07-30 16:51:20.152326,Mansarovar,503.0,4.58,0.285
2026-07-30 17:51:20.152326,Mansarovar,479.5,4.15,0.154
2026-07-30 18:51:20.152326,Mansarovar,653.3,4.28,0.199
2026-07-30 19:51:20.152326,Mansarovar,635.7,4.71,0.081
2026-07-30 20:51:20.152326,Mansarovar,619.1,4.57,0.286
2026-07-30 21:51:20.152326,Mansarovar,703.1,4.53,0.07
2026-07-30 22:51:20.152326,Mansarovar,507.6,4.17,0.125
2026-07-30 23:51:20.152326,Mansarovar,476.9,4.54,0.143
2026-07-31 00:51:20.152326,Mansarovar,478.0,4.01,0.261
2026-07-31 01:51:20.152326,Mansarovar,500.3,4.32,0.213
2026-07-31 02:51:20.152326,Mansarovar,518.4,4.94,0.154
2026-07-31 03:51:20.152326,Mansarovar,476.2,3.8,0.421
2026-07-31 04:51:20.152326,Mansarovar,508.0,4.81,0.105
2026-07-31 05:51:20.152326,Mansarovar,451.7,4.57,0.019
2026-07-31 06:51:20.152326,Mansarovar,718.2,4.1,0.147
2026-07-31 07:51:20.152326,Mansarovar,714.4,4.38,0.19
2026-07-31 08:51:20.152326,Mansarovar,738.2,4.07,0.074
2026-07-31 09:51:20.152326,Mansarovar,656.5,4.71,0.095
2026-07-31 10:51:20.152326,Mansarovar,502.0,4.79,0.078
2026-07-31 11:51:20.152326,Mansarovar,451.9,4.19,0.043
2026-07-31 12:51:20.152326,Mansarovar,439.6,4.82,0.362
2026-07-31 13:51:20.152326,Mansarovar,536.9,4.05,0.295
2026-07-31 14:51:20.152326,Mansarovar,481.9,4.06,0.109
2026-07-31 15:51:20.152326,Mansarovar,483.8,4.15,0.19
2026-07-31 16:51:20.152326,Mansarovar,539.4,4.83,0.249
2026-07-31 17:51:20.152326,Mansarovar,554.6,4.16,0.312
2026-07-31 18:51:20.152326,Mansarovar,662.6,4.2,0.335
2026-07-31 19:51:20.152326,Mansarovar,608.9,4.72,0.211
2026-07-31 20:51:20.152326,Mansarovar,612.2,4.73,0.37
2026-07-31 21:51:20.152326,Mansarovar,582.4,4.54,0.044
2026-07-31 22:51:20.152326,Mansarovar,488.9,4.76,0.058
2026-07-31 23:51:20.152326,Mansarovar,522.8,4.24,0.028
2026-08-01 00:51:20.152326,Mansarovar,475.1,4.4,0.125
2026-08-01 01:51:20.152326,Mansarovar,509.9,4.43,0.234
2026-08-01 02:51:20.152326,Mansarovar,480.2,4.69,0.017
2026-08-01 03:51:20.152326,Mansarovar,503.2,4.11,0.046
2026-08-01 04:51:20.152326,Mansarovar,519.9,4.47,0.252
2026-08-01 05:51:20.152326,Mansarovar,473.9,4.86,0.136
2026-08-01 06:51:20.152326,Mansarovar,650.7,4.29,0.023
2026-08-01 07:51:20.152326,Mansarovar,674.2,4.46,0.179
2026-08-01 08:51:20.152326,Mansarovar,788.6,4.77,0.015
2026-08-01 09:51:20.152326,Mansarovar,764.0,4.38,0.249
2026-08-01 10:51:20.152326,Mansarovar,529.9,4.33,0.13
2026-08-01 11:51:20.152326,Mansarovar,536.7,4.59,0.016
2026-08-01 12:51:20.152326,Mansarovar,544.5,4.35,0.139
2026-08-01 13:51:20.152326,Mansarovar,465.3,4.08,0.058
2026-08-01 14:51:20.152326,Mansarovar,508.1,4.33,0.196
2026-08-01 15:51:20.152326,Mansarovar,487.2,4.49,0.194
2026-08-01 16:51:20.152326,Mansarovar,449.4,5.0,0.013
2026-08-01 17:51:20.152326,Mansarovar,546.4,4.25,0.32
2026-08-01 18:51:20.152326,Mansarovar,635.5,4.38,0.098
2026-08-01 19:51:20.152326,Mansarovar,646.6,4.56,0.225
2026-08-01 20:51:20.152326,Mansarovar,662.8,5.01,0.089
2026-08-01 21:51:20.152326,Mansarovar,669.3,4.48,0.031
2026-08-01 22:51:20.152326,Mansarovar,470.5,3.99,0.241
2026-08-01 23:51:20.152326,Mansarovar,479.7,4.83,0.012
2026-08-02 00:51:20.152326,Mansarovar,541.9,4.63,0.023
2026-08-02 01:51:20.152326,Mansarovar,440.7,4.31,0.023
2026-08-02 02:51:20.152326,Mansarovar,480.9,4.38,0.047
2026-08-02 03:51:20.152326,Mansarovar,468.4,4.83,0.083
2026-08-02 04:51:20.152326,Mansarovar,504.2,4.72,0.062
2026-08-02 05:51:20.152326,Mansarovar,502.5,4.21,0.16
2026-08-02 06:51:20.152326,Mansarovar,620.8,4.44,0.298
2026-08-02 07:51:20.152326,Mansarovar,734.6,4.56,0.128
2026-08-02 08:51:20.152326,Mansarovar,650.0,4.37,0.211
2026-08-02 09:51:20.152326,Mansarovar,721.7,4.8,0.092
2026-08-02 10:51:20.152326,Mansarovar,520.8,4.18,0.112
2026-08-02 11:51:20.152326,Mansarovar,475.7,4.06,0.169
2026-08-02 12:51:20.152326,Mansarovar,531.3,4.4,0.007
2026-08-02 13:51:20.152326,Mansarovar,524.2,4.13,0.103
2026-08-02 14:51:20.152326,Mansarovar,460.7,4.68,0.19
2026-08-02 15:51:20.152326,Mansarovar,462.8,4.59,0.087
2026-08-02 16:51:20.152326,Mansarovar,516.3,4.47,0.228
2026-08-02 17:51:20.152326,Mansarovar,453.9,4.49,0.435
2026-08-02 18:51:20.152326,Mansarovar,591.8,4.25,0.024
2026-08-02 19:51:20.152326,Mansarovar,669.1,4.42,0.092
2026-08-02 20:51:20.152326,Mansarovar,674.1,4.15,0.0
2026-08-02 21:51:20.152326,Mansarovar,613.9,3.83,0.135
2026-08-02 22:51:20.152326,Mansarovar,458.6,4.22,0.263
2026-08-02 23:51:20.152326,Mansarovar,488.7,4.24,0.2
2026-08-03 00:51:20.152326,Mansarovar,532.2,4.75,0.133
2026-08-03 01:51:20.152326,Mansarovar,516.1,4.48,0.208
2026-08-03 02:51:20.152326,Mansarovar,553.0,4.62,0.286
2026-08-03 03:51:20.152326,Mansarovar,486.4,4.65,0.076
2026-08-03 04:51:20.152326,Mansarovar,480.2,4.31,0.186
2026-08-03 05:51:20.152326,Mansarovar,525.9,4.44,0.095
2026-08-03 06:51:20.152326,Mansarovar,754.6,4.23,0.18
2026-08-03 07:51:20.152326,Mansarovar,673.4,4.94,0.198
2026-08-03 08:51:20.152326,Mansarovar,684.9,4.21,0.007
2026-08-03 09:51:20.152326,Mansarovar,673.0,4.25,0.17
2026-08-03 10:51:20.152326,Mansarovar,432.3,4.71,0.064
2026-08-03 11:51:20.152326,Mansarovar,472.4,5.05,0.19
2026-08-03 12:51:20.152326,Mansarovar,514.9,4.33,0.016
2026-08-03 13:51:20.152326,Mansarovar,495.4,4.4,0.073
2026-08-03 14:51:20.152326,Mansarovar,506.5,3.99,0.105
2026-08-03 15:51:20.152326,Mansarovar,486.2,4.47,0.368
2026-08-03 16:51:20.152326,Mansarovar,498.5,4.18,0.325
2026-08-03 17:51:20.152326,Mansarovar,513.4,4.59,0.037
2026-08-03 18:51:20.152326,Mansarovar,644.3,4.46,0.234
2026-08-03 19:51:20.152326,Mansarovar,611.6,4.26,0.138
2026-08-03 20:51:20.152326,Mansarovar,667.2,4.83,0.047
2026-08-03 21:51:20.152326,Mansarovar,663.6,4.69,0.101
2026-08-03 22:51:20.152326,Mansarovar,579.8,4.64,0.201
2026-08-03 23:51:20.152326,Mansarovar,469.7,4.77,0.017
2026-08-04 00:51:20.152326,Mansarovar,465.5,4.37,0.134
2026-08-04 01:51:20.152326,Mansarovar,439.8,4.55,0.213
2026-08-04 02:51:20.152326,Mansarovar,475.0,4.51,0.311
2026-08-04 03:51:20.152326,Mansarovar,434.2,4.65,0.104
2026-08-04 04:51:20.152326,Mansarovar,494.4,4.53,0.036
2026-08-04 05:51:20.152326,Mansarovar,451.1,4.11,0.304
2026-08-04 06:51:20.152326,Mansarovar,642.2,4.41,0.185
2026-08-04 07:51:20.152326,Mansarovar,641.6,4.86,0.186
2026-08-04 08:51:20.152326,Mansarovar,637.4,4.57,0.16
2026-08-04 09:51:20.152326,Mansarovar,753.4,4.66,0.152
2026-08-04 10:51:20.152326,Mansarovar,546.1,4.44,0.12
2026-08-04 11:51:20.152326,Mansarovar,502.8,4.55,0.403
2026-08-04 12:51:20.152326,Mansarovar,476.7,4.22,0.132
2026-08-04 13:51:20.152326,Mansarovar,499.8,4.56,0.12
2026-08-04 14:51:20.152326,Mansarovar,515.0,4.38,0.009
2026-08-04 15:51:20.152326,Mansarovar,519.1,4.52,0.109
2026-08-04 16:51:20.152326,Mansarovar,554.6,4.38,0.065
2026-08-04 17:51:20.152326,Mansarovar,561.6,4.69,0.064
2026-08-04 18:51:20.152326,Mansarovar,678.2,4.09,0.207
2026-08-04 19:51:20.152326,Mansarovar,578.8,5.11,0.058
2026-08-04 20:51:20.152326,Mansarovar,674.3,3.99,0.257
2026-08-04 21:51:20.152326,Mansarovar,648.6,4.7,0.091
2026-08-04 22:51:20.152326,Mansarovar,491.0,4.35,0.19
2026-08-04 23:51:20.152326,Mansarovar,486.4,4.46,0.227
2026-08-05 00:51:20.152326,Mansarovar,461.6,4.48,0.065
2026-08-05 01:51:20.152326,Mansarovar,486.4,4.56,0.073
2026-08-05 02:51:20.152326,Mansarovar,508.4,4.87,0.117
2026-08-05 03:51:20.152326,Mansarovar,562.7,4.09,0.24
2026-08-05 04:51:20.152326,Mansarovar,433.4,4.47,0.043
2026-08-05 05:51:20.152326,Mansarovar,504.3,4.37,0.332
2026-08-05 06:51:20.152326,Mansarovar,768.8,4.55,0.486
2026-08-05 07:51:20.152326,Mansarovar,722.1,4.12,0.074
2026-08-05 08:51:20.152326,Mansarovar,749.3,4.37,0.07
2026-08-05 09:51:20.152326,Mansarovar,690.7,4.57,0.148
2026-08-05 10:51:20.152326,Mansarovar,515.2,4.61,0.067
2026-08-05 11:51:20.152326,Mansarovar,519.9,4.29,0.066
2026-08-05 12:51:20.152326,Mansarovar,525.7,4.28,0.081
2026-08-05 13:51:20.152326,Mansarovar,482.5,4.69,0.515
2026-08-05 14:51:20.152326,Mansarovar,453.9,4.39,0.017
2026-08-05 15:51:20.152326,Mansarovar,549.7,4.41,0.199
2026-08-05 16:51:20.152326,Mansarovar,467.8,4.32,0.249
2026-08-05 17:51:20.152326,Mansarovar,541.2,4.63,0.118
2026-08-05 18:51:20.152326,Mansarovar,732.3,4.81,0.038
2026-08-05 19:51:20.152326,Mansarovar,589.7,4.44,0.054
2026-08-05 20:51:20.152326,Mansarovar,655.8,4.88,0.194
2026-08-05 21:51:20.152326,Mansarovar,682.2,4.08,0.07
2026-08-05 22:51:20.152326,Mansarovar,540.3,4.28,0.025
2026-08-05 23:51:20.152326,Mansarovar,525.3,4.73,0.251
2026-08-06 00:51:20.152326,Mansarovar,480.8,4.45,0.196
2026-08-06 01:51:20.152326,Mansarovar,487.8,4.38,0.11
2026-08-06 02:51:20.152326,Mansarovar,513.6,5.13,0.308
2026-08-06 03:51:20.152326,Mansarovar,480.8,4.82,0.094
2026-08-06 04:51:20.152326,Mansarovar,544.1,4.22,0.409
2026-08-06 05:51:20.152326,Mansarovar,538.4,4.49,0.076
2026-08-06 06:51:20.152326,Mansarovar,679.8,4.25,0.164
2026-08-06 07:51:20.152326,Mansarovar,716.9,4.73,0.03
2026-08-06 08:51:20.152326,Mansarovar,795.1,4.35,0.071
2026-08-06 09:51:20.152326,Mansarovar,779.5,4.1,0.175
2026-08-06 10:51:20.152326,Mansarovar,500.5,4.98,0.179
2026-08-06 11:51:20.152326,Mansarovar,492.7,4.24,0.199
2026-08-06 12:51:20.152326,Mansarovar,489.5,4.4,0.084
2026-08-06 13:51:20.152326,Mansarovar,473.9,4.39,0.205
2026-08-06 14:51:20.152326,Mansarovar,497.3,4.82,0.279
2026-08-06 15:51:20.152326,Mansarovar,509.0,4.72,0.078
2026-08-06 16:51:20.152326,Mansarovar,515.1,5.21,0.097
2026-08-06 17:51:20.152326,Mansarovar,496.0,4.48,0.111
2026-08-06 18:51:20.152326,Mansarovar,616.7,4.13,0.367
2026-08-06 19:51:20.152326,Mansarovar,648.6,4.2,0.163
2026-08-06 20:51:20.152326,Mansarovar,681.0,4.54,0.459
2026-08-06 21:51:20.152326,Mansarovar,688.1,4.42,0.141
2026-08-06 22:51:20.152326,Mansarovar,468.4,4.3,0.299
2026-08-06 23:51:20.152326,Mansarovar,500.7,4.27,0.202
2026-08-07 00:51:20.152326,Mansarovar,540.4,4.15,0.054
2026-08-07 01:51:20.152326,Mansarovar,541.1,4.2,0.142
2026-08-07 02:51:20.152326,Mansarovar,519.2,4.72,0.17
2026-08-07 03:51:20.152326,Mansarovar,508.9,4.27,0.256
2026-08-07 04:51:20.152326,Mansarovar,517.6,4.47,0.121
2026-08-07 05:51:20.152326,Mansarovar,473.2,4.67,0.215
2026-08-07 06:51:20.152326,Mansarovar,718.7,4.63,0.153
2026-08-07 07:51:20.152326,Mansarovar,700.1,4.83,0.072
2026-08-07 08:51:20.152326,Mansarovar,744.5,4.62,0.046
2026-08-07 09:51:20.152326,Mansarovar,776.0,4.99,0.205
2026-08-07 10:51:20.152326,Mansarovar,507.0,4.41,0.268
2026-08-07 11:51:20.152326,Mansarovar,486.9,4.42,0.216
2026-08-07 12:51:20.152326,Mansarovar,494.7,4.15,0.079
2026-08-07 13:51:20.152326,Mansarovar,447.0,4.5,0.058
2026-08-07 14:51:20.152326,Mansarovar,548.4,4.65,0.048
2026-08-07 15:51:20.152326,Mansarovar,503.6,4.42,0.316
2026-08-07 16:51:20.152326,Mansarovar,506.2,4.07,0.223
2026-08-07 17:51:20.152326,Mansarovar,517.4,5.0,0.321
2026-08-07 18:51:20.152326,Mansarovar,645.3,4.85,0.044
2026-08-07 19:51:20.152326,Mansarovar,610.2,4.11,0.244
2026-08-07 20:51:20.152326,Mansarovar,593.9,4.34,0.087
2026-08-07 21:51:20.152326,Mansarovar,738.6,4.5,0.248
2026-08-07 22:51:20.152326,Mansarovar,455.9,4.25,0.056
2026-08-07 23:51:20.152326,Mansarovar,446.0,4.38,0.075
2026-08-08 00:51:20.152326,Mansarovar,537.0,4.83,0.241
2026-08-08 01:51:20.152326,Mansarovar,444.2,3.98,0.187
2026-08-08 02:51:20.152326,Mansarovar,479.3,4.27,0.006
2026-08-08 03:51:20.152326,Mansarovar,483.8,4.81,0.056
2026-08-08 04:51:20.152326,Mansarovar,475.7,4.32,0.331
2026-08-08 05:51:20.152326,Mansarovar,517.1,5.21,0.201
2026-08-08 06:51:20.152326,Mansarovar,649.9,4.7,0.081
2026-08-08 07:51:20.152326,Mansarovar,680.2,4.25,0.004
2026-08-08 08:51:20.152326,Mansarovar,694.0,4.64,0.46
2026-08-08 09:51:20.152326,Mansarovar,697.3,4.6,0.162
2026-08-08 10:51:20.152326,Mansarovar,510.5,4.34,0.485
2026-08-08 11:51:20.152326,Mansarovar,493.3,4.12,0.041
2026-08-08 12:51:20.152326,Mansarovar,513.7,4.38,0.151
2026-08-08 13:51:20.152326,Mansarovar,436.8,4.43,0.122
2026-08-08 14:51:20.152326,Mansarovar,436.9,4.43,0.226
2026-08-08 15:51:20.152326,Mansarovar,506.4,4.67,0.161
2026-08-08 16:51:20.152326,Mansarovar,508.8,4.42,0.036
2026-08-08 17:51:20.152326,Mansarovar,538.5,4.97,0.455
2026-08-08 18:51:20.152326,Mansarovar,657.8,4.78,0.148
2026-08-08 19:51:20.152326,Mansarovar,689.9,4.53,0.218
2026-08-08 20:51:20.152326,Mansarovar,578.7,4.33,0.232
2026-08-08 21:51:20.152326,Mansarovar,626.5,4.44,0.084
2026-08-08 22:51:20.152326,Mansarovar,517.2,4.28,0.244
2026-08-08 23:51:20.152326,Mansarovar,463.4,4.2,0.02
2026-08-09 00:51:20.152326,Mansarovar,540.0,4.14,0.113
2026-08-09 01:51:20.152326,Mansarovar,567.3,4.39,0.273
2026-08-09 02:51:20.152326,Mansarovar,456.4,4.24,0.489
2026-08-09 03:51:20.152326,Mansarovar,519.7,4.73,0.232
2026-08-09 04:51:20.152326,Mansarovar,496.7,4.63,0.068
2026-08-09 05:51:20.152326,Mansarovar,504.7,4.89,0.05
2026-08-09 06:51:20.152326,Mansarovar,709.1,4.69,0.109
2026-08-09 07:51:20.152326,Mansarovar,666.5,4.84,0.141
2026-08-09 08:51:20.152326,Mansarovar,704.8,4.51,0.113
2026-08-09 09:51:20.152326,Mansarovar,697.8,4.33,0.07
2026-08-09 10:51:20.152326,Mansarovar,504.6,3.77,0.055
2026-08-09 11:51:20.152326,Mansarovar,492.9,4.6,0.233
2026-08-09 12:51:20.152326,Mansarovar,475.9,4.88,0.291
2026-08-09 13:51:20.152326,Mansarovar,442.3,4.18,0.165
2026-08-09 14:51:20.152326,Mansarovar,558.1,4.76,0.321
2026-08-09 15:51:20.152326,Mansarovar,510.0,4.63,0.259
2026-08-09 16:51:20.152326,Mansarovar,457.9,4.47,0.036
2026-08-09 17:51:20.152326,Mansarovar,459.3,4.95,0.126
2026-08-09 18:51:20.152326,Mansarovar,706.7,4.27,0.439
2026-08-09 19:51:20.152326,Mansarovar,632.3,4.74,0.135
2026-08-09 20:51:20.152326,Mansarovar,642.5,4.77,0.113
2026-08-09 21:51:20.152326,Mansarovar,661.8,4.43,0.162
2026-08-09 22:51:20.152326,Mansarovar,500.9,4.67,0.18
2026-08-09 23:51:20.152326,Mansarovar,505.8,4.38,0.307
2026-08-10 00:51:20.152326,Mansarovar,538.3,4.14,0.442
2026-08-10 01:51:20.152326,Mansarovar,456.9,4.44,0.426
2026-08-10 02:51:20.152326,Mansarovar,523.5,4.17,0.064
2026-08-10 03:51:20.152326,Mansarovar,410.2,4.22,0.18
2026-08-10 04:51:20.152326,Mansarovar,497.6,4.75,0.034
2026-08-10 05:51:20.152326,Mansarovar,509.0,4.98,0.154
2026-08-10 06:51:20.152326,Mansarovar,756.6,4.81,0.221
2026-08-10 07:51:20.152326,Mansarovar,672.9,4.47,0.04
2026-08-10 08:51:20.152326,Mansarovar,714.5,4.2,0.085
2026-08-10 09:51:20.152326,Mansarovar,748.7,4.2,0.032
2026-08-10 10:51:20.152326,Mansarovar,464.5,4.79,0.172
2026-08-10 11:51:20.152326,Mansarovar,548.5,4.03,0.37
2026-08-10 12:51:20.152326,Mansarovar,480.6,4.16,0.07
2026-08-10 13:51:20.152326,Mansarovar,479.8,4.84,0.058
2026-08-10 14:51:20.152326,Mansarovar,503.2,4.24,0.071
2026-08-10 15:51:20.152326,Mansarovar,480.1,4.99,0.291
2026-08-10 16:51:20.152326,Mansarovar,509.9,4.74,0.136
2026-08-10 17:51:20.152326,Mansarovar,526.9,4.57,0.083
2026-08-10 18:51:20.152326,Mansarovar,608.7,4.86,0.256
2026-08-10 19:51:20.152326,Mansarovar,657.6,4.54,0.257
2026-08-10 20:51:20.152326,Mansarovar,715.8,4.57,0.215
2026-08-10 21:51:20.152326,Mansarovar,593.8,4.04,0.367
2026-08-10 22:51:20.152326,Mansarovar,482.8,4.63,0.103
2026-08-10 23:51:20.152326,Mansarovar,542.6,4.12,0.107
2026-08-11 00:51:20.152326,Mansarovar,482.0,4.33,0.084
2026-08-11 01:51:20.152326,Mansarovar,494.3,4.66,0.098
2026-08-11 02:51:20.152326,Mansarovar,469.9,4.32,0.4
2026-08-11 03:51:20.152326,Mansarovar,542.4,4.25,0.258
2026-08-11 04:51:20.152326,Mansarovar,511.0,4.36,0.375
2026-08-11 05:51:20.152326,Mansarovar,491.8,4.3,0.214
2026-08-11 06:51:20.152326,Mansarovar,757.0,4.38,0.073
2026-08-11 07:51:20.152326,Mansarovar,662.2,4.29,0.177
2026-08-11 08:51:20.152326,Mansarovar,626.8,5.07,0.334
2026-08-11 09:51:20.152326,Mansarovar,665.3,4.23,0.013
2026-08-11 10:51:20.152326,Mansarovar,521.3,3.92,0.152
2026-08-11 11:51:20.152326,Mansarovar,470.5,4.28,0.166
2026-08-11 12:51:20.152326,Mansarovar,545.2,4.64,0.046
2026-08-11 13:51:20.152326,Mansarovar,568.3,4.94,0.077
2026-08-11 14:51:20.152326,Mansarovar,479.7,4.65,0.068
2026-08-11 15:51:20.152326,Mansarovar,496.5,4.9,0.325
2026-08-11 16:51:20.152326,Mansarovar,534.5,4.1,0.097
2026-08-11 17:51:20.152326,Mansarovar,527.1,4.4,0.021
2026-08-11 18:51:20.152326,Mansarovar,598.6,4.95,0.321
2026-08-11 19:51:20.152326,Mansarovar,675.5,4.72,0.228
2026-08-11 20:51:20.152326,Mansarovar,536.9,3.93,0.152
2026-08-11 21:51:20.152326,Mansarovar,687.3,4.86,0.053
2026-08-11 22:51:20.152326,Mansarovar,495.0,4.87,0.021
2026-08-11 23:51:20.152326,Mansarovar,512.5,4.76,0.135
2026-08-12 00:51:20.152326,Mansarovar,517.9,4.75,0.433
2026-08-12 01:51:20.152326,Mansarovar,485.0,4.06,0.084
2026-08-12 02:51:20.152326,Mansarovar,492.5,4.95,0.089
2026-08-12 03:51:20.152326,Mansarovar,500.8,4.53,0.159
2026-08-12 04:51:20.152326,Mansarovar,478.7,4.2,0.335
2026-08-12 05:51:20.152326,Mansarovar,480.2,4.51,0.16
2026-08-12 06:51:20.152326,Mansarovar,611.5,4.3,0.119
2026-08-12 07:51:20.152326,Mansarovar,783.0,4.0,0.126
2026-08-12 08:51:20.152326,Mansarovar,682.9,4.39,0.103
2026-08-12 09:51:20.152326,Mansarovar,724.3,4.7,0.043
2026-08-12 10:51:20.152326,Mansarovar,516.8,4.64,0.139
2026-08-12 11:51:20.152326,Mansarovar,486.9,4.52,0.109
2026-08-12 12:51:20.152326,Mansarovar,562.2,4.68,0.163
2026-08-12 13:51:20.152326,Mansarovar,484.6,4.29,0.399
2026-08-12 14:51:20.152326,Mansarovar,499.7,4.42,0.337
2026-08-12 15:51:20.152326,Mansarovar,492.4,4.45,0.124
2026-08-12 16:51:20.152326,Mansarovar,488.5,4.58,0.16
2026-08-12 17:51:20.152326,Mansarovar,462.8,4.01,0.106
2026-08-12 18:51:20.152326,Mansarovar,596.4,4.42,0.068
2026-08-12 19:51:20.152326,Mansarovar,652.5,4.13,0.144
2026-08-12 20:51:20.152326,Mansarovar,645.2,4.09,0.044
2026-08-12 21:51:20.152326,Mansarovar,646.3,4.36,0.204
2026-08-12 22:51:20.152326,Mansarovar,498.5,4.5,0.103
2026-08-12 23:51:20.152326,Mansarovar,511.5,4.55,0.069
2026-08-13 00:51:20.152326,Mansarovar,578.8,4.52,0.082
2026-08-13 01:51:20.152326,Mansarovar,519.9,4.53,0.27
2026-08-13 02:51:20.152326,Mansarovar,471.1,4.54,0.262
2026-08-13 03:51:20.152326,Mansarovar,475.9,4.73,0.047
2026-08-13 04:51:20.152326,Mansarovar,561.7,4.81,0.218
2026-08-13 05:51:20.152326,Mansarovar,495.8,4.71,0.136
2026-08-13 06:51:20.152326,Mansarovar,642.8,4.59,0.257
2026-08-13 07:51:20.152326,Mansarovar,686.9,4.96,0.516
2026-08-13 08:51:20.152326,Mansarovar,620.5,3.9,0.198
2026-08-13 09:51:20.152326,Mansarovar,701.8,4.62,0.056
2026-08-13 10:51:20.152326,Mansarovar,510.2,4.52,0.202
2026-08-13 11:51:20.152326,Mansarovar,503.2,4.62,0.305
2026-08-13 12:51:20.152326,Mansarovar,468.3,4.68,0.143
2026-08-13 13:51:20.152326,Mansarovar,463.7,4.52,0.012
2026-08-13 14:51:20.152326,Mansarovar,520.2,4.73,0.235
2026-08-13 15:51:20.152326,Mansarovar,466.2,4.54,0.19
2026-08-13 16:51:20.152326,Mansarovar,558.8,4.81,0.376
2026-08-13 17:51:20.152326,Mansarovar,546.3,4.37,0.109
2026-08-13 18:51:20.152326,Mansarovar,682.8,4.13,0.254
2026-08-13 19:51:20.152326,Mansarovar,664.2,4.52,0.206
2026-08-13 20:51:20.152326,Mansarovar,643.0,4.38,0.086
2026-08-13 21:51:20.152326,Mansarovar,554.8,4.64,0.051
2026-08-13 22:51:20.152326,Mansarovar,500.9,4.08,0.19
2026-08-13 23:51:20.152326,Mansarovar,515.1,4.08,0.115
2026-08-14 00:51:20.152326,Mansarovar,510.7,4.92,0.021
2026-08-14 01:51:20.152326,Mansarovar,502.3,4.4,0.317
2026-08-14 02:51:20.152326,Mansarovar,470.0,4.08,0.072
2026-08-14 03:51:20.152326,Mansarovar,474.0,4.21,0.033
2026-08-14 04:51:20.152326,Mansarovar,507.0,4.42,0.114
2026-08-14 05:51:20.152326,Mansarovar,566.4,4.72,0.221
2026-08-14 06:51:20.152326,Mansarovar,864.3,4.69,0.092
2026-08-14 07:51:20.152326,Mansarovar,787.2,4.83,0.11
2026-08-14 08:51:20.152326,Mansarovar,716.4,4.77,0.022
2026-08-14 09:51:20.152326,Mansarovar,714.2,4.56,0.192
2026-08-14 10:51:20.152326,Mansarovar,479.7,4.21,0.116
2026-08-14 11:51:20.152326,Mansarovar,538.2,4.78,0.127
2026-08-14 12:51:20.152326,Mansarovar,523.2,4.57,0.015
2026-08-14 13:51:20.152326,Mansarovar,483.2,4.44,0.101
2026-08-14 14:51:20.152326,Mansarovar,562.5,4.63,0.017
2026-08-14 15:51:20.152326,Mansarovar,451.4,4.87,0.226
2026-08-14 16:51:20.152326,Mansarovar,505.6,4.28,0.196
2026-08-14 17:51:20.152326,Mansarovar,573.7,4.36,0.076
2026-08-14 18:51:20.152326,Mansarovar,591.3,4.52,0.205
2026-08-14 19:51:20.152326,Mansarovar,722.8,4.22,0.338
2026-08-14 20:51:20.152326,Mansarovar,665.1,4.84,0.005
2026-08-14 21:51:20.152326,Mansarovar,614.0,4.69,0.157
2026-08-14 22:51:20.152326,Mansarovar,527.8,4.36,0.073
2026-08-14 23:51:20.152326,Mansarovar,410.7,4.16,0.063
2026-08-15 00:51:20.152326,Mansarovar,508.7,4.35,0.173
2026-08-15 01:51:20.152326,Mansarovar,451.9,4.83,0.138
2026-08-15 02:51:20.152326,Mansarovar,448.8,4.54,0.22
2026-08-15 03:51:20.152326,Mansarovar,538.1,4.4,0.096
2026-08-15 04:51:20.152326,Mansarovar,547.7,4.13,0.059
2026-08-15 05:51:20.152326,Mansarovar,504.6,4.57,0.175
2026-08-15 06:51:20.152326,Mansarovar,683.4,4.98,0.079
2026-08-15 07:51:20.152326,Mansarovar,741.1,3.83,0.203
2026-08-15 08:51:20.152326,Mansarovar,717.4,4.56,0.243
2026-08-15 09:51:20.152326,Mansarovar,722.2,4.07,0.024
2026-08-15 10:51:20.152326,Mansarovar,522.6,4.84,0.172
2026-08-15 11:51:20.152326,Mansarovar,473.4,4.58,0.061
2026-08-15 12:51:20.152326,Mansarovar,517.6,4.81,0.217
2026-08-15 13:51:20.152326,Mansarovar,490.2,3.56,0.226
2026-08-15 14:51:20.152326,Mansarovar,490.7,4.19,0.616
2026-08-15 15:51:20.152326,Mansarovar,479.2,4.35,0.044
2026-08-15 16:51:20.152326,Mansarovar,535.1,4.88,0.106
2026-08-15 17:51:20.152326,Mansarovar,503.5,4.28,0.039
2026-08-15 18:51:20.152326,Mansarovar,667.3,3.88,0.081
2026-08-15 19:51:20.152326,Mansarovar,660.0,4.56,0.053
2026-08-15 20:51:20.152326,Mansarovar,657.4,4.79,0.158
2026-08-15 21:51:20.152326,Mansarovar,703.8,4.66,0.092
2026-08-15 22:51:20.152326,Mansarovar,488.3,4.91,0.216
2026-08-15 23:51:20.152326,Mansarovar,516.8,4.78,0.177
2026-08-16 00:51:20.152326,Mansarovar,517.8,4.43,0.243
2026-08-16 01:51:20.152326,Mansarovar,486.1,4.36,0.238
2026-08-16 02:51:20.152326,Mansarovar,469.4,4.17,0.253
2026-08-16 03:51:20.152326,Mansarovar,453.6,4.4,0.088
2026-08-16 04:51:20.152326,Mansarovar,485.0,4.73,0.297
2026-08-16 05:51:20.152326,Mansarovar,508.2,4.6,0.076
2026-08-16 06:51:20.152326,Mansarovar,682.8,4.55,0.153
2026-08-16 07:51:20.152326,Mansarovar,641.9,3.92,0.131
2026-08-16 08:51:20.152326,Mansarovar,703.3,4.22,0.11
2026-08-16 09:51:20.152326,Mansarovar,749.8,4.63,0.127
2026-08-16 10:51:20.152326,Mansarovar,508.9,4.97,0.563
2026-08-16 11:51:20.152326,Mansarovar,471.7,4.96,0.091
2026-08-16 12:51:20.152326,Mansarovar,453.9,4.13,0.231
2026-08-16 13:51:20.152326,Mansarovar,526.4,4.67,0.492
2026-08-16 14:51:20.152326,Mansarovar,431.0,4.26,0.491
2026-08-16 15:51:20.152326,Mansarovar,492.0,4.8,0.312
2026-08-16 16:51:20.152326,Mansarovar,469.8,4.98,0.029
2026-08-16 17:51:20.152326,Mansarovar,501.0,4.64,0.537
2026-08-16 18:51:20.152326,Mansarovar,648.2,4.34,0.168
2026-08-16 19:51:20.152326,Mansarovar,604.5,5.05,0.17
2026-08-16 20:51:20.152326,Mansarovar,615.1,4.6,0.143
2026-08-16 21:51:20.152326,Mansarovar,594.5,4.39,0.058
2026-08-16 22:51:20.152326,Mansarovar,488.7,4.71,0.095
2026-08-16 23:51:20.152326,Mansarovar,519.5,4.55,0.02
2026-08-17 00:51:20.152326,Mansarovar,509.5,4.13,0.153
2026-08-17 01:51:20.152326,Mansarovar,464.6,4.64,0.268
2026-08-17 02:51:20.152326,Mansarovar,434.4,3.97,0.198
2026-08-17 03:51:20.152326,Mansarovar,462.6,5.16,0.425
2026-08-17 04:51:20.152326,Mansarovar,486.5,4.39,0.133
2026-08-17 05:51:20.152326,Mansarovar,455.9,4.85,0.079
2026-08-17 06:51:20.152326,Mansarovar,654.5,4.5,0.053
2026-08-17 07:51:20.152326,Mansarovar,711.3,4.28,0.271
2026-08-17 08:51:20.152326,Mansarovar,714.6,4.96,0.329
2026-08-17 09:51:20.152326,Mansarovar,707.2,4.86,0.116
2026-08-17 10:51:20.152326,Mansarovar,513.1,4.27,0.045
2026-08-17 11:51:20.152326,Mansarovar,506.1,4.39,0.274
2026-08-17 12:51:20.152326,Mansarovar,510.9,4.67,0.122
2026-08-17 13:51:20.152326,Mansarovar,509.3,4.09,0.211
2026-08-17 14:51:20.152326,Mansarovar,491.0,4.16,0.047
2026-08-17 15:51:20.152326,Mansarovar,520.6,3.98,0.011
2026-08-17 16:51:20.152326,Mansarovar,465.7,4.31,0.087
2026-08-17 17:51:20.152326,Mansarovar,470.2,4.31,0.299
2026-08-17 18:51:20.152326,Mansarovar,654.3,4.83,0.16
2026-08-17 19:51:20.152326,Mansarovar,679.9,4.55,0.12
2026-08-17 20:51:20.152326,Mansarovar,688.6,4.84,0.091
2026-08-17 21:51:20.152326,Mansarovar,610.5,4.54,0.172
2026-08-17 22:51:20.152326,Mansarovar,495.6,4.06,0.153
2026-08-17 23:51:20.152326,Mansarovar,477.0,4.38,0.101
2026-08-18 00:51:20.152326,Mansarovar,536.0,4.51,0.222
2026-08-18 01:51:20.152326,Mansarovar,453.6,4.88,0.3
2026-08-18 02:51:20.152326,Mansarovar,549.2,4.84,0.303
2026-08-18 03:51:20.152326,Mansarovar,533.9,4.68,0.117
2026-08-18 04:51:20.152326,Mansarovar,482.4,4.57,0.029
2026-08-18 05:51:20.152326,Mansarovar,518.7,4.39,0.073
2026-08-18 06:51:20.152326,Mansarovar,719.5,4.39,0.378
2026-08-18 07:51:20.152326,Mansarovar,669.3,4.18,0.133
2026-08-18 08:51:20.152326,Mansarovar,735.9,4.64,0.191
2026-08-18 09:51:20.152326,Mansarovar,802.0,4.2,0.184
2026-08-18 10:51:20.152326,Mansarovar,459.8,4.56,0.347
2026-08-18 11:51:20.152326,Mansarovar,567.4,4.52,0.13
2026-08-18 12:51:20.152326,Mansarovar,482.4,4.58,0.147
2026-08-18 13:51:20.152326,Mansarovar,448.4,4.14,0.046
2026-08-18 14:51:20.152326,Mansarovar,488.4,5.15,0.175
2026-08-18 15:51:20.152326,Mansarovar,567.9,5.42,0.062
2026-08-18 16:51:20.152326,Mansarovar,511.5,4.62,0.308
2026-08-18 17:51:20.152326,Mansarovar,502.0,4.41,0.123
2026-08-18 18:51:20.152326,Mansarovar,680.4,4.37,0.112
2026-08-18 19:51:20.152326,Mansarovar,682.6,4.1,0.091
2026-08-18 20:51:20.152326,Mansarovar,633.7,4.45,0.179
2026-08-18 21:51:20.152326,Mansarovar,689.0,4.58,0.249
2026-08-18 22:51:20.152326,Mansarovar,528.6,4.43,0.182
2026-08-18 23:51:20.152326,Mansarovar,534.3,4.23,0.035
2026-08-19 00:51:20.152326,Mansarovar,521.0,4.44,0.16
2026-08-19 01:51:20.152326,Mansarovar,472.0,4.15,0.053
2026-08-19 02:51:20.152326,Mansarovar,498.3,4.96,0.046
2026-08-19 03:51:20.152326,Mansarovar,527.1,4.2,0.306
2026-08-19 04:51:20.152326,Mansarovar,508.0,4.19,0.074
2026-08-19 05:51:20.152326,Mansarovar,521.6,4.77,0.045
2026-08-19 06:51:20.152326,Mansarovar,657.9,4.05,0.265
2026-08-19 07:51:20.152326,Mansarovar,741.1,4.45,0.173
2026-08-19 08:51:20.152326,Mansarovar,676.3,4.87,0.047
2026-08-19 09:51:20.152326,Mansarovar,691.8,4.72,0.116
2026-08-19 10:51:20.152326,Mansarovar,541.5,4.62,0.35
2026-08-19 11:51:20.152326,Mansarovar,506.0,4.67,0.318
2026-08-19 12:51:20.152326,Mansarovar,515.1,4.96,0.048
2026-08-19 13:51:20.152326,Mansarovar,482.7,4.22,0.016
2026-08-19 14:51:20.152326,Mansarovar,442.1,4.13,0.165
2026-08-19 15:51:20.152326,Mansarovar,484.2,4.39,0.121
2026-08-19 16:51:20.152326,Mansarovar,511.6,4.8,0.063
2026-08-19 17:51:20.152326,Mansarovar,534.0,4.64,0.278
2026-08-19 18:51:20.152326,Mansarovar,615.9,4.75,0.294
2026-08-19 19:51:20.152326,Mansarovar,660.7,4.76,0.131
2026-08-19 20:51:20.152326,Mansarovar,593.4,4.46,0.235
2026-08-19 21:51:20.152326,Mansarovar,664.4,4.1,0.213
2026-08-19 22:51:20.152326,Mansarovar,536.9,4.34,0.255
2026-08-19 23:51:20.152326,Mansarovar,480.9,4.53,0.006
2026-08-20 00:51:20.152326,Mansarovar,515.5,3.85,0.357
2026-08-20 01:51:20.152326,Mansarovar,538.1,4.18,0.024
2026-08-20 02:51:20.152326,Mansarovar,511.6,5.03,0.012
2026-08-20 03:51:20.152326,Mansarovar,472.9,4.64,0.313
2026-08-20 04:51:20.152326,Mansarovar,527.8,4.4,0.02
2026-08-20 05:51:20.152326,Mansarovar,484.5,4.14,0.054
2026-08-20 06:51:20.152326,Mansarovar,697.3,4.61,0.026
2026-08-20 07:51:20.152326,Mansarovar,703.4,4.69,0.065
2026-08-20 08:51:20.152326,Mansarovar,731.0,4.05,0.092
2026-08-20 09:51:20.152326,Mansarovar,680.9,4.42,0.213
2026-08-20 10:51:20.152326,Mansarovar,467.5,3.95,0.104
2026-08-20 11:51:20.152326,Mansarovar,502.7,4.49,0.245
2026-08-20 12:51:20.152326,Mansarovar,528.9,4.07,0.035
2026-08-20 13:51:20.152326,Mansarovar,521.1,4.23,0.04
2026-08-20 14:51:20.152326,Mansarovar,525.8,4.42,0.172
2026-08-20 15:51:20.152326,Mansarovar,493.4,4.62,0.227
2026-08-20 16:51:20.152326,Mansarovar,488.5,4.52,0.376
2026-08-20 17:51:20.152326,Mansarovar,424.1,4.15,0.207
2026-08-20 18:51:20.152326,Mansarovar,672.6,4.04,0.212
2026-08-20 19:51:20.152326,Mansarovar,712.4,4.59,0.07
2026-08-20 20:51:20.152326,Mansarovar,550.9,4.92,0.166
2026-08-20 21:51:20.152326,Mansarovar,715.8,4.85,0.355
2026-08-20 22:51:20.152326,Mansarovar,543.1,5.02,0.118
2026-08-20 23:51:20.152326,Mansarovar,461.6,4.8,0.319
2026-08-21 00:51:20.152326,Mansarovar,515.1,4.11,0.061
2026-08-21 01:51:20.152326,Mansarovar,494.8,4.4,0.147
2026-08-21 02:51:20.152326,Mansarovar,554.9,4.52,0.27
2026-08-21 03:51:20.152326,Mansarovar,491.7,4.49,0.442
2026-08-21 04:51:20.152326,Mansarovar,472.8,4.38,0.147
2026-08-21 05:51:20.152326,Mansarovar,505.3,4.52,0.084
2026-08-21 06:51:20.152326,Mansarovar,684.2,4.88,0.289
2026-08-21 07:51:20.152326,Mansarovar,626.3,4.09,0.096
2026-08-21 08:51:20.152326,Mansarovar,763.8,4.77,0.248
2026-08-21 09:51:20.152326,Mansarovar,779.9,4.72,0.074
2026-08-21 10:51:20.152326,Mansarovar,467.6,4.9,0.072
2026-08-21 11:51:20.152326,Mansarovar,523.8,4.52,0.108
2026-08-21 12:51:20.152326,Mansarovar,518.9,4.64,0.154
2026-08-21 13:51:20.152326,Mansarovar,503.3,4.72,0.207
2026-08-21 14:51:20.152326,Mansarovar,512.8,4.59,0.064
2026-08-21 15:51:20.152326,Mansarovar,541.4,4.46,0.176
2026-08-21 16:51:20.152326,Mansarovar,472.1,4.79,0.167
2026-08-21 17:51:20.152326,Mansarovar,509.3,4.61,0.473
2026-08-21 18:51:20.152326,Mansarovar,638.9,4.53,0.198
2026-08-21 19:51:20.152326,Mansarovar,579.2,4.49,0.087
2026-08-21 20:51:20.152326,Mansarovar,599.1,4.73,0.333
2026-08-21 21:51:20.152326,Mansarovar,661.9,4.3,0.236
2026-08-21 22:51:20.152326,Mansarovar,486.7,4.4,0.118
2026-08-21 23:51:20.152326,Mansarovar,559.8,4.07,0.036
2026-08-22 00:51:20.152326,Mansarovar,491.6,3.92,0.026
2026-08-22 01:51:20.152326,Mansarovar,485.0,4.71,0.011
2026-08-22 02:51:20.152326,Mansarovar,510.9,4.47,0.047
2026-08-22 03:51:20.152326,Mansarovar,490.4,4.47,0.066
2026-08-22 04:51:20.152326,Mansarovar,535.6,4.45,0.124
2026-08-22 05:51:20.152326,Mansarovar,458.8,4.35,0.246
2026-08-22 06:51:20.152326,Mansarovar,746.9,4.94,0.298
2026-08-22 07:51:20.152326,Mansarovar,666.0,4.35,0.087
2026-08-22 08:51:20.152326,Mansarovar,682.2,4.34,0.259
2026-08-22 09:51:20.152326,Mansarovar,679.7,4.62,0.261
2026-08-22 10:51:20.152326,Mansarovar,491.4,4.42,0.19
2026-08-22 11:51:20.152326,Mansarovar,465.7,4.72,0.003
2026-08-22 12:51:20.152326,Mansarovar,509.3,4.73,0.082
2026-08-22 13:51:20.152326,Mansarovar,494.6,4.75,0.166
2026-08-22 14:51:20.152326,Mansarovar,434.8,5.32,0.07
2026-08-22 15:51:20.152326,Mansarovar,556.9,4.32,0.212
2026-08-22 16:51:20.152326,Mansarovar,445.8,4.3,0.155
2026-08-22 17:51:20.152326,Mansarovar,544.4,5.0,0.067
2026-08-22 18:51:20.152326,Mansarovar,644.0,4.47,0.264
2026-08-22 19:51:20.152326,Mansarovar,679.7,4.6,0.268
2026-08-22 20:51:20.152326,Mansarovar,655.3,5.07,0.02
2026-08-22 21:51:20.152326,Mansarovar,647.9,5.27,0.045
2026-08-22 22:51:20.152326,Mansarovar,517.3,4.47,0.224
2026-08-22 23:51:20.152326,Mansarovar,478.5,4.69,0.155
2026-08-23 00:51:20.152326,Mansarovar,539.1,4.1,0.269
2026-08-23 01:51:20.152326,Mansarovar,529.0,4.9,0.212
2026-08-23 02:51:20.152326,Mansarovar,531.4,5.24,0.422
2026-08-23 03:51:20.152326,Mansarovar,495.1,4.56,0.067
2026-08-23 04:51:20.152326,Mansarovar,486.8,4.65,0.083
2026-08-23 05:51:20.152326,Mansarovar,545.5,4.02,0.622
2026-08-23 06:51:20.152326,Mansarovar,760.4,4.09,0.077
2026-08-23 07:51:20.152326,Mansarovar,676.5,4.44,0.219
2026-08-23 08:51:20.152326,Mansarovar,685.8,4.12,0.097
2026-08-23 09:51:20.152326,Mansarovar,749.8,3.69,0.07
2026-08-23 10:51:20.152326,Mansarovar,528.1,4.91,0.013
2026-08-23 11:51:20.152326,Mansarovar,527.4,4.71,0.086
2026-08-23 12:51:20.152326,Mansarovar,506.6,4.67,0.064
2026-08-23 13:51:20.152326,Mansarovar,535.6,4.85,0.059
2026-08-23 14:51:20.152326,Mansarovar,476.9,4.47,0.037
2026-08-23 15:51:20.152326,Mansarovar,508.0,4.67,0.072
2026-08-23 16:51:20.152326,Mansarovar,467.7,4.56,0.207
2026-08-23 17:51:20.152326,Mansarovar,487.5,4.33,0.204
2026-08-23 18:51:20.152326,Mansarovar,685.5,4.61,0.249
2026-08-23 19:51:20.152326,Mansarovar,679.8,4.32,0.033
2026-08-23 20:51:20.152326,Mansarovar,633.0,4.32,0.183
2026-08-23 21:51:20.152326,Mansarovar,640.6,4.45,0.081
2026-08-23 22:51:20.152326,Mansarovar,525.1,4.52,0.204
2026-08-23 23:51:20.152326,Mansarovar,540.3,4.44,0.048
2026-08-24 00:51:20.152326,Mansarovar,470.5,4.37,0.192
2026-08-24 01:51:20.152326,Mansarovar,490.8,4.6,0.054
2026-08-24 02:51:20.152326,Mansarovar,487.0,4.84,0.113
2026-08-24 03:51:20.152326,Mansarovar,606.1,4.32,0.112
2026-08-24 04:51:20.152326,Mansarovar,416.7,4.6,0.042
2026-08-24 05:51:20.152326,Mansarovar,455.5,4.11,0.05
2026-08-24 06:51:20.152326,Mansarovar,746.0,4.4,0.116
2026-08-24 07:51:20.152326,Mansarovar,612.3,4.26,0.084
2026-08-24 08:51:20.152326,Mansarovar,713.9,4.56,0.117
2026-08-24 09:51:20.152326,Mansarovar,695.4,4.46,0.145
2026-08-24 10:51:20.152326,Mansarovar,483.6,4.8,0.217
2026-08-24 11:51:20.152326,Mansarovar,514.7,4.7,0.071
2026-08-24 12:51:20.152326,Mansarovar,546.0,4.35,0.215
2026-08-24 13:51:20.152326,Mansarovar,528.2,4.35,0.034
2026-08-24 14:51:20.152326,Mansarovar,504.0,4.74,0.103
2026-08-24 15:51:20.152326,Mansarovar,463.0,4.53,0.128
2026-08-24 16:51:20.152326,Mansarovar,452.5,4.95,0.116
2026-08-24 17:51:20.152326,Mansarovar,514.4,3.71,0.018
2026-08-24 18:51:20.152326,Mansarovar,665.4,4.26,0.226
2026-08-24 19:51:20.152326,Mansarovar,595.1,4.61,0.171
2026-08-24 20:51:20.152326,Mansarovar,570.2,4.49,0.04
2026-08-24 21:51:20.152326,Mansarovar,546.9,4.35,0.092
2026-08-24 22:51:20.152326,Mansarovar,546.9,4.69,0.07
2026-08-24 23:51:20.152326,Mansarovar,458.9,3.98,0.245
2026-08-25 00:51:20.152326,Mansarovar,552.3,5.02,0.015
2026-08-25 01:51:20.152326,Mansarovar,502.6,4.85,0.28
2026-08-25 02:51:20.152326,Mansarovar,519.3,4.45,0.057
2026-08-25 03:51:20.152326,Mansarovar,454.5,4.7,0.131
2026-08-25 04:51:20.152326,Mansarovar,454.3,4.55,0.084
2026-08-25 05:51:20.152326,Mansarovar,520.6,4.98,0.024
2026-08-25 06:51:20.152326,Mansarovar,725.7,3.79,0.21
2026-08-25 07:51:20.152326,Mansarovar,604.8,4.99,0.106
2026-08-25 08:51:20.152326,Mansarovar,821.3,4.64,0.049
2026-08-25 09:51:20.152326,Mansarovar,662.0,4.12,0.093
2026-08-25 10:51:20.152326,Mansarovar,467.6,4.52,0.295
2026-08-25 11:51:20.152326,Mansarovar,535.6,4.36,0.157
2026-08-25 12:51:20.152326,Mansarovar,525.7,4.42,0.102
2026-08-25 13:51:20.152326,Mansarovar,505.5,4.62,0.134
2026-08-25 14:51:20.152326,Mansarovar,534.5,4.2,0.385
2026-08-25 15:51:20.152326,Mansarovar,439.6,4.66,0.093
2026-08-25 16:51:20.152326,Mansarovar,489.7,4.25,0.067
2026-08-25 17:51:20.152326,Mansarovar,556.0,4.36,0.2
2026-08-25 18:51:20.152326,Mansarovar,712.9,4.61,0.1
2026-08-25 19:51:20.152326,Mansarovar,606.4,4.77,0.204
2026-08-25 20:51:20.152326,Mansarovar,628.3,4.91,0.178
2026-08-25 21:51:20.152326,Mansarovar,614.8,5.21,0.136
2026-08-25 22:51:20.152326,Mansarovar,538.5,4.49,0.141
2026-08-25 23:51:20.152326,Mansarovar,486.3,4.46,0.065
2026-08-26 00:51:20.152326,Mansarovar,484.0,4.26,0.098
2026-08-26 01:51:20.152326,Mansarovar,497.3,4.55,0.102
2026-08-26 02:51:20.152326,Mansarovar,540.0,4.55,0.166
2026-08-26 03:51:20.152326,Mansarovar,560.2,4.81,0.161
2026-08-26 04:51:20.152326,Mansarovar,484.4,4.51,0.271
2026-08-26 05:51:20.152326,Mansarovar,452.5,4.0,0.062
2026-08-26 06:51:20.152326,Mansarovar,745.4,4.21,0.239
2026-08-26 07:51:20.152326,Mansarovar,653.1,4.53,0.103
2026-08-26 08:51:20.152326,Mansarovar,755.7,4.88,0.039
2026-08-26 09:51:20.152326,Mansarovar,723.3,4.55,0.01
2026-08-26 10:51:20.152326,Mansarovar,538.0,4.29,0.264
2026-08-26 11:51:20.152326,Mansarovar,491.6,4.76,0.196
2026-08-26 12:51:20.152326,Mansarovar,485.7,4.32,0.568
2026-08-26 13:51:20.152326,Mansarovar,502.1,3.87,0.146
2026-08-26 14:51:20.152326,Mansarovar,542.0,5.29,0.15
2026-08-26 15:51:20.152326,Mansarovar,450.8,4.33,0.029
2026-08-26 16:51:20.152326,Mansarovar,436.2,4.41,0.194
2026-08-26 17:51:20.152326,Mansarovar,548.7,4.7,0.069
2026-08-26 18:51:20.152326,Mansarovar,697.8,4.7,0.282
2026-08-26 19:51:20.152326,Mansarovar,618.0,4.5,0.26
2026-08-26 20:51:20.152326,Mansarovar,744.6,4.51,0.084
2026-08-26 21:51:20.152326,Mansarovar,619.8,4.02,0.17
2026-08-26 22:51:20.152326,Mansarovar,523.0,4.64,0.092
2026-08-26 23:51:20.152326,Mansarovar,434.0,4.37,0.167
2026-08-27 00:51:20.152326,Mansarovar,498.6,4.2,0.102
2026-08-27 01:51:20.152326,Mansarovar,503.8,4.71,0.079
2026-08-27 02:51:20.152326,Mansarovar,568.9,4.4,0.142
2026-08-27 03:51:20.152326,Mansarovar,574.6,4.49,0.089
2026-08-27 04:51:20.152326,Mansarovar,524.4,4.43,0.047
2026-08-27 05:51:20.152326,Mansarovar,499.0,4.65,0.224
2026-08-27 06:51:20.152326,Mansarovar,761.8,4.93,0.363
2026-08-27 07:51:20.152326,Mansarovar,680.2,4.91,0.124
2026-08-27 08:51:20.152326,Mansarovar,831.1,4.56,0.064
2026-08-27 09:51:20.152326,Mansarovar,710.3,4.44,0.096
2026-08-27 10:51:20.152326,Mansarovar,473.0,4.33,0.13
2026-08-27 11:51:20.152326,Mansarovar,570.2,5.01,0.008
2026-08-27 12:51:20.152326,Mansarovar,527.8,4.36,0.111
2026-08-27 13:51:20.152326,Mansarovar,513.5,4.38,0.145
2026-08-27 14:51:20.152326,Mansarovar,542.4,3.93,0.164
2026-08-27 15:51:20.152326,Mansarovar,490.9,4.91,0.334
2026-08-27 16:51:20.152326,Mansarovar,523.9,4.04,0.283
2026-08-27 17:51:20.152326,Mansarovar,487.9,4.49,0.074
2026-08-27 18:51:20.152326,Mansarovar,674.9,4.48,0.111
2026-08-27 19:51:20.152326,Mansarovar,634.5,3.7,0.087
2026-08-27 20:51:20.152326,Mansarovar,613.9,4.54,0.344
2026-08-27 21:51:20.152326,Mansarovar,637.7,4.08,0.129
2026-08-27 22:51:20.152326,Mansarovar,471.7,4.86,0.151
2026-08-27 23:51:20.152326,Mansarovar,445.6,4.95,0.039
2026-08-28 00:51:20.152326,Mansarovar,490.4,4.5,0.163
2026-08-28 01:51:20.152326,Mansarovar,509.0,4.53,0.126
2026-08-28 02:51:20.152326,Mansarovar,547.1,4.41,0.254
2026-08-28 03:51:20.152326,Mansarovar,515.2,4.95,0.318
2026-08-28 04:51:20.152326,Mansarovar,512.7,3.98,0.062
2026-08-28 05:51:20.152326,Mansarovar,524.6,4.44,0.065
2026-08-28 06:51:20.152326,Mansarovar,721.1,4.62,0.125
2026-08-28 07:51:20.152326,Mansarovar,722.2,4.68,0.178
2026-08-28 08:51:20.152326,Mansarovar,670.3,4.32,0.216
2026-08-28 09:51:20.152326,Mansarovar,643.8,4.08,0.024
2026-08-28 10:51:20.152326,Mansarovar,527.9,4.15,0.141
2026-08-28 11:51:20.152326,Mansarovar,532.0,4.33,0.198
2026-08-28 12:51:20.152326,Mansarovar,413.9,4.71,0.02
2026-08-28 13:51:20.152326,Mansarovar,434.8,4.48,0.123
2026-08-28 14:51:20.152326,Mansarovar,481.6,3.91,0.047
2026-08-28 15:51:20.152326,Mansarovar,489.6,4.65,0.206
2026-08-28 16:51:20.152326,Mansarovar,582.2,4.81,0.294
2026-08-28 17:51:20.152326,Mansarovar,514.8,5.22,0.094
2026-08-28 18:51:20.152326,Mansarovar,653.9,4.7,0.031
2026-08-28 19:51:20.152326,Mansarovar,691.8,4.88,0.101
2026-08-28 20:51:20.152326,Mansarovar,598.0,4.7,0.302
2026-08-28 21:51:20.152326,Mansarovar,653.0,3.94,0.159
2026-08-28 22:51:20.152326,Mansarovar,461.2,4.66,0.02
2026-08-28 23:51:20.152326,Mansarovar,495.3,4.35,0.131
2026-08-29 00:51:20.152326,Mansarovar,510.9,4.76,0.196
2026-08-29 01:51:20.152326,Mansarovar,495.4,4.71,0.234
2026-08-29 02:51:20.152326,Mansarovar,568.0,4.89,0.026
2026-08-29 03:51:20.152326,Mansarovar,603.5,3.88,0.279
2026-08-29 04:51:20.152326,Mansarovar,504.7,4.25,0.422
2026-08-29 05:51:20.152326,Mansarovar,498.1,4.56,0.181
2026-08-29 06:51:20.152326,Mansarovar,643.5,4.32,0.092
2026-08-29 07:51:20.152326,Mansarovar,753.0,3.9,0.279
2026-08-29 08:51:20.152326,Mansarovar,666.9,5.04,0.079
2026-08-29 09:51:20.152326,Mansarovar,688.9,4.71,0.091
2026-08-29 10:51:20.152326,Mansarovar,496.6,4.98,0.185
2026-08-29 11:51:20.152326,Mansarovar,454.9,4.32,0.031
2026-08-29 12:51:20.152326,Mansarovar,515.0,4.11,0.137
2026-08-29 13:51:20.152326,Mansarovar,532.2,4.0,0.049
2026-08-29 14:51:20.152326,Mansarovar,538.5,5.01,0.289
2026-08-29 15:51:20.152326,Mansarovar,508.9,3.99,0.129
2026-08-29 16:51:20.152326,Mansarovar,508.9,4.85,0.03
2026-08-29 17:51:20.152326,Mansarovar,507.5,4.29,0.421
2026-08-29 18:51:20.152326,Mansarovar,658.4,4.99,0.211
2026-08-29 19:51:20.152326,Mansarovar,530.6,4.79,0.111
2026-08-29 20:51:20.152326,Mansarovar,574.4,4.46,0.161
2026-08-29 21:51:20.152326,Mansarovar,725.0,4.26,0.277
2026-08-29 22:51:20.152326,Mansarovar,524.4,4.45,0.117
2026-08-29 23:51:20.152326,Mansarovar,540.2,4.69,0.073
2026-08-30 00:51:20.152326,Mansarovar,496.2,4.86,0.103
2026-08-30 01:51:20.152326,Mansarovar,460.7,4.26,0.061
2026-08-30 02:51:20.152326,Mansarovar,574.6,4.29,0.395
2026-08-30 03:51:20.152326,Mansarovar,514.1,4.01,0.15
2026-08-30 04:51:20.152326,Mansarovar,488.3,4.02,0.249
2026-08-30 05:51:20.152326,Mansarovar,511.7,4.62,0.059
2026-08-30 06:51:20.152326,Mansarovar,661.4,4.48,0.107
2026-08-30 07:51:20.152326,Mansarovar,726.1,5.23,0.391
2026-08-30 08:51:20.152326,Mansarovar,684.3,4.37,0.121
2026-08-30 09:51:20.152326,Mansarovar,739.9,4.53,0.272
2026-08-30 10:51:20.152326,Mansarovar,519.3,4.79,0.048
2026-08-30 11:51:20.152326,Mansarovar,513.5,4.45,0.211
2026-08-30 12:51:20.152326,Mansarovar,504.7,4.55,0.243
2026-08-30 13:51:20.152326,Mansarovar,516.6,4.72,0.059
2026-08-30 14:51:20.152326,Mansarovar,496.3,4.28,0.22
2026-08-30 15:51:20.152326,Mansarovar,505.8,4.57,0.137
2026-08-30 16:51:20.152326,Mansarovar,445.2,4.64,0.226
2026-08-30 17:51:20.152326,Mansarovar,549.4,4.67,0.093
2026-08-30 18:51:20.152326,Mansarovar,644.3,4.35,0.179
2026-08-30 19:51:20.152326,Mansarovar,691.6,4.01,0.067
2026-08-30 20:51:20.152326,Mansarovar,653.5,4.16,0.07
2026-08-30 21:51:20.152326,Mansarovar,714.1,4.59,0.28
2026-08-30 22:51:20.152326,Mansarovar,544.5,3.87,0.093
2026-08-30 23:51:20.152326,Mansarovar,472.6,4.31,0.024
2026-08-31 00:51:20.152326,Mansarovar,427.2,4.13,0.147
2026-08-31 01:51:20.152326,Mansarovar,512.0,4.54,0.232
2026-08-31 02:51:20.152326,Mansarovar,548.8,4.65,0.175
2026-08-31 03:51:20.152326,Mansarovar,502.1,4.65,0.164
2026-08-31 04:51:20.152326,Mansarovar,514.1,4.06,0.093
2026-08-31 05:51:20.152326,Mansarovar,480.8,4.34,0.383
2026-08-31 06:51:20.152326,Mansarovar,747.4,4.33,0.2
2026-08-31 07:51:20.152326,Mansarovar,740.3,4.28,0.137
2026-08-31 08:51:20.152326,Mansarovar,748.4,4.42,0.317
2026-08-31 09:51:20.152326,Mansarovar,717.1,4.67,0.061
2026-08-31 10:51:20.152326,Mansarovar,486.5,3.94,0.485
2026-08-31 11:51:20.152326,Mansarovar,501.9,3.97,0.329
2026-08-31 12:51:20.152326,Mansarovar,489.5,4.65,0.048
2026-08-31 13:51:20.152326,Mansarovar,496.4,4.72,0.033
2026-08-31 14:51:20.152326,Mansarovar,433.8,4.42,0.198
2026-08-31 15:51:20.152326,Mansarovar,471.9,4.68,0.021
2026-08-31 16:51:20.152326,Mansarovar,505.2,4.62,0.212
2026-08-31 17:51:20.152326,Mansarovar,488.4,4.8,0.132
2026-08-31 18:51:20.152326,Mansarovar,668.7,5.03,0.286
2026-08-31 19:51:20.152326,Mansarovar,719.9,4.53,0.027
2026-08-31 20:51:20.152326,Mansarovar,675.4,4.92,0.099
2026-08-31 21:51:20.152326,Mansarovar,595.1,4.59,0.244
2026-08-31 22:51:20.152326,Mansarovar,457.5,4.35,0.539
2026-08-31 23:51:20.152326,Mansarovar,458.6,4.77,0.072
2026-09-01 00:51:20.152326,Mansarovar,509.4,4.47,0.152
2026-09-01 01:51:20.152326,Mansarovar,505.2,4.49,0.052
2026-09-01 02:51:20.152326,Mansarovar,464.0,4.19,0.037
2026-09-01 03:51:20.152326,Mansarovar,548.3,4.87,0.224
2026-09-01 04:51:20.152326,Mansarovar,526.8,4.69,0.179
2026-09-01 05:51:20.152326,Mansarovar,505.7,4.65,0.166
2026-09-01 06:51:20.152326,Mansarovar,704.9,4.7,0.401
2026-09-01 07:51:20.152326,Mansarovar,723.7,4.49,0.049
2026-09-01 08:51:20.152326,Mansarovar,688.4,4.69,0.079
2026-09-01 09:51:20.152326,Mansarovar,635.7,4.09,0.024
2026-09-01 10:51:20.152326,Mansarovar,429.2,4.0,0.317
2026-09-01 11:51:20.152326,Mansarovar,513.7,4.3,0.47
2026-09-01 12:51:20.152326,Mansarovar,515.3,4.24,0.138
2026-09-01 13:51:20.152326,Mansarovar,516.6,4.56,0.179
2026-09-01 14:51:20.152326,Mansarovar,529.8,4.45,0.134
2026-09-01 15:51:20.152326,Mansarovar,448.7,4.29,0.034
2026-09-01 16:51:20.152326,Mansarovar,515.4,4.27,0.127
2026-09-01 17:51:20.152326,Mansarovar,500.3,4.86,0.197
2026-09-01 18:51:20.152326,Mansarovar,649.8,5.19,0.056
2026-09-01 19:51:20.152326,Mansarovar,585.8,4.54,0.189
2026-09-01 20:51:20.152326,Mansarovar,663.1,5.04,0.255
2026-09-01 21:51:20.152326,Mansarovar,669.4,4.49,0.509
2026-09-01 22:51:20.152326,Mansarovar,433.6,4.49,0.018
2026-09-01 23:51:20.152326,Mansarovar,573.0,4.18,0.025
2026-09-02 00:51:20.152326,Mansarovar,524.9,4.94,0.01
2026-09-02 01:51:20.152326,Mansarovar,584.2,4.49,0.099
2026-09-02 02:51:20.152326,Mansarovar,516.2,4.49,0.05
2026-09-02 03:51:20.152326,Mansarovar,489.5,4.59,0.027
2026-09-02 04:51:20.152326,Mansarovar,515.4,4.35,0.131
2026-09-02 05:51:20.152326,Mansarovar,473.1,4.8,0.239
2026-09-02 06:51:20.152326,Mansarovar,669.5,3.93,0.415
2026-09-02 07:51:20.152326,Mansarovar,727.4,4.5,0.246
2026-09-02 08:51:20.152326,Mansarovar,683.4,4.74,0.045
2026-09-02 09:51:20.152326,Mansarovar,695.7,3.79,0.09
2026-09-02 10:51:20.152326,Mansarovar,526.0,4.43,0.028
2026-09-02 11:51:20.152326,Mansarovar,454.9,5.16,0.19
2026-09-02 12:51:20.152326,Mansarovar,564.5,4.29,0.061
2026-09-02 13:51:20.152326,Mansarovar,556.5,4.17,0.169
2026-09-02 14:51:20.152326,Mansarovar,521.2,4.57,0.307
2026-09-02 15:51:20.152326,Mansarovar,460.4,4.06,0.095
2026-09-02 16:51:20.152326,Mansarovar,513.4,4.24,0.293
2026-09-02 17:51:20.152326,Mansarovar,461.9,4.43,0.38
2026-09-02 18:51:20.152326,Mansarovar,667.4,4.73,0.172
2026-09-02 19:51:20.152326,Mansarovar,700.3,4.61,0.119
2026-09-02 20:51:20.152326,Mansarovar,661.4,4.78,0.057
2026-09-02 21:51:20.152326,Mansarovar,635.4,4.68,0.065
2026-09-02 22:51:20.152326,Mansarovar,530.4,4.47,0.121
2026-09-02 23:51:20.152326,Mansarovar,517.2,4.58,0.192
2026-09-03 00:51:20.152326,Mansarovar,380.7,4.49,0.043
2026-09-03 01:51:20.152326,Mansarovar,473.0,4.94,0.422
2026-09-03 02:51:20.152326,Mansarovar,509.4,4.72,0.136
2026-09-03 03:51:20.152326,Mansarovar,519.1,4.35,0.189
2026-09-03 04:51:20.152326,Mansarovar,502.2,4.41,0.445
2026-09-03 05:51:20.152326,Mansarovar,494.3,4.54,0.077
2026-09-03 06:51:20.152326,Mansarovar,631.8,4.11,0.273
2026-09-03 07:51:20.152326,Mansarovar,738.8,4.23,0.274
2026-09-03 08:51:20.152326,Mansarovar,662.3,4.39,0.374
2026-09-03 09:51:20.152326,Mansarovar,626.0,4.78,0.143
2026-09-03 10:51:20.152326,Mansarovar,520.8,4.96,0.124
2026-09-03 11:51:20.152326,Mansarovar,551.3,4.4,0.074
2026-09-03 12:51:20.152326,Mansarovar,488.4,4.35,0.032
2026-09-03 13:51:20.152326,Mansarovar,539.1,4.26,0.104
2026-09-03 14:51:20.152326,Mansarovar,561.3,4.34,0.175
2026-09-03 15:51:20.152326,Mansarovar,449.4,4.36,0.061
2026-09-03 16:51:20.152326,Mansarovar,473.5,4.49,0.057
2026-09-03 17:51:20.152326,Mansarovar,457.3,4.53,0.035
2026-09-03 18:51:20.152326,Mansarovar,666.8,4.57,0.042
2026-09-03 19:51:20.152326,Mansarovar,629.5,4.19,0.265
2026-09-03 20:51:20.152326,Mansarovar,639.4,4.5,0.206
2026-09-03 21:51:20.152326,Mansarovar,607.8,4.07,0.107
2026-09-03 22:51:20.152326,Mansarovar,452.9,4.75,0.375
2026-09-03 23:51:20.152326,Mansarovar,459.5,4.28,0.409
2026-09-04 00:51:20.152326,Mansarovar,483.6,5.08,0.089
2026-09-04 01:51:20.152326,Mansarovar,492.1,3.66,0.164
2026-09-04 02:51:20.152326,Mansarovar,413.6,4.36,0.128
2026-09-04 03:51:20.152326,Mansarovar,558.2,4.41,0.383
2026-09-04 04:51:20.152326,Mansarovar,555.3,4.54,0.263
2026-09-04 05:51:20.152326,Mansarovar,533.5,4.43,0.007
2026-09-04 06:51:20.152326,Mansarovar,727.3,4.82,0.063
2026-09-04 07:51:20.152326,Mansarovar,714.5,4.44,0.329
2026-09-04 08:51:20.152326,Mansarovar,643.9,4.56,0.02
2026-09-04 09:51:20.152326,Mansarovar,707.4,4.15,0.217
2026-09-04 10:51:20.152326,Mansarovar,521.0,4.44,0.112
2026-09-04 11:51:20.152326,Mansarovar,502.7,4.34,0.551
2026-09-04 12:51:20.152326,Mansarovar,495.0,4.35,0.114
2026-09-04 13:51:20.152326,Mansarovar,472.6,4.57,0.143
2026-09-04 14:51:20.152326,Mansarovar,506.3,4.2,0.308
2026-09-04 15:51:20.152326,Mansarovar,486.8,4.47,0.221
2026-09-04 16:51:20.152326,Mansarovar,454.0,4.84,0.342
2026-09-04 17:51:20.152326,Mansarovar,484.8,4.87,0.238
2026-09-04 18:51:20.152326,Mansarovar,691.5,5.0,0.184
2026-09-04 19:51:20.152326,Mansarovar,632.8,4.58,0.083
2026-09-04 20:51:20.152326,Mansarovar,663.1,4.27,0.053
2026-09-04 21:51:20.152326,Mansarovar,687.6,4.67,0.096
2026-09-04 22:51:20.152326,Mansarovar,480.7,4.78,0.073
2026-09-04 23:51:20.152326,Mansarovar,432.4,4.42,0.086
2026-09-05 00:51:20.152326,Mansarovar,500.3,4.42,0.538
2026-09-05 01:51:20.152326,Mansarovar,431.5,4.46,0.087
2026-09-05 02:51:20.152326,Mansarovar,547.3,4.16,0.124
2026-09-05 03:51:20.152326,Mansarovar,503.3,4.62,0.266
2026-09-05 04:51:20.152326,Mansarovar,479.8,4.42,0.352
2026-09-05 05:51:20.152326,Mansarovar,478.6,4.69,0.166
2026-09-05 06:51:20.152326,Mansarovar,705.4,4.44,0.054
2026-09-05 07:51:20.152326,Mansarovar,666.0,3.84,0.223
2026-09-05 08:51:20.152326,Mansarovar,682.7,4.51,0.111
2026-09-05 09:51:20.152326,Mansarovar,648.9,5.14,0.218
2026-09-05 10:51:20.152326,Mansarovar,525.6,4.85,0.198
2026-09-05 11:51:20.152326,Mansarovar,466.0,3.96,0.162
2026-09-05 12:51:20.152326,Mansarovar,526.2,4.47,0.147
2026-09-05 13:51:20.152326,Mansarovar,546.8,4.43,0.258
2026-09-05 14:51:20.152326,Mansarovar,483.6,4.72,0.016
2026-09-05 15:51:20.152326,Mansarovar,498.6,4.53,0.217
2026-09-05 16:51:20.152326,Mansarovar,532.9,4.6,0.216
2026-09-05 17:51:20.152326,Mansarovar,485.6,4.06,0.116
2026-09-05 18:51:20.152326,Mansarovar,658.1,3.97,0.029
2026-09-05 19:51:20.152326,Mansarovar,582.1,4.13,0.259
2026-09-05 20:51:20.152326,Mansarovar,634.8,4.89,0.091
2026-09-05 21:51:20.152326,Mansarovar,691.1,4.78,0.175
2026-09-05 22:51:20.152326,Mansarovar,501.3,4.86,0.284
2026-09-05 23:51:20.152326,Mansarovar,460.6,4.98,0.084
2026-09-06 00:51:20.152326,Mansarovar,448.8,5.03,0.085
2026-09-06 01:51:20.152326,Mansarovar,480.5,5.09,0.25
2026-09-06 02:51:20.152326,Mansarovar,468.6,4.51,0.19
2026-09-06 03:51:20.152326,Mansarovar,540.7,4.26,0.311
2026-09-06 04:51:20.152326,Mansarovar,455.1,4.66,0.099
2026-09-06 05:51:20.152326,Mansarovar,511.4,4.24,0.356
2026-09-06 06:51:20.152326,Mansarovar,817.0,4.0,0.086
2026-09-06 07:51:20.152326,Mansarovar,759.4,4.28,0.152
2026-09-06 08:51:20.152326,Mansarovar,680.4,4.39,0.069
2026-09-06 09:51:20.152326,Mansarovar,736.8,4.3,0.138
2026-09-06 10:51:20.152326,Mansarovar,530.9,4.53,0.252
2026-09-06 11:51:20.152326,Mansarovar,486.1,4.6,0.207
2026-09-06 12:51:20.152326,Mansarovar,484.5,4.34,0.201
2026-09-06 13:51:20.152326,Mansarovar,449.3,4.8,0.187
2026-09-06 14:51:20.152326,Mansarovar,522.6,4.64,0.193
2026-09-06 15:51:20.152326,Mansarovar,473.0,4.73,0.168
2026-09-06 16:51:20.152326,Mansarovar,439.1,4.88,0.117
2026-09-06 17:51:20.152326,Mansarovar,500.9,4.58,0.063
2026-09-06 18:51:20.152326,Mansarovar,627.5,4.33,0.058
2026-09-06 19:51:20.152326,Mansarovar,613.9,4.3,0.092
2026-09-06 20:51:20.152326,Mansarovar,581.1,4.37,0.095
2026-09-06 21:51:20.152326,Mansarovar,648.2,4.97,0.172
2026-09-06 22:51:20.152326,Mansarovar,500.7,4.58,0.017
2026-09-06 23:51:20.152326,Mansarovar,528.5,4.4,0.187
2026-09-07 00:51:20.152326,Mansarovar,523.1,4.34,0.111
2026-09-07 01:51:20.152326,Mansarovar,531.2,4.58,0.096
2026-09-07 02:51:20.152326,Mansarovar,520.2,4.16,0.158
2026-09-07 03:51:20.152326,Mansarovar,500.6,4.46,0.172
2026-09-07 04:51:20.152326,Mansarovar,477.8,4.36,0.27
2026-09-07 05:51:20.152326,Mansarovar,466.7,4.8,0.227
2026-09-07 06:51:20.152326,Mansarovar,709.9,4.64,0.206
2026-09-07 07:51:20.152326,Mansarovar,654.6,4.2,0.177
2026-09-07 08:51:20.152326,Mansarovar,744.3,4.42,0.036
2026-09-07 09:51:20.152326,Mansarovar,681.5,4.17,0.303
2026-09-07 10:51:20.152326,Mansarovar,461.1,4.34,0.203
2026-09-07 11:51:20.152326,Mansarovar,540.2,4.63,0.201
2026-09-07 12:51:20.152326,Mansarovar,554.5,4.67,0.038
2026-09-07 13:51:20.152326,Mansarovar,491.2,4.39,0.063
2026-09-07 14:51:20.152326,Mansarovar,472.0,4.61,0.053
2026-09-07 15:51:20.152326,Mansarovar,551.6,4.89,0.078
2026-09-07 16:51:20.152326,Mansarovar,450.6,4.28,0.064
2026-09-07 17:51:20.152326,Mansarovar,515.8,4.64,0.105
2026-09-07 18:51:20.152326,Mansarovar,640.6,4.86,0.007
2026-09-07 19:51:20.152326,Mansarovar,657.0,4.83,0.073
2026-09-07 20:51:20.152326,Mansarovar,673.6,4.42,0.073
2026-09-07 21:51:20.152326,Mansarovar,589.9,4.63,0.372
2026-09-07 22:51:20.152326,Mansarovar,483.9,4.46,0.113
2026-09-07 23:51:20.152326,Mansarovar,497.3,4.92,0.04
2026-09-08 00:51:20.152326,Mansarovar,540.6,4.23,0.08
2026-09-08 01:51:20.152326,Mansarovar,507.5,4.58,0.408
2026-09-08 02:51:20.152326,Mansarovar,488.2,4.96,0.073
2026-09-08 03:51:20.152326,Mansarovar,491.0,4.13,0.129
2026-09-08 04:51:20.152326,Mansarovar,513.1,4.12,0.179
2026-09-08 05:51:20.152326,Mansarovar,592.5,4.84,0.244
2026-09-08 06:51:20.152326,Mansarovar,682.8,4.86,0.025
2026-09-08 07:51:20.152326,Mansarovar,735.9,4.42,0.224
2026-09-08 08:51:20.152326,Mansarovar,809.2,4.46,0.086
2026-09-08 09:51:20.152326,Mansarovar,739.5,5.18,0.206
2026-09-08 10:51:20.152326,Mansarovar,456.8,4.67,0.321
2026-09-08 11:51:20.152326,Mansarovar,506.2,4.84,0.144
2026-09-08 12:51:20.152326,Mansarovar,513.5,4.33,0.152
2026-09-08 13:51:20.152326,Mansarovar,529.0,4.82,0.136
2026-09-08 14:51:20.152326,Mansarovar,455.3,4.62,0.191
2026-09-08 15:51:20.152326,Mansarovar,517.3,4.33,0.122
2026-09-08 16:51:20.152326,Mansarovar,552.3,4.7,0.379
2026-09-08 17:51:20.152326,Mansarovar,476.1,4.74,0.155
2026-09-08 18:51:20.152326,Mansarovar,650.6,4.41,0.091
2026-09-08 19:51:20.152326,Mansarovar,643.5,4.25,0.023
2026-09-08 20:51:20.152326,Mansarovar,785.7,4.4,0.235
2026-09-08 21:51:20.152326,Mansarovar,628.9,4.34,0.218
2026-09-08 22:51:20.152326,Mansarovar,512.1,4.58,0.02
2026-09-08 23:51:20.152326,Mansarovar,465.2,4.22,0.057
2026-09-09 00:51:20.152326,Mansarovar,550.5,5.14,0.243
2026-09-09 01:51:20.152326,Mansarovar,535.2,5.14,0.229
2026-09-09 02:51:20.152326,Mansarovar,508.6,4.02,0.109
2026-09-09 03:51:20.152326,Mansarovar,544.4,4.61,0.114
2026-09-09 04:51:20.152326,Mansarovar,515.0,5.03,0.356
2026-09-09 05:51:20.152326,Mansarovar,500.6,4.38,0.135
2026-09-09 06:51:20.152326,Mansarovar,732.5,4.04,0.176
2026-09-09 07:51:20.152326,Mansarovar,726.0,4.47,0.077
2026-09-09 08:51:20.152326,Mansarovar,719.1,4.91,0.154
2026-09-09 09:51:20.152326,Mansarovar,704.2,4.53,0.205
2026-09-09 10:51:20.152326,Mansarovar,558.8,4.72,0.112
2026-09-09 11:51:20.152326,Mansarovar,468.2,5.18,0.129
2026-09-09 12:51:20.152326,Mansarovar,534.3,4.0,0.275
2026-09-09 13:51:20.152326,Mansarovar,558.3,4.34,0.312
2026-09-09 14:51:20.152326,Mansarovar,551.0,4.24,0.019
2026-09-09 15:51:20.152326,Mansarovar,502.4,4.15,0.24
2026-09-09 16:51:20.152326,Mansarovar,512.3,4.48,0.148
2026-09-09 17:51:20.152326,Mansarovar,493.3,4.49,0.11
2026-09-09 18:51:20.152326,Mansarovar,595.5,4.47,0.101
2026-09-09 19:51:20.152326,Mansarovar,746.5,4.72,0.223
2026-09-09 20:51:20.152326,Mansarovar,679.5,4.38,0.048
2026-09-09 21:51:20.152326,Mansarovar,640.0,4.36,0.399
2026-09-09 22:51:20.152326,Mansarovar,480.1,4.38,0.18
2026-09-09 23:51:20.152326,Mansarovar,474.0,3.9,0.041
2026-09-10 00:51:20.152326,Mansarovar,487.8,4.99,0.052
2026-09-10 01:51:20.152326,Mansarovar,434.4,4.72,0.148
2026-09-10 02:51:20.152326,Mansarovar,479.3,5.13,0.318
2026-09-10 03:51:20.152326,Mansarovar,504.2,4.6,0.041
2026-09-10 04:51:20.152326,Mansarovar,554.4,4.21,0.105
2026-09-10 05:51:20.152326,Mansarovar,481.2,4.64,0.06
2026-09-10 06:51:20.152326,Mansarovar,776.2,4.18,0.571
2026-09-10 07:51:20.152326,Mansarovar,665.6,4.6,0.027
2026-09-10 08:51:20.152326,Mansarovar,721.7,4.54,0.091
2026-09-10 09:51:20.152326,Mansarovar,689.7,4.34,0.175
2026-09-10 10:51:20.152326,Mansarovar,499.2,5.02,0.21
2026-09-10 11:51:20.152326,Mansarovar,461.2,5.34,0.255
2026-09-10 12:51:20.152326,Mansarovar,511.7,4.48,0.069
2026-09-10 13:51:20.152326,Mansarovar,518.0,3.98,0.036
2026-09-10 14:51:20.152326,Mansarovar,486.9,4.35,0.075
2026-09-10 15:51:20.152326,Mansarovar,499.1,4.53,0.153
2026-09-10 16:51:20.152326,Mansarovar,472.0,4.63,0.075
2026-09-10 17:51:20.152326,Mansarovar,497.5,4.52,0.061
2026-09-10 18:51:20.152326,Mansarovar,645.3,4.55,0.126
2026-09-10 19:51:20.152326,Mansarovar,675.0,5.24,0.095
2026-09-10 20:51:20.152326,Mansarovar,740.5,5.14,0.041
2026-09-10 21:51:20.152326,Mansarovar,628.0,4.18,0.031
2026-09-10 22:51:20.152326,Mansarovar,530.6,4.23,0.175
2026-09-10 23:51:20.152326,Mansarovar,526.4,3.9,0.238
2026-09-11 00:51:20.152326,Mansarovar,525.5,4.82,0.234
2026-09-11 01:51:20.152326,Mansarovar,449.8,4.15,0.07
2026-09-11 02:51:20.152326,Mansarovar,481.1,5.33,0.233
2026-09-11 03:51:20.152326,Mansarovar,477.7,4.56,0.122
2026-09-11 04:51:20.152326,Mansarovar,524.7,4.1,0.084
2026-09-11 05:51:20.152326,Mansarovar,497.6,4.42,0.12
2026-09-11 06:51:20.152326,Mansarovar,696.7,4.63,0.108
2026-09-11 07:51:20.152326,Mansarovar,704.4,4.84,0.121
2026-09-11 08:51:20.152326,Mansarovar,761.3,4.35,0.008
2026-09-11 09:51:20.152326,Mansarovar,662.9,4.59,0.131
2026-09-11 10:51:20.152326,Mansarovar,487.1,4.91,0.02
2026-09-11 11:51:20.152326,Mansarovar,495.3,4.65,0.246
2026-09-11 12:51:20.152326,Mansarovar,477.0,4.66,0.093
2026-09-11 13:51:20.152326,Mansarovar,486.1,5.03,0.077
2026-09-11 14:51:20.152326,Mansarovar,466.1,5.19,0.094
2026-09-11 15:51:20.152326,Mansarovar,543.2,4.95,0.026
2026-09-11 16:51:20.152326,Mansarovar,485.6,4.73,0.026
2026-09-11 17:51:20.152326,Mansarovar,488.3,4.65,0.029
2026-09-11 18:51:20.152326,Mansarovar,659.2,4.36,0.087
2026-09-11 19:51:20.152326,Mansarovar,691.3,4.32,0.042
2026-09-11 20:51:20.152326,Mansarovar,675.8,3.81,0.058
2026-09-11 21:51:20.152326,Mansarovar,629.4,4.64,0.069
2026-09-11 22:51:20.152326,Mansarovar,531.1,4.23,0.196
2026-09-11 23:51:20.152326,Mansarovar,472.3,4.4,0.026
2026-09-12 00:51:20.152326,Mansarovar,551.3,4.75,0.072
2026-09-12 01:51:20.152326,Mansarovar,536.7,4.62,0.13
2026-09-12 02:51:20.152326,Mansarovar,533.1,4.21,0.019
2026-09-12 03:51:20.152326,Mansarovar,479.0,4.96,0.182
2026-09-12 04:51:20.152326,Mansarovar,499.3,4.5,0.091
2026-09-12 05:51:20.152326,Mansarovar,490.1,4.23,0.275
2026-09-12 06:51:20.152326,Mansarovar,678.0,4.45,0.312
2026-09-12 07:51:20.152326,Mansarovar,668.2,4.78,0.131
2026-09-12 08:51:20.152326,Mansarovar,753.3,4.79,0.388
2026-09-12 09:51:20.152326,Mansarovar,654.9,4.36,0.293
2026-09-12 10:51:20.152326,Mansarovar,452.4,4.5,0.069
2026-09-12 11:51:20.152326,Mansarovar,532.3,4.57,0.11
2026-09-12 12:51:20.152326,Mansarovar,538.5,4.79,0.129
2026-09-12 13:51:20.152326,Mansarovar,526.4,4.64,0.046
2026-09-12 14:51:20.152326,Mansarovar,494.1,4.55,0.039
2026-09-12 15:51:20.152326,Mansarovar,530.3,4.49,0.2
2026-09-12 16:51:20.152326,Mansarovar,510.7,4.45,0.057
2026-09-12 17:51:20.152326,Mansarovar,444.5,4.7,0.019
2026-09-12 18:51:20.152326,Mansarovar,676.0,4.05,0.057
2026-09-12 19:51:20.152326,Mansarovar,634.2,3.98,0.012
2026-09-12 20:51:20.152326,Mansarovar,624.6,4.13,0.088
2026-09-12 21:51:20.152326,Mansarovar,692.1,4.34,0.128
2026-09-12 22:51:20.152326,Mansarovar,494.1,4.91,0.014
2026-09-12 23:51:20.152326,Mansarovar,574.6,4.81,0.128
2026-09-13 00:51:20.152326,Mansarovar,468.5,4.38,0.295
2026-09-13 01:51:20.152326,Mansarovar,515.8,4.33,0.142
2026-09-13 02:51:20.152326,Mansarovar,480.1,4.25,0.057
2026-09-13 03:51:20.152326,Mansarovar,498.5,4.63,0.16
2026-09-13 04:51:20.152326,Mansarovar,527.0,3.93,0.299
2026-09-13 05:51:20.152326,Mansarovar,514.2,4.39,0.161
2026-09-13 06:51:20.152326,Mansarovar,736.6,4.12,0.31
2026-09-13 07:51:20.152326,Mansarovar,690.1,3.94,0.043
2026-09-13 08:51:20.152326,Mansarovar,823.1,4.49,0.11
2026-09-13 09:51:20.152326,Mansarovar,720.3,4.84,0.302
2026-09-13 10:51:20.152326,Mansarovar,541.8,4.55,0.081
2026-09-13 11:51:20.152326,Mansarovar,433.6,4.39,0.03
2026-09-13 12:51:20.152326,Mansarovar,565.1,4.55,0.03
2026-09-13 13:51:20.152326,Mansarovar,490.6,4.81,0.259
2026-09-13 14:51:20.152326,Mansarovar,489.5,3.96,0.07
2026-09-13 15:51:20.152326,Mansarovar,518.1,5.04,0.202
2026-09-13 16:51:20.152326,Mansarovar,491.7,4.72,0.342
2026-09-13 17:51:20.152326,Mansarovar,510.3,4.47,0.219
2026-09-13 18:51:20.152326,Mansarovar,625.7,4.52,0.204
2026-09-13 19:51:20.152326,Mansarovar,661.6,4.17,0.234
2026-09-13 20:51:20.152326,Mansarovar,626.8,4.39,0.041
2026-09-13 21:51:20.152326,Mansarovar,643.7,4.12,0.183
2026-09-13 22:51:20.152326,Mansarovar,486.0,4.5,0.539
2026-09-13 23:51:20.152326,Mansarovar,507.4,4.65,0.163
2026-09-14 00:51:20.152326,Mansarovar,579.8,4.93,0.046
2026-09-14 01:51:20.152326,Mansarovar,491.2,5.08,0.114
2026-09-14 02:51:20.152326,Mansarovar,464.0,4.55,0.217
2026-09-14 03:51:20.152326,Mansarovar,452.6,4.96,0.037
2026-09-14 04:51:20.152326,Mansarovar,505.9,4.89,0.05
2026-09-14 05:51:20.152326,Mansarovar,526.3,4.4,0.214
2026-09-14 06:51:20.152326,Mansarovar,701.6,4.26,0.147
2026-09-14 07:51:20.152326,Mansarovar,688.4,4.79,0.388
2026-09-14 08:51:20.152326,Mansarovar,705.9,4.26,0.26
2026-09-14 09:51:20.152326,Mansarovar,661.8,4.38,0.165
2026-09-14 10:51:20.152326,Mansarovar,463.7,4.38,0.383
2026-09-14 11:51:20.152326,Mansarovar,480.3,4.69,0.088
2026-09-14 12:51:20.152326,Mansarovar,529.5,4.61,0.209
2026-09-14 13:51:20.152326,Mansarovar,473.5,4.24,0.145
2026-09-14 14:51:20.152326,Mansarovar,519.1,4.91,0.103
2026-09-14 15:51:20.152326,Mansarovar,507.4,4.63,0.047
2026-09-14 16:51:20.152326,Mansarovar,544.6,4.77,0.244
2026-09-14 17:51:20.152326,Mansarovar,515.3,4.47,0.052
2026-09-14 18:51:20.152326,Mansarovar,597.7,4.32,0.327
2026-09-14 19:51:20.152326,Mansarovar,575.7,4.64,0.352
2026-09-14 20:51:20.152326,Mansarovar,651.8,4.66,0.204
2026-09-14 21:51:20.152326,Mansarovar,645.5,4.74,0.237
2026-09-14 22:51:20.152326,Mansarovar,519.3,5.12,0.238
2026-09-14 23:51:20.152326,Mansarovar,479.2,4.17,0.006
2026-09-15 00:51:20.152326,Mansarovar,460.9,4.12,0.039
2026-09-15 01:51:20.152326,Mansarovar,462.6,4.64,0.091
2026-09-15 02:51:20.152326,Mansarovar,524.4,4.38,0.142
2026-09-15 03:51:20.152326,Mansarovar,589.7,4.82,0.025
2026-09-15 04:51:20.152326,Mansarovar,501.5,4.19,0.106
2026-09-15 05:51:20.152326,Mansarovar,463.7,4.46,0.122
2026-09-15 06:51:20.152326,Mansarovar,717.4,4.46,0.108
2026-09-15 07:51:20.152326,Mansarovar,709.7,4.14,0.372
2026-09-15 08:51:20.152326,Mansarovar,678.9,4.2,0.261
2026-09-15 09:51:20.152326,Mansarovar,723.6,4.45,0.112
2026-09-15 10:51:20.152326,Mansarovar,521.3,4.75,0.038
2026-09-15 11:51:20.152326,Mansarovar,515.0,3.97,0.103
2026-09-15 12:51:20.152326,Mansarovar,500.1,4.52,0.022
2026-09-15 13:51:20.152326,Mansarovar,467.5,4.7,0.077
2026-09-15 14:51:20.152326,Mansarovar,492.7,4.34,0.171
2026-09-15 15:51:20.152326,Mansarovar,505.3,4.77,0.145
2026-09-15 16:51:20.152326,Mansarovar,452.6,5.04,0.021
2026-09-15 17:51:20.152326,Mansarovar,456.0,4.48,0.136
2026-09-15 18:51:20.152326,Mansarovar,575.2,5.02,0.015
2026-09-15 19:51:20.152326,Mansarovar,602.8,4.98,0.158
2026-09-15 20:51:20.152326,Mansarovar,652.1,4.49,0.415
2026-09-15 21:51:20.152326,Mansarovar,573.6,4.36,0.052
2026-09-15 22:51:20.152326,Mansarovar,539.4,4.35,0.406
2026-09-15 23:51:20.152326,Mansarovar,520.1,4.89,0.376
2026-09-16 00:51:20.152326,Mansarovar,513.6,4.42,0.112
2026-09-16 01:51:20.152326,Mansarovar,513.1,4.87,0.039
2026-09-16 02:51:20.152326,Mansarovar,504.3,4.72,0.076
2026-09-16 03:51:20.152326,Mansarovar,491.3,4.21,0.084
2026-09-16 04:51:20.152326,Mansarovar,460.2,4.63,0.367
2026-09-16 05:51:20.152326,Mansarovar,434.5,5.15,0.058
2026-09-16 06:51:20.152326,Mansarovar,635.2,4.76,0.203
2026-09-16 07:51:20.152326,Mansarovar,735.4,4.97,0.092
2026-09-16 08:51:20.152326,Mansarovar,727.6,4.52,0.357
2026-09-16 09:51:20.152326,Mansarovar,742.2,4.31,0.067
2026-09-16 10:51:20.152326,Mansarovar,548.5,4.05,0.179
2026-09-16 11:51:20.152326,Mansarovar,567.7,4.39,0.216
2026-09-16 12:51:20.152326,Mansarovar,541.6,4.27,0.091
2026-09-16 13:51:20.152326,Mansarovar,487.8,4.33,0.099
2026-09-16 14:51:20.152326,Mansarovar,441.6,4.52,0.25
2026-09-16 15:51:20.152326,Mansarovar,477.4,4.27,0.167
2026-09-16 16:51:20.152326,Mansarovar,540.3,4.84,0.186
2026-09-16 17:51:20.152326,Mansarovar,451.8,5.21,0.104
2026-09-16 18:51:20.152326,Mansarovar,663.2,4.55,0.059
2026-09-16 19:51:20.152326,Mansarovar,710.7,4.53,0.091
2026-09-16 20:51:20.152326,Mansarovar,600.2,4.58,0.129
2026-09-16 21:51:20.152326,Mansarovar,639.0,4.71,0.105
2026-09-16 22:51:20.152326,Mansarovar,480.6,4.29,0.348
2026-09-16 23:51:20.152326,Mansarovar,446.4,4.29,0.052
2026-09-17 00:51:20.152326,Mansarovar,544.3,4.56,0.353
2026-09-17 01:51:20.152326,Mansarovar,467.4,4.69,0.199
2026-09-17 02:51:20.152326,Mansarovar,471.0,4.52,0.142
2026-09-17 03:51:20.152326,Mansarovar,510.3,4.2,0.053
2026-09-17 04:51:20.152326,Mansarovar,471.5,4.28,0.084
2026-09-17 05:51:20.152326,Mansarovar,484.0,3.91,0.251
2026-09-17 06:51:20.152326,Mansarovar,705.7,4.42,0.19
2026-09-17 07:51:20.152326,Mansarovar,750.4,4.27,0.033
2026-09-17 08:51:20.152326,Mansarovar,759.9,4.73,0.131
2026-09-17 09:51:20.152326,Mansarovar,616.9,4.41,0.048
2026-09-17 10:51:20.152326,Mansarovar,528.7,4.51,0.133
2026-09-17 11:51:20.152326,Mansarovar,478.0,4.26,0.011
2026-09-17 12:51:20.152326,Mansarovar,540.4,4.2,0.3
2026-09-17 13:51:20.152326,Mansarovar,573.5,4.94,0.424
2026-09-17 14:51:20.152326,Mansarovar,507.4,4.2,0.115
2026-09-17 15:51:20.152326,Mansarovar,561.8,4.7,0.157
2026-09-17 16:51:20.152326,Mansarovar,562.8,4.5,0.107
2026-09-17 17:51:20.152326,Mansarovar,507.0,4.72,0.153
2026-09-17 18:51:20.152326,Mansarovar,609.9,4.26,0.164
2026-09-17 19:51:20.152326,Mansarovar,698.0,4.85,0.05
2026-09-17 20:51:20.152326,Mansarovar,723.3,4.66,0.261
2026-09-17 21:51:20.152326,Mansarovar,627.8,4.47,0.095
2026-09-17 22:51:20.152326,Mansarovar,398.6,4.19,0.261
2026-09-17 23:51:20.152326,Mansarovar,514.7,4.94,0.136
2026-09-18 00:51:20.152326,Mansarovar,529.4,4.94,0.148
2026-09-18 01:51:20.152326,Mansarovar,517.2,4.52,0.131
2026-09-18 02:51:20.152326,Mansarovar,499.6,4.8,0.22
2026-09-18 03:51:20.152326,Mansarovar,443.4,4.46,0.045
2026-09-18 04:51:20.152326,Mansarovar,533.9,4.58,0.192
2026-09-18 05:51:20.152326,Mansarovar,479.0,3.91,0.32
2026-09-18 06:51:20.152326,Mansarovar,739.1,4.71,0.063
2026-09-18 07:51:20.152326,Mansarovar,656.9,5.04,0.176
2026-09-18 08:51:20.152326,Mansarovar,679.7,4.91,0.245
2026-09-18 09:51:20.152326,Mansarovar,671.4,4.6,0.144
2026-09-18 10:51:20.152326,Mansarovar,476.5,4.71,0.118
2026-09-18 11:51:20.152326,Mansarovar,451.2,4.48,0.039
2026-09-18 12:51:20.152326,Mansarovar,473.3,4.69,0.162
2026-09-18 13:51:20.152326,Mansarovar,490.8,4.63,0.198
2026-09-18 14:51:20.152326,Mansarovar,496.9,4.56,0.078
2026-09-18 15:51:20.152326,Mansarovar,500.6,4.42,0.358
2026-09-18 16:51:20.152326,Mansarovar,512.2,4.66,0.261
2026-09-18 17:51:20.152326,Mansarovar,483.7,5.1,0.252
2026-09-18 18:51:20.152326,Mansarovar,666.5,3.84,0.271
2026-09-18 19:51:20.152326,Mansarovar,701.5,4.52,0.181
2026-09-18 20:51:20.152326,Mansarovar,595.1,5.15,0.178
2026-09-18 21:51:20.152326,Mansarovar,716.1,4.43,0.048
2026-09-18 22:51:20.152326,Mansarovar,550.2,4.74,0.046
2026-09-18 23:51:20.152326,Mansarovar,471.8,4.49,0.175
2026-09-19 00:51:20.152326,Mansarovar,529.4,4.76,0.413
2026-09-19 01:51:20.152326,Mansarovar,478.9,4.41,0.258
2026-09-19 02:51:20.152326,Mansarovar,530.3,4.52,0.054
2026-09-19 03:51:20.152326,Mansarovar,539.3,4.62,0.226
2026-09-19 04:51:20.152326,Mansarovar,526.2,4.0,0.242
2026-09-19 05:51:20.152326,Mansarovar,453.2,4.68,0.066
2026-09-19 06:51:20.152326,Mansarovar,724.2,4.04,0.201
2026-09-19 07:51:20.152326,Mansarovar,718.8,4.87,0.097
2026-09-19 08:51:20.152326,Mansarovar,665.0,4.48,0.098
2026-09-19 09:51:20.152326,Mansarovar,742.3,4.5,0.032
2026-09-19 10:51:20.152326,Mansarovar,476.7,4.54,0.011
2026-09-19 11:51:20.152326,Mansarovar,506.0,4.73,0.183
2026-09-19 12:51:20.152326,Mansarovar,476.0,4.76,0.163
2026-09-19 13:51:20.152326,Mansarovar,462.5,4.39,0.321
2026-09-19 14:51:20.152326,Mansarovar,529.7,4.62,0.303
2026-09-19 15:51:20.152326,Mansarovar,548.5,4.67,0.439
2026-09-19 16:51:20.152326,Mansarovar,507.6,4.72,0.033
2026-09-19 17:51:20.152326,Mansarovar,537.9,4.95,0.049
2026-09-19 18:51:20.152326,Mansarovar,625.0,4.95,0.175
2026-09-19 19:51:20.152326,Mansarovar,580.4,4.61,0.083
2026-09-19 20:51:20.152326,Mansarovar,667.5,4.57,0.101
2026-09-19 21:51:20.152326,Mansarovar,709.4,4.71,0.074
2026-09-19 22:51:20.152326,Mansarovar,493.5,4.3,0.125
2026-09-19 23:51:20.152326,Mansarovar,529.2,4.01,0.145
2026-09-20 00:51:20.152326,Mansarovar,489.6,4.59,0.07
2026-09-20 01:51:20.152326,Mansarovar,477.3,4.74,0.15
2026-09-20 02:51:20.152326,Mansarovar,450.8,3.73,0.243
2026-09-20 03:51:20.152326,Mansarovar,508.4,4.41,0.379
2026-09-20 04:51:20.152326,Mansarovar,581.6,4.15,0.087
2026-09-20 05:51:20.152326,Mansarovar,491.7,5.09,0.225
2026-09-20 06:51:20.152326,Mansarovar,707.0,4.33,0.084
2026-09-20 07:51:20.152326,Mansarovar,646.1,4.61,0.028
2026-09-20 08:51:20.152326,Mansarovar,730.5,3.87,0.04
2026-09-20 09:51:20.152326,Mansarovar,701.2,4.56,0.49
2026-09-20 10:51:20.152326,Mansarovar,472.8,4.38,0.627
2026-09-20 11:51:20.152326,Mansarovar,478.1,4.8,0.116
2026-09-20 12:51:20.152326,Mansarovar,442.3,4.69,0.109
2026-09-20 13:51:20.152326,Mansarovar,494.8,4.23,0.03
2026-09-20 14:51:20.152326,Mansarovar,466.6,4.71,0.113
2026-09-20 15:51:20.152326,Mansarovar,521.2,4.9,0.155
2026-09-20 16:51:20.152326,Mansarovar,510.0,4.54,0.212
2026-09-20 17:51:20.152326,Mansarovar,461.5,4.51,0.128
2026-09-20 18:51:20.152326,Mansarovar,641.9,4.16,0.069
2026-09-20 19:51:20.152326,Mansarovar,688.4,4.22,0.418
2026-09-20 20:51:20.152326,Mansarovar,663.8,4.36,0.249
2026-09-20 21:51:20.152326,Mansarovar,693.6,4.65,0.242
2026-09-20 22:51:20.152326,Mansarovar,434.9,4.77,0.082
2026-09-20 23:51:20.152326,Mansarovar,469.7,4.12,0.304
2026-09-21 00:51:20.152326,Mansarovar,537.2,4.31,0.067
2026-09-21 01:51:20.152326,Mansarovar,550.6,4.42,0.201
2026-09-21 02:51:20.152326,Mansarovar,497.1,4.59,0.301
2026-09-21 03:51:20.152326,Mansarovar,517.8,4.96,0.199
2026-09-21 04:51:20.152326,Mansarovar,427.5,4.68,0.059
2026-09-21 05:51:20.152326,Mansarovar,511.2,4.12,0.133
2026-09-21 06:51:20.152326,Mansarovar,660.5,4.89,0.183
2026-09-21 07:51:20.152326,Mansarovar,746.2,4.29,0.014
2026-09-21 08:51:20.152326,Mansarovar,730.4,4.65,0.204
2026-09-21 09:51:20.152326,Mansarovar,606.5,4.26,0.137
2026-09-21 10:51:20.152326,Mansarovar,511.0,4.35,0.126
2026-09-21 11:51:20.152326,Mansarovar,515.1,4.36,0.075
2026-09-21 12:51:20.152326,Mansarovar,456.4,4.5,0.095
2026-09-21 13:51:20.152326,Mansarovar,532.0,4.55,0.388
2026-09-21 14:51:20.152326,Mansarovar,486.6,4.24,0.18
2026-09-21 15:51:20.152326,Mansarovar,464.7,4.86,0.018
2026-09-21 16:51:20.152326,Mansarovar,475.3,4.97,0.152
2026-09-21 17:51:20.152326,Mansarovar,471.2,4.14,0.328
2026-09-21 18:51:20.152326,Mansarovar,677.8,4.42,0.091
2026-09-21 19:51:20.152326,Mansarovar,615.2,4.64,0.237
2026-09-21 20:51:20.152326,Mansarovar,612.7,4.69,0.113
2026-09-21 21:51:20.152326,Mansarovar,694.0,4.67,0.065
2026-09-21 22:51:20.152326,Mansarovar,529.9,4.34,0.16
2026-09-21 23:51:20.152326,Mansarovar,555.5,4.31,0.1
2026-09-22 00:51:20.152326,Mansarovar,512.8,4.74,0.116
2026-09-22 01:51:20.152326,Mansarovar,456.1,4.38,0.112
2026-09-22 02:51:20.152326,Mansarovar,451.7,4.05,0.079
2026-09-22 03:51:20.152326,Mansarovar,514.2,4.51,0.278
2026-09-22 04:51:20.152326,Mansarovar,521.9,4.35,0.184
2026-09-22 05:51:20.152326,Mansarovar,486.8,4.57,0.17
2026-09-22 06:51:20.152326,Mansarovar,710.0,4.04,0.389
2026-09-22 07:51:20.152326,Mansarovar,585.6,4.1,0.273
2026-09-22 08:51:20.152326,Mansarovar,720.3,5.09,0.054
2026-09-22 09:51:20.152326,Mansarovar,810.3,4.43,0.182
2026-09-22 10:51:20.152326,Mansarovar,490.3,4.25,0.246
2026-09-22 11:51:20.152326,Mansarovar,505.5,4.26,0.05
2026-09-22 12:51:20.152326,Mansarovar,474.6,4.37,0.044
2026-09-22 13:51:20.152326,Mansarovar,504.2,4.15,0.086
2026-09-22 14:51:20.152326,Mansarovar,508.7,4.36,0.024
2026-09-22 15:51:20.152326,Mansarovar,486.3,4.79,0.285
2026-09-22 16:51:20.152326,Mansarovar,433.5,4.3,0.448
2026-09-22 17:51:20.152326,Mansarovar,516.2,4.41,0.178
2026-09-22 18:51:20.152326,Mansarovar,660.5,4.55,0.206
2026-09-22 19:51:20.152326,Mansarovar,695.2,4.65,0.094
2026-09-22 20:51:20.152326,Mansarovar,683.2,4.29,0.214
2026-09-22 21:51:20.152326,Mansarovar,549.4,5.42,0.208
2026-09-22 22:51:20.152326,Mansarovar,486.7,4.99,0.042
2026-09-22 23:51:20.152326,Mansarovar,472.8,4.52,0.079
2026-09-23 00:51:20.152326,Mansarovar,451.4,4.59,0.249
2026-09-23 01:51:20.152326,Mansarovar,512.8,4.24,0.222
2026-09-23 02:51:20.152326,Mansarovar,494.9,4.49,0.035
2026-09-23 03:51:20.152326,Mansarovar,515.4,4.38,0.187
2026-09-23 04:51:20.152326,Mansarovar,481.0,4.69,0.047
2026-09-23 05:51:20.152326,Mansarovar,542.1,4.05,0.156
2026-09-23 06:51:20.152326,Mansarovar,715.3,4.04,0.037
2026-09-23 07:51:20.152326,Mansarovar,750.6,4.61,0.227
2026-09-23 08:51:20.152326,Mansarovar,681.0,4.32,0.03
2026-09-23 09:51:20.152326,Mansarovar,681.4,5.25,0.029
2026-09-23 10:51:20.152326,Mansarovar,497.4,4.39,0.127
2026-09-23 11:51:20.152326,Mansarovar,554.1,4.89,0.02
2026-09-23 12:51:20.152326,Mansarovar,493.9,4.16,0.178
2026-09-23 13:51:20.152326,Mansarovar,467.3,5.07,0.167
2026-09-23 14:51:20.152326,Mansarovar,498.9,4.91,0.173
2026-09-23 15:51:20.152326,Mansarovar,435.6,4.47,0.219
2026-09-23 16:51:20.152326,Mansarovar,507.9,4.65,0.051
2026-09-23 17:51:20.152326,Mansarovar,522.5,4.95,0.245
2026-09-23 18:51:20.152326,Mansarovar,603.5,4.86,0.222
2026-09-23 19:51:20.152326,Mansarovar,605.1,4.69,0.05
2026-09-23 20:51:20.152326,Mansarovar,669.7,4.6,0.167
2026-09-23 21:51:20.152326,Mansarovar,687.1,4.68,0.114
2026-09-23 22:51:20.152326,Mansarovar,534.0,3.69,0.336
2026-09-23 23:51:20.152326,Mansarovar,466.1,4.3,0.09
2026-09-24 00:51:20.152326,Mansarovar,490.4,4.39,0.187
2026-09-24 01:51:20.152326,Mansarovar,442.3,4.02,0.455
2026-09-24 02:51:20.152326,Mansarovar,487.7,4.09,0.415
2026-09-24 03:51:20.152326,Mansarovar,458.4,4.22,0.428
2026-09-24 04:51:20.152326,Mansarovar,568.6,4.98,0.066
2026-09-24 05:51:20.152326,Mansarovar,524.1,4.26,0.231
2026-09-24 06:51:20.152326,Mansarovar,788.8,4.85,0.128
2026-09-24 07:51:20.152326,Mansarovar,753.4,5.04,0.096
2026-09-24 08:51:20.152326,Mansarovar,774.2,4.09,0.49
2026-09-24 09:51:20.152326,Mansarovar,669.8,4.18,0.26
2026-09-24 10:51:20.152326,Mansarovar,447.4,4.11,0.255
2026-09-24 11:51:20.152326,Mansarovar,507.6,4.61,0.292
2026-09-24 12:51:20.152326,Mansarovar,454.5,4.37,0.075
2026-09-24 13:51:20.152326,Mansarovar,546.7,4.53,0.349
2026-09-24 14:51:20.152326,Mansarovar,487.7,4.85,0.124
2026-09-24 15:51:20.152326,Mansarovar,504.7,4.78,0.218
2026-09-24 16:51:20.152326,Mansarovar,529.0,4.42,0.305
2026-09-24 17:51:20.152326,Mansarovar,501.2,4.27,0.095
2026-09-24 18:51:20.152326,Mansarovar,648.4,4.24,0.155
2026-09-24 19:51:20.152326,Mansarovar,691.6,4.4,0.511
2026-09-24 20:51:20.152326,Mansarovar,610.4,4.12,0.003
2026-09-24 21:51:20.152326,Mansarovar,610.9,4.33,0.012
2026-06-26 22:51:20.152326,Malviya Nagar,850.2,4.93,0.194
2026-06-26 23:51:20.152326,Malviya Nagar,772.5,4.52,0.062
2026-06-27 00:51:20.152326,Malviya Nagar,771.1,4.25,0.372
2026-06-27 01:51:20.152326,Malviya Nagar,833.0,4.33,0.251
2026-06-27 02:51:20.152326,Malviya Nagar,809.2,4.8,0.083
2026-06-27 03:51:20.152326,Malviya Nagar,852.1,4.25,0.069
2026-06-27 04:51:20.152326,Malviya Nagar,729.2,4.74,0.203
2026-06-27 05:51:20.152326,Malviya Nagar,783.3,4.96,0.049
2026-06-27 06:51:20.152326,Malviya Nagar,1158.4,4.48,0.235
2026-06-27 07:51:20.152326,Malviya Nagar,1069.2,4.04,0.053
2026-06-27 08:51:20.152326,Malviya Nagar,994.9,4.87,0.137
2026-06-27 09:51:20.152326,Malviya Nagar,1116.9,4.24,0.177
2026-06-27 10:51:20.152326,Malviya Nagar,781.2,4.16,0.034
2026-06-27 11:51:20.152326,Malviya Nagar,868.3,5.14,0.246
2026-06-27 12:51:20.152326,Malviya Nagar,805.7,4.41,0.141
2026-06-27 13:51:20.152326,Malviya Nagar,784.2,4.85,0.014
2026-06-27 14:51:20.152326,Malviya Nagar,803.9,4.5,0.05
2026-06-27 15:51:20.152326,Malviya Nagar,754.5,4.66,0.233
2026-06-27 16:51:20.152326,Malviya Nagar,773.5,3.97,0.074
2026-06-27 17:51:20.152326,Malviya Nagar,818.6,5.06,0.057
2026-06-27 18:51:20.152326,Malviya Nagar,959.1,4.1,0.121
2026-06-27 19:51:20.152326,Malviya Nagar,1043.7,4.32,0.029
2026-06-27 20:51:20.152326,Malviya Nagar,1006.2,4.73,0.344
2026-06-27 21:51:20.152326,Malviya Nagar,1021.8,5.21,0.259
2026-06-27 22:51:20.152326,Malviya Nagar,715.6,4.13,0.004
2026-06-27 23:51:20.152326,Malviya Nagar,839.0,4.07,0.168
2026-06-28 00:51:20.152326,Malviya Nagar,738.9,4.67,0.529
2026-06-28 01:51:20.152326,Malviya Nagar,768.7,4.37,0.103
2026-06-28 02:51:20.152326,Malviya Nagar,802.0,4.93,0.111
2026-06-28 03:51:20.152326,Malviya Nagar,868.5,4.76,0.527
2026-06-28 04:51:20.152326,Malviya Nagar,804.2,5.07,0.02
2026-06-28 05:51:20.152326,Malviya Nagar,711.7,4.98,0.063
2026-06-28 06:51:20.152326,Malviya Nagar,1068.3,4.59,0.042
2026-06-28 07:51:20.152326,Malviya Nagar,1167.4,4.32,0.391
2026-06-28 08:51:20.152326,Malviya Nagar,1072.8,4.41,0.329
2026-06-28 09:51:20.152326,Malviya Nagar,1218.7,4.77,0.116
2026-06-28 10:51:20.152326,Malviya Nagar,761.1,4.73,0.089
2026-06-28 11:51:20.152326,Malviya Nagar,729.2,4.3,0.161
2026-06-28 12:51:20.152326,Malviya Nagar,776.9,4.37,0.069
2026-06-28 13:51:20.152326,Malviya Nagar,784.5,4.04,0.093
2026-06-28 14:51:20.152326,Malviya Nagar,859.5,4.64,0.465
2026-06-28 15:51:20.152326,Malviya Nagar,757.2,4.18,0.038
2026-06-28 16:51:20.152326,Malviya Nagar,749.5,4.54,0.318
2026-06-28 17:51:20.152326,Malviya Nagar,804.2,4.7,0.121
2026-06-28 18:51:20.152326,Malviya Nagar,1055.6,4.67,0.028
2026-06-28 19:51:20.152326,Malviya Nagar,1210.9,4.69,0.251
2026-06-28 20:51:20.152326,Malviya Nagar,1029.6,4.51,0.134
2026-06-28 21:51:20.152326,Malviya Nagar,1010.5,4.75,0.12
2026-06-28 22:51:20.152326,Malviya Nagar,743.7,4.58,0.068
2026-06-28 23:51:20.152326,Malviya Nagar,772.4,4.63,0.139
2026-06-29 00:51:20.152326,Malviya Nagar,818.3,4.39,0.113
2026-06-29 01:51:20.152326,Malviya Nagar,803.8,4.0,0.074
2026-06-29 02:51:20.152326,Malviya Nagar,799.4,4.52,0.294
2026-06-29 03:51:20.152326,Malviya Nagar,743.9,4.4,0.347
2026-06-29 04:51:20.152326,Malviya Nagar,855.1,3.72,0.041
2026-06-29 05:51:20.152326,Malviya Nagar,822.2,4.5,0.17
2026-06-29 06:51:20.152326,Malviya Nagar,1207.5,4.09,0.314
2026-06-29 07:51:20.152326,Malviya Nagar,1130.8,4.13,0.156
2026-06-29 08:51:20.152326,Malviya Nagar,1226.4,4.25,0.161
2026-06-29 09:51:20.152326,Malviya Nagar,1148.9,4.94,0.258
2026-06-29 10:51:20.152326,Malviya Nagar,798.3,4.54,0.101
2026-06-29 11:51:20.152326,Malviya Nagar,797.5,4.59,0.09
2026-06-29 12:51:20.152326,Malviya Nagar,893.5,4.84,0.13
2026-06-29 13:51:20.152326,Malviya Nagar,729.6,3.81,0.363
2026-06-29 14:51:20.152326,Malviya Nagar,790.8,3.76,0.285
2026-06-29 15:51:20.152326,Malviya Nagar,784.5,5.15,0.043
2026-06-29 16:51:20.152326,Malviya Nagar,705.5,4.64,0.032
2026-06-29 17:51:20.152326,Malviya Nagar,820.5,4.42,0.07
2026-06-29 18:51:20.152326,Malviya Nagar,1068.7,4.35,0.459
2026-06-29 19:51:20.152326,Malviya Nagar,1072.2,4.66,0.126
2026-06-29 20:51:20.152326,Malviya Nagar,945.2,4.8,0.139
2026-06-29 21:51:20.152326,Malviya Nagar,1049.0,4.77,0.48
2026-06-29 22:51:20.152326,Malviya Nagar,801.3,4.74,0.202
2026-06-29 23:51:20.152326,Malviya Nagar,874.8,4.61,0.31
2026-06-30 00:51:20.152326,Malviya Nagar,805.1,4.01,0.186
2026-06-30 01:51:20.152326,Malviya Nagar,886.5,4.68,0.358
2026-06-30 02:51:20.152326,Malviya Nagar,818.9,4.85,0.099
2026-06-30 03:51:20.152326,Malviya Nagar,762.8,4.87,0.126
2026-06-30 04:51:20.152326,Malviya Nagar,836.5,4.74,0.02
2026-06-30 05:51:20.152326,Malviya Nagar,801.2,4.55,0.184
2026-06-30 06:51:20.152326,Malviya Nagar,1136.6,4.54,0.175
2026-06-30 07:51:20.152326,Malviya Nagar,1047.5,4.71,0.124
2026-06-30 08:51:20.152326,Malviya Nagar,959.2,4.46,0.283
2026-06-30 09:51:20.152326,Malviya Nagar,1018.0,4.38,0.052
2026-06-30 10:51:20.152326,Malviya Nagar,815.6,4.6,0.119
2026-06-30 11:51:20.152326,Malviya Nagar,705.2,4.63,0.253
2026-06-30 12:51:20.152326,Malviya Nagar,864.7,4.83,0.123
2026-06-30 13:51:20.152326,Malviya Nagar,798.9,4.49,0.064
2026-06-30 14:51:20.152326,Malviya Nagar,745.3,5.12,0.165
2026-06-30 15:51:20.152326,Malviya Nagar,800.1,4.17,0.161
2026-06-30 16:51:20.152326,Malviya Nagar,783.2,4.1,0.09
2026-06-30 17:51:20.152326,Malviya Nagar,854.7,4.64,0.018
2026-06-30 18:51:20.152326,Malviya Nagar,996.1,4.54,0.136
2026-06-30 19:51:20.152326,Malviya Nagar,1028.8,5.12,0.274
2026-06-30 20:51:20.152326,Malviya Nagar,1023.7,4.9,0.048
2026-06-30 21:51:20.152326,Malviya Nagar,951.7,4.23,0.202
2026-06-30 22:51:20.152326,Malviya Nagar,783.2,4.3,0.275
2026-06-30 23:51:20.152326,Malviya Nagar,833.5,4.57,0.197
2026-07-01 00:51:20.152326,Malviya Nagar,860.7,4.65,0.039
2026-07-01 01:51:20.152326,Malviya Nagar,714.8,4.24,0.139
2026-07-01 02:51:20.152326,Malviya Nagar,767.2,3.98,0.167
2026-07-01 03:51:20.152326,Malviya Nagar,815.4,4.56,0.066
2026-07-01 04:51:20.152326,Malviya Nagar,771.6,4.48,0.028
2026-07-01 05:51:20.152326,Malviya Nagar,863.0,4.37,0.319
2026-07-01 06:51:20.152326,Malviya Nagar,1149.0,4.45,0.309
2026-07-01 07:51:20.152326,Malviya Nagar,1220.6,4.52,0.011
2026-07-01 08:51:20.152326,Malviya Nagar,1159.1,4.32,0.321
2026-07-01 09:51:20.152326,Malviya Nagar,1058.4,4.66,0.047
2026-07-01 10:51:20.152326,Malviya Nagar,774.9,4.75,0.026
2026-07-01 11:51:20.152326,Malviya Nagar,687.1,4.99,0.356
2026-07-01 12:51:20.152326,Malviya Nagar,812.9,4.25,0.05
2026-07-01 13:51:20.152326,Malviya Nagar,814.7,4.52,0.033
2026-07-01 14:51:20.152326,Malviya Nagar,780.8,4.36,0.071
2026-07-01 15:51:20.152326,Malviya Nagar,792.0,4.2,0.095
2026-07-01 16:51:20.152326,Malviya Nagar,812.8,4.0,0.067
2026-07-01 17:51:20.152326,Malviya Nagar,796.4,4.42,0.128
2026-07-01 18:51:20.152326,Malviya Nagar,1045.3,4.86,0.136
2026-07-01 19:51:20.152326,Malviya Nagar,1044.1,4.25,0.029
2026-07-01 20:51:20.152326,Malviya Nagar,991.9,4.55,0.148
2026-07-01 21:51:20.152326,Malviya Nagar,1152.9,4.74,0.098
2026-07-01 22:51:20.152326,Malviya Nagar,720.8,4.54,0.033
2026-07-01 23:51:20.152326,Malviya Nagar,791.0,4.15,0.127
2026-07-02 00:51:20.152326,Malviya Nagar,731.7,4.12,0.132
2026-07-02 01:51:20.152326,Malviya Nagar,815.2,4.96,0.284
2026-07-02 02:51:20.152326,Malviya Nagar,726.9,4.41,0.031
2026-07-02 03:51:20.152326,Malviya Nagar,696.3,4.12,0.034
2026-07-02 04:51:20.152326,Malviya Nagar,790.9,4.56,0.32
2026-07-02 05:51:20.152326,Malviya Nagar,876.4,4.45,0.058
2026-07-02 06:51:20.152326,Malviya Nagar,1111.4,3.97,0.137
2026-07-02 07:51:20.152326,Malviya Nagar,1213.9,4.53,0.0
2026-07-02 08:51:20.152326,Malviya Nagar,1083.2,4.05,0.162
2026-07-02 09:51:20.152326,Malviya Nagar,1197.1,4.33,0.078
2026-07-02 10:51:20.152326,Malviya Nagar,805.1,3.98,0.174
2026-07-02 11:51:20.152326,Malviya Nagar,797.5,4.68,0.092
2026-07-02 12:51:20.152326,Malviya Nagar,758.0,4.2,0.14
2026-07-02 13:51:20.152326,Malviya Nagar,652.9,4.51,0.159
2026-07-02 14:51:20.152326,Malviya Nagar,739.9,4.91,0.178
2026-07-02 15:51:20.152326,Malviya Nagar,863.4,4.11,0.03
2026-07-02 16:51:20.152326,Malviya Nagar,713.0,4.29,0.029
2026-07-02 17:51:20.152326,Malviya Nagar,711.6,4.05,0.049
2026-07-02 18:51:20.152326,Malviya Nagar,1131.2,5.33,0.073
2026-07-02 19:51:20.152326,Malviya Nagar,1040.4,5.0,0.097
2026-07-02 20:51:20.152326,Malviya Nagar,1159.7,4.51,0.182
2026-07-02 21:51:20.152326,Malviya Nagar,1117.8,3.92,0.11
2026-07-02 22:51:20.152326,Malviya Nagar,781.7,4.69,0.1
2026-07-02 23:51:20.152326,Malviya Nagar,820.6,4.66,0.184
2026-07-03 00:51:20.152326,Malviya Nagar,784.5,4.34,0.036
2026-07-03 01:51:20.152326,Malviya Nagar,719.9,3.63,0.156
2026-07-03 02:51:20.152326,Malviya Nagar,686.5,4.36,0.055
2026-07-03 03:51:20.152326,Malviya Nagar,755.0,4.17,0.246
2026-07-03 04:51:20.152326,Malviya Nagar,995.8,4.97,0.298
2026-07-03 05:51:20.152326,Malviya Nagar,811.2,4.63,0.268
2026-07-03 06:51:20.152326,Malviya Nagar,999.8,4.46,0.136
2026-07-03 07:51:20.152326,Malviya Nagar,1041.0,5.38,0.245
2026-07-03 08:51:20.152326,Malviya Nagar,1073.1,4.37,0.092
2026-07-03 09:51:20.152326,Malviya Nagar,1100.7,4.65,0.211
2026-07-03 10:51:20.152326,Malviya Nagar,869.3,4.71,0.08
2026-07-03 11:51:20.152326,Malviya Nagar,707.1,4.63,0.145
2026-07-03 12:51:20.152326,Malviya Nagar,847.9,4.51,0.243
2026-07-03 13:51:20.152326,Malviya Nagar,744.0,3.97,0.233
2026-07-03 14:51:20.152326,Malviya Nagar,799.6,4.45,0.134
2026-07-03 15:51:20.152326,Malviya Nagar,829.7,4.53,0.042
2026-07-03 16:51:20.152326,Malviya Nagar,838.6,4.36,0.043
2026-07-03 17:51:20.152326,Malviya Nagar,852.9,4.77,0.319
2026-07-03 18:51:20.152326,Malviya Nagar,954.8,4.91,0.137
2026-07-03 19:51:20.152326,Malviya Nagar,1121.8,4.57,0.026
2026-07-03 20:51:20.152326,Malviya Nagar,1145.8,4.48,0.063
2026-07-03 21:51:20.152326,Malviya Nagar,985.2,4.91,0.131
2026-07-03 22:51:20.152326,Malviya Nagar,806.0,4.69,0.179
2026-07-03 23:51:20.152326,Malviya Nagar,785.6,4.38,0.452
2026-07-04 00:51:20.152326,Malviya Nagar,892.5,4.17,0.24
2026-07-04 01:51:20.152326,Malviya Nagar,791.9,4.72,0.209
2026-07-04 02:51:20.152326,Malviya Nagar,862.7,4.14,0.248
2026-07-04 03:51:20.152326,Malviya Nagar,753.5,5.0,0.146
2026-07-04 04:51:20.152326,Malviya Nagar,782.8,4.4,0.057
2026-07-04 05:51:20.152326,Malviya Nagar,789.5,5.02,0.014
2026-07-04 06:51:20.152326,Malviya Nagar,1151.7,4.34,0.208
2026-07-04 07:51:20.152326,Malviya Nagar,1093.6,4.65,0.227
2026-07-04 08:51:20.152326,Malviya Nagar,1174.5,4.79,0.062
2026-07-04 09:51:20.152326,Malviya Nagar,1204.5,4.73,0.375
2026-07-04 10:51:20.152326,Malviya Nagar,774.3,4.23,0.123
2026-07-04 11:51:20.152326,Malviya Nagar,725.0,4.6,0.26
2026-07-04 12:51:20.152326,Malviya Nagar,794.2,4.2,0.1
2026-07-04 13:51:20.152326,Malviya Nagar,804.5,4.79,0.024
2026-07-04 14:51:20.152326,Malviya Nagar,825.9,4.16,0.286
2026-07-04 15:51:20.152326,Malviya Nagar,818.2,4.95,0.03
2026-07-04 16:51:20.152326,Malviya Nagar,883.3,4.54,0.074
2026-07-04 17:51:20.152326,Malviya Nagar,761.0,4.52,0.5
2026-07-04 18:51:20.152326,Malviya Nagar,974.3,4.73,0.202
2026-07-04 19:51:20.152326,Malviya Nagar,1037.2,4.09,0.236
2026-07-04 20:51:20.152326,Malviya Nagar,1160.1,4.43,0.021
2026-07-04 21:51:20.152326,Malviya Nagar,982.6,4.59,0.013
2026-07-04 22:51:20.152326,Malviya Nagar,780.0,4.53,0.053
2026-07-04 23:51:20.152326,Malviya Nagar,807.8,4.47,0.504
2026-07-05 00:51:20.152326,Malviya Nagar,772.6,4.83,0.377
2026-07-05 01:51:20.152326,Malviya Nagar,789.2,4.25,0.122
2026-07-05 02:51:20.152326,Malviya Nagar,832.0,4.43,0.364
2026-07-05 03:51:20.152326,Malviya Nagar,872.1,5.04,0.05
2026-07-05 04:51:20.152326,Malviya Nagar,748.7,4.32,0.164
2026-07-05 05:51:20.152326,Malviya Nagar,824.9,4.9,0.335
2026-07-05 06:51:20.152326,Malviya Nagar,1113.9,4.8,0.048
2026-07-05 07:51:20.152326,Malviya Nagar,1153.0,4.52,0.168
2026-07-05 08:51:20.152326,Malviya Nagar,1090.1,4.28,0.108
2026-07-05 09:51:20.152326,Malviya Nagar,1126.9,4.3,0.323
2026-07-05 10:51:20.152326,Malviya Nagar,695.5,4.55,0.378
2026-07-05 11:51:20.152326,Malviya Nagar,662.8,4.56,0.104
2026-07-05 12:51:20.152326,Malviya Nagar,766.1,4.63,0.248
2026-07-05 13:51:20.152326,Malviya Nagar,713.3,4.66,0.003
2026-07-05 14:51:20.152326,Malviya Nagar,810.5,4.26,0.082
2026-07-05 15:51:20.152326,Malviya Nagar,704.8,4.15,0.216
2026-07-05 16:51:20.152326,Malviya Nagar,829.9,4.46,0.127
2026-07-05 17:51:20.152326,Malviya Nagar,772.4,4.6,0.12
2026-07-05 18:51:20.152326,Malviya Nagar,1101.5,4.7,0.342
2026-07-05 19:51:20.152326,Malviya Nagar,1019.0,4.5,0.221
2026-07-05 20:51:20.152326,Malviya Nagar,938.5,3.84,0.296
2026-07-05 21:51:20.152326,Malviya Nagar,1011.0,4.49,0.338
2026-07-05 22:51:20.152326,Malviya Nagar,823.0,4.42,0.017
2026-07-05 23:51:20.152326,Malviya Nagar,785.4,4.47,0.0
2026-07-06 00:51:20.152326,Malviya Nagar,835.5,4.56,0.109
2026-07-06 01:51:20.152326,Malviya Nagar,762.6,4.19,0.034
2026-07-06 02:51:20.152326,Malviya Nagar,828.8,4.09,0.139
2026-07-06 03:51:20.152326,Malviya Nagar,763.4,4.74,0.146
2026-07-06 04:51:20.152326,Malviya Nagar,845.2,4.25,0.112
2026-07-06 05:51:20.152326,Malviya Nagar,812.3,5.04,0.41
2026-07-06 06:51:20.152326,Malviya Nagar,1226.5,5.06,0.039
2026-07-06 07:51:20.152326,Malviya Nagar,1229.9,4.91,0.225
2026-07-06 08:51:20.152326,Malviya Nagar,1047.2,4.62,0.166
2026-07-06 09:51:20.152326,Malviya Nagar,1072.3,4.43,0.056
2026-07-06 10:51:20.152326,Malviya Nagar,829.0,4.49,0.152
2026-07-06 11:51:20.152326,Malviya Nagar,888.0,4.28,0.104
2026-07-06 12:51:20.152326,Malviya Nagar,776.8,4.66,0.054
2026-07-06 13:51:20.152326,Malviya Nagar,782.4,4.41,0.218
2026-07-06 14:51:20.152326,Malviya Nagar,862.5,4.1,0.01
2026-07-06 15:51:20.152326,Malviya Nagar,820.1,4.31,0.24
2026-07-06 16:51:20.152326,Malviya Nagar,712.7,4.21,0.221
2026-07-06 17:51:20.152326,Malviya Nagar,858.5,4.57,0.123
2026-07-06 18:51:20.152326,Malviya Nagar,1114.5,4.26,0.111
2026-07-06 19:51:20.152326,Malviya Nagar,955.9,4.73,0.033
2026-07-06 20:51:20.152326,Malviya Nagar,980.2,4.16,0.478
2026-07-06 21:51:20.152326,Malviya Nagar,1041.7,4.36,0.367
2026-07-06 22:51:20.152326,Malviya Nagar,743.7,4.66,0.107
2026-07-06 23:51:20.152326,Malviya Nagar,826.5,4.1,0.404
2026-07-07 00:51:20.152326,Malviya Nagar,682.5,4.33,0.093
2026-07-07 01:51:20.152326,Malviya Nagar,795.9,4.19,0.027
2026-07-07 02:51:20.152326,Malviya Nagar,773.9,4.48,0.28
2026-07-07 03:51:20.152326,Malviya Nagar,872.4,5.06,0.142
2026-07-07 04:51:20.152326,Malviya Nagar,786.5,4.01,0.282
2026-07-07 05:51:20.152326,Malviya Nagar,849.4,4.51,0.155
2026-07-07 06:51:20.152326,Malviya Nagar,1142.2,4.33,0.088
2026-07-07 07:51:20.152326,Malviya Nagar,1124.5,4.18,0.084
2026-07-07 08:51:20.152326,Malviya Nagar,1144.2,4.45,0.037
2026-07-07 09:51:20.152326,Malviya Nagar,1097.7,4.61,0.186
2026-07-07 10:51:20.152326,Malviya Nagar,886.2,4.96,0.081
2026-07-07 11:51:20.152326,Malviya Nagar,871.7,4.41,0.268
2026-07-07 12:51:20.152326,Malviya Nagar,788.1,4.26,0.118
2026-07-07 13:51:20.152326,Malviya Nagar,785.1,4.72,0.379
2026-07-07 14:51:20.152326,Malviya Nagar,708.7,4.28,0.044
2026-07-07 15:51:20.152326,Malviya Nagar,806.7,4.73,0.03
2026-07-07 16:51:20.152326,Malviya Nagar,766.8,4.8,0.117
2026-07-07 17:51:20.152326,Malviya Nagar,781.3,4.62,0.083
2026-07-07 18:51:20.152326,Malviya Nagar,1000.8,5.2,0.016
2026-07-07 19:51:20.152326,Malviya Nagar,1156.9,4.39,0.135
2026-07-07 20:51:20.152326,Malviya Nagar,988.1,4.11,0.063
2026-07-07 21:51:20.152326,Malviya Nagar,962.1,5.1,0.078
2026-07-07 22:51:20.152326,Malviya Nagar,736.1,4.69,0.067
2026-07-07 23:51:20.152326,Malviya Nagar,790.7,4.42,0.098
2026-07-08 00:51:20.152326,Malviya Nagar,827.9,4.13,0.097
2026-07-08 01:51:20.152326,Malviya Nagar,815.5,4.18,0.211
2026-07-08 02:51:20.152326,Malviya Nagar,727.1,4.77,0.027
2026-07-08 03:51:20.152326,Malviya Nagar,797.4,4.95,0.257
2026-07-08 04:51:20.152326,Malviya Nagar,765.9,4.61,0.147
2026-07-08 05:51:20.152326,Malviya Nagar,792.0,4.73,0.13
2026-07-08 06:51:20.152326,Malviya Nagar,928.2,4.13,0.559
2026-07-08 07:51:20.152326,Malviya Nagar,1040.2,3.82,0.017
2026-07-08 08:51:20.152326,Malviya Nagar,1072.4,4.17,0.296
2026-07-08 09:51:20.152326,Malviya Nagar,1205.8,4.79,0.051
2026-07-08 10:51:20.152326,Malviya Nagar,785.9,4.47,0.212
2026-07-08 11:51:20.152326,Malviya Nagar,807.5,4.3,0.165
2026-07-08 12:51:20.152326,Malviya Nagar,821.6,4.76,0.396
2026-07-08 13:51:20.152326,Malviya Nagar,742.3,4.48,0.047
2026-07-08 14:51:20.152326,Malviya Nagar,794.6,4.42,0.282
2026-07-08 15:51:20.152326,Malviya Nagar,828.7,4.4,0.029
2026-07-08 16:51:20.152326,Malviya Nagar,794.5,4.58,0.393
2026-07-08 17:51:20.152326,Malviya Nagar,876.7,4.62,0.16
2026-07-08 18:51:20.152326,Malviya Nagar,1001.5,4.51,0.223
2026-07-08 19:51:20.152326,Malviya Nagar,1092.8,4.47,0.23
2026-07-08 20:51:20.152326,Malviya Nagar,1047.8,4.19,0.153
2026-07-08 21:51:20.152326,Malviya Nagar,1170.3,4.61,0.062
2026-07-08 22:51:20.152326,Malviya Nagar,827.5,4.47,0.431
2026-07-08 23:51:20.152326,Malviya Nagar,731.4,4.25,0.045
2026-07-09 00:51:20.152326,Malviya Nagar,750.7,4.3,0.22
2026-07-09 01:51:20.152326,Malviya Nagar,798.0,4.56,0.016
2026-07-09 02:51:20.152326,Malviya Nagar,785.3,4.69,0.396
2026-07-09 03:51:20.152326,Malviya Nagar,723.1,4.64,0.362
2026-07-09 04:51:20.152326,Malviya Nagar,830.9,4.36,0.054
2026-07-09 05:51:20.152326,Malviya Nagar,834.0,4.33,0.174
2026-07-09 06:51:20.152326,Malviya Nagar,1104.8,4.81,0.07
2026-07-09 07:51:20.152326,Malviya Nagar,1078.3,4.43,0.154
2026-07-09 08:51:20.152326,Malviya Nagar,1050.9,4.35,0.268
2026-07-09 09:51:20.152326,Malviya Nagar,1011.8,4.77,0.234
2026-07-09 10:51:20.152326,Malviya Nagar,765.2,4.96,0.469
2026-07-09 11:51:20.152326,Malviya Nagar,803.3,4.33,0.078
2026-07-09 12:51:20.152326,Malviya Nagar,803.1,4.08,0.17
2026-07-09 13:51:20.152326,Malviya Nagar,726.7,4.64,0.072
2026-07-09 14:51:20.152326,Malviya Nagar,836.0,4.33,0.173
2026-07-09 15:51:20.152326,Malviya Nagar,834.3,4.75,0.209
2026-07-09 16:51:20.152326,Malviya Nagar,887.5,4.43,0.224
2026-07-09 17:51:20.152326,Malviya Nagar,848.9,4.63,0.094
2026-07-09 18:51:20.152326,Malviya Nagar,1060.6,4.29,0.031
2026-07-09 19:51:20.152326,Malviya Nagar,1008.6,4.53,0.106
2026-07-09 20:51:20.152326,Malviya Nagar,1030.7,4.84,0.042
2026-07-09 21:51:20.152326,Malviya Nagar,965.7,4.63,0.064
2026-07-09 22:51:20.152326,Malviya Nagar,819.8,4.54,0.073
2026-07-09 23:51:20.152326,Malviya Nagar,780.9,4.35,0.242
2026-07-10 00:51:20.152326,Malviya Nagar,732.1,4.7,0.153
2026-07-10 01:51:20.152326,Malviya Nagar,760.4,4.68,0.255
2026-07-10 02:51:20.152326,Malviya Nagar,725.9,4.21,0.32
2026-07-10 03:51:20.152326,Malviya Nagar,834.3,3.89,0.13
2026-07-10 04:51:20.152326,Malviya Nagar,703.5,4.38,0.113
2026-07-10 05:51:20.152326,Malviya Nagar,889.6,4.36,0.088
2026-07-10 06:51:20.152326,Malviya Nagar,1269.8,4.6,0.083
2026-07-10 07:51:20.152326,Malviya Nagar,1140.2,4.47,0.157
2026-07-10 08:51:20.152326,Malviya Nagar,1099.8,4.85,0.04
2026-07-10 09:51:20.152326,Malviya Nagar,982.6,4.64,0.259
2026-07-10 10:51:20.152326,Malviya Nagar,785.5,4.97,0.143
2026-07-10 11:51:20.152326,Malviya Nagar,831.9,4.91,0.058
2026-07-10 12:51:20.152326,Malviya Nagar,761.2,4.84,0.161
2026-07-10 13:51:20.152326,Malviya Nagar,858.4,4.71,0.053
2026-07-10 14:51:20.152326,Malviya Nagar,809.2,4.51,0.094
2026-07-10 15:51:20.152326,Malviya Nagar,864.0,4.41,0.194
2026-07-10 16:51:20.152326,Malviya Nagar,848.0,4.69,0.462
2026-07-10 17:51:20.152326,Malviya Nagar,808.7,4.65,0.002
2026-07-10 18:51:20.152326,Malviya Nagar,1080.5,4.24,0.224
2026-07-10 19:51:20.152326,Malviya Nagar,899.9,4.67,0.223
2026-07-10 20:51:20.152326,Malviya Nagar,1153.4,4.35,0.097
2026-07-10 21:51:20.152326,Malviya Nagar,1158.0,4.44,0.091
2026-07-10 22:51:20.152326,Malviya Nagar,746.3,4.46,0.013
2026-07-10 23:51:20.152326,Malviya Nagar,741.7,5.09,0.103
2026-07-11 00:51:20.152326,Malviya Nagar,813.7,4.51,0.126
2026-07-11 01:51:20.152326,Malviya Nagar,794.3,4.26,0.086
2026-07-11 02:51:20.152326,Malviya Nagar,795.0,4.72,0.164
2026-07-11 03:51:20.152326,Malviya Nagar,876.9,4.69,0.098
2026-07-11 04:51:20.152326,Malviya Nagar,851.1,5.3,0.13
2026-07-11 05:51:20.152326,Malviya Nagar,765.3,4.43,0.307
2026-07-11 06:51:20.152326,Malviya Nagar,1107.1,4.68,0.05
2026-07-11 07:51:20.152326,Malviya Nagar,1152.0,4.19,0.437
2026-07-11 08:51:20.152326,Malviya Nagar,1020.4,4.26,0.066
2026-07-11 09:51:20.152326,Malviya Nagar,1105.2,4.62,0.39
2026-07-11 10:51:20.152326,Malviya Nagar,851.2,4.51,0.083
2026-07-11 11:51:20.152326,Malviya Nagar,793.3,4.53,0.246
2026-07-11 12:51:20.152326,Malviya Nagar,807.3,4.66,0.066
2026-07-11 13:51:20.152326,Malviya Nagar,784.0,4.55,0.096
2026-07-11 14:51:20.152326,Malviya Nagar,771.3,4.65,0.018
2026-07-11 15:51:20.152326,Malviya Nagar,834.7,4.63,0.076
2026-07-11 16:51:20.152326,Malviya Nagar,836.8,4.28,0.085
2026-07-11 17:51:20.152326,Malviya Nagar,775.6,4.01,0.171
2026-07-11 18:51:20.152326,Malviya Nagar,1148.6,4.57,0.102
2026-07-11 19:51:20.152326,Malviya Nagar,1058.2,4.35,0.072
2026-07-11 20:51:20.152326,Malviya Nagar,1111.7,4.92,0.044
2026-07-11 21:51:20.152326,Malviya Nagar,969.7,4.52,0.088
2026-07-11 22:51:20.152326,Malviya Nagar,927.7,4.93,0.245
2026-07-11 23:51:20.152326,Malviya Nagar,810.9,4.48,0.097
2026-07-12 00:51:20.152326,Malviya Nagar,852.6,4.42,0.05
2026-07-12 01:51:20.152326,Malviya Nagar,795.5,4.53,0.201
2026-07-12 02:51:20.152326,Malviya Nagar,832.0,4.29,0.072
2026-07-12 03:51:20.152326,Malviya Nagar,864.9,4.4,0.11
2026-07-12 04:51:20.152326,Malviya Nagar,827.5,4.49,0.23
2026-07-12 05:51:20.152326,Malviya Nagar,806.6,4.48,0.233
2026-07-12 06:51:20.152326,Malviya Nagar,1098.6,4.9,0.2
2026-07-12 07:51:20.152326,Malviya Nagar,1159.5,4.78,0.09
2026-07-12 08:51:20.152326,Malviya Nagar,1041.9,4.5,0.075
2026-07-12 09:51:20.152326,Malviya Nagar,1079.0,4.63,0.06
2026-07-12 10:51:20.152326,Malviya Nagar,700.3,4.33,0.229
2026-07-12 11:51:20.152326,Malviya Nagar,794.5,4.19,0.402
2026-07-12 12:51:20.152326,Malviya Nagar,795.6,5.19,0.098
2026-07-12 13:51:20.152326,Malviya Nagar,785.1,4.71,0.137
2026-07-12 14:51:20.152326,Malviya Nagar,754.2,4.44,0.306
2026-07-12 15:51:20.152326,Malviya Nagar,807.7,4.37,0.001
2026-07-12 16:51:20.152326,Malviya Nagar,905.2,4.07,0.065
2026-07-12 17:51:20.152326,Malviya Nagar,650.3,4.15,0.256
2026-07-12 18:51:20.152326,Malviya Nagar,1092.0,4.76,0.084
2026-07-12 19:51:20.152326,Malviya Nagar,1045.5,4.49,0.188
2026-07-12 20:51:20.152326,Malviya Nagar,1123.9,4.17,0.18
2026-07-12 21:51:20.152326,Malviya Nagar,995.4,4.69,0.06
2026-07-12 22:51:20.152326,Malviya Nagar,943.1,4.71,0.147
2026-07-12 23:51:20.152326,Malviya Nagar,835.2,4.29,0.251
2026-07-13 00:51:20.152326,Malviya Nagar,806.7,4.89,0.183
2026-07-13 01:51:20.152326,Malviya Nagar,794.1,4.38,0.086
2026-07-13 02:51:20.152326,Malviya Nagar,840.4,4.71,0.127
2026-07-13 03:51:20.152326,Malviya Nagar,756.9,4.29,0.122
2026-07-13 04:51:20.152326,Malviya Nagar,825.0,4.35,0.264
2026-07-13 05:51:20.152326,Malviya Nagar,844.0,4.81,0.13
2026-07-13 06:51:20.152326,Malviya Nagar,1048.9,4.15,0.05
2026-07-13 07:51:20.152326,Malviya Nagar,1123.4,4.64,0.171
2026-07-13 08:51:20.152326,Malviya Nagar,1292.0,4.3,0.229
2026-07-13 09:51:20.152326,Malviya Nagar,1132.1,4.35,0.284
2026-07-13 10:51:20.152326,Malviya Nagar,855.6,4.16,0.022
2026-07-13 11:51:20.152326,Malviya Nagar,781.8,4.55,0.174
2026-07-13 12:51:20.152326,Malviya Nagar,841.2,4.39,0.173
2026-07-13 13:51:20.152326,Malviya Nagar,776.0,4.39,0.123
2026-07-13 14:51:20.152326,Malviya Nagar,808.6,4.61,0.173
2026-07-13 15:51:20.152326,Malviya Nagar,746.4,4.47,0.237
2026-07-13 16:51:20.152326,Malviya Nagar,788.4,4.46,0.04
2026-07-13 17:51:20.152326,Malviya Nagar,772.6,4.79,0.122
2026-07-13 18:51:20.152326,Malviya Nagar,1071.3,4.31,0.153
2026-07-13 19:51:20.152326,Malviya Nagar,1062.7,4.63,0.034
2026-07-13 20:51:20.152326,Malviya Nagar,937.6,4.67,0.078
2026-07-13 21:51:20.152326,Malviya Nagar,1000.5,4.6,0.023
2026-07-13 22:51:20.152326,Malviya Nagar,913.9,4.34,0.067
2026-07-13 23:51:20.152326,Malviya Nagar,832.5,4.08,0.377
2026-07-14 00:51:20.152326,Malviya Nagar,727.6,4.81,0.139
2026-07-14 01:51:20.152326,Malviya Nagar,797.5,4.49,0.23
2026-07-14 02:51:20.152326,Malviya Nagar,811.5,4.79,0.112
2026-07-14 03:51:20.152326,Malviya Nagar,865.2,4.41,0.297
2026-07-14 04:51:20.152326,Malviya Nagar,823.1,4.69,0.175
2026-07-14 05:51:20.152326,Malviya Nagar,806.0,5.09,0.122
2026-07-14 06:51:20.152326,Malviya Nagar,1211.6,4.7,0.091
2026-07-14 07:51:20.152326,Malviya Nagar,998.3,4.13,0.023
2026-07-14 08:51:20.152326,Malviya Nagar,1241.5,4.62,0.087
2026-07-14 09:51:20.152326,Malviya Nagar,1120.0,4.91,0.505
2026-07-14 10:51:20.152326,Malviya Nagar,842.9,4.43,0.263
2026-07-14 11:51:20.152326,Malviya Nagar,968.0,4.83,0.03
2026-07-14 12:51:20.152326,Malviya Nagar,839.4,4.76,0.129
2026-07-14 13:51:20.152326,Malviya Nagar,907.9,4.76,0.126
2026-07-14 14:51:20.152326,Malviya Nagar,811.1,4.24,0.109
2026-07-14 15:51:20.152326,Malviya Nagar,759.8,4.82,0.332
2026-07-14 16:51:20.152326,Malviya Nagar,824.1,4.45,0.064
2026-07-14 17:51:20.152326,Malviya Nagar,835.5,4.09,0.08
2026-07-14 18:51:20.152326,Malviya Nagar,988.6,4.21,0.128
2026-07-14 19:51:20.152326,Malviya Nagar,1025.7,4.67,0.047
2026-07-14 20:51:20.152326,Malviya Nagar,983.9,4.94,0.111
2026-07-14 21:51:20.152326,Malviya Nagar,875.6,4.24,0.103
2026-07-14 22:51:20.152326,Malviya Nagar,772.1,4.71,0.214
2026-07-14 23:51:20.152326,Malviya Nagar,876.1,4.61,0.049
2026-07-15 00:51:20.152326,Malviya Nagar,725.2,4.6,0.16
2026-07-15 01:51:20.152326,Malviya Nagar,779.7,5.0,0.079
2026-07-15 02:51:20.152326,Malviya Nagar,842.5,4.6,0.001
2026-07-15 03:51:20.152326,Malviya Nagar,700.9,4.81,0.114
2026-07-15 04:51:20.152326,Malviya Nagar,911.2,4.64,0.269
2026-07-15 05:51:20.152326,Malviya Nagar,771.4,4.54,0.166
2026-07-15 06:51:20.152326,Malviya Nagar,1175.7,3.9,0.337
2026-07-15 07:51:20.152326,Malviya Nagar,1149.1,4.28,0.037
2026-07-15 08:51:20.152326,Malviya Nagar,1206.8,4.58,0.066
2026-07-15 09:51:20.152326,Malviya Nagar,1241.3,4.53,0.028
2026-07-15 10:51:20.152326,Malviya Nagar,868.6,4.55,0.317
2026-07-15 11:51:20.152326,Malviya Nagar,754.2,4.57,0.343
2026-07-15 12:51:20.152326,Malviya Nagar,799.6,4.66,0.09
2026-07-15 13:51:20.152326,Malviya Nagar,731.9,5.02,0.133
2026-07-15 14:51:20.152326,Malviya Nagar,761.6,4.23,0.026
2026-07-15 15:51:20.152326,Malviya Nagar,796.8,4.23,0.135
2026-07-15 16:51:20.152326,Malviya Nagar,729.7,4.57,0.146
2026-07-15 17:51:20.152326,Malviya Nagar,745.3,4.0,0.216
2026-07-15 18:51:20.152326,Malviya Nagar,1157.4,4.22,0.097
2026-07-15 19:51:20.152326,Malviya Nagar,1027.8,5.13,0.699
2026-07-15 20:51:20.152326,Malviya Nagar,1158.2,4.62,0.129
2026-07-15 21:51:20.152326,Malviya Nagar,1110.9,4.57,0.009
2026-07-15 22:51:20.152326,Malviya Nagar,835.4,4.53,0.313
2026-07-15 23:51:20.152326,Malviya Nagar,825.5,4.48,0.118
2026-07-16 00:51:20.152326,Malviya Nagar,781.1,5.06,0.087
2026-07-16 01:51:20.152326,Malviya Nagar,843.6,4.58,0.112
2026-07-16 02:51:20.152326,Malviya Nagar,883.2,4.61,0.11
2026-07-16 03:51:20.152326,Malviya Nagar,873.4,4.28,0.451
2026-07-16 04:51:20.152326,Malviya Nagar,781.4,4.75,0.114
2026-07-16 05:51:20.152326,Malviya Nagar,807.8,4.95,0.274
2026-07-16 06:51:20.152326,Malviya Nagar,1224.6,4.65,0.009
2026-07-16 07:51:20.152326,Malviya Nagar,978.5,4.7,0.201
2026-07-16 08:51:20.152326,Malviya Nagar,1148.8,4.67,0.002
2026-07-16 09:51:20.152326,Malviya Nagar,1006.6,3.76,0.18
2026-07-16 10:51:20.152326,Malviya Nagar,794.9,5.03,0.078
2026-07-16 11:51:20.152326,Malviya Nagar,728.0,4.64,0.224
2026-07-16 12:51:20.152326,Malviya Nagar,901.9,4.23,0.222
2026-07-16 13:51:20.152326,Malviya Nagar,846.0,4.82,0.018
2026-07-16 14:51:20.152326,Malviya Nagar,856.8,4.82,0.078
2026-07-16 15:51:20.152326,Malviya Nagar,786.0,4.32,0.174
2026-07-16 16:51:20.152326,Malviya Nagar,835.9,4.48,0.13
2026-07-16 17:51:20.152326,Malviya Nagar,805.5,4.31,0.221
2026-07-16 18:51:20.152326,Malviya Nagar,1129.1,4.86,0.078
2026-07-16 19:51:20.152326,Malviya Nagar,976.2,3.83,0.191
2026-07-16 20:51:20.152326,Malviya Nagar,973.8,4.55,0.095
2026-07-16 21:51:20.152326,Malviya Nagar,1016.2,5.0,0.056
2026-07-16 22:51:20.152326,Malviya Nagar,715.4,4.43,0.162
2026-07-16 23:51:20.152326,Malviya Nagar,816.3,4.69,0.106
2026-07-17 00:51:20.152326,Malviya Nagar,774.2,4.43,0.235
2026-07-17 01:51:20.152326,Malviya Nagar,765.3,4.67,0.111
2026-07-17 02:51:20.152326,Malviya Nagar,746.5,4.28,0.033
2026-07-17 03:51:20.152326,Malviya Nagar,870.9,4.22,0.382
2026-07-17 04:51:20.152326,Malviya Nagar,752.5,4.71,0.249
2026-07-17 05:51:20.152326,Malviya Nagar,748.3,4.89,0.174
2026-07-17 06:51:20.152326,Malviya Nagar,1218.8,4.42,0.146
2026-07-17 07:51:20.152326,Malviya Nagar,1240.0,3.98,0.181
2026-07-17 08:51:20.152326,Malviya Nagar,922.9,4.65,0.077
2026-07-17 09:51:20.152326,Malviya Nagar,1109.7,3.8,0.193
2026-07-17 10:51:20.152326,Malviya Nagar,824.8,4.53,0.125
2026-07-17 11:51:20.152326,Malviya Nagar,769.1,4.46,0.093
2026-07-17 12:51:20.152326,Malviya Nagar,852.0,4.66,0.294
2026-07-17 13:51:20.152326,Malviya Nagar,834.3,4.23,0.099
2026-07-17 14:51:20.152326,Malviya Nagar,789.9,4.75,0.087
2026-07-17 15:51:20.152326,Malviya Nagar,837.6,4.82,0.268
2026-07-17 16:51:20.152326,Malviya Nagar,822.6,4.43,0.219
2026-07-17 17:51:20.152326,Malviya Nagar,860.6,5.01,0.218
2026-07-17 18:51:20.152326,Malviya Nagar,1085.6,4.79,0.163
2026-07-17 19:51:20.152326,Malviya Nagar,990.7,4.47,0.342
2026-07-17 20:51:20.152326,Malviya Nagar,1055.0,4.68,0.265
2026-07-17 21:51:20.152326,Malviya Nagar,985.7,3.91,0.066
2026-07-17 22:51:20.152326,Malviya Nagar,774.3,4.26,0.346
2026-07-17 23:51:20.152326,Malviya Nagar,703.0,4.62,0.098
2026-07-18 00:51:20.152326,Malviya Nagar,751.7,4.26,0.103
2026-07-18 01:51:20.152326,Malviya Nagar,882.6,4.85,0.473
2026-07-18 02:51:20.152326,Malviya Nagar,720.6,4.63,0.08
2026-07-18 03:51:20.152326,Malviya Nagar,873.2,4.13,0.191
2026-07-18 04:51:20.152326,Malviya Nagar,839.5,4.59,0.009
2026-07-18 05:51:20.152326,Malviya Nagar,783.5,4.64,0.174
2026-07-18 06:51:20.152326,Malviya Nagar,1091.4,4.85,0.122
2026-07-18 07:51:20.152326,Malviya Nagar,1011.9,4.44,0.238
2026-07-18 08:51:20.152326,Malviya Nagar,1106.0,4.44,0.074
2026-07-18 09:51:20.152326,Malviya Nagar,1084.4,4.56,0.07
2026-07-18 10:51:20.152326,Malviya Nagar,796.2,4.27,0.066
2026-07-18 11:51:20.152326,Malviya Nagar,713.5,4.97,0.194
2026-07-18 12:51:20.152326,Malviya Nagar,749.1,4.89,0.118
2026-07-18 13:51:20.152326,Malviya Nagar,688.2,4.5,0.078
2026-07-18 14:51:20.152326,Malviya Nagar,805.1,4.36,0.128
2026-07-18 15:51:20.152326,Malviya Nagar,781.3,4.91,0.192
2026-07-18 16:51:20.152326,Malviya Nagar,872.2,5.23,0.288
2026-07-18 17:51:20.152326,Malviya Nagar,751.1,4.04,0.115
2026-07-18 18:51:20.152326,Malviya Nagar,1087.7,4.4,0.05
2026-07-18 19:51:20.152326,Malviya Nagar,1047.1,4.24,0.141
2026-07-18 20:51:20.152326,Malviya Nagar,1095.2,4.66,0.151
2026-07-18 21:51:20.152326,Malviya Nagar,1143.6,4.44,0.107
2026-07-18 22:51:20.152326,Malviya Nagar,890.3,5.01,0.103
2026-07-18 23:51:20.152326,Malviya Nagar,765.0,4.54,0.084
2026-07-19 00:51:20.152326,Malviya Nagar,787.8,4.92,0.23
2026-07-19 01:51:20.152326,Malviya Nagar,872.2,4.32,0.072
2026-07-19 02:51:20.152326,Malviya Nagar,790.6,4.44,0.126
2026-07-19 03:51:20.152326,Malviya Nagar,832.6,4.8,0.086
2026-07-19 04:51:20.152326,Malviya Nagar,835.6,4.05,0.05
2026-07-19 05:51:20.152326,Malviya Nagar,750.1,4.52,0.154
2026-07-19 06:51:20.152326,Malviya Nagar,1107.9,4.27,0.271
2026-07-19 07:51:20.152326,Malviya Nagar,1128.5,4.64,0.08
2026-07-19 08:51:20.152326,Malviya Nagar,1050.0,4.31,0.203
2026-07-19 09:51:20.152326,Malviya Nagar,1255.4,5.12,0.16
2026-07-19 10:51:20.152326,Malviya Nagar,731.1,4.75,0.348
2026-07-19 11:51:20.152326,Malviya Nagar,765.3,4.05,0.115
2026-07-19 12:51:20.152326,Malviya Nagar,813.2,4.04,0.029
2026-07-19 13:51:20.152326,Malviya Nagar,786.3,4.42,0.168
2026-07-19 14:51:20.152326,Malviya Nagar,786.2,4.61,0.142
2026-07-19 15:51:20.152326,Malviya Nagar,748.6,4.48,0.16
2026-07-19 16:51:20.152326,Malviya Nagar,743.5,4.29,0.286
2026-07-19 17:51:20.152326,Malviya Nagar,812.7,4.44,0.008
2026-07-19 18:51:20.152326,Malviya Nagar,901.9,4.51,0.235
2026-07-19 19:51:20.152326,Malviya Nagar,1082.1,4.6,0.134
2026-07-19 20:51:20.152326,Malviya Nagar,974.7,4.81,0.067
2026-07-19 21:51:20.152326,Malviya Nagar,956.1,4.35,0.084
2026-07-19 22:51:20.152326,Malviya Nagar,719.7,4.32,0.028
2026-07-19 23:51:20.152326,Malviya Nagar,803.3,4.07,0.309
2026-07-20 00:51:20.152326,Malviya Nagar,712.8,4.22,0.057
2026-07-20 01:51:20.152326,Malviya Nagar,831.3,4.13,0.132
2026-07-20 02:51:20.152326,Malviya Nagar,710.0,4.79,0.19
2026-07-20 03:51:20.152326,Malviya Nagar,697.3,4.67,0.515
2026-07-20 04:51:20.152326,Malviya Nagar,828.9,4.67,0.028
2026-07-20 05:51:20.152326,Malviya Nagar,766.1,4.28,0.588
2026-07-20 06:51:20.152326,Malviya Nagar,960.4,5.08,0.515
2026-07-20 07:51:20.152326,Malviya Nagar,997.0,4.73,0.131
2026-07-20 08:51:20.152326,Malviya Nagar,1154.2,4.41,0.463
2026-07-20 09:51:20.152326,Malviya Nagar,1013.6,4.41,0.294
2026-07-20 10:51:20.152326,Malviya Nagar,851.5,4.3,0.27
2026-07-20 11:51:20.152326,Malviya Nagar,883.7,4.69,0.118
2026-07-20 12:51:20.152326,Malviya Nagar,819.2,4.57,0.238
2026-07-20 13:51:20.152326,Malviya Nagar,791.2,4.27,0.172
2026-07-20 14:51:20.152326,Malviya Nagar,796.6,4.98,0.024
2026-07-20 15:51:20.152326,Malviya Nagar,927.9,3.94,0.255
2026-07-20 16:51:20.152326,Malviya Nagar,800.7,4.42,0.178
2026-07-20 17:51:20.152326,Malviya Nagar,774.3,4.78,0.236
2026-07-20 18:51:20.152326,Malviya Nagar,1083.6,4.95,0.195
2026-07-20 19:51:20.152326,Malviya Nagar,994.6,4.5,0.22
2026-07-20 20:51:20.152326,Malviya Nagar,1069.8,4.1,0.1
2026-07-20 21:51:20.152326,Malviya Nagar,986.5,4.43,0.128
2026-07-20 22:51:20.152326,Malviya Nagar,924.5,4.11,0.054
2026-07-20 23:51:20.152326,Malviya Nagar,886.7,4.77,0.349
2026-07-21 00:51:20.152326,Malviya Nagar,829.1,4.53,0.117
2026-07-21 01:51:20.152326,Malviya Nagar,784.3,4.33,0.14
2026-07-21 02:51:20.152326,Malviya Nagar,818.5,4.68,0.398
2026-07-21 03:51:20.152326,Malviya Nagar,715.8,4.24,0.508
2026-07-21 04:51:20.152326,Malviya Nagar,865.8,4.84,0.349
2026-07-21 05:51:20.152326,Malviya Nagar,746.6,4.45,0.029
2026-07-21 06:51:20.152326,Malviya Nagar,1192.6,4.52,0.262
2026-07-21 07:51:20.152326,Malviya Nagar,1160.4,4.6,0.115
2026-07-21 08:51:20.152326,Malviya Nagar,970.1,4.83,0.174
2026-07-21 09:51:20.152326,Malviya Nagar,1126.5,4.89,0.344
2026-07-21 10:51:20.152326,Malviya Nagar,851.9,4.21,0.23
2026-07-21 11:51:20.152326,Malviya Nagar,744.2,4.16,0.099
2026-07-21 12:51:20.152326,Malviya Nagar,813.7,4.54,0.131
2026-07-21 13:51:20.152326,Malviya Nagar,760.7,4.56,0.104
2026-07-21 14:51:20.152326,Malviya Nagar,797.5,4.29,0.044
2026-07-21 15:51:20.152326,Malviya Nagar,734.8,4.77,0.029
2026-07-21 16:51:20.152326,Malviya Nagar,763.6,4.3,0.139
2026-07-21 17:51:20.152326,Malviya Nagar,799.6,4.9,0.158
2026-07-21 18:51:20.152326,Malviya Nagar,1242.0,4.69,0.099
2026-07-21 19:51:20.152326,Malviya Nagar,1060.4,4.45,0.359
2026-07-21 20:51:20.152326,Malviya Nagar,1080.5,4.14,0.255
2026-07-21 21:51:20.152326,Malviya Nagar,1068.5,4.62,0.205
2026-07-21 22:51:20.152326,Malviya Nagar,908.1,4.93,0.071
2026-07-21 23:51:20.152326,Malviya Nagar,828.8,4.42,0.12
2026-07-22 00:51:20.152326,Malviya Nagar,777.9,4.51,0.263
2026-07-22 01:51:20.152326,Malviya Nagar,793.5,4.16,0.042
2026-07-22 02:51:20.152326,Malviya Nagar,859.5,4.61,0.054
2026-07-22 03:51:20.152326,Malviya Nagar,776.1,4.73,0.318
2026-07-22 04:51:20.152326,Malviya Nagar,896.9,5.03,0.033
2026-07-22 05:51:20.152326,Malviya Nagar,774.1,4.44,0.166
2026-07-22 06:51:20.152326,Malviya Nagar,1104.3,4.82,0.195
2026-07-22 07:51:20.152326,Malviya Nagar,1226.3,4.23,0.215
2026-07-22 08:51:20.152326,Malviya Nagar,1097.8,4.67,0.168
2026-07-22 09:51:20.152326,Malviya Nagar,1082.1,4.17,0.258
2026-07-22 10:51:20.152326,Malviya Nagar,828.8,4.29,0.222
2026-07-22 11:51:20.152326,Malviya Nagar,771.8,4.46,0.258
2026-07-22 12:51:20.152326,Malviya Nagar,802.6,4.3,0.031
2026-07-22 13:51:20.152326,Malviya Nagar,897.0,4.92,0.212
2026-07-22 14:51:20.152326,Malviya Nagar,749.5,4.61,0.009
2026-07-22 15:51:20.152326,Malviya Nagar,701.2,4.27,0.004
2026-07-22 16:51:20.152326,Malviya Nagar,760.4,4.44,0.056
2026-07-22 17:51:20.152326,Malviya Nagar,812.3,4.49,0.02
2026-07-22 18:51:20.152326,Malviya Nagar,997.4,4.32,0.032
2026-07-22 19:51:20.152326,Malviya Nagar,1040.1,4.49,0.137
2026-07-22 20:51:20.152326,Malviya Nagar,1080.7,4.15,0.056
2026-07-22 21:51:20.152326,Malviya Nagar,1024.0,4.63,0.019
2026-07-22 22:51:20.152326,Malviya Nagar,977.1,4.16,0.185
2026-07-22 23:51:20.152326,Malviya Nagar,714.3,3.56,0.07
2026-07-23 00:51:20.152326,Malviya Nagar,922.0,4.35,0.044
2026-07-23 01:51:20.152326,Malviya Nagar,901.5,4.11,0.038
2026-07-23 02:51:20.152326,Malviya Nagar,783.7,4.97,0.307
2026-07-23 03:51:20.152326,Malviya Nagar,870.3,4.24,0.49
2026-07-23 04:51:20.152326,Malviya Nagar,937.2,4.38,0.123
2026-07-23 05:51:20.152326,Malviya Nagar,790.0,4.23,0.361
2026-07-23 06:51:20.152326,Malviya Nagar,1089.9,4.67,0.049
2026-07-23 07:51:20.152326,Malviya Nagar,1153.1,4.63,0.44
2026-07-23 08:51:20.152326,Malviya Nagar,979.7,4.59,0.228
2026-07-23 09:51:20.152326,Malviya Nagar,1186.2,4.4,0.347
2026-07-23 10:51:20.152326,Malviya Nagar,808.0,4.94,0.23
2026-07-23 11:51:20.152326,Malviya Nagar,832.5,4.44,0.152
2026-07-23 12:51:20.152326,Malviya Nagar,865.7,5.15,0.22
2026-07-23 13:51:20.152326,Malviya Nagar,822.1,4.45,0.016
2026-07-23 14:51:20.152326,Malviya Nagar,905.5,4.29,0.08
2026-07-23 15:51:20.152326,Malviya Nagar,784.0,4.41,0.181
2026-07-23 16:51:20.152326,Malviya Nagar,801.8,4.47,0.142
2026-07-23 17:51:20.152326,Malviya Nagar,730.6,4.88,0.344
2026-07-23 18:51:20.152326,Malviya Nagar,990.9,4.69,0.06
2026-07-23 19:51:20.152326,Malviya Nagar,1093.2,5.42,0.148
2026-07-23 20:51:20.152326,Malviya Nagar,1054.7,4.75,0.221
2026-07-23 21:51:20.152326,Malviya Nagar,1134.2,4.54,0.25
2026-07-23 22:51:20.152326,Malviya Nagar,902.5,4.21,0.16
2026-07-23 23:51:20.152326,Malviya Nagar,726.7,4.76,0.119
2026-07-24 00:51:20.152326,Malviya Nagar,787.3,5.21,0.138
2026-07-24 01:51:20.152326,Malviya Nagar,841.7,4.51,0.311
2026-07-24 02:51:20.152326,Malviya Nagar,795.6,4.58,0.032
2026-07-24 03:51:20.152326,Malviya Nagar,870.1,4.42,0.111
2026-07-24 04:51:20.152326,Malviya Nagar,861.4,4.3,0.058
2026-07-24 05:51:20.152326,Malviya Nagar,739.6,4.63,0.281
2026-07-24 06:51:20.152326,Malviya Nagar,1053.3,4.6,0.24
2026-07-24 07:51:20.152326,Malviya Nagar,1134.2,3.98,0.032
2026-07-24 08:51:20.152326,Malviya Nagar,1108.5,4.04,0.231
2026-07-24 09:51:20.152326,Malviya Nagar,1024.6,4.03,0.184
2026-07-24 10:51:20.152326,Malviya Nagar,726.8,3.92,0.3
2026-07-24 11:51:20.152326,Malviya Nagar,845.6,4.82,0.07
2026-07-24 12:51:20.152326,Malviya Nagar,865.5,4.33,0.08
2026-07-24 13:51:20.152326,Malviya Nagar,889.9,4.95,0.303
2026-07-24 14:51:20.152326,Malviya Nagar,805.9,4.04,0.037
2026-07-24 15:51:20.152326,Malviya Nagar,807.4,4.36,0.295
2026-07-24 16:51:20.152326,Malviya Nagar,817.3,5.19,0.111
2026-07-24 17:51:20.152326,Malviya Nagar,868.1,4.66,0.021
2026-07-24 18:51:20.152326,Malviya Nagar,1042.1,4.03,0.262
2026-07-24 19:51:20.152326,Malviya Nagar,1053.5,4.34,0.066
2026-07-24 20:51:20.152326,Malviya Nagar,982.1,4.53,0.231
2026-07-24 21:51:20.152326,Malviya Nagar,1054.6,4.51,0.264
2026-07-24 22:51:20.152326,Malviya Nagar,820.0,4.28,0.226
2026-07-24 23:51:20.152326,Malviya Nagar,793.3,4.28,0.026
2026-07-25 00:51:20.152326,Malviya Nagar,654.6,4.26,0.2
2026-07-25 01:51:20.152326,Malviya Nagar,783.2,4.44,0.011
2026-07-25 02:51:20.152326,Malviya Nagar,822.0,4.39,0.136
2026-07-25 03:51:20.152326,Malviya Nagar,946.2,4.44,0.136
2026-07-25 04:51:20.152326,Malviya Nagar,825.6,4.88,0.058
2026-07-25 05:51:20.152326,Malviya Nagar,781.1,3.8,0.209
2026-07-25 06:51:20.152326,Malviya Nagar,1148.1,4.79,0.109
2026-07-25 07:51:20.152326,Malviya Nagar,1035.3,4.31,0.028
2026-07-25 08:51:20.152326,Malviya Nagar,1207.0,4.62,0.155
2026-07-25 09:51:20.152326,Malviya Nagar,1087.6,5.03,0.25
2026-07-25 10:51:20.152326,Malviya Nagar,862.3,4.39,0.076
2026-07-25 11:51:20.152326,Malviya Nagar,739.8,4.92,0.27
2026-07-25 12:51:20.152326,Malviya Nagar,868.2,4.09,0.102
2026-07-25 13:51:20.152326,Malviya Nagar,764.5,5.01,0.171
2026-07-25 14:51:20.152326,Malviya Nagar,907.6,4.57,0.101
2026-07-25 15:51:20.152326,Malviya Nagar,783.1,4.57,0.111
2026-07-25 16:51:20.152326,Malviya Nagar,782.9,4.44,0.169
2026-07-25 17:51:20.152326,Malviya Nagar,829.2,4.63,0.045
2026-07-25 18:51:20.152326,Malviya Nagar,1128.7,4.32,0.036
2026-07-25 19:51:20.152326,Malviya Nagar,1035.8,5.25,0.169
2026-07-25 20:51:20.152326,Malviya Nagar,1135.9,4.59,0.091
2026-07-25 21:51:20.152326,Malviya Nagar,1057.9,4.22,0.287
2026-07-25 22:51:20.152326,Malviya Nagar,787.0,4.75,0.195
2026-07-25 23:51:20.152326,Malviya Nagar,776.8,4.47,0.018
2026-07-26 00:51:20.152326,Malviya Nagar,721.9,4.48,0.211
2026-07-26 01:51:20.152326,Malviya Nagar,888.7,4.7,0.326
2026-07-26 02:51:20.152326,Malviya Nagar,777.4,4.33,0.112
2026-07-26 03:51:20.152326,Malviya Nagar,769.5,4.28,0.039
2026-07-26 04:51:20.152326,Malviya Nagar,853.6,4.15,0.109
2026-07-26 05:51:20.152326,Malviya Nagar,873.5,5.06,0.198
2026-07-26 06:51:20.152326,Malviya Nagar,1126.8,4.4,0.212
2026-07-26 07:51:20.152326,Malviya Nagar,1177.5,4.63,0.228
2026-07-26 08:51:20.152326,Malviya Nagar,1066.2,4.66,0.134
2026-07-26 09:51:20.152326,Malviya Nagar,1103.9,4.53,0.338
2026-07-26 10:51:20.152326,Malviya Nagar,852.9,4.66,0.284
2026-07-26 11:51:20.152326,Malviya Nagar,781.4,4.45,0.014
2026-07-26 12:51:20.152326,Malviya Nagar,851.8,4.58,0.015
2026-07-26 13:51:20.152326,Malviya Nagar,811.1,4.25,0.024
2026-07-26 14:51:20.152326,Malviya Nagar,869.3,4.51,0.056
2026-07-26 15:51:20.152326,Malviya Nagar,889.1,4.78,0.193
2026-07-26 16:51:20.152326,Malviya Nagar,809.2,4.12,0.183
2026-07-26 17:51:20.152326,Malviya Nagar,765.8,4.43,0.082
2026-07-26 18:51:20.152326,Malviya Nagar,1036.4,5.14,0.09
2026-07-26 19:51:20.152326,Malviya Nagar,946.5,4.4,0.01
2026-07-26 20:51:20.152326,Malviya Nagar,1116.5,4.19,0.086
2026-07-26 21:51:20.152326,Malviya Nagar,1237.8,4.46,0.036
2026-07-26 22:51:20.152326,Malviya Nagar,769.2,4.33,0.247
2026-07-26 23:51:20.152326,Malviya Nagar,677.8,4.07,0.067
2026-07-27 00:51:20.152326,Malviya Nagar,772.1,4.36,0.425
2026-07-27 01:51:20.152326,Malviya Nagar,763.1,4.94,0.16
2026-07-27 02:51:20.152326,Malviya Nagar,742.6,4.8,0.063
2026-07-27 03:51:20.152326,Malviya Nagar,812.7,4.42,0.202
2026-07-27 04:51:20.152326,Malviya Nagar,900.4,4.4,0.294
2026-07-27 05:51:20.152326,Malviya Nagar,843.2,3.73,0.114
2026-07-27 06:51:20.152326,Malviya Nagar,1216.9,4.46,0.271
2026-07-27 07:51:20.152326,Malviya Nagar,1192.7,4.39,0.175
2026-07-27 08:51:20.152326,Malviya Nagar,1058.6,4.55,0.104
2026-07-27 09:51:20.152326,Malviya Nagar,1111.4,4.61,0.48
2026-07-27 10:51:20.152326,Malviya Nagar,710.9,4.71,0.17
2026-07-27 11:51:20.152326,Malviya Nagar,861.3,4.69,0.142
2026-07-27 12:51:20.152326,Malviya Nagar,792.3,3.92,0.162
2026-07-27 13:51:20.152326,Malviya Nagar,760.3,4.5,0.083
2026-07-27 14:51:20.152326,Malviya Nagar,816.5,5.07,0.279
2026-07-27 15:51:20.152326,Malviya Nagar,841.2,4.41,0.352
2026-07-27 16:51:20.152326,Malviya Nagar,762.3,4.3,0.226
2026-07-27 17:51:20.152326,Malviya Nagar,688.5,4.59,0.01
2026-07-27 18:51:20.152326,Malviya Nagar,1139.6,4.09,0.124
2026-07-27 19:51:20.152326,Malviya Nagar,1054.6,3.94,0.232
2026-07-27 20:51:20.152326,Malviya Nagar,956.3,4.3,0.057
2026-07-27 21:51:20.152326,Malviya Nagar,1146.5,4.39,0.378
2026-07-27 22:51:20.152326,Malviya Nagar,796.3,4.28,0.017
2026-07-27 23:51:20.152326,Malviya Nagar,688.9,5.35,0.031
2026-07-28 00:51:20.152326,Malviya Nagar,740.5,4.71,0.215
2026-07-28 01:51:20.152326,Malviya Nagar,966.5,4.57,0.096
2026-07-28 02:51:20.152326,Malviya Nagar,851.5,4.29,0.099
2026-07-28 03:51:20.152326,Malviya Nagar,744.3,4.73,0.363
2026-07-28 04:51:20.152326,Malviya Nagar,866.0,4.43,0.465
2026-07-28 05:51:20.152326,Malviya Nagar,763.6,4.34,0.153
2026-07-28 06:51:20.152326,Malviya Nagar,1078.2,5.05,0.176
2026-07-28 07:51:20.152326,Malviya Nagar,1107.7,4.6,0.264
2026-07-28 08:51:20.152326,Malviya Nagar,1138.9,4.58,0.276
2026-07-28 09:51:20.152326,Malviya Nagar,1136.3,4.42,0.109
2026-07-28 10:51:20.152326,Malviya Nagar,887.3,4.58,0.104
2026-07-28 11:51:20.152326,Malviya Nagar,776.0,4.26,0.199
2026-07-28 12:51:20.152326,Malviya Nagar,749.0,4.87,0.371
2026-07-28 13:51:20.152326,Malviya Nagar,806.2,5.01,0.09
2026-07-28 14:51:20.152326,Malviya Nagar,760.0,3.94,0.067
2026-07-28 15:51:20.152326,Malviya Nagar,862.9,4.22,0.129
2026-07-28 16:51:20.152326,Malviya Nagar,939.7,4.57,0.286
2026-07-28 17:51:20.152326,Malviya Nagar,916.2,4.36,0.188
2026-07-28 18:51:20.152326,Malviya Nagar,1068.5,4.64,0.119
2026-07-28 19:51:20.152326,Malviya Nagar,1201.7,4.89,0.157
2026-07-28 20:51:20.152326,Malviya Nagar,1039.5,4.54,0.14
2026-07-28 21:51:20.152326,Malviya Nagar,1097.4,4.34,0.105
2026-07-28 22:51:20.152326,Malviya Nagar,895.2,4.63,0.034
2026-07-28 23:51:20.152326,Malviya Nagar,784.2,4.74,0.025
2026-07-29 00:51:20.152326,Malviya Nagar,820.8,4.96,0.062
2026-07-29 01:51:20.152326,Malviya Nagar,744.6,4.71,0.703
2026-07-29 02:51:20.152326,Malviya Nagar,787.4,4.3,0.089
2026-07-29 03:51:20.152326,Malviya Nagar,817.2,4.23,0.144
2026-07-29 04:51:20.152326,Malviya Nagar,918.0,5.0,0.374
2026-07-29 05:51:20.152326,Malviya Nagar,733.4,4.05,0.235
2026-07-29 06:51:20.152326,Malviya Nagar,1143.5,4.31,0.495
2026-07-29 07:51:20.152326,Malviya Nagar,1196.7,4.67,0.184
2026-07-29 08:51:20.152326,Malviya Nagar,1088.5,4.45,0.338
2026-07-29 09:51:20.152326,Malviya Nagar,1051.5,4.94,0.134
2026-07-29 10:51:20.152326,Malviya Nagar,704.4,4.13,0.009
2026-07-29 11:51:20.152326,Malviya Nagar,815.3,4.41,0.049
2026-07-29 12:51:20.152326,Malviya Nagar,833.5,4.64,0.162
2026-07-29 13:51:20.152326,Malviya Nagar,808.1,4.72,0.07
2026-07-29 14:51:20.152326,Malviya Nagar,854.9,5.19,0.222
2026-07-29 15:51:20.152326,Malviya Nagar,770.3,4.47,0.06
2026-07-29 16:51:20.152326,Malviya Nagar,881.2,4.43,0.147
2026-07-29 17:51:20.152326,Malviya Nagar,720.9,4.67,0.116
2026-07-29 18:51:20.152326,Malviya Nagar,1055.8,4.61,0.02
2026-07-29 19:51:20.152326,Malviya Nagar,1010.1,4.62,0.042
2026-07-29 20:51:20.152326,Malviya Nagar,1029.8,5.09,0.073
2026-07-29 21:51:20.152326,Malviya Nagar,970.7,4.61,0.079
2026-07-29 22:51:20.152326,Malviya Nagar,810.4,4.13,0.119
2026-07-29 23:51:20.152326,Malviya Nagar,802.4,4.6,0.221
2026-07-30 00:51:20.152326,Malviya Nagar,663.1,5.1,0.179
2026-07-30 01:51:20.152326,Malviya Nagar,883.4,4.3,0.159
2026-07-30 02:51:20.152326,Malviya Nagar,841.4,4.45,0.088
2026-07-30 03:51:20.152326,Malviya Nagar,829.9,4.3,0.073
2026-07-30 04:51:20.152326,Malviya Nagar,751.2,4.16,0.007
2026-07-30 05:51:20.152326,Malviya Nagar,991.5,4.89,0.132
2026-07-30 06:51:20.152326,Malviya Nagar,1133.3,4.74,0.06
2026-07-30 07:51:20.152326,Malviya Nagar,1132.8,4.4,0.044
2026-07-30 08:51:20.152326,Malviya Nagar,1019.0,4.33,0.101
2026-07-30 09:51:20.152326,Malviya Nagar,1077.6,4.51,0.09
2026-07-30 10:51:20.152326,Malviya Nagar,829.6,4.4,0.064
2026-07-30 11:51:20.152326,Malviya Nagar,804.3,4.36,0.175
2026-07-30 12:51:20.152326,Malviya Nagar,761.5,3.65,0.022
2026-07-30 13:51:20.152326,Malviya Nagar,703.7,4.23,0.094
2026-07-30 14:51:20.152326,Malviya Nagar,723.3,4.21,0.035
2026-07-30 15:51:20.152326,Malviya Nagar,805.0,4.66,0.256
2026-07-30 16:51:20.152326,Malviya Nagar,865.2,4.38,0.12
2026-07-30 17:51:20.152326,Malviya Nagar,689.5,4.06,0.143
2026-07-30 18:51:20.152326,Malviya Nagar,941.1,3.98,0.16
2026-07-30 19:51:20.152326,Malviya Nagar,959.4,4.64,0.066
2026-07-30 20:51:20.152326,Malviya Nagar,1182.5,4.32,0.132
2026-07-30 21:51:20.152326,Malviya Nagar,945.9,4.8,0.012
2026-07-30 22:51:20.152326,Malviya Nagar,865.8,3.85,0.302
2026-07-30 23:51:20.152326,Malviya Nagar,765.5,4.73,0.089
2026-07-31 00:51:20.152326,Malviya Nagar,777.6,4.12,0.115
2026-07-31 01:51:20.152326,Malviya Nagar,865.9,4.45,0.193
2026-07-31 02:51:20.152326,Malviya Nagar,797.9,4.74,0.13
2026-07-31 03:51:20.152326,Malviya Nagar,819.1,4.59,0.022
2026-07-31 04:51:20.152326,Malviya Nagar,817.6,4.8,0.135
2026-07-31 05:51:20.152326,Malviya Nagar,878.9,4.79,0.125
2026-07-31 06:51:20.152326,Malviya Nagar,1210.3,4.41,0.147
2026-07-31 07:51:20.152326,Malviya Nagar,1047.3,5.23,0.039
2026-07-31 08:51:20.152326,Malviya Nagar,1209.0,4.63,0.034
2026-07-31 09:51:20.152326,Malviya Nagar,1039.5,4.47,0.224
2026-07-31 10:51:20.152326,Malviya Nagar,843.4,4.66,0.051
2026-07-31 11:51:20.152326,Malviya Nagar,702.2,5.12,0.111
2026-07-31 12:51:20.152326,Malviya Nagar,797.2,4.67,0.184
2026-07-31 13:51:20.152326,Malviya Nagar,818.8,4.46,0.089
2026-07-31 14:51:20.152326,Malviya Nagar,794.4,4.67,0.195
2026-07-31 15:51:20.152326,Malviya Nagar,794.3,4.5,0.238
2026-07-31 16:51:20.152326,Malviya Nagar,738.9,4.46,0.086
2026-07-31 17:51:20.152326,Malviya Nagar,828.0,3.97,0.118
2026-07-31 18:51:20.152326,Malviya Nagar,1064.9,4.36,0.205
2026-07-31 19:51:20.152326,Malviya Nagar,1064.8,4.14,0.304
2026-07-31 20:51:20.152326,Malviya Nagar,1052.7,4.49,0.202
2026-07-31 21:51:20.152326,Malviya Nagar,1049.8,4.42,0.152
2026-07-31 22:51:20.152326,Malviya Nagar,780.7,4.68,0.191
2026-07-31 23:51:20.152326,Malviya Nagar,828.4,4.92,0.107
2026-08-01 00:51:20.152326,Malviya Nagar,843.2,4.49,0.064
2026-08-01 01:51:20.152326,Malviya Nagar,751.4,4.25,0.162
2026-08-01 02:51:20.152326,Malviya Nagar,809.0,4.37,0.081
2026-08-01 03:51:20.152326,Malviya Nagar,736.2,4.58,0.14
2026-08-01 04:51:20.152326,Malviya Nagar,879.1,4.21,0.061
2026-08-01 05:51:20.152326,Malviya Nagar,677.3,4.46,0.145
2026-08-01 06:51:20.152326,Malviya Nagar,1182.5,4.73,0.109
2026-08-01 07:51:20.152326,Malviya Nagar,1132.0,3.84,0.082
2026-08-01 08:51:20.152326,Malviya Nagar,1093.5,4.2,0.221
2026-08-01 09:51:20.152326,Malviya Nagar,1160.7,4.54,0.24
2026-08-01 10:51:20.152326,Malviya Nagar,790.6,4.77,0.093
2026-08-01 11:51:20.152326,Malviya Nagar,775.8,4.73,0.055
2026-08-01 12:51:20.152326,Malviya Nagar,764.6,3.98,0.113
2026-08-01 13:51:20.152326,Malviya Nagar,752.8,4.75,0.09
2026-08-01 14:51:20.152326,Malviya Nagar,871.8,4.39,0.212
2026-08-01 15:51:20.152326,Malviya Nagar,846.3,4.6,0.343
2026-08-01 16:51:20.152326,Malviya Nagar,791.7,4.42,0.239
2026-08-01 17:51:20.152326,Malviya Nagar,794.7,4.7,0.095
2026-08-01 18:51:20.152326,Malviya Nagar,1035.9,4.81,0.051
2026-08-01 19:51:20.152326,Malviya Nagar,1002.6,4.7,0.032
2026-08-01 20:51:20.152326,Malviya Nagar,942.5,5.27,0.127
2026-08-01 21:51:20.152326,Malviya Nagar,977.5,4.87,0.014
2026-08-01 22:51:20.152326,Malviya Nagar,810.4,4.37,0.2
2026-08-01 23:51:20.152326,Malviya Nagar,786.5,4.03,0.254
2026-08-02 00:51:20.152326,Malviya Nagar,718.9,4.19,0.114
2026-08-02 01:51:20.152326,Malviya Nagar,760.5,4.58,0.363
2026-08-02 02:51:20.152326,Malviya Nagar,779.9,4.43,0.119
2026-08-02 03:51:20.152326,Malviya Nagar,775.0,4.85,0.231
2026-08-02 04:51:20.152326,Malviya Nagar,780.3,4.73,0.095
2026-08-02 05:51:20.152326,Malviya Nagar,722.7,4.63,0.058
2026-08-02 06:51:20.152326,Malviya Nagar,1070.9,4.42,0.088
2026-08-02 07:51:20.152326,Malviya Nagar,1070.8,4.42,0.076
2026-08-02 08:51:20.152326,Malviya Nagar,1236.9,4.51,0.063
2026-08-02 09:51:20.152326,Malviya Nagar,1102.5,4.38,0.103
2026-08-02 10:51:20.152326,Malviya Nagar,737.3,4.38,0.013
2026-08-02 11:51:20.152326,Malviya Nagar,814.4,4.39,0.031
2026-08-02 12:51:20.152326,Malviya Nagar,753.1,5.01,0.198
2026-08-02 13:51:20.152326,Malviya Nagar,815.8,4.23,0.256
2026-08-02 14:51:20.152326,Malviya Nagar,772.6,4.39,0.055
2026-08-02 15:51:20.152326,Malviya Nagar,747.3,4.2,0.101
2026-08-02 16:51:20.152326,Malviya Nagar,798.5,4.48,0.033
2026-08-02 17:51:20.152326,Malviya Nagar,737.1,4.44,0.514
2026-08-02 18:51:20.152326,Malviya Nagar,966.0,4.05,0.143
2026-08-02 19:51:20.152326,Malviya Nagar,1007.8,4.69,0.133
2026-08-02 20:51:20.152326,Malviya Nagar,1117.3,4.76,0.084
2026-08-02 21:51:20.152326,Malviya Nagar,992.7,4.4,0.074
2026-08-02 22:51:20.152326,Malviya Nagar,821.4,4.33,0.188
2026-08-02 23:51:20.152326,Malviya Nagar,833.0,4.54,0.157
2026-08-03 00:51:20.152326,Malviya Nagar,804.4,4.97,0.147
2026-08-03 01:51:20.152326,Malviya Nagar,857.8,4.09,0.074
2026-08-03 02:51:20.152326,Malviya Nagar,777.1,4.82,0.155
2026-08-03 03:51:20.152326,Malviya Nagar,833.7,4.63,0.1
2026-08-03 04:51:20.152326,Malviya Nagar,815.0,4.28,0.037
2026-08-03 05:51:20.152326,Malviya Nagar,811.6,4.31,0.264
2026-08-03 06:51:20.152326,Malviya Nagar,1176.2,4.09,0.252
2026-08-03 07:51:20.152326,Malviya Nagar,1077.0,4.42,0.208
2026-08-03 08:51:20.152326,Malviya Nagar,1209.9,4.57,0.267
2026-08-03 09:51:20.152326,Malviya Nagar,1174.9,3.96,0.282
2026-08-03 10:51:20.152326,Malviya Nagar,871.2,4.3,0.104
2026-08-03 11:51:20.152326,Malviya Nagar,844.4,4.44,0.164
2026-08-03 12:51:20.152326,Malviya Nagar,811.2,4.19,0.155
2026-08-03 13:51:20.152326,Malviya Nagar,831.8,4.73,0.011
2026-08-03 14:51:20.152326,Malviya Nagar,848.1,4.73,0.069
2026-08-03 15:51:20.152326,Malviya Nagar,724.7,4.82,0.344
2026-08-03 16:51:20.152326,Malviya Nagar,847.2,4.47,0.445
2026-08-03 17:51:20.152326,Malviya Nagar,788.6,4.64,0.125
2026-08-03 18:51:20.152326,Malviya Nagar,1056.8,4.69,0.126
2026-08-03 19:51:20.152326,Malviya Nagar,1108.5,4.23,0.253
2026-08-03 20:51:20.152326,Malviya Nagar,1037.7,4.51,0.048
2026-08-03 21:51:20.152326,Malviya Nagar,1041.6,4.28,0.198
2026-08-03 22:51:20.152326,Malviya Nagar,850.2,4.5,0.02
2026-08-03 23:51:20.152326,Malviya Nagar,880.6,4.68,0.172
2026-08-04 00:51:20.152326,Malviya Nagar,772.2,4.23,0.392
2026-08-04 01:51:20.152326,Malviya Nagar,849.5,3.89,0.204
2026-08-04 02:51:20.152326,Malviya Nagar,750.0,4.98,0.248
2026-08-04 03:51:20.152326,Malviya Nagar,824.0,4.53,0.145
2026-08-04 04:51:20.152326,Malviya Nagar,886.9,4.25,0.228
2026-08-04 05:51:20.152326,Malviya Nagar,724.1,4.49,0.271
2026-08-04 06:51:20.152326,Malviya Nagar,1026.8,4.27,0.211
2026-08-04 07:51:20.152326,Malviya Nagar,1147.9,5.04,0.086
2026-08-04 08:51:20.152326,Malviya Nagar,1001.1,4.61,0.051
2026-08-04 09:51:20.152326,Malviya Nagar,1108.9,4.26,0.138
2026-08-04 10:51:20.152326,Malviya Nagar,852.1,3.83,0.049
2026-08-04 11:51:20.152326,Malviya Nagar,785.6,5.1,0.345
2026-08-04 12:51:20.152326,Malviya Nagar,804.1,4.61,0.182
2026-08-04 13:51:20.152326,Malviya Nagar,809.6,4.09,0.112
2026-08-04 14:51:20.152326,Malviya Nagar,939.8,4.47,0.119
2026-08-04 15:51:20.152326,Malviya Nagar,727.3,4.49,0.367
2026-08-04 16:51:20.152326,Malviya Nagar,839.1,4.46,0.204
2026-08-04 17:51:20.152326,Malviya Nagar,854.9,4.51,0.096
2026-08-04 18:51:20.152326,Malviya Nagar,1068.6,4.26,0.204
2026-08-04 19:51:20.152326,Malviya Nagar,1010.9,4.04,0.017
2026-08-04 20:51:20.152326,Malviya Nagar,1135.0,4.2,0.356
2026-08-04 21:51:20.152326,Malviya Nagar,1135.1,3.99,0.297
2026-08-04 22:51:20.152326,Malviya Nagar,944.5,4.46,0.086
2026-08-04 23:51:20.152326,Malviya Nagar,803.7,5.11,0.057
2026-08-05 00:51:20.152326,Malviya Nagar,874.1,4.36,0.027
2026-08-05 01:51:20.152326,Malviya Nagar,687.2,4.16,0.286
2026-08-05 02:51:20.152326,Malviya Nagar,805.7,4.62,0.226
2026-08-05 03:51:20.152326,Malviya Nagar,731.7,4.62,0.176
2026-08-05 04:51:20.152326,Malviya Nagar,799.2,4.75,0.453
2026-08-05 05:51:20.152326,Malviya Nagar,846.0,4.4,0.299
2026-08-05 06:51:20.152326,Malviya Nagar,1110.0,5.13,0.172
2026-08-05 07:51:20.152326,Malviya Nagar,1228.6,4.2,0.055
2026-08-05 08:51:20.152326,Malviya Nagar,1211.0,4.27,0.095
2026-08-05 09:51:20.152326,Malviya Nagar,1111.0,4.36,0.133
2026-08-05 10:51:20.152326,Malviya Nagar,913.5,4.47,0.175
2026-08-05 11:51:20.152326,Malviya Nagar,693.1,4.41,0.077
2026-08-05 12:51:20.152326,Malviya Nagar,845.1,4.77,0.036
2026-08-05 13:51:20.152326,Malviya Nagar,764.5,5.04,0.156
2026-08-05 14:51:20.152326,Malviya Nagar,772.8,4.26,0.246
2026-08-05 15:51:20.152326,Malviya Nagar,781.2,4.97,0.234
2026-08-05 16:51:20.152326,Malviya Nagar,758.7,4.93,0.127
2026-08-05 17:51:20.152326,Malviya Nagar,735.7,4.77,0.11
2026-08-05 18:51:20.152326,Malviya Nagar,1041.6,4.67,0.211
2026-08-05 19:51:20.152326,Malviya Nagar,1087.6,4.47,0.345
2026-08-05 20:51:20.152326,Malviya Nagar,923.2,4.7,0.27
2026-08-05 21:51:20.152326,Malviya Nagar,997.1,4.33,0.08
2026-08-05 22:51:20.152326,Malviya Nagar,812.2,4.89,0.16
2026-08-05 23:51:20.152326,Malviya Nagar,728.7,4.97,0.315
2026-08-06 00:51:20.152326,Malviya Nagar,842.2,4.46,0.162
2026-08-06 01:51:20.152326,Malviya Nagar,809.9,4.4,0.037
2026-08-06 02:51:20.152326,Malviya Nagar,690.1,4.7,0.112
2026-08-06 03:51:20.152326,Malviya Nagar,853.8,4.49,0.407
2026-08-06 04:51:20.152326,Malviya Nagar,726.3,4.59,0.066
2026-08-06 05:51:20.152326,Malviya Nagar,801.2,4.58,0.226
2026-08-06 06:51:20.152326,Malviya Nagar,1242.6,4.76,0.025
2026-08-06 07:51:20.152326,Malviya Nagar,1221.6,4.86,0.049
2026-08-06 08:51:20.152326,Malviya Nagar,1021.9,4.23,0.014
2026-08-06 09:51:20.152326,Malviya Nagar,1140.5,5.21,0.137
2026-08-06 10:51:20.152326,Malviya Nagar,864.7,4.4,0.098
2026-08-06 11:51:20.152326,Malviya Nagar,841.6,4.71,0.107
2026-08-06 12:51:20.152326,Malviya Nagar,780.0,4.81,0.209
2026-08-06 13:51:20.152326,Malviya Nagar,786.7,4.32,0.02
2026-08-06 14:51:20.152326,Malviya Nagar,739.9,4.64,0.11
2026-08-06 15:51:20.152326,Malviya Nagar,709.8,4.47,0.318
2026-08-06 16:51:20.152326,Malviya Nagar,759.7,4.48,0.283
2026-08-06 17:51:20.152326,Malviya Nagar,738.3,4.6,0.159
2026-08-06 18:51:20.152326,Malviya Nagar,1050.6,4.75,0.154
2026-08-06 19:51:20.152326,Malviya Nagar,1108.0,4.3,0.283
2026-08-06 20:51:20.152326,Malviya Nagar,978.1,4.68,0.257
2026-08-06 21:51:20.152326,Malviya Nagar,1073.1,4.75,0.213
2026-08-06 22:51:20.152326,Malviya Nagar,816.2,4.47,0.172
2026-08-06 23:51:20.152326,Malviya Nagar,815.0,4.55,0.046
2026-08-07 00:51:20.152326,Malviya Nagar,801.7,4.53,0.102
2026-08-07 01:51:20.152326,Malviya Nagar,792.4,4.36,0.093
2026-08-07 02:51:20.152326,Malviya Nagar,800.2,4.37,0.309
2026-08-07 03:51:20.152326,Malviya Nagar,861.0,4.61,0.029
2026-08-07 04:51:20.152326,Malviya Nagar,716.7,4.75,0.265
2026-08-07 05:51:20.152326,Malviya Nagar,895.1,4.09,0.094
2026-08-07 06:51:20.152326,Malviya Nagar,1108.4,4.25,0.274
2026-08-07 07:51:20.152326,Malviya Nagar,994.8,4.86,0.041
2026-08-07 08:51:20.152326,Malviya Nagar,1077.5,4.42,0.372
2026-08-07 09:51:20.152326,Malviya Nagar,1124.1,4.84,0.176
2026-08-07 10:51:20.152326,Malviya Nagar,835.7,4.73,0.184
2026-08-07 11:51:20.152326,Malviya Nagar,859.1,4.26,0.355
2026-08-07 12:51:20.152326,Malviya Nagar,951.9,3.99,0.083
2026-08-07 13:51:20.152326,Malviya Nagar,876.0,4.31,0.079
2026-08-07 14:51:20.152326,Malviya Nagar,835.6,4.54,0.11
2026-08-07 15:51:20.152326,Malviya Nagar,738.6,4.3,0.045
2026-08-07 16:51:20.152326,Malviya Nagar,763.3,4.32,0.094
2026-08-07 17:51:20.152326,Malviya Nagar,860.6,5.12,0.055
2026-08-07 18:51:20.152326,Malviya Nagar,967.8,4.92,0.071
2026-08-07 19:51:20.152326,Malviya Nagar,997.3,4.17,0.164
2026-08-07 20:51:20.152326,Malviya Nagar,1157.0,5.0,0.147
2026-08-07 21:51:20.152326,Malviya Nagar,1126.0,4.79,0.002
2026-08-07 22:51:20.152326,Malviya Nagar,802.7,4.48,0.246
2026-08-07 23:51:20.152326,Malviya Nagar,656.8,4.82,0.242
2026-08-08 00:51:20.152326,Malviya Nagar,819.3,4.66,0.237
2026-08-08 01:51:20.152326,Malviya Nagar,796.1,4.48,0.237
2026-08-08 02:51:20.152326,Malviya Nagar,802.4,4.62,0.132
2026-08-08 03:51:20.152326,Malviya Nagar,791.6,4.88,0.018
2026-08-08 04:51:20.152326,Malviya Nagar,830.6,4.62,0.302
2026-08-08 05:51:20.152326,Malviya Nagar,769.0,4.18,0.374
2026-08-08 06:51:20.152326,Malviya Nagar,1007.5,4.35,0.031
2026-08-08 07:51:20.152326,Malviya Nagar,978.3,4.74,0.255
2026-08-08 08:51:20.152326,Malviya Nagar,1083.0,4.72,0.227
2026-08-08 09:51:20.152326,Malviya Nagar,1059.9,4.41,0.032
2026-08-08 10:51:20.152326,Malviya Nagar,856.0,4.45,0.038
2026-08-08 11:51:20.152326,Malviya Nagar,733.8,4.32,0.106
2026-08-08 12:51:20.152326,Malviya Nagar,745.3,4.6,0.109
2026-08-08 13:51:20.152326,Malviya Nagar,836.6,4.24,0.062
2026-08-08 14:51:20.152326,Malviya Nagar,915.0,4.08,0.212
2026-08-08 15:51:20.152326,Malviya Nagar,756.7,4.4,0.36
2026-08-08 16:51:20.152326,Malviya Nagar,823.6,4.68,0.081
2026-08-08 17:51:20.152326,Malviya Nagar,826.8,3.94,0.11
2026-08-08 18:51:20.152326,Malviya Nagar,1110.1,4.92,0.276
2026-08-08 19:51:20.152326,Malviya Nagar,1030.7,3.95,0.065
2026-08-08 20:51:20.152326,Malviya Nagar,1155.7,4.01,0.215
2026-08-08 21:51:20.152326,Malviya Nagar,967.4,4.71,0.084
2026-08-08 22:51:20.152326,Malviya Nagar,822.1,4.47,0.536
2026-08-08 23:51:20.152326,Malviya Nagar,737.0,4.55,0.133
2026-08-09 00:51:20.152326,Malviya Nagar,736.2,4.1,0.274
2026-08-09 01:51:20.152326,Malviya Nagar,815.2,4.66,0.041
2026-08-09 02:51:20.152326,Malviya Nagar,729.2,3.91,0.39
2026-08-09 03:51:20.152326,Malviya Nagar,765.9,4.44,0.0
2026-08-09 04:51:20.152326,Malviya Nagar,709.4,4.72,0.211
2026-08-09 05:51:20.152326,Malviya Nagar,897.4,4.29,0.051
2026-08-09 06:51:20.152326,Malviya Nagar,1048.4,5.07,0.119
2026-08-09 07:51:20.152326,Malviya Nagar,1095.7,4.58,0.111
2026-08-09 08:51:20.152326,Malviya Nagar,1252.4,4.1,0.145
2026-08-09 09:51:20.152326,Malviya Nagar,1147.2,3.89,0.162
2026-08-09 10:51:20.152326,Malviya Nagar,848.8,4.39,0.042
2026-08-09 11:51:20.152326,Malviya Nagar,788.2,4.76,0.249
2026-08-09 12:51:20.152326,Malviya Nagar,823.7,4.63,0.051
2026-08-09 13:51:20.152326,Malviya Nagar,720.7,4.47,0.058
2026-08-09 14:51:20.152326,Malviya Nagar,800.7,4.52,0.147
2026-08-09 15:51:20.152326,Malviya Nagar,780.4,4.5,0.084
2026-08-09 16:51:20.152326,Malviya Nagar,798.7,4.3,0.004
2026-08-09 17:51:20.152326,Malviya Nagar,837.9,4.08,0.123
2026-08-09 18:51:20.152326,Malviya Nagar,854.8,4.62,0.338
2026-08-09 19:51:20.152326,Malviya Nagar,916.0,4.41,0.208
2026-08-09 20:51:20.152326,Malviya Nagar,994.4,4.66,0.055
2026-08-09 21:51:20.152326,Malviya Nagar,1006.5,4.53,0.21
2026-08-09 22:51:20.152326,Malviya Nagar,828.5,4.73,0.278
2026-08-09 23:51:20.152326,Malviya Nagar,764.7,4.71,0.116
2026-08-10 00:51:20.152326,Malviya Nagar,719.0,4.95,0.115
2026-08-10 01:51:20.152326,Malviya Nagar,847.8,4.51,0.198
2026-08-10 02:51:20.152326,Malviya Nagar,844.7,4.21,0.154
2026-08-10 03:51:20.152326,Malviya Nagar,804.5,4.59,0.096
2026-08-10 04:51:20.152326,Malviya Nagar,655.6,4.56,0.458
2026-08-10 05:51:20.152326,Malviya Nagar,775.9,4.56,0.194
2026-08-10 06:51:20.152326,Malviya Nagar,1096.0,4.81,0.099
2026-08-10 07:51:20.152326,Malviya Nagar,957.8,4.78,0.237
2026-08-10 08:51:20.152326,Malviya Nagar,1118.3,4.27,0.111
2026-08-10 09:51:20.152326,Malviya Nagar,858.8,3.84,0.051
2026-08-10 10:51:20.152326,Malviya Nagar,722.3,4.51,0.018
2026-08-10 11:51:20.152326,Malviya Nagar,821.0,4.39,0.078
2026-08-10 12:51:20.152326,Malviya Nagar,777.3,4.26,0.358
2026-08-10 13:51:20.152326,Malviya Nagar,776.6,4.62,0.041
2026-08-10 14:51:20.152326,Malviya Nagar,828.0,4.28,0.052
2026-08-10 15:51:20.152326,Malviya Nagar,732.8,4.23,0.234
2026-08-10 16:51:20.152326,Malviya Nagar,779.0,4.54,0.235
2026-08-10 17:51:20.152326,Malviya Nagar,864.0,4.44,0.068
2026-08-10 18:51:20.152326,Malviya Nagar,1091.0,4.42,0.067
2026-08-10 19:51:20.152326,Malviya Nagar,1156.9,4.35,0.323
2026-08-10 20:51:20.152326,Malviya Nagar,1124.1,4.15,0.16
2026-08-10 21:51:20.152326,Malviya Nagar,944.9,4.64,0.099
2026-08-10 22:51:20.152326,Malviya Nagar,843.0,4.94,0.189
2026-08-10 23:51:20.152326,Malviya Nagar,787.3,4.7,0.23
2026-08-11 00:51:20.152326,Malviya Nagar,831.8,4.55,0.021
2026-08-11 01:51:20.152326,Malviya Nagar,789.5,4.15,0.056
2026-08-11 02:51:20.152326,Malviya Nagar,749.7,4.35,0.139
2026-08-11 03:51:20.152326,Malviya Nagar,807.1,4.79,0.068
2026-08-11 04:51:20.152326,Malviya Nagar,802.3,4.56,0.062
2026-08-11 05:51:20.152326,Malviya Nagar,693.6,4.67,0.189
2026-08-11 06:51:20.152326,Malviya Nagar,1144.9,3.79,0.06
2026-08-11 07:51:20.152326,Malviya Nagar,1058.4,4.12,0.185
2026-08-11 08:51:20.152326,Malviya Nagar,1277.9,4.61,0.165
2026-08-11 09:51:20.152326,Malviya Nagar,1165.6,4.48,0.284
2026-08-11 10:51:20.152326,Malviya Nagar,851.5,4.54,0.156
2026-08-11 11:51:20.152326,Malviya Nagar,898.0,4.49,0.261
2026-08-11 12:51:20.152326,Malviya Nagar,735.1,4.6,0.035
2026-08-11 13:51:20.152326,Malviya Nagar,797.1,4.65,0.231
2026-08-11 14:51:20.152326,Malviya Nagar,707.0,4.77,0.128
2026-08-11 15:51:20.152326,Malviya Nagar,800.5,4.31,0.092
2026-08-11 16:51:20.152326,Malviya Nagar,800.3,4.76,0.061
2026-08-11 17:51:20.152326,Malviya Nagar,842.0,4.31,0.218
2026-08-11 18:51:20.152326,Malviya Nagar,1117.2,4.79,0.079
2026-08-11 19:51:20.152326,Malviya Nagar,1007.7,5.05,0.022
2026-08-11 20:51:20.152326,Malviya Nagar,1126.6,4.63,0.174
2026-08-11 21:51:20.152326,Malviya Nagar,1105.9,4.78,0.234
2026-08-11 22:51:20.152326,Malviya Nagar,798.3,4.34,0.265
2026-08-11 23:51:20.152326,Malviya Nagar,686.9,5.0,0.024
2026-08-12 00:51:20.152326,Malviya Nagar,804.2,4.19,0.379
2026-08-12 01:51:20.152326,Malviya Nagar,824.2,4.7,0.08
2026-08-12 02:51:20.152326,Malviya Nagar,787.3,4.37,0.211
2026-08-12 03:51:20.152326,Malviya Nagar,751.3,3.86,0.345
2026-08-12 04:51:20.152326,Malviya Nagar,819.7,4.57,0.031
2026-08-12 05:51:20.152326,Malviya Nagar,758.0,4.49,0.399
2026-08-12 06:51:20.152326,Malviya Nagar,1147.5,4.34,0.097
2026-08-12 07:51:20.152326,Malviya Nagar,902.1,4.38,0.138
2026-08-12 08:51:20.152326,Malviya Nagar,1068.7,4.53,0.052
2026-08-12 09:51:20.152326,Malviya Nagar,1157.6,4.8,0.049
2026-08-12 10:51:20.152326,Malviya Nagar,809.1,4.46,0.096
2026-08-12 11:51:20.152326,Malviya Nagar,747.7,4.4,0.14
2026-08-12 12:51:20.152326,Malviya Nagar,827.1,4.56,0.114
2026-08-12 13:51:20.152326,Malviya Nagar,796.5,4.76,0.248
2026-08-12 14:51:20.152326,Malviya Nagar,893.0,4.94,0.207
2026-08-12 15:51:20.152326,Malviya Nagar,822.9,4.42,0.354
2026-08-12 16:51:20.152326,Malviya Nagar,780.5,4.46,0.06
2026-08-12 17:51:20.152326,Malviya Nagar,856.1,4.98,0.216
2026-08-12 18:51:20.152326,Malviya Nagar,1022.6,4.64,0.119
2026-08-12 19:51:20.152326,Malviya Nagar,904.8,4.85,0.189
2026-08-12 20:51:20.152326,Malviya Nagar,1222.8,4.62,0.178
2026-08-12 21:51:20.152326,Malviya Nagar,976.9,4.87,0.03
2026-08-12 22:51:20.152326,Malviya Nagar,747.6,4.21,0.411
2026-08-12 23:51:20.152326,Malviya Nagar,924.3,4.5,0.089
2026-08-13 00:51:20.152326,Malviya Nagar,734.4,4.56,0.223
2026-08-13 01:51:20.152326,Malviya Nagar,826.7,4.88,0.219
2026-08-13 02:51:20.152326,Malviya Nagar,824.7,4.57,0.167
2026-08-13 03:51:20.152326,Malviya Nagar,842.2,4.04,0.106
2026-08-13 04:51:20.152326,Malviya Nagar,823.4,4.8,0.09
2026-08-13 05:51:20.152326,Malviya Nagar,732.5,4.17,0.086
2026-08-13 06:51:20.152326,Malviya Nagar,1079.9,4.42,0.058
2026-08-13 07:51:20.152326,Malviya Nagar,1125.5,4.21,0.308
2026-08-13 08:51:20.152326,Malviya Nagar,1060.4,4.35,0.175
2026-08-13 09:51:20.152326,Malviya Nagar,1149.4,4.43,0.047
2026-08-13 10:51:20.152326,Malviya Nagar,788.3,4.66,0.225
2026-08-13 11:51:20.152326,Malviya Nagar,816.1,4.49,0.12
2026-08-13 12:51:20.152326,Malviya Nagar,837.8,4.41,0.148
2026-08-13 13:51:20.152326,Malviya Nagar,746.7,4.74,0.452
2026-08-13 14:51:20.152326,Malviya Nagar,804.7,4.74,0.182
2026-08-13 15:51:20.152326,Malviya Nagar,767.4,3.86,0.089
2026-08-13 16:51:20.152326,Malviya Nagar,877.4,4.07,0.103
2026-08-13 17:51:20.152326,Malviya Nagar,918.5,4.49,0.055
2026-08-13 18:51:20.152326,Malviya Nagar,1036.4,4.48,0.103
2026-08-13 19:51:20.152326,Malviya Nagar,1030.8,4.64,0.006
2026-08-13 20:51:20.152326,Malviya Nagar,1090.6,4.52,0.161
2026-08-13 21:51:20.152326,Malviya Nagar,1047.2,5.1,0.042
2026-08-13 22:51:20.152326,Malviya Nagar,803.4,4.42,0.072
2026-08-13 23:51:20.152326,Malviya Nagar,759.8,4.17,0.044
2026-08-14 00:51:20.152326,Malviya Nagar,782.1,4.42,0.217
2026-08-14 01:51:20.152326,Malviya Nagar,691.4,4.55,0.241
2026-08-14 02:51:20.152326,Malviya Nagar,871.9,4.17,0.103
2026-08-14 03:51:20.152326,Malviya Nagar,875.0,3.88,0.042
2026-08-14 04:51:20.152326,Malviya Nagar,887.2,4.27,0.148
2026-08-14 05:51:20.152326,Malviya Nagar,858.7,4.61,0.124
2026-08-14 06:51:20.152326,Malviya Nagar,1142.5,5.12,0.021
2026-08-14 07:51:20.152326,Malviya Nagar,1300.2,4.31,0.161
2026-08-14 08:51:20.152326,Malviya Nagar,1227.1,4.41,0.069
2026-08-14 09:51:20.152326,Malviya Nagar,1179.2,4.34,0.419
2026-08-14 10:51:20.152326,Malviya Nagar,738.1,4.24,0.246
2026-08-14 11:51:20.152326,Malviya Nagar,915.6,5.03,0.243
2026-08-14 12:51:20.152326,Malviya Nagar,786.4,4.52,0.262
2026-08-14 13:51:20.152326,Malviya Nagar,881.7,4.54,0.273
2026-08-14 14:51:20.152326,Malviya Nagar,874.6,4.99,0.314
2026-08-14 15:51:20.152326,Malviya Nagar,820.2,4.58,0.281
2026-08-14 16:51:20.152326,Malviya Nagar,861.0,4.27,0.195
2026-08-14 17:51:20.152326,Malviya Nagar,799.1,3.92,0.214
2026-08-14 18:51:20.152326,Malviya Nagar,1077.4,4.86,0.309
2026-08-14 19:51:20.152326,Malviya Nagar,1119.6,4.67,0.11
2026-08-14 20:51:20.152326,Malviya Nagar,1018.6,4.06,0.026
2026-08-14 21:51:20.152326,Malviya Nagar,1081.2,4.54,0.219
2026-08-14 22:51:20.152326,Malviya Nagar,759.1,4.68,0.177
2026-08-14 23:51:20.152326,Malviya Nagar,814.7,4.61,0.273
2026-08-15 00:51:20.152326,Malviya Nagar,850.7,4.85,0.177
2026-08-15 01:51:20.152326,Malviya Nagar,823.3,4.33,0.319
2026-08-15 02:51:20.152326,Malviya Nagar,717.5,4.61,0.054
2026-08-15 03:51:20.152326,Malviya Nagar,853.2,4.14,0.281
2026-08-15 04:51:20.152326,Malviya Nagar,856.6,4.31,0.258
2026-08-15 05:51:20.152326,Malviya Nagar,799.5,4.42,0.188
2026-08-15 06:51:20.152326,Malviya Nagar,1146.4,3.9,0.344
2026-08-15 07:51:20.152326,Malviya Nagar,1010.9,3.99,0.08
2026-08-15 08:51:20.152326,Malviya Nagar,1206.8,4.79,0.112
2026-08-15 09:51:20.152326,Malviya Nagar,1143.2,4.25,0.018
2026-08-15 10:51:20.152326,Malviya Nagar,755.1,4.3,0.436
2026-08-15 11:51:20.152326,Malviya Nagar,705.0,4.23,0.289
2026-08-15 12:51:20.152326,Malviya Nagar,828.0,4.5,0.118
2026-08-15 13:51:20.152326,Malviya Nagar,812.5,4.15,0.279
2026-08-15 14:51:20.152326,Malviya Nagar,720.6,4.82,0.122
2026-08-15 15:51:20.152326,Malviya Nagar,783.7,4.38,0.14
2026-08-15 16:51:20.152326,Malviya Nagar,761.3,4.5,0.12
2026-08-15 17:51:20.152326,Malviya Nagar,827.4,4.48,0.016
2026-08-15 18:51:20.152326,Malviya Nagar,1062.5,4.88,0.161
2026-08-15 19:51:20.152326,Malviya Nagar,1000.7,4.59,0.251
2026-08-15 20:51:20.152326,Malviya Nagar,1246.9,4.69,0.078
2026-08-15 21:51:20.152326,Malviya Nagar,1079.8,4.86,0.122
2026-08-15 22:51:20.152326,Malviya Nagar,803.5,4.22,0.051
2026-08-15 23:51:20.152326,Malviya Nagar,785.2,4.8,0.027
2026-08-16 00:51:20.152326,Malviya Nagar,791.7,3.83,0.064
2026-08-16 01:51:20.152326,Malviya Nagar,882.3,4.24,0.587
2026-08-16 02:51:20.152326,Malviya Nagar,749.6,4.66,0.274
2026-08-16 03:51:20.152326,Malviya Nagar,779.6,4.63,0.106
2026-08-16 04:51:20.152326,Malviya Nagar,824.4,4.28,0.09
2026-08-16 05:51:20.152326,Malviya Nagar,787.6,4.46,0.011
2026-08-16 06:51:20.152326,Malviya Nagar,1244.6,4.51,0.235
2026-08-16 07:51:20.152326,Malviya Nagar,1016.2,4.31,0.282
2026-08-16 08:51:20.152326,Malviya Nagar,1222.8,4.36,0.121
2026-08-16 09:51:20.152326,Malviya Nagar,1230.7,4.2,0.457
2026-08-16 10:51:20.152326,Malviya Nagar,777.6,3.71,0.308
2026-08-16 11:51:20.152326,Malviya Nagar,794.8,4.58,0.016
2026-08-16 12:51:20.152326,Malviya Nagar,820.0,4.59,0.251
2026-08-16 13:51:20.152326,Malviya Nagar,788.2,4.35,0.189
2026-08-16 14:51:20.152326,Malviya Nagar,803.6,4.5,0.221
2026-08-16 15:51:20.152326,Malviya Nagar,786.2,4.48,0.35
2026-08-16 16:51:20.152326,Malviya Nagar,727.7,4.43,0.016
2026-08-16 17:51:20.152326,Malviya Nagar,685.6,4.12,0.187
2026-08-16 18:51:20.152326,Malviya Nagar,844.7,4.79,0.012
2026-08-16 19:51:20.152326,Malviya Nagar,1083.4,4.68,0.113
2026-08-16 20:51:20.152326,Malviya Nagar,1040.7,4.71,0.244
2026-08-16 21:51:20.152326,Malviya Nagar,922.9,4.88,0.145
2026-08-16 22:51:20.152326,Malviya Nagar,756.0,4.6,0.163
2026-08-16 23:51:20.152326,Malviya Nagar,830.1,4.58,0.358
2026-08-17 00:51:20.152326,Malviya Nagar,757.6,4.24,0.021
2026-08-17 01:51:20.152326,Malviya Nagar,712.2,4.31,0.053
2026-08-17 02:51:20.152326,Malviya Nagar,842.8,4.37,0.257
2026-08-17 03:51:20.152326,Malviya Nagar,801.8,4.52,0.118
2026-08-17 04:51:20.152326,Malviya Nagar,785.8,4.78,0.141
2026-08-17 05:51:20.152326,Malviya Nagar,788.7,4.11,0.279
2026-08-17 06:51:20.152326,Malviya Nagar,1228.7,4.03,0.109
2026-08-17 07:51:20.152326,Malviya Nagar,1140.9,4.8,0.028
2026-08-17 08:51:20.152326,Malviya Nagar,1041.1,3.87,0.114
2026-08-17 09:51:20.152326,Malviya Nagar,1092.3,4.41,0.252
2026-08-17 10:51:20.152326,Malviya Nagar,754.0,4.43,0.299
2026-08-17 11:51:20.152326,Malviya Nagar,821.5,4.15,0.373
2026-08-17 12:51:20.152326,Malviya Nagar,838.4,4.17,0.057
2026-08-17 13:51:20.152326,Malviya Nagar,857.2,4.63,0.021
2026-08-17 14:51:20.152326,Malviya Nagar,754.5,4.04,0.037
2026-08-17 15:51:20.152326,Malviya Nagar,733.7,5.08,0.182
2026-08-17 16:51:20.152326,Malviya Nagar,887.5,5.16,0.198
2026-08-17 17:51:20.152326,Malviya Nagar,723.5,4.28,0.055
2026-08-17 18:51:20.152326,Malviya Nagar,1008.9,4.33,0.044
2026-08-17 19:51:20.152326,Malviya Nagar,1144.6,4.71,0.107
2026-08-17 20:51:20.152326,Malviya Nagar,1128.9,4.59,0.186
2026-08-17 21:51:20.152326,Malviya Nagar,950.6,4.54,0.376
2026-08-17 22:51:20.152326,Malviya Nagar,824.0,4.15,0.297
2026-08-17 23:51:20.152326,Malviya Nagar,865.4,4.65,0.093
2026-08-18 00:51:20.152326,Malviya Nagar,831.0,5.23,0.478
2026-08-18 01:51:20.152326,Malviya Nagar,771.3,5.19,0.162
2026-08-18 02:51:20.152326,Malviya Nagar,764.8,5.12,0.197
2026-08-18 03:51:20.152326,Malviya Nagar,813.6,4.98,0.06
2026-08-18 04:51:20.152326,Malviya Nagar,803.5,4.66,0.086
2026-08-18 05:51:20.152326,Malviya Nagar,796.0,4.59,0.197
2026-08-18 06:51:20.152326,Malviya Nagar,1010.9,4.12,0.105
2026-08-18 07:51:20.152326,Malviya Nagar,1184.7,4.52,0.121
2026-08-18 08:51:20.152326,Malviya Nagar,1037.4,5.0,0.004
2026-08-18 09:51:20.152326,Malviya Nagar,1020.0,4.64,0.195
2026-08-18 10:51:20.152326,Malviya Nagar,870.9,4.55,0.178
2026-08-18 11:51:20.152326,Malviya Nagar,809.6,4.56,0.177
2026-08-18 12:51:20.152326,Malviya Nagar,768.4,4.81,0.11
2026-08-18 13:51:20.152326,Malviya Nagar,844.2,4.22,0.442
2026-08-18 14:51:20.152326,Malviya Nagar,772.0,4.41,0.076
2026-08-18 15:51:20.152326,Malviya Nagar,803.5,4.75,0.036
2026-08-18 16:51:20.152326,Malviya Nagar,808.1,4.64,0.539
2026-08-18 17:51:20.152326,Malviya Nagar,722.7,3.76,0.148
2026-08-18 18:51:20.152326,Malviya Nagar,919.4,4.99,0.176
2026-08-18 19:51:20.152326,Malviya Nagar,1055.1,4.73,0.157
2026-08-18 20:51:20.152326,Malviya Nagar,986.9,4.04,0.108
2026-08-18 21:51:20.152326,Malviya Nagar,1082.5,4.48,0.293
2026-08-18 22:51:20.152326,Malviya Nagar,735.0,4.5,0.45
2026-08-18 23:51:20.152326,Malviya Nagar,860.0,4.07,0.079
2026-08-19 00:51:20.152326,Malviya Nagar,771.2,4.71,0.325
2026-08-19 01:51:20.152326,Malviya Nagar,731.9,4.83,0.186
2026-08-19 02:51:20.152326,Malviya Nagar,847.9,4.27,0.402
2026-08-19 03:51:20.152326,Malviya Nagar,834.4,4.44,0.152
2026-08-19 04:51:20.152326,Malviya Nagar,706.3,4.38,0.024
2026-08-19 05:51:20.152326,Malviya Nagar,781.4,4.63,0.114
2026-08-19 06:51:20.152326,Malviya Nagar,985.2,5.07,0.467
2026-08-19 07:51:20.152326,Malviya Nagar,1121.9,4.76,0.096
2026-08-19 08:51:20.152326,Malviya Nagar,989.1,4.45,0.048
2026-08-19 09:51:20.152326,Malviya Nagar,1027.8,4.22,0.119
2026-08-19 10:51:20.152326,Malviya Nagar,817.1,4.07,0.263
2026-08-19 11:51:20.152326,Malviya Nagar,763.1,4.48,0.199
2026-08-19 12:51:20.152326,Malviya Nagar,721.8,4.4,0.141
2026-08-19 13:51:20.152326,Malviya Nagar,741.6,4.24,0.034
2026-08-19 14:51:20.152326,Malviya Nagar,807.8,4.9,0.167
2026-08-19 15:51:20.152326,Malviya Nagar,831.1,4.22,0.021
2026-08-19 16:51:20.152326,Malviya Nagar,846.8,4.67,0.028
2026-08-19 17:51:20.152326,Malviya Nagar,838.7,4.26,0.373
2026-08-19 18:51:20.152326,Malviya Nagar,1044.4,4.69,0.364
2026-08-19 19:51:20.152326,Malviya Nagar,1067.2,4.59,0.194
2026-08-19 20:51:20.152326,Malviya Nagar,1013.0,4.72,0.024
2026-08-19 21:51:20.152326,Malviya Nagar,1105.1,4.45,0.02
2026-08-19 22:51:20.152326,Malviya Nagar,706.0,4.46,0.087
2026-08-19 23:51:20.152326,Malviya Nagar,792.0,4.58,0.024
2026-08-20 00:51:20.152326,Malviya Nagar,840.0,4.03,0.035
2026-08-20 01:51:20.152326,Malviya Nagar,759.4,4.46,0.099
2026-08-20 02:51:20.152326,Malviya Nagar,785.5,4.29,0.173
2026-08-20 03:51:20.152326,Malviya Nagar,814.4,4.31,0.023
2026-08-20 04:51:20.152326,Malviya Nagar,796.7,4.8,0.403
2026-08-20 05:51:20.152326,Malviya Nagar,771.6,4.35,0.037
2026-08-20 06:51:20.152326,Malviya Nagar,1027.3,4.04,0.188
2026-08-20 07:51:20.152326,Malviya Nagar,1180.0,4.33,0.229
2026-08-20 08:51:20.152326,Malviya Nagar,987.0,4.7,0.107
2026-08-20 09:51:20.152326,Malviya Nagar,1056.5,4.3,0.293
2026-08-20 10:51:20.152326,Malviya Nagar,742.1,4.26,0.072
2026-08-20 11:51:20.152326,Malviya Nagar,802.2,3.86,0.025
2026-08-20 12:51:20.152326,Malviya Nagar,703.5,4.89,0.11
2026-08-20 13:51:20.152326,Malviya Nagar,766.4,4.37,0.281
2026-08-20 14:51:20.152326,Malviya Nagar,738.6,4.19,0.069
2026-08-20 15:51:20.152326,Malviya Nagar,840.0,3.96,0.051
2026-08-20 16:51:20.152326,Malviya Nagar,807.2,4.39,0.268
2026-08-20 17:51:20.152326,Malviya Nagar,905.4,4.81,0.236
2026-08-20 18:51:20.152326,Malviya Nagar,987.5,4.79,0.2
2026-08-20 19:51:20.152326,Malviya Nagar,1093.8,4.69,0.068
2026-08-20 20:51:20.152326,Malviya Nagar,940.2,5.0,0.307
2026-08-20 21:51:20.152326,Malviya Nagar,1140.1,4.24,0.085
2026-08-20 22:51:20.152326,Malviya Nagar,735.6,4.39,0.034
2026-08-20 23:51:20.152326,Malviya Nagar,831.2,4.7,0.296
2026-08-21 00:51:20.152326,Malviya Nagar,770.5,4.54,0.069
2026-08-21 01:51:20.152326,Malviya Nagar,788.4,4.59,0.089
2026-08-21 02:51:20.152326,Malviya Nagar,816.4,4.34,0.175
2026-08-21 03:51:20.152326,Malviya Nagar,864.3,4.84,0.719
2026-08-21 04:51:20.152326,Malviya Nagar,813.2,4.55,0.202
2026-08-21 05:51:20.152326,Malviya Nagar,847.4,4.6,0.04
2026-08-21 06:51:20.152326,Malviya Nagar,1244.3,4.33,0.306
2026-08-21 07:51:20.152326,Malviya Nagar,1086.1,4.81,0.085
2026-08-21 08:51:20.152326,Malviya Nagar,1001.8,4.47,0.036
2026-08-21 09:51:20.152326,Malviya Nagar,1195.1,4.55,0.091
2026-08-21 10:51:20.152326,Malviya Nagar,749.3,4.23,0.079
2026-08-21 11:51:20.152326,Malviya Nagar,877.5,4.26,0.425
2026-08-21 12:51:20.152326,Malviya Nagar,710.2,5.04,0.228
2026-08-21 13:51:20.152326,Malviya Nagar,806.8,4.67,0.245
2026-08-21 14:51:20.152326,Malviya Nagar,787.5,4.56,0.093
2026-08-21 15:51:20.152326,Malviya Nagar,679.9,3.93,0.1
2026-08-21 16:51:20.152326,Malviya Nagar,832.0,4.79,0.021
2026-08-21 17:51:20.152326,Malviya Nagar,834.2,4.84,0.29
2026-08-21 18:51:20.152326,Malviya Nagar,1049.8,4.31,0.3
2026-08-21 19:51:20.152326,Malviya Nagar,1146.9,4.32,0.443
2026-08-21 20:51:20.152326,Malviya Nagar,1106.7,5.07,0.068
2026-08-21 21:51:20.152326,Malviya Nagar,1000.8,4.25,0.264
2026-08-21 22:51:20.152326,Malviya Nagar,772.8,4.8,0.121
2026-08-21 23:51:20.152326,Malviya Nagar,763.2,4.09,0.249
2026-08-22 00:51:20.152326,Malviya Nagar,686.5,4.2,0.129
2026-08-22 01:51:20.152326,Malviya Nagar,751.6,4.48,0.276
2026-08-22 02:51:20.152326,Malviya Nagar,828.4,4.62,0.131
2026-08-22 03:51:20.152326,Malviya Nagar,841.3,4.42,0.06
2026-08-22 04:51:20.152326,Malviya Nagar,813.6,4.22,0.175
2026-08-22 05:51:20.152326,Malviya Nagar,780.8,4.42,0.102
2026-08-22 06:51:20.152326,Malviya Nagar,1159.8,4.17,0.128
2026-08-22 07:51:20.152326,Malviya Nagar,1062.6,5.35,0.427
2026-08-22 08:51:20.152326,Malviya Nagar,1173.5,4.4,0.235
2026-08-22 09:51:20.152326,Malviya Nagar,1007.0,4.74,0.048
2026-08-22 10:51:20.152326,Malviya Nagar,756.0,4.25,0.12
2026-08-22 11:51:20.152326,Malviya Nagar,928.0,4.46,0.058
2026-08-22 12:51:20.152326,Malviya Nagar,871.6,4.73,0.155
2026-08-22 13:51:20.152326,Malviya Nagar,735.5,3.41,0.261
2026-08-22 14:51:20.152326,Malviya Nagar,784.8,4.15,0.031
2026-08-22 15:51:20.152326,Malviya Nagar,713.7,4.38,0.024
2026-08-22 16:51:20.152326,Malviya Nagar,772.6,4.64,0.278
2026-08-22 17:51:20.152326,Malviya Nagar,764.9,4.5,0.324
2026-08-22 18:51:20.152326,Malviya Nagar,928.3,4.2,0.171
2026-08-22 19:51:20.152326,Malviya Nagar,1030.6,4.53,0.114
2026-08-22 20:51:20.152326,Malviya Nagar,1022.4,5.14,0.071
2026-08-22 21:51:20.152326,Malviya Nagar,975.9,4.29,0.066
2026-08-22 22:51:20.152326,Malviya Nagar,671.9,4.35,0.305
2026-08-22 23:51:20.152326,Malviya Nagar,798.5,4.51,0.102
2026-08-23 00:51:20.152326,Malviya Nagar,815.3,4.27,0.074
2026-08-23 01:51:20.152326,Malviya Nagar,837.9,5.05,0.255
2026-08-23 02:51:20.152326,Malviya Nagar,645.5,4.24,0.038
2026-08-23 03:51:20.152326,Malviya Nagar,756.6,4.92,0.073
2026-08-23 04:51:20.152326,Malviya Nagar,756.4,4.58,0.046
2026-08-23 05:51:20.152326,Malviya Nagar,827.7,4.8,0.281
2026-08-23 06:51:20.152326,Malviya Nagar,1055.4,4.18,0.151
2026-08-23 07:51:20.152326,Malviya Nagar,1283.7,4.52,0.196
2026-08-23 08:51:20.152326,Malviya Nagar,1243.7,4.7,0.338
2026-08-23 09:51:20.152326,Malviya Nagar,1127.1,4.3,0.035
2026-08-23 10:51:20.152326,Malviya Nagar,760.0,4.19,0.27
2026-08-23 11:51:20.152326,Malviya Nagar,832.2,4.32,0.213
2026-08-23 12:51:20.152326,Malviya Nagar,823.2,4.67,0.157
2026-08-23 13:51:20.152326,Malviya Nagar,771.7,5.03,0.03
2026-08-23 14:51:20.152326,Malviya Nagar,799.5,4.45,0.157
2026-08-23 15:51:20.152326,Malviya Nagar,783.2,4.45,0.107
2026-08-23 16:51:20.152326,Malviya Nagar,834.0,4.42,0.068
2026-08-23 17:51:20.152326,Malviya Nagar,810.4,4.18,0.056
2026-08-23 18:51:20.152326,Malviya Nagar,975.1,4.48,0.079
2026-08-23 19:51:20.152326,Malviya Nagar,1146.4,4.0,0.448
2026-08-23 20:51:20.152326,Malviya Nagar,1034.7,4.87,0.101
2026-08-23 21:51:20.152326,Malviya Nagar,982.8,4.06,0.392
2026-08-23 22:51:20.152326,Malviya Nagar,758.1,4.64,0.22
2026-08-23 23:51:20.152326,Malviya Nagar,768.4,4.6,0.104
2026-08-24 00:51:20.152326,Malviya Nagar,625.5,4.39,0.219
2026-08-24 01:51:20.152326,Malviya Nagar,765.8,4.63,0.068
2026-08-24 02:51:20.152326,Malviya Nagar,831.5,4.75,0.239
2026-08-24 03:51:20.152326,Malviya Nagar,815.5,4.44,0.117
2026-08-24 04:51:20.152326,Malviya Nagar,764.3,4.51,0.28
2026-08-24 05:51:20.152326,Malviya Nagar,758.1,4.46,0.041
2026-08-24 06:51:20.152326,Malviya Nagar,1082.7,4.42,0.106
2026-08-24 07:51:20.152326,Malviya Nagar,1105.3,4.54,0.033
2026-08-24 08:51:20.152326,Malviya Nagar,1077.9,4.55,0.148
2026-08-24 09:51:20.152326,Malviya Nagar,1085.1,4.19,0.347
2026-08-24 10:51:20.152326,Malviya Nagar,883.9,4.85,0.26
2026-08-24 11:51:20.152326,Malviya Nagar,771.1,4.71,0.063
2026-08-24 12:51:20.152326,Malviya Nagar,745.2,4.56,0.09
2026-08-24 13:51:20.152326,Malviya Nagar,832.0,4.41,0.107
2026-08-24 14:51:20.152326,Malviya Nagar,835.2,3.95,0.264
2026-08-24 15:51:20.152326,Malviya Nagar,657.1,4.47,0.147
2026-08-24 16:51:20.152326,Malviya Nagar,911.7,4.27,0.134
2026-08-24 17:51:20.152326,Malviya Nagar,903.6,4.48,0.083
2026-08-24 18:51:20.152326,Malviya Nagar,1077.2,5.21,0.1
2026-08-24 19:51:20.152326,Malviya Nagar,966.7,4.53,0.073
2026-08-24 20:51:20.152326,Malviya Nagar,1056.8,4.59,0.133
2026-08-24 21:51:20.152326,Malviya Nagar,984.0,4.9,0.209
2026-08-24 22:51:20.152326,Malviya Nagar,868.3,5.05,0.093
2026-08-24 23:51:20.152326,Malviya Nagar,738.2,5.28,0.224
2026-08-25 00:51:20.152326,Malviya Nagar,764.3,4.8,0.088
2026-08-25 01:51:20.152326,Malviya Nagar,835.8,4.43,0.229
2026-08-25 02:51:20.152326,Malviya Nagar,880.7,3.88,0.034
2026-08-25 03:51:20.152326,Malviya Nagar,783.7,4.43,0.055
2026-08-25 04:51:20.152326,Malviya Nagar,814.1,3.79,0.136
2026-08-25 05:51:20.152326,Malviya Nagar,845.2,4.57,0.095
2026-08-25 06:51:20.152326,Malviya Nagar,1156.5,4.88,0.019
2026-08-25 07:51:20.152326,Malviya Nagar,1114.1,4.68,0.284
2026-08-25 08:51:20.152326,Malviya Nagar,1112.5,4.63,0.141
2026-08-25 09:51:20.152326,Malviya Nagar,1080.9,4.25,0.102
2026-08-25 10:51:20.152326,Malviya Nagar,726.7,4.77,0.226
2026-08-25 11:51:20.152326,Malviya Nagar,770.7,4.22,0.099
2026-08-25 12:51:20.152326,Malviya Nagar,773.1,4.91,0.399
2026-08-25 13:51:20.152326,Malviya Nagar,717.8,4.42,0.053
2026-08-25 14:51:20.152326,Malviya Nagar,798.8,4.49,0.225
2026-08-25 15:51:20.152326,Malviya Nagar,773.7,4.38,0.047
2026-08-25 16:51:20.152326,Malviya Nagar,784.9,4.42,0.092
2026-08-25 17:51:20.152326,Malviya Nagar,808.8,4.72,0.152
2026-08-25 18:51:20.152326,Malviya Nagar,1078.5,4.87,0.179
2026-08-25 19:51:20.152326,Malviya Nagar,1018.3,4.63,0.502
2026-08-25 20:51:20.152326,Malviya Nagar,1105.9,4.4,0.133
2026-08-25 21:51:20.152326,Malviya Nagar,1038.4,4.35,0.062
2026-08-25 22:51:20.152326,Malviya Nagar,787.5,4.64,0.121
2026-08-25 23:51:20.152326,Malviya Nagar,724.8,4.56,0.229
2026-08-26 00:51:20.152326,Malviya Nagar,765.1,4.54,0.192
2026-08-26 01:51:20.152326,Malviya Nagar,899.3,4.57,0.147
2026-08-26 02:51:20.152326,Malviya Nagar,812.4,4.14,0.066
2026-08-26 03:51:20.152326,Malviya Nagar,776.2,4.49,0.224
2026-08-26 04:51:20.152326,Malviya Nagar,871.6,4.02,0.105
2026-08-26 05:51:20.152326,Malviya Nagar,745.3,4.0,0.085
2026-08-26 06:51:20.152326,Malviya Nagar,1045.4,4.9,0.251
2026-08-26 07:51:20.152326,Malviya Nagar,1022.2,3.81,0.116
2026-08-26 08:51:20.152326,Malviya Nagar,1112.0,4.5,0.031
2026-08-26 09:51:20.152326,Malviya Nagar,1167.8,4.63,0.045
2026-08-26 10:51:20.152326,Malviya Nagar,738.2,4.53,0.343
2026-08-26 11:51:20.152326,Malviya Nagar,769.5,5.08,0.357
2026-08-26 12:51:20.152326,Malviya Nagar,810.8,4.85,0.086
2026-08-26 13:51:20.152326,Malviya Nagar,784.8,4.26,0.111
2026-08-26 14:51:20.152326,Malviya Nagar,868.5,4.71,0.215
2026-08-26 15:51:20.152326,Malviya Nagar,885.7,4.13,0.164
2026-08-26 16:51:20.152326,Malviya Nagar,737.5,5.04,0.132
2026-08-26 17:51:20.152326,Malviya Nagar,733.9,4.82,0.182
2026-08-26 18:51:20.152326,Malviya Nagar,1017.7,4.34,0.147
2026-08-26 19:51:20.152326,Malviya Nagar,1089.8,4.64,0.063
2026-08-26 20:51:20.152326,Malviya Nagar,1133.5,4.44,0.166
2026-08-26 21:51:20.152326,Malviya Nagar,1147.8,4.38,0.034
2026-08-26 22:51:20.152326,Malviya Nagar,774.3,4.42,0.018
2026-08-26 23:51:20.152326,Malviya Nagar,750.1,4.42,0.095
2026-08-27 00:51:20.152326,Malviya Nagar,745.3,4.6,0.056
2026-08-27 01:51:20.152326,Malviya Nagar,850.6,4.52,0.094
2026-08-27 02:51:20.152326,Malviya Nagar,869.2,4.56,0.144
2026-08-27 03:51:20.152326,Malviya Nagar,856.2,4.29,0.365
2026-08-27 04:51:20.152326,Malviya Nagar,855.4,4.25,0.416
2026-08-27 05:51:20.152326,Malviya Nagar,822.8,4.81,0.179
2026-08-27 06:51:20.152326,Malviya Nagar,1050.1,4.3,0.289
2026-08-27 07:51:20.152326,Malviya Nagar,1160.4,4.29,0.268
2026-08-27 08:51:20.152326,Malviya Nagar,1146.2,4.61,0.12
2026-08-27 09:51:20.152326,Malviya Nagar,1174.1,4.11,0.25
2026-08-27 10:51:20.152326,Malviya Nagar,708.6,5.01,0.258
2026-08-27 11:51:20.152326,Malviya Nagar,843.0,4.64,0.092
2026-08-27 12:51:20.152326,Malviya Nagar,613.5,5.1,0.138
2026-08-27 13:51:20.152326,Malviya Nagar,826.6,4.68,0.251
2026-08-27 14:51:20.152326,Malviya Nagar,745.5,4.69,0.008
2026-08-27 15:51:20.152326,Malviya Nagar,890.5,4.42,0.176
2026-08-27 16:51:20.152326,Malviya Nagar,729.8,4.72,0.33
2026-08-27 17:51:20.152326,Malviya Nagar,752.6,4.65,0.093
2026-08-27 18:51:20.152326,Malviya Nagar,983.0,4.8,0.192
2026-08-27 19:51:20.152326,Malviya Nagar,1088.6,4.63,0.036
2026-08-27 20:51:20.152326,Malviya Nagar,921.8,4.16,0.321
2026-08-27 21:51:20.152326,Malviya Nagar,1086.3,4.63,0.025
2026-08-27 22:51:20.152326,Malviya Nagar,878.7,3.57,0.015
2026-08-27 23:51:20.152326,Malviya Nagar,737.3,4.35,0.233
2026-08-28 00:51:20.152326,Malviya Nagar,762.6,4.28,0.347
2026-08-28 01:51:20.152326,Malviya Nagar,842.2,4.53,0.032
2026-08-28 02:51:20.152326,Malviya Nagar,764.2,4.55,0.339
2026-08-28 03:51:20.152326,Malviya Nagar,909.3,4.51,0.245
2026-08-28 04:51:20.152326,Malviya Nagar,714.7,4.62,0.135
2026-08-28 05:51:20.152326,Malviya Nagar,857.7,4.35,0.084
2026-08-28 06:51:20.152326,Malviya Nagar,1058.0,4.36,0.295
2026-08-28 07:51:20.152326,Malviya Nagar,1009.7,4.8,0.162
2026-08-28 08:51:20.152326,Malviya Nagar,1039.5,4.23,0.11
2026-08-28 09:51:20.152326,Malviya Nagar,1158.1,4.64,0.231
2026-08-28 10:51:20.152326,Malviya Nagar,832.5,4.27,0.074
2026-08-28 11:51:20.152326,Malviya Nagar,776.3,4.87,0.099
2026-08-28 12:51:20.152326,Malviya Nagar,810.7,4.49,0.253
2026-08-28 13:51:20.152326,Malviya Nagar,830.0,4.44,0.123
2026-08-28 14:51:20.152326,Malviya Nagar,868.2,3.82,0.158
2026-08-28 15:51:20.152326,Malviya Nagar,734.9,4.38,0.089
2026-08-28 16:51:20.152326,Malviya Nagar,869.7,4.78,0.123
2026-08-28 17:51:20.152326,Malviya Nagar,731.5,4.86,0.317
2026-08-28 18:51:20.152326,Malviya Nagar,1051.1,4.44,0.178
2026-08-28 19:51:20.152326,Malviya Nagar,1141.6,4.34,0.167
2026-08-28 20:51:20.152326,Malviya Nagar,1001.9,4.34,0.201
2026-08-28 21:51:20.152326,Malviya Nagar,989.2,4.42,0.085
2026-08-28 22:51:20.152326,Malviya Nagar,831.9,4.76,0.112
2026-08-28 23:51:20.152326,Malviya Nagar,867.0,4.29,0.048
2026-08-29 00:51:20.152326,Malviya Nagar,883.0,4.74,0.028
2026-08-29 01:51:20.152326,Malviya Nagar,844.4,4.67,0.072
2026-08-29 02:51:20.152326,Malviya Nagar,821.6,4.32,0.103
2026-08-29 03:51:20.152326,Malviya Nagar,814.8,5.0,0.024
2026-08-29 04:51:20.152326,Malviya Nagar,783.8,4.37,0.215
2026-08-29 05:51:20.152326,Malviya Nagar,823.0,4.36,0.176
2026-08-29 06:51:20.152326,Malviya Nagar,1336.8,4.34,0.231
2026-08-29 07:51:20.152326,Malviya Nagar,1180.6,4.31,0.16
2026-08-29 08:51:20.152326,Malviya Nagar,1089.3,4.8,0.14
2026-08-29 09:51:20.152326,Malviya Nagar,1136.5,4.33,0.049
2026-08-29 10:51:20.152326,Malviya Nagar,801.2,4.57,0.253
2026-08-29 11:51:20.152326,Malviya Nagar,818.0,4.42,0.369
2026-08-29 12:51:20.152326,Malviya Nagar,876.3,4.03,0.045
2026-08-29 13:51:20.152326,Malviya Nagar,822.9,4.72,0.196
2026-08-29 14:51:20.152326,Malviya Nagar,793.0,4.07,0.03
2026-08-29 15:51:20.152326,Malviya Nagar,822.4,3.96,0.099
2026-08-29 16:51:20.152326,Malviya Nagar,821.7,4.37,0.065
2026-08-29 17:51:20.152326,Malviya Nagar,823.9,4.25,0.235
2026-08-29 18:51:20.152326,Malviya Nagar,1035.4,4.75,0.115
2026-08-29 19:51:20.152326,Malviya Nagar,1005.5,4.43,0.47
2026-08-29 20:51:20.152326,Malviya Nagar,1061.9,4.18,0.136
2026-08-29 21:51:20.152326,Malviya Nagar,1073.9,4.76,0.285
2026-08-29 22:51:20.152326,Malviya Nagar,884.3,5.06,0.065
2026-08-29 23:51:20.152326,Malviya Nagar,736.7,3.95,0.107
2026-08-30 00:51:20.152326,Malviya Nagar,849.6,4.33,0.069
2026-08-30 01:51:20.152326,Malviya Nagar,711.3,4.2,0.019
2026-08-30 02:51:20.152326,Malviya Nagar,771.3,4.17,0.085
2026-08-30 03:51:20.152326,Malviya Nagar,711.6,4.79,0.116
2026-08-30 04:51:20.152326,Malviya Nagar,836.7,4.59,0.087
2026-08-30 05:51:20.152326,Malviya Nagar,713.0,4.94,0.371
2026-08-30 06:51:20.152326,Malviya Nagar,889.8,4.29,0.272
2026-08-30 07:51:20.152326,Malviya Nagar,1124.7,4.26,0.108
2026-08-30 08:51:20.152326,Malviya Nagar,1120.0,3.94,0.145
2026-08-30 09:51:20.152326,Malviya Nagar,1107.9,4.38,0.423
2026-08-30 10:51:20.152326,Malviya Nagar,705.3,4.51,0.298
2026-08-30 11:51:20.152326,Malviya Nagar,768.6,4.49,0.149
2026-08-30 12:51:20.152326,Malviya Nagar,856.0,4.52,0.034
2026-08-30 13:51:20.152326,Malviya Nagar,763.9,3.97,0.131
2026-08-30 14:51:20.152326,Malviya Nagar,770.1,4.7,0.177
2026-08-30 15:51:20.152326,Malviya Nagar,835.9,4.55,0.164
2026-08-30 16:51:20.152326,Malviya Nagar,753.6,4.46,0.383
2026-08-30 17:51:20.152326,Malviya Nagar,734.9,5.25,0.032
2026-08-30 18:51:20.152326,Malviya Nagar,1112.1,4.51,0.065
2026-08-30 19:51:20.152326,Malviya Nagar,1042.5,4.89,0.321
2026-08-30 20:51:20.152326,Malviya Nagar,1025.4,4.44,0.177
2026-08-30 21:51:20.152326,Malviya Nagar,1077.9,4.71,0.064
2026-08-30 22:51:20.152326,Malviya Nagar,927.8,4.37,0.206
2026-08-30 23:51:20.152326,Malviya Nagar,772.6,4.5,0.085
2026-08-31 00:51:20.152326,Malviya Nagar,705.4,4.32,0.211
2026-08-31 01:51:20.152326,Malviya Nagar,817.6,4.54,0.107
2026-08-31 02:51:20.152326,Malviya Nagar,766.3,4.97,0.114
2026-08-31 03:51:20.152326,Malviya Nagar,694.5,4.24,0.172
2026-08-31 04:51:20.152326,Malviya Nagar,855.3,4.86,0.179
2026-08-31 05:51:20.152326,Malviya Nagar,734.4,4.72,0.063
2026-08-31 06:51:20.152326,Malviya Nagar,1036.8,4.75,0.126
2026-08-31 07:51:20.152326,Malviya Nagar,1108.0,4.4,0.054
2026-08-31 08:51:20.152326,Malviya Nagar,1042.9,4.66,0.31
2026-08-31 09:51:20.152326,Malviya Nagar,1131.7,4.64,0.141
2026-08-31 10:51:20.152326,Malviya Nagar,830.1,4.4,0.057
2026-08-31 11:51:20.152326,Malviya Nagar,783.6,4.19,0.082
2026-08-31 12:51:20.152326,Malviya Nagar,860.1,4.13,0.319
2026-08-31 13:51:20.152326,Malviya Nagar,737.4,4.26,0.139
2026-08-31 14:51:20.152326,Malviya Nagar,829.9,4.71,0.093
2026-08-31 15:51:20.152326,Malviya Nagar,796.0,4.67,0.103
2026-08-31 16:51:20.152326,Malviya Nagar,765.6,4.17,0.019
2026-08-31 17:51:20.152326,Malviya Nagar,791.6,4.79,0.456
2026-08-31 18:51:20.152326,Malviya Nagar,1091.1,4.04,0.197
2026-08-31 19:51:20.152326,Malviya Nagar,1218.1,4.58,0.078
2026-08-31 20:51:20.152326,Malviya Nagar,1042.3,4.97,0.194
2026-08-31 21:51:20.152326,Malviya Nagar,1090.4,4.7,0.262
2026-08-31 22:51:20.152326,Malviya Nagar,744.9,4.74,0.169
2026-08-31 23:51:20.152326,Malviya Nagar,775.3,4.05,0.314
2026-09-01 00:51:20.152326,Malviya Nagar,820.9,4.68,0.209
2026-09-01 01:51:20.152326,Malviya Nagar,818.7,4.18,0.131
2026-09-01 02:51:20.152326,Malviya Nagar,790.4,4.88,0.066
2026-09-01 03:51:20.152326,Malviya Nagar,834.5,4.31,0.228
2026-09-01 04:51:20.152326,Malviya Nagar,719.2,4.51,0.374
2026-09-01 05:51:20.152326,Malviya Nagar,962.9,4.17,0.185
2026-09-01 06:51:20.152326,Malviya Nagar,968.1,4.31,0.177
2026-09-01 07:51:20.152326,Malviya Nagar,1162.0,4.84,0.191
2026-09-01 08:51:20.152326,Malviya Nagar,1053.9,4.47,0.103
2026-09-01 09:51:20.152326,Malviya Nagar,1171.1,4.42,0.087
2026-09-01 10:51:20.152326,Malviya Nagar,794.4,4.0,0.176
2026-09-01 11:51:20.152326,Malviya Nagar,707.8,4.87,0.144
2026-09-01 12:51:20.152326,Malviya Nagar,909.3,4.27,0.426
2026-09-01 13:51:20.152326,Malviya Nagar,776.1,4.6,0.181
2026-09-01 14:51:20.152326,Malviya Nagar,751.8,4.46,0.249
2026-09-01 15:51:20.152326,Malviya Nagar,899.7,4.82,0.082
2026-09-01 16:51:20.152326,Malviya Nagar,756.1,4.77,0.38
2026-09-01 17:51:20.152326,Malviya Nagar,849.6,4.5,0.004
2026-09-01 18:51:20.152326,Malviya Nagar,925.2,4.39,0.064
2026-09-01 19:51:20.152326,Malviya Nagar,994.5,4.22,0.208
2026-09-01 20:51:20.152326,Malviya Nagar,1008.3,4.35,0.116
2026-09-01 21:51:20.152326,Malviya Nagar,1110.2,4.15,0.183
2026-09-01 22:51:20.152326,Malviya Nagar,781.4,4.32,0.339
2026-09-01 23:51:20.152326,Malviya Nagar,855.6,4.07,0.146
2026-09-02 00:51:20.152326,Malviya Nagar,685.4,4.26,0.025
2026-09-02 01:51:20.152326,Malviya Nagar,696.9,4.42,0.453
2026-09-02 02:51:20.152326,Malviya Nagar,773.4,4.29,0.097
2026-09-02 03:51:20.152326,Malviya Nagar,782.9,4.74,0.105
2026-09-02 04:51:20.152326,Malviya Nagar,911.7,4.89,0.192
2026-09-02 05:51:20.152326,Malviya Nagar,764.3,4.52,0.008
2026-09-02 06:51:20.152326,Malviya Nagar,1035.7,4.5,0.208
2026-09-02 07:51:20.152326,Malviya Nagar,1250.1,4.29,0.214
2026-09-02 08:51:20.152326,Malviya Nagar,1196.7,3.73,0.14
2026-09-02 09:51:20.152326,Malviya Nagar,1092.8,4.72,0.147
2026-09-02 10:51:20.152326,Malviya Nagar,807.1,4.33,0.144
2026-09-02 11:51:20.152326,Malviya Nagar,694.3,4.32,0.346
2026-09-02 12:51:20.152326,Malviya Nagar,900.9,4.27,0.132
2026-09-02 13:51:20.152326,Malviya Nagar,723.4,4.58,0.158
2026-09-02 14:51:20.152326,Malviya Nagar,771.2,5.1,0.145
2026-09-02 15:51:20.152326,Malviya Nagar,843.6,4.43,0.365
2026-09-02 16:51:20.152326,Malviya Nagar,860.5,4.22,0.173
2026-09-02 17:51:20.152326,Malviya Nagar,795.2,4.34,0.151
2026-09-02 18:51:20.152326,Malviya Nagar,1127.2,4.16,0.036
2026-09-02 19:51:20.152326,Malviya Nagar,1049.7,4.4,0.042
2026-09-02 20:51:20.152326,Malviya Nagar,998.0,3.47,0.113
2026-09-02 21:51:20.152326,Malviya Nagar,943.9,5.03,0.085
2026-09-02 22:51:20.152326,Malviya Nagar,937.8,4.38,0.283
2026-09-02 23:51:20.152326,Malviya Nagar,722.7,4.93,0.11
2026-09-03 00:51:20.152326,Malviya Nagar,771.6,4.6,0.361
2026-09-03 01:51:20.152326,Malviya Nagar,836.7,5.31,0.068
2026-09-03 02:51:20.152326,Malviya Nagar,744.0,4.23,0.195
2026-09-03 03:51:20.152326,Malviya Nagar,840.8,4.25,0.046
2026-09-03 04:51:20.152326,Malviya Nagar,778.5,4.22,0.091
2026-09-03 05:51:20.152326,Malviya Nagar,771.3,4.82,0.214
2026-09-03 06:51:20.152326,Malviya Nagar,1046.9,4.13,0.126
2026-09-03 07:51:20.152326,Malviya Nagar,1107.6,4.49,0.143
2026-09-03 08:51:20.152326,Malviya Nagar,1120.7,4.32,0.083
2026-09-03 09:51:20.152326,Malviya Nagar,1081.6,4.71,0.01
2026-09-03 10:51:20.152326,Malviya Nagar,713.9,4.39,0.026
2026-09-03 11:51:20.152326,Malviya Nagar,783.7,4.82,0.326
2026-09-03 12:51:20.152326,Malviya Nagar,810.0,4.34,0.14
2026-09-03 13:51:20.152326,Malviya Nagar,868.4,4.53,0.235
2026-09-03 14:51:20.152326,Malviya Nagar,848.0,4.29,0.018
2026-09-03 15:51:20.152326,Malviya Nagar,860.0,4.92,0.161
2026-09-03 16:51:20.152326,Malviya Nagar,757.2,4.34,0.441
2026-09-03 17:51:20.152326,Malviya Nagar,675.3,4.8,0.086
2026-09-03 18:51:20.152326,Malviya Nagar,1089.4,4.4,0.264
2026-09-03 19:51:20.152326,Malviya Nagar,1096.3,4.39,0.08
2026-09-03 20:51:20.152326,Malviya Nagar,995.8,4.44,0.142
2026-09-03 21:51:20.152326,Malviya Nagar,1011.1,4.72,0.313
2026-09-03 22:51:20.152326,Malviya Nagar,805.3,4.34,0.094
2026-09-03 23:51:20.152326,Malviya Nagar,768.9,4.36,0.081
2026-09-04 00:51:20.152326,Malviya Nagar,806.6,4.97,0.082
2026-09-04 01:51:20.152326,Malviya Nagar,767.1,4.36,0.359
2026-09-04 02:51:20.152326,Malviya Nagar,803.7,4.56,0.186
2026-09-04 03:51:20.152326,Malviya Nagar,842.8,4.67,0.247
2026-09-04 04:51:20.152326,Malviya Nagar,746.9,4.36,0.104
2026-09-04 05:51:20.152326,Malviya Nagar,795.8,4.62,0.228
2026-09-04 06:51:20.152326,Malviya Nagar,1049.2,4.27,0.146
2026-09-04 07:51:20.152326,Malviya Nagar,1132.8,4.89,0.083
2026-09-04 08:51:20.152326,Malviya Nagar,1108.7,4.27,0.139
2026-09-04 09:51:20.152326,Malviya Nagar,1190.8,4.67,0.006
2026-09-04 10:51:20.152326,Malviya Nagar,814.8,4.3,0.044
2026-09-04 11:51:20.152326,Malviya Nagar,878.8,4.85,0.085
2026-09-04 12:51:20.152326,Malviya Nagar,757.0,4.12,0.154
2026-09-04 13:51:20.152326,Malviya Nagar,858.8,4.37,0.155
2026-09-04 14:51:20.152326,Malviya Nagar,806.0,4.61,0.141
2026-09-04 15:51:20.152326,Malviya Nagar,858.6,4.34,0.15
2026-09-04 16:51:20.152326,Malviya Nagar,818.6,4.52,0.248
2026-09-04 17:51:20.152326,Malviya Nagar,877.7,5.11,0.412
2026-09-04 18:51:20.152326,Malviya Nagar,1180.8,3.88,0.315
2026-09-04 19:51:20.152326,Malviya Nagar,1101.4,4.39,0.277
2026-09-04 20:51:20.152326,Malviya Nagar,959.8,4.46,0.038
2026-09-04 21:51:20.152326,Malviya Nagar,979.3,4.41,0.11
2026-09-04 22:51:20.152326,Malviya Nagar,798.8,4.43,0.213
2026-09-04 23:51:20.152326,Malviya Nagar,745.6,4.54,0.148
2026-09-05 00:51:20.152326,Malviya Nagar,770.9,4.56,0.195
2026-09-05 01:51:20.152326,Malviya Nagar,855.2,4.64,0.38
2026-09-05 02:51:20.152326,Malviya Nagar,684.1,4.46,0.031
2026-09-05 03:51:20.152326,Malviya Nagar,807.8,4.27,0.347
2026-09-05 04:51:20.152326,Malviya Nagar,879.9,4.83,0.282
2026-09-05 05:51:20.152326,Malviya Nagar,727.1,4.87,0.047
2026-09-05 06:51:20.152326,Malviya Nagar,1160.4,4.16,0.024
2026-09-05 07:51:20.152326,Malviya Nagar,1050.4,4.47,0.108
2026-09-05 08:51:20.152326,Malviya Nagar,1054.3,4.09,0.176
2026-09-05 09:51:20.152326,Malviya Nagar,1204.4,4.03,0.133
2026-09-05 10:51:20.152326,Malviya Nagar,877.6,4.51,0.033
2026-09-05 11:51:20.152326,Malviya Nagar,776.3,4.27,0.042
2026-09-05 12:51:20.152326,Malviya Nagar,735.5,5.13,0.133
2026-09-05 13:51:20.152326,Malviya Nagar,837.5,4.22,0.068
2026-09-05 14:51:20.152326,Malviya Nagar,745.5,4.8,0.06
2026-09-05 15:51:20.152326,Malviya Nagar,781.2,4.66,0.357
2026-09-05 16:51:20.152326,Malviya Nagar,802.7,4.82,0.099
2026-09-05 17:51:20.152326,Malviya Nagar,765.7,4.15,0.016
2026-09-05 18:51:20.152326,Malviya Nagar,841.3,4.81,0.101
2026-09-05 19:51:20.152326,Malviya Nagar,975.0,4.39,0.093
2026-09-05 20:51:20.152326,Malviya Nagar,1003.2,4.64,0.248
2026-09-05 21:51:20.152326,Malviya Nagar,1028.6,4.47,0.145
2026-09-05 22:51:20.152326,Malviya Nagar,855.6,4.48,0.078
2026-09-05 23:51:20.152326,Malviya Nagar,809.0,4.69,0.261
2026-09-06 00:51:20.152326,Malviya Nagar,839.5,4.39,0.12
2026-09-06 01:51:20.152326,Malviya Nagar,738.8,4.16,0.015
2026-09-06 02:51:20.152326,Malviya Nagar,868.6,4.37,0.083
2026-09-06 03:51:20.152326,Malviya Nagar,889.3,4.84,0.034
2026-09-06 04:51:20.152326,Malviya Nagar,861.7,4.34,0.072
2026-09-06 05:51:20.152326,Malviya Nagar,919.6,4.45,0.132
2026-09-06 06:51:20.152326,Malviya Nagar,958.0,4.69,0.198
2026-09-06 07:51:20.152326,Malviya Nagar,1001.8,4.37,0.154
2026-09-06 08:51:20.152326,Malviya Nagar,955.1,4.73,0.217
2026-09-06 09:51:20.152326,Malviya Nagar,1033.7,4.49,0.228
2026-09-06 10:51:20.152326,Malviya Nagar,899.8,4.34,0.052
2026-09-06 11:51:20.152326,Malviya Nagar,780.3,4.39,0.007
2026-09-06 12:51:20.152326,Malviya Nagar,771.8,4.49,0.087
2026-09-06 13:51:20.152326,Malviya Nagar,772.7,4.59,0.079
2026-09-06 14:51:20.152326,Malviya Nagar,769.8,4.98,0.209
2026-09-06 15:51:20.152326,Malviya Nagar,747.8,4.51,0.065
2026-09-06 16:51:20.152326,Malviya Nagar,689.5,3.84,0.167
2026-09-06 17:51:20.152326,Malviya Nagar,790.2,4.71,0.212
2026-09-06 18:51:20.152326,Malviya Nagar,1156.3,4.81,0.347
2026-09-06 19:51:20.152326,Malviya Nagar,1078.7,4.49,0.138
2026-09-06 20:51:20.152326,Malviya Nagar,1103.0,4.92,0.109
2026-09-06 21:51:20.152326,Malviya Nagar,1003.5,4.64,0.042
2026-09-06 22:51:20.152326,Malviya Nagar,760.1,4.14,0.035
2026-09-06 23:51:20.152326,Malviya Nagar,738.4,4.45,0.181
2026-09-07 00:51:20.152326,Malviya Nagar,761.9,4.14,0.16
2026-09-07 01:51:20.152326,Malviya Nagar,820.5,4.31,0.209
2026-09-07 02:51:20.152326,Malviya Nagar,762.8,4.11,0.02
2026-09-07 03:51:20.152326,Malviya Nagar,736.7,4.16,0.095
2026-09-07 04:51:20.152326,Malviya Nagar,740.4,4.67,0.195
2026-09-07 05:51:20.152326,Malviya Nagar,801.0,4.2,0.092
2026-09-07 06:51:20.152326,Malviya Nagar,1056.9,4.37,0.27
2026-09-07 07:51:20.152326,Malviya Nagar,1293.5,4.4,0.035
2026-09-07 08:51:20.152326,Malviya Nagar,1143.0,4.47,0.119
2026-09-07 09:51:20.152326,Malviya Nagar,1228.7,4.33,0.156
2026-09-07 10:51:20.152326,Malviya Nagar,774.3,5.1,0.004
2026-09-07 11:51:20.152326,Malviya Nagar,819.9,4.39,0.072
2026-09-07 12:51:20.152326,Malviya Nagar,819.2,4.34,0.227
2026-09-07 13:51:20.152326,Malviya Nagar,811.4,4.56,0.439
2026-09-07 14:51:20.152326,Malviya Nagar,841.4,4.28,0.123
2026-09-07 15:51:20.152326,Malviya Nagar,845.9,4.18,0.033
2026-09-07 16:51:20.152326,Malviya Nagar,686.2,4.14,0.039
2026-09-07 17:51:20.152326,Malviya Nagar,801.6,4.71,0.5
2026-09-07 18:51:20.152326,Malviya Nagar,953.1,4.33,0.15
2026-09-07 19:51:20.152326,Malviya Nagar,1032.8,4.04,0.17
2026-09-07 20:51:20.152326,Malviya Nagar,1078.4,4.69,0.273
2026-09-07 21:51:20.152326,Malviya Nagar,1082.4,4.57,0.143
2026-09-07 22:51:20.152326,Malviya Nagar,831.1,4.12,0.1
2026-09-07 23:51:20.152326,Malviya Nagar,794.0,4.45,0.143
2026-09-08 00:51:20.152326,Malviya Nagar,783.0,5.24,0.137
2026-09-08 01:51:20.152326,Malviya Nagar,831.9,4.47,0.02
2026-09-08 02:51:20.152326,Malviya Nagar,866.7,4.31,0.216
2026-09-08 03:51:20.152326,Malviya Nagar,795.8,5.09,0.226
2026-09-08 04:51:20.152326,Malviya Nagar,792.5,4.35,0.012
2026-09-08 05:51:20.152326,Malviya Nagar,757.7,4.75,0.028
2026-09-08 06:51:20.152326,Malviya Nagar,1202.8,4.41,0.216
2026-09-08 07:51:20.152326,Malviya Nagar,1003.9,4.64,0.353
2026-09-08 08:51:20.152326,Malviya Nagar,1173.3,4.68,0.084
2026-09-08 09:51:20.152326,Malviya Nagar,1139.6,4.62,0.015
2026-09-08 10:51:20.152326,Malviya Nagar,730.1,4.87,0.334
2026-09-08 11:51:20.152326,Malviya Nagar,764.7,4.64,0.036
2026-09-08 12:51:20.152326,Malviya Nagar,804.0,4.07,0.101
2026-09-08 13:51:20.152326,Malviya Nagar,750.4,4.65,0.22
2026-09-08 14:51:20.152326,Malviya Nagar,910.2,4.27,0.207
2026-09-08 15:51:20.152326,Malviya Nagar,833.2,4.47,0.074
2026-09-08 16:51:20.152326,Malviya Nagar,795.4,4.44,0.165
2026-09-08 17:51:20.152326,Malviya Nagar,789.8,4.32,0.101
2026-09-08 18:51:20.152326,Malviya Nagar,1147.2,4.55,0.035
2026-09-08 19:51:20.152326,Malviya Nagar,1149.4,4.32,0.193
2026-09-08 20:51:20.152326,Malviya Nagar,1061.7,4.36,0.046
2026-09-08 21:51:20.152326,Malviya Nagar,964.0,4.56,0.125
2026-09-08 22:51:20.152326,Malviya Nagar,814.4,4.61,0.176
2026-09-08 23:51:20.152326,Malviya Nagar,737.8,4.21,0.024
2026-09-09 00:51:20.152326,Malviya Nagar,747.9,4.66,0.113
2026-09-09 01:51:20.152326,Malviya Nagar,820.4,4.6,0.291
2026-09-09 02:51:20.152326,Malviya Nagar,770.1,4.72,0.158
2026-09-09 03:51:20.152326,Malviya Nagar,770.1,4.91,0.065
2026-09-09 04:51:20.152326,Malviya Nagar,794.8,4.84,0.18
2026-09-09 05:51:20.152326,Malviya Nagar,795.9,4.09,0.312
2026-09-09 06:51:20.152326,Malviya Nagar,1167.0,4.24,0.226
2026-09-09 07:51:20.152326,Malviya Nagar,1169.7,4.78,0.143
2026-09-09 08:51:20.152326,Malviya Nagar,1201.7,4.47,0.068
2026-09-09 09:51:20.152326,Malviya Nagar,1194.2,4.36,0.379
2026-09-09 10:51:20.152326,Malviya Nagar,792.0,4.57,0.035
2026-09-09 11:51:20.152326,Malviya Nagar,750.9,4.86,0.055
2026-09-09 12:51:20.152326,Malviya Nagar,819.4,4.35,0.128
2026-09-09 13:51:20.152326,Malviya Nagar,956.2,4.02,0.062
2026-09-09 14:51:20.152326,Malviya Nagar,905.6,4.31,0.046
2026-09-09 15:51:20.152326,Malviya Nagar,853.0,4.08,0.033
2026-09-09 16:51:20.152326,Malviya Nagar,695.7,4.06,0.231
2026-09-09 17:51:20.152326,Malviya Nagar,768.9,4.47,0.002
2026-09-09 18:51:20.152326,Malviya Nagar,1173.4,4.5,0.288
2026-09-09 19:51:20.152326,Malviya Nagar,974.3,4.02,0.45
2026-09-09 20:51:20.152326,Malviya Nagar,943.5,4.72,0.093
2026-09-09 21:51:20.152326,Malviya Nagar,1045.1,4.08,0.068
2026-09-09 22:51:20.152326,Malviya Nagar,734.1,5.15,0.181
2026-09-09 23:51:20.152326,Malviya Nagar,880.7,4.31,0.002
2026-09-10 00:51:20.152326,Malviya Nagar,871.2,4.64,0.121
2026-09-10 01:51:20.152326,Malviya Nagar,763.6,4.16,0.245
2026-09-10 02:51:20.152326,Malviya Nagar,860.4,4.5,0.065
2026-09-10 03:51:20.152326,Malviya Nagar,734.1,4.4,0.067
2026-09-10 04:51:20.152326,Malviya Nagar,837.4,4.6,0.005
2026-09-10 05:51:20.152326,Malviya Nagar,807.3,4.05,0.166
2026-09-10 06:51:20.152326,Malviya Nagar,1096.2,4.69,0.057
2026-09-10 07:51:20.152326,Malviya Nagar,1191.6,4.62,0.011
2026-09-10 08:51:20.152326,Malviya Nagar,1159.3,4.33,0.086
2026-09-10 09:51:20.152326,Malviya Nagar,1150.1,4.24,0.361
2026-09-10 10:51:20.152326,Malviya Nagar,807.6,4.14,0.071
2026-09-10 11:51:20.152326,Malviya Nagar,881.7,4.12,0.237
2026-09-10 12:51:20.152326,Malviya Nagar,885.0,5.08,0.116
2026-09-10 13:51:20.152326,Malviya Nagar,872.2,4.91,0.089
2026-09-10 14:51:20.152326,Malviya Nagar,866.2,4.38,0.168
2026-09-10 15:51:20.152326,Malviya Nagar,829.6,4.25,0.229
2026-09-10 16:51:20.152326,Malviya Nagar,867.1,5.01,0.18
2026-09-10 17:51:20.152326,Malviya Nagar,755.5,4.2,0.273
2026-09-10 18:51:20.152326,Malviya Nagar,1167.5,3.8,0.127
2026-09-10 19:51:20.152326,Malviya Nagar,1090.3,4.39,0.441
2026-09-10 20:51:20.152326,Malviya Nagar,916.4,4.43,0.139
2026-09-10 21:51:20.152326,Malviya Nagar,1078.0,4.89,0.02
2026-09-10 22:51:20.152326,Malviya Nagar,863.4,4.25,0.079
2026-09-10 23:51:20.152326,Malviya Nagar,739.1,4.55,0.162
2026-09-11 00:51:20.152326,Malviya Nagar,838.0,4.52,0.281
2026-09-11 01:51:20.152326,Malviya Nagar,785.2,4.93,0.192
2026-09-11 02:51:20.152326,Malviya Nagar,648.7,4.25,0.151
2026-09-11 03:51:20.152326,Malviya Nagar,787.5,4.18,0.366
2026-09-11 04:51:20.152326,Malviya Nagar,846.8,5.22,0.251
2026-09-11 05:51:20.152326,Malviya Nagar,738.9,4.68,0.509
2026-09-11 06:51:20.152326,Malviya Nagar,1097.7,5.01,0.108
2026-09-11 07:51:20.152326,Malviya Nagar,1161.3,4.37,0.095
2026-09-11 08:51:20.152326,Malviya Nagar,1106.8,4.59,0.204
2026-09-11 09:51:20.152326,Malviya Nagar,1094.2,4.0,0.145
2026-09-11 10:51:20.152326,Malviya Nagar,793.8,4.81,0.079
2026-09-11 11:51:20.152326,Malviya Nagar,802.8,4.36,0.266
2026-09-11 12:51:20.152326,Malviya Nagar,796.8,4.72,0.333
2026-09-11 13:51:20.152326,Malviya Nagar,829.2,4.99,0.166
2026-09-11 14:51:20.152326,Malviya Nagar,834.7,4.71,0.146
2026-09-11 15:51:20.152326,Malviya Nagar,821.5,4.01,0.1
2026-09-11 16:51:20.152326,Malviya Nagar,915.5,4.71,0.178
2026-09-11 17:51:20.152326,Malviya Nagar,828.7,4.45,0.347
2026-09-11 18:51:20.152326,Malviya Nagar,975.8,4.75,0.014
2026-09-11 19:51:20.152326,Malviya Nagar,1136.7,4.44,0.395
2026-09-11 20:51:20.152326,Malviya Nagar,1123.3,4.29,0.029
2026-09-11 21:51:20.152326,Malviya Nagar,1108.9,4.43,0.22
2026-09-11 22:51:20.152326,Malviya Nagar,817.6,4.18,0.449
2026-09-11 23:51:20.152326,Malviya Nagar,853.5,4.41,0.016
2026-09-12 00:51:20.152326,Malviya Nagar,869.4,4.85,0.057
2026-09-12 01:51:20.152326,Malviya Nagar,827.2,4.35,0.11
2026-09-12 02:51:20.152326,Malviya Nagar,815.8,4.53,0.27
2026-09-12 03:51:20.152326,Malviya Nagar,775.9,4.67,0.461
2026-09-12 04:51:20.152326,Malviya Nagar,787.9,4.43,0.012
2026-09-12 05:51:20.152326,Malviya Nagar,780.6,4.0,0.064
2026-09-12 06:51:20.152326,Malviya Nagar,1259.7,3.93,0.141
2026-09-12 07:51:20.152326,Malviya Nagar,1065.0,4.51,0.114
2026-09-12 08:51:20.152326,Malviya Nagar,1104.5,3.99,0.186
2026-09-12 09:51:20.152326,Malviya Nagar,1075.8,4.7,0.273
2026-09-12 10:51:20.152326,Malviya Nagar,799.3,4.51,0.079
2026-09-12 11:51:20.152326,Malviya Nagar,850.1,4.66,0.125
2026-09-12 12:51:20.152326,Malviya Nagar,789.0,4.44,0.256
2026-09-12 13:51:20.152326,Malviya Nagar,782.1,4.42,0.217
2026-09-12 14:51:20.152326,Malviya Nagar,883.8,4.71,0.349
2026-09-12 15:51:20.152326,Malviya Nagar,812.3,4.64,0.027
2026-09-12 16:51:20.152326,Malviya Nagar,856.3,4.4,0.112
2026-09-12 17:51:20.152326,Malviya Nagar,851.8,4.27,0.308
2026-09-12 18:51:20.152326,Malviya Nagar,1031.7,4.16,0.189
2026-09-12 19:51:20.152326,Malviya Nagar,985.6,4.75,0.004
2026-09-12 20:51:20.152326,Malviya Nagar,1074.3,4.67,0.212
2026-09-12 21:51:20.152326,Malviya Nagar,960.7,4.49,0.018
2026-09-12 22:51:20.152326,Malviya Nagar,713.6,4.19,0.037
2026-09-12 23:51:20.152326,Malviya Nagar,824.8,5.12,0.205
2026-09-13 00:51:20.152326,Malviya Nagar,780.8,4.48,0.134
2026-09-13 01:51:20.152326,Malviya Nagar,815.5,4.75,0.157
2026-09-13 02:51:20.152326,Malviya Nagar,841.2,4.08,0.314
2026-09-13 03:51:20.152326,Malviya Nagar,812.3,4.4,0.429
2026-09-13 04:51:20.152326,Malviya Nagar,798.1,4.54,0.103
2026-09-13 05:51:20.152326,Malviya Nagar,721.0,4.75,0.342
2026-09-13 06:51:20.152326,Malviya Nagar,1219.3,4.51,0.242
2026-09-13 07:51:20.152326,Malviya Nagar,1106.6,3.97,0.174
2026-09-13 08:51:20.152326,Malviya Nagar,1114.2,4.44,0.044
2026-09-13 09:51:20.152326,Malviya Nagar,1171.5,4.46,0.073
2026-09-13 10:51:20.152326,Malviya Nagar,837.6,4.45,0.217
2026-09-13 11:51:20.152326,Malviya Nagar,774.3,4.75,0.227
2026-09-13 12:51:20.152326,Malviya Nagar,827.7,4.75,0.02
2026-09-13 13:51:20.152326,Malviya Nagar,876.0,4.13,0.071
2026-09-13 14:51:20.152326,Malviya Nagar,785.1,4.22,0.323
2026-09-13 15:51:20.152326,Malviya Nagar,866.9,4.9,0.088
2026-09-13 16:51:20.152326,Malviya Nagar,879.0,5.11,0.111
2026-09-13 17:51:20.152326,Malviya Nagar,746.4,4.44,0.193
2026-09-13 18:51:20.152326,Malviya Nagar,1058.2,4.72,0.083
2026-09-13 19:51:20.152326,Malviya Nagar,1211.2,4.67,0.262
2026-09-13 20:51:20.152326,Malviya Nagar,1060.7,4.28,0.3
2026-09-13 21:51:20.152326,Malviya Nagar,1054.9,4.64,0.06
2026-09-13 22:51:20.152326,Malviya Nagar,792.5,4.77,0.02
2026-09-13 23:51:20.152326,Malviya Nagar,830.3,4.49,0.435
2026-09-14 00:51:20.152326,Malviya Nagar,682.7,4.39,0.393
2026-09-14 01:51:20.152326,Malviya Nagar,760.2,4.42,0.427
2026-09-14 02:51:20.152326,Malviya Nagar,832.7,4.62,0.285
2026-09-14 03:51:20.152326,Malviya Nagar,838.4,4.58,0.079
2026-09-14 04:51:20.152326,Malviya Nagar,766.2,3.81,0.316
2026-09-14 05:51:20.152326,Malviya Nagar,873.4,4.88,0.445
2026-09-14 06:51:20.152326,Malviya Nagar,1235.1,4.16,0.075
2026-09-14 07:51:20.152326,Malviya Nagar,1129.3,4.09,0.134
2026-09-14 08:51:20.152326,Malviya Nagar,1155.4,4.32,0.249
2026-09-14 09:51:20.152326,Malviya Nagar,1255.6,4.43,0.151
2026-09-14 10:51:20.152326,Malviya Nagar,919.5,4.67,0.054
2026-09-14 11:51:20.152326,Malviya Nagar,799.5,4.51,0.118
2026-09-14 12:51:20.152326,Malviya Nagar,898.6,4.46,0.038
2026-09-14 13:51:20.152326,Malviya Nagar,817.6,4.38,0.112
2026-09-14 14:51:20.152326,Malviya Nagar,776.8,4.47,0.101
2026-09-14 15:51:20.152326,Malviya Nagar,733.6,4.46,0.172
2026-09-14 16:51:20.152326,Malviya Nagar,828.1,4.46,0.445
2026-09-14 17:51:20.152326,Malviya Nagar,861.3,4.78,0.023
2026-09-14 18:51:20.152326,Malviya Nagar,1081.2,4.91,0.464
2026-09-14 19:51:20.152326,Malviya Nagar,1091.9,4.22,0.063
2026-09-14 20:51:20.152326,Malviya Nagar,1096.3,5.08,0.146
2026-09-14 21:51:20.152326,Malviya Nagar,1015.3,4.3,0.073
2026-09-14 22:51:20.152326,Malviya Nagar,794.6,4.96,0.021
2026-09-14 23:51:20.152326,Malviya Nagar,699.4,4.76,0.395
2026-09-15 00:51:20.152326,Malviya Nagar,869.6,4.61,0.071
2026-09-15 01:51:20.152326,Malviya Nagar,724.5,4.69,0.22
2026-09-15 02:51:20.152326,Malviya Nagar,773.2,4.43,0.214
2026-09-15 03:51:20.152326,Malviya Nagar,765.5,3.95,0.131
2026-09-15 04:51:20.152326,Malviya Nagar,850.7,4.4,0.282
2026-09-15 05:51:20.152326,Malviya Nagar,824.3,4.49,0.073
2026-09-15 06:51:20.152326,Malviya Nagar,1059.8,4.99,0.189
2026-09-15 07:51:20.152326,Malviya Nagar,1118.3,4.35,0.106
2026-09-15 08:51:20.152326,Malviya Nagar,1093.4,4.58,0.098
2026-09-15 09:51:20.152326,Malviya Nagar,1199.4,5.3,0.127
2026-09-15 10:51:20.152326,Malviya Nagar,785.9,4.6,0.017
2026-09-15 11:51:20.152326,Malviya Nagar,763.8,4.56,0.008
2026-09-15 12:51:20.152326,Malviya Nagar,798.6,4.77,0.111
2026-09-15 13:51:20.152326,Malviya Nagar,812.8,4.69,0.094
2026-09-15 14:51:20.152326,Malviya Nagar,836.1,4.65,0.044
2026-09-15 15:51:20.152326,Malviya Nagar,725.6,4.84,0.005
2026-09-15 16:51:20.152326,Malviya Nagar,739.7,4.26,0.13
2026-09-15 17:51:20.152326,Malviya Nagar,769.2,4.18,0.06
2026-09-15 18:51:20.152326,Malviya Nagar,1041.0,4.48,0.131
2026-09-15 19:51:20.152326,Malviya Nagar,1076.7,4.55,0.108
2026-09-15 20:51:20.152326,Malviya Nagar,1023.0,4.84,0.074
2026-09-15 21:51:20.152326,Malviya Nagar,1021.3,4.26,0.047
2026-09-15 22:51:20.152326,Malviya Nagar,864.3,4.56,0.258
2026-09-15 23:51:20.152326,Malviya Nagar,836.8,4.87,0.099
2026-09-16 00:51:20.152326,Malviya Nagar,692.2,4.06,0.078
2026-09-16 01:51:20.152326,Malviya Nagar,819.0,4.61,0.129
2026-09-16 02:51:20.152326,Malviya Nagar,836.5,4.32,0.136
2026-09-16 03:51:20.152326,Malviya Nagar,784.7,4.78,0.044
2026-09-16 04:51:20.152326,Malviya Nagar,753.3,4.52,0.015
2026-09-16 05:51:20.152326,Malviya Nagar,798.2,4.6,0.042
2026-09-16 06:51:20.152326,Malviya Nagar,1133.9,4.42,0.09
2026-09-16 07:51:20.152326,Malviya Nagar,1057.6,4.25,0.014
2026-09-16 08:51:20.152326,Malviya Nagar,1266.2,4.65,0.169
2026-09-16 09:51:20.152326,Malviya Nagar,1111.9,4.71,0.056
2026-09-16 10:51:20.152326,Malviya Nagar,848.9,4.57,0.197
2026-09-16 11:51:20.152326,Malviya Nagar,818.2,4.91,0.209
2026-09-16 12:51:20.152326,Malviya Nagar,764.4,4.53,0.116
2026-09-16 13:51:20.152326,Malviya Nagar,760.3,4.38,0.021
2026-09-16 14:51:20.152326,Malviya Nagar,767.6,4.09,0.07
2026-09-16 15:51:20.152326,Malviya Nagar,843.0,4.52,0.068
2026-09-16 16:51:20.152326,Malviya Nagar,858.1,4.49,0.133
2026-09-16 17:51:20.152326,Malviya Nagar,787.3,4.72,0.036
2026-09-16 18:51:20.152326,Malviya Nagar,946.7,4.46,0.459
2026-09-16 19:51:20.152326,Malviya Nagar,1044.4,4.42,0.123
2026-09-16 20:51:20.152326,Malviya Nagar,1050.8,4.79,0.162
2026-09-16 21:51:20.152326,Malviya Nagar,1027.6,4.66,0.055
2026-09-16 22:51:20.152326,Malviya Nagar,846.3,4.87,0.022
2026-09-16 23:51:20.152326,Malviya Nagar,807.2,4.54,0.055
2026-09-17 00:51:20.152326,Malviya Nagar,720.0,4.42,0.049
2026-09-17 01:51:20.152326,Malviya Nagar,817.0,4.5,0.107
2026-09-17 02:51:20.152326,Malviya Nagar,831.5,4.15,0.142
2026-09-17 03:51:20.152326,Malviya Nagar,840.9,4.65,0.275
2026-09-17 04:51:20.152326,Malviya Nagar,803.3,4.69,0.052
2026-09-17 05:51:20.152326,Malviya Nagar,804.6,4.29,0.368
2026-09-17 06:51:20.152326,Malviya Nagar,972.2,4.23,0.168
2026-09-17 07:51:20.152326,Malviya Nagar,1143.1,4.52,0.358
2026-09-17 08:51:20.152326,Malviya Nagar,1159.3,4.4,0.302
2026-09-17 09:51:20.152326,Malviya Nagar,1048.8,5.13,0.207
2026-09-17 10:51:20.152326,Malviya Nagar,816.2,4.37,0.087
2026-09-17 11:51:20.152326,Malviya Nagar,815.2,4.26,0.316
2026-09-17 12:51:20.152326,Malviya Nagar,839.4,4.69,0.172
2026-09-17 13:51:20.152326,Malviya Nagar,767.7,4.38,0.115
2026-09-17 14:51:20.152326,Malviya Nagar,741.7,4.54,0.169
2026-09-17 15:51:20.152326,Malviya Nagar,822.0,4.67,0.019
2026-09-17 16:51:20.152326,Malviya Nagar,834.9,4.63,0.074
2026-09-17 17:51:20.152326,Malviya Nagar,700.6,5.02,0.173
2026-09-17 18:51:20.152326,Malviya Nagar,1049.3,4.29,0.178
2026-09-17 19:51:20.152326,Malviya Nagar,1106.9,4.78,0.151
2026-09-17 20:51:20.152326,Malviya Nagar,1112.0,4.35,0.06
2026-09-17 21:51:20.152326,Malviya Nagar,1070.7,4.92,0.008
2026-09-17 22:51:20.152326,Malviya Nagar,750.7,4.68,0.147
2026-09-17 23:51:20.152326,Malviya Nagar,798.8,4.01,0.213
2026-09-18 00:51:20.152326,Malviya Nagar,791.4,4.36,0.224
2026-09-18 01:51:20.152326,Malviya Nagar,805.0,4.12,0.014
2026-09-18 02:51:20.152326,Malviya Nagar,806.4,4.46,0.15
2026-09-18 03:51:20.152326,Malviya Nagar,792.7,3.9,0.31
2026-09-18 04:51:20.152326,Malviya Nagar,863.7,4.5,0.053
2026-09-18 05:51:20.152326,Malviya Nagar,873.6,4.55,0.032
2026-09-18 06:51:20.152326,Malviya Nagar,1128.9,4.07,0.294
2026-09-18 07:51:20.152326,Malviya Nagar,1022.3,3.95,0.147
2026-09-18 08:51:20.152326,Malviya Nagar,1075.9,5.15,0.087
2026-09-18 09:51:20.152326,Malviya Nagar,1093.4,4.73,0.135
2026-09-18 10:51:20.152326,Malviya Nagar,777.4,4.71,0.412
2026-09-18 11:51:20.152326,Malviya Nagar,762.8,4.67,0.047
2026-09-18 12:51:20.152326,Malviya Nagar,880.2,4.34,0.159
2026-09-18 13:51:20.152326,Malviya Nagar,806.6,4.55,0.072
2026-09-18 14:51:20.152326,Malviya Nagar,860.0,4.76,0.397
2026-09-18 15:51:20.152326,Malviya Nagar,739.0,4.87,0.088
2026-09-18 16:51:20.152326,Malviya Nagar,891.7,4.84,0.074
2026-09-18 17:51:20.152326,Malviya Nagar,728.4,4.32,0.093
2026-09-18 18:51:20.152326,Malviya Nagar,1010.0,4.45,0.059
2026-09-18 19:51:20.152326,Malviya Nagar,1024.0,3.95,0.376
2026-09-18 20:51:20.152326,Malviya Nagar,1171.8,4.18,0.174
2026-09-18 21:51:20.152326,Malviya Nagar,1147.2,4.61,0.137
2026-09-18 22:51:20.152326,Malviya Nagar,782.1,4.23,0.109
2026-09-18 23:51:20.152326,Malviya Nagar,805.0,4.64,0.388
2026-09-19 00:51:20.152326,Malviya Nagar,817.2,4.23,0.159
2026-09-19 01:51:20.152326,Malviya Nagar,751.2,4.19,0.28
2026-09-19 02:51:20.152326,Malviya Nagar,787.8,4.2,0.162
2026-09-19 03:51:20.152326,Malviya Nagar,748.6,4.17,0.391
2026-09-19 04:51:20.152326,Malviya Nagar,808.7,4.67,0.347
2026-09-19 05:51:20.152326,Malviya Nagar,877.1,4.61,0.301
2026-09-19 06:51:20.152326,Malviya Nagar,1257.2,4.34,0.015
2026-09-19 07:51:20.152326,Malviya Nagar,1125.9,4.57,0.08
2026-09-19 08:51:20.152326,Malviya Nagar,1014.6,4.94,0.057
2026-09-19 09:51:20.152326,Malviya Nagar,1227.4,4.62,0.202
2026-09-19 10:51:20.152326,Malviya Nagar,817.9,4.34,0.132
2026-09-19 11:51:20.152326,Malviya Nagar,791.2,4.12,0.091
2026-09-19 12:51:20.152326,Malviya Nagar,786.2,4.47,0.057
2026-09-19 13:51:20.152326,Malviya Nagar,776.0,3.73,0.17
2026-09-19 14:51:20.152326,Malviya Nagar,718.8,4.82,0.184
2026-09-19 15:51:20.152326,Malviya Nagar,865.8,4.64,0.176
2026-09-19 16:51:20.152326,Malviya Nagar,713.9,4.31,0.35
2026-09-19 17:51:20.152326,Malviya Nagar,772.2,4.36,0.052
2026-09-19 18:51:20.152326,Malviya Nagar,892.1,4.58,0.156
2026-09-19 19:51:20.152326,Malviya Nagar,1153.6,4.13,0.213
2026-09-19 20:51:20.152326,Malviya Nagar,1011.6,4.32,0.089
2026-09-19 21:51:20.152326,Malviya Nagar,1074.6,4.54,0.304
2026-09-19 22:51:20.152326,Malviya Nagar,843.8,4.34,0.213
2026-09-19 23:51:20.152326,Malviya Nagar,647.6,4.09,0.097
2026-09-20 00:51:20.152326,Malviya Nagar,747.7,3.83,0.078
2026-09-20 01:51:20.152326,Malviya Nagar,780.2,4.69,0.266
2026-09-20 02:51:20.152326,Malviya Nagar,905.7,5.06,0.093
2026-09-20 03:51:20.152326,Malviya Nagar,699.7,4.59,0.078
2026-09-20 04:51:20.152326,Malviya Nagar,757.9,4.5,0.038
2026-09-20 05:51:20.152326,Malviya Nagar,680.5,4.54,0.245
2026-09-20 06:51:20.152326,Malviya Nagar,1192.5,4.84,0.121
2026-09-20 07:51:20.152326,Malviya Nagar,1030.8,4.85,0.403
2026-09-20 08:51:20.152326,Malviya Nagar,1121.7,4.64,0.067
2026-09-20 09:51:20.152326,Malviya Nagar,1062.7,4.64,0.082
2026-09-20 10:51:20.152326,Malviya Nagar,783.0,4.86,0.17
2026-09-20 11:51:20.152326,Malviya Nagar,730.0,4.28,0.282
2026-09-20 12:51:20.152326,Malviya Nagar,775.4,4.58,0.125
2026-09-20 13:51:20.152326,Malviya Nagar,841.6,4.71,0.148
2026-09-20 14:51:20.152326,Malviya Nagar,703.9,4.71,0.105
2026-09-20 15:51:20.152326,Malviya Nagar,833.2,4.53,0.524
2026-09-20 16:51:20.152326,Malviya Nagar,717.9,4.31,0.256
2026-09-20 17:51:20.152326,Malviya Nagar,821.0,4.44,0.063
2026-09-20 18:51:20.152326,Malviya Nagar,997.6,3.89,0.325
2026-09-20 19:51:20.152326,Malviya Nagar,986.2,4.6,0.17
2026-09-20 20:51:20.152326,Malviya Nagar,1079.6,4.53,0.14
2026-09-20 21:51:20.152326,Malviya Nagar,1007.9,4.31,0.087
2026-09-20 22:51:20.152326,Malviya Nagar,806.8,4.73,0.074
2026-09-20 23:51:20.152326,Malviya Nagar,790.9,4.77,0.074
2026-09-21 00:51:20.152326,Malviya Nagar,804.6,4.31,0.194
2026-09-21 01:51:20.152326,Malviya Nagar,816.2,4.4,0.164
2026-09-21 02:51:20.152326,Malviya Nagar,809.1,4.46,0.074
2026-09-21 03:51:20.152326,Malviya Nagar,651.2,4.65,0.068
2026-09-21 04:51:20.152326,Malviya Nagar,790.6,4.42,0.113
2026-09-21 05:51:20.152326,Malviya Nagar,839.1,4.8,0.11
2026-09-21 06:51:20.152326,Malviya Nagar,1175.8,4.99,0.181
2026-09-21 07:51:20.152326,Malviya Nagar,1154.6,3.84,0.313
2026-09-21 08:51:20.152326,Malviya Nagar,1148.9,4.98,0.149
2026-09-21 09:51:20.152326,Malviya Nagar,1186.0,4.78,0.136
2026-09-21 10:51:20.152326,Malviya Nagar,782.3,4.31,0.064
2026-09-21 11:51:20.152326,Malviya Nagar,800.1,4.35,0.207
2026-09-21 12:51:20.152326,Malviya Nagar,901.7,4.16,0.002
2026-09-21 13:51:20.152326,Malviya Nagar,846.7,4.31,0.16
2026-09-21 14:51:20.152326,Malviya Nagar,747.5,4.42,0.063
2026-09-21 15:51:20.152326,Malviya Nagar,793.0,5.02,0.107
2026-09-21 16:51:20.152326,Malviya Nagar,839.1,4.15,0.287
2026-09-21 17:51:20.152326,Malviya Nagar,813.3,4.37,0.167
2026-09-21 18:51:20.152326,Malviya Nagar,1067.3,4.71,0.014
2026-09-21 19:51:20.152326,Malviya Nagar,1052.7,4.42,0.218
2026-09-21 20:51:20.152326,Malviya Nagar,999.5,4.04,0.154
2026-09-21 21:51:20.152326,Malviya Nagar,1086.2,4.8,0.134
2026-09-21 22:51:20.152326,Malviya Nagar,853.9,4.32,0.157
2026-09-21 23:51:20.152326,Malviya Nagar,715.5,4.57,0.044
2026-09-22 00:51:20.152326,Malviya Nagar,769.9,4.05,0.119
2026-09-22 01:51:20.152326,Malviya Nagar,831.5,4.35,0.079
2026-09-22 02:51:20.152326,Malviya Nagar,826.7,4.84,0.089
2026-09-22 03:51:20.152326,Malviya Nagar,765.3,4.28,0.107
2026-09-22 04:51:20.152326,Malviya Nagar,848.5,4.99,0.118
2026-09-22 05:51:20.152326,Malviya Nagar,873.6,4.44,0.238
2026-09-22 06:51:20.152326,Malviya Nagar,1104.2,4.56,0.106
2026-09-22 07:51:20.152326,Malviya Nagar,1084.8,4.61,0.088
2026-09-22 08:51:20.152326,Malviya Nagar,1191.3,4.43,0.083
2026-09-22 09:51:20.152326,Malviya Nagar,1050.8,4.77,0.04
2026-09-22 10:51:20.152326,Malviya Nagar,698.0,4.57,0.068
2026-09-22 11:51:20.152326,Malviya Nagar,787.5,4.63,0.215
2026-09-22 12:51:20.152326,Malviya Nagar,716.9,4.68,0.133
2026-09-22 13:51:20.152326,Malviya Nagar,790.4,4.99,0.189
2026-09-22 14:51:20.152326,Malviya Nagar,790.9,4.4,0.054
2026-09-22 15:51:20.152326,Malviya Nagar,787.8,4.79,0.038
2026-09-22 16:51:20.152326,Malviya Nagar,766.4,4.15,0.061
2026-09-22 17:51:20.152326,Malviya Nagar,788.9,4.72,0.208
2026-09-22 18:51:20.152326,Malviya Nagar,1044.1,5.2,0.114
2026-09-22 19:51:20.152326,Malviya Nagar,1108.9,4.37,0.047
2026-09-22 20:51:20.152326,Malviya Nagar,1030.6,4.78,0.185
2026-09-22 21:51:20.152326,Malviya Nagar,1014.6,4.49,0.106
2026-09-22 22:51:20.152326,Malviya Nagar,850.0,4.33,0.101
2026-09-22 23:51:20.152326,Malviya Nagar,749.1,4.55,0.03
2026-09-23 00:51:20.152326,Malviya Nagar,731.2,4.21,0.204
2026-09-23 01:51:20.152326,Malviya Nagar,773.6,4.72,0.278
2026-09-23 02:51:20.152326,Malviya Nagar,751.5,4.34,0.239
2026-09-23 03:51:20.152326,Malviya Nagar,871.8,4.72,0.223
2026-09-23 04:51:20.152326,Malviya Nagar,801.8,4.35,0.129
2026-09-23 05:51:20.152326,Malviya Nagar,819.3,4.68,0.235
2026-09-23 06:51:20.152326,Malviya Nagar,1227.7,4.66,0.036
2026-09-23 07:51:20.152326,Malviya Nagar,1173.8,4.65,0.167
2026-09-23 08:51:20.152326,Malviya Nagar,1026.3,4.59,0.227
2026-09-23 09:51:20.152326,Malviya Nagar,1094.9,4.56,0.084
2026-09-23 10:51:20.152326,Malviya Nagar,841.2,4.62,0.037
2026-09-23 11:51:20.152326,Malviya Nagar,780.6,5.0,0.048
2026-09-23 12:51:20.152326,Malviya Nagar,849.3,4.45,0.033
2026-09-23 13:51:20.152326,Malviya Nagar,746.4,4.79,0.063
2026-09-23 14:51:20.152326,Malviya Nagar,804.1,4.72,0.294
2026-09-23 15:51:20.152326,Malviya Nagar,740.9,4.3,0.013
2026-09-23 16:51:20.152326,Malviya Nagar,763.4,4.75,0.093
2026-09-23 17:51:20.152326,Malviya Nagar,820.6,5.09,0.035
2026-09-23 18:51:20.152326,Malviya Nagar,924.5,4.0,0.043
2026-09-23 19:51:20.152326,Malviya Nagar,982.2,4.79,0.04
2026-09-23 20:51:20.152326,Malviya Nagar,992.3,4.28,0.214
2026-09-23 21:51:20.152326,Malviya Nagar,1128.7,4.28,0.244
2026-09-23 22:51:20.152326,Malviya Nagar,908.1,4.33,0.278
2026-09-23 23:51:20.152326,Malviya Nagar,884.7,4.47,0.395
2026-09-24 00:51:20.152326,Malviya Nagar,808.8,4.4,0.242
2026-09-24 01:51:20.152326,Malviya Nagar,695.5,4.66,0.047
2026-09-24 02:51:20.152326,Malviya Nagar,715.7,4.35,0.535
2026-09-24 03:51:20.152326,Malviya Nagar,746.9,4.33,0.115
2026-09-24 04:51:20.152326,Malviya Nagar,718.5,4.5,0.044
2026-09-24 05:51:20.152326,Malviya Nagar,754.9,4.3,0.09
2026-09-24 06:51:20.152326,Malviya Nagar,1035.4,4.24,0.546
2026-09-24 07:51:20.152326,Malviya Nagar,1132.5,4.12,0.17
2026-09-24 08:51:20.152326,Malviya Nagar,1158.8,4.97,0.261
2026-09-24 09:51:20.152326,Malviya Nagar,1020.5,4.33,0.31
2026-09-24 10:51:20.152326,Malviya Nagar,836.0,4.33,0.219
2026-09-24 11:51:20.152326,Malviya Nagar,726.1,4.24,0.14
2026-09-24 12:51:20.152326,Malviya Nagar,941.0,4.24,0.108
2026-09-24 13:51:20.152326,Malviya Nagar,788.6,4.25,0.316
2026-09-24 14:51:20.152326,Malviya Nagar,761.8,4.45,0.278
2026-09-24 15:51:20.152326,Malviya Nagar,817.1,4.71,0.099
2026-09-24 16:51:20.152326,Malviya Nagar,739.8,4.44,0.251
2026-09-24 17:51:20.152326,Malviya Nagar,868.8,4.26,0.358
2026-09-24 18:51:20.152326,Malviya Nagar,1014.0,4.5,0.069
2026-09-24 19:51:20.152326,Malviya Nagar,972.7,4.86,0.12
2026-09-24 20:51:20.152326,Malviya Nagar,1048.7,3.85,0.169
2026-09-24 21:51:20.152326,Malviya Nagar,1069.3,4.25,0.099
2026-06-26 22:51:20.152326,C-Scheme,333.3,4.24,0.105
2026-06-26 23:51:20.152326,C-Scheme,368.2,4.82,0.188
2026-06-27 00:51:20.152326,C-Scheme,344.1,4.55,0.239
2026-06-27 01:51:20.152326,C-Scheme,342.1,5.08,0.123
2026-06-27 02:51:20.152326,C-Scheme,370.9,4.48,0.149
2026-06-27 03:51:20.152326,C-Scheme,358.1,4.67,0.106
2026-06-27 04:51:20.152326,C-Scheme,321.5,4.78,0.139
2026-06-27 05:51:20.152326,C-Scheme,325.8,4.57,0.113
2026-06-27 06:51:20.152326,C-Scheme,476.9,4.54,0.272
2026-06-27 07:51:20.152326,C-Scheme,458.6,4.32,0.151
2026-06-27 08:51:20.152326,C-Scheme,471.2,4.63,0.16
2026-06-27 09:51:20.152326,C-Scheme,456.8,4.36,0.216
2026-06-27 10:51:20.152326,C-Scheme,381.8,4.1,0.026
2026-06-27 11:51:20.152326,C-Scheme,353.1,4.97,0.057
2026-06-27 12:51:20.152326,C-Scheme,371.2,4.31,0.168
2026-06-27 13:51:20.152326,C-Scheme,353.6,4.45,0.094
2026-06-27 14:51:20.152326,C-Scheme,340.3,4.36,0.03
2026-06-27 15:51:20.152326,C-Scheme,359.9,4.24,0.214
2026-06-27 16:51:20.152326,C-Scheme,344.1,4.81,0.178
2026-06-27 17:51:20.152326,C-Scheme,346.8,4.33,0.381
2026-06-27 18:51:20.152326,C-Scheme,433.0,4.2,0.263
2026-06-27 19:51:20.152326,C-Scheme,441.0,5.08,0.152
2026-06-27 20:51:20.152326,C-Scheme,542.5,4.43,0.314
2026-06-27 21:51:20.152326,C-Scheme,460.8,4.96,0.24
2026-06-27 22:51:20.152326,C-Scheme,381.4,4.35,0.025
2026-06-27 23:51:20.152326,C-Scheme,361.9,4.68,0.122
2026-06-28 00:51:20.152326,C-Scheme,343.4,4.52,0.211
2026-06-28 01:51:20.152326,C-Scheme,375.3,4.34,0.101
2026-06-28 02:51:20.152326,C-Scheme,353.1,3.94,0.154
2026-06-28 03:51:20.152326,C-Scheme,331.9,4.98,0.352
2026-06-28 04:51:20.152326,C-Scheme,352.9,4.41,0.268
2026-06-28 05:51:20.152326,C-Scheme,357.9,4.55,0.107
2026-06-28 06:51:20.152326,C-Scheme,506.5,4.3,0.051
2026-06-28 07:51:20.152326,C-Scheme,506.6,3.89,0.227
2026-06-28 08:51:20.152326,C-Scheme,460.6,5.36,0.15
2026-06-28 09:51:20.152326,C-Scheme,503.9,3.78,0.21
2026-06-28 10:51:20.152326,C-Scheme,362.2,4.76,0.03
2026-06-28 11:51:20.152326,C-Scheme,394.7,4.56,0.037
2026-06-28 12:51:20.152326,C-Scheme,353.4,4.25,0.437
2026-06-28 13:51:20.152326,C-Scheme,323.9,4.62,0.193
2026-06-28 14:51:20.152326,C-Scheme,339.5,4.33,0.142
2026-06-28 15:51:20.152326,C-Scheme,365.4,4.43,0.182
2026-06-28 16:51:20.152326,C-Scheme,322.9,4.73,0.164
2026-06-28 17:51:20.152326,C-Scheme,397.1,4.67,0.156
2026-06-28 18:51:20.152326,C-Scheme,465.8,4.27,0.005
2026-06-28 19:51:20.152326,C-Scheme,468.3,4.56,0.054
2026-06-28 20:51:20.152326,C-Scheme,382.1,4.92,0.026
2026-06-28 21:51:20.152326,C-Scheme,442.6,4.21,0.328
2026-06-28 22:51:20.152326,C-Scheme,366.1,4.15,0.22
2026-06-28 23:51:20.152326,C-Scheme,393.5,3.98,0.303
2026-06-29 00:51:20.152326,C-Scheme,350.9,4.12,0.093
2026-06-29 01:51:20.152326,C-Scheme,383.3,4.49,0.054
2026-06-29 02:51:20.152326,C-Scheme,366.8,4.54,0.157
2026-06-29 03:51:20.152326,C-Scheme,377.7,4.63,0.2
2026-06-29 04:51:20.152326,C-Scheme,364.8,4.76,0.044
2026-06-29 05:51:20.152326,C-Scheme,333.0,4.81,0.024
2026-06-29 06:51:20.152326,C-Scheme,489.3,4.58,0.03
2026-06-29 07:51:20.152326,C-Scheme,472.2,5.21,0.064
2026-06-29 08:51:20.152326,C-Scheme,539.2,5.16,0.064
2026-06-29 09:51:20.152326,C-Scheme,377.2,4.91,0.129
2026-06-29 10:51:20.152326,C-Scheme,371.0,5.18,0.115
2026-06-29 11:51:20.152326,C-Scheme,364.9,4.34,0.226
2026-06-29 12:51:20.152326,C-Scheme,355.2,4.37,0.052
2026-06-29 13:51:20.152326,C-Scheme,307.1,4.76,0.145
2026-06-29 14:51:20.152326,C-Scheme,390.5,3.91,0.223
2026-06-29 15:51:20.152326,C-Scheme,384.6,4.67,0.214
2026-06-29 16:51:20.152326,C-Scheme,354.1,5.18,0.224
2026-06-29 17:51:20.152326,C-Scheme,348.0,4.23,0.131
2026-06-29 18:51:20.152326,C-Scheme,525.2,3.99,0.06
2026-06-29 19:51:20.152326,C-Scheme,446.9,4.27,0.048
2026-06-29 20:51:20.152326,C-Scheme,474.0,4.47,0.051
2026-06-29 21:51:20.152326,C-Scheme,472.3,5.05,0.206
2026-06-29 22:51:20.152326,C-Scheme,340.8,4.17,0.112
2026-06-29 23:51:20.152326,C-Scheme,330.2,5.08,0.104
2026-06-30 00:51:20.152326,C-Scheme,322.8,4.7,0.152
2026-06-30 01:51:20.152326,C-Scheme,347.5,4.7,0.162
2026-06-30 02:51:20.152326,C-Scheme,381.3,4.6,0.031
2026-06-30 03:51:20.152326,C-Scheme,327.2,4.46,0.058
2026-06-30 04:51:20.152326,C-Scheme,388.2,4.2,0.045
2026-06-30 05:51:20.152326,C-Scheme,354.9,4.09,0.053
2026-06-30 06:51:20.152326,C-Scheme,449.4,4.45,0.095
2026-06-30 07:51:20.152326,C-Scheme,506.0,3.97,0.431
2026-06-30 08:51:20.152326,C-Scheme,490.4,4.81,0.124
2026-06-30 09:51:20.152326,C-Scheme,501.7,4.16,0.018
2026-06-30 10:51:20.152326,C-Scheme,375.8,4.46,0.201
2026-06-30 11:51:20.152326,C-Scheme,370.1,4.51,0.131
2026-06-30 12:51:20.152326,C-Scheme,370.7,3.85,0.223
2026-06-30 13:51:20.152326,C-Scheme,304.6,5.12,0.104
2026-06-30 14:51:20.152326,C-Scheme,337.0,4.71,0.131
2026-06-30 15:51:20.152326,C-Scheme,360.0,4.38,0.01
2026-06-30 16:51:20.152326,C-Scheme,338.6,4.76,0.137
2026-06-30 17:51:20.152326,C-Scheme,418.5,4.61,0.284
2026-06-30 18:51:20.152326,C-Scheme,501.4,4.7,0.113
2026-06-30 19:51:20.152326,C-Scheme,446.2,4.95,0.117
2026-06-30 20:51:20.152326,C-Scheme,431.2,4.84,0.231
2026-06-30 21:51:20.152326,C-Scheme,508.4,4.8,0.179
2026-06-30 22:51:20.152326,C-Scheme,358.4,4.37,0.201
2026-06-30 23:51:20.152326,C-Scheme,347.9,4.28,0.171
2026-07-01 00:51:20.152326,C-Scheme,379.9,5.04,0.027
2026-07-01 01:51:20.152326,C-Scheme,311.3,4.71,0.243
2026-07-01 02:51:20.152326,C-Scheme,326.4,4.51,0.021
2026-07-01 03:51:20.152326,C-Scheme,344.8,4.23,0.033
2026-07-01 04:51:20.152326,C-Scheme,308.4,3.93,0.291
2026-07-01 05:51:20.152326,C-Scheme,344.4,4.55,0.274
2026-07-01 06:51:20.152326,C-Scheme,523.6,4.18,0.085
2026-07-01 07:51:20.152326,C-Scheme,446.5,4.54,0.124
2026-07-01 08:51:20.152326,C-Scheme,504.9,4.46,0.073
2026-07-01 09:51:20.152326,C-Scheme,431.2,4.93,0.005
2026-07-01 10:51:20.152326,C-Scheme,353.9,4.22,0.149
2026-07-01 11:51:20.152326,C-Scheme,377.5,4.2,0.109
2026-07-01 12:51:20.152326,C-Scheme,330.3,4.67,0.063
2026-07-01 13:51:20.152326,C-Scheme,334.7,3.94,0.015
2026-07-01 14:51:20.152326,C-Scheme,349.1,5.19,0.234
2026-07-01 15:51:20.152326,C-Scheme,399.6,4.37,0.098
2026-07-01 16:51:20.152326,C-Scheme,346.0,3.8,0.104
2026-07-01 17:51:20.152326,C-Scheme,370.6,4.14,0.136
2026-07-01 18:51:20.152326,C-Scheme,470.8,4.55,0.028
2026-07-01 19:51:20.152326,C-Scheme,468.7,3.99,0.134
2026-07-01 20:51:20.152326,C-Scheme,490.9,4.18,0.154
2026-07-01 21:51:20.152326,C-Scheme,465.2,4.6,0.113
2026-07-01 22:51:20.152326,C-Scheme,354.9,4.92,0.047
2026-07-01 23:51:20.152326,C-Scheme,356.5,4.88,0.268
2026-07-02 00:51:20.152326,C-Scheme,359.0,5.05,0.133
2026-07-02 01:51:20.152326,C-Scheme,360.5,4.13,0.104
2026-07-02 02:51:20.152326,C-Scheme,396.4,4.28,0.182
2026-07-02 03:51:20.152326,C-Scheme,339.1,4.28,0.135
2026-07-02 04:51:20.152326,C-Scheme,371.2,4.13,0.091
2026-07-02 05:51:20.152326,C-Scheme,365.4,4.42,0.168
2026-07-02 06:51:20.152326,C-Scheme,491.6,4.49,0.387
2026-07-02 07:51:20.152326,C-Scheme,499.4,4.71,0.24
2026-07-02 08:51:20.152326,C-Scheme,494.7,4.45,0.407
2026-07-02 09:51:20.152326,C-Scheme,475.6,5.01,0.035
2026-07-02 10:51:20.152326,C-Scheme,331.4,4.6,0.012
2026-07-02 11:51:20.152326,C-Scheme,354.5,4.8,0.107
2026-07-02 12:51:20.152326,C-Scheme,395.9,4.44,0.074
2026-07-02 13:51:20.152326,C-Scheme,311.7,4.82,0.08
2026-07-02 14:51:20.152326,C-Scheme,374.5,4.14,0.172
2026-07-02 15:51:20.152326,C-Scheme,379.0,4.31,0.144
2026-07-02 16:51:20.152326,C-Scheme,357.5,4.59,0.015
2026-07-02 17:51:20.152326,C-Scheme,336.9,4.51,0.141
2026-07-02 18:51:20.152326,C-Scheme,450.7,4.41,0.382
2026-07-02 19:51:20.152326,C-Scheme,470.1,4.77,0.144
2026-07-02 20:51:20.152326,C-Scheme,441.4,4.48,0.103
2026-07-02 21:51:20.152326,C-Scheme,401.0,4.21,0.113
2026-07-02 22:51:20.152326,C-Scheme,328.2,4.48,0.107
2026-07-02 23:51:20.152326,C-Scheme,343.5,4.63,0.07
2026-07-03 00:51:20.152326,C-Scheme,338.2,4.26,0.282
2026-07-03 01:51:20.152326,C-Scheme,357.8,4.5,0.1
2026-07-03 02:51:20.152326,C-Scheme,359.1,4.68,0.167
2026-07-03 03:51:20.152326,C-Scheme,344.9,4.98,0.202
2026-07-03 04:51:20.152326,C-Scheme,312.0,4.3,0.103
2026-07-03 05:51:20.152326,C-Scheme,351.2,4.26,0.337
2026-07-03 06:51:20.152326,C-Scheme,553.6,4.4,0.198
2026-07-03 07:51:20.152326,C-Scheme,501.0,3.7,0.131
2026-07-03 08:51:20.152326,C-Scheme,475.1,4.23,0.033
2026-07-03 09:51:20.152326,C-Scheme,540.3,4.5,0.081
2026-07-03 10:51:20.152326,C-Scheme,387.3,4.81,0.014
2026-07-03 11:51:20.152326,C-Scheme,315.3,4.54,0.175
2026-07-03 12:51:20.152326,C-Scheme,321.5,4.63,0.349
2026-07-03 13:51:20.152326,C-Scheme,306.0,4.37,0.052
2026-07-03 14:51:20.152326,C-Scheme,336.0,4.26,0.409
2026-07-03 15:51:20.152326,C-Scheme,346.8,4.99,0.274
2026-07-03 16:51:20.152326,C-Scheme,309.5,4.17,0.037
2026-07-03 17:51:20.152326,C-Scheme,355.7,4.78,0.181
2026-07-03 18:51:20.152326,C-Scheme,465.1,4.18,0.072
2026-07-03 19:51:20.152326,C-Scheme,448.0,4.73,0.273
2026-07-03 20:51:20.152326,C-Scheme,441.3,4.74,0.158
2026-07-03 21:51:20.152326,C-Scheme,435.6,4.24,0.378
2026-07-03 22:51:20.152326,C-Scheme,326.5,4.92,0.055
2026-07-03 23:51:20.152326,C-Scheme,326.6,4.34,0.105
2026-07-04 00:51:20.152326,C-Scheme,300.7,4.06,0.145
2026-07-04 01:51:20.152326,C-Scheme,340.5,4.23,0.339
2026-07-04 02:51:20.152326,C-Scheme,369.5,5.07,0.233
2026-07-04 03:51:20.152326,C-Scheme,346.2,3.88,0.373
2026-07-04 04:51:20.152326,C-Scheme,377.4,4.37,0.293
2026-07-04 05:51:20.152326,C-Scheme,361.1,4.51,0.022
2026-07-04 06:51:20.152326,C-Scheme,604.5,4.19,0.24
2026-07-04 07:51:20.152326,C-Scheme,504.9,4.69,0.182
2026-07-04 08:51:20.152326,C-Scheme,507.8,4.84,0.188
2026-07-04 09:51:20.152326,C-Scheme,560.7,4.53,0.132
2026-07-04 10:51:20.152326,C-Scheme,397.7,4.52,0.11
2026-07-04 11:51:20.152326,C-Scheme,363.7,4.79,0.139
2026-07-04 12:51:20.152326,C-Scheme,341.6,4.79,0.151
2026-07-04 13:51:20.152326,C-Scheme,366.8,4.53,0.071
2026-07-04 14:51:20.152326,C-Scheme,347.1,4.41,0.091
2026-07-04 15:51:20.152326,C-Scheme,329.4,4.6,0.141
2026-07-04 16:51:20.152326,C-Scheme,367.7,5.1,0.084
2026-07-04 17:51:20.152326,C-Scheme,360.3,4.3,0.077
2026-07-04 18:51:20.152326,C-Scheme,446.5,4.23,0.077
2026-07-04 19:51:20.152326,C-Scheme,480.4,4.02,0.14
2026-07-04 20:51:20.152326,C-Scheme,485.7,4.68,0.021
2026-07-04 21:51:20.152326,C-Scheme,441.2,4.11,0.236
2026-07-04 22:51:20.152326,C-Scheme,379.6,4.46,0.084
2026-07-04 23:51:20.152326,C-Scheme,318.9,4.65,0.323
2026-07-05 00:51:20.152326,C-Scheme,339.9,4.56,0.131
2026-07-05 01:51:20.152326,C-Scheme,392.1,4.48,0.053
2026-07-05 02:51:20.152326,C-Scheme,330.9,4.37,0.162
2026-07-05 03:51:20.152326,C-Scheme,339.0,4.13,0.506
2026-07-05 04:51:20.152326,C-Scheme,360.9,4.7,0.118
2026-07-05 05:51:20.152326,C-Scheme,310.8,5.01,0.176
2026-07-05 06:51:20.152326,C-Scheme,449.4,4.43,0.13
2026-07-05 07:51:20.152326,C-Scheme,491.8,4.65,0.064
2026-07-05 08:51:20.152326,C-Scheme,478.0,4.84,0.138
2026-07-05 09:51:20.152326,C-Scheme,442.9,4.75,0.179
2026-07-05 10:51:20.152326,C-Scheme,331.1,4.51,0.064
2026-07-05 11:51:20.152326,C-Scheme,382.7,4.2,0.085
2026-07-05 12:51:20.152326,C-Scheme,343.0,4.75,0.163
2026-07-05 13:51:20.152326,C-Scheme,339.9,5.16,0.061
2026-07-05 14:51:20.152326,C-Scheme,375.8,4.49,0.23
2026-07-05 15:51:20.152326,C-Scheme,355.9,4.67,0.22
2026-07-05 16:51:20.152326,C-Scheme,300.4,5.12,0.035
2026-07-05 17:51:20.152326,C-Scheme,316.6,4.52,0.048
2026-07-05 18:51:20.152326,C-Scheme,446.2,4.65,0.095
2026-07-05 19:51:20.152326,C-Scheme,476.3,4.53,0.355
2026-07-05 20:51:20.152326,C-Scheme,462.7,4.4,0.075
2026-07-05 21:51:20.152326,C-Scheme,420.3,5.06,0.08
2026-07-05 22:51:20.152326,C-Scheme,328.0,4.51,0.072
2026-07-05 23:51:20.152326,C-Scheme,312.6,4.68,0.359
2026-07-06 00:51:20.152326,C-Scheme,337.4,4.54,0.03
2026-07-06 01:51:20.152326,C-Scheme,352.2,5.05,0.316
2026-07-06 02:51:20.152326,C-Scheme,378.4,4.84,0.012
2026-07-06 03:51:20.152326,C-Scheme,407.2,4.91,0.144
2026-07-06 04:51:20.152326,C-Scheme,347.2,4.92,0.125
2026-07-06 05:51:20.152326,C-Scheme,339.1,4.65,0.153
2026-07-06 06:51:20.152326,C-Scheme,497.5,4.7,0.3
2026-07-06 07:51:20.152326,C-Scheme,549.0,4.05,0.116
2026-07-06 08:51:20.152326,C-Scheme,515.6,4.66,0.079
2026-07-06 09:51:20.152326,C-Scheme,456.2,4.33,0.06
2026-07-06 10:51:20.152326,C-Scheme,337.9,5.16,0.028
2026-07-06 11:51:20.152326,C-Scheme,378.0,4.07,0.049
2026-07-06 12:51:20.152326,C-Scheme,348.2,4.75,0.053
2026-07-06 13:51:20.152326,C-Scheme,333.1,4.17,0.407
2026-07-06 14:51:20.152326,C-Scheme,328.3,4.31,0.06
2026-07-06 15:51:20.152326,C-Scheme,387.5,4.55,0.074
2026-07-06 16:51:20.152326,C-Scheme,319.6,3.99,0.154
2026-07-06 17:51:20.152326,C-Scheme,335.4,4.51,0.301
2026-07-06 18:51:20.152326,C-Scheme,415.7,4.32,0.133
2026-07-06 19:51:20.152326,C-Scheme,398.1,4.07,0.105
2026-07-06 20:51:20.152326,C-Scheme,424.9,4.05,0.201
2026-07-06 21:51:20.152326,C-Scheme,433.1,4.46,0.124
2026-07-06 22:51:20.152326,C-Scheme,362.6,4.47,0.025
2026-07-06 23:51:20.152326,C-Scheme,370.6,4.56,0.003
2026-07-07 00:51:20.152326,C-Scheme,339.2,4.79,0.031
2026-07-07 01:51:20.152326,C-Scheme,346.1,4.68,0.268
2026-07-07 02:51:20.152326,C-Scheme,330.7,4.4,0.136
2026-07-07 03:51:20.152326,C-Scheme,364.8,4.6,0.307
2026-07-07 04:51:20.152326,C-Scheme,413.3,4.6,0.102
2026-07-07 05:51:20.152326,C-Scheme,361.2,4.44,0.273
2026-07-07 06:51:20.152326,C-Scheme,488.5,4.32,0.083
2026-07-07 07:51:20.152326,C-Scheme,501.2,4.64,0.017
2026-07-07 08:51:20.152326,C-Scheme,523.4,4.58,0.037
2026-07-07 09:51:20.152326,C-Scheme,465.6,4.44,0.419
2026-07-07 10:51:20.152326,C-Scheme,305.1,4.44,0.21
2026-07-07 11:51:20.152326,C-Scheme,340.4,5.21,0.298
2026-07-07 12:51:20.152326,C-Scheme,355.6,4.31,0.009
2026-07-07 13:51:20.152326,C-Scheme,351.6,4.89,0.209
2026-07-07 14:51:20.152326,C-Scheme,340.3,4.39,0.153
2026-07-07 15:51:20.152326,C-Scheme,335.5,5.01,0.054
2026-07-07 16:51:20.152326,C-Scheme,371.2,4.28,0.268
2026-07-07 17:51:20.152326,C-Scheme,378.5,4.57,0.105
2026-07-07 18:51:20.152326,C-Scheme,480.7,4.73,0.188
2026-07-07 19:51:20.152326,C-Scheme,486.2,4.24,0.1
2026-07-07 20:51:20.152326,C-Scheme,445.4,4.58,0.317
2026-07-07 21:51:20.152326,C-Scheme,421.4,4.53,0.212
2026-07-07 22:51:20.152326,C-Scheme,353.4,3.8,0.133
2026-07-07 23:51:20.152326,C-Scheme,333.6,4.15,0.121
2026-07-08 00:51:20.152326,C-Scheme,364.9,4.42,0.112
2026-07-08 01:51:20.152326,C-Scheme,345.2,4.4,0.078
2026-07-08 02:51:20.152326,C-Scheme,332.8,4.97,0.225
2026-07-08 03:51:20.152326,C-Scheme,340.6,4.53,0.285
2026-07-08 04:51:20.152326,C-Scheme,371.0,4.42,0.133
2026-07-08 05:51:20.152326,C-Scheme,317.2,4.22,0.524
2026-07-08 06:51:20.152326,C-Scheme,511.4,4.6,0.248
2026-07-08 07:51:20.152326,C-Scheme,496.9,4.54,0.26
2026-07-08 08:51:20.152326,C-Scheme,485.8,4.32,0.021
2026-07-08 09:51:20.152326,C-Scheme,522.1,4.17,0.041
2026-07-08 10:51:20.152326,C-Scheme,315.2,4.94,0.119
2026-07-08 11:51:20.152326,C-Scheme,342.5,4.92,0.136
2026-07-08 12:51:20.152326,C-Scheme,345.7,4.59,0.096
2026-07-08 13:51:20.152326,C-Scheme,383.1,4.44,0.17
2026-07-08 14:51:20.152326,C-Scheme,381.6,4.73,0.003
2026-07-08 15:51:20.152326,C-Scheme,384.0,4.32,0.058
2026-07-08 16:51:20.152326,C-Scheme,385.4,4.47,0.095
2026-07-08 17:51:20.152326,C-Scheme,340.4,4.14,0.259
2026-07-08 18:51:20.152326,C-Scheme,497.5,4.48,0.201
2026-07-08 19:51:20.152326,C-Scheme,515.9,4.69,0.119
2026-07-08 20:51:20.152326,C-Scheme,392.3,4.41,0.244
2026-07-08 21:51:20.152326,C-Scheme,404.8,4.67,0.045
2026-07-08 22:51:20.152326,C-Scheme,345.4,4.43,0.161
2026-07-08 23:51:20.152326,C-Scheme,349.8,4.52,0.128
2026-07-09 00:51:20.152326,C-Scheme,368.0,4.3,0.399
2026-07-09 01:51:20.152326,C-Scheme,302.5,4.62,0.119
2026-07-09 02:51:20.152326,C-Scheme,360.7,5.05,0.058
2026-07-09 03:51:20.152326,C-Scheme,377.9,4.25,0.083
2026-07-09 04:51:20.152326,C-Scheme,330.8,4.58,0.024
2026-07-09 05:51:20.152326,C-Scheme,353.4,4.7,0.064
2026-07-09 06:51:20.152326,C-Scheme,460.9,4.84,0.042
2026-07-09 07:51:20.152326,C-Scheme,474.2,3.71,0.125
2026-07-09 08:51:20.152326,C-Scheme,443.1,4.63,0.109
2026-07-09 09:51:20.152326,C-Scheme,415.6,4.68,0.329
2026-07-09 10:51:20.152326,C-Scheme,317.9,4.85,0.064
2026-07-09 11:51:20.152326,C-Scheme,349.5,4.59,0.129
2026-07-09 12:51:20.152326,C-Scheme,341.1,4.37,0.119
2026-07-09 13:51:20.152326,C-Scheme,364.8,4.12,0.101
2026-07-09 14:51:20.152326,C-Scheme,342.0,4.88,0.318
2026-07-09 15:51:20.152326,C-Scheme,379.0,4.27,0.06
2026-07-09 16:51:20.152326,C-Scheme,311.8,4.06,0.06
2026-07-09 17:51:20.152326,C-Scheme,372.3,4.62,0.171
2026-07-09 18:51:20.152326,C-Scheme,395.1,5.0,0.161
2026-07-09 19:51:20.152326,C-Scheme,464.3,5.05,0.037
2026-07-09 20:51:20.152326,C-Scheme,478.3,4.17,0.231
2026-07-09 21:51:20.152326,C-Scheme,562.4,4.47,0.152
2026-07-09 22:51:20.152326,C-Scheme,357.2,4.01,0.238
2026-07-09 23:51:20.152326,C-Scheme,348.4,4.47,0.044
2026-07-10 00:51:20.152326,C-Scheme,334.8,4.74,0.268
2026-07-10 01:51:20.152326,C-Scheme,369.2,4.15,0.171
2026-07-10 02:51:20.152326,C-Scheme,330.3,4.39,0.209
2026-07-10 03:51:20.152326,C-Scheme,356.8,4.41,0.095
2026-07-10 04:51:20.152326,C-Scheme,325.4,4.65,0.343
2026-07-10 05:51:20.152326,C-Scheme,376.6,4.79,0.238
2026-07-10 06:51:20.152326,C-Scheme,483.7,4.92,0.117
2026-07-10 07:51:20.152326,C-Scheme,477.4,4.39,0.253
2026-07-10 08:51:20.152326,C-Scheme,536.9,4.29,0.19
2026-07-10 09:51:20.152326,C-Scheme,512.2,4.07,0.43
2026-07-10 10:51:20.152326,C-Scheme,336.3,4.31,0.145
2026-07-10 11:51:20.152326,C-Scheme,323.4,5.11,0.407
2026-07-10 12:51:20.152326,C-Scheme,356.6,4.69,0.247
2026-07-10 13:51:20.152326,C-Scheme,364.7,4.51,0.075
2026-07-10 14:51:20.152326,C-Scheme,368.3,3.85,0.139
2026-07-10 15:51:20.152326,C-Scheme,302.5,4.2,0.414
2026-07-10 16:51:20.152326,C-Scheme,340.9,4.26,0.441
2026-07-10 17:51:20.152326,C-Scheme,297.3,4.01,0.033
2026-07-10 18:51:20.152326,C-Scheme,481.9,4.21,0.115
2026-07-10 19:51:20.152326,C-Scheme,465.3,4.64,0.167
2026-07-10 20:51:20.152326,C-Scheme,471.7,4.31,0.146
2026-07-10 21:51:20.152326,C-Scheme,450.8,4.57,0.08
2026-07-10 22:51:20.152326,C-Scheme,344.1,4.69,0.002
2026-07-10 23:51:20.152326,C-Scheme,321.6,4.47,0.158
2026-07-11 00:51:20.152326,C-Scheme,358.2,4.57,0.072
2026-07-11 01:51:20.152326,C-Scheme,361.0,5.06,0.076
2026-07-11 02:51:20.152326,C-Scheme,335.4,4.78,0.041
2026-07-11 03:51:20.152326,C-Scheme,320.3,4.42,0.124
2026-07-11 04:51:20.152326,C-Scheme,380.5,4.4,0.153
2026-07-11 05:51:20.152326,C-Scheme,323.9,4.07,0.182
2026-07-11 06:51:20.152326,C-Scheme,502.9,4.72,0.143
2026-07-11 07:51:20.152326,C-Scheme,510.4,4.42,0.054
2026-07-11 08:51:20.152326,C-Scheme,514.5,4.32,0.19
2026-07-11 09:51:20.152326,C-Scheme,506.7,4.74,0.028
2026-07-11 10:51:20.152326,C-Scheme,366.6,4.78,0.11
2026-07-11 11:51:20.152326,C-Scheme,324.2,4.39,0.147
2026-07-11 12:51:20.152326,C-Scheme,355.2,3.78,0.442
2026-07-11 13:51:20.152326,C-Scheme,378.9,4.61,0.033
2026-07-11 14:51:20.152326,C-Scheme,372.7,4.47,0.213
2026-07-11 15:51:20.152326,C-Scheme,357.8,4.24,0.425
2026-07-11 16:51:20.152326,C-Scheme,341.8,4.66,0.122
2026-07-11 17:51:20.152326,C-Scheme,368.0,4.64,0.19
2026-07-11 18:51:20.152326,C-Scheme,462.3,4.69,0.278
2026-07-11 19:51:20.152326,C-Scheme,438.4,4.31,0.062
2026-07-11 20:51:20.152326,C-Scheme,463.8,4.59,0.156
2026-07-11 21:51:20.152326,C-Scheme,507.4,4.5,0.117
2026-07-11 22:51:20.152326,C-Scheme,380.5,4.08,0.102
2026-07-11 23:51:20.152326,C-Scheme,304.4,4.45,0.038
2026-07-12 00:51:20.152326,C-Scheme,376.3,4.65,0.199
2026-07-12 01:51:20.152326,C-Scheme,335.0,5.13,0.16
2026-07-12 02:51:20.152326,C-Scheme,374.4,4.93,0.299
2026-07-12 03:51:20.152326,C-Scheme,370.1,4.69,0.027
2026-07-12 04:51:20.152326,C-Scheme,318.3,4.65,0.143
2026-07-12 05:51:20.152326,C-Scheme,365.1,4.24,0.121
2026-07-12 06:51:20.152326,C-Scheme,496.6,4.8,0.267
2026-07-12 07:51:20.152326,C-Scheme,517.6,3.99,0.165
2026-07-12 08:51:20.152326,C-Scheme,434.4,4.6,0.125
2026-07-12 09:51:20.152326,C-Scheme,508.3,4.38,0.234
2026-07-12 10:51:20.152326,C-Scheme,340.7,4.4,0.044
2026-07-12 11:51:20.152326,C-Scheme,354.6,4.37,0.111
2026-07-12 12:51:20.152326,C-Scheme,349.8,4.44,0.153
2026-07-12 13:51:20.152326,C-Scheme,329.7,4.81,0.036
2026-07-12 14:51:20.152326,C-Scheme,380.7,4.24,0.056
2026-07-12 15:51:20.152326,C-Scheme,364.7,4.88,0.175
2026-07-12 16:51:20.152326,C-Scheme,365.6,4.75,0.128
2026-07-12 17:51:20.152326,C-Scheme,385.6,4.82,0.137
2026-07-12 18:51:20.152326,C-Scheme,425.0,4.61,0.11
2026-07-12 19:51:20.152326,C-Scheme,489.9,4.67,0.278
2026-07-12 20:51:20.152326,C-Scheme,450.4,5.12,0.142
2026-07-12 21:51:20.152326,C-Scheme,446.9,4.74,0.032
2026-07-12 22:51:20.152326,C-Scheme,328.2,4.89,0.063
2026-07-12 23:51:20.152326,C-Scheme,370.1,4.9,0.101
2026-07-13 00:51:20.152326,C-Scheme,354.9,4.12,0.178
2026-07-13 01:51:20.152326,C-Scheme,328.3,4.6,0.074
2026-07-13 02:51:20.152326,C-Scheme,355.2,4.63,0.042
2026-07-13 03:51:20.152326,C-Scheme,355.8,4.59,0.031
2026-07-13 04:51:20.152326,C-Scheme,360.0,4.48,0.224
2026-07-13 05:51:20.152326,C-Scheme,341.2,4.47,0.153
2026-07-13 06:51:20.152326,C-Scheme,492.6,4.51,0.085
2026-07-13 07:51:20.152326,C-Scheme,509.1,4.68,0.068
2026-07-13 08:51:20.152326,C-Scheme,475.2,4.21,0.006
2026-07-13 09:51:20.152326,C-Scheme,455.3,4.44,0.062
2026-07-13 10:51:20.152326,C-Scheme,329.8,4.82,0.04
2026-07-13 11:51:20.152326,C-Scheme,358.4,4.71,0.252
2026-07-13 12:51:20.152326,C-Scheme,413.3,4.74,0.12
2026-07-13 13:51:20.152326,C-Scheme,350.6,4.6,0.061
2026-07-13 14:51:20.152326,C-Scheme,350.6,4.79,0.256
2026-07-13 15:51:20.152326,C-Scheme,356.3,4.35,0.082
2026-07-13 16:51:20.152326,C-Scheme,368.1,5.14,0.033
2026-07-13 17:51:20.152326,C-Scheme,313.0,4.44,0.133
2026-07-13 18:51:20.152326,C-Scheme,456.0,4.48,0.067
2026-07-13 19:51:20.152326,C-Scheme,526.9,4.17,0.364
2026-07-13 20:51:20.152326,C-Scheme,543.2,4.37,0.071
2026-07-13 21:51:20.152326,C-Scheme,482.9,4.19,0.181
2026-07-13 22:51:20.152326,C-Scheme,317.2,4.37,0.022
2026-07-13 23:51:20.152326,C-Scheme,386.2,3.86,0.035
2026-07-14 00:51:20.152326,C-Scheme,353.0,4.11,0.199
2026-07-14 01:51:20.152326,C-Scheme,338.6,4.75,0.016
2026-07-14 02:51:20.152326,C-Scheme,360.3,4.15,0.027
2026-07-14 03:51:20.152326,C-Scheme,341.3,4.44,0.248
2026-07-14 04:51:20.152326,C-Scheme,429.2,4.74,0.195
2026-07-14 05:51:20.152326,C-Scheme,352.1,4.35,0.317
2026-07-14 06:51:20.152326,C-Scheme,550.6,5.28,0.339
2026-07-14 07:51:20.152326,C-Scheme,518.2,4.28,0.038
2026-07-14 08:51:20.152326,C-Scheme,535.2,4.79,0.023
2026-07-14 09:51:20.152326,C-Scheme,508.7,4.52,0.211
2026-07-14 10:51:20.152326,C-Scheme,331.9,4.29,0.163
2026-07-14 11:51:20.152326,C-Scheme,342.7,4.78,0.063
2026-07-14 12:51:20.152326,C-Scheme,355.2,4.6,0.028
2026-07-14 13:51:20.152326,C-Scheme,357.8,5.05,0.169
2026-07-14 14:51:20.152326,C-Scheme,420.2,4.79,0.098
2026-07-14 15:51:20.152326,C-Scheme,356.4,3.87,0.204
2026-07-14 16:51:20.152326,C-Scheme,301.5,4.9,0.708
2026-07-14 17:51:20.152326,C-Scheme,306.6,4.63,0.142
2026-07-14 18:51:20.152326,C-Scheme,448.5,4.67,0.247
2026-07-14 19:51:20.152326,C-Scheme,453.9,5.01,0.118
2026-07-14 20:51:20.152326,C-Scheme,479.8,4.64,0.171
2026-07-14 21:51:20.152326,C-Scheme,461.5,4.91,0.204
2026-07-14 22:51:20.152326,C-Scheme,341.2,4.82,0.134
2026-07-14 23:51:20.152326,C-Scheme,389.5,4.48,0.256
2026-07-15 00:51:20.152326,C-Scheme,356.7,4.57,0.165
2026-07-15 01:51:20.152326,C-Scheme,357.6,5.19,0.16
2026-07-15 02:51:20.152326,C-Scheme,314.0,4.73,0.018
2026-07-15 03:51:20.152326,C-Scheme,375.8,4.58,0.063
2026-07-15 04:51:20.152326,C-Scheme,339.3,4.58,0.174
2026-07-15 05:51:20.152326,C-Scheme,306.7,4.45,0.038
2026-07-15 06:51:20.152326,C-Scheme,462.2,4.42,0.032
2026-07-15 07:51:20.152326,C-Scheme,491.2,4.36,0.094
2026-07-15 08:51:20.152326,C-Scheme,480.7,4.41,0.173
2026-07-15 09:51:20.152326,C-Scheme,445.9,4.48,0.089
2026-07-15 10:51:20.152326,C-Scheme,311.0,4.78,0.064
2026-07-15 11:51:20.152326,C-Scheme,374.6,4.66,0.176
2026-07-15 12:51:20.152326,C-Scheme,373.5,4.44,0.148
2026-07-15 13:51:20.152326,C-Scheme,355.5,4.63,0.111
2026-07-15 14:51:20.152326,C-Scheme,362.7,4.1,0.271
2026-07-15 15:51:20.152326,C-Scheme,300.0,4.46,0.23
2026-07-15 16:51:20.152326,C-Scheme,359.8,4.92,0.093
2026-07-15 17:51:20.152326,C-Scheme,343.0,4.11,0.031
2026-07-15 18:51:20.152326,C-Scheme,420.2,4.72,0.125
2026-07-15 19:51:20.152326,C-Scheme,425.9,4.35,0.09
2026-07-15 20:51:20.152326,C-Scheme,410.1,4.77,0.14
2026-07-15 21:51:20.152326,C-Scheme,477.8,4.23,0.135
2026-07-15 22:51:20.152326,C-Scheme,337.0,4.23,0.049
2026-07-15 23:51:20.152326,C-Scheme,331.3,4.54,0.117
2026-07-16 00:51:20.152326,C-Scheme,339.3,4.34,0.074
2026-07-16 01:51:20.152326,C-Scheme,348.6,4.32,0.163
2026-07-16 02:51:20.152326,C-Scheme,363.8,4.66,0.324
2026-07-16 03:51:20.152326,C-Scheme,321.6,4.24,0.093
2026-07-16 04:51:20.152326,C-Scheme,393.2,4.34,0.182
2026-07-16 05:51:20.152326,C-Scheme,369.6,4.71,0.096
2026-07-16 06:51:20.152326,C-Scheme,513.8,4.59,0.171
2026-07-16 07:51:20.152326,C-Scheme,509.1,4.63,0.069
2026-07-16 08:51:20.152326,C-Scheme,507.7,4.15,0.344
2026-07-16 09:51:20.152326,C-Scheme,507.3,4.58,0.108
2026-07-16 10:51:20.152326,C-Scheme,375.1,4.25,0.046
2026-07-16 11:51:20.152326,C-Scheme,338.6,4.0,0.387
2026-07-16 12:51:20.152326,C-Scheme,324.9,4.19,0.134
2026-07-16 13:51:20.152326,C-Scheme,339.5,4.23,0.061
2026-07-16 14:51:20.152326,C-Scheme,328.4,4.46,0.029
2026-07-16 15:51:20.152326,C-Scheme,365.0,4.3,0.377
2026-07-16 16:51:20.152326,C-Scheme,389.2,4.46,0.263
2026-07-16 17:51:20.152326,C-Scheme,382.1,4.29,0.127
2026-07-16 18:51:20.152326,C-Scheme,424.3,4.54,0.021
2026-07-16 19:51:20.152326,C-Scheme,487.0,4.8,0.021
2026-07-16 20:51:20.152326,C-Scheme,487.2,4.59,0.094
2026-07-16 21:51:20.152326,C-Scheme,493.8,4.61,0.294
2026-07-16 22:51:20.152326,C-Scheme,379.0,4.14,0.033
2026-07-16 23:51:20.152326,C-Scheme,363.1,4.19,0.078
2026-07-17 00:51:20.152326,C-Scheme,355.2,4.58,0.086
2026-07-17 01:51:20.152326,C-Scheme,354.5,4.76,0.005
2026-07-17 02:51:20.152326,C-Scheme,329.1,3.99,0.237
2026-07-17 03:51:20.152326,C-Scheme,361.1,4.7,0.226
2026-07-17 04:51:20.152326,C-Scheme,398.7,4.47,0.106
2026-07-17 05:51:20.152326,C-Scheme,362.2,4.18,0.099
2026-07-17 06:51:20.152326,C-Scheme,453.4,4.52,0.043
2026-07-17 07:51:20.152326,C-Scheme,501.7,4.35,0.261
2026-07-17 08:51:20.152326,C-Scheme,494.5,4.64,0.104
2026-07-17 09:51:20.152326,C-Scheme,490.8,4.71,0.364
2026-07-17 10:51:20.152326,C-Scheme,368.7,4.21,0.053
2026-07-17 11:51:20.152326,C-Scheme,343.2,4.98,0.148
2026-07-17 12:51:20.152326,C-Scheme,362.0,4.27,0.235
2026-07-17 13:51:20.152326,C-Scheme,368.0,4.71,0.316
2026-07-17 14:51:20.152326,C-Scheme,337.7,4.7,0.366
2026-07-17 15:51:20.152326,C-Scheme,360.9,3.97,0.274
2026-07-17 16:51:20.152326,C-Scheme,348.1,4.62,0.191
2026-07-17 17:51:20.152326,C-Scheme,352.7,4.61,0.068
2026-07-17 18:51:20.152326,C-Scheme,425.5,4.25,0.243
2026-07-17 19:51:20.152326,C-Scheme,413.0,4.7,0.328
2026-07-17 20:51:20.152326,C-Scheme,460.3,5.05,0.162
2026-07-17 21:51:20.152326,C-Scheme,507.3,5.02,0.168
2026-07-17 22:51:20.152326,C-Scheme,320.7,4.44,0.175
2026-07-17 23:51:20.152326,C-Scheme,293.5,4.4,0.117
2026-07-18 00:51:20.152326,C-Scheme,316.9,4.86,0.101
2026-07-18 01:51:20.152326,C-Scheme,313.2,4.75,0.275
2026-07-18 02:51:20.152326,C-Scheme,328.4,4.84,0.07
2026-07-18 03:51:20.152326,C-Scheme,361.2,4.75,0.253
2026-07-18 04:51:20.152326,C-Scheme,311.5,4.66,0.146
2026-07-18 05:51:20.152326,C-Scheme,339.1,4.4,0.203
2026-07-18 06:51:20.152326,C-Scheme,514.4,4.45,0.127
2026-07-18 07:51:20.152326,C-Scheme,532.1,4.63,0.318
2026-07-18 08:51:20.152326,C-Scheme,465.8,4.5,0.199
2026-07-18 09:51:20.152326,C-Scheme,485.9,4.74,0.121
2026-07-18 10:51:20.152326,C-Scheme,342.4,4.34,0.062
2026-07-18 11:51:20.152326,C-Scheme,368.5,5.01,0.12
2026-07-18 12:51:20.152326,C-Scheme,338.8,4.59,0.089
2026-07-18 13:51:20.152326,C-Scheme,390.1,4.77,0.171
2026-07-18 14:51:20.152326,C-Scheme,307.6,4.33,0.104
2026-07-18 15:51:20.152326,C-Scheme,358.2,4.2,0.128
2026-07-18 16:51:20.152326,C-Scheme,321.7,4.39,0.1
2026-07-18 17:51:20.152326,C-Scheme,319.7,4.49,0.283
2026-07-18 18:51:20.152326,C-Scheme,472.4,4.45,0.012
2026-07-18 19:51:20.152326,C-Scheme,424.9,4.27,0.032
2026-07-18 20:51:20.152326,C-Scheme,480.9,4.16,0.021
2026-07-18 21:51:20.152326,C-Scheme,453.3,4.39,0.072
2026-07-18 22:51:20.152326,C-Scheme,360.1,4.72,0.24
2026-07-18 23:51:20.152326,C-Scheme,363.2,4.26,0.015
2026-07-19 00:51:20.152326,C-Scheme,315.0,4.48,0.196
2026-07-19 01:51:20.152326,C-Scheme,306.7,4.29,0.418
2026-07-19 02:51:20.152326,C-Scheme,333.0,4.98,0.057
2026-07-19 03:51:20.152326,C-Scheme,325.2,4.21,0.369
2026-07-19 04:51:20.152326,C-Scheme,318.0,4.11,0.094
2026-07-19 05:51:20.152326,C-Scheme,318.8,4.61,0.041
2026-07-19 06:51:20.152326,C-Scheme,443.7,4.3,0.006
2026-07-19 07:51:20.152326,C-Scheme,465.6,4.75,0.103
2026-07-19 08:51:20.152326,C-Scheme,507.8,4.49,0.056
2026-07-19 09:51:20.152326,C-Scheme,450.5,4.98,0.082
2026-07-19 10:51:20.152326,C-Scheme,346.3,4.51,0.063
2026-07-19 11:51:20.152326,C-Scheme,280.7,5.02,0.065
2026-07-19 12:51:20.152326,C-Scheme,363.7,4.43,0.015
2026-07-19 13:51:20.152326,C-Scheme,341.4,4.8,0.155
2026-07-19 14:51:20.152326,C-Scheme,298.2,4.45,0.081
2026-07-19 15:51:20.152326,C-Scheme,355.6,4.56,0.208
2026-07-19 16:51:20.152326,C-Scheme,384.5,4.74,0.04
2026-07-19 17:51:20.152326,C-Scheme,362.4,4.72,0.349
2026-07-19 18:51:20.152326,C-Scheme,469.8,4.62,0.026
2026-07-19 19:51:20.152326,C-Scheme,401.9,5.26,0.219
2026-07-19 20:51:20.152326,C-Scheme,449.7,4.44,0.41
2026-07-19 21:51:20.152326,C-Scheme,442.9,4.08,0.164
2026-07-19 22:51:20.152326,C-Scheme,375.1,4.63,0.192
2026-07-19 23:51:20.152326,C-Scheme,340.3,4.62,0.021
2026-07-20 00:51:20.152326,C-Scheme,356.1,4.59,0.061
2026-07-20 01:51:20.152326,C-Scheme,371.7,4.71,0.234
2026-07-20 02:51:20.152326,C-Scheme,354.7,4.52,0.104
2026-07-20 03:51:20.152326,C-Scheme,370.0,4.73,0.13
2026-07-20 04:51:20.152326,C-Scheme,393.9,5.15,0.171
2026-07-20 05:51:20.152326,C-Scheme,347.6,4.05,0.203
2026-07-20 06:51:20.152326,C-Scheme,447.0,4.02,0.343
2026-07-20 07:51:20.152326,C-Scheme,499.8,4.33,0.015
2026-07-20 08:51:20.152326,C-Scheme,505.4,4.0,0.181
2026-07-20 09:51:20.152326,C-Scheme,518.4,4.54,0.188
2026-07-20 10:51:20.152326,C-Scheme,349.9,4.68,0.155
2026-07-20 11:51:20.152326,C-Scheme,356.9,4.43,0.119
2026-07-20 12:51:20.152326,C-Scheme,343.4,4.87,0.024
2026-07-20 13:51:20.152326,C-Scheme,376.3,4.29,0.119
2026-07-20 14:51:20.152326,C-Scheme,334.0,3.94,0.117
2026-07-20 15:51:20.152326,C-Scheme,365.6,4.21,0.256
2026-07-20 16:51:20.152326,C-Scheme,358.6,4.13,0.311
2026-07-20 17:51:20.152326,C-Scheme,309.7,5.32,0.081
2026-07-20 18:51:20.152326,C-Scheme,456.0,4.57,0.233
2026-07-20 19:51:20.152326,C-Scheme,443.3,4.74,0.281
2026-07-20 20:51:20.152326,C-Scheme,521.3,4.28,0.136
2026-07-20 21:51:20.152326,C-Scheme,460.8,4.6,0.071
2026-07-20 22:51:20.152326,C-Scheme,333.2,4.71,0.058
2026-07-20 23:51:20.152326,C-Scheme,362.2,4.51,0.175
2026-07-21 00:51:20.152326,C-Scheme,374.3,3.9,0.059
2026-07-21 01:51:20.152326,C-Scheme,372.8,4.71,0.155
2026-07-21 02:51:20.152326,C-Scheme,402.5,5.29,0.16
2026-07-21 03:51:20.152326,C-Scheme,399.7,4.02,0.082
2026-07-21 04:51:20.152326,C-Scheme,327.5,4.09,0.077
2026-07-21 05:51:20.152326,C-Scheme,362.4,4.12,0.075
2026-07-21 06:51:20.152326,C-Scheme,456.9,4.38,0.172
2026-07-21 07:51:20.152326,C-Scheme,459.9,4.94,0.127
2026-07-21 08:51:20.152326,C-Scheme,487.9,4.71,0.062
2026-07-21 09:51:20.152326,C-Scheme,487.6,4.74,0.339
2026-07-21 10:51:20.152326,C-Scheme,329.5,4.79,0.025
2026-07-21 11:51:20.152326,C-Scheme,357.4,4.72,0.119
2026-07-21 12:51:20.152326,C-Scheme,358.3,4.28,0.431
2026-07-21 13:51:20.152326,C-Scheme,331.2,4.39,0.008
2026-07-21 14:51:20.152326,C-Scheme,375.8,4.77,0.301
2026-07-21 15:51:20.152326,C-Scheme,329.3,4.94,0.049
2026-07-21 16:51:20.152326,C-Scheme,333.9,4.07,0.165
2026-07-21 17:51:20.152326,C-Scheme,364.3,4.44,0.012
2026-07-21 18:51:20.152326,C-Scheme,467.2,4.71,0.094
2026-07-21 19:51:20.152326,C-Scheme,414.6,4.57,0.162
2026-07-21 20:51:20.152326,C-Scheme,491.6,4.38,0.233
2026-07-21 21:51:20.152326,C-Scheme,461.0,4.27,0.063
2026-07-21 22:51:20.152326,C-Scheme,349.6,4.3,0.072
2026-07-21 23:51:20.152326,C-Scheme,338.1,4.81,0.175
2026-07-22 00:51:20.152326,C-Scheme,316.7,4.5,0.014
2026-07-22 01:51:20.152326,C-Scheme,379.5,3.81,0.018
2026-07-22 02:51:20.152326,C-Scheme,343.9,4.8,0.143
2026-07-22 03:51:20.152326,C-Scheme,322.3,4.76,0.015
2026-07-22 04:51:20.152326,C-Scheme,329.4,4.82,0.417
2026-07-22 05:51:20.152326,C-Scheme,356.4,4.9,0.07
2026-07-22 06:51:20.152326,C-Scheme,518.5,4.09,0.424
2026-07-22 07:51:20.152326,C-Scheme,423.7,4.41,0.36
2026-07-22 08:51:20.152326,C-Scheme,389.8,4.61,0.38
2026-07-22 09:51:20.152326,C-Scheme,451.0,4.2,0.066
2026-07-22 10:51:20.152326,C-Scheme,398.7,4.69,0.186
2026-07-22 11:51:20.152326,C-Scheme,369.4,4.51,0.039
2026-07-22 12:51:20.152326,C-Scheme,355.2,4.34,0.26
2026-07-22 13:51:20.152326,C-Scheme,361.7,4.56,0.074
2026-07-22 14:51:20.152326,C-Scheme,378.8,5.05,0.222
2026-07-22 15:51:20.152326,C-Scheme,384.4,4.63,0.063
2026-07-22 16:51:20.152326,C-Scheme,324.0,4.79,0.163
2026-07-22 17:51:20.152326,C-Scheme,334.2,4.56,0.228
2026-07-22 18:51:20.152326,C-Scheme,499.8,4.57,0.176
2026-07-22 19:51:20.152326,C-Scheme,446.0,4.65,0.159
2026-07-22 20:51:20.152326,C-Scheme,529.8,4.7,0.185
2026-07-22 21:51:20.152326,C-Scheme,420.4,4.16,0.055
2026-07-22 22:51:20.152326,C-Scheme,360.0,4.92,0.08
2026-07-22 23:51:20.152326,C-Scheme,349.7,4.85,0.361
2026-07-23 00:51:20.152326,C-Scheme,323.7,4.65,0.036
2026-07-23 01:51:20.152326,C-Scheme,370.2,4.08,0.008
2026-07-23 02:51:20.152326,C-Scheme,348.9,4.02,0.105
2026-07-23 03:51:20.152326,C-Scheme,333.3,4.03,0.251
2026-07-23 04:51:20.152326,C-Scheme,354.3,4.16,0.062
2026-07-23 05:51:20.152326,C-Scheme,334.7,4.26,0.11
2026-07-23 06:51:20.152326,C-Scheme,490.1,4.21,0.165
2026-07-23 07:51:20.152326,C-Scheme,464.2,4.93,0.035
2026-07-23 08:51:20.152326,C-Scheme,494.9,4.59,0.129
2026-07-23 09:51:20.152326,C-Scheme,493.4,4.37,0.009
2026-07-23 10:51:20.152326,C-Scheme,318.0,4.83,0.098
2026-07-23 11:51:20.152326,C-Scheme,376.0,4.38,0.083
2026-07-23 12:51:20.152326,C-Scheme,377.7,4.76,0.101
2026-07-23 13:51:20.152326,C-Scheme,327.8,4.79,0.076
2026-07-23 14:51:20.152326,C-Scheme,362.6,4.52,0.064
2026-07-23 15:51:20.152326,C-Scheme,325.7,4.15,0.207
2026-07-23 16:51:20.152326,C-Scheme,324.8,4.34,0.05
2026-07-23 17:51:20.152326,C-Scheme,307.4,4.42,0.139
2026-07-23 18:51:20.152326,C-Scheme,476.9,4.34,0.085
2026-07-23 19:51:20.152326,C-Scheme,470.7,4.16,0.034
2026-07-23 20:51:20.152326,C-Scheme,475.7,4.83,0.095
2026-07-23 21:51:20.152326,C-Scheme,493.3,4.13,0.05
2026-07-23 22:51:20.152326,C-Scheme,332.0,4.5,0.034
2026-07-23 23:51:20.152326,C-Scheme,362.8,4.67,0.097
2026-07-24 00:51:20.152326,C-Scheme,343.4,4.91,0.111
2026-07-24 01:51:20.152326,C-Scheme,306.7,4.32,0.066
2026-07-24 02:51:20.152326,C-Scheme,359.1,4.56,0.362
2026-07-24 03:51:20.152326,C-Scheme,334.1,4.54,0.082
2026-07-24 04:51:20.152326,C-Scheme,360.5,4.38,0.249
2026-07-24 05:51:20.152326,C-Scheme,350.1,4.13,0.098
2026-07-24 06:51:20.152326,C-Scheme,444.4,4.08,0.049
2026-07-24 07:51:20.152326,C-Scheme,462.5,4.51,0.239
2026-07-24 08:51:20.152326,C-Scheme,460.4,4.37,0.113
2026-07-24 09:51:20.152326,C-Scheme,545.7,4.88,0.174
2026-07-24 10:51:20.152326,C-Scheme,328.0,4.08,0.041
2026-07-24 11:51:20.152326,C-Scheme,345.7,4.21,0.156
2026-07-24 12:51:20.152326,C-Scheme,380.3,4.58,0.089
2026-07-24 13:51:20.152326,C-Scheme,300.1,4.49,0.207
2026-07-24 14:51:20.152326,C-Scheme,366.9,5.1,0.201
2026-07-24 15:51:20.152326,C-Scheme,366.4,4.06,0.381
2026-07-24 16:51:20.152326,C-Scheme,340.8,4.89,0.303
2026-07-24 17:51:20.152326,C-Scheme,367.9,4.16,0.002
2026-07-24 18:51:20.152326,C-Scheme,432.9,4.33,0.088
2026-07-24 19:51:20.152326,C-Scheme,398.8,4.54,0.365
2026-07-24 20:51:20.152326,C-Scheme,436.9,4.64,0.437
2026-07-24 21:51:20.152326,C-Scheme,479.2,4.35,0.023
2026-07-24 22:51:20.152326,C-Scheme,308.0,4.3,0.238
2026-07-24 23:51:20.152326,C-Scheme,364.7,4.7,0.109
2026-07-25 00:51:20.152326,C-Scheme,338.4,4.37,0.264
2026-07-25 01:51:20.152326,C-Scheme,294.7,4.8,0.106
2026-07-25 02:51:20.152326,C-Scheme,323.6,4.52,0.076
2026-07-25 03:51:20.152326,C-Scheme,386.8,4.39,0.23
2026-07-25 04:51:20.152326,C-Scheme,352.9,4.82,0.244
2026-07-25 05:51:20.152326,C-Scheme,371.7,3.79,0.537
2026-07-25 06:51:20.152326,C-Scheme,475.2,4.84,0.119
2026-07-25 07:51:20.152326,C-Scheme,533.0,4.53,0.147
2026-07-25 08:51:20.152326,C-Scheme,351.8,4.81,0.212
2026-07-25 09:51:20.152326,C-Scheme,452.1,4.69,0.064
2026-07-25 10:51:20.152326,C-Scheme,357.2,4.6,0.202
2026-07-25 11:51:20.152326,C-Scheme,352.9,4.44,0.154
2026-07-25 12:51:20.152326,C-Scheme,358.7,4.18,0.186
2026-07-25 13:51:20.152326,C-Scheme,359.1,5.04,0.122
2026-07-25 14:51:20.152326,C-Scheme,352.1,4.18,0.306
2026-07-25 15:51:20.152326,C-Scheme,339.6,4.2,0.139
2026-07-25 16:51:20.152326,C-Scheme,356.9,4.23,0.277
2026-07-25 17:51:20.152326,C-Scheme,302.2,4.6,0.053
2026-07-25 18:51:20.152326,C-Scheme,451.0,4.42,0.249
2026-07-25 19:51:20.152326,C-Scheme,462.6,4.61,0.138
2026-07-25 20:51:20.152326,C-Scheme,482.7,4.42,0.146
2026-07-25 21:51:20.152326,C-Scheme,508.2,4.6,0.253
2026-07-25 22:51:20.152326,C-Scheme,368.7,4.5,0.328
2026-07-25 23:51:20.152326,C-Scheme,374.2,4.1,0.074
2026-07-26 00:51:20.152326,C-Scheme,355.8,4.54,0.144
2026-07-26 01:51:20.152326,C-Scheme,356.6,4.24,0.084
2026-07-26 02:51:20.152326,C-Scheme,314.8,4.41,0.168
2026-07-26 03:51:20.152326,C-Scheme,357.9,5.1,0.064
2026-07-26 04:51:20.152326,C-Scheme,375.4,4.35,0.018
2026-07-26 05:51:20.152326,C-Scheme,365.3,4.8,0.169
2026-07-26 06:51:20.152326,C-Scheme,518.6,4.6,0.203
2026-07-26 07:51:20.152326,C-Scheme,511.6,3.64,0.09
2026-07-26 08:51:20.152326,C-Scheme,447.4,4.91,0.346
2026-07-26 09:51:20.152326,C-Scheme,451.7,4.07,0.091
2026-07-26 10:51:20.152326,C-Scheme,318.7,4.75,0.158
2026-07-26 11:51:20.152326,C-Scheme,351.2,4.5,0.057
2026-07-26 12:51:20.152326,C-Scheme,333.5,4.54,0.195
2026-07-26 13:51:20.152326,C-Scheme,345.2,4.77,0.225
2026-07-26 14:51:20.152326,C-Scheme,360.9,4.29,0.241
2026-07-26 15:51:20.152326,C-Scheme,320.4,4.7,0.025
2026-07-26 16:51:20.152326,C-Scheme,371.2,4.18,0.17
2026-07-26 17:51:20.152326,C-Scheme,349.1,4.71,0.258
2026-07-26 18:51:20.152326,C-Scheme,444.7,4.32,0.128
2026-07-26 19:51:20.152326,C-Scheme,413.3,4.88,0.021
2026-07-26 20:51:20.152326,C-Scheme,496.6,3.86,0.161
2026-07-26 21:51:20.152326,C-Scheme,429.6,5.0,0.147
2026-07-26 22:51:20.152326,C-Scheme,354.8,4.7,0.29
2026-07-26 23:51:20.152326,C-Scheme,386.4,3.94,0.069
2026-07-27 00:51:20.152326,C-Scheme,368.7,4.66,0.138
2026-07-27 01:51:20.152326,C-Scheme,390.8,4.34,0.231
2026-07-27 02:51:20.152326,C-Scheme,353.3,4.05,0.066
2026-07-27 03:51:20.152326,C-Scheme,347.6,4.61,0.294
2026-07-27 04:51:20.152326,C-Scheme,360.0,4.91,0.203
2026-07-27 05:51:20.152326,C-Scheme,357.9,4.36,0.319
2026-07-27 06:51:20.152326,C-Scheme,439.3,4.05,0.1
2026-07-27 07:51:20.152326,C-Scheme,493.1,4.36,0.49
2026-07-27 08:51:20.152326,C-Scheme,497.5,4.08,0.297
2026-07-27 09:51:20.152326,C-Scheme,398.6,4.14,0.074
2026-07-27 10:51:20.152326,C-Scheme,361.8,4.49,0.212
2026-07-27 11:51:20.152326,C-Scheme,319.9,4.2,0.097
2026-07-27 12:51:20.152326,C-Scheme,365.9,5.1,0.166
2026-07-27 13:51:20.152326,C-Scheme,364.8,4.74,0.278
2026-07-27 14:51:20.152326,C-Scheme,347.4,4.4,0.131
2026-07-27 15:51:20.152326,C-Scheme,371.5,4.47,0.227
2026-07-27 16:51:20.152326,C-Scheme,340.3,4.25,0.237
2026-07-27 17:51:20.152326,C-Scheme,340.1,4.18,0.208
2026-07-27 18:51:20.152326,C-Scheme,474.2,4.4,0.151
2026-07-27 19:51:20.152326,C-Scheme,485.7,4.81,0.195
2026-07-27 20:51:20.152326,C-Scheme,426.6,4.21,0.005
2026-07-27 21:51:20.152326,C-Scheme,447.2,4.81,0.009
2026-07-27 22:51:20.152326,C-Scheme,410.7,4.82,0.016
2026-07-27 23:51:20.152326,C-Scheme,352.4,4.67,0.027
2026-07-28 00:51:20.152326,C-Scheme,374.1,4.9,0.133
2026-07-28 01:51:20.152326,C-Scheme,370.1,4.43,0.219
2026-07-28 02:51:20.152326,C-Scheme,333.4,4.46,0.15
2026-07-28 03:51:20.152326,C-Scheme,346.7,4.16,0.32
2026-07-28 04:51:20.152326,C-Scheme,355.6,4.68,0.119
2026-07-28 05:51:20.152326,C-Scheme,326.0,4.24,0.211
2026-07-28 06:51:20.152326,C-Scheme,546.7,4.79,0.283
2026-07-28 07:51:20.152326,C-Scheme,541.4,5.09,0.002
2026-07-28 08:51:20.152326,C-Scheme,545.2,4.1,0.059
2026-07-28 09:51:20.152326,C-Scheme,503.9,4.47,0.228
2026-07-28 10:51:20.152326,C-Scheme,311.0,5.06,0.037
2026-07-28 11:51:20.152326,C-Scheme,368.3,5.2,0.216
2026-07-28 12:51:20.152326,C-Scheme,337.2,4.56,0.35
2026-07-28 13:51:20.152326,C-Scheme,322.5,4.61,0.097
2026-07-28 14:51:20.152326,C-Scheme,321.5,4.37,0.168
2026-07-28 15:51:20.152326,C-Scheme,337.5,4.88,0.274
2026-07-28 16:51:20.152326,C-Scheme,317.8,4.59,0.25
2026-07-28 17:51:20.152326,C-Scheme,340.5,4.35,0.209
2026-07-28 18:51:20.152326,C-Scheme,478.5,4.62,0.081
2026-07-28 19:51:20.152326,C-Scheme,483.5,4.38,0.058
2026-07-28 20:51:20.152326,C-Scheme,480.3,5.08,0.191
2026-07-28 21:51:20.152326,C-Scheme,468.3,4.59,0.241
2026-07-28 22:51:20.152326,C-Scheme,411.9,4.0,0.136
2026-07-28 23:51:20.152326,C-Scheme,362.1,4.33,0.015
2026-07-29 00:51:20.152326,C-Scheme,312.8,3.95,0.094
2026-07-29 01:51:20.152326,C-Scheme,354.1,4.68,0.149
2026-07-29 02:51:20.152326,C-Scheme,312.3,4.99,0.027
2026-07-29 03:51:20.152326,C-Scheme,349.1,4.89,0.181
2026-07-29 04:51:20.152326,C-Scheme,317.5,4.64,0.051
2026-07-29 05:51:20.152326,C-Scheme,368.6,4.79,0.187
2026-07-29 06:51:20.152326,C-Scheme,478.4,4.38,0.212
2026-07-29 07:51:20.152326,C-Scheme,470.7,4.53,0.303
2026-07-29 08:51:20.152326,C-Scheme,476.3,4.05,0.164
2026-07-29 09:51:20.152326,C-Scheme,515.2,4.24,0.097
2026-07-29 10:51:20.152326,C-Scheme,332.5,4.06,0.024
2026-07-29 11:51:20.152326,C-Scheme,377.6,4.25,0.006
2026-07-29 12:51:20.152326,C-Scheme,310.0,4.13,0.067
2026-07-29 13:51:20.152326,C-Scheme,352.7,4.59,0.144
2026-07-29 14:51:20.152326,C-Scheme,344.4,4.33,0.204
2026-07-29 15:51:20.152326,C-Scheme,367.4,4.33,0.016
2026-07-29 16:51:20.152326,C-Scheme,374.5,4.46,0.093
2026-07-29 17:51:20.152326,C-Scheme,349.1,4.75,0.076
2026-07-29 18:51:20.152326,C-Scheme,443.5,4.55,0.276
2026-07-29 19:51:20.152326,C-Scheme,466.2,4.18,0.116
2026-07-29 20:51:20.152326,C-Scheme,466.8,4.35,0.348
2026-07-29 21:51:20.152326,C-Scheme,441.6,4.44,0.058
2026-07-29 22:51:20.152326,C-Scheme,312.3,4.0,0.057
2026-07-29 23:51:20.152326,C-Scheme,332.6,4.73,0.141
2026-07-30 00:51:20.152326,C-Scheme,344.0,4.71,0.227
2026-07-30 01:51:20.152326,C-Scheme,350.3,4.95,0.699
2026-07-30 02:51:20.152326,C-Scheme,351.9,4.94,0.314
2026-07-30 03:51:20.152326,C-Scheme,388.1,4.61,0.029
2026-07-30 04:51:20.152326,C-Scheme,371.0,4.79,0.141
2026-07-30 05:51:20.152326,C-Scheme,313.7,4.24,0.03
2026-07-30 06:51:20.152326,C-Scheme,479.2,4.75,0.057
2026-07-30 07:51:20.152326,C-Scheme,480.8,4.83,0.127
2026-07-30 08:51:20.152326,C-Scheme,522.3,4.86,0.065
2026-07-30 09:51:20.152326,C-Scheme,507.1,5.02,0.188
2026-07-30 10:51:20.152326,C-Scheme,344.2,4.85,0.401
2026-07-30 11:51:20.152326,C-Scheme,325.2,4.56,0.289
2026-07-30 12:51:20.152326,C-Scheme,361.7,4.25,0.123
2026-07-30 13:51:20.152326,C-Scheme,333.2,3.91,0.131
2026-07-30 14:51:20.152326,C-Scheme,392.6,4.92,0.169
2026-07-30 15:51:20.152326,C-Scheme,342.1,4.7,0.094
2026-07-30 16:51:20.152326,C-Scheme,354.2,4.55,0.076
2026-07-30 17:51:20.152326,C-Scheme,370.3,4.45,0.259
2026-07-30 18:51:20.152326,C-Scheme,475.3,3.94,0.041
2026-07-30 19:51:20.152326,C-Scheme,435.8,4.53,0.03
2026-07-30 20:51:20.152326,C-Scheme,360.0,4.95,0.188
2026-07-30 21:51:20.152326,C-Scheme,490.1,4.06,0.366
2026-07-30 22:51:20.152326,C-Scheme,371.6,4.47,0.007
2026-07-30 23:51:20.152326,C-Scheme,350.2,4.47,0.043
2026-07-31 00:51:20.152326,C-Scheme,339.7,4.39,0.17
2026-07-31 01:51:20.152326,C-Scheme,305.9,4.25,0.13
2026-07-31 02:51:20.152326,C-Scheme,366.5,4.83,0.26
2026-07-31 03:51:20.152326,C-Scheme,315.8,4.71,0.174
2026-07-31 04:51:20.152326,C-Scheme,362.8,4.71,0.279
2026-07-31 05:51:20.152326,C-Scheme,336.0,4.93,0.13
2026-07-31 06:51:20.152326,C-Scheme,472.2,4.47,0.14
2026-07-31 07:51:20.152326,C-Scheme,511.9,4.57,0.331
2026-07-31 08:51:20.152326,C-Scheme,517.7,4.23,0.057
2026-07-31 09:51:20.152326,C-Scheme,424.1,4.26,0.044
2026-07-31 10:51:20.152326,C-Scheme,351.4,4.63,0.141
2026-07-31 11:51:20.152326,C-Scheme,388.2,4.21,0.386
2026-07-31 12:51:20.152326,C-Scheme,378.6,4.76,0.039
2026-07-31 13:51:20.152326,C-Scheme,332.6,4.29,0.092
2026-07-31 14:51:20.152326,C-Scheme,367.1,5.23,0.122
2026-07-31 15:51:20.152326,C-Scheme,287.4,4.21,0.035
2026-07-31 16:51:20.152326,C-Scheme,357.6,4.1,0.185
2026-07-31 17:51:20.152326,C-Scheme,347.4,4.26,0.038
2026-07-31 18:51:20.152326,C-Scheme,460.6,4.33,0.405
2026-07-31 19:51:20.152326,C-Scheme,536.8,4.64,0.118
2026-07-31 20:51:20.152326,C-Scheme,459.9,4.57,0.073
2026-07-31 21:51:20.152326,C-Scheme,454.6,4.77,0.334
2026-07-31 22:51:20.152326,C-Scheme,308.3,3.84,0.069
2026-07-31 23:51:20.152326,C-Scheme,359.2,4.2,0.071
2026-08-01 00:51:20.152326,C-Scheme,384.5,4.02,0.131
2026-08-01 01:51:20.152326,C-Scheme,367.3,4.31,0.052
2026-08-01 02:51:20.152326,C-Scheme,348.3,3.8,0.159
2026-08-01 03:51:20.152326,C-Scheme,362.1,4.44,0.007
2026-08-01 04:51:20.152326,C-Scheme,366.1,4.55,0.045
2026-08-01 05:51:20.152326,C-Scheme,331.6,4.59,0.064
2026-08-01 06:51:20.152326,C-Scheme,472.8,4.92,0.121
2026-08-01 07:51:20.152326,C-Scheme,458.1,4.39,0.296
2026-08-01 08:51:20.152326,C-Scheme,417.6,4.26,0.131
2026-08-01 09:51:20.152326,C-Scheme,494.0,4.69,0.06
2026-08-01 10:51:20.152326,C-Scheme,345.6,4.77,0.35
2026-08-01 11:51:20.152326,C-Scheme,352.7,4.55,0.039
2026-08-01 12:51:20.152326,C-Scheme,318.0,4.02,0.209
2026-08-01 13:51:20.152326,C-Scheme,346.6,4.66,0.434
2026-08-01 14:51:20.152326,C-Scheme,353.1,4.71,0.196
2026-08-01 15:51:20.152326,C-Scheme,347.1,4.42,0.505
2026-08-01 16:51:20.152326,C-Scheme,311.6,4.62,0.211
2026-08-01 17:51:20.152326,C-Scheme,368.4,4.31,0.582
2026-08-01 18:51:20.152326,C-Scheme,480.3,4.57,0.176
2026-08-01 19:51:20.152326,C-Scheme,458.4,4.65,0.073
2026-08-01 20:51:20.152326,C-Scheme,456.8,4.08,0.048
2026-08-01 21:51:20.152326,C-Scheme,457.2,4.26,0.408
2026-08-01 22:51:20.152326,C-Scheme,351.5,3.85,0.062
2026-08-01 23:51:20.152326,C-Scheme,386.4,4.54,0.072
2026-08-02 00:51:20.152326,C-Scheme,398.3,4.03,0.41
2026-08-02 01:51:20.152326,C-Scheme,318.4,5.24,0.115
2026-08-02 02:51:20.152326,C-Scheme,392.6,4.33,0.029
2026-08-02 03:51:20.152326,C-Scheme,355.9,4.49,0.027
2026-08-02 04:51:20.152326,C-Scheme,347.5,4.61,0.105
2026-08-02 05:51:20.152326,C-Scheme,376.4,4.62,0.11
2026-08-02 06:51:20.152326,C-Scheme,508.1,4.42,0.064
2026-08-02 07:51:20.152326,C-Scheme,457.7,4.39,0.265
2026-08-02 08:51:20.152326,C-Scheme,491.8,4.4,0.307
2026-08-02 09:51:20.152326,C-Scheme,447.8,4.41,0.141
2026-08-02 10:51:20.152326,C-Scheme,364.4,3.83,0.178
2026-08-02 11:51:20.152326,C-Scheme,353.9,4.39,0.186
2026-08-02 12:51:20.152326,C-Scheme,334.0,4.75,0.005
2026-08-02 13:51:20.152326,C-Scheme,384.7,4.4,0.167
2026-08-02 14:51:20.152326,C-Scheme,383.7,4.58,0.029
2026-08-02 15:51:20.152326,C-Scheme,307.8,4.14,0.131
2026-08-02 16:51:20.152326,C-Scheme,326.4,4.79,0.231
2026-08-02 17:51:20.152326,C-Scheme,311.1,3.94,0.093
2026-08-02 18:51:20.152326,C-Scheme,491.7,4.11,0.222
2026-08-02 19:51:20.152326,C-Scheme,490.9,4.97,0.154
2026-08-02 20:51:20.152326,C-Scheme,435.0,4.78,0.31
2026-08-02 21:51:20.152326,C-Scheme,476.2,5.02,0.435
2026-08-02 22:51:20.152326,C-Scheme,331.5,4.93,0.147
2026-08-02 23:51:20.152326,C-Scheme,366.1,4.25,0.029
2026-08-03 00:51:20.152326,C-Scheme,365.5,4.36,0.099
2026-08-03 01:51:20.152326,C-Scheme,393.2,4.85,0.086
2026-08-03 02:51:20.152326,C-Scheme,303.1,4.57,0.057
2026-08-03 03:51:20.152326,C-Scheme,318.8,4.37,0.281
2026-08-03 04:51:20.152326,C-Scheme,354.1,4.24,0.022
2026-08-03 05:51:20.152326,C-Scheme,360.8,4.67,0.103
2026-08-03 06:51:20.152326,C-Scheme,523.9,4.61,0.119
2026-08-03 07:51:20.152326,C-Scheme,525.8,4.94,0.315
2026-08-03 08:51:20.152326,C-Scheme,479.0,4.43,0.127
2026-08-03 09:51:20.152326,C-Scheme,547.6,4.4,0.273
2026-08-03 10:51:20.152326,C-Scheme,331.9,4.62,0.293
2026-08-03 11:51:20.152326,C-Scheme,348.2,4.07,0.456
2026-08-03 12:51:20.152326,C-Scheme,313.9,4.39,0.159
2026-08-03 13:51:20.152326,C-Scheme,355.6,4.42,0.307
2026-08-03 14:51:20.152326,C-Scheme,339.6,4.33,0.061
2026-08-03 15:51:20.152326,C-Scheme,403.8,4.73,0.008
2026-08-03 16:51:20.152326,C-Scheme,353.7,4.22,0.35
2026-08-03 17:51:20.152326,C-Scheme,357.2,4.53,0.242
2026-08-03 18:51:20.152326,C-Scheme,458.3,4.32,0.152
2026-08-03 19:51:20.152326,C-Scheme,463.2,4.63,0.128
2026-08-03 20:51:20.152326,C-Scheme,458.9,4.84,0.207
2026-08-03 21:51:20.152326,C-Scheme,467.6,4.7,0.104
2026-08-03 22:51:20.152326,C-Scheme,329.8,4.5,0.021
2026-08-03 23:51:20.152326,C-Scheme,363.0,4.5,0.141
2026-08-04 00:51:20.152326,C-Scheme,359.4,4.49,0.063
2026-08-04 01:51:20.152326,C-Scheme,358.2,4.48,0.447
2026-08-04 02:51:20.152326,C-Scheme,319.6,4.35,0.038
2026-08-04 03:51:20.152326,C-Scheme,333.0,4.19,0.151
2026-08-04 04:51:20.152326,C-Scheme,341.1,4.81,0.278
2026-08-04 05:51:20.152326,C-Scheme,302.6,4.43,0.203
2026-08-04 06:51:20.152326,C-Scheme,468.1,4.31,0.171
2026-08-04 07:51:20.152326,C-Scheme,530.8,4.52,0.07
2026-08-04 08:51:20.152326,C-Scheme,522.8,4.46,0.123
2026-08-04 09:51:20.152326,C-Scheme,501.6,4.92,0.834
2026-08-04 10:51:20.152326,C-Scheme,349.9,4.49,0.071
2026-08-04 11:51:20.152326,C-Scheme,365.6,4.94,0.265
2026-08-04 12:51:20.152326,C-Scheme,375.6,4.7,0.337
2026-08-04 13:51:20.152326,C-Scheme,316.0,4.49,0.206
2026-08-04 14:51:20.152326,C-Scheme,358.7,4.08,0.116
2026-08-04 15:51:20.152326,C-Scheme,357.6,4.9,0.104
2026-08-04 16:51:20.152326,C-Scheme,373.2,4.35,0.142
2026-08-04 17:51:20.152326,C-Scheme,343.6,3.96,0.197
2026-08-04 18:51:20.152326,C-Scheme,377.9,4.79,0.096
2026-08-04 19:51:20.152326,C-Scheme,462.8,4.6,0.1
2026-08-04 20:51:20.152326,C-Scheme,409.7,4.39,0.13
2026-08-04 21:51:20.152326,C-Scheme,480.4,4.54,0.124
2026-08-04 22:51:20.152326,C-Scheme,326.7,4.5,0.035
2026-08-04 23:51:20.152326,C-Scheme,321.9,4.71,0.027
2026-08-05 00:51:20.152326,C-Scheme,344.5,4.54,0.093
2026-08-05 01:51:20.152326,C-Scheme,338.5,3.98,0.153
2026-08-05 02:51:20.152326,C-Scheme,347.0,4.47,0.081
2026-08-05 03:51:20.152326,C-Scheme,316.3,4.8,0.175
2026-08-05 04:51:20.152326,C-Scheme,384.3,4.64,0.01
2026-08-05 05:51:20.152326,C-Scheme,377.8,4.21,0.08
2026-08-05 06:51:20.152326,C-Scheme,484.8,4.45,0.026
2026-08-05 07:51:20.152326,C-Scheme,436.4,4.57,0.145
2026-08-05 08:51:20.152326,C-Scheme,468.6,4.41,0.177
2026-08-05 09:51:20.152326,C-Scheme,478.1,4.42,0.129
2026-08-05 10:51:20.152326,C-Scheme,329.5,3.76,0.336
2026-08-05 11:51:20.152326,C-Scheme,351.8,4.77,0.219
2026-08-05 12:51:20.152326,C-Scheme,361.4,3.9,0.245
2026-08-05 13:51:20.152326,C-Scheme,372.5,4.99,0.097
2026-08-05 14:51:20.152326,C-Scheme,371.2,4.39,0.067
2026-08-05 15:51:20.152326,C-Scheme,359.9,4.18,0.287
2026-08-05 16:51:20.152326,C-Scheme,356.9,4.5,0.304
2026-08-05 17:51:20.152326,C-Scheme,373.5,4.29,0.158
2026-08-05 18:51:20.152326,C-Scheme,467.6,3.66,0.257
2026-08-05 19:51:20.152326,C-Scheme,433.7,4.55,0.084
2026-08-05 20:51:20.152326,C-Scheme,506.2,4.53,0.12
2026-08-05 21:51:20.152326,C-Scheme,444.6,4.61,0.034
2026-08-05 22:51:20.152326,C-Scheme,397.7,4.59,0.085
2026-08-05 23:51:20.152326,C-Scheme,364.3,4.46,0.152
2026-08-06 00:51:20.152326,C-Scheme,342.3,4.18,0.107
2026-08-06 01:51:20.152326,C-Scheme,318.8,4.9,0.062
2026-08-06 02:51:20.152326,C-Scheme,312.0,4.12,0.358
2026-08-06 03:51:20.152326,C-Scheme,354.8,5.04,0.333
2026-08-06 04:51:20.152326,C-Scheme,344.9,4.6,0.174
2026-08-06 05:51:20.152326,C-Scheme,355.9,4.67,0.306
2026-08-06 06:51:20.152326,C-Scheme,479.4,5.07,0.267
2026-08-06 07:51:20.152326,C-Scheme,512.3,4.4,0.079
2026-08-06 08:51:20.152326,C-Scheme,477.9,5.12,0.191
2026-08-06 09:51:20.152326,C-Scheme,531.6,4.32,0.263
2026-08-06 10:51:20.152326,C-Scheme,353.3,4.77,0.125
2026-08-06 11:51:20.152326,C-Scheme,363.7,4.14,0.153
2026-08-06 12:51:20.152326,C-Scheme,336.4,4.77,0.18
2026-08-06 13:51:20.152326,C-Scheme,316.0,4.47,0.3
2026-08-06 14:51:20.152326,C-Scheme,349.3,4.49,0.006
2026-08-06 15:51:20.152326,C-Scheme,364.2,4.59,0.048
2026-08-06 16:51:20.152326,C-Scheme,348.1,4.42,0.241
2026-08-06 17:51:20.152326,C-Scheme,369.6,4.77,0.092
2026-08-06 18:51:20.152326,C-Scheme,445.3,4.36,0.085
2026-08-06 19:51:20.152326,C-Scheme,502.3,5.11,0.011
2026-08-06 20:51:20.152326,C-Scheme,447.9,4.87,0.1
2026-08-06 21:51:20.152326,C-Scheme,470.4,4.87,0.124
2026-08-06 22:51:20.152326,C-Scheme,356.9,4.46,0.165
2026-08-06 23:51:20.152326,C-Scheme,361.0,4.5,0.086
2026-08-07 00:51:20.152326,C-Scheme,370.3,4.5,0.096
2026-08-07 01:51:20.152326,C-Scheme,374.0,4.77,0.08
2026-08-07 02:51:20.152326,C-Scheme,387.1,4.45,0.187
2026-08-07 03:51:20.152326,C-Scheme,346.3,4.46,0.041
2026-08-07 04:51:20.152326,C-Scheme,398.8,4.8,0.153
2026-08-07 05:51:20.152326,C-Scheme,344.5,4.22,0.143
2026-08-07 06:51:20.152326,C-Scheme,551.4,4.54,0.214
2026-08-07 07:51:20.152326,C-Scheme,508.4,4.14,0.237
2026-08-07 08:51:20.152326,C-Scheme,442.7,4.62,0.407
2026-08-07 09:51:20.152326,C-Scheme,535.2,4.41,0.097
2026-08-07 10:51:20.152326,C-Scheme,357.9,4.8,0.142
2026-08-07 11:51:20.152326,C-Scheme,356.6,4.68,0.225
2026-08-07 12:51:20.152326,C-Scheme,391.2,4.59,0.121
2026-08-07 13:51:20.152326,C-Scheme,392.4,4.43,0.328
2026-08-07 14:51:20.152326,C-Scheme,355.0,4.6,0.044
2026-08-07 15:51:20.152326,C-Scheme,343.0,4.42,0.364
2026-08-07 16:51:20.152326,C-Scheme,304.7,4.11,0.072
2026-08-07 17:51:20.152326,C-Scheme,350.3,4.41,0.341
2026-08-07 18:51:20.152326,C-Scheme,444.7,4.55,0.09
2026-08-07 19:51:20.152326,C-Scheme,437.2,4.6,0.05
2026-08-07 20:51:20.152326,C-Scheme,438.3,4.48,0.153
2026-08-07 21:51:20.152326,C-Scheme,450.7,4.45,0.067
2026-08-07 22:51:20.152326,C-Scheme,383.8,4.49,0.338
2026-08-07 23:51:20.152326,C-Scheme,348.1,4.11,0.061
2026-08-08 00:51:20.152326,C-Scheme,339.0,5.49,0.044
2026-08-08 01:51:20.152326,C-Scheme,338.1,4.89,0.138
2026-08-08 02:51:20.152326,C-Scheme,371.7,4.24,0.136
2026-08-08 03:51:20.152326,C-Scheme,353.3,4.5,0.097
2026-08-08 04:51:20.152326,C-Scheme,321.2,4.45,0.197
2026-08-08 05:51:20.152326,C-Scheme,323.2,4.77,0.156
2026-08-08 06:51:20.152326,C-Scheme,481.8,4.69,0.194
2026-08-08 07:51:20.152326,C-Scheme,464.8,4.61,0.116
2026-08-08 08:51:20.152326,C-Scheme,467.1,4.52,0.059
2026-08-08 09:51:20.152326,C-Scheme,504.0,4.42,0.081
2026-08-08 10:51:20.152326,C-Scheme,345.0,4.78,0.173
2026-08-08 11:51:20.152326,C-Scheme,372.3,3.9,0.057
2026-08-08 12:51:20.152326,C-Scheme,304.9,4.36,0.137
2026-08-08 13:51:20.152326,C-Scheme,348.9,4.41,0.016
2026-08-08 14:51:20.152326,C-Scheme,297.8,4.77,0.107
2026-08-08 15:51:20.152326,C-Scheme,386.3,4.46,0.175
2026-08-08 16:51:20.152326,C-Scheme,361.2,4.17,0.143
2026-08-08 17:51:20.152326,C-Scheme,331.7,4.83,0.035
2026-08-08 18:51:20.152326,C-Scheme,439.0,4.37,0.053
2026-08-08 19:51:20.152326,C-Scheme,436.5,4.56,0.06
2026-08-08 20:51:20.152326,C-Scheme,508.1,4.6,0.203
2026-08-08 21:51:20.152326,C-Scheme,444.6,3.99,0.085
2026-08-08 22:51:20.152326,C-Scheme,344.9,4.67,0.065
2026-08-08 23:51:20.152326,C-Scheme,396.3,4.47,0.149
2026-08-09 00:51:20.152326,C-Scheme,367.7,3.94,0.016
2026-08-09 01:51:20.152326,C-Scheme,383.1,4.41,0.021
2026-08-09 02:51:20.152326,C-Scheme,341.9,4.95,0.094
2026-08-09 03:51:20.152326,C-Scheme,330.6,4.22,0.515
2026-08-09 04:51:20.152326,C-Scheme,361.7,4.1,0.126
2026-08-09 05:51:20.152326,C-Scheme,393.2,4.79,0.229
2026-08-09 06:51:20.152326,C-Scheme,494.4,4.61,0.046
2026-08-09 07:51:20.152326,C-Scheme,465.0,4.56,0.386
2026-08-09 08:51:20.152326,C-Scheme,473.4,4.89,0.054
2026-08-09 09:51:20.152326,C-Scheme,475.7,4.02,0.26
2026-08-09 10:51:20.152326,C-Scheme,323.6,4.4,0.257
2026-08-09 11:51:20.152326,C-Scheme,361.0,4.52,0.073
2026-08-09 12:51:20.152326,C-Scheme,352.3,4.51,0.327
2026-08-09 13:51:20.152326,C-Scheme,312.2,4.31,0.075
2026-08-09 14:51:20.152326,C-Scheme,348.3,3.91,0.427
2026-08-09 15:51:20.152326,C-Scheme,336.1,4.11,0.127
2026-08-09 16:51:20.152326,C-Scheme,370.9,4.96,0.049
2026-08-09 17:51:20.152326,C-Scheme,377.7,4.87,0.108
2026-08-09 18:51:20.152326,C-Scheme,445.8,4.43,0.258
2026-08-09 19:51:20.152326,C-Scheme,480.0,4.25,0.157
2026-08-09 20:51:20.152326,C-Scheme,489.7,4.91,0.01
2026-08-09 21:51:20.152326,C-Scheme,485.0,4.4,0.107
2026-08-09 22:51:20.152326,C-Scheme,360.0,4.71,0.101
2026-08-09 23:51:20.152326,C-Scheme,331.7,4.71,0.099
2026-08-10 00:51:20.152326,C-Scheme,317.4,4.46,0.134
2026-08-10 01:51:20.152326,C-Scheme,323.0,4.01,0.034
2026-08-10 02:51:20.152326,C-Scheme,362.6,4.66,0.025
2026-08-10 03:51:20.152326,C-Scheme,352.1,3.78,0.174
2026-08-10 04:51:20.152326,C-Scheme,379.6,4.62,0.349
2026-08-10 05:51:20.152326,C-Scheme,373.7,4.44,0.324
2026-08-10 06:51:20.152326,C-Scheme,475.1,4.74,0.201
2026-08-10 07:51:20.152326,C-Scheme,497.2,4.93,0.106
2026-08-10 08:51:20.152326,C-Scheme,465.1,4.46,0.463
2026-08-10 09:51:20.152326,C-Scheme,482.6,4.15,0.201
2026-08-10 10:51:20.152326,C-Scheme,321.4,4.88,0.203
2026-08-10 11:51:20.152326,C-Scheme,355.7,4.46,0.111
2026-08-10 12:51:20.152326,C-Scheme,372.5,4.51,0.087
2026-08-10 13:51:20.152326,C-Scheme,368.2,4.11,0.117
2026-08-10 14:51:20.152326,C-Scheme,401.5,4.49,0.121
2026-08-10 15:51:20.152326,C-Scheme,338.4,4.56,0.188
2026-08-10 16:51:20.152326,C-Scheme,347.4,4.29,0.095
2026-08-10 17:51:20.152326,C-Scheme,375.6,4.88,0.084
2026-08-10 18:51:20.152326,C-Scheme,457.4,4.28,0.05
2026-08-10 19:51:20.152326,C-Scheme,424.8,4.53,0.006
2026-08-10 20:51:20.152326,C-Scheme,463.8,4.29,0.078
2026-08-10 21:51:20.152326,C-Scheme,389.2,4.85,0.252
2026-08-10 22:51:20.152326,C-Scheme,293.3,5.01,0.14
2026-08-10 23:51:20.152326,C-Scheme,340.0,4.05,0.081
2026-08-11 00:51:20.152326,C-Scheme,355.5,4.51,0.11
2026-08-11 01:51:20.152326,C-Scheme,387.6,4.72,0.244
2026-08-11 02:51:20.152326,C-Scheme,358.1,4.6,0.165
2026-08-11 03:51:20.152326,C-Scheme,376.4,4.61,0.092
2026-08-11 04:51:20.152326,C-Scheme,343.7,4.91,0.055
2026-08-11 05:51:20.152326,C-Scheme,326.7,4.3,0.465
2026-08-11 06:51:20.152326,C-Scheme,500.1,4.74,0.128
2026-08-11 07:51:20.152326,C-Scheme,454.7,4.36,0.124
2026-08-11 08:51:20.152326,C-Scheme,517.1,4.44,0.102
2026-08-11 09:51:20.152326,C-Scheme,546.3,4.17,0.061
2026-08-11 10:51:20.152326,C-Scheme,365.1,4.68,0.099
2026-08-11 11:51:20.152326,C-Scheme,377.6,4.58,0.042
2026-08-11 12:51:20.152326,C-Scheme,289.8,4.8,0.089
2026-08-11 13:51:20.152326,C-Scheme,363.4,4.47,0.12
2026-08-11 14:51:20.152326,C-Scheme,359.0,4.23,0.018
2026-08-11 15:51:20.152326,C-Scheme,376.1,4.03,0.231
2026-08-11 16:51:20.152326,C-Scheme,406.5,4.93,0.134
2026-08-11 17:51:20.152326,C-Scheme,371.1,5.3,0.085
2026-08-11 18:51:20.152326,C-Scheme,420.9,4.28,0.107
2026-08-11 19:51:20.152326,C-Scheme,437.7,4.97,0.07
2026-08-11 20:51:20.152326,C-Scheme,411.0,4.32,0.092
2026-08-11 21:51:20.152326,C-Scheme,490.8,4.41,0.074
2026-08-11 22:51:20.152326,C-Scheme,338.4,4.49,0.221
2026-08-11 23:51:20.152326,C-Scheme,342.0,4.64,0.18
2026-08-12 00:51:20.152326,C-Scheme,336.3,4.39,0.46
2026-08-12 01:51:20.152326,C-Scheme,347.7,4.6,0.038
2026-08-12 02:51:20.152326,C-Scheme,308.8,4.28,0.408
2026-08-12 03:51:20.152326,C-Scheme,369.5,4.83,0.043
2026-08-12 04:51:20.152326,C-Scheme,376.1,4.1,0.266
2026-08-12 05:51:20.152326,C-Scheme,395.3,4.55,0.098
2026-08-12 06:51:20.152326,C-Scheme,552.7,4.59,0.155
2026-08-12 07:51:20.152326,C-Scheme,510.5,4.49,0.248
2026-08-12 08:51:20.152326,C-Scheme,451.5,4.57,0.122
2026-08-12 09:51:20.152326,C-Scheme,467.6,5.17,0.458
2026-08-12 10:51:20.152326,C-Scheme,373.4,4.71,0.144
2026-08-12 11:51:20.152326,C-Scheme,378.1,4.86,0.194
2026-08-12 12:51:20.152326,C-Scheme,326.7,4.41,0.265
2026-08-12 13:51:20.152326,C-Scheme,360.6,4.66,0.225
2026-08-12 14:51:20.152326,C-Scheme,357.7,4.62,0.109
2026-08-12 15:51:20.152326,C-Scheme,332.9,4.98,0.019
2026-08-12 16:51:20.152326,C-Scheme,316.4,4.7,0.18
2026-08-12 17:51:20.152326,C-Scheme,351.5,4.5,0.141
2026-08-12 18:51:20.152326,C-Scheme,413.1,4.27,0.167
2026-08-12 19:51:20.152326,C-Scheme,453.0,4.97,0.05
2026-08-12 20:51:20.152326,C-Scheme,453.7,4.62,0.302
2026-08-12 21:51:20.152326,C-Scheme,474.1,3.72,0.171
2026-08-12 22:51:20.152326,C-Scheme,383.5,4.39,0.043
2026-08-12 23:51:20.152326,C-Scheme,356.9,4.32,0.032
2026-08-13 00:51:20.152326,C-Scheme,353.8,4.65,0.521
2026-08-13 01:51:20.152326,C-Scheme,370.5,4.76,0.294
2026-08-13 02:51:20.152326,C-Scheme,361.5,5.14,0.051
2026-08-13 03:51:20.152326,C-Scheme,340.6,4.26,0.402
2026-08-13 04:51:20.152326,C-Scheme,361.7,4.41,0.361
2026-08-13 05:51:20.152326,C-Scheme,352.6,4.28,0.107
2026-08-13 06:51:20.152326,C-Scheme,491.8,4.57,0.231
2026-08-13 07:51:20.152326,C-Scheme,457.7,4.69,0.134
2026-08-13 08:51:20.152326,C-Scheme,450.9,3.91,0.211
2026-08-13 09:51:20.152326,C-Scheme,502.1,4.31,0.313
2026-08-13 10:51:20.152326,C-Scheme,345.7,4.91,0.179
2026-08-13 11:51:20.152326,C-Scheme,411.9,3.73,0.244
2026-08-13 12:51:20.152326,C-Scheme,315.4,4.57,0.028
2026-08-13 13:51:20.152326,C-Scheme,330.8,4.45,0.141
2026-08-13 14:51:20.152326,C-Scheme,381.8,4.5,0.076
2026-08-13 15:51:20.152326,C-Scheme,338.2,4.38,0.331
2026-08-13 16:51:20.152326,C-Scheme,351.8,4.66,0.056
2026-08-13 17:51:20.152326,C-Scheme,380.7,4.24,0.234
2026-08-13 18:51:20.152326,C-Scheme,430.3,4.16,0.074
2026-08-13 19:51:20.152326,C-Scheme,469.7,4.0,0.084
2026-08-13 20:51:20.152326,C-Scheme,478.4,4.22,0.31
2026-08-13 21:51:20.152326,C-Scheme,431.6,4.43,0.054
2026-08-13 22:51:20.152326,C-Scheme,328.3,4.16,0.271
2026-08-13 23:51:20.152326,C-Scheme,369.4,4.67,0.132
2026-08-14 00:51:20.152326,C-Scheme,336.2,4.71,0.044
2026-08-14 01:51:20.152326,C-Scheme,345.4,4.62,0.162
2026-08-14 02:51:20.152326,C-Scheme,387.9,4.64,0.181
2026-08-14 03:51:20.152326,C-Scheme,320.4,4.52,0.175
2026-08-14 04:51:20.152326,C-Scheme,363.3,4.36,0.176
2026-08-14 05:51:20.152326,C-Scheme,337.8,4.96,0.116
2026-08-14 06:51:20.152326,C-Scheme,480.3,4.52,0.039
2026-08-14 07:51:20.152326,C-Scheme,521.8,4.41,0.409
2026-08-14 08:51:20.152326,C-Scheme,449.2,4.68,0.265
2026-08-14 09:51:20.152326,C-Scheme,545.6,4.47,0.086
2026-08-14 10:51:20.152326,C-Scheme,342.8,4.11,0.161
2026-08-14 11:51:20.152326,C-Scheme,355.8,4.34,0.166
2026-08-14 12:51:20.152326,C-Scheme,347.5,4.34,0.015
2026-08-14 13:51:20.152326,C-Scheme,335.2,4.68,0.054
2026-08-14 14:51:20.152326,C-Scheme,388.5,4.85,0.223
2026-08-14 15:51:20.152326,C-Scheme,363.7,4.66,0.052
2026-08-14 16:51:20.152326,C-Scheme,356.2,4.32,0.111
2026-08-14 17:51:20.152326,C-Scheme,342.2,4.44,0.011
2026-08-14 18:51:20.152326,C-Scheme,467.2,5.19,0.219
2026-08-14 19:51:20.152326,C-Scheme,476.8,4.39,0.32
2026-08-14 20:51:20.152326,C-Scheme,509.4,4.96,0.021
2026-08-14 21:51:20.152326,C-Scheme,503.5,4.14,0.166
2026-08-14 22:51:20.152326,C-Scheme,318.0,4.08,0.177
2026-08-14 23:51:20.152326,C-Scheme,360.7,4.71,0.256
2026-08-15 00:51:20.152326,C-Scheme,368.3,4.93,0.254
2026-08-15 01:51:20.152326,C-Scheme,370.6,4.67,0.179
2026-08-15 02:51:20.152326,C-Scheme,333.7,4.46,0.076
2026-08-15 03:51:20.152326,C-Scheme,353.3,4.05,0.026
2026-08-15 04:51:20.152326,C-Scheme,357.0,4.73,0.356
2026-08-15 05:51:20.152326,C-Scheme,343.9,4.41,0.021
2026-08-15 06:51:20.152326,C-Scheme,456.3,4.38,0.071
2026-08-15 07:51:20.152326,C-Scheme,490.6,4.62,0.094
2026-08-15 08:51:20.152326,C-Scheme,493.9,5.01,0.086
2026-08-15 09:51:20.152326,C-Scheme,513.0,4.05,0.337
2026-08-15 10:51:20.152326,C-Scheme,345.1,4.48,0.213
2026-08-15 11:51:20.152326,C-Scheme,364.6,5.09,0.242
2026-08-15 12:51:20.152326,C-Scheme,380.3,4.66,0.252
2026-08-15 13:51:20.152326,C-Scheme,358.8,4.81,0.486
2026-08-15 14:51:20.152326,C-Scheme,343.0,4.58,0.017
2026-08-15 15:51:20.152326,C-Scheme,366.8,4.9,0.07
2026-08-15 16:51:20.152326,C-Scheme,331.9,4.67,0.226
2026-08-15 17:51:20.152326,C-Scheme,360.4,4.89,0.144
2026-08-15 18:51:20.152326,C-Scheme,509.3,4.12,0.097
2026-08-15 19:51:20.152326,C-Scheme,435.4,4.22,0.254
2026-08-15 20:51:20.152326,C-Scheme,490.0,4.44,0.28
2026-08-15 21:51:20.152326,C-Scheme,404.3,4.76,0.093
2026-08-15 22:51:20.152326,C-Scheme,376.7,4.55,0.372
2026-08-15 23:51:20.152326,C-Scheme,314.5,4.43,0.27
2026-08-16 00:51:20.152326,C-Scheme,366.1,4.22,0.253
2026-08-16 01:51:20.152326,C-Scheme,312.2,4.53,0.097
2026-08-16 02:51:20.152326,C-Scheme,316.4,4.4,0.165
2026-08-16 03:51:20.152326,C-Scheme,351.9,4.3,0.013
2026-08-16 04:51:20.152326,C-Scheme,417.1,4.41,0.254
2026-08-16 05:51:20.152326,C-Scheme,334.7,4.79,0.428
2026-08-16 06:51:20.152326,C-Scheme,415.6,4.35,0.117
2026-08-16 07:51:20.152326,C-Scheme,516.6,4.83,0.003
2026-08-16 08:51:20.152326,C-Scheme,498.6,5.0,0.138
2026-08-16 09:51:20.152326,C-Scheme,480.5,4.97,0.482
2026-08-16 10:51:20.152326,C-Scheme,338.6,4.45,0.171
2026-08-16 11:51:20.152326,C-Scheme,368.5,4.48,0.134
2026-08-16 12:51:20.152326,C-Scheme,345.0,4.6,0.17
2026-08-16 13:51:20.152326,C-Scheme,326.5,4.52,0.064
2026-08-16 14:51:20.152326,C-Scheme,367.4,4.69,0.005
2026-08-16 15:51:20.152326,C-Scheme,382.1,4.42,0.257
2026-08-16 16:51:20.152326,C-Scheme,360.1,4.6,0.095
2026-08-16 17:51:20.152326,C-Scheme,314.8,4.54,0.149
2026-08-16 18:51:20.152326,C-Scheme,427.2,3.86,0.097
2026-08-16 19:51:20.152326,C-Scheme,438.7,4.55,0.208
2026-08-16 20:51:20.152326,C-Scheme,470.8,4.4,0.132
2026-08-16 21:51:20.152326,C-Scheme,437.1,4.38,0.11
2026-08-16 22:51:20.152326,C-Scheme,325.1,4.76,0.23
2026-08-16 23:51:20.152326,C-Scheme,396.0,5.15,0.134
2026-08-17 00:51:20.152326,C-Scheme,321.8,4.57,0.081
2026-08-17 01:51:20.152326,C-Scheme,345.8,4.49,0.108
2026-08-17 02:51:20.152326,C-Scheme,371.9,4.68,0.304
2026-08-17 03:51:20.152326,C-Scheme,349.8,4.71,0.082
2026-08-17 04:51:20.152326,C-Scheme,334.4,4.72,0.091
2026-08-17 05:51:20.152326,C-Scheme,336.2,4.21,0.411
2026-08-17 06:51:20.152326,C-Scheme,468.0,4.62,0.119
2026-08-17 07:51:20.152326,C-Scheme,496.9,4.62,0.167
2026-08-17 08:51:20.152326,C-Scheme,563.0,4.52,0.116
2026-08-17 09:51:20.152326,C-Scheme,486.5,4.62,0.307
2026-08-17 10:51:20.152326,C-Scheme,379.7,4.96,0.078
2026-08-17 11:51:20.152326,C-Scheme,366.0,4.5,0.326
2026-08-17 12:51:20.152326,C-Scheme,369.8,4.39,0.039
2026-08-17 13:51:20.152326,C-Scheme,380.9,4.43,0.186
2026-08-17 14:51:20.152326,C-Scheme,330.0,5.05,0.074
2026-08-17 15:51:20.152326,C-Scheme,340.7,4.75,0.236
2026-08-17 16:51:20.152326,C-Scheme,327.3,4.24,0.154
2026-08-17 17:51:20.152326,C-Scheme,353.9,4.71,0.345
2026-08-17 18:51:20.152326,C-Scheme,418.8,4.15,0.284
2026-08-17 19:51:20.152326,C-Scheme,471.7,4.76,0.123
2026-08-17 20:51:20.152326,C-Scheme,533.5,3.93,0.468
2026-08-17 21:51:20.152326,C-Scheme,472.3,4.5,0.061
2026-08-17 22:51:20.152326,C-Scheme,323.7,4.42,0.347
2026-08-17 23:51:20.152326,C-Scheme,327.0,4.76,0.171
2026-08-18 00:51:20.152326,C-Scheme,382.7,4.6,0.258
2026-08-18 01:51:20.152326,C-Scheme,338.9,4.88,0.292
2026-08-18 02:51:20.152326,C-Scheme,355.0,4.41,0.269
2026-08-18 03:51:20.152326,C-Scheme,375.6,4.59,0.215
2026-08-18 04:51:20.152326,C-Scheme,322.4,4.78,0.17
2026-08-18 05:51:20.152326,C-Scheme,348.7,5.05,0.336
2026-08-18 06:51:20.152326,C-Scheme,466.2,4.92,0.089
2026-08-18 07:51:20.152326,C-Scheme,496.5,4.22,0.142
2026-08-18 08:51:20.152326,C-Scheme,500.0,4.25,0.144
2026-08-18 09:51:20.152326,C-Scheme,454.0,4.92,0.333
2026-08-18 10:51:20.152326,C-Scheme,306.7,4.18,0.021
2026-08-18 11:51:20.152326,C-Scheme,360.7,4.82,0.101
2026-08-18 12:51:20.152326,C-Scheme,315.5,4.72,0.405
2026-08-18 13:51:20.152326,C-Scheme,378.2,4.88,0.223
2026-08-18 14:51:20.152326,C-Scheme,365.6,4.58,0.063
2026-08-18 15:51:20.152326,C-Scheme,349.8,4.63,0.072
2026-08-18 16:51:20.152326,C-Scheme,323.0,3.97,0.326
2026-08-18 17:51:20.152326,C-Scheme,387.8,4.36,0.22
2026-08-18 18:51:20.152326,C-Scheme,451.2,4.36,0.048
2026-08-18 19:51:20.152326,C-Scheme,408.1,4.58,0.099
2026-08-18 20:51:20.152326,C-Scheme,402.6,4.75,0.009
2026-08-18 21:51:20.152326,C-Scheme,435.2,4.26,0.158
2026-08-18 22:51:20.152326,C-Scheme,344.9,4.5,0.014
2026-08-18 23:51:20.152326,C-Scheme,330.4,4.27,0.067
2026-08-19 00:51:20.152326,C-Scheme,341.6,4.76,0.136
2026-08-19 01:51:20.152326,C-Scheme,350.1,4.6,0.205
2026-08-19 02:51:20.152326,C-Scheme,366.3,4.88,0.19
2026-08-19 03:51:20.152326,C-Scheme,325.8,4.55,0.298
2026-08-19 04:51:20.152326,C-Scheme,360.9,4.73,0.071
2026-08-19 05:51:20.152326,C-Scheme,340.1,4.54,0.175
2026-08-19 06:51:20.152326,C-Scheme,460.6,4.34,0.186
2026-08-19 07:51:20.152326,C-Scheme,492.8,4.17,0.04
2026-08-19 08:51:20.152326,C-Scheme,526.1,4.29,0.372
2026-08-19 09:51:20.152326,C-Scheme,538.4,4.78,0.053
2026-08-19 10:51:20.152326,C-Scheme,309.1,4.03,0.07
2026-08-19 11:51:20.152326,C-Scheme,336.3,4.06,0.118
2026-08-19 12:51:20.152326,C-Scheme,373.9,4.59,0.28
2026-08-19 13:51:20.152326,C-Scheme,328.2,4.34,0.167
2026-08-19 14:51:20.152326,C-Scheme,367.0,4.85,0.195
2026-08-19 15:51:20.152326,C-Scheme,342.8,4.49,0.327
2026-08-19 16:51:20.152326,C-Scheme,347.4,4.65,0.195
2026-08-19 17:51:20.152326,C-Scheme,366.3,4.38,0.012
2026-08-19 18:51:20.152326,C-Scheme,505.9,4.25,0.306
2026-08-19 19:51:20.152326,C-Scheme,450.7,4.52,0.103
2026-08-19 20:51:20.152326,C-Scheme,471.9,4.09,0.085
2026-08-19 21:51:20.152326,C-Scheme,431.3,4.41,0.36
2026-08-19 22:51:20.152326,C-Scheme,378.3,4.29,0.008
2026-08-19 23:51:20.152326,C-Scheme,358.8,4.74,0.034
2026-08-20 00:51:20.152326,C-Scheme,324.7,4.42,0.073
2026-08-20 01:51:20.152326,C-Scheme,366.0,4.29,0.07
2026-08-20 02:51:20.152326,C-Scheme,325.3,4.75,0.187
2026-08-20 03:51:20.152326,C-Scheme,364.1,4.49,0.174
2026-08-20 04:51:20.152326,C-Scheme,404.0,4.64,0.012
2026-08-20 05:51:20.152326,C-Scheme,360.2,4.26,0.191
2026-08-20 06:51:20.152326,C-Scheme,377.1,4.36,0.199
2026-08-20 07:51:20.152326,C-Scheme,415.3,4.54,0.121
2026-08-20 08:51:20.152326,C-Scheme,504.1,4.65,0.17
2026-08-20 09:51:20.152326,C-Scheme,494.6,4.41,0.163
2026-08-20 10:51:20.152326,C-Scheme,325.0,4.6,0.197
2026-08-20 11:51:20.152326,C-Scheme,349.3,5.04,0.019
2026-08-20 12:51:20.152326,C-Scheme,338.8,4.06,0.201
2026-08-20 13:51:20.152326,C-Scheme,340.3,4.23,0.087
2026-08-20 14:51:20.152326,C-Scheme,345.9,3.89,0.115
2026-08-20 15:51:20.152326,C-Scheme,334.7,4.77,0.061
2026-08-20 16:51:20.152326,C-Scheme,348.5,4.51,0.162
2026-08-20 17:51:20.152326,C-Scheme,362.1,4.31,0.201
2026-08-20 18:51:20.152326,C-Scheme,482.5,4.78,0.068
2026-08-20 19:51:20.152326,C-Scheme,523.5,4.76,0.146
2026-08-20 20:51:20.152326,C-Scheme,449.3,4.24,0.118
2026-08-20 21:51:20.152326,C-Scheme,411.2,4.22,0.185
2026-08-20 22:51:20.152326,C-Scheme,354.4,4.67,0.018
2026-08-20 23:51:20.152326,C-Scheme,305.3,4.35,0.322
2026-08-21 00:51:20.152326,C-Scheme,340.9,4.28,0.216
2026-08-21 01:51:20.152326,C-Scheme,362.2,4.5,0.03
2026-08-21 02:51:20.152326,C-Scheme,327.3,4.89,0.041
2026-08-21 03:51:20.152326,C-Scheme,364.4,4.52,0.033
2026-08-21 04:51:20.152326,C-Scheme,342.3,4.67,0.12
2026-08-21 05:51:20.152326,C-Scheme,359.1,4.37,0.034
2026-08-21 06:51:20.152326,C-Scheme,453.9,3.97,0.07
2026-08-21 07:51:20.152326,C-Scheme,470.3,4.39,0.14
2026-08-21 08:51:20.152326,C-Scheme,518.6,4.39,0.257
2026-08-21 09:51:20.152326,C-Scheme,547.4,4.18,0.056
2026-08-21 10:51:20.152326,C-Scheme,357.1,3.91,0.366
2026-08-21 11:51:20.152326,C-Scheme,384.9,4.38,0.08
2026-08-21 12:51:20.152326,C-Scheme,312.1,4.71,0.008
2026-08-21 13:51:20.152326,C-Scheme,318.7,3.97,0.028
2026-08-21 14:51:20.152326,C-Scheme,303.1,4.41,0.116
2026-08-21 15:51:20.152326,C-Scheme,362.5,5.06,0.34
2026-08-21 16:51:20.152326,C-Scheme,338.3,4.47,0.068
2026-08-21 17:51:20.152326,C-Scheme,365.3,4.75,0.073
2026-08-21 18:51:20.152326,C-Scheme,451.7,4.49,0.159
2026-08-21 19:51:20.152326,C-Scheme,476.6,4.38,0.076
2026-08-21 20:51:20.152326,C-Scheme,417.2,4.31,0.173
2026-08-21 21:51:20.152326,C-Scheme,427.8,4.29,0.147
2026-08-21 22:51:20.152326,C-Scheme,297.0,4.61,0.033
2026-08-21 23:51:20.152326,C-Scheme,373.2,4.14,0.035
2026-08-22 00:51:20.152326,C-Scheme,336.0,4.77,0.08
2026-08-22 01:51:20.152326,C-Scheme,332.3,4.78,0.166
2026-08-22 02:51:20.152326,C-Scheme,335.3,4.43,0.214
2026-08-22 03:51:20.152326,C-Scheme,356.6,3.93,0.126
2026-08-22 04:51:20.152326,C-Scheme,399.0,4.68,0.081
2026-08-22 05:51:20.152326,C-Scheme,310.8,4.27,0.062
2026-08-22 06:51:20.152326,C-Scheme,456.3,4.83,0.104
2026-08-22 07:51:20.152326,C-Scheme,468.3,5.23,0.468
2026-08-22 08:51:20.152326,C-Scheme,534.2,4.15,0.186
2026-08-22 09:51:20.152326,C-Scheme,497.7,4.49,0.209
2026-08-22 10:51:20.152326,C-Scheme,353.3,4.16,0.15
2026-08-22 11:51:20.152326,C-Scheme,348.6,4.65,0.01
2026-08-22 12:51:20.152326,C-Scheme,348.0,4.36,0.172
2026-08-22 13:51:20.152326,C-Scheme,332.2,4.73,0.07
2026-08-22 14:51:20.152326,C-Scheme,336.9,4.68,0.236
2026-08-22 15:51:20.152326,C-Scheme,358.3,4.57,0.396
2026-08-22 16:51:20.152326,C-Scheme,340.5,4.33,0.205
2026-08-22 17:51:20.152326,C-Scheme,303.0,4.44,0.178
2026-08-22 18:51:20.152326,C-Scheme,459.1,3.96,0.149
2026-08-22 19:51:20.152326,C-Scheme,430.4,4.54,0.136
2026-08-22 20:51:20.152326,C-Scheme,486.5,4.55,0.298
2026-08-22 21:51:20.152326,C-Scheme,416.7,4.77,0.131
2026-08-22 22:51:20.152326,C-Scheme,294.7,4.39,0.455
2026-08-22 23:51:20.152326,C-Scheme,334.6,4.64,0.237
2026-08-23 00:51:20.152326,C-Scheme,360.7,4.74,0.062
2026-08-23 01:51:20.152326,C-Scheme,354.4,4.48,0.184
2026-08-23 02:51:20.152326,C-Scheme,372.5,4.22,0.364
2026-08-23 03:51:20.152326,C-Scheme,346.7,4.32,0.086
2026-08-23 04:51:20.152326,C-Scheme,339.6,4.57,0.059
2026-08-23 05:51:20.152326,C-Scheme,356.7,4.3,0.135
2026-08-23 06:51:20.152326,C-Scheme,516.9,4.41,0.142
2026-08-23 07:51:20.152326,C-Scheme,435.4,4.34,0.064
2026-08-23 08:51:20.152326,C-Scheme,495.4,4.13,0.047
2026-08-23 09:51:20.152326,C-Scheme,536.4,4.8,0.066
2026-08-23 10:51:20.152326,C-Scheme,340.8,4.57,0.043
2026-08-23 11:51:20.152326,C-Scheme,338.7,4.77,0.14
2026-08-23 12:51:20.152326,C-Scheme,303.7,4.53,0.274
2026-08-23 13:51:20.152326,C-Scheme,344.4,4.54,0.064
2026-08-23 14:51:20.152326,C-Scheme,359.1,4.76,0.124
2026-08-23 15:51:20.152326,C-Scheme,366.4,4.63,0.03
2026-08-23 16:51:20.152326,C-Scheme,320.5,4.58,0.054
2026-08-23 17:51:20.152326,C-Scheme,345.5,4.45,0.145
2026-08-23 18:51:20.152326,C-Scheme,439.0,4.44,0.17
2026-08-23 19:51:20.152326,C-Scheme,458.9,4.38,0.149
2026-08-23 20:51:20.152326,C-Scheme,463.3,4.86,0.157
2026-08-23 21:51:20.152326,C-Scheme,411.4,4.83,0.032
2026-08-23 22:51:20.152326,C-Scheme,327.6,4.93,0.032
2026-08-23 23:51:20.152326,C-Scheme,361.8,4.12,0.318
2026-08-24 00:51:20.152326,C-Scheme,344.0,4.89,0.085
2026-08-24 01:51:20.152326,C-Scheme,327.1,4.45,0.281
2026-08-24 02:51:20.152326,C-Scheme,367.6,3.94,0.287
2026-08-24 03:51:20.152326,C-Scheme,361.3,4.6,0.269
2026-08-24 04:51:20.152326,C-Scheme,348.3,4.8,0.145
2026-08-24 05:51:20.152326,C-Scheme,365.9,4.13,0.29
2026-08-24 06:51:20.152326,C-Scheme,461.8,4.52,0.2
2026-08-24 07:51:20.152326,C-Scheme,426.2,4.52,0.325
2026-08-24 08:51:20.152326,C-Scheme,474.0,4.78,0.129
2026-08-24 09:51:20.152326,C-Scheme,520.2,4.49,0.119
2026-08-24 10:51:20.152326,C-Scheme,335.1,4.58,0.014
2026-08-24 11:51:20.152326,C-Scheme,331.3,4.32,0.387
2026-08-24 12:51:20.152326,C-Scheme,325.4,4.64,0.028
2026-08-24 13:51:20.152326,C-Scheme,359.5,5.1,0.116
2026-08-24 14:51:20.152326,C-Scheme,331.6,4.61,0.204
2026-08-24 15:51:20.152326,C-Scheme,371.3,4.79,0.112
2026-08-24 16:51:20.152326,C-Scheme,339.9,4.15,0.22
2026-08-24 17:51:20.152326,C-Scheme,349.7,4.68,0.208
2026-08-24 18:51:20.152326,C-Scheme,447.9,4.57,0.064
2026-08-24 19:51:20.152326,C-Scheme,496.4,4.58,0.018
2026-08-24 20:51:20.152326,C-Scheme,493.9,4.48,0.103
2026-08-24 21:51:20.152326,C-Scheme,515.2,4.35,0.082
2026-08-24 22:51:20.152326,C-Scheme,392.9,5.19,0.039
2026-08-24 23:51:20.152326,C-Scheme,361.7,4.57,0.148
2026-08-25 00:51:20.152326,C-Scheme,341.0,4.31,0.148
2026-08-25 01:51:20.152326,C-Scheme,359.3,5.07,0.025
2026-08-25 02:51:20.152326,C-Scheme,352.1,5.01,0.042
2026-08-25 03:51:20.152326,C-Scheme,369.6,5.17,0.111
2026-08-25 04:51:20.152326,C-Scheme,315.3,4.38,0.137
2026-08-25 05:51:20.152326,C-Scheme,340.2,4.58,0.071
2026-08-25 06:51:20.152326,C-Scheme,428.4,4.82,0.217
2026-08-25 07:51:20.152326,C-Scheme,494.9,4.25,0.022
2026-08-25 08:51:20.152326,C-Scheme,536.1,4.76,0.126
2026-08-25 09:51:20.152326,C-Scheme,493.9,4.04,0.314
2026-08-25 10:51:20.152326,C-Scheme,405.5,4.15,0.117
2026-08-25 11:51:20.152326,C-Scheme,344.2,4.48,0.183
2026-08-25 12:51:20.152326,C-Scheme,348.3,4.64,0.104
2026-08-25 13:51:20.152326,C-Scheme,325.5,4.41,0.018
2026-08-25 14:51:20.152326,C-Scheme,344.0,4.15,0.19
2026-08-25 15:51:20.152326,C-Scheme,361.8,4.41,0.102
2026-08-25 16:51:20.152326,C-Scheme,352.9,4.3,0.162
2026-08-25 17:51:20.152326,C-Scheme,333.1,5.06,0.146
2026-08-25 18:51:20.152326,C-Scheme,465.9,4.95,0.077
2026-08-25 19:51:20.152326,C-Scheme,423.5,4.23,0.112
2026-08-25 20:51:20.152326,C-Scheme,424.3,4.34,0.092
2026-08-25 21:51:20.152326,C-Scheme,448.5,5.2,0.098
2026-08-25 22:51:20.152326,C-Scheme,331.9,4.15,0.297
2026-08-25 23:51:20.152326,C-Scheme,384.9,4.25,0.182
2026-08-26 00:51:20.152326,C-Scheme,392.0,4.27,0.118
2026-08-26 01:51:20.152326,C-Scheme,350.0,4.84,0.289
2026-08-26 02:51:20.152326,C-Scheme,331.3,4.19,0.109
2026-08-26 03:51:20.152326,C-Scheme,388.1,4.29,0.098
2026-08-26 04:51:20.152326,C-Scheme,333.7,5.13,0.237
2026-08-26 05:51:20.152326,C-Scheme,297.2,4.35,0.372
2026-08-26 06:51:20.152326,C-Scheme,507.4,3.79,0.205
2026-08-26 07:51:20.152326,C-Scheme,502.6,4.94,0.037
2026-08-26 08:51:20.152326,C-Scheme,614.9,4.59,0.086
2026-08-26 09:51:20.152326,C-Scheme,489.9,4.1,0.053
2026-08-26 10:51:20.152326,C-Scheme,335.3,4.73,0.297
2026-08-26 11:51:20.152326,C-Scheme,341.4,4.47,0.066
2026-08-26 12:51:20.152326,C-Scheme,344.2,4.64,0.306
2026-08-26 13:51:20.152326,C-Scheme,303.9,4.87,0.039
2026-08-26 14:51:20.152326,C-Scheme,331.0,4.26,0.021
2026-08-26 15:51:20.152326,C-Scheme,371.7,4.75,0.069
2026-08-26 16:51:20.152326,C-Scheme,336.1,4.61,0.049
2026-08-26 17:51:20.152326,C-Scheme,352.3,4.8,0.072
2026-08-26 18:51:20.152326,C-Scheme,456.5,3.98,0.069
2026-08-26 19:51:20.152326,C-Scheme,510.4,4.72,0.393
2026-08-26 20:51:20.152326,C-Scheme,487.4,4.59,0.127
2026-08-26 21:51:20.152326,C-Scheme,447.7,4.96,0.049
2026-08-26 22:51:20.152326,C-Scheme,354.5,4.82,0.185
2026-08-26 23:51:20.152326,C-Scheme,370.3,4.55,0.098
2026-08-27 00:51:20.152326,C-Scheme,358.8,3.97,0.024
2026-08-27 01:51:20.152326,C-Scheme,308.8,4.12,0.52
2026-08-27 02:51:20.152326,C-Scheme,317.0,4.57,0.114
2026-08-27 03:51:20.152326,C-Scheme,342.1,4.72,0.279
2026-08-27 04:51:20.152326,C-Scheme,344.5,4.5,0.114
2026-08-27 05:51:20.152326,C-Scheme,356.5,4.43,0.263
2026-08-27 06:51:20.152326,C-Scheme,542.3,3.69,0.248
2026-08-27 07:51:20.152326,C-Scheme,468.9,4.62,0.17
2026-08-27 08:51:20.152326,C-Scheme,481.7,3.86,0.394
2026-08-27 09:51:20.152326,C-Scheme,461.8,4.63,0.046
2026-08-27 10:51:20.152326,C-Scheme,348.7,4.83,0.073
2026-08-27 11:51:20.152326,C-Scheme,347.3,4.32,0.569
2026-08-27 12:51:20.152326,C-Scheme,329.6,4.31,0.198
2026-08-27 13:51:20.152326,C-Scheme,359.6,4.17,0.234
2026-08-27 14:51:20.152326,C-Scheme,353.8,4.56,0.166
2026-08-27 15:51:20.152326,C-Scheme,303.5,4.43,0.023
2026-08-27 16:51:20.152326,C-Scheme,396.1,4.62,0.095
2026-08-27 17:51:20.152326,C-Scheme,367.7,4.46,0.037
2026-08-27 18:51:20.152326,C-Scheme,460.4,5.08,0.069
2026-08-27 19:51:20.152326,C-Scheme,434.0,4.79,0.056
2026-08-27 20:51:20.152326,C-Scheme,487.9,4.83,0.511
2026-08-27 21:51:20.152326,C-Scheme,423.4,4.7,0.139
2026-08-27 22:51:20.152326,C-Scheme,309.8,5.05,0.243
2026-08-27 23:51:20.152326,C-Scheme,369.8,4.59,0.068
2026-08-28 00:51:20.152326,C-Scheme,355.0,3.94,0.156
2026-08-28 01:51:20.152326,C-Scheme,351.6,4.47,0.385
2026-08-28 02:51:20.152326,C-Scheme,353.9,4.46,0.062
2026-08-28 03:51:20.152326,C-Scheme,335.3,4.02,0.376
2026-08-28 04:51:20.152326,C-Scheme,368.0,4.31,0.163
2026-08-28 05:51:20.152326,C-Scheme,364.4,4.61,0.07
2026-08-28 06:51:20.152326,C-Scheme,539.2,4.99,0.05
2026-08-28 07:51:20.152326,C-Scheme,470.3,4.64,0.068
2026-08-28 08:51:20.152326,C-Scheme,447.8,4.5,0.329
2026-08-28 09:51:20.152326,C-Scheme,490.9,4.32,0.119
2026-08-28 10:51:20.152326,C-Scheme,312.2,4.49,0.022
2026-08-28 11:51:20.152326,C-Scheme,330.1,4.47,0.027
2026-08-28 12:51:20.152326,C-Scheme,357.1,4.71,0.023
2026-08-28 13:51:20.152326,C-Scheme,335.3,4.05,0.387
2026-08-28 14:51:20.152326,C-Scheme,369.1,4.57,0.047
2026-08-28 15:51:20.152326,C-Scheme,367.7,4.48,0.153
2026-08-28 16:51:20.152326,C-Scheme,389.1,4.26,0.083
2026-08-28 17:51:20.152326,C-Scheme,350.9,4.64,0.034
2026-08-28 18:51:20.152326,C-Scheme,491.1,4.39,0.073
2026-08-28 19:51:20.152326,C-Scheme,390.5,4.87,0.357
2026-08-28 20:51:20.152326,C-Scheme,421.7,4.37,0.157
2026-08-28 21:51:20.152326,C-Scheme,441.1,4.35,0.012
2026-08-28 22:51:20.152326,C-Scheme,336.8,4.49,0.058
2026-08-28 23:51:20.152326,C-Scheme,355.7,4.26,0.116
2026-08-29 00:51:20.152326,C-Scheme,337.6,4.57,0.125
2026-08-29 01:51:20.152326,C-Scheme,343.8,4.43,0.321
2026-08-29 02:51:20.152326,C-Scheme,379.1,5.28,0.238
2026-08-29 03:51:20.152326,C-Scheme,385.5,4.16,0.021
2026-08-29 04:51:20.152326,C-Scheme,360.8,4.76,0.098
2026-08-29 05:51:20.152326,C-Scheme,380.7,3.97,0.08
2026-08-29 06:51:20.152326,C-Scheme,513.3,4.08,0.291
2026-08-29 07:51:20.152326,C-Scheme,508.2,4.16,0.046
2026-08-29 08:51:20.152326,C-Scheme,451.6,4.49,0.104
2026-08-29 09:51:20.152326,C-Scheme,500.1,4.41,0.217
2026-08-29 10:51:20.152326,C-Scheme,298.5,4.48,0.25
2026-08-29 11:51:20.152326,C-Scheme,356.3,4.64,0.16
2026-08-29 12:51:20.152326,C-Scheme,393.2,4.36,0.227
2026-08-29 13:51:20.152326,C-Scheme,325.6,4.81,0.012
2026-08-29 14:51:20.152326,C-Scheme,327.2,4.7,0.229
2026-08-29 15:51:20.152326,C-Scheme,371.6,4.12,0.079
2026-08-29 16:51:20.152326,C-Scheme,323.7,4.22,0.033
2026-08-29 17:51:20.152326,C-Scheme,310.5,4.64,0.081
2026-08-29 18:51:20.152326,C-Scheme,456.3,4.34,0.066
2026-08-29 19:51:20.152326,C-Scheme,394.9,5.22,0.119
2026-08-29 20:51:20.152326,C-Scheme,454.2,4.95,0.253
2026-08-29 21:51:20.152326,C-Scheme,405.2,4.47,0.194
2026-08-29 22:51:20.152326,C-Scheme,320.0,3.86,0.138
2026-08-29 23:51:20.152326,C-Scheme,295.9,4.81,0.266
2026-08-30 00:51:20.152326,C-Scheme,373.8,4.71,0.04
2026-08-30 01:51:20.152326,C-Scheme,419.2,4.56,0.109
2026-08-30 02:51:20.152326,C-Scheme,365.6,4.55,0.072
2026-08-30 03:51:20.152326,C-Scheme,328.7,4.81,0.057
2026-08-30 04:51:20.152326,C-Scheme,329.3,4.73,0.037
2026-08-30 05:51:20.152326,C-Scheme,353.6,4.16,0.249
2026-08-30 06:51:20.152326,C-Scheme,470.4,4.7,0.053
2026-08-30 07:51:20.152326,C-Scheme,520.4,4.4,0.026
2026-08-30 08:51:20.152326,C-Scheme,486.3,4.68,0.088
2026-08-30 09:51:20.152326,C-Scheme,498.2,4.76,0.061
2026-08-30 10:51:20.152326,C-Scheme,348.6,4.56,0.362
2026-08-30 11:51:20.152326,C-Scheme,373.1,4.35,0.147
2026-08-30 12:51:20.152326,C-Scheme,349.6,4.78,0.047
2026-08-30 13:51:20.152326,C-Scheme,332.5,4.95,0.021
2026-08-30 14:51:20.152326,C-Scheme,307.4,4.14,0.154
2026-08-30 15:51:20.152326,C-Scheme,316.8,4.63,0.098
2026-08-30 16:51:20.152326,C-Scheme,352.5,4.58,0.238
2026-08-30 17:51:20.152326,C-Scheme,340.7,4.29,0.042
2026-08-30 18:51:20.152326,C-Scheme,447.6,3.91,0.129
2026-08-30 19:51:20.152326,C-Scheme,512.0,4.87,0.05
2026-08-30 20:51:20.152326,C-Scheme,392.4,4.47,0.169
2026-08-30 21:51:20.152326,C-Scheme,510.9,4.4,0.3
2026-08-30 22:51:20.152326,C-Scheme,369.6,5.33,0.047
2026-08-30 23:51:20.152326,C-Scheme,352.7,4.62,0.38
2026-08-31 00:51:20.152326,C-Scheme,314.6,4.5,0.107
2026-08-31 01:51:20.152326,C-Scheme,347.6,4.35,0.282
2026-08-31 02:51:20.152326,C-Scheme,423.7,4.43,0.003
2026-08-31 03:51:20.152326,C-Scheme,334.4,4.2,0.216
2026-08-31 04:51:20.152326,C-Scheme,345.5,5.04,0.075
2026-08-31 05:51:20.152326,C-Scheme,353.1,4.56,0.105
2026-08-31 06:51:20.152326,C-Scheme,456.8,5.01,0.116
2026-08-31 07:51:20.152326,C-Scheme,499.7,4.57,0.616
2026-08-31 08:51:20.152326,C-Scheme,482.4,4.47,0.256
2026-08-31 09:51:20.152326,C-Scheme,502.1,5.0,0.053
2026-08-31 10:51:20.152326,C-Scheme,360.5,5.2,0.312
2026-08-31 11:51:20.152326,C-Scheme,352.4,4.69,0.099
2026-08-31 12:51:20.152326,C-Scheme,379.5,4.43,0.049
2026-08-31 13:51:20.152326,C-Scheme,341.9,4.16,0.149
2026-08-31 14:51:20.152326,C-Scheme,363.8,4.43,0.029
2026-08-31 15:51:20.152326,C-Scheme,299.7,4.47,0.106
2026-08-31 16:51:20.152326,C-Scheme,363.8,4.49,0.064
2026-08-31 17:51:20.152326,C-Scheme,358.3,4.42,0.166
2026-08-31 18:51:20.152326,C-Scheme,454.7,4.66,0.218
2026-08-31 19:51:20.152326,C-Scheme,432.8,4.82,0.102
2026-08-31 20:51:20.152326,C-Scheme,428.8,4.48,0.102
2026-08-31 21:51:20.152326,C-Scheme,504.7,4.21,0.048
2026-08-31 22:51:20.152326,C-Scheme,370.8,4.39,0.378
2026-08-31 23:51:20.152326,C-Scheme,369.0,4.29,0.457
2026-09-01 00:51:20.152326,C-Scheme,364.8,4.5,0.414
2026-09-01 01:51:20.152326,C-Scheme,377.1,4.74,0.082
2026-09-01 02:51:20.152326,C-Scheme,315.0,4.62,0.075
2026-09-01 03:51:20.152326,C-Scheme,362.5,4.12,0.572
2026-09-01 04:51:20.152326,C-Scheme,373.8,4.62,0.278
2026-09-01 05:51:20.152326,C-Scheme,316.7,4.17,0.44
2026-09-01 06:51:20.152326,C-Scheme,465.1,4.7,0.183
2026-09-01 07:51:20.152326,C-Scheme,489.0,3.77,0.044
2026-09-01 08:51:20.152326,C-Scheme,413.6,4.3,0.054
2026-09-01 09:51:20.152326,C-Scheme,424.2,4.42,0.088
2026-09-01 10:51:20.152326,C-Scheme,375.3,4.83,0.135
2026-09-01 11:51:20.152326,C-Scheme,365.4,4.65,0.073
2026-09-01 12:51:20.152326,C-Scheme,373.9,4.86,0.084
2026-09-01 13:51:20.152326,C-Scheme,322.8,4.62,0.073
2026-09-01 14:51:20.152326,C-Scheme,362.3,4.65,0.113
2026-09-01 15:51:20.152326,C-Scheme,377.8,5.01,0.261
2026-09-01 16:51:20.152326,C-Scheme,315.3,4.33,0.227
2026-09-01 17:51:20.152326,C-Scheme,372.9,4.44,0.014
2026-09-01 18:51:20.152326,C-Scheme,468.0,4.49,0.217
2026-09-01 19:51:20.152326,C-Scheme,433.4,4.76,0.117
2026-09-01 20:51:20.152326,C-Scheme,427.7,4.42,0.288
2026-09-01 21:51:20.152326,C-Scheme,419.6,4.56,0.092
2026-09-01 22:51:20.152326,C-Scheme,313.2,4.57,0.071
2026-09-01 23:51:20.152326,C-Scheme,355.0,4.81,0.072
2026-09-02 00:51:20.152326,C-Scheme,343.0,4.36,0.02
2026-09-02 01:51:20.152326,C-Scheme,380.4,4.42,0.159
2026-09-02 02:51:20.152326,C-Scheme,359.9,4.62,0.03
2026-09-02 03:51:20.152326,C-Scheme,343.7,4.63,0.098
2026-09-02 04:51:20.152326,C-Scheme,315.3,4.35,0.094
2026-09-02 05:51:20.152326,C-Scheme,348.7,4.9,0.058
2026-09-02 06:51:20.152326,C-Scheme,541.8,4.44,0.148
2026-09-02 07:51:20.152326,C-Scheme,481.8,4.35,0.12
2026-09-02 08:51:20.152326,C-Scheme,472.8,4.48,0.358
2026-09-02 09:51:20.152326,C-Scheme,512.6,4.21,0.169
2026-09-02 10:51:20.152326,C-Scheme,364.7,4.51,0.173
2026-09-02 11:51:20.152326,C-Scheme,304.7,4.57,0.14
2026-09-02 12:51:20.152326,C-Scheme,331.3,5.02,0.242
2026-09-02 13:51:20.152326,C-Scheme,327.1,4.68,0.146
2026-09-02 14:51:20.152326,C-Scheme,345.7,4.21,0.023
2026-09-02 15:51:20.152326,C-Scheme,384.7,4.82,0.096
2026-09-02 16:51:20.152326,C-Scheme,362.5,4.7,0.124
2026-09-02 17:51:20.152326,C-Scheme,373.9,4.69,0.372
2026-09-02 18:51:20.152326,C-Scheme,458.8,4.54,0.028
2026-09-02 19:51:20.152326,C-Scheme,466.2,4.83,0.058
2026-09-02 20:51:20.152326,C-Scheme,480.4,4.61,0.132
2026-09-02 21:51:20.152326,C-Scheme,428.4,5.12,0.088
2026-09-02 22:51:20.152326,C-Scheme,361.6,4.54,0.04
2026-09-02 23:51:20.152326,C-Scheme,350.1,4.06,0.17
2026-09-03 00:51:20.152326,C-Scheme,356.6,4.22,0.159
2026-09-03 01:51:20.152326,C-Scheme,344.4,4.37,0.143
2026-09-03 02:51:20.152326,C-Scheme,319.3,4.74,0.023
2026-09-03 03:51:20.152326,C-Scheme,350.8,4.6,0.288
2026-09-03 04:51:20.152326,C-Scheme,359.9,4.59,0.167
2026-09-03 05:51:20.152326,C-Scheme,306.2,5.07,0.152
2026-09-03 06:51:20.152326,C-Scheme,558.0,4.32,0.181
2026-09-03 07:51:20.152326,C-Scheme,494.5,4.8,0.134
2026-09-03 08:51:20.152326,C-Scheme,519.8,4.56,0.139
2026-09-03 09:51:20.152326,C-Scheme,468.5,4.78,0.036
2026-09-03 10:51:20.152326,C-Scheme,363.9,4.72,0.395
2026-09-03 11:51:20.152326,C-Scheme,333.0,4.35,0.455
2026-09-03 12:51:20.152326,C-Scheme,340.9,4.18,0.328
2026-09-03 13:51:20.152326,C-Scheme,391.5,4.14,0.112
2026-09-03 14:51:20.152326,C-Scheme,371.8,4.69,0.164
2026-09-03 15:51:20.152326,C-Scheme,346.5,4.17,0.043
2026-09-03 16:51:20.152326,C-Scheme,288.3,4.84,0.286
2026-09-03 17:51:20.152326,C-Scheme,347.1,4.18,0.279
2026-09-03 18:51:20.152326,C-Scheme,462.7,4.36,0.007
2026-09-03 19:51:20.152326,C-Scheme,464.9,4.5,0.188
2026-09-03 20:51:20.152326,C-Scheme,449.9,4.64,0.263
2026-09-03 21:51:20.152326,C-Scheme,416.8,4.31,0.039
2026-09-03 22:51:20.152326,C-Scheme,325.3,4.2,0.162
2026-09-03 23:51:20.152326,C-Scheme,343.7,4.31,0.263
2026-09-04 00:51:20.152326,C-Scheme,314.1,4.15,0.185
2026-09-04 01:51:20.152326,C-Scheme,344.4,4.86,0.131
2026-09-04 02:51:20.152326,C-Scheme,348.1,4.42,0.106
2026-09-04 03:51:20.152326,C-Scheme,323.1,4.13,0.162
2026-09-04 04:51:20.152326,C-Scheme,334.8,4.91,0.011
2026-09-04 05:51:20.152326,C-Scheme,345.9,4.95,0.085
2026-09-04 06:51:20.152326,C-Scheme,500.6,4.47,0.245
2026-09-04 07:51:20.152326,C-Scheme,482.7,5.26,0.186
2026-09-04 08:51:20.152326,C-Scheme,506.6,3.98,0.148
2026-09-04 09:51:20.152326,C-Scheme,463.8,4.89,0.51
2026-09-04 10:51:20.152326,C-Scheme,356.4,4.94,0.104
2026-09-04 11:51:20.152326,C-Scheme,384.7,4.76,0.023
2026-09-04 12:51:20.152326,C-Scheme,360.3,4.63,0.109
2026-09-04 13:51:20.152326,C-Scheme,334.5,4.41,0.235
2026-09-04 14:51:20.152326,C-Scheme,333.6,4.88,0.091
2026-09-04 15:51:20.152326,C-Scheme,332.2,5.03,0.254
2026-09-04 16:51:20.152326,C-Scheme,356.3,4.7,0.088
2026-09-04 17:51:20.152326,C-Scheme,329.3,4.43,0.234
2026-09-04 18:51:20.152326,C-Scheme,476.2,4.99,0.382
2026-09-04 19:51:20.152326,C-Scheme,422.0,4.94,0.052
2026-09-04 20:51:20.152326,C-Scheme,455.8,4.39,0.055
2026-09-04 21:51:20.152326,C-Scheme,431.7,4.79,0.263
2026-09-04 22:51:20.152326,C-Scheme,357.0,4.76,0.121
2026-09-04 23:51:20.152326,C-Scheme,337.2,4.25,0.252
2026-09-05 00:51:20.152326,C-Scheme,338.0,5.12,0.001
2026-09-05 01:51:20.152326,C-Scheme,302.9,4.42,0.266
2026-09-05 02:51:20.152326,C-Scheme,336.3,4.5,0.07
2026-09-05 03:51:20.152326,C-Scheme,310.2,4.6,0.021
2026-09-05 04:51:20.152326,C-Scheme,319.1,4.83,0.32
2026-09-05 05:51:20.152326,C-Scheme,325.3,4.34,0.064
2026-09-05 06:51:20.152326,C-Scheme,447.0,4.49,0.31
2026-09-05 07:51:20.152326,C-Scheme,462.7,4.61,0.191
2026-09-05 08:51:20.152326,C-Scheme,513.3,4.13,0.208
2026-09-05 09:51:20.152326,C-Scheme,545.4,4.07,0.082
2026-09-05 10:51:20.152326,C-Scheme,342.5,4.72,0.022
2026-09-05 11:51:20.152326,C-Scheme,356.3,4.66,0.004
2026-09-05 12:51:20.152326,C-Scheme,341.9,4.83,0.147
2026-09-05 13:51:20.152326,C-Scheme,350.6,4.51,0.086
2026-09-05 14:51:20.152326,C-Scheme,313.6,3.64,0.095
2026-09-05 15:51:20.152326,C-Scheme,378.0,4.23,0.016
2026-09-05 16:51:20.152326,C-Scheme,359.4,4.04,0.094
2026-09-05 17:51:20.152326,C-Scheme,345.9,5.03,0.308
2026-09-05 18:51:20.152326,C-Scheme,440.5,4.41,0.256
2026-09-05 19:51:20.152326,C-Scheme,427.2,4.24,0.226
2026-09-05 20:51:20.152326,C-Scheme,466.3,4.23,0.455
2026-09-05 21:51:20.152326,C-Scheme,390.5,4.0,0.09
2026-09-05 22:51:20.152326,C-Scheme,338.9,4.44,0.143
2026-09-05 23:51:20.152326,C-Scheme,331.0,4.63,0.038
2026-09-06 00:51:20.152326,C-Scheme,303.5,4.75,0.028
2026-09-06 01:51:20.152326,C-Scheme,348.7,4.97,0.261
2026-09-06 02:51:20.152326,C-Scheme,364.3,4.67,0.072
2026-09-06 03:51:20.152326,C-Scheme,367.7,4.7,0.216
2026-09-06 04:51:20.152326,C-Scheme,386.3,4.29,0.161
2026-09-06 05:51:20.152326,C-Scheme,284.2,4.28,0.122
2026-09-06 06:51:20.152326,C-Scheme,474.0,4.47,0.067
2026-09-06 07:51:20.152326,C-Scheme,541.2,4.32,0.027
2026-09-06 08:51:20.152326,C-Scheme,514.5,4.45,0.309
2026-09-06 09:51:20.152326,C-Scheme,490.8,4.37,0.123
2026-09-06 10:51:20.152326,C-Scheme,366.0,4.04,0.199
2026-09-06 11:51:20.152326,C-Scheme,363.4,4.0,0.003
2026-09-06 12:51:20.152326,C-Scheme,362.4,4.35,0.256
2026-09-06 13:51:20.152326,C-Scheme,314.0,4.17,0.355
2026-09-06 14:51:20.152326,C-Scheme,338.0,4.54,0.174
2026-09-06 15:51:20.152326,C-Scheme,383.3,5.05,0.024
2026-09-06 16:51:20.152326,C-Scheme,360.8,4.36,0.075
2026-09-06 17:51:20.152326,C-Scheme,396.4,4.48,0.107
2026-09-06 18:51:20.152326,C-Scheme,399.7,4.66,0.091
2026-09-06 19:51:20.152326,C-Scheme,483.3,4.01,0.086
2026-09-06 20:51:20.152326,C-Scheme,458.8,4.59,0.009
2026-09-06 21:51:20.152326,C-Scheme,466.3,4.27,0.042
2026-09-06 22:51:20.152326,C-Scheme,392.7,4.52,0.161
2026-09-06 23:51:20.152326,C-Scheme,392.0,4.77,0.069
2026-09-07 00:51:20.152326,C-Scheme,362.8,4.54,0.023
2026-09-07 01:51:20.152326,C-Scheme,356.7,4.07,0.104
2026-09-07 02:51:20.152326,C-Scheme,337.6,4.18,0.465
2026-09-07 03:51:20.152326,C-Scheme,305.8,4.55,0.46
2026-09-07 04:51:20.152326,C-Scheme,352.3,4.48,0.047
2026-09-07 05:51:20.152326,C-Scheme,364.2,4.24,0.289
2026-09-07 06:51:20.152326,C-Scheme,547.4,4.53,0.199
2026-09-07 07:51:20.152326,C-Scheme,443.1,4.42,0.114
2026-09-07 08:51:20.152326,C-Scheme,510.3,4.85,0.067
2026-09-07 09:51:20.152326,C-Scheme,509.7,4.19,0.203
2026-09-07 10:51:20.152326,C-Scheme,370.0,4.42,0.008
2026-09-07 11:51:20.152326,C-Scheme,325.5,4.65,0.065
2026-09-07 12:51:20.152326,C-Scheme,332.5,4.5,0.109
2026-09-07 13:51:20.152326,C-Scheme,322.8,4.51,0.191
2026-09-07 14:51:20.152326,C-Scheme,354.7,4.42,0.103
2026-09-07 15:51:20.152326,C-Scheme,320.9,4.59,0.107
2026-09-07 16:51:20.152326,C-Scheme,368.0,5.07,0.071
2026-09-07 17:51:20.152326,C-Scheme,325.9,4.77,0.166
2026-09-07 18:51:20.152326,C-Scheme,461.0,4.78,0.133
2026-09-07 19:51:20.152326,C-Scheme,398.5,4.77,0.12
2026-09-07 20:51:20.152326,C-Scheme,451.5,4.87,0.031
2026-09-07 21:51:20.152326,C-Scheme,433.9,4.7,0.062
2026-09-07 22:51:20.152326,C-Scheme,346.7,4.2,0.263
2026-09-07 23:51:20.152326,C-Scheme,309.5,4.13,0.318
2026-09-08 00:51:20.152326,C-Scheme,335.4,4.48,0.131
2026-09-08 01:51:20.152326,C-Scheme,370.0,3.93,0.219
2026-09-08 02:51:20.152326,C-Scheme,345.1,4.69,0.107
2026-09-08 03:51:20.152326,C-Scheme,351.6,4.5,0.159
2026-09-08 04:51:20.152326,C-Scheme,387.7,4.1,0.021
2026-09-08 05:51:20.152326,C-Scheme,337.8,4.62,0.249
2026-09-08 06:51:20.152326,C-Scheme,407.1,4.68,0.045
2026-09-08 07:51:20.152326,C-Scheme,489.0,4.68,0.137
2026-09-08 08:51:20.152326,C-Scheme,485.7,4.55,0.038
2026-09-08 09:51:20.152326,C-Scheme,494.6,4.18,0.037
2026-09-08 10:51:20.152326,C-Scheme,345.3,5.07,0.028
2026-09-08 11:51:20.152326,C-Scheme,399.6,4.59,0.268
2026-09-08 12:51:20.152326,C-Scheme,377.8,4.77,0.066
2026-09-08 13:51:20.152326,C-Scheme,347.0,4.67,0.515
2026-09-08 14:51:20.152326,C-Scheme,302.9,4.95,0.207
2026-09-08 15:51:20.152326,C-Scheme,348.9,4.46,0.165
2026-09-08 16:51:20.152326,C-Scheme,350.7,4.46,0.154
2026-09-08 17:51:20.152326,C-Scheme,394.1,4.4,0.093
2026-09-08 18:51:20.152326,C-Scheme,473.1,4.32,0.138
2026-09-08 19:51:20.152326,C-Scheme,524.5,4.62,0.12
2026-09-08 20:51:20.152326,C-Scheme,450.6,4.13,0.206
2026-09-08 21:51:20.152326,C-Scheme,494.9,4.19,0.305
2026-09-08 22:51:20.152326,C-Scheme,357.8,4.27,0.113
2026-09-08 23:51:20.152326,C-Scheme,311.4,4.31,0.065
2026-09-09 00:51:20.152326,C-Scheme,371.5,4.55,0.364
2026-09-09 01:51:20.152326,C-Scheme,355.3,4.94,0.319
2026-09-09 02:51:20.152326,C-Scheme,386.7,4.3,0.045
2026-09-09 03:51:20.152326,C-Scheme,329.9,4.65,0.013
2026-09-09 04:51:20.152326,C-Scheme,373.4,4.17,0.242
2026-09-09 05:51:20.152326,C-Scheme,360.3,4.45,0.391
2026-09-09 06:51:20.152326,C-Scheme,517.5,4.41,0.242
2026-09-09 07:51:20.152326,C-Scheme,431.2,4.55,0.179
2026-09-09 08:51:20.152326,C-Scheme,505.7,4.36,0.026
2026-09-09 09:51:20.152326,C-Scheme,504.7,3.68,0.156
2026-09-09 10:51:20.152326,C-Scheme,352.5,4.53,0.098
2026-09-09 11:51:20.152326,C-Scheme,369.3,3.96,0.077
2026-09-09 12:51:20.152326,C-Scheme,362.6,5.29,0.122
2026-09-09 13:51:20.152326,C-Scheme,359.1,3.77,0.462
2026-09-09 14:51:20.152326,C-Scheme,344.7,5.24,0.133
2026-09-09 15:51:20.152326,C-Scheme,378.5,4.52,0.182
2026-09-09 16:51:20.152326,C-Scheme,378.6,4.5,0.106
2026-09-09 17:51:20.152326,C-Scheme,395.2,4.4,0.098
2026-09-09 18:51:20.152326,C-Scheme,437.4,4.58,0.075
2026-09-09 19:51:20.152326,C-Scheme,439.9,4.17,0.182
2026-09-09 20:51:20.152326,C-Scheme,472.0,4.22,0.057
2026-09-09 21:51:20.152326,C-Scheme,440.1,4.76,0.171
2026-09-09 22:51:20.152326,C-Scheme,370.0,4.47,0.087
2026-09-09 23:51:20.152326,C-Scheme,357.6,4.65,0.043
2026-09-10 00:51:20.152326,C-Scheme,346.6,4.72,0.361
2026-09-10 01:51:20.152326,C-Scheme,371.7,5.01,0.321
2026-09-10 02:51:20.152326,C-Scheme,388.3,4.2,0.061
2026-09-10 03:51:20.152326,C-Scheme,374.4,4.87,0.17
2026-09-10 04:51:20.152326,C-Scheme,361.2,4.68,0.037
2026-09-10 05:51:20.152326,C-Scheme,365.9,4.21,0.092
2026-09-10 06:51:20.152326,C-Scheme,440.6,4.61,0.173
2026-09-10 07:51:20.152326,C-Scheme,541.6,4.41,0.079
2026-09-10 08:51:20.152326,C-Scheme,456.4,4.44,0.091
2026-09-10 09:51:20.152326,C-Scheme,537.5,4.4,0.141
2026-09-10 10:51:20.152326,C-Scheme,347.4,4.0,0.049
2026-09-10 11:51:20.152326,C-Scheme,359.1,4.64,0.112
2026-09-10 12:51:20.152326,C-Scheme,378.8,4.08,0.038
2026-09-10 13:51:20.152326,C-Scheme,316.0,4.22,0.122
2026-09-10 14:51:20.152326,C-Scheme,388.5,4.07,0.2
2026-09-10 15:51:20.152326,C-Scheme,331.8,5.11,0.193
2026-09-10 16:51:20.152326,C-Scheme,356.1,4.07,0.126
2026-09-10 17:51:20.152326,C-Scheme,359.4,4.5,0.111
2026-09-10 18:51:20.152326,C-Scheme,460.6,4.44,0.043
2026-09-10 19:51:20.152326,C-Scheme,530.3,5.2,0.215
2026-09-10 20:51:20.152326,C-Scheme,468.8,4.55,0.17
2026-09-10 21:51:20.152326,C-Scheme,434.3,4.58,0.086
2026-09-10 22:51:20.152326,C-Scheme,332.2,5.03,0.279
2026-09-10 23:51:20.152326,C-Scheme,333.6,4.56,0.041
2026-09-11 00:51:20.152326,C-Scheme,390.4,4.41,0.305
2026-09-11 01:51:20.152326,C-Scheme,359.9,4.44,0.011
2026-09-11 02:51:20.152326,C-Scheme,365.4,4.62,0.018
2026-09-11 03:51:20.152326,C-Scheme,369.5,4.74,0.106
2026-09-11 04:51:20.152326,C-Scheme,320.0,4.2,0.194
2026-09-11 05:51:20.152326,C-Scheme,332.6,4.86,0.212
2026-09-11 06:51:20.152326,C-Scheme,523.1,4.13,0.628
2026-09-11 07:51:20.152326,C-Scheme,482.2,3.84,0.336
2026-09-11 08:51:20.152326,C-Scheme,468.0,4.89,0.346
2026-09-11 09:51:20.152326,C-Scheme,512.1,4.08,0.138
2026-09-11 10:51:20.152326,C-Scheme,320.9,4.34,0.239
2026-09-11 11:51:20.152326,C-Scheme,376.3,4.11,0.155
2026-09-11 12:51:20.152326,C-Scheme,358.6,4.21,0.172
2026-09-11 13:51:20.152326,C-Scheme,337.2,4.8,0.264
2026-09-11 14:51:20.152326,C-Scheme,422.0,5.09,0.149
2026-09-11 15:51:20.152326,C-Scheme,384.9,3.82,0.09
2026-09-11 16:51:20.152326,C-Scheme,378.4,4.27,0.091
2026-09-11 17:51:20.152326,C-Scheme,360.5,4.72,0.117
2026-09-11 18:51:20.152326,C-Scheme,470.8,4.84,0.235
2026-09-11 19:51:20.152326,C-Scheme,444.4,3.97,0.352
2026-09-11 20:51:20.152326,C-Scheme,533.7,4.64,0.313
2026-09-11 21:51:20.152326,C-Scheme,463.6,5.1,0.289
2026-09-11 22:51:20.152326,C-Scheme,365.1,4.66,0.055
2026-09-11 23:51:20.152326,C-Scheme,345.5,5.15,0.178
2026-09-12 00:51:20.152326,C-Scheme,356.4,4.22,0.049
2026-09-12 01:51:20.152326,C-Scheme,349.6,4.52,0.048
2026-09-12 02:51:20.152326,C-Scheme,355.1,4.43,0.175
2026-09-12 03:51:20.152326,C-Scheme,311.2,4.27,0.12
2026-09-12 04:51:20.152326,C-Scheme,361.1,4.44,0.239
2026-09-12 05:51:20.152326,C-Scheme,362.1,4.94,0.02
2026-09-12 06:51:20.152326,C-Scheme,562.7,4.61,0.028
2026-09-12 07:51:20.152326,C-Scheme,476.5,5.26,0.217
2026-09-12 08:51:20.152326,C-Scheme,436.9,4.2,0.275
2026-09-12 09:51:20.152326,C-Scheme,507.7,4.57,0.098
2026-09-12 10:51:20.152326,C-Scheme,353.9,4.33,0.056
2026-09-12 11:51:20.152326,C-Scheme,336.7,4.45,0.083
2026-09-12 12:51:20.152326,C-Scheme,362.4,4.19,0.085
2026-09-12 13:51:20.152326,C-Scheme,400.6,4.18,0.18
2026-09-12 14:51:20.152326,C-Scheme,333.6,4.1,0.31
2026-09-12 15:51:20.152326,C-Scheme,381.7,4.84,0.198
2026-09-12 16:51:20.152326,C-Scheme,327.1,4.45,0.121
2026-09-12 17:51:20.152326,C-Scheme,335.5,4.1,0.292
2026-09-12 18:51:20.152326,C-Scheme,514.9,4.92,0.09
2026-09-12 19:51:20.152326,C-Scheme,431.6,4.47,0.384
2026-09-12 20:51:20.152326,C-Scheme,480.6,4.7,0.234
2026-09-12 21:51:20.152326,C-Scheme,471.8,4.64,0.021
2026-09-12 22:51:20.152326,C-Scheme,309.6,4.68,0.192
2026-09-12 23:51:20.152326,C-Scheme,313.7,5.33,0.201
2026-09-13 00:51:20.152326,C-Scheme,370.1,4.75,0.007
2026-09-13 01:51:20.152326,C-Scheme,346.7,5.12,0.026
2026-09-13 02:51:20.152326,C-Scheme,361.8,4.22,0.063
2026-09-13 03:51:20.152326,C-Scheme,357.6,4.6,0.066
2026-09-13 04:51:20.152326,C-Scheme,336.2,5.21,0.092
2026-09-13 05:51:20.152326,C-Scheme,317.3,4.38,0.121
2026-09-13 06:51:20.152326,C-Scheme,514.8,4.85,0.122
2026-09-13 07:51:20.152326,C-Scheme,461.5,4.28,0.071
2026-09-13 08:51:20.152326,C-Scheme,430.9,4.86,0.09
2026-09-13 09:51:20.152326,C-Scheme,499.0,4.85,0.123
2026-09-13 10:51:20.152326,C-Scheme,369.3,4.59,0.1
2026-09-13 11:51:20.152326,C-Scheme,335.4,4.22,0.478
2026-09-13 12:51:20.152326,C-Scheme,343.6,4.51,0.294
2026-09-13 13:51:20.152326,C-Scheme,367.7,4.02,0.15
2026-09-13 14:51:20.152326,C-Scheme,365.7,4.35,0.124
2026-09-13 15:51:20.152326,C-Scheme,385.4,4.72,0.013
2026-09-13 16:51:20.152326,C-Scheme,340.4,4.37,0.062
2026-09-13 17:51:20.152326,C-Scheme,330.8,4.93,0.075
2026-09-13 18:51:20.152326,C-Scheme,468.8,4.3,0.188
2026-09-13 19:51:20.152326,C-Scheme,536.7,4.48,0.241
2026-09-13 20:51:20.152326,C-Scheme,470.8,5.07,0.078
2026-09-13 21:51:20.152326,C-Scheme,476.2,3.7,0.035
2026-09-13 22:51:20.152326,C-Scheme,350.2,4.5,0.066
2026-09-13 23:51:20.152326,C-Scheme,363.7,3.99,0.211
2026-09-14 00:51:20.152326,C-Scheme,326.0,4.68,0.233
2026-09-14 01:51:20.152326,C-Scheme,343.6,4.52,0.381
2026-09-14 02:51:20.152326,C-Scheme,398.2,4.11,0.092
2026-09-14 03:51:20.152326,C-Scheme,371.0,4.41,0.272
2026-09-14 04:51:20.152326,C-Scheme,334.4,4.5,0.181
2026-09-14 05:51:20.152326,C-Scheme,305.1,4.67,0.11
2026-09-14 06:51:20.152326,C-Scheme,527.1,4.45,0.076
2026-09-14 07:51:20.152326,C-Scheme,497.2,3.68,0.205
2026-09-14 08:51:20.152326,C-Scheme,521.4,4.63,0.039
2026-09-14 09:51:20.152326,C-Scheme,511.1,4.08,0.064
2026-09-14 10:51:20.152326,C-Scheme,340.6,5.01,0.133
2026-09-14 11:51:20.152326,C-Scheme,349.5,4.8,0.122
2026-09-14 12:51:20.152326,C-Scheme,379.1,4.35,0.307
2026-09-14 13:51:20.152326,C-Scheme,338.2,4.19,0.047
2026-09-14 14:51:20.152326,C-Scheme,302.8,4.6,0.11
2026-09-14 15:51:20.152326,C-Scheme,323.6,4.61,0.113
2026-09-14 16:51:20.152326,C-Scheme,384.6,4.23,0.112
2026-09-14 17:51:20.152326,C-Scheme,336.4,5.07,0.332
2026-09-14 18:51:20.152326,C-Scheme,435.3,4.51,0.468
2026-09-14 19:51:20.152326,C-Scheme,457.8,4.52,0.128
2026-09-14 20:51:20.152326,C-Scheme,470.3,4.52,0.345
2026-09-14 21:51:20.152326,C-Scheme,476.9,4.67,0.263
2026-09-14 22:51:20.152326,C-Scheme,380.6,4.7,0.04
2026-09-14 23:51:20.152326,C-Scheme,348.5,5.26,0.053
2026-09-15 00:51:20.152326,C-Scheme,389.4,4.13,0.117
2026-09-15 01:51:20.152326,C-Scheme,341.0,4.04,0.119
2026-09-15 02:51:20.152326,C-Scheme,375.6,4.76,0.339
2026-09-15 03:51:20.152326,C-Scheme,396.3,3.96,0.136
2026-09-15 04:51:20.152326,C-Scheme,334.1,4.02,0.146
2026-09-15 05:51:20.152326,C-Scheme,330.1,4.06,0.071
2026-09-15 06:51:20.152326,C-Scheme,484.2,4.7,0.172
2026-09-15 07:51:20.152326,C-Scheme,503.2,4.96,0.131
2026-09-15 08:51:20.152326,C-Scheme,508.9,5.2,0.229
2026-09-15 09:51:20.152326,C-Scheme,522.6,4.86,0.122
2026-09-15 10:51:20.152326,C-Scheme,365.7,4.65,0.213
2026-09-15 11:51:20.152326,C-Scheme,372.6,5.17,0.088
2026-09-15 12:51:20.152326,C-Scheme,362.7,4.15,0.244
2026-09-15 13:51:20.152326,C-Scheme,348.2,4.55,0.138
2026-09-15 14:51:20.152326,C-Scheme,367.5,4.45,0.241
2026-09-15 15:51:20.152326,C-Scheme,302.8,4.89,0.337
2026-09-15 16:51:20.152326,C-Scheme,348.6,4.17,0.054
2026-09-15 17:51:20.152326,C-Scheme,356.3,4.36,0.026
2026-09-15 18:51:20.152326,C-Scheme,452.8,4.29,0.351
2026-09-15 19:51:20.152326,C-Scheme,408.6,4.85,0.036
2026-09-15 20:51:20.152326,C-Scheme,474.2,4.72,0.156
2026-09-15 21:51:20.152326,C-Scheme,432.7,4.39,0.028
2026-09-15 22:51:20.152326,C-Scheme,321.4,4.3,0.106
2026-09-15 23:51:20.152326,C-Scheme,343.2,4.75,0.104
2026-09-16 00:51:20.152326,C-Scheme,390.7,4.53,0.171
2026-09-16 01:51:20.152326,C-Scheme,326.7,4.45,0.092
2026-09-16 02:51:20.152326,C-Scheme,306.1,4.0,0.062
2026-09-16 03:51:20.152326,C-Scheme,331.9,4.24,0.393
2026-09-16 04:51:20.152326,C-Scheme,324.9,4.13,0.048
2026-09-16 05:51:20.152326,C-Scheme,351.6,4.78,0.158
2026-09-16 06:51:20.152326,C-Scheme,503.1,4.29,0.035
2026-09-16 07:51:20.152326,C-Scheme,450.8,4.47,0.11
2026-09-16 08:51:20.152326,C-Scheme,527.0,4.98,0.082
2026-09-16 09:51:20.152326,C-Scheme,482.9,4.48,0.181
2026-09-16 10:51:20.152326,C-Scheme,317.5,4.65,0.047
2026-09-16 11:51:20.152326,C-Scheme,336.4,4.43,0.191
2026-09-16 12:51:20.152326,C-Scheme,327.0,4.14,0.059
2026-09-16 13:51:20.152326,C-Scheme,350.5,4.33,0.158
2026-09-16 14:51:20.152326,C-Scheme,389.6,4.3,0.274
2026-09-16 15:51:20.152326,C-Scheme,347.7,4.65,0.028
2026-09-16 16:51:20.152326,C-Scheme,345.9,4.62,0.24
2026-09-16 17:51:20.152326,C-Scheme,328.1,4.46,0.187
2026-09-16 18:51:20.152326,C-Scheme,432.1,4.23,0.181
2026-09-16 19:51:20.152326,C-Scheme,445.7,4.49,0.054
2026-09-16 20:51:20.152326,C-Scheme,475.8,3.75,0.146
2026-09-16 21:51:20.152326,C-Scheme,459.6,4.1,0.436
2026-09-16 22:51:20.152326,C-Scheme,367.7,4.73,0.048
2026-09-16 23:51:20.152326,C-Scheme,370.5,4.77,0.277
2026-09-17 00:51:20.152326,C-Scheme,356.9,4.8,0.183
2026-09-17 01:51:20.152326,C-Scheme,368.0,4.3,0.238
2026-09-17 02:51:20.152326,C-Scheme,349.4,5.36,0.261
2026-09-17 03:51:20.152326,C-Scheme,357.2,4.73,0.364
2026-09-17 04:51:20.152326,C-Scheme,368.4,4.12,0.282
2026-09-17 05:51:20.152326,C-Scheme,348.9,4.07,0.089
2026-09-17 06:51:20.152326,C-Scheme,540.5,4.18,0.186
2026-09-17 07:51:20.152326,C-Scheme,471.8,4.59,0.179
2026-09-17 08:51:20.152326,C-Scheme,452.0,4.95,0.018
2026-09-17 09:51:20.152326,C-Scheme,527.6,3.73,0.154
2026-09-17 10:51:20.152326,C-Scheme,345.1,4.44,0.163
2026-09-17 11:51:20.152326,C-Scheme,318.5,5.17,0.117
2026-09-17 12:51:20.152326,C-Scheme,338.4,4.15,0.017
2026-09-17 13:51:20.152326,C-Scheme,358.4,4.26,0.039
2026-09-17 14:51:20.152326,C-Scheme,350.6,4.52,0.189
2026-09-17 15:51:20.152326,C-Scheme,341.4,4.39,0.194
2026-09-17 16:51:20.152326,C-Scheme,346.1,4.68,0.283
2026-09-17 17:51:20.152326,C-Scheme,303.8,4.3,0.008
2026-09-17 18:51:20.152326,C-Scheme,437.9,4.86,0.059
2026-09-17 19:51:20.152326,C-Scheme,467.5,4.72,0.113
2026-09-17 20:51:20.152326,C-Scheme,411.9,3.79,0.035
2026-09-17 21:51:20.152326,C-Scheme,423.8,4.53,0.274
2026-09-17 22:51:20.152326,C-Scheme,396.1,4.2,0.027
2026-09-17 23:51:20.152326,C-Scheme,323.8,4.79,0.178
2026-09-18 00:51:20.152326,C-Scheme,351.3,4.76,0.264
2026-09-18 01:51:20.152326,C-Scheme,362.3,4.24,0.029
2026-09-18 02:51:20.152326,C-Scheme,349.6,4.31,0.036
2026-09-18 03:51:20.152326,C-Scheme,350.3,4.43,0.07
2026-09-18 04:51:20.152326,C-Scheme,322.2,4.55,0.243
2026-09-18 05:51:20.152326,C-Scheme,372.3,4.62,0.161
2026-09-18 06:51:20.152326,C-Scheme,497.5,4.9,0.089
2026-09-18 07:51:20.152326,C-Scheme,494.7,4.54,0.171
2026-09-18 08:51:20.152326,C-Scheme,418.7,4.23,0.285
2026-09-18 09:51:20.152326,C-Scheme,485.2,3.99,0.079
2026-09-18 10:51:20.152326,C-Scheme,375.3,4.83,0.132
2026-09-18 11:51:20.152326,C-Scheme,347.6,4.81,0.182
2026-09-18 12:51:20.152326,C-Scheme,363.9,3.96,0.033
2026-09-18 13:51:20.152326,C-Scheme,336.4,4.44,0.314
2026-09-18 14:51:20.152326,C-Scheme,309.7,4.42,0.091
2026-09-18 15:51:20.152326,C-Scheme,306.5,4.57,0.159
2026-09-18 16:51:20.152326,C-Scheme,351.3,4.88,0.241
2026-09-18 17:51:20.152326,C-Scheme,383.1,4.6,0.086
2026-09-18 18:51:20.152326,C-Scheme,445.5,4.4,0.157
2026-09-18 19:51:20.152326,C-Scheme,467.3,4.42,0.088
2026-09-18 20:51:20.152326,C-Scheme,453.3,5.0,0.405
2026-09-18 21:51:20.152326,C-Scheme,416.9,5.26,0.045
2026-09-18 22:51:20.152326,C-Scheme,322.0,4.21,0.328
2026-09-18 23:51:20.152326,C-Scheme,374.4,4.1,0.087
2026-09-19 00:51:20.152326,C-Scheme,362.7,4.14,0.413
2026-09-19 01:51:20.152326,C-Scheme,371.1,4.27,0.074
2026-09-19 02:51:20.152326,C-Scheme,345.2,4.2,0.027
2026-09-19 03:51:20.152326,C-Scheme,354.5,4.38,0.372
2026-09-19 04:51:20.152326,C-Scheme,391.3,4.58,0.092
2026-09-19 05:51:20.152326,C-Scheme,335.6,4.63,0.086
2026-09-19 06:51:20.152326,C-Scheme,470.8,4.39,0.147
2026-09-19 07:51:20.152326,C-Scheme,550.3,4.64,0.053
2026-09-19 08:51:20.152326,C-Scheme,506.1,4.32,0.015
2026-09-19 09:51:20.152326,C-Scheme,458.3,3.92,0.323
2026-09-19 10:51:20.152326,C-Scheme,366.4,4.64,0.308
2026-09-19 11:51:20.152326,C-Scheme,360.0,4.17,0.149
2026-09-19 12:51:20.152326,C-Scheme,370.0,3.82,0.058
2026-09-19 13:51:20.152326,C-Scheme,387.9,4.32,0.021
2026-09-19 14:51:20.152326,C-Scheme,327.1,4.53,0.02
2026-09-19 15:51:20.152326,C-Scheme,371.9,4.37,0.332
2026-09-19 16:51:20.152326,C-Scheme,331.0,5.18,0.239
2026-09-19 17:51:20.152326,C-Scheme,320.0,4.42,0.072
2026-09-19 18:51:20.152326,C-Scheme,421.6,4.27,0.171
2026-09-19 19:51:20.152326,C-Scheme,521.2,4.66,0.034
2026-09-19 20:51:20.152326,C-Scheme,514.8,4.13,0.256
2026-09-19 21:51:20.152326,C-Scheme,440.0,4.71,0.049
2026-09-19 22:51:20.152326,C-Scheme,348.0,4.09,0.037
2026-09-19 23:51:20.152326,C-Scheme,342.5,4.37,0.126
2026-09-20 00:51:20.152326,C-Scheme,352.2,4.79,0.144
2026-09-20 01:51:20.152326,C-Scheme,388.4,3.9,0.062
2026-09-20 02:51:20.152326,C-Scheme,338.5,4.98,0.132
2026-09-20 03:51:20.152326,C-Scheme,347.3,4.47,0.151
2026-09-20 04:51:20.152326,C-Scheme,380.3,4.46,0.239
2026-09-20 05:51:20.152326,C-Scheme,385.9,4.53,0.352
2026-09-20 06:51:20.152326,C-Scheme,483.4,4.14,0.184
2026-09-20 07:51:20.152326,C-Scheme,457.1,4.62,0.092
2026-09-20 08:51:20.152326,C-Scheme,453.2,4.29,0.166
2026-09-20 09:51:20.152326,C-Scheme,476.7,4.46,0.415
2026-09-20 10:51:20.152326,C-Scheme,338.8,4.02,0.204
2026-09-20 11:51:20.152326,C-Scheme,378.5,4.62,0.226
2026-09-20 12:51:20.152326,C-Scheme,383.2,4.99,0.154
2026-09-20 13:51:20.152326,C-Scheme,385.9,4.96,0.351
2026-09-20 14:51:20.152326,C-Scheme,317.0,4.75,0.205
2026-09-20 15:51:20.152326,C-Scheme,342.2,4.25,0.171
2026-09-20 16:51:20.152326,C-Scheme,345.4,4.28,0.312
2026-09-20 17:51:20.152326,C-Scheme,305.1,5.49,0.235
2026-09-20 18:51:20.152326,C-Scheme,533.2,4.37,0.084
2026-09-20 19:51:20.152326,C-Scheme,477.6,4.71,0.272
2026-09-20 20:51:20.152326,C-Scheme,438.9,4.51,0.001
2026-09-20 21:51:20.152326,C-Scheme,456.0,4.53,0.19
2026-09-20 22:51:20.152326,C-Scheme,358.2,4.7,0.003
2026-09-20 23:51:20.152326,C-Scheme,341.0,4.72,0.038
2026-09-21 00:51:20.152326,C-Scheme,297.4,4.39,0.103
2026-09-21 01:51:20.152326,C-Scheme,344.6,3.88,0.202
2026-09-21 02:51:20.152326,C-Scheme,347.9,4.15,0.21
2026-09-21 03:51:20.152326,C-Scheme,369.8,4.47,0.006
2026-09-21 04:51:20.152326,C-Scheme,333.0,4.62,0.01
2026-09-21 05:51:20.152326,C-Scheme,367.4,4.56,0.084
2026-09-21 06:51:20.152326,C-Scheme,450.8,5.06,0.069
2026-09-21 07:51:20.152326,C-Scheme,468.7,4.33,0.163
2026-09-21 08:51:20.152326,C-Scheme,478.2,4.52,0.128
2026-09-21 09:51:20.152326,C-Scheme,492.8,4.33,0.134
2026-09-21 10:51:20.152326,C-Scheme,325.9,4.43,0.378
2026-09-21 11:51:20.152326,C-Scheme,351.7,4.87,0.013
2026-09-21 12:51:20.152326,C-Scheme,369.8,4.78,0.037
2026-09-21 13:51:20.152326,C-Scheme,412.2,4.71,0.557
2026-09-21 14:51:20.152326,C-Scheme,342.8,3.9,0.011
2026-09-21 15:51:20.152326,C-Scheme,341.7,4.61,0.12
2026-09-21 16:51:20.152326,C-Scheme,360.8,4.38,0.176
2026-09-21 17:51:20.152326,C-Scheme,334.5,4.12,0.357
2026-09-21 18:51:20.152326,C-Scheme,442.8,4.45,0.256
2026-09-21 19:51:20.152326,C-Scheme,454.8,4.45,0.077
2026-09-21 20:51:20.152326,C-Scheme,450.5,5.1,0.133
2026-09-21 21:51:20.152326,C-Scheme,496.8,3.94,0.12
2026-09-21 22:51:20.152326,C-Scheme,328.6,4.94,0.091
2026-09-21 23:51:20.152326,C-Scheme,362.1,4.78,0.097
2026-09-22 00:51:20.152326,C-Scheme,378.7,4.62,0.071
2026-09-22 01:51:20.152326,C-Scheme,372.1,4.69,0.201
2026-09-22 02:51:20.152326,C-Scheme,373.9,4.69,0.139
2026-09-22 03:51:20.152326,C-Scheme,354.9,4.0,0.332
2026-09-22 04:51:20.152326,C-Scheme,359.3,4.4,0.235
2026-09-22 05:51:20.152326,C-Scheme,347.5,3.96,0.268
2026-09-22 06:51:20.152326,C-Scheme,467.0,4.86,0.172
2026-09-22 07:51:20.152326,C-Scheme,504.7,3.93,0.504
2026-09-22 08:51:20.152326,C-Scheme,496.1,4.17,0.068
2026-09-22 09:51:20.152326,C-Scheme,503.7,4.67,0.294
2026-09-22 10:51:20.152326,C-Scheme,309.8,4.62,0.356
2026-09-22 11:51:20.152326,C-Scheme,343.7,4.14,0.074
2026-09-22 12:51:20.152326,C-Scheme,374.6,4.41,0.205
2026-09-22 13:51:20.152326,C-Scheme,347.3,4.44,0.467
2026-09-22 14:51:20.152326,C-Scheme,361.3,4.49,0.039
2026-09-22 15:51:20.152326,C-Scheme,348.4,4.6,0.137
2026-09-22 16:51:20.152326,C-Scheme,363.0,4.92,0.072
2026-09-22 17:51:20.152326,C-Scheme,352.8,4.05,0.14
2026-09-22 18:51:20.152326,C-Scheme,458.6,4.77,0.053
2026-09-22 19:51:20.152326,C-Scheme,436.6,4.79,0.25
2026-09-22 20:51:20.152326,C-Scheme,433.0,4.7,0.09
2026-09-22 21:51:20.152326,C-Scheme,472.8,4.66,0.441
2026-09-22 22:51:20.152326,C-Scheme,293.4,3.94,0.253
2026-09-22 23:51:20.152326,C-Scheme,355.5,4.93,0.251
2026-09-23 00:51:20.152326,C-Scheme,360.6,4.74,0.284
2026-09-23 01:51:20.152326,C-Scheme,329.4,4.83,0.057
2026-09-23 02:51:20.152326,C-Scheme,330.8,4.03,0.147
2026-09-23 03:51:20.152326,C-Scheme,376.3,4.51,0.299
2026-09-23 04:51:20.152326,C-Scheme,354.4,4.77,0.06
2026-09-23 05:51:20.152326,C-Scheme,338.3,4.13,0.209
2026-09-23 06:51:20.152326,C-Scheme,538.7,4.88,0.321
2026-09-23 07:51:20.152326,C-Scheme,498.4,4.34,0.05
2026-09-23 08:51:20.152326,C-Scheme,482.1,3.89,0.046
2026-09-23 09:51:20.152326,C-Scheme,513.5,4.9,0.52
2026-09-23 10:51:20.152326,C-Scheme,356.9,4.69,0.217
2026-09-23 11:51:20.152326,C-Scheme,348.6,4.9,0.094
2026-09-23 12:51:20.152326,C-Scheme,356.9,4.85,0.013
2026-09-23 13:51:20.152326,C-Scheme,327.6,3.99,0.297
2026-09-23 14:51:20.152326,C-Scheme,405.6,4.16,0.407
2026-09-23 15:51:20.152326,C-Scheme,355.8,4.74,0.263
2026-09-23 16:51:20.152326,C-Scheme,389.0,4.43,0.051
2026-09-23 17:51:20.152326,C-Scheme,306.5,4.47,0.092
2026-09-23 18:51:20.152326,C-Scheme,487.4,4.49,0.037
2026-09-23 19:51:20.152326,C-Scheme,451.6,4.34,0.322
2026-09-23 20:51:20.152326,C-Scheme,469.9,4.9,0.017
2026-09-23 21:51:20.152326,C-Scheme,463.0,4.36,0.278
2026-09-23 22:51:20.152326,C-Scheme,342.5,4.2,0.117
2026-09-23 23:51:20.152326,C-Scheme,364.3,4.71,0.089
2026-09-24 00:51:20.152326,C-Scheme,308.8,4.68,0.325
2026-09-24 01:51:20.152326,C-Scheme,311.6,4.09,0.008
2026-09-24 02:51:20.152326,C-Scheme,364.7,3.94,0.161
2026-09-24 03:51:20.152326,C-Scheme,368.6,3.98,0.026
2026-09-24 04:51:20.152326,C-Scheme,344.6,4.49,0.352
2026-09-24 05:51:20.152326,C-Scheme,363.7,4.36,0.153
2026-09-24 06:51:20.152326,C-Scheme,453.8,4.3,0.04
2026-09-24 07:51:20.152326,C-Scheme,536.8,4.34,0.019
2026-09-24 08:51:20.152326,C-Scheme,503.2,4.45,0.182
2026-09-24 09:51:20.152326,C-Scheme,508.4,4.7,0.129
2026-09-24 10:51:20.152326,C-Scheme,326.2,4.82,0.079
2026-09-24 11:51:20.152326,C-Scheme,345.2,4.29,0.432
2026-09-24 12:51:20.152326,C-Scheme,335.0,5.0,0.088
2026-09-24 13:51:20.152326,C-Scheme,361.8,4.63,0.385
2026-09-24 14:51:20.152326,C-Scheme,314.7,4.43,0.169
2026-09-24 15:51:20.152326,C-Scheme,317.5,4.59,0.123
2026-09-24 16:51:20.152326,C-Scheme,278.6,4.47,0.101
2026-09-24 17:51:20.152326,C-Scheme,333.6,4.61,0.039
2026-09-24 18:51:20.152326,C-Scheme,434.8,4.94,0.212
2026-09-24 19:51:20.152326,C-Scheme,437.3,4.69,0.088
2026-09-24 20:51:20.152326,C-Scheme,465.1,4.39,0.311
2026-09-24 21:51:20.152326,C-Scheme,496.3,4.12,0.143
2026-06-26 22:51:20.152326,Vaishali Nagar,620.3,5.03,0.003
2026-06-26 23:51:20.152326,Vaishali Nagar,670.2,5.04,0.266
2026-06-27 00:51:20.152326,Vaishali Nagar,531.8,4.45,0.307
2026-06-27 01:51:20.152326,Vaishali Nagar,596.4,4.02,0.002
2026-06-27 02:51:20.152326,Vaishali Nagar,602.6,4.74,0.375
2026-06-27 03:51:20.152326,Vaishali Nagar,595.1,4.62,0.086
2026-06-27 04:51:20.152326,Vaishali Nagar,665.1,4.69,0.095
2026-06-27 05:51:20.152326,Vaishali Nagar,533.6,4.15,0.036
2026-06-27 06:51:20.152326,Vaishali Nagar,846.6,4.88,0.186
2026-06-27 07:51:20.152326,Vaishali Nagar,740.7,4.88,0.159
2026-06-27 08:51:20.152326,Vaishali Nagar,880.6,4.5,0.166
2026-06-27 09:51:20.152326,Vaishali Nagar,801.5,4.33,0.098
2026-06-27 10:51:20.152326,Vaishali Nagar,643.9,4.86,0.031
2026-06-27 11:51:20.152326,Vaishali Nagar,631.8,4.58,0.229
2026-06-27 12:51:20.152326,Vaishali Nagar,559.6,4.49,0.103
2026-06-27 13:51:20.152326,Vaishali Nagar,575.6,4.49,0.042
2026-06-27 14:51:20.152326,Vaishali Nagar,592.2,4.51,0.003
2026-06-27 15:51:20.152326,Vaishali Nagar,582.6,4.7,0.192
2026-06-27 16:51:20.152326,Vaishali Nagar,567.4,4.83,0.26
2026-06-27 17:51:20.152326,Vaishali Nagar,538.9,4.96,0.092
2026-06-27 18:51:20.152326,Vaishali Nagar,779.6,4.52,0.241
2026-06-27 19:51:20.152326,Vaishali Nagar,756.0,3.78,0.09
2026-06-27 20:51:20.152326,Vaishali Nagar,754.4,4.56,0.054
2026-06-27 21:51:20.152326,Vaishali Nagar,853.0,4.38,0.025
2026-06-27 22:51:20.152326,Vaishali Nagar,631.2,4.36,0.102
2026-06-27 23:51:20.152326,Vaishali Nagar,657.3,4.32,0.044
2026-06-28 00:51:20.152326,Vaishali Nagar,592.1,4.53,0.433
2026-06-28 01:51:20.152326,Vaishali Nagar,672.0,4.54,0.148
2026-06-28 02:51:20.152326,Vaishali Nagar,539.6,4.15,0.159
2026-06-28 03:51:20.152326,Vaishali Nagar,622.9,4.49,0.202
2026-06-28 04:51:20.152326,Vaishali Nagar,590.2,4.64,0.025
2026-06-28 05:51:20.152326,Vaishali Nagar,594.8,4.28,0.219
2026-06-28 06:51:20.152326,Vaishali Nagar,838.4,4.5,0.161
2026-06-28 07:51:20.152326,Vaishali Nagar,818.7,4.46,0.348
2026-06-28 08:51:20.152326,Vaishali Nagar,822.9,4.52,0.272
2026-06-28 09:51:20.152326,Vaishali Nagar,892.9,3.84,0.046
2026-06-28 10:51:20.152326,Vaishali Nagar,684.1,4.29,0.423
2026-06-28 11:51:20.152326,Vaishali Nagar,617.4,4.05,0.12
2026-06-28 12:51:20.152326,Vaishali Nagar,637.8,4.7,0.008
2026-06-28 13:51:20.152326,Vaishali Nagar,587.9,4.7,0.108
2026-06-28 14:51:20.152326,Vaishali Nagar,580.5,3.62,0.686
2026-06-28 15:51:20.152326,Vaishali Nagar,590.4,5.32,0.068
2026-06-28 16:51:20.152326,Vaishali Nagar,567.6,4.11,0.209
2026-06-28 17:51:20.152326,Vaishali Nagar,577.6,4.19,0.069
2026-06-28 18:51:20.152326,Vaishali Nagar,749.0,4.58,0.004
2026-06-28 19:51:20.152326,Vaishali Nagar,701.4,4.5,0.062
2026-06-28 20:51:20.152326,Vaishali Nagar,858.0,4.42,0.138
2026-06-28 21:51:20.152326,Vaishali Nagar,867.8,4.21,0.055
2026-06-28 22:51:20.152326,Vaishali Nagar,638.3,4.83,0.063
2026-06-28 23:51:20.152326,Vaishali Nagar,566.0,4.63,0.277
2026-06-29 00:51:20.152326,Vaishali Nagar,603.5,4.95,0.214
2026-06-29 01:51:20.152326,Vaishali Nagar,591.2,4.35,0.118
2026-06-29 02:51:20.152326,Vaishali Nagar,567.5,4.51,0.133
2026-06-29 03:51:20.152326,Vaishali Nagar,604.3,4.88,0.016
2026-06-29 04:51:20.152326,Vaishali Nagar,680.4,4.7,0.307
2026-06-29 05:51:20.152326,Vaishali Nagar,556.9,4.46,0.058
2026-06-29 06:51:20.152326,Vaishali Nagar,779.5,4.32,0.262
2026-06-29 07:51:20.152326,Vaishali Nagar,948.2,4.22,0.051
2026-06-29 08:51:20.152326,Vaishali Nagar,771.0,4.3,0.118
2026-06-29 09:51:20.152326,Vaishali Nagar,900.7,4.51,0.392
2026-06-29 10:51:20.152326,Vaishali Nagar,578.8,4.41,0.135
2026-06-29 11:51:20.152326,Vaishali Nagar,614.1,4.13,0.164
2026-06-29 12:51:20.152326,Vaishali Nagar,618.0,4.56,0.009
2026-06-29 13:51:20.152326,Vaishali Nagar,608.7,5.01,0.228
2026-06-29 14:51:20.152326,Vaishali Nagar,583.5,4.2,0.024
2026-06-29 15:51:20.152326,Vaishali Nagar,574.2,4.22,0.223
2026-06-29 16:51:20.152326,Vaishali Nagar,591.7,4.92,0.26
2026-06-29 17:51:20.152326,Vaishali Nagar,583.5,3.7,0.071
2026-06-29 18:51:20.152326,Vaishali Nagar,735.7,4.77,0.042
2026-06-29 19:51:20.152326,Vaishali Nagar,780.4,4.57,0.331
2026-06-29 20:51:20.152326,Vaishali Nagar,825.2,4.05,0.097
2026-06-29 21:51:20.152326,Vaishali Nagar,704.4,3.98,0.183
2026-06-29 22:51:20.152326,Vaishali Nagar,607.0,4.52,0.316
2026-06-29 23:51:20.152326,Vaishali Nagar,593.9,4.46,0.148
2026-06-30 00:51:20.152326,Vaishali Nagar,599.8,4.18,0.263
2026-06-30 01:51:20.152326,Vaishali Nagar,573.0,4.62,0.06
2026-06-30 02:51:20.152326,Vaishali Nagar,628.6,4.98,0.083
2026-06-30 03:51:20.152326,Vaishali Nagar,523.2,4.05,0.359
2026-06-30 04:51:20.152326,Vaishali Nagar,568.9,4.5,0.027
2026-06-30 05:51:20.152326,Vaishali Nagar,579.5,4.75,0.155
2026-06-30 06:51:20.152326,Vaishali Nagar,901.5,4.14,0.143
2026-06-30 07:51:20.152326,Vaishali Nagar,846.4,4.6,0.061
2026-06-30 08:51:20.152326,Vaishali Nagar,899.9,4.21,0.068
2026-06-30 09:51:20.152326,Vaishali Nagar,889.6,3.77,0.163
2026-06-30 10:51:20.152326,Vaishali Nagar,617.7,4.8,0.057
2026-06-30 11:51:20.152326,Vaishali Nagar,529.9,4.9,0.078
2026-06-30 12:51:20.152326,Vaishali Nagar,606.8,4.91,0.109
2026-06-30 13:51:20.152326,Vaishali Nagar,614.2,4.58,0.075
2026-06-30 14:51:20.152326,Vaishali Nagar,617.1,4.39,0.068
2026-06-30 15:51:20.152326,Vaishali Nagar,492.6,4.98,0.253
2026-06-30 16:51:20.152326,Vaishali Nagar,598.8,4.86,0.205
2026-06-30 17:51:20.152326,Vaishali Nagar,592.3,4.87,0.19
2026-06-30 18:51:20.152326,Vaishali Nagar,923.8,4.41,0.019
2026-06-30 19:51:20.152326,Vaishali Nagar,780.3,4.54,0.454
2026-06-30 20:51:20.152326,Vaishali Nagar,820.1,4.43,0.077
2026-06-30 21:51:20.152326,Vaishali Nagar,718.2,4.0,0.314
2026-06-30 22:51:20.152326,Vaishali Nagar,619.2,4.64,0.16
2026-06-30 23:51:20.152326,Vaishali Nagar,659.6,4.11,0.196
2026-07-01 00:51:20.152326,Vaishali Nagar,605.1,5.1,0.16
2026-07-01 01:51:20.152326,Vaishali Nagar,579.4,4.58,0.305
2026-07-01 02:51:20.152326,Vaishali Nagar,588.0,4.12,0.407
2026-07-01 03:51:20.152326,Vaishali Nagar,542.3,4.62,0.169
2026-07-01 04:51:20.152326,Vaishali Nagar,685.1,4.75,0.124
2026-07-01 05:51:20.152326,Vaishali Nagar,628.9,4.39,0.095
2026-07-01 06:51:20.152326,Vaishali Nagar,876.6,4.22,0.085
2026-07-01 07:51:20.152326,Vaishali Nagar,734.6,4.34,0.085
2026-07-01 08:51:20.152326,Vaishali Nagar,920.8,4.3,0.14
2026-07-01 09:51:20.152326,Vaishali Nagar,889.7,4.53,0.065
2026-07-01 10:51:20.152326,Vaishali Nagar,596.1,4.58,0.081
2026-07-01 11:51:20.152326,Vaishali Nagar,703.0,4.72,0.166
2026-07-01 12:51:20.152326,Vaishali Nagar,661.6,4.33,0.235
2026-07-01 13:51:20.152326,Vaishali Nagar,583.2,4.61,0.236
2026-07-01 14:51:20.152326,Vaishali Nagar,554.6,4.67,0.029
2026-07-01 15:51:20.152326,Vaishali Nagar,622.2,4.58,0.069
2026-07-01 16:51:20.152326,Vaishali Nagar,637.4,4.29,0.218
2026-07-01 17:51:20.152326,Vaishali Nagar,597.0,4.84,0.292
2026-07-01 18:51:20.152326,Vaishali Nagar,803.7,4.76,0.076
2026-07-01 19:51:20.152326,Vaishali Nagar,841.7,4.34,0.199
2026-07-01 20:51:20.152326,Vaishali Nagar,787.1,4.09,0.055
2026-07-01 21:51:20.152326,Vaishali Nagar,821.0,5.39,0.196
2026-07-01 22:51:20.152326,Vaishali Nagar,585.7,4.37,0.303
2026-07-01 23:51:20.152326,Vaishali Nagar,607.3,4.82,0.134
2026-07-02 00:51:20.152326,Vaishali Nagar,553.3,4.56,0.104
2026-07-02 01:51:20.152326,Vaishali Nagar,630.4,4.38,0.17
2026-07-02 02:51:20.152326,Vaishali Nagar,667.0,4.46,0.204
2026-07-02 03:51:20.152326,Vaishali Nagar,588.9,4.91,0.206
2026-07-02 04:51:20.152326,Vaishali Nagar,647.2,4.41,0.174
2026-07-02 05:51:20.152326,Vaishali Nagar,586.1,4.68,0.047
2026-07-02 06:51:20.152326,Vaishali Nagar,870.2,4.25,0.012
2026-07-02 07:51:20.152326,Vaishali Nagar,866.2,4.33,0.058
2026-07-02 08:51:20.152326,Vaishali Nagar,908.2,3.93,0.16
2026-07-02 09:51:20.152326,Vaishali Nagar,950.7,4.45,0.144
2026-07-02 10:51:20.152326,Vaishali Nagar,634.2,4.11,0.344
2026-07-02 11:51:20.152326,Vaishali Nagar,541.2,4.84,0.073
2026-07-02 12:51:20.152326,Vaishali Nagar,642.1,4.33,0.065
2026-07-02 13:51:20.152326,Vaishali Nagar,610.1,4.3,0.042
2026-07-02 14:51:20.152326,Vaishali Nagar,583.7,4.52,0.045
2026-07-02 15:51:20.152326,Vaishali Nagar,550.0,4.74,0.007
2026-07-02 16:51:20.152326,Vaishali Nagar,550.5,4.6,0.082
2026-07-02 17:51:20.152326,Vaishali Nagar,561.2,4.34,0.076
2026-07-02 18:51:20.152326,Vaishali Nagar,805.9,4.89,0.163
2026-07-02 19:51:20.152326,Vaishali Nagar,757.3,4.5,0.513
2026-07-02 20:51:20.152326,Vaishali Nagar,754.0,4.35,0.37
2026-07-02 21:51:20.152326,Vaishali Nagar,760.1,4.45,0.362
2026-07-02 22:51:20.152326,Vaishali Nagar,631.0,4.34,0.006
2026-07-02 23:51:20.152326,Vaishali Nagar,545.5,4.62,0.348
2026-07-03 00:51:20.152326,Vaishali Nagar,653.2,4.36,0.092
2026-07-03 01:51:20.152326,Vaishali Nagar,613.7,4.18,0.174
2026-07-03 02:51:20.152326,Vaishali Nagar,598.9,4.69,0.075
2026-07-03 03:51:20.152326,Vaishali Nagar,575.0,4.55,0.294
2026-07-03 04:51:20.152326,Vaishali Nagar,579.6,4.41,0.108
2026-07-03 05:51:20.152326,Vaishali Nagar,617.3,4.42,0.093
2026-07-03 06:51:20.152326,Vaishali Nagar,972.9,4.3,0.097
2026-07-03 07:51:20.152326,Vaishali Nagar,810.1,4.66,0.143
2026-07-03 08:51:20.152326,Vaishali Nagar,952.2,4.51,0.19
2026-07-03 09:51:20.152326,Vaishali Nagar,810.1,4.75,0.303
2026-07-03 10:51:20.152326,Vaishali Nagar,592.4,4.17,0.119
2026-07-03 11:51:20.152326,Vaishali Nagar,587.4,4.42,0.074
2026-07-03 12:51:20.152326,Vaishali Nagar,696.1,4.18,0.034
2026-07-03 13:51:20.152326,Vaishali Nagar,664.2,5.0,0.175
2026-07-03 14:51:20.152326,Vaishali Nagar,471.9,4.67,0.151
2026-07-03 15:51:20.152326,Vaishali Nagar,573.6,5.43,0.049
2026-07-03 16:51:20.152326,Vaishali Nagar,691.9,4.89,0.195
2026-07-03 17:51:20.152326,Vaishali Nagar,621.2,4.41,0.07
2026-07-03 18:51:20.152326,Vaishali Nagar,759.0,4.97,0.041
2026-07-03 19:51:20.152326,Vaishali Nagar,794.5,4.82,0.06
2026-07-03 20:51:20.152326,Vaishali Nagar,682.4,4.12,0.286
2026-07-03 21:51:20.152326,Vaishali Nagar,903.8,4.25,0.116
2026-07-03 22:51:20.152326,Vaishali Nagar,564.7,4.33,0.035
2026-07-03 23:51:20.152326,Vaishali Nagar,600.5,4.75,0.209
2026-07-04 00:51:20.152326,Vaishali Nagar,563.8,4.13,0.072
2026-07-04 01:51:20.152326,Vaishali Nagar,599.7,4.98,0.058
2026-07-04 02:51:20.152326,Vaishali Nagar,579.2,4.33,0.142
2026-07-04 03:51:20.152326,Vaishali Nagar,629.6,4.25,0.174
2026-07-04 04:51:20.152326,Vaishali Nagar,611.0,5.11,0.248
2026-07-04 05:51:20.152326,Vaishali Nagar,685.1,4.41,0.376
2026-07-04 06:51:20.152326,Vaishali Nagar,797.2,4.54,0.172
2026-07-04 07:51:20.152326,Vaishali Nagar,730.8,4.34,0.119
2026-07-04 08:51:20.152326,Vaishali Nagar,887.6,4.88,0.339
2026-07-04 09:51:20.152326,Vaishali Nagar,853.6,4.8,0.293
2026-07-04 10:51:20.152326,Vaishali Nagar,646.5,4.53,0.28
2026-07-04 11:51:20.152326,Vaishali Nagar,622.8,4.77,0.095
2026-07-04 12:51:20.152326,Vaishali Nagar,597.5,5.17,0.056
2026-07-04 13:51:20.152326,Vaishali Nagar,621.5,4.59,0.289
2026-07-04 14:51:20.152326,Vaishali Nagar,604.2,4.67,0.181
2026-07-04 15:51:20.152326,Vaishali Nagar,572.9,4.51,0.074
2026-07-04 16:51:20.152326,Vaishali Nagar,662.2,4.91,0.108
2026-07-04 17:51:20.152326,Vaishali Nagar,626.9,4.52,0.227
2026-07-04 18:51:20.152326,Vaishali Nagar,663.1,4.74,0.041
2026-07-04 19:51:20.152326,Vaishali Nagar,687.0,4.64,0.101
2026-07-04 20:51:20.152326,Vaishali Nagar,652.7,4.2,0.025
2026-07-04 21:51:20.152326,Vaishali Nagar,766.6,4.89,0.226
2026-07-04 22:51:20.152326,Vaishali Nagar,582.4,4.21,0.16
2026-07-04 23:51:20.152326,Vaishali Nagar,606.0,4.64,0.104
2026-07-05 00:51:20.152326,Vaishali Nagar,611.2,3.96,0.055
2026-07-05 01:51:20.152326,Vaishali Nagar,572.8,4.75,0.136
2026-07-05 02:51:20.152326,Vaishali Nagar,604.3,5.08,0.196
2026-07-05 03:51:20.152326,Vaishali Nagar,637.5,4.85,0.172
2026-07-05 04:51:20.152326,Vaishali Nagar,651.1,4.44,0.15
2026-07-05 05:51:20.152326,Vaishali Nagar,639.8,4.54,0.169
2026-07-05 06:51:20.152326,Vaishali Nagar,919.3,4.5,0.139
2026-07-05 07:51:20.152326,Vaishali Nagar,861.2,4.67,0.156
2026-07-05 08:51:20.152326,Vaishali Nagar,964.8,4.31,0.241
2026-07-05 09:51:20.152326,Vaishali Nagar,835.1,4.29,0.057
2026-07-05 10:51:20.152326,Vaishali Nagar,629.6,4.56,0.236
2026-07-05 11:51:20.152326,Vaishali Nagar,595.9,4.62,0.08
2026-07-05 12:51:20.152326,Vaishali Nagar,571.9,5.0,0.213
2026-07-05 13:51:20.152326,Vaishali Nagar,550.7,4.53,0.063
2026-07-05 14:51:20.152326,Vaishali Nagar,614.9,5.01,0.104
2026-07-05 15:51:20.152326,Vaishali Nagar,555.1,4.71,0.058
2026-07-05 16:51:20.152326,Vaishali Nagar,627.5,4.43,0.1
2026-07-05 17:51:20.152326,Vaishali Nagar,592.3,4.63,0.174
2026-07-05 18:51:20.152326,Vaishali Nagar,734.0,4.91,0.133
2026-07-05 19:51:20.152326,Vaishali Nagar,744.0,4.44,0.017
2026-07-05 20:51:20.152326,Vaishali Nagar,763.6,4.43,0.3
2026-07-05 21:51:20.152326,Vaishali Nagar,753.5,4.84,0.042
2026-07-05 22:51:20.152326,Vaishali Nagar,639.7,4.5,0.204
2026-07-05 23:51:20.152326,Vaishali Nagar,539.1,4.83,0.073
2026-07-06 00:51:20.152326,Vaishali Nagar,579.7,4.77,0.287
2026-07-06 01:51:20.152326,Vaishali Nagar,587.9,3.89,0.112
2026-07-06 02:51:20.152326,Vaishali Nagar,574.2,4.72,0.27
2026-07-06 03:51:20.152326,Vaishali Nagar,682.5,4.25,0.026
2026-07-06 04:51:20.152326,Vaishali Nagar,623.0,4.57,0.211
2026-07-06 05:51:20.152326,Vaishali Nagar,638.3,3.98,0.056
2026-07-06 06:51:20.152326,Vaishali Nagar,919.7,4.27,0.2
2026-07-06 07:51:20.152326,Vaishali Nagar,848.0,4.41,0.2
2026-07-06 08:51:20.152326,Vaishali Nagar,804.9,4.8,0.126
2026-07-06 09:51:20.152326,Vaishali Nagar,804.9,4.65,0.066
2026-07-06 10:51:20.152326,Vaishali Nagar,577.4,4.35,0.141
2026-07-06 11:51:20.152326,Vaishali Nagar,554.7,4.93,0.069
2026-07-06 12:51:20.152326,Vaishali Nagar,612.0,4.53,0.046
2026-07-06 13:51:20.152326,Vaishali Nagar,544.1,4.39,0.146
2026-07-06 14:51:20.152326,Vaishali Nagar,589.6,4.75,0.121
2026-07-06 15:51:20.152326,Vaishali Nagar,603.8,4.66,0.115
2026-07-06 16:51:20.152326,Vaishali Nagar,656.0,5.27,0.281
2026-07-06 17:51:20.152326,Vaishali Nagar,529.7,4.86,0.063
2026-07-06 18:51:20.152326,Vaishali Nagar,922.5,4.55,0.019
2026-07-06 19:51:20.152326,Vaishali Nagar,742.3,4.35,0.08
2026-07-06 20:51:20.152326,Vaishali Nagar,653.5,4.67,0.229
2026-07-06 21:51:20.152326,Vaishali Nagar,790.1,4.88,0.129
2026-07-06 22:51:20.152326,Vaishali Nagar,651.8,4.59,0.245
2026-07-06 23:51:20.152326,Vaishali Nagar,597.5,4.57,0.339
2026-07-07 00:51:20.152326,Vaishali Nagar,652.6,4.76,0.154
2026-07-07 01:51:20.152326,Vaishali Nagar,612.6,5.05,0.097
2026-07-07 02:51:20.152326,Vaishali Nagar,675.6,4.31,0.069
2026-07-07 03:51:20.152326,Vaishali Nagar,671.3,4.59,0.194
2026-07-07 04:51:20.152326,Vaishali Nagar,623.7,4.79,0.186
2026-07-07 05:51:20.152326,Vaishali Nagar,585.2,4.74,0.083
2026-07-07 06:51:20.152326,Vaishali Nagar,791.0,4.37,0.042
2026-07-07 07:51:20.152326,Vaishali Nagar,731.2,4.56,0.065
2026-07-07 08:51:20.152326,Vaishali Nagar,842.2,4.34,0.073
2026-07-07 09:51:20.152326,Vaishali Nagar,876.5,4.6,0.107
2026-07-07 10:51:20.152326,Vaishali Nagar,502.9,4.21,0.148
2026-07-07 11:51:20.152326,Vaishali Nagar,644.4,4.26,0.18
2026-07-07 12:51:20.152326,Vaishali Nagar,621.6,4.77,0.046
2026-07-07 13:51:20.152326,Vaishali Nagar,621.8,4.3,0.066
2026-07-07 14:51:20.152326,Vaishali Nagar,631.6,4.44,0.252
2026-07-07 15:51:20.152326,Vaishali Nagar,528.9,4.22,0.061
2026-07-07 16:51:20.152326,Vaishali Nagar,650.6,4.73,0.199
2026-07-07 17:51:20.152326,Vaishali Nagar,645.2,5.09,0.076
2026-07-07 18:51:20.152326,Vaishali Nagar,761.8,4.77,0.096
2026-07-07 19:51:20.152326,Vaishali Nagar,817.3,4.73,0.319
2026-07-07 20:51:20.152326,Vaishali Nagar,909.3,5.0,0.091
2026-07-07 21:51:20.152326,Vaishali Nagar,784.9,4.55,0.195
2026-07-07 22:51:20.152326,Vaishali Nagar,626.7,4.88,0.024
2026-07-07 23:51:20.152326,Vaishali Nagar,582.2,4.57,0.029
2026-07-08 00:51:20.152326,Vaishali Nagar,582.4,4.92,0.069
2026-07-08 01:51:20.152326,Vaishali Nagar,644.8,3.98,0.421
2026-07-08 02:51:20.152326,Vaishali Nagar,624.0,4.92,0.112
2026-07-08 03:51:20.152326,Vaishali Nagar,551.0,4.73,0.097
2026-07-08 04:51:20.152326,Vaishali Nagar,626.7,4.48,0.031
2026-07-08 05:51:20.152326,Vaishali Nagar,534.4,5.09,0.224
2026-07-08 06:51:20.152326,Vaishali Nagar,868.1,4.46,0.061
2026-07-08 07:51:20.152326,Vaishali Nagar,931.3,4.8,0.08
2026-07-08 08:51:20.152326,Vaishali Nagar,808.1,4.85,0.078
2026-07-08 09:51:20.152326,Vaishali Nagar,854.0,4.49,0.199
2026-07-08 10:51:20.152326,Vaishali Nagar,535.1,4.5,0.221
2026-07-08 11:51:20.152326,Vaishali Nagar,578.6,4.94,0.042
2026-07-08 12:51:20.152326,Vaishali Nagar,632.9,4.75,0.352
2026-07-08 13:51:20.152326,Vaishali Nagar,592.6,4.67,0.133
2026-07-08 14:51:20.152326,Vaishali Nagar,586.3,4.66,0.108
2026-07-08 15:51:20.152326,Vaishali Nagar,663.0,4.99,0.345
2026-07-08 16:51:20.152326,Vaishali Nagar,679.2,4.21,0.072
2026-07-08 17:51:20.152326,Vaishali Nagar,547.0,4.51,0.33
2026-07-08 18:51:20.152326,Vaishali Nagar,704.2,5.06,0.019
2026-07-08 19:51:20.152326,Vaishali Nagar,658.7,4.51,0.088
2026-07-08 20:51:20.152326,Vaishali Nagar,783.1,4.5,0.289
2026-07-08 21:51:20.152326,Vaishali Nagar,847.0,4.4,0.073
2026-07-08 22:51:20.152326,Vaishali Nagar,576.5,4.57,0.119
2026-07-08 23:51:20.152326,Vaishali Nagar,589.4,5.0,0.092
2026-07-09 00:51:20.152326,Vaishali Nagar,621.0,4.17,0.059
2026-07-09 01:51:20.152326,Vaishali Nagar,575.1,4.35,0.005
2026-07-09 02:51:20.152326,Vaishali Nagar,635.1,4.43,0.094
2026-07-09 03:51:20.152326,Vaishali Nagar,574.6,4.75,0.318
2026-07-09 04:51:20.152326,Vaishali Nagar,623.4,4.88,0.082
2026-07-09 05:51:20.152326,Vaishali Nagar,609.1,4.14,0.042
2026-07-09 06:51:20.152326,Vaishali Nagar,741.2,4.71,0.335
2026-07-09 07:51:20.152326,Vaishali Nagar,795.0,4.81,0.25
2026-07-09 08:51:20.152326,Vaishali Nagar,840.9,4.71,0.089
2026-07-09 09:51:20.152326,Vaishali Nagar,818.5,4.48,0.175
2026-07-09 10:51:20.152326,Vaishali Nagar,644.8,5.33,0.075
2026-07-09 11:51:20.152326,Vaishali Nagar,574.2,4.23,0.036
2026-07-09 12:51:20.152326,Vaishali Nagar,588.2,5.05,0.218
2026-07-09 13:51:20.152326,Vaishali Nagar,562.0,4.69,0.111
2026-07-09 14:51:20.152326,Vaishali Nagar,627.0,4.18,0.359
2026-07-09 15:51:20.152326,Vaishali Nagar,538.2,3.98,0.147
2026-07-09 16:51:20.152326,Vaishali Nagar,558.1,4.55,0.107
2026-07-09 17:51:20.152326,Vaishali Nagar,594.9,4.07,0.138
2026-07-09 18:51:20.152326,Vaishali Nagar,780.4,4.17,0.007
2026-07-09 19:51:20.152326,Vaishali Nagar,836.8,4.62,0.194
2026-07-09 20:51:20.152326,Vaishali Nagar,812.7,4.86,0.227
2026-07-09 21:51:20.152326,Vaishali Nagar,674.9,4.47,0.192
2026-07-09 22:51:20.152326,Vaishali Nagar,633.0,4.79,0.25
2026-07-09 23:51:20.152326,Vaishali Nagar,532.7,4.14,0.095
2026-07-10 00:51:20.152326,Vaishali Nagar,578.1,4.42,0.046
2026-07-10 01:51:20.152326,Vaishali Nagar,605.7,4.94,0.262
2026-07-10 02:51:20.152326,Vaishali Nagar,568.8,4.33,0.232
2026-07-10 03:51:20.152326,Vaishali Nagar,581.8,5.15,0.126
2026-07-10 04:51:20.152326,Vaishali Nagar,632.9,4.62,0.258
2026-07-10 05:51:20.152326,Vaishali Nagar,611.8,4.09,0.27
2026-07-10 06:51:20.152326,Vaishali Nagar,908.4,4.78,0.126
2026-07-10 07:51:20.152326,Vaishali Nagar,785.0,4.57,0.069
2026-07-10 08:51:20.152326,Vaishali Nagar,818.1,4.96,0.411
2026-07-10 09:51:20.152326,Vaishali Nagar,843.5,4.01,0.1
2026-07-10 10:51:20.152326,Vaishali Nagar,570.0,3.9,0.414
2026-07-10 11:51:20.152326,Vaishali Nagar,532.3,4.29,0.215
2026-07-10 12:51:20.152326,Vaishali Nagar,617.0,4.25,0.057
2026-07-10 13:51:20.152326,Vaishali Nagar,589.2,4.58,0.202
2026-07-10 14:51:20.152326,Vaishali Nagar,504.8,4.76,0.097
2026-07-10 15:51:20.152326,Vaishali Nagar,632.9,4.23,0.221
2026-07-10 16:51:20.152326,Vaishali Nagar,639.0,4.68,0.09
2026-07-10 17:51:20.152326,Vaishali Nagar,596.2,4.65,0.097
2026-07-10 18:51:20.152326,Vaishali Nagar,736.3,4.65,0.056
2026-07-10 19:51:20.152326,Vaishali Nagar,873.1,4.3,0.158
2026-07-10 20:51:20.152326,Vaishali Nagar,846.5,4.96,0.224
2026-07-10 21:51:20.152326,Vaishali Nagar,751.1,4.49,0.167
2026-07-10 22:51:20.152326,Vaishali Nagar,587.4,4.49,0.02
2026-07-10 23:51:20.152326,Vaishali Nagar,574.5,4.86,0.424
2026-07-11 00:51:20.152326,Vaishali Nagar,578.2,4.67,0.128
2026-07-11 01:51:20.152326,Vaishali Nagar,541.6,4.57,0.088
2026-07-11 02:51:20.152326,Vaishali Nagar,627.5,4.0,0.097
2026-07-11 03:51:20.152326,Vaishali Nagar,603.8,4.31,0.076
2026-07-11 04:51:20.152326,Vaishali Nagar,610.9,4.98,0.086
2026-07-11 05:51:20.152326,Vaishali Nagar,706.7,4.51,0.138
2026-07-11 06:51:20.152326,Vaishali Nagar,829.5,4.44,0.136
2026-07-11 07:51:20.152326,Vaishali Nagar,878.8,4.68,0.129
2026-07-11 08:51:20.152326,Vaishali Nagar,756.9,5.07,0.32
2026-07-11 09:51:20.152326,Vaishali Nagar,769.1,4.03,0.182
2026-07-11 10:51:20.152326,Vaishali Nagar,658.5,3.92,0.081
2026-07-11 11:51:20.152326,Vaishali Nagar,553.6,4.12,0.044
2026-07-11 12:51:20.152326,Vaishali Nagar,589.2,4.4,0.186
2026-07-11 13:51:20.152326,Vaishali Nagar,586.5,4.09,0.317
2026-07-11 14:51:20.152326,Vaishali Nagar,596.1,4.81,0.28
2026-07-11 15:51:20.152326,Vaishali Nagar,510.3,4.44,0.374
2026-07-11 16:51:20.152326,Vaishali Nagar,590.9,4.07,0.074
2026-07-11 17:51:20.152326,Vaishali Nagar,581.8,5.04,0.265
2026-07-11 18:51:20.152326,Vaishali Nagar,753.4,4.2,0.183
2026-07-11 19:51:20.152326,Vaishali Nagar,781.9,4.98,0.262
2026-07-11 20:51:20.152326,Vaishali Nagar,858.2,4.06,0.158
2026-07-11 21:51:20.152326,Vaishali Nagar,785.2,4.35,0.122
2026-07-11 22:51:20.152326,Vaishali Nagar,652.0,4.58,0.064
2026-07-11 23:51:20.152326,Vaishali Nagar,649.0,4.24,0.099
2026-07-12 00:51:20.152326,Vaishali Nagar,623.9,4.41,0.272
2026-07-12 01:51:20.152326,Vaishali Nagar,598.2,4.68,0.092
2026-07-12 02:51:20.152326,Vaishali Nagar,547.9,4.75,0.183
2026-07-12 03:51:20.152326,Vaishali Nagar,530.8,4.37,0.14
2026-07-12 04:51:20.152326,Vaishali Nagar,568.0,4.48,0.147
2026-07-12 05:51:20.152326,Vaishali Nagar,645.3,5.03,0.218
2026-07-12 06:51:20.152326,Vaishali Nagar,918.1,4.44,0.09
2026-07-12 07:51:20.152326,Vaishali Nagar,752.6,3.86,0.093
2026-07-12 08:51:20.152326,Vaishali Nagar,800.0,4.48,0.082
2026-07-12 09:51:20.152326,Vaishali Nagar,928.0,4.04,0.219
2026-07-12 10:51:20.152326,Vaishali Nagar,580.4,5.16,0.133
2026-07-12 11:51:20.152326,Vaishali Nagar,638.1,4.42,0.081
2026-07-12 12:51:20.152326,Vaishali Nagar,615.5,4.92,0.212
2026-07-12 13:51:20.152326,Vaishali Nagar,576.5,4.3,0.052
2026-07-12 14:51:20.152326,Vaishali Nagar,588.7,4.92,0.145
2026-07-12 15:51:20.152326,Vaishali Nagar,640.8,4.32,0.112
2026-07-12 16:51:20.152326,Vaishali Nagar,567.2,4.49,0.136
2026-07-12 17:51:20.152326,Vaishali Nagar,622.0,4.88,0.243
2026-07-12 18:51:20.152326,Vaishali Nagar,700.0,4.63,0.332
2026-07-12 19:51:20.152326,Vaishali Nagar,708.6,4.6,0.114
2026-07-12 20:51:20.152326,Vaishali Nagar,805.0,4.14,0.233
2026-07-12 21:51:20.152326,Vaishali Nagar,765.8,4.5,0.034
2026-07-12 22:51:20.152326,Vaishali Nagar,569.6,4.48,0.121
2026-07-12 23:51:20.152326,Vaishali Nagar,602.8,4.72,0.242
2026-07-13 00:51:20.152326,Vaishali Nagar,638.6,4.62,0.059
2026-07-13 01:51:20.152326,Vaishali Nagar,621.4,4.51,0.05
2026-07-13 02:51:20.152326,Vaishali Nagar,562.8,4.64,0.198
2026-07-13 03:51:20.152326,Vaishali Nagar,583.2,4.68,0.23
2026-07-13 04:51:20.152326,Vaishali Nagar,481.9,4.3,0.042
2026-07-13 05:51:20.152326,Vaishali Nagar,591.8,4.34,0.163
2026-07-13 06:51:20.152326,Vaishali Nagar,688.9,5.26,0.214
2026-07-13 07:51:20.152326,Vaishali Nagar,916.1,3.93,0.084
2026-07-13 08:51:20.152326,Vaishali Nagar,750.9,4.05,0.117
2026-07-13 09:51:20.152326,Vaishali Nagar,857.4,4.46,0.044
2026-07-13 10:51:20.152326,Vaishali Nagar,625.2,4.22,0.173
2026-07-13 11:51:20.152326,Vaishali Nagar,545.3,4.55,0.171
2026-07-13 12:51:20.152326,Vaishali Nagar,600.3,4.36,0.071
2026-07-13 13:51:20.152326,Vaishali Nagar,728.5,4.09,0.066
2026-07-13 14:51:20.152326,Vaishali Nagar,579.3,4.77,0.068
2026-07-13 15:51:20.152326,Vaishali Nagar,655.4,4.55,0.474
2026-07-13 16:51:20.152326,Vaishali Nagar,619.6,3.84,0.24
2026-07-13 17:51:20.152326,Vaishali Nagar,636.9,4.16,0.166
2026-07-13 18:51:20.152326,Vaishali Nagar,852.0,4.61,0.094
2026-07-13 19:51:20.152326,Vaishali Nagar,786.7,4.26,0.133
2026-07-13 20:51:20.152326,Vaishali Nagar,808.1,4.6,0.429
2026-07-13 21:51:20.152326,Vaishali Nagar,651.3,4.27,0.002
2026-07-13 22:51:20.152326,Vaishali Nagar,614.6,4.87,0.067
2026-07-13 23:51:20.152326,Vaishali Nagar,579.3,4.29,0.08
2026-07-14 00:51:20.152326,Vaishali Nagar,675.0,4.32,0.055
2026-07-14 01:51:20.152326,Vaishali Nagar,577.2,4.51,0.242
2026-07-14 02:51:20.152326,Vaishali Nagar,538.7,4.85,0.366
2026-07-14 03:51:20.152326,Vaishali Nagar,507.7,4.5,0.253
2026-07-14 04:51:20.152326,Vaishali Nagar,606.8,4.76,0.172
2026-07-14 05:51:20.152326,Vaishali Nagar,595.4,4.14,0.263
2026-07-14 06:51:20.152326,Vaishali Nagar,791.8,4.29,0.068
2026-07-14 07:51:20.152326,Vaishali Nagar,848.3,4.71,0.152
2026-07-14 08:51:20.152326,Vaishali Nagar,836.3,4.77,0.005
2026-07-14 09:51:20.152326,Vaishali Nagar,874.7,4.54,0.071
2026-07-14 10:51:20.152326,Vaishali Nagar,590.1,5.12,0.145
2026-07-14 11:51:20.152326,Vaishali Nagar,616.5,4.66,0.373
2026-07-14 12:51:20.152326,Vaishali Nagar,645.1,4.83,0.174
2026-07-14 13:51:20.152326,Vaishali Nagar,587.7,4.75,0.039
2026-07-14 14:51:20.152326,Vaishali Nagar,618.2,5.01,0.358
2026-07-14 15:51:20.152326,Vaishali Nagar,539.2,4.51,0.014
2026-07-14 16:51:20.152326,Vaishali Nagar,655.2,4.57,0.226
2026-07-14 17:51:20.152326,Vaishali Nagar,556.1,4.58,0.108
2026-07-14 18:51:20.152326,Vaishali Nagar,786.9,4.54,0.131
2026-07-14 19:51:20.152326,Vaishali Nagar,861.5,4.29,0.024
2026-07-14 20:51:20.152326,Vaishali Nagar,775.9,4.49,0.044
2026-07-14 21:51:20.152326,Vaishali Nagar,803.2,4.44,0.37
2026-07-14 22:51:20.152326,Vaishali Nagar,599.8,4.76,0.109
2026-07-14 23:51:20.152326,Vaishali Nagar,562.8,4.61,0.062
2026-07-15 00:51:20.152326,Vaishali Nagar,692.1,4.69,0.017
2026-07-15 01:51:20.152326,Vaishali Nagar,629.7,4.91,0.097
2026-07-15 02:51:20.152326,Vaishali Nagar,600.8,5.04,0.101
2026-07-15 03:51:20.152326,Vaishali Nagar,598.6,4.23,0.113
2026-07-15 04:51:20.152326,Vaishali Nagar,629.3,4.38,0.174
2026-07-15 05:51:20.152326,Vaishali Nagar,623.5,4.45,0.213
2026-07-15 06:51:20.152326,Vaishali Nagar,879.0,5.08,0.083
2026-07-15 07:51:20.152326,Vaishali Nagar,795.3,4.07,0.09
2026-07-15 08:51:20.152326,Vaishali Nagar,871.6,4.25,0.159
2026-07-15 09:51:20.152326,Vaishali Nagar,915.3,4.65,0.122
2026-07-15 10:51:20.152326,Vaishali Nagar,668.9,4.52,0.132
2026-07-15 11:51:20.152326,Vaishali Nagar,569.5,4.15,0.138
2026-07-15 12:51:20.152326,Vaishali Nagar,655.2,4.55,0.273
2026-07-15 13:51:20.152326,Vaishali Nagar,580.8,4.45,0.02
2026-07-15 14:51:20.152326,Vaishali Nagar,581.6,4.36,0.058
2026-07-15 15:51:20.152326,Vaishali Nagar,563.3,4.0,0.318
2026-07-15 16:51:20.152326,Vaishali Nagar,464.5,4.58,0.111
2026-07-15 17:51:20.152326,Vaishali Nagar,673.9,4.77,0.112
2026-07-15 18:51:20.152326,Vaishali Nagar,782.1,5.16,0.282
2026-07-15 19:51:20.152326,Vaishali Nagar,702.0,4.36,0.108
2026-07-15 20:51:20.152326,Vaishali Nagar,756.6,4.48,0.132
2026-07-15 21:51:20.152326,Vaishali Nagar,765.6,4.03,0.23
2026-07-15 22:51:20.152326,Vaishali Nagar,630.3,4.25,0.032
2026-07-15 23:51:20.152326,Vaishali Nagar,645.3,4.57,0.079
2026-07-16 00:51:20.152326,Vaishali Nagar,589.7,4.45,0.14
2026-07-16 01:51:20.152326,Vaishali Nagar,633.2,4.46,0.046
2026-07-16 02:51:20.152326,Vaishali Nagar,591.7,4.4,0.31
2026-07-16 03:51:20.152326,Vaishali Nagar,632.4,4.12,0.097
2026-07-16 04:51:20.152326,Vaishali Nagar,618.3,4.34,0.025
2026-07-16 05:51:20.152326,Vaishali Nagar,530.2,4.67,0.076
2026-07-16 06:51:20.152326,Vaishali Nagar,907.3,4.66,0.027
2026-07-16 07:51:20.152326,Vaishali Nagar,1000.9,4.69,0.114
2026-07-16 08:51:20.152326,Vaishali Nagar,881.1,4.06,0.242
2026-07-16 09:51:20.152326,Vaishali Nagar,808.6,4.43,0.052
2026-07-16 10:51:20.152326,Vaishali Nagar,688.5,4.72,0.117
2026-07-16 11:51:20.152326,Vaishali Nagar,574.3,4.54,0.371
2026-07-16 12:51:20.152326,Vaishali Nagar,545.6,4.48,0.089
2026-07-16 13:51:20.152326,Vaishali Nagar,641.5,4.01,0.061
2026-07-16 14:51:20.152326,Vaishali Nagar,583.2,4.36,0.148
2026-07-16 15:51:20.152326,Vaishali Nagar,555.8,4.38,0.31
2026-07-16 16:51:20.152326,Vaishali Nagar,626.3,4.36,0.182
2026-07-16 17:51:20.152326,Vaishali Nagar,589.9,4.49,0.078
2026-07-16 18:51:20.152326,Vaishali Nagar,835.5,4.46,0.045
2026-07-16 19:51:20.152326,Vaishali Nagar,882.2,4.7,0.409
2026-07-16 20:51:20.152326,Vaishali Nagar,729.3,4.48,0.137
2026-07-16 21:51:20.152326,Vaishali Nagar,903.9,4.43,0.039
2026-07-16 22:51:20.152326,Vaishali Nagar,615.3,3.82,0.267
2026-07-16 23:51:20.152326,Vaishali Nagar,656.4,4.64,0.094
2026-07-17 00:51:20.152326,Vaishali Nagar,543.1,4.59,0.101
2026-07-17 01:51:20.152326,Vaishali Nagar,568.5,4.66,0.241
2026-07-17 02:51:20.152326,Vaishali Nagar,550.1,5.02,0.481
2026-07-17 03:51:20.152326,Vaishali Nagar,615.2,4.45,0.098
2026-07-17 04:51:20.152326,Vaishali Nagar,536.9,4.41,0.179
2026-07-17 05:51:20.152326,Vaishali Nagar,621.3,4.61,0.141
2026-07-17 06:51:20.152326,Vaishali Nagar,788.0,4.56,0.121
2026-07-17 07:51:20.152326,Vaishali Nagar,888.7,4.58,0.017
2026-07-17 08:51:20.152326,Vaishali Nagar,830.3,4.9,0.035
2026-07-17 09:51:20.152326,Vaishali Nagar,798.4,4.59,0.066
2026-07-17 10:51:20.152326,Vaishali Nagar,587.6,4.59,0.18
2026-07-17 11:51:20.152326,Vaishali Nagar,538.2,3.97,0.081
2026-07-17 12:51:20.152326,Vaishali Nagar,535.5,5.09,0.211
2026-07-17 13:51:20.152326,Vaishali Nagar,589.4,4.83,0.194
2026-07-17 14:51:20.152326,Vaishali Nagar,619.1,4.09,0.169
2026-07-17 15:51:20.152326,Vaishali Nagar,585.3,4.52,0.133
2026-07-17 16:51:20.152326,Vaishali Nagar,573.9,4.38,0.414
2026-07-17 17:51:20.152326,Vaishali Nagar,533.5,4.7,0.288
2026-07-17 18:51:20.152326,Vaishali Nagar,719.4,4.41,0.331
2026-07-17 19:51:20.152326,Vaishali Nagar,756.0,4.45,0.094
2026-07-17 20:51:20.152326,Vaishali Nagar,853.0,4.8,0.004
2026-07-17 21:51:20.152326,Vaishali Nagar,847.6,4.15,0.035
2026-07-17 22:51:20.152326,Vaishali Nagar,568.3,3.71,0.371
2026-07-17 23:51:20.152326,Vaishali Nagar,658.5,4.58,0.066
2026-07-18 00:51:20.152326,Vaishali Nagar,539.0,4.13,0.259
2026-07-18 01:51:20.152326,Vaishali Nagar,564.2,4.37,0.124
2026-07-18 02:51:20.152326,Vaishali Nagar,588.5,4.81,0.142
2026-07-18 03:51:20.152326,Vaishali Nagar,581.8,4.19,0.084
2026-07-18 04:51:20.152326,Vaishali Nagar,628.0,4.18,0.342
2026-07-18 05:51:20.152326,Vaishali Nagar,593.9,4.51,0.169
2026-07-18 06:51:20.152326,Vaishali Nagar,923.4,4.29,0.164
2026-07-18 07:51:20.152326,Vaishali Nagar,709.8,4.29,0.059
2026-07-18 08:51:20.152326,Vaishali Nagar,896.9,4.44,0.125
2026-07-18 09:51:20.152326,Vaishali Nagar,815.7,4.26,0.003
2026-07-18 10:51:20.152326,Vaishali Nagar,527.6,4.15,0.369
2026-07-18 11:51:20.152326,Vaishali Nagar,577.0,4.68,0.009
2026-07-18 12:51:20.152326,Vaishali Nagar,624.3,4.92,0.113
2026-07-18 13:51:20.152326,Vaishali Nagar,630.5,4.72,0.086
2026-07-18 14:51:20.152326,Vaishali Nagar,606.7,4.13,0.064
2026-07-18 15:51:20.152326,Vaishali Nagar,604.7,4.24,0.104
2026-07-18 16:51:20.152326,Vaishali Nagar,625.4,4.78,0.133
2026-07-18 17:51:20.152326,Vaishali Nagar,618.5,4.54,0.045
2026-07-18 18:51:20.152326,Vaishali Nagar,733.3,4.31,0.373
2026-07-18 19:51:20.152326,Vaishali Nagar,747.0,4.57,0.439
2026-07-18 20:51:20.152326,Vaishali Nagar,739.3,5.17,0.106
2026-07-18 21:51:20.152326,Vaishali Nagar,717.6,4.35,0.124
2026-07-18 22:51:20.152326,Vaishali Nagar,616.6,4.61,0.109
2026-07-18 23:51:20.152326,Vaishali Nagar,582.1,4.3,0.14
2026-07-19 00:51:20.152326,Vaishali Nagar,576.5,4.53,0.144
2026-07-19 01:51:20.152326,Vaishali Nagar,595.3,3.93,0.016
2026-07-19 02:51:20.152326,Vaishali Nagar,698.8,4.53,0.14
2026-07-19 03:51:20.152326,Vaishali Nagar,572.1,4.14,0.326
2026-07-19 04:51:20.152326,Vaishali Nagar,603.2,4.7,0.057
2026-07-19 05:51:20.152326,Vaishali Nagar,662.6,4.68,0.115
2026-07-19 06:51:20.152326,Vaishali Nagar,766.7,4.4,0.09
2026-07-19 07:51:20.152326,Vaishali Nagar,871.0,4.6,0.063
2026-07-19 08:51:20.152326,Vaishali Nagar,724.6,4.85,0.297
2026-07-19 09:51:20.152326,Vaishali Nagar,735.7,4.19,0.165
2026-07-19 10:51:20.152326,Vaishali Nagar,545.5,4.23,0.149
2026-07-19 11:51:20.152326,Vaishali Nagar,609.4,4.5,0.112
2026-07-19 12:51:20.152326,Vaishali Nagar,554.9,4.33,0.091
2026-07-19 13:51:20.152326,Vaishali Nagar,642.1,4.97,0.026
2026-07-19 14:51:20.152326,Vaishali Nagar,598.9,4.57,0.2
2026-07-19 15:51:20.152326,Vaishali Nagar,561.9,4.87,0.014
2026-07-19 16:51:20.152326,Vaishali Nagar,686.8,3.92,0.031
2026-07-19 17:51:20.152326,Vaishali Nagar,535.3,4.9,0.109
2026-07-19 18:51:20.152326,Vaishali Nagar,813.0,4.31,0.224
2026-07-19 19:51:20.152326,Vaishali Nagar,816.7,4.4,0.256
2026-07-19 20:51:20.152326,Vaishali Nagar,792.5,4.13,0.014
2026-07-19 21:51:20.152326,Vaishali Nagar,843.4,4.12,0.246
2026-07-19 22:51:20.152326,Vaishali Nagar,673.4,4.48,0.086
2026-07-19 23:51:20.152326,Vaishali Nagar,560.0,4.57,0.347
2026-07-20 00:51:20.152326,Vaishali Nagar,573.0,3.71,0.246
2026-07-20 01:51:20.152326,Vaishali Nagar,569.5,4.08,0.126
2026-07-20 02:51:20.152326,Vaishali Nagar,579.6,4.56,0.313
2026-07-20 03:51:20.152326,Vaishali Nagar,624.1,4.37,0.113
2026-07-20 04:51:20.152326,Vaishali Nagar,581.2,4.56,0.198
2026-07-20 05:51:20.152326,Vaishali Nagar,561.5,4.59,0.197
2026-07-20 06:51:20.152326,Vaishali Nagar,747.5,4.57,0.241
2026-07-20 07:51:20.152326,Vaishali Nagar,869.6,4.61,0.246
2026-07-20 08:51:20.152326,Vaishali Nagar,908.6,3.67,0.262
2026-07-20 09:51:20.152326,Vaishali Nagar,807.1,4.56,0.241
2026-07-20 10:51:20.152326,Vaishali Nagar,628.3,5.45,0.19
2026-07-20 11:51:20.152326,Vaishali Nagar,605.0,4.53,0.077
2026-07-20 12:51:20.152326,Vaishali Nagar,592.3,4.11,0.094
2026-07-20 13:51:20.152326,Vaishali Nagar,648.6,4.31,0.114
2026-07-20 14:51:20.152326,Vaishali Nagar,616.4,4.76,0.008
2026-07-20 15:51:20.152326,Vaishali Nagar,608.4,4.38,0.235
2026-07-20 16:51:20.152326,Vaishali Nagar,633.3,4.75,0.298
2026-07-20 17:51:20.152326,Vaishali Nagar,610.8,4.33,0.429
2026-07-20 18:51:20.152326,Vaishali Nagar,788.5,5.2,0.095
2026-07-20 19:51:20.152326,Vaishali Nagar,643.3,4.42,0.102
2026-07-20 20:51:20.152326,Vaishali Nagar,749.4,3.98,0.024
2026-07-20 21:51:20.152326,Vaishali Nagar,816.5,4.51,0.085
2026-07-20 22:51:20.152326,Vaishali Nagar,548.5,4.83,0.004
2026-07-20 23:51:20.152326,Vaishali Nagar,548.8,4.23,0.142
2026-07-21 00:51:20.152326,Vaishali Nagar,567.3,4.73,0.147
2026-07-21 01:51:20.152326,Vaishali Nagar,614.4,4.45,0.255
2026-07-21 02:51:20.152326,Vaishali Nagar,562.5,4.49,0.498
2026-07-21 03:51:20.152326,Vaishali Nagar,603.4,4.0,0.029
2026-07-21 04:51:20.152326,Vaishali Nagar,639.2,4.34,0.079
2026-07-21 05:51:20.152326,Vaishali Nagar,621.5,4.5,0.425
2026-07-21 06:51:20.152326,Vaishali Nagar,845.5,4.33,0.129
2026-07-21 07:51:20.152326,Vaishali Nagar,922.1,4.79,0.2
2026-07-21 08:51:20.152326,Vaishali Nagar,908.0,4.71,0.264
2026-07-21 09:51:20.152326,Vaishali Nagar,825.5,4.32,0.001
2026-07-21 10:51:20.152326,Vaishali Nagar,581.1,4.52,0.086
2026-07-21 11:51:20.152326,Vaishali Nagar,644.1,4.41,0.101
2026-07-21 12:51:20.152326,Vaishali Nagar,615.9,4.4,0.131
2026-07-21 13:51:20.152326,Vaishali Nagar,628.2,4.55,0.006
2026-07-21 14:51:20.152326,Vaishali Nagar,607.9,4.44,0.123
2026-07-21 15:51:20.152326,Vaishali Nagar,553.3,4.26,0.012
2026-07-21 16:51:20.152326,Vaishali Nagar,590.6,4.21,0.069
2026-07-21 17:51:20.152326,Vaishali Nagar,573.1,4.75,0.273
2026-07-21 18:51:20.152326,Vaishali Nagar,784.9,4.51,0.259
2026-07-21 19:51:20.152326,Vaishali Nagar,697.3,4.53,0.04
2026-07-21 20:51:20.152326,Vaishali Nagar,855.6,4.64,0.056
2026-07-21 21:51:20.152326,Vaishali Nagar,747.5,4.93,0.033
2026-07-21 22:51:20.152326,Vaishali Nagar,669.9,4.32,0.1
2026-07-21 23:51:20.152326,Vaishali Nagar,598.6,4.41,0.152
2026-07-22 00:51:20.152326,Vaishali Nagar,653.8,4.12,0.088
2026-07-22 01:51:20.152326,Vaishali Nagar,539.7,5.08,0.345
2026-07-22 02:51:20.152326,Vaishali Nagar,561.5,4.7,0.162
2026-07-22 03:51:20.152326,Vaishali Nagar,620.8,4.56,0.151
2026-07-22 04:51:20.152326,Vaishali Nagar,571.0,4.42,0.334
2026-07-22 05:51:20.152326,Vaishali Nagar,559.0,4.6,0.267
2026-07-22 06:51:20.152326,Vaishali Nagar,841.8,4.73,0.127
2026-07-22 07:51:20.152326,Vaishali Nagar,819.7,4.65,0.024
2026-07-22 08:51:20.152326,Vaishali Nagar,836.8,4.74,0.163
2026-07-22 09:51:20.152326,Vaishali Nagar,843.0,4.5,0.059
2026-07-22 10:51:20.152326,Vaishali Nagar,610.5,4.67,0.119
2026-07-22 11:51:20.152326,Vaishali Nagar,662.8,4.79,0.248
2026-07-22 12:51:20.152326,Vaishali Nagar,655.8,5.15,0.134
2026-07-22 13:51:20.152326,Vaishali Nagar,577.2,4.53,0.077
2026-07-22 14:51:20.152326,Vaishali Nagar,604.7,4.61,0.206
2026-07-22 15:51:20.152326,Vaishali Nagar,651.7,4.19,0.386
2026-07-22 16:51:20.152326,Vaishali Nagar,583.6,4.65,0.142
2026-07-22 17:51:20.152326,Vaishali Nagar,642.9,4.7,0.349
2026-07-22 18:51:20.152326,Vaishali Nagar,686.0,4.51,0.191
2026-07-22 19:51:20.152326,Vaishali Nagar,848.6,4.37,0.025
2026-07-22 20:51:20.152326,Vaishali Nagar,848.1,4.42,0.236
2026-07-22 21:51:20.152326,Vaishali Nagar,723.6,4.39,0.287
2026-07-22 22:51:20.152326,Vaishali Nagar,589.0,4.91,0.227
2026-07-22 23:51:20.152326,Vaishali Nagar,580.2,4.85,0.135
2026-07-23 00:51:20.152326,Vaishali Nagar,670.9,4.87,0.226
2026-07-23 01:51:20.152326,Vaishali Nagar,602.6,4.51,0.064
2026-07-23 02:51:20.152326,Vaishali Nagar,563.3,4.35,0.016
2026-07-23 03:51:20.152326,Vaishali Nagar,501.3,4.2,0.062
2026-07-23 04:51:20.152326,Vaishali Nagar,697.3,4.7,0.043
2026-07-23 05:51:20.152326,Vaishali Nagar,542.6,4.91,0.135
2026-07-23 06:51:20.152326,Vaishali Nagar,861.7,4.34,0.046
2026-07-23 07:51:20.152326,Vaishali Nagar,804.9,4.11,0.159
2026-07-23 08:51:20.152326,Vaishali Nagar,756.8,5.32,0.263
2026-07-23 09:51:20.152326,Vaishali Nagar,860.7,5.14,0.046
2026-07-23 10:51:20.152326,Vaishali Nagar,585.8,3.91,0.565
2026-07-23 11:51:20.152326,Vaishali Nagar,662.5,4.55,0.106
2026-07-23 12:51:20.152326,Vaishali Nagar,597.3,4.88,0.264
2026-07-23 13:51:20.152326,Vaishali Nagar,635.3,4.56,0.29
2026-07-23 14:51:20.152326,Vaishali Nagar,628.3,5.1,0.056
2026-07-23 15:51:20.152326,Vaishali Nagar,645.4,4.53,0.306
2026-07-23 16:51:20.152326,Vaishali Nagar,573.3,4.46,0.193
2026-07-23 17:51:20.152326,Vaishali Nagar,593.3,4.61,0.093
2026-07-23 18:51:20.152326,Vaishali Nagar,752.7,4.3,0.319
2026-07-23 19:51:20.152326,Vaishali Nagar,814.1,4.6,0.285
2026-07-23 20:51:20.152326,Vaishali Nagar,740.8,4.74,0.045
2026-07-23 21:51:20.152326,Vaishali Nagar,769.4,4.55,0.005
2026-07-23 22:51:20.152326,Vaishali Nagar,512.0,4.23,0.334
2026-07-23 23:51:20.152326,Vaishali Nagar,675.0,5.02,0.241
2026-07-24 00:51:20.152326,Vaishali Nagar,573.5,4.91,0.208
2026-07-24 01:51:20.152326,Vaishali Nagar,617.4,4.5,0.079
2026-07-24 02:51:20.152326,Vaishali Nagar,648.4,4.78,0.298
2026-07-24 03:51:20.152326,Vaishali Nagar,592.0,4.37,0.048
2026-07-24 04:51:20.152326,Vaishali Nagar,605.2,4.58,0.137
2026-07-24 05:51:20.152326,Vaishali Nagar,611.5,4.88,0.015
2026-07-24 06:51:20.152326,Vaishali Nagar,884.6,4.6,0.167
2026-07-24 07:51:20.152326,Vaishali Nagar,728.2,3.85,0.071
2026-07-24 08:51:20.152326,Vaishali Nagar,695.1,4.29,0.104
2026-07-24 09:51:20.152326,Vaishali Nagar,817.7,4.63,0.156
2026-07-24 10:51:20.152326,Vaishali Nagar,594.6,4.54,0.169
2026-07-24 11:51:20.152326,Vaishali Nagar,627.6,4.49,0.328
2026-07-24 12:51:20.152326,Vaishali Nagar,651.0,4.38,0.163
2026-07-24 13:51:20.152326,Vaishali Nagar,675.4,4.29,0.19
2026-07-24 14:51:20.152326,Vaishali Nagar,633.3,4.57,0.049
2026-07-24 15:51:20.152326,Vaishali Nagar,660.9,4.54,0.136
2026-07-24 16:51:20.152326,Vaishali Nagar,582.4,5.05,0.236
2026-07-24 17:51:20.152326,Vaishali Nagar,572.5,4.81,0.047
2026-07-24 18:51:20.152326,Vaishali Nagar,750.3,4.69,0.056
2026-07-24 19:51:20.152326,Vaishali Nagar,726.0,4.62,0.097
2026-07-24 20:51:20.152326,Vaishali Nagar,740.7,4.54,0.059
2026-07-24 21:51:20.152326,Vaishali Nagar,792.5,4.03,0.133
2026-07-24 22:51:20.152326,Vaishali Nagar,618.2,4.7,0.085
2026-07-24 23:51:20.152326,Vaishali Nagar,644.9,4.22,0.159
2026-07-25 00:51:20.152326,Vaishali Nagar,560.7,4.43,0.04
2026-07-25 01:51:20.152326,Vaishali Nagar,552.1,4.64,0.122
2026-07-25 02:51:20.152326,Vaishali Nagar,541.5,4.15,0.083
2026-07-25 03:51:20.152326,Vaishali Nagar,626.7,4.43,0.03
2026-07-25 04:51:20.152326,Vaishali Nagar,611.0,4.74,0.14
2026-07-25 05:51:20.152326,Vaishali Nagar,568.4,5.09,0.009
2026-07-25 06:51:20.152326,Vaishali Nagar,817.6,5.03,0.34
2026-07-25 07:51:20.152326,Vaishali Nagar,756.0,4.34,0.105
2026-07-25 08:51:20.152326,Vaishali Nagar,835.0,4.83,0.063
2026-07-25 09:51:20.152326,Vaishali Nagar,838.9,4.86,0.143
2026-07-25 10:51:20.152326,Vaishali Nagar,597.2,4.78,0.05
2026-07-25 11:51:20.152326,Vaishali Nagar,527.6,4.47,0.138
2026-07-25 12:51:20.152326,Vaishali Nagar,610.3,4.43,0.203
2026-07-25 13:51:20.152326,Vaishali Nagar,536.0,4.84,0.32
2026-07-25 14:51:20.152326,Vaishali Nagar,612.2,4.85,0.102
2026-07-25 15:51:20.152326,Vaishali Nagar,547.2,4.8,0.134
2026-07-25 16:51:20.152326,Vaishali Nagar,643.1,5.03,0.082
2026-07-25 17:51:20.152326,Vaishali Nagar,550.3,4.12,0.103
2026-07-25 18:51:20.152326,Vaishali Nagar,799.8,3.98,0.088
2026-07-25 19:51:20.152326,Vaishali Nagar,819.9,4.65,0.277
2026-07-25 20:51:20.152326,Vaishali Nagar,671.5,4.84,0.198
2026-07-25 21:51:20.152326,Vaishali Nagar,789.2,4.77,0.113
2026-07-25 22:51:20.152326,Vaishali Nagar,606.4,3.95,0.15
2026-07-25 23:51:20.152326,Vaishali Nagar,626.6,4.64,0.107
2026-07-26 00:51:20.152326,Vaishali Nagar,658.9,4.36,0.308
2026-07-26 01:51:20.152326,Vaishali Nagar,581.5,4.76,0.053
2026-07-26 02:51:20.152326,Vaishali Nagar,531.8,4.5,0.243
2026-07-26 03:51:20.152326,Vaishali Nagar,617.4,4.27,0.157
2026-07-26 04:51:20.152326,Vaishali Nagar,657.0,4.94,0.105
2026-07-26 05:51:20.152326,Vaishali Nagar,564.2,4.48,0.203
2026-07-26 06:51:20.152326,Vaishali Nagar,865.9,4.35,0.058
2026-07-26 07:51:20.152326,Vaishali Nagar,857.8,4.73,0.16
2026-07-26 08:51:20.152326,Vaishali Nagar,858.6,4.43,0.184
2026-07-26 09:51:20.152326,Vaishali Nagar,873.8,4.43,0.388
2026-07-26 10:51:20.152326,Vaishali Nagar,601.4,4.49,0.061
2026-07-26 11:51:20.152326,Vaishali Nagar,593.5,4.66,0.096
2026-07-26 12:51:20.152326,Vaishali Nagar,565.0,4.71,0.102
2026-07-26 13:51:20.152326,Vaishali Nagar,589.3,4.64,0.367
2026-07-26 14:51:20.152326,Vaishali Nagar,643.8,4.69,0.212
2026-07-26 15:51:20.152326,Vaishali Nagar,638.0,5.27,0.035
2026-07-26 16:51:20.152326,Vaishali Nagar,600.1,4.04,0.213
2026-07-26 17:51:20.152326,Vaishali Nagar,535.2,3.98,0.038
2026-07-26 18:51:20.152326,Vaishali Nagar,873.0,4.68,0.253
2026-07-26 19:51:20.152326,Vaishali Nagar,833.0,4.42,0.033
2026-07-26 20:51:20.152326,Vaishali Nagar,896.2,4.23,0.099
2026-07-26 21:51:20.152326,Vaishali Nagar,732.5,4.2,0.103
2026-07-26 22:51:20.152326,Vaishali Nagar,622.3,4.54,0.277
2026-07-26 23:51:20.152326,Vaishali Nagar,604.6,4.6,0.05
2026-07-27 00:51:20.152326,Vaishali Nagar,586.1,4.43,0.037
2026-07-27 01:51:20.152326,Vaishali Nagar,675.4,4.89,0.002
2026-07-27 02:51:20.152326,Vaishali Nagar,590.5,4.21,0.245
2026-07-27 03:51:20.152326,Vaishali Nagar,567.3,4.4,0.133
2026-07-27 04:51:20.152326,Vaishali Nagar,597.3,4.6,0.314
2026-07-27 05:51:20.152326,Vaishali Nagar,611.1,4.5,0.123
2026-07-27 06:51:20.152326,Vaishali Nagar,858.9,4.59,0.118
2026-07-27 07:51:20.152326,Vaishali Nagar,848.2,4.33,0.107
2026-07-27 08:51:20.152326,Vaishali Nagar,824.3,4.91,0.426
2026-07-27 09:51:20.152326,Vaishali Nagar,833.2,4.81,0.47
2026-07-27 10:51:20.152326,Vaishali Nagar,614.8,4.46,0.064
2026-07-27 11:51:20.152326,Vaishali Nagar,598.5,4.72,0.151
2026-07-27 12:51:20.152326,Vaishali Nagar,642.2,3.67,0.031
2026-07-27 13:51:20.152326,Vaishali Nagar,568.2,3.76,0.17
2026-07-27 14:51:20.152326,Vaishali Nagar,510.2,4.53,0.042
2026-07-27 15:51:20.152326,Vaishali Nagar,592.9,4.67,0.183
2026-07-27 16:51:20.152326,Vaishali Nagar,646.9,4.3,0.142
2026-07-27 17:51:20.152326,Vaishali Nagar,605.4,4.27,0.172
2026-07-27 18:51:20.152326,Vaishali Nagar,791.4,4.51,0.192
2026-07-27 19:51:20.152326,Vaishali Nagar,753.0,4.55,0.242
2026-07-27 20:51:20.152326,Vaishali Nagar,779.0,4.73,0.095
2026-07-27 21:51:20.152326,Vaishali Nagar,720.3,4.54,0.225
2026-07-27 22:51:20.152326,Vaishali Nagar,575.2,4.8,0.117
2026-07-27 23:51:20.152326,Vaishali Nagar,508.5,3.95,0.187
2026-07-28 00:51:20.152326,Vaishali Nagar,616.9,4.3,0.172
2026-07-28 01:51:20.152326,Vaishali Nagar,571.5,4.68,0.03
2026-07-28 02:51:20.152326,Vaishali Nagar,595.7,4.58,0.289
2026-07-28 03:51:20.152326,Vaishali Nagar,562.5,4.23,0.249
2026-07-28 04:51:20.152326,Vaishali Nagar,565.9,4.37,0.051
2026-07-28 05:51:20.152326,Vaishali Nagar,606.1,4.78,0.22
2026-07-28 06:51:20.152326,Vaishali Nagar,807.2,4.09,0.202
2026-07-28 07:51:20.152326,Vaishali Nagar,793.6,4.52,0.11
2026-07-28 08:51:20.152326,Vaishali Nagar,841.3,4.2,0.158
2026-07-28 09:51:20.152326,Vaishali Nagar,819.5,4.24,0.342
2026-07-28 10:51:20.152326,Vaishali Nagar,625.2,4.15,0.177
2026-07-28 11:51:20.152326,Vaishali Nagar,570.8,4.42,0.263
2026-07-28 12:51:20.152326,Vaishali Nagar,570.0,4.31,0.142
2026-07-28 13:51:20.152326,Vaishali Nagar,606.0,3.97,0.425
2026-07-28 14:51:20.152326,Vaishali Nagar,554.1,4.52,0.145
2026-07-28 15:51:20.152326,Vaishali Nagar,564.2,4.33,0.223
2026-07-28 16:51:20.152326,Vaishali Nagar,548.4,4.52,0.03
2026-07-28 17:51:20.152326,Vaishali Nagar,629.2,4.57,0.278
2026-07-28 18:51:20.152326,Vaishali Nagar,717.9,4.62,0.038
2026-07-28 19:51:20.152326,Vaishali Nagar,791.5,4.25,0.149
2026-07-28 20:51:20.152326,Vaishali Nagar,693.3,4.6,0.036
2026-07-28 21:51:20.152326,Vaishali Nagar,751.4,4.26,0.226
2026-07-28 22:51:20.152326,Vaishali Nagar,539.4,4.51,0.007
2026-07-28 23:51:20.152326,Vaishali Nagar,562.7,4.63,0.084
2026-07-29 00:51:20.152326,Vaishali Nagar,608.0,4.84,0.123
2026-07-29 01:51:20.152326,Vaishali Nagar,629.7,4.36,0.045
2026-07-29 02:51:20.152326,Vaishali Nagar,632.5,4.79,0.267
2026-07-29 03:51:20.152326,Vaishali Nagar,648.0,4.09,0.103
2026-07-29 04:51:20.152326,Vaishali Nagar,608.9,4.97,0.196
2026-07-29 05:51:20.152326,Vaishali Nagar,604.1,4.03,0.026
2026-07-29 06:51:20.152326,Vaishali Nagar,864.9,4.55,0.188
2026-07-29 07:51:20.152326,Vaishali Nagar,769.9,4.48,0.072
2026-07-29 08:51:20.152326,Vaishali Nagar,800.3,4.77,0.283
2026-07-29 09:51:20.152326,Vaishali Nagar,903.1,4.74,0.197
2026-07-29 10:51:20.152326,Vaishali Nagar,508.7,4.63,0.374
2026-07-29 11:51:20.152326,Vaishali Nagar,542.4,4.35,0.293
2026-07-29 12:51:20.152326,Vaishali Nagar,543.9,4.6,0.115
2026-07-29 13:51:20.152326,Vaishali Nagar,649.2,4.23,0.133
2026-07-29 14:51:20.152326,Vaishali Nagar,619.1,4.53,0.003
2026-07-29 15:51:20.152326,Vaishali Nagar,678.8,4.06,0.077
2026-07-29 16:51:20.152326,Vaishali Nagar,641.1,4.2,0.348
2026-07-29 17:51:20.152326,Vaishali Nagar,588.4,4.58,0.084
2026-07-29 18:51:20.152326,Vaishali Nagar,785.9,3.94,0.307
2026-07-29 19:51:20.152326,Vaishali Nagar,779.7,4.6,0.221
2026-07-29 20:51:20.152326,Vaishali Nagar,802.2,4.34,0.094
2026-07-29 21:51:20.152326,Vaishali Nagar,806.0,4.17,0.314
2026-07-29 22:51:20.152326,Vaishali Nagar,633.4,4.49,0.203
2026-07-29 23:51:20.152326,Vaishali Nagar,615.7,5.04,0.267
2026-07-30 00:51:20.152326,Vaishali Nagar,585.0,4.34,0.215
2026-07-30 01:51:20.152326,Vaishali Nagar,613.2,4.46,0.456
2026-07-30 02:51:20.152326,Vaishali Nagar,631.3,4.73,0.01
2026-07-30 03:51:20.152326,Vaishali Nagar,577.8,5.32,0.06
2026-07-30 04:51:20.152326,Vaishali Nagar,573.3,4.68,0.321
2026-07-30 05:51:20.152326,Vaishali Nagar,537.9,5.08,0.055
2026-07-30 06:51:20.152326,Vaishali Nagar,893.6,3.79,0.121
2026-07-30 07:51:20.152326,Vaishali Nagar,774.8,4.11,0.289
2026-07-30 08:51:20.152326,Vaishali Nagar,783.9,4.54,0.317
2026-07-30 09:51:20.152326,Vaishali Nagar,803.3,4.37,0.119
2026-07-30 10:51:20.152326,Vaishali Nagar,626.0,4.16,0.238
2026-07-30 11:51:20.152326,Vaishali Nagar,629.8,4.61,0.144
2026-07-30 12:51:20.152326,Vaishali Nagar,585.0,4.52,0.166
2026-07-30 13:51:20.152326,Vaishali Nagar,680.3,4.47,0.455
2026-07-30 14:51:20.152326,Vaishali Nagar,586.5,4.35,0.403
2026-07-30 15:51:20.152326,Vaishali Nagar,682.7,4.56,0.11
2026-07-30 16:51:20.152326,Vaishali Nagar,637.2,4.29,0.362
2026-07-30 17:51:20.152326,Vaishali Nagar,615.2,4.66,0.122
2026-07-30 18:51:20.152326,Vaishali Nagar,781.3,4.12,0.208
2026-07-30 19:51:20.152326,Vaishali Nagar,818.9,4.03,0.108
2026-07-30 20:51:20.152326,Vaishali Nagar,807.1,4.57,0.128
2026-07-30 21:51:20.152326,Vaishali Nagar,768.3,4.26,0.161
2026-07-30 22:51:20.152326,Vaishali Nagar,572.5,4.66,0.02
2026-07-30 23:51:20.152326,Vaishali Nagar,627.2,4.33,0.095
2026-07-31 00:51:20.152326,Vaishali Nagar,607.2,4.17,0.072
2026-07-31 01:51:20.152326,Vaishali Nagar,589.7,4.03,0.2
2026-07-31 02:51:20.152326,Vaishali Nagar,609.2,4.15,0.317
2026-07-31 03:51:20.152326,Vaishali Nagar,635.4,4.34,0.421
2026-07-31 04:51:20.152326,Vaishali Nagar,626.4,4.48,0.018
2026-07-31 05:51:20.152326,Vaishali Nagar,563.9,4.51,0.096
2026-07-31 06:51:20.152326,Vaishali Nagar,877.7,4.5,0.094
2026-07-31 07:51:20.152326,Vaishali Nagar,773.7,4.41,0.377
2026-07-31 08:51:20.152326,Vaishali Nagar,893.7,4.4,0.326
2026-07-31 09:51:20.152326,Vaishali Nagar,908.3,4.17,0.694
2026-07-31 10:51:20.152326,Vaishali Nagar,644.1,5.21,0.171
2026-07-31 11:51:20.152326,Vaishali Nagar,644.3,3.92,0.102
2026-07-31 12:51:20.152326,Vaishali Nagar,565.2,4.38,0.016
2026-07-31 13:51:20.152326,Vaishali Nagar,560.7,4.58,0.42
2026-07-31 14:51:20.152326,Vaishali Nagar,606.7,4.53,0.22
2026-07-31 15:51:20.152326,Vaishali Nagar,565.4,4.75,0.254
2026-07-31 16:51:20.152326,Vaishali Nagar,615.2,4.74,0.097
2026-07-31 17:51:20.152326,Vaishali Nagar,581.3,4.31,0.321
2026-07-31 18:51:20.152326,Vaishali Nagar,804.4,4.81,0.406
2026-07-31 19:51:20.152326,Vaishali Nagar,810.1,4.14,0.08
2026-07-31 20:51:20.152326,Vaishali Nagar,778.2,4.31,0.186
2026-07-31 21:51:20.152326,Vaishali Nagar,766.9,4.13,0.198
2026-07-31 22:51:20.152326,Vaishali Nagar,619.4,4.9,0.03
2026-07-31 23:51:20.152326,Vaishali Nagar,567.9,4.3,0.227
2026-08-01 00:51:20.152326,Vaishali Nagar,646.9,4.52,0.113
2026-08-01 01:51:20.152326,Vaishali Nagar,583.8,4.32,0.026
2026-08-01 02:51:20.152326,Vaishali Nagar,563.6,4.08,0.115
2026-08-01 03:51:20.152326,Vaishali Nagar,546.1,4.45,0.319
2026-08-01 04:51:20.152326,Vaishali Nagar,563.3,4.38,0.232
2026-08-01 05:51:20.152326,Vaishali Nagar,613.8,4.71,0.456
2026-08-01 06:51:20.152326,Vaishali Nagar,727.7,4.49,0.148
2026-08-01 07:51:20.152326,Vaishali Nagar,817.9,4.03,0.231
2026-08-01 08:51:20.152326,Vaishali Nagar,875.9,4.5,0.136
2026-08-01 09:51:20.152326,Vaishali Nagar,900.7,4.24,0.086
2026-08-01 10:51:20.152326,Vaishali Nagar,563.0,4.23,0.03
2026-08-01 11:51:20.152326,Vaishali Nagar,523.6,4.52,0.263
2026-08-01 12:51:20.152326,Vaishali Nagar,631.3,4.41,0.184
2026-08-01 13:51:20.152326,Vaishali Nagar,694.1,4.54,0.075
2026-08-01 14:51:20.152326,Vaishali Nagar,579.1,4.43,0.076
2026-08-01 15:51:20.152326,Vaishali Nagar,605.6,4.65,0.34
2026-08-01 16:51:20.152326,Vaishali Nagar,545.0,4.19,0.416
2026-08-01 17:51:20.152326,Vaishali Nagar,664.7,4.2,0.075
2026-08-01 18:51:20.152326,Vaishali Nagar,818.1,4.6,0.252
2026-08-01 19:51:20.152326,Vaishali Nagar,777.4,4.54,0.213
2026-08-01 20:51:20.152326,Vaishali Nagar,821.6,3.98,0.285
2026-08-01 21:51:20.152326,Vaishali Nagar,854.4,4.3,0.396
2026-08-01 22:51:20.152326,Vaishali Nagar,561.7,4.24,0.219
2026-08-01 23:51:20.152326,Vaishali Nagar,655.3,4.52,0.105
2026-08-02 00:51:20.152326,Vaishali Nagar,673.1,4.31,0.09
2026-08-02 01:51:20.152326,Vaishali Nagar,652.5,4.37,0.043
2026-08-02 02:51:20.152326,Vaishali Nagar,600.3,4.68,0.068
2026-08-02 03:51:20.152326,Vaishali Nagar,650.2,4.62,0.184
2026-08-02 04:51:20.152326,Vaishali Nagar,575.9,4.32,0.052
2026-08-02 05:51:20.152326,Vaishali Nagar,724.9,4.51,0.399
2026-08-02 06:51:20.152326,Vaishali Nagar,774.3,4.57,0.533
2026-08-02 07:51:20.152326,Vaishali Nagar,928.6,4.35,0.009
2026-08-02 08:51:20.152326,Vaishali Nagar,870.0,4.59,0.057
2026-08-02 09:51:20.152326,Vaishali Nagar,813.4,3.94,0.247
2026-08-02 10:51:20.152326,Vaishali Nagar,598.7,4.63,0.142
2026-08-02 11:51:20.152326,Vaishali Nagar,560.3,4.76,0.089
2026-08-02 12:51:20.152326,Vaishali Nagar,636.3,4.47,0.013
2026-08-02 13:51:20.152326,Vaishali Nagar,666.3,5.17,0.154
2026-08-02 14:51:20.152326,Vaishali Nagar,552.1,4.53,0.185
2026-08-02 15:51:20.152326,Vaishali Nagar,625.5,4.4,0.068
2026-08-02 16:51:20.152326,Vaishali Nagar,658.4,4.62,0.085
2026-08-02 17:51:20.152326,Vaishali Nagar,511.7,4.94,0.003
2026-08-02 18:51:20.152326,Vaishali Nagar,799.2,4.84,0.062
2026-08-02 19:51:20.152326,Vaishali Nagar,805.6,4.83,0.211
2026-08-02 20:51:20.152326,Vaishali Nagar,744.5,4.4,0.022
2026-08-02 21:51:20.152326,Vaishali Nagar,788.8,4.41,0.14
2026-08-02 22:51:20.152326,Vaishali Nagar,591.8,5.44,0.091
2026-08-02 23:51:20.152326,Vaishali Nagar,621.0,4.21,0.064
2026-08-03 00:51:20.152326,Vaishali Nagar,607.4,3.9,0.214
2026-08-03 01:51:20.152326,Vaishali Nagar,618.7,4.43,0.128
2026-08-03 02:51:20.152326,Vaishali Nagar,638.2,4.46,0.305
2026-08-03 03:51:20.152326,Vaishali Nagar,631.6,4.6,0.287
2026-08-03 04:51:20.152326,Vaishali Nagar,624.9,4.89,0.033
2026-08-03 05:51:20.152326,Vaishali Nagar,503.0,4.48,0.157
2026-08-03 06:51:20.152326,Vaishali Nagar,962.5,4.22,0.04
2026-08-03 07:51:20.152326,Vaishali Nagar,910.3,4.91,0.148
2026-08-03 08:51:20.152326,Vaishali Nagar,789.1,4.33,0.242
2026-08-03 09:51:20.152326,Vaishali Nagar,817.8,4.86,0.009
2026-08-03 10:51:20.152326,Vaishali Nagar,571.7,4.95,0.313
2026-08-03 11:51:20.152326,Vaishali Nagar,550.7,4.53,0.258
2026-08-03 12:51:20.152326,Vaishali Nagar,597.6,3.93,0.382
2026-08-03 13:51:20.152326,Vaishali Nagar,599.4,4.62,0.207
2026-08-03 14:51:20.152326,Vaishali Nagar,618.6,4.55,0.264
2026-08-03 15:51:20.152326,Vaishali Nagar,614.1,4.08,0.009
2026-08-03 16:51:20.152326,Vaishali Nagar,557.4,4.54,0.13
2026-08-03 17:51:20.152326,Vaishali Nagar,623.2,4.76,0.192
2026-08-03 18:51:20.152326,Vaishali Nagar,733.0,4.83,0.017
2026-08-03 19:51:20.152326,Vaishali Nagar,733.7,4.56,0.087
2026-08-03 20:51:20.152326,Vaishali Nagar,790.2,4.49,0.326
2026-08-03 21:51:20.152326,Vaishali Nagar,684.4,3.57,0.15
2026-08-03 22:51:20.152326,Vaishali Nagar,569.0,4.35,0.085
2026-08-03 23:51:20.152326,Vaishali Nagar,558.0,4.86,0.325
2026-08-04 00:51:20.152326,Vaishali Nagar,624.5,4.91,0.371
2026-08-04 01:51:20.152326,Vaishali Nagar,623.2,4.8,0.076
2026-08-04 02:51:20.152326,Vaishali Nagar,620.2,4.17,0.119
2026-08-04 03:51:20.152326,Vaishali Nagar,618.3,4.7,0.181
2026-08-04 04:51:20.152326,Vaishali Nagar,567.1,4.46,0.167
2026-08-04 05:51:20.152326,Vaishali Nagar,594.8,4.77,0.045
2026-08-04 06:51:20.152326,Vaishali Nagar,786.7,3.94,0.081
2026-08-04 07:51:20.152326,Vaishali Nagar,833.8,4.26,0.093
2026-08-04 08:51:20.152326,Vaishali Nagar,763.5,4.69,0.278
2026-08-04 09:51:20.152326,Vaishali Nagar,916.1,4.87,0.092
2026-08-04 10:51:20.152326,Vaishali Nagar,675.9,4.29,0.021
2026-08-04 11:51:20.152326,Vaishali Nagar,592.7,4.21,0.328
2026-08-04 12:51:20.152326,Vaishali Nagar,554.6,4.62,0.334
2026-08-04 13:51:20.152326,Vaishali Nagar,606.4,4.37,0.025
2026-08-04 14:51:20.152326,Vaishali Nagar,584.2,4.38,0.066
2026-08-04 15:51:20.152326,Vaishali Nagar,582.4,4.3,0.073
2026-08-04 16:51:20.152326,Vaishali Nagar,634.3,4.63,0.384
2026-08-04 17:51:20.152326,Vaishali Nagar,516.1,4.52,0.004
2026-08-04 18:51:20.152326,Vaishali Nagar,789.4,4.11,0.228
2026-08-04 19:51:20.152326,Vaishali Nagar,802.4,4.4,0.231
2026-08-04 20:51:20.152326,Vaishali Nagar,932.0,4.41,0.31
2026-08-04 21:51:20.152326,Vaishali Nagar,860.1,4.17,0.061
2026-08-04 22:51:20.152326,Vaishali Nagar,627.5,5.18,0.135
2026-08-04 23:51:20.152326,Vaishali Nagar,651.9,4.13,0.271
2026-08-05 00:51:20.152326,Vaishali Nagar,639.0,4.69,0.134
2026-08-05 01:51:20.152326,Vaishali Nagar,597.4,4.51,0.189
2026-08-05 02:51:20.152326,Vaishali Nagar,581.3,4.79,0.085
2026-08-05 03:51:20.152326,Vaishali Nagar,588.1,4.23,0.088
2026-08-05 04:51:20.152326,Vaishali Nagar,586.1,4.67,0.168
2026-08-05 05:51:20.152326,Vaishali Nagar,589.8,4.61,0.132
2026-08-05 06:51:20.152326,Vaishali Nagar,882.0,4.92,0.24
2026-08-05 07:51:20.152326,Vaishali Nagar,812.6,4.88,0.184
2026-08-05 08:51:20.152326,Vaishali Nagar,836.0,4.59,0.158
2026-08-05 09:51:20.152326,Vaishali Nagar,744.4,4.54,0.122
2026-08-05 10:51:20.152326,Vaishali Nagar,663.4,4.4,0.115
2026-08-05 11:51:20.152326,Vaishali Nagar,521.5,4.64,0.278
2026-08-05 12:51:20.152326,Vaishali Nagar,632.7,4.85,0.022
2026-08-05 13:51:20.152326,Vaishali Nagar,591.8,4.53,0.108
2026-08-05 14:51:20.152326,Vaishali Nagar,532.9,4.9,0.092
2026-08-05 15:51:20.152326,Vaishali Nagar,570.0,4.94,0.428
2026-08-05 16:51:20.152326,Vaishali Nagar,656.6,4.27,0.551
2026-08-05 17:51:20.152326,Vaishali Nagar,595.4,4.97,0.26
2026-08-05 18:51:20.152326,Vaishali Nagar,831.6,5.1,0.126
2026-08-05 19:51:20.152326,Vaishali Nagar,775.2,4.79,0.097
2026-08-05 20:51:20.152326,Vaishali Nagar,723.3,4.37,0.044
2026-08-05 21:51:20.152326,Vaishali Nagar,761.6,4.22,0.036
2026-08-05 22:51:20.152326,Vaishali Nagar,553.7,4.32,0.119
2026-08-05 23:51:20.152326,Vaishali Nagar,541.0,4.26,0.409
2026-08-06 00:51:20.152326,Vaishali Nagar,535.2,4.15,0.069
2026-08-06 01:51:20.152326,Vaishali Nagar,610.6,4.57,0.223
2026-08-06 02:51:20.152326,Vaishali Nagar,469.9,4.58,0.256
2026-08-06 03:51:20.152326,Vaishali Nagar,627.1,4.58,0.334
2026-08-06 04:51:20.152326,Vaishali Nagar,614.5,4.67,0.143
2026-08-06 05:51:20.152326,Vaishali Nagar,617.6,4.5,0.131
2026-08-06 06:51:20.152326,Vaishali Nagar,958.2,4.83,0.114
2026-08-06 07:51:20.152326,Vaishali Nagar,821.6,4.47,0.173
2026-08-06 08:51:20.152326,Vaishali Nagar,842.6,4.09,0.165
2026-08-06 09:51:20.152326,Vaishali Nagar,743.4,4.22,0.218
2026-08-06 10:51:20.152326,Vaishali Nagar,598.8,3.97,0.137
2026-08-06 11:51:20.152326,Vaishali Nagar,631.3,4.74,0.173
2026-08-06 12:51:20.152326,Vaishali Nagar,578.7,4.66,0.165
2026-08-06 13:51:20.152326,Vaishali Nagar,543.5,4.8,0.012
2026-08-06 14:51:20.152326,Vaishali Nagar,614.8,4.03,0.168
2026-08-06 15:51:20.152326,Vaishali Nagar,562.0,4.53,0.012
2026-08-06 16:51:20.152326,Vaishali Nagar,590.0,4.55,0.029
2026-08-06 17:51:20.152326,Vaishali Nagar,565.1,4.58,0.158
2026-08-06 18:51:20.152326,Vaishali Nagar,837.8,4.8,0.092
2026-08-06 19:51:20.152326,Vaishali Nagar,807.8,4.25,0.16
2026-08-06 20:51:20.152326,Vaishali Nagar,698.1,4.12,0.134
2026-08-06 21:51:20.152326,Vaishali Nagar,791.3,4.91,0.064
2026-08-06 22:51:20.152326,Vaishali Nagar,635.9,4.07,0.35
2026-08-06 23:51:20.152326,Vaishali Nagar,622.7,4.41,0.049
2026-08-07 00:51:20.152326,Vaishali Nagar,566.3,4.49,0.033
2026-08-07 01:51:20.152326,Vaishali Nagar,606.0,3.96,0.475
2026-08-07 02:51:20.152326,Vaishali Nagar,625.4,4.42,0.173
2026-08-07 03:51:20.152326,Vaishali Nagar,591.2,4.39,0.055
2026-08-07 04:51:20.152326,Vaishali Nagar,603.6,4.75,0.15
2026-08-07 05:51:20.152326,Vaishali Nagar,629.4,4.51,0.313
2026-08-07 06:51:20.152326,Vaishali Nagar,791.6,4.65,0.191
2026-08-07 07:51:20.152326,Vaishali Nagar,862.5,4.38,0.051
2026-08-07 08:51:20.152326,Vaishali Nagar,710.0,4.63,0.112
2026-08-07 09:51:20.152326,Vaishali Nagar,862.3,4.12,0.129
2026-08-07 10:51:20.152326,Vaishali Nagar,555.7,4.22,0.306
2026-08-07 11:51:20.152326,Vaishali Nagar,646.4,4.03,0.004
2026-08-07 12:51:20.152326,Vaishali Nagar,626.9,4.48,0.102
2026-08-07 13:51:20.152326,Vaishali Nagar,549.0,4.4,0.044
2026-08-07 14:51:20.152326,Vaishali Nagar,549.0,4.26,0.101
2026-08-07 15:51:20.152326,Vaishali Nagar,580.1,4.34,0.326
2026-08-07 16:51:20.152326,Vaishali Nagar,589.2,4.58,0.116
2026-08-07 17:51:20.152326,Vaishali Nagar,545.5,4.66,0.073
2026-08-07 18:51:20.152326,Vaishali Nagar,752.4,4.35,0.165
2026-08-07 19:51:20.152326,Vaishali Nagar,779.1,4.28,0.083
2026-08-07 20:51:20.152326,Vaishali Nagar,731.7,4.33,0.173
2026-08-07 21:51:20.152326,Vaishali Nagar,727.4,4.79,0.091
2026-08-07 22:51:20.152326,Vaishali Nagar,604.8,4.43,0.159
2026-08-07 23:51:20.152326,Vaishali Nagar,560.8,4.71,0.087
2026-08-08 00:51:20.152326,Vaishali Nagar,647.7,5.19,0.018
2026-08-08 01:51:20.152326,Vaishali Nagar,571.9,4.03,0.076
2026-08-08 02:51:20.152326,Vaishali Nagar,640.9,4.62,0.276
2026-08-08 03:51:20.152326,Vaishali Nagar,673.7,4.3,0.142
2026-08-08 04:51:20.152326,Vaishali Nagar,594.0,4.88,0.028
2026-08-08 05:51:20.152326,Vaishali Nagar,557.8,4.32,0.305
2026-08-08 06:51:20.152326,Vaishali Nagar,869.5,4.47,0.072
2026-08-08 07:51:20.152326,Vaishali Nagar,868.5,3.93,0.121
2026-08-08 08:51:20.152326,Vaishali Nagar,844.7,4.55,0.251
2026-08-08 09:51:20.152326,Vaishali Nagar,904.6,4.43,0.138
2026-08-08 10:51:20.152326,Vaishali Nagar,563.9,4.39,0.042
2026-08-08 11:51:20.152326,Vaishali Nagar,632.1,4.48,0.035
2026-08-08 12:51:20.152326,Vaishali Nagar,600.1,4.63,0.384
2026-08-08 13:51:20.152326,Vaishali Nagar,631.9,4.33,0.107
2026-08-08 14:51:20.152326,Vaishali Nagar,626.7,4.83,0.329
2026-08-08 15:51:20.152326,Vaishali Nagar,551.9,4.46,0.028
2026-08-08 16:51:20.152326,Vaishali Nagar,582.1,4.63,0.231
2026-08-08 17:51:20.152326,Vaishali Nagar,562.0,4.82,0.442
2026-08-08 18:51:20.152326,Vaishali Nagar,835.4,4.47,0.298
2026-08-08 19:51:20.152326,Vaishali Nagar,804.9,4.33,0.154
2026-08-08 20:51:20.152326,Vaishali Nagar,772.7,3.99,0.184
2026-08-08 21:51:20.152326,Vaishali Nagar,731.9,4.29,0.318
2026-08-08 22:51:20.152326,Vaishali Nagar,638.1,4.64,0.283
2026-08-08 23:51:20.152326,Vaishali Nagar,599.1,4.35,0.315
2026-08-09 00:51:20.152326,Vaishali Nagar,648.1,4.9,0.072
2026-08-09 01:51:20.152326,Vaishali Nagar,618.0,3.95,0.293
2026-08-09 02:51:20.152326,Vaishali Nagar,526.4,4.82,0.02
2026-08-09 03:51:20.152326,Vaishali Nagar,598.8,4.72,0.102
2026-08-09 04:51:20.152326,Vaishali Nagar,579.7,4.48,0.218
2026-08-09 05:51:20.152326,Vaishali Nagar,546.3,4.21,0.254
2026-08-09 06:51:20.152326,Vaishali Nagar,977.2,4.74,0.119
2026-08-09 07:51:20.152326,Vaishali Nagar,972.6,4.55,0.024
2026-08-09 08:51:20.152326,Vaishali Nagar,816.0,4.93,0.047
2026-08-09 09:51:20.152326,Vaishali Nagar,884.6,4.67,0.019
2026-08-09 10:51:20.152326,Vaishali Nagar,575.5,4.34,0.12
2026-08-09 11:51:20.152326,Vaishali Nagar,598.4,4.65,0.167
2026-08-09 12:51:20.152326,Vaishali Nagar,591.6,4.44,0.004
2026-08-09 13:51:20.152326,Vaishali Nagar,566.8,4.9,0.184
2026-08-09 14:51:20.152326,Vaishali Nagar,530.7,4.48,0.04
2026-08-09 15:51:20.152326,Vaishali Nagar,629.4,5.16,0.068
2026-08-09 16:51:20.152326,Vaishali Nagar,596.7,4.85,0.229
2026-08-09 17:51:20.152326,Vaishali Nagar,572.6,4.77,0.147
2026-08-09 18:51:20.152326,Vaishali Nagar,824.3,4.49,0.156
2026-08-09 19:51:20.152326,Vaishali Nagar,884.0,4.38,0.332
2026-08-09 20:51:20.152326,Vaishali Nagar,725.3,4.47,0.188
2026-08-09 21:51:20.152326,Vaishali Nagar,817.2,4.49,0.082
2026-08-09 22:51:20.152326,Vaishali Nagar,659.6,4.99,0.016
2026-08-09 23:51:20.152326,Vaishali Nagar,652.7,3.87,0.004
2026-08-10 00:51:20.152326,Vaishali Nagar,558.3,4.29,0.007
2026-08-10 01:51:20.152326,Vaishali Nagar,563.5,4.93,0.04
2026-08-10 02:51:20.152326,Vaishali Nagar,623.4,4.65,0.196
2026-08-10 03:51:20.152326,Vaishali Nagar,596.4,4.68,0.265
2026-08-10 04:51:20.152326,Vaishali Nagar,648.9,4.92,0.15
2026-08-10 05:51:20.152326,Vaishali Nagar,627.5,4.21,0.018
2026-08-10 06:51:20.152326,Vaishali Nagar,839.9,5.09,0.131
2026-08-10 07:51:20.152326,Vaishali Nagar,822.3,4.78,0.065
2026-08-10 08:51:20.152326,Vaishali Nagar,830.5,4.37,0.187
2026-08-10 09:51:20.152326,Vaishali Nagar,889.5,4.62,0.015
2026-08-10 10:51:20.152326,Vaishali Nagar,516.2,5.03,0.342
2026-08-10 11:51:20.152326,Vaishali Nagar,562.9,4.43,0.082
2026-08-10 12:51:20.152326,Vaishali Nagar,610.9,4.74,0.072
2026-08-10 13:51:20.152326,Vaishali Nagar,567.3,4.27,0.013
2026-08-10 14:51:20.152326,Vaishali Nagar,649.5,4.51,0.347
2026-08-10 15:51:20.152326,Vaishali Nagar,637.4,4.77,0.12
2026-08-10 16:51:20.152326,Vaishali Nagar,598.4,4.6,0.079
2026-08-10 17:51:20.152326,Vaishali Nagar,553.1,4.95,0.053
2026-08-10 18:51:20.152326,Vaishali Nagar,706.2,4.89,0.101
2026-08-10 19:51:20.152326,Vaishali Nagar,810.5,4.67,0.068
2026-08-10 20:51:20.152326,Vaishali Nagar,762.9,4.36,0.202
2026-08-10 21:51:20.152326,Vaishali Nagar,803.2,4.61,0.181
2026-08-10 22:51:20.152326,Vaishali Nagar,578.4,4.66,0.053
2026-08-10 23:51:20.152326,Vaishali Nagar,637.1,4.51,0.199
2026-08-11 00:51:20.152326,Vaishali Nagar,628.2,4.76,0.205
2026-08-11 01:51:20.152326,Vaishali Nagar,573.2,4.41,0.083
2026-08-11 02:51:20.152326,Vaishali Nagar,614.9,4.41,0.243
2026-08-11 03:51:20.152326,Vaishali Nagar,620.2,4.51,0.025
2026-08-11 04:51:20.152326,Vaishali Nagar,559.9,4.32,0.204
2026-08-11 05:51:20.152326,Vaishali Nagar,587.9,4.94,0.384
2026-08-11 06:51:20.152326,Vaishali Nagar,801.9,4.39,0.08
2026-08-11 07:51:20.152326,Vaishali Nagar,904.7,3.82,0.316
2026-08-11 08:51:20.152326,Vaishali Nagar,900.7,5.02,0.22
2026-08-11 09:51:20.152326,Vaishali Nagar,789.6,4.14,0.196
2026-08-11 10:51:20.152326,Vaishali Nagar,622.1,4.54,0.115
2026-08-11 11:51:20.152326,Vaishali Nagar,574.4,4.72,0.131
2026-08-11 12:51:20.152326,Vaishali Nagar,555.7,4.06,0.227
2026-08-11 13:51:20.152326,Vaishali Nagar,602.4,4.09,0.115
2026-08-11 14:51:20.152326,Vaishali Nagar,603.1,4.24,0.039
2026-08-11 15:51:20.152326,Vaishali Nagar,687.1,4.49,0.115
2026-08-11 16:51:20.152326,Vaishali Nagar,603.6,4.27,0.015
2026-08-11 17:51:20.152326,Vaishali Nagar,556.1,4.2,0.217
2026-08-11 18:51:20.152326,Vaishali Nagar,861.4,4.53,0.09
2026-08-11 19:51:20.152326,Vaishali Nagar,746.6,4.37,0.165
2026-08-11 20:51:20.152326,Vaishali Nagar,787.2,4.36,0.334
2026-08-11 21:51:20.152326,Vaishali Nagar,840.8,4.59,0.148
2026-08-11 22:51:20.152326,Vaishali Nagar,629.0,4.56,0.224
2026-08-11 23:51:20.152326,Vaishali Nagar,675.8,4.47,0.16
2026-08-12 00:51:20.152326,Vaishali Nagar,536.1,4.54,0.27
2026-08-12 01:51:20.152326,Vaishali Nagar,603.1,4.84,0.199
2026-08-12 02:51:20.152326,Vaishali Nagar,579.8,4.52,0.026
2026-08-12 03:51:20.152326,Vaishali Nagar,594.0,4.61,0.193
2026-08-12 04:51:20.152326,Vaishali Nagar,607.1,4.89,0.16
2026-08-12 05:51:20.152326,Vaishali Nagar,596.7,5.03,0.513
2026-08-12 06:51:20.152326,Vaishali Nagar,897.3,4.28,0.272
2026-08-12 07:51:20.152326,Vaishali Nagar,815.9,4.31,0.041
2026-08-12 08:51:20.152326,Vaishali Nagar,850.5,4.68,0.085
2026-08-12 09:51:20.152326,Vaishali Nagar,807.6,4.81,0.107
2026-08-12 10:51:20.152326,Vaishali Nagar,599.2,4.96,0.082
2026-08-12 11:51:20.152326,Vaishali Nagar,648.5,4.46,0.191
2026-08-12 12:51:20.152326,Vaishali Nagar,546.0,4.51,0.05
2026-08-12 13:51:20.152326,Vaishali Nagar,672.9,4.15,0.069
2026-08-12 14:51:20.152326,Vaishali Nagar,565.4,4.81,0.096
2026-08-12 15:51:20.152326,Vaishali Nagar,615.4,4.22,0.163
2026-08-12 16:51:20.152326,Vaishali Nagar,568.1,4.47,0.353
2026-08-12 17:51:20.152326,Vaishali Nagar,529.8,4.69,0.027
2026-08-12 18:51:20.152326,Vaishali Nagar,818.9,4.82,0.036
2026-08-12 19:51:20.152326,Vaishali Nagar,848.0,4.64,0.258
2026-08-12 20:51:20.152326,Vaishali Nagar,814.6,4.32,0.182
2026-08-12 21:51:20.152326,Vaishali Nagar,828.4,4.89,0.103
2026-08-12 22:51:20.152326,Vaishali Nagar,581.8,4.38,0.267
2026-08-12 23:51:20.152326,Vaishali Nagar,552.4,4.86,0.087
2026-08-13 00:51:20.152326,Vaishali Nagar,570.2,4.93,0.182
2026-08-13 01:51:20.152326,Vaishali Nagar,567.1,4.09,0.052
2026-08-13 02:51:20.152326,Vaishali Nagar,606.4,3.99,0.195
2026-08-13 03:51:20.152326,Vaishali Nagar,558.1,4.99,0.327
2026-08-13 04:51:20.152326,Vaishali Nagar,530.8,4.59,0.034
2026-08-13 05:51:20.152326,Vaishali Nagar,647.8,4.72,0.063
2026-08-13 06:51:20.152326,Vaishali Nagar,874.2,4.31,0.199
2026-08-13 07:51:20.152326,Vaishali Nagar,903.4,4.84,0.417
2026-08-13 08:51:20.152326,Vaishali Nagar,844.9,4.27,0.1
2026-08-13 09:51:20.152326,Vaishali Nagar,721.5,3.97,0.148
2026-08-13 10:51:20.152326,Vaishali Nagar,571.2,4.23,0.01
2026-08-13 11:51:20.152326,Vaishali Nagar,680.6,4.2,0.057
2026-08-13 12:51:20.152326,Vaishali Nagar,709.5,4.63,0.27
2026-08-13 13:51:20.152326,Vaishali Nagar,564.0,3.72,0.258
2026-08-13 14:51:20.152326,Vaishali Nagar,584.0,4.76,0.05
2026-08-13 15:51:20.152326,Vaishali Nagar,522.8,4.69,0.283
2026-08-13 16:51:20.152326,Vaishali Nagar,569.5,4.86,0.173
2026-08-13 17:51:20.152326,Vaishali Nagar,587.5,4.59,0.168
2026-08-13 18:51:20.152326,Vaishali Nagar,747.9,4.87,0.131
2026-08-13 19:51:20.152326,Vaishali Nagar,834.4,4.13,0.039
2026-08-13 20:51:20.152326,Vaishali Nagar,798.6,4.54,0.003
2026-08-13 21:51:20.152326,Vaishali Nagar,692.5,4.69,0.192
2026-08-13 22:51:20.152326,Vaishali Nagar,601.7,4.59,0.388
2026-08-13 23:51:20.152326,Vaishali Nagar,628.0,4.02,0.174
2026-08-14 00:51:20.152326,Vaishali Nagar,571.4,4.93,0.16
2026-08-14 01:51:20.152326,Vaishali Nagar,526.7,4.54,0.327
2026-08-14 02:51:20.152326,Vaishali Nagar,609.2,4.75,0.17
2026-08-14 03:51:20.152326,Vaishali Nagar,594.9,4.55,0.091
2026-08-14 04:51:20.152326,Vaishali Nagar,551.2,4.33,0.134
2026-08-14 05:51:20.152326,Vaishali Nagar,557.6,4.31,0.091
2026-08-14 06:51:20.152326,Vaishali Nagar,800.6,4.49,0.15
2026-08-14 07:51:20.152326,Vaishali Nagar,893.0,4.66,0.103
2026-08-14 08:51:20.152326,Vaishali Nagar,750.1,4.55,0.163
2026-08-14 09:51:20.152326,Vaishali Nagar,798.0,4.24,0.205
2026-08-14 10:51:20.152326,Vaishali Nagar,603.3,4.46,0.104
2026-08-14 11:51:20.152326,Vaishali Nagar,637.5,4.58,0.367
2026-08-14 12:51:20.152326,Vaishali Nagar,524.7,4.26,0.078
2026-08-14 13:51:20.152326,Vaishali Nagar,664.8,4.25,0.185
2026-08-14 14:51:20.152326,Vaishali Nagar,569.5,4.29,0.176
2026-08-14 15:51:20.152326,Vaishali Nagar,613.4,4.21,0.175
2026-08-14 16:51:20.152326,Vaishali Nagar,561.3,4.5,0.219
2026-08-14 17:51:20.152326,Vaishali Nagar,637.8,4.53,0.498
2026-08-14 18:51:20.152326,Vaishali Nagar,828.5,4.24,0.074
2026-08-14 19:51:20.152326,Vaishali Nagar,796.6,4.52,0.079
2026-08-14 20:51:20.152326,Vaishali Nagar,767.7,4.16,0.04
2026-08-14 21:51:20.152326,Vaishali Nagar,744.8,4.23,0.146
2026-08-14 22:51:20.152326,Vaishali Nagar,524.2,4.77,0.045
2026-08-14 23:51:20.152326,Vaishali Nagar,582.3,4.57,0.286
2026-08-15 00:51:20.152326,Vaishali Nagar,570.1,4.22,0.273
2026-08-15 01:51:20.152326,Vaishali Nagar,600.4,4.95,0.246
2026-08-15 02:51:20.152326,Vaishali Nagar,543.2,4.69,0.091
2026-08-15 03:51:20.152326,Vaishali Nagar,583.6,4.27,0.11
2026-08-15 04:51:20.152326,Vaishali Nagar,538.4,4.95,0.337
2026-08-15 05:51:20.152326,Vaishali Nagar,574.3,4.52,0.009
2026-08-15 06:51:20.152326,Vaishali Nagar,737.2,5.13,0.217
2026-08-15 07:51:20.152326,Vaishali Nagar,904.6,4.48,0.032
2026-08-15 08:51:20.152326,Vaishali Nagar,871.1,4.77,0.074
2026-08-15 09:51:20.152326,Vaishali Nagar,924.8,4.22,0.075
2026-08-15 10:51:20.152326,Vaishali Nagar,535.5,4.64,0.163
2026-08-15 11:51:20.152326,Vaishali Nagar,664.6,4.28,0.09
2026-08-15 12:51:20.152326,Vaishali Nagar,635.6,4.36,0.279
2026-08-15 13:51:20.152326,Vaishali Nagar,657.5,4.19,0.061
2026-08-15 14:51:20.152326,Vaishali Nagar,620.5,4.83,0.118
2026-08-15 15:51:20.152326,Vaishali Nagar,572.7,3.99,0.257
2026-08-15 16:51:20.152326,Vaishali Nagar,525.3,4.44,0.269
2026-08-15 17:51:20.152326,Vaishali Nagar,584.6,4.14,0.347
2026-08-15 18:51:20.152326,Vaishali Nagar,801.7,4.6,0.038
2026-08-15 19:51:20.152326,Vaishali Nagar,804.0,4.27,0.319
2026-08-15 20:51:20.152326,Vaishali Nagar,770.6,4.68,0.176
2026-08-15 21:51:20.152326,Vaishali Nagar,805.5,5.32,0.077
2026-08-15 22:51:20.152326,Vaishali Nagar,600.2,4.36,0.06
2026-08-15 23:51:20.152326,Vaishali Nagar,591.1,4.86,0.144
2026-08-16 00:51:20.152326,Vaishali Nagar,639.5,4.97,0.167
2026-08-16 01:51:20.152326,Vaishali Nagar,547.8,5.12,0.223
2026-08-16 02:51:20.152326,Vaishali Nagar,597.0,4.33,0.183
2026-08-16 03:51:20.152326,Vaishali Nagar,617.2,4.76,0.251
2026-08-16 04:51:20.152326,Vaishali Nagar,625.7,4.95,0.593
2026-08-16 05:51:20.152326,Vaishali Nagar,619.3,4.35,0.123
2026-08-16 06:51:20.152326,Vaishali Nagar,816.3,4.85,0.14
2026-08-16 07:51:20.152326,Vaishali Nagar,845.4,4.23,0.293
2026-08-16 08:51:20.152326,Vaishali Nagar,941.0,4.39,0.217
2026-08-16 09:51:20.152326,Vaishali Nagar,830.6,4.62,0.098
2026-08-16 10:51:20.152326,Vaishali Nagar,617.8,4.31,0.147
2026-08-16 11:51:20.152326,Vaishali Nagar,576.7,4.31,0.014
2026-08-16 12:51:20.152326,Vaishali Nagar,598.9,4.53,0.148
2026-08-16 13:51:20.152326,Vaishali Nagar,582.9,4.58,0.057
2026-08-16 14:51:20.152326,Vaishali Nagar,606.6,4.69,0.088
2026-08-16 15:51:20.152326,Vaishali Nagar,566.4,4.77,0.029
2026-08-16 16:51:20.152326,Vaishali Nagar,610.2,4.79,0.009
2026-08-16 17:51:20.152326,Vaishali Nagar,573.0,4.45,0.345
2026-08-16 18:51:20.152326,Vaishali Nagar,677.0,4.5,0.185
2026-08-16 19:51:20.152326,Vaishali Nagar,706.6,4.33,0.038
2026-08-16 20:51:20.152326,Vaishali Nagar,820.9,4.33,0.237
2026-08-16 21:51:20.152326,Vaishali Nagar,737.1,4.41,0.151
2026-08-16 22:51:20.152326,Vaishali Nagar,592.3,4.44,0.159
2026-08-16 23:51:20.152326,Vaishali Nagar,573.5,4.51,0.112
2026-08-17 00:51:20.152326,Vaishali Nagar,606.0,4.35,0.288
2026-08-17 01:51:20.152326,Vaishali Nagar,585.8,5.07,0.056
2026-08-17 02:51:20.152326,Vaishali Nagar,561.5,4.41,0.033
2026-08-17 03:51:20.152326,Vaishali Nagar,575.9,4.52,0.047
2026-08-17 04:51:20.152326,Vaishali Nagar,608.3,4.38,0.072
2026-08-17 05:51:20.152326,Vaishali Nagar,612.8,3.98,0.622
2026-08-17 06:51:20.152326,Vaishali Nagar,820.3,4.28,0.523
2026-08-17 07:51:20.152326,Vaishali Nagar,772.8,4.39,0.015
2026-08-17 08:51:20.152326,Vaishali Nagar,844.5,4.76,0.044
2026-08-17 09:51:20.152326,Vaishali Nagar,896.6,4.46,0.361
2026-08-17 10:51:20.152326,Vaishali Nagar,601.0,4.31,0.056
2026-08-17 11:51:20.152326,Vaishali Nagar,581.0,4.16,0.021
2026-08-17 12:51:20.152326,Vaishali Nagar,562.4,4.19,0.305
2026-08-17 13:51:20.152326,Vaishali Nagar,645.7,4.25,0.148
2026-08-17 14:51:20.152326,Vaishali Nagar,640.6,4.71,0.134
2026-08-17 15:51:20.152326,Vaishali Nagar,601.8,4.4,0.053
2026-08-17 16:51:20.152326,Vaishali Nagar,586.8,3.81,0.133
2026-08-17 17:51:20.152326,Vaishali Nagar,599.5,4.01,0.169
2026-08-17 18:51:20.152326,Vaishali Nagar,697.9,3.62,0.07
2026-08-17 19:51:20.152326,Vaishali Nagar,897.6,4.72,0.639
2026-08-17 20:51:20.152326,Vaishali Nagar,847.9,4.67,0.021
2026-08-17 21:51:20.152326,Vaishali Nagar,695.4,4.53,0.023
2026-08-17 22:51:20.152326,Vaishali Nagar,556.4,4.34,0.208
2026-08-17 23:51:20.152326,Vaishali Nagar,649.2,4.46,0.142
2026-08-18 00:51:20.152326,Vaishali Nagar,612.0,4.69,0.232
2026-08-18 01:51:20.152326,Vaishali Nagar,660.8,4.32,0.107
2026-08-18 02:51:20.152326,Vaishali Nagar,618.0,5.05,0.253
2026-08-18 03:51:20.152326,Vaishali Nagar,631.6,4.44,0.102
2026-08-18 04:51:20.152326,Vaishali Nagar,655.1,4.35,0.205
2026-08-18 05:51:20.152326,Vaishali Nagar,669.0,4.3,0.153
2026-08-18 06:51:20.152326,Vaishali Nagar,812.5,4.33,0.052
2026-08-18 07:51:20.152326,Vaishali Nagar,785.2,3.92,0.147
2026-08-18 08:51:20.152326,Vaishali Nagar,890.1,3.92,0.315
2026-08-18 09:51:20.152326,Vaishali Nagar,887.6,4.27,0.09
2026-08-18 10:51:20.152326,Vaishali Nagar,607.6,3.98,0.07
2026-08-18 11:51:20.152326,Vaishali Nagar,556.7,4.3,0.118
2026-08-18 12:51:20.152326,Vaishali Nagar,603.8,4.75,0.11
2026-08-18 13:51:20.152326,Vaishali Nagar,638.2,4.42,0.194
2026-08-18 14:51:20.152326,Vaishali Nagar,613.8,4.6,0.064
2026-08-18 15:51:20.152326,Vaishali Nagar,557.3,4.46,0.122
2026-08-18 16:51:20.152326,Vaishali Nagar,622.9,4.44,0.095
2026-08-18 17:51:20.152326,Vaishali Nagar,536.4,4.62,0.252
2026-08-18 18:51:20.152326,Vaishali Nagar,734.3,4.27,0.324
2026-08-18 19:51:20.152326,Vaishali Nagar,731.2,4.73,0.085
2026-08-18 20:51:20.152326,Vaishali Nagar,803.9,4.35,0.042
2026-08-18 21:51:20.152326,Vaishali Nagar,705.3,4.07,0.329
2026-08-18 22:51:20.152326,Vaishali Nagar,602.6,4.4,0.254
2026-08-18 23:51:20.152326,Vaishali Nagar,621.0,4.45,0.021
2026-08-19 00:51:20.152326,Vaishali Nagar,591.1,4.51,0.238
2026-08-19 01:51:20.152326,Vaishali Nagar,621.9,3.98,0.183
2026-08-19 02:51:20.152326,Vaishali Nagar,615.2,4.99,0.07
2026-08-19 03:51:20.152326,Vaishali Nagar,530.1,4.19,0.256
2026-08-19 04:51:20.152326,Vaishali Nagar,565.1,4.4,0.18
2026-08-19 05:51:20.152326,Vaishali Nagar,561.4,4.33,0.199
2026-08-19 06:51:20.152326,Vaishali Nagar,865.5,4.41,0.191
2026-08-19 07:51:20.152326,Vaishali Nagar,890.1,4.73,0.17
2026-08-19 08:51:20.152326,Vaishali Nagar,926.5,4.76,0.101
2026-08-19 09:51:20.152326,Vaishali Nagar,919.5,4.79,0.228
2026-08-19 10:51:20.152326,Vaishali Nagar,620.9,4.53,0.257
2026-08-19 11:51:20.152326,Vaishali Nagar,628.5,4.78,0.015
2026-08-19 12:51:20.152326,Vaishali Nagar,596.0,4.33,0.393
2026-08-19 13:51:20.152326,Vaishali Nagar,616.5,4.25,0.205
2026-08-19 14:51:20.152326,Vaishali Nagar,594.5,4.52,0.195
2026-08-19 15:51:20.152326,Vaishali Nagar,561.9,4.21,0.017
2026-08-19 16:51:20.152326,Vaishali Nagar,699.5,3.68,0.134
2026-08-19 17:51:20.152326,Vaishali Nagar,560.4,4.7,0.231
2026-08-19 18:51:20.152326,Vaishali Nagar,804.9,4.41,0.041
2026-08-19 19:51:20.152326,Vaishali Nagar,789.2,5.23,0.183
2026-08-19 20:51:20.152326,Vaishali Nagar,742.1,4.67,0.179
2026-08-19 21:51:20.152326,Vaishali Nagar,833.6,4.69,0.109
2026-08-19 22:51:20.152326,Vaishali Nagar,603.1,4.15,0.071
2026-08-19 23:51:20.152326,Vaishali Nagar,532.3,4.9,0.016
2026-08-20 00:51:20.152326,Vaishali Nagar,561.9,4.83,0.035
2026-08-20 01:51:20.152326,Vaishali Nagar,598.4,5.28,0.291
2026-08-20 02:51:20.152326,Vaishali Nagar,596.9,4.56,0.24
2026-08-20 03:51:20.152326,Vaishali Nagar,640.6,4.85,0.046
2026-08-20 04:51:20.152326,Vaishali Nagar,649.0,4.09,0.382
2026-08-20 05:51:20.152326,Vaishali Nagar,546.1,4.51,0.174
2026-08-20 06:51:20.152326,Vaishali Nagar,873.1,4.56,0.177
2026-08-20 07:51:20.152326,Vaishali Nagar,1047.2,4.29,0.11
2026-08-20 08:51:20.152326,Vaishali Nagar,845.3,4.84,0.046
2026-08-20 09:51:20.152326,Vaishali Nagar,837.2,4.52,0.154
2026-08-20 10:51:20.152326,Vaishali Nagar,634.2,5.02,0.013
2026-08-20 11:51:20.152326,Vaishali Nagar,611.0,4.23,0.283
2026-08-20 12:51:20.152326,Vaishali Nagar,573.7,4.79,0.085
2026-08-20 13:51:20.152326,Vaishali Nagar,609.2,4.49,0.079
2026-08-20 14:51:20.152326,Vaishali Nagar,620.6,4.28,0.18
2026-08-20 15:51:20.152326,Vaishali Nagar,566.0,4.49,0.111
2026-08-20 16:51:20.152326,Vaishali Nagar,613.8,4.77,0.093
2026-08-20 17:51:20.152326,Vaishali Nagar,652.6,4.29,0.207
2026-08-20 18:51:20.152326,Vaishali Nagar,708.7,4.61,0.063
2026-08-20 19:51:20.152326,Vaishali Nagar,743.0,4.94,0.185
2026-08-20 20:51:20.152326,Vaishali Nagar,883.2,4.11,0.126
2026-08-20 21:51:20.152326,Vaishali Nagar,756.8,4.62,0.329
2026-08-20 22:51:20.152326,Vaishali Nagar,545.1,4.32,0.08
2026-08-20 23:51:20.152326,Vaishali Nagar,613.9,4.72,0.072
2026-08-21 00:51:20.152326,Vaishali Nagar,634.3,4.35,0.018
2026-08-21 01:51:20.152326,Vaishali Nagar,534.9,4.55,0.197
2026-08-21 02:51:20.152326,Vaishali Nagar,625.8,4.49,0.086
2026-08-21 03:51:20.152326,Vaishali Nagar,548.1,3.88,0.086
2026-08-21 04:51:20.152326,Vaishali Nagar,580.3,5.32,0.071
2026-08-21 05:51:20.152326,Vaishali Nagar,539.6,4.5,0.046
2026-08-21 06:51:20.152326,Vaishali Nagar,951.1,4.75,0.293
2026-08-21 07:51:20.152326,Vaishali Nagar,866.4,4.07,0.42
2026-08-21 08:51:20.152326,Vaishali Nagar,777.0,4.94,0.061
2026-08-21 09:51:20.152326,Vaishali Nagar,987.4,4.4,0.079
2026-08-21 10:51:20.152326,Vaishali Nagar,589.6,3.73,0.378
2026-08-21 11:51:20.152326,Vaishali Nagar,583.9,4.47,0.328
2026-08-21 12:51:20.152326,Vaishali Nagar,616.7,4.84,0.382
2026-08-21 13:51:20.152326,Vaishali Nagar,519.1,4.36,0.109
2026-08-21 14:51:20.152326,Vaishali Nagar,603.5,4.25,0.042
2026-08-21 15:51:20.152326,Vaishali Nagar,589.8,4.67,0.063
2026-08-21 16:51:20.152326,Vaishali Nagar,584.2,4.72,0.187
2026-08-21 17:51:20.152326,Vaishali Nagar,615.2,4.1,0.183
2026-08-21 18:51:20.152326,Vaishali Nagar,782.7,4.02,0.109
2026-08-21 19:51:20.152326,Vaishali Nagar,731.8,4.5,0.177
2026-08-21 20:51:20.152326,Vaishali Nagar,785.1,4.2,0.201
2026-08-21 21:51:20.152326,Vaishali Nagar,715.2,4.76,0.299
2026-08-21 22:51:20.152326,Vaishali Nagar,575.8,4.8,0.191
2026-08-21 23:51:20.152326,Vaishali Nagar,569.9,4.88,0.196
2026-08-22 00:51:20.152326,Vaishali Nagar,660.2,4.15,0.094
2026-08-22 01:51:20.152326,Vaishali Nagar,470.5,4.1,0.097
2026-08-22 02:51:20.152326,Vaishali Nagar,579.5,4.84,0.295
2026-08-22 03:51:20.152326,Vaishali Nagar,620.7,4.51,0.237
2026-08-22 04:51:20.152326,Vaishali Nagar,568.8,4.3,0.272
2026-08-22 05:51:20.152326,Vaishali Nagar,616.5,4.6,0.32
2026-08-22 06:51:20.152326,Vaishali Nagar,818.7,4.12,0.2
2026-08-22 07:51:20.152326,Vaishali Nagar,765.5,4.81,0.1
2026-08-22 08:51:20.152326,Vaishali Nagar,750.7,4.65,0.059
2026-08-22 09:51:20.152326,Vaishali Nagar,830.5,4.52,0.058
2026-08-22 10:51:20.152326,Vaishali Nagar,586.3,4.39,0.061
2026-08-22 11:51:20.152326,Vaishali Nagar,631.1,4.76,0.199
2026-08-22 12:51:20.152326,Vaishali Nagar,584.5,4.3,0.108
2026-08-22 13:51:20.152326,Vaishali Nagar,614.2,4.67,0.207
2026-08-22 14:51:20.152326,Vaishali Nagar,548.9,4.82,0.035
2026-08-22 15:51:20.152326,Vaishali Nagar,635.4,4.14,0.137
2026-08-22 16:51:20.152326,Vaishali Nagar,561.7,4.68,0.333
2026-08-22 17:51:20.152326,Vaishali Nagar,629.2,4.21,0.112
2026-08-22 18:51:20.152326,Vaishali Nagar,714.5,4.91,0.137
2026-08-22 19:51:20.152326,Vaishali Nagar,679.9,4.96,0.035
2026-08-22 20:51:20.152326,Vaishali Nagar,861.7,4.29,0.081
2026-08-22 21:51:20.152326,Vaishali Nagar,763.3,4.6,0.012
2026-08-22 22:51:20.152326,Vaishali Nagar,559.4,4.48,0.065
2026-08-22 23:51:20.152326,Vaishali Nagar,596.2,4.8,0.157
2026-08-23 00:51:20.152326,Vaishali Nagar,699.7,4.92,0.151
2026-08-23 01:51:20.152326,Vaishali Nagar,661.0,4.84,0.12
2026-08-23 02:51:20.152326,Vaishali Nagar,553.0,4.45,0.273
2026-08-23 03:51:20.152326,Vaishali Nagar,553.0,4.18,0.063
2026-08-23 04:51:20.152326,Vaishali Nagar,665.2,4.27,0.172
2026-08-23 05:51:20.152326,Vaishali Nagar,641.5,4.25,0.32
2026-08-23 06:51:20.152326,Vaishali Nagar,843.9,4.23,0.28
2026-08-23 07:51:20.152326,Vaishali Nagar,891.1,4.36,0.174
2026-08-23 08:51:20.152326,Vaishali Nagar,920.8,4.4,0.288
2026-08-23 09:51:20.152326,Vaishali Nagar,774.8,4.75,0.212
2026-08-23 10:51:20.152326,Vaishali Nagar,602.3,4.35,0.028
2026-08-23 11:51:20.152326,Vaishali Nagar,649.1,4.47,0.039
2026-08-23 12:51:20.152326,Vaishali Nagar,594.4,4.83,0.123
2026-08-23 13:51:20.152326,Vaishali Nagar,559.1,4.15,0.049
2026-08-23 14:51:20.152326,Vaishali Nagar,616.8,3.99,0.208
2026-08-23 15:51:20.152326,Vaishali Nagar,609.6,4.68,0.045
2026-08-23 16:51:20.152326,Vaishali Nagar,640.5,4.65,0.068
2026-08-23 17:51:20.152326,Vaishali Nagar,492.1,4.52,0.245
2026-08-23 18:51:20.152326,Vaishali Nagar,808.2,4.92,0.151
2026-08-23 19:51:20.152326,Vaishali Nagar,929.0,3.99,0.29
2026-08-23 20:51:20.152326,Vaishali Nagar,739.9,4.02,0.041
2026-08-23 21:51:20.152326,Vaishali Nagar,772.6,4.74,0.052
2026-08-23 22:51:20.152326,Vaishali Nagar,703.7,4.44,0.148
2026-08-23 23:51:20.152326,Vaishali Nagar,549.7,4.3,0.04
2026-08-24 00:51:20.152326,Vaishali Nagar,690.2,4.78,0.223
2026-08-24 01:51:20.152326,Vaishali Nagar,510.4,5.2,0.09
2026-08-24 02:51:20.152326,Vaishali Nagar,693.9,4.2,0.177
2026-08-24 03:51:20.152326,Vaishali Nagar,572.0,4.51,0.129
2026-08-24 04:51:20.152326,Vaishali Nagar,615.1,4.49,0.155
2026-08-24 05:51:20.152326,Vaishali Nagar,617.0,4.58,0.212
2026-08-24 06:51:20.152326,Vaishali Nagar,827.2,4.59,0.074
2026-08-24 07:51:20.152326,Vaishali Nagar,789.6,4.84,0.104
2026-08-24 08:51:20.152326,Vaishali Nagar,885.9,4.57,0.083
2026-08-24 09:51:20.152326,Vaishali Nagar,821.1,4.16,0.021
2026-08-24 10:51:20.152326,Vaishali Nagar,664.0,5.16,0.066
2026-08-24 11:51:20.152326,Vaishali Nagar,650.2,4.88,0.047
2026-08-24 12:51:20.152326,Vaishali Nagar,625.9,5.06,0.089
2026-08-24 13:51:20.152326,Vaishali Nagar,539.7,4.09,0.24
2026-08-24 14:51:20.152326,Vaishali Nagar,657.3,4.84,0.074
2026-08-24 15:51:20.152326,Vaishali Nagar,623.6,4.41,0.052
2026-08-24 16:51:20.152326,Vaishali Nagar,575.5,4.45,0.215
2026-08-24 17:51:20.152326,Vaishali Nagar,609.1,4.22,0.229
2026-08-24 18:51:20.152326,Vaishali Nagar,707.2,4.47,0.035
2026-08-24 19:51:20.152326,Vaishali Nagar,805.2,4.12,0.303
2026-08-24 20:51:20.152326,Vaishali Nagar,695.3,4.07,0.242
2026-08-24 21:51:20.152326,Vaishali Nagar,798.9,5.08,0.009
2026-08-24 22:51:20.152326,Vaishali Nagar,577.3,3.92,0.313
2026-08-24 23:51:20.152326,Vaishali Nagar,587.5,4.66,0.209
2026-08-25 00:51:20.152326,Vaishali Nagar,568.2,4.98,0.222
2026-08-25 01:51:20.152326,Vaishali Nagar,619.6,4.3,0.267
2026-08-25 02:51:20.152326,Vaishali Nagar,614.4,4.43,0.206
2026-08-25 03:51:20.152326,Vaishali Nagar,622.5,4.97,0.031
2026-08-25 04:51:20.152326,Vaishali Nagar,570.8,4.61,0.032
2026-08-25 05:51:20.152326,Vaishali Nagar,519.2,5.17,0.182
2026-08-25 06:51:20.152326,Vaishali Nagar,761.3,4.36,0.068
2026-08-25 07:51:20.152326,Vaishali Nagar,827.5,4.09,0.376
2026-08-25 08:51:20.152326,Vaishali Nagar,710.0,4.68,0.09
2026-08-25 09:51:20.152326,Vaishali Nagar,832.6,4.15,0.206
2026-08-25 10:51:20.152326,Vaishali Nagar,661.6,4.37,0.289
2026-08-25 11:51:20.152326,Vaishali Nagar,603.4,4.22,0.218
2026-08-25 12:51:20.152326,Vaishali Nagar,553.7,4.16,0.267
2026-08-25 13:51:20.152326,Vaishali Nagar,646.3,4.26,0.13
2026-08-25 14:51:20.152326,Vaishali Nagar,639.6,4.5,0.037
2026-08-25 15:51:20.152326,Vaishali Nagar,582.9,4.72,0.105
2026-08-25 16:51:20.152326,Vaishali Nagar,662.4,4.14,0.233
2026-08-25 17:51:20.152326,Vaishali Nagar,582.9,4.57,0.306
2026-08-25 18:51:20.152326,Vaishali Nagar,695.1,4.65,0.175
2026-08-25 19:51:20.152326,Vaishali Nagar,822.0,4.32,0.021
2026-08-25 20:51:20.152326,Vaishali Nagar,797.8,4.74,0.233
2026-08-25 21:51:20.152326,Vaishali Nagar,721.6,3.76,0.102
2026-08-25 22:51:20.152326,Vaishali Nagar,606.7,4.67,0.173
2026-08-25 23:51:20.152326,Vaishali Nagar,575.4,4.89,0.205
2026-08-26 00:51:20.152326,Vaishali Nagar,656.8,4.49,0.104
2026-08-26 01:51:20.152326,Vaishali Nagar,564.2,4.49,0.07
2026-08-26 02:51:20.152326,Vaishali Nagar,637.8,4.57,0.197
2026-08-26 03:51:20.152326,Vaishali Nagar,623.1,4.27,0.172
2026-08-26 04:51:20.152326,Vaishali Nagar,560.5,4.96,0.125
2026-08-26 05:51:20.152326,Vaishali Nagar,578.7,4.45,0.266
2026-08-26 06:51:20.152326,Vaishali Nagar,702.8,4.62,0.084
2026-08-26 07:51:20.152326,Vaishali Nagar,912.8,4.2,0.11
2026-08-26 08:51:20.152326,Vaishali Nagar,686.5,4.45,0.206
2026-08-26 09:51:20.152326,Vaishali Nagar,915.2,4.5,0.286
2026-08-26 10:51:20.152326,Vaishali Nagar,498.9,4.76,0.197
2026-08-26 11:51:20.152326,Vaishali Nagar,628.0,4.37,0.319
2026-08-26 12:51:20.152326,Vaishali Nagar,615.2,4.55,0.173
2026-08-26 13:51:20.152326,Vaishali Nagar,614.0,3.99,0.043
2026-08-26 14:51:20.152326,Vaishali Nagar,605.1,4.71,0.006
2026-08-26 15:51:20.152326,Vaishali Nagar,545.2,4.63,0.057
2026-08-26 16:51:20.152326,Vaishali Nagar,569.2,4.31,0.051
2026-08-26 17:51:20.152326,Vaishali Nagar,631.7,4.79,0.23
2026-08-26 18:51:20.152326,Vaishali Nagar,752.7,4.18,0.078
2026-08-26 19:51:20.152326,Vaishali Nagar,783.6,4.39,0.182
2026-08-26 20:51:20.152326,Vaishali Nagar,730.8,3.82,0.21
2026-08-26 21:51:20.152326,Vaishali Nagar,743.9,4.69,0.141
2026-08-26 22:51:20.152326,Vaishali Nagar,496.8,4.37,0.059
2026-08-26 23:51:20.152326,Vaishali Nagar,663.4,4.78,0.04
2026-08-27 00:51:20.152326,Vaishali Nagar,624.8,4.9,0.007
2026-08-27 01:51:20.152326,Vaishali Nagar,650.0,4.63,0.059
2026-08-27 02:51:20.152326,Vaishali Nagar,616.1,4.74,0.004
2026-08-27 03:51:20.152326,Vaishali Nagar,621.2,4.32,0.184
2026-08-27 04:51:20.152326,Vaishali Nagar,565.1,4.3,0.281
2026-08-27 05:51:20.152326,Vaishali Nagar,647.5,4.38,0.086
2026-08-27 06:51:20.152326,Vaishali Nagar,765.6,4.85,0.133
2026-08-27 07:51:20.152326,Vaishali Nagar,894.5,4.96,0.181
2026-08-27 08:51:20.152326,Vaishali Nagar,909.3,4.28,0.038
2026-08-27 09:51:20.152326,Vaishali Nagar,925.4,4.8,0.197
2026-08-27 10:51:20.152326,Vaishali Nagar,593.9,4.55,0.027
2026-08-27 11:51:20.152326,Vaishali Nagar,653.0,4.6,0.06
2026-08-27 12:51:20.152326,Vaishali Nagar,579.2,4.5,0.24
2026-08-27 13:51:20.152326,Vaishali Nagar,607.1,4.27,0.036
2026-08-27 14:51:20.152326,Vaishali Nagar,600.3,4.98,0.018
2026-08-27 15:51:20.152326,Vaishali Nagar,553.8,4.09,0.208
2026-08-27 16:51:20.152326,Vaishali Nagar,632.2,4.6,0.174
2026-08-27 17:51:20.152326,Vaishali Nagar,682.8,4.36,0.111
2026-08-27 18:51:20.152326,Vaishali Nagar,858.4,4.15,0.098
2026-08-27 19:51:20.152326,Vaishali Nagar,855.6,4.36,0.06
2026-08-27 20:51:20.152326,Vaishali Nagar,815.7,4.42,0.327
2026-08-27 21:51:20.152326,Vaishali Nagar,846.9,4.62,0.184
2026-08-27 22:51:20.152326,Vaishali Nagar,664.9,4.37,0.163
2026-08-27 23:51:20.152326,Vaishali Nagar,602.1,4.15,0.093
2026-08-28 00:51:20.152326,Vaishali Nagar,574.3,4.18,0.059
2026-08-28 01:51:20.152326,Vaishali Nagar,645.6,4.24,0.056
2026-08-28 02:51:20.152326,Vaishali Nagar,704.8,4.16,0.05
2026-08-28 03:51:20.152326,Vaishali Nagar,559.4,4.49,0.111
2026-08-28 04:51:20.152326,Vaishali Nagar,548.5,4.32,0.164
2026-08-28 05:51:20.152326,Vaishali Nagar,619.7,4.56,0.116
2026-08-28 06:51:20.152326,Vaishali Nagar,769.1,4.38,0.309
2026-08-28 07:51:20.152326,Vaishali Nagar,807.1,4.43,0.174
2026-08-28 08:51:20.152326,Vaishali Nagar,834.9,4.68,0.259
2026-08-28 09:51:20.152326,Vaishali Nagar,787.7,4.79,0.084
2026-08-28 10:51:20.152326,Vaishali Nagar,509.9,4.28,0.078
2026-08-28 11:51:20.152326,Vaishali Nagar,674.4,4.66,0.174
2026-08-28 12:51:20.152326,Vaishali Nagar,555.8,4.52,0.07
2026-08-28 13:51:20.152326,Vaishali Nagar,601.3,4.84,0.172
2026-08-28 14:51:20.152326,Vaishali Nagar,549.6,4.67,0.031
2026-08-28 15:51:20.152326,Vaishali Nagar,635.6,4.21,0.118
2026-08-28 16:51:20.152326,Vaishali Nagar,556.6,4.28,0.255
2026-08-28 17:51:20.152326,Vaishali Nagar,593.9,3.98,0.091
2026-08-28 18:51:20.152326,Vaishali Nagar,795.6,4.3,0.239
2026-08-28 19:51:20.152326,Vaishali Nagar,776.5,4.52,0.172
2026-08-28 20:51:20.152326,Vaishali Nagar,862.4,4.62,0.384
2026-08-28 21:51:20.152326,Vaishali Nagar,764.8,4.63,0.164
2026-08-28 22:51:20.152326,Vaishali Nagar,603.8,4.77,0.237
2026-08-28 23:51:20.152326,Vaishali Nagar,666.4,4.24,0.054
2026-08-29 00:51:20.152326,Vaishali Nagar,644.8,4.53,0.1
2026-08-29 01:51:20.152326,Vaishali Nagar,596.9,5.14,0.134
2026-08-29 02:51:20.152326,Vaishali Nagar,652.7,4.63,0.195
2026-08-29 03:51:20.152326,Vaishali Nagar,584.8,4.62,0.226
2026-08-29 04:51:20.152326,Vaishali Nagar,631.6,4.8,0.059
2026-08-29 05:51:20.152326,Vaishali Nagar,658.2,4.26,0.241
2026-08-29 06:51:20.152326,Vaishali Nagar,870.2,4.74,0.113
2026-08-29 07:51:20.152326,Vaishali Nagar,781.3,4.06,0.064
2026-08-29 08:51:20.152326,Vaishali Nagar,723.3,4.27,0.332
2026-08-29 09:51:20.152326,Vaishali Nagar,825.6,5.42,0.398
2026-08-29 10:51:20.152326,Vaishali Nagar,603.8,4.54,0.237
2026-08-29 11:51:20.152326,Vaishali Nagar,591.2,3.99,0.393
2026-08-29 12:51:20.152326,Vaishali Nagar,640.4,4.12,0.082
2026-08-29 13:51:20.152326,Vaishali Nagar,631.9,4.67,0.067
2026-08-29 14:51:20.152326,Vaishali Nagar,673.1,4.58,0.089
2026-08-29 15:51:20.152326,Vaishali Nagar,549.6,4.81,0.108
2026-08-29 16:51:20.152326,Vaishali Nagar,621.0,4.16,0.185
2026-08-29 17:51:20.152326,Vaishali Nagar,575.4,4.35,0.076
2026-08-29 18:51:20.152326,Vaishali Nagar,791.2,4.4,0.249
2026-08-29 19:51:20.152326,Vaishali Nagar,784.6,4.23,0.084
2026-08-29 20:51:20.152326,Vaishali Nagar,703.7,4.55,0.211
2026-08-29 21:51:20.152326,Vaishali Nagar,731.7,4.32,0.114
2026-08-29 22:51:20.152326,Vaishali Nagar,608.8,4.5,0.333
2026-08-29 23:51:20.152326,Vaishali Nagar,558.5,4.45,0.17
2026-08-30 00:51:20.152326,Vaishali Nagar,567.6,5.02,0.086
2026-08-30 01:51:20.152326,Vaishali Nagar,591.1,4.39,0.072
2026-08-30 02:51:20.152326,Vaishali Nagar,597.0,4.53,0.275
2026-08-30 03:51:20.152326,Vaishali Nagar,618.1,4.67,0.117
2026-08-30 04:51:20.152326,Vaishali Nagar,600.2,4.87,0.075
2026-08-30 05:51:20.152326,Vaishali Nagar,572.9,4.46,0.304
2026-08-30 06:51:20.152326,Vaishali Nagar,775.2,4.64,0.061
2026-08-30 07:51:20.152326,Vaishali Nagar,865.6,4.67,0.125
2026-08-30 08:51:20.152326,Vaishali Nagar,778.7,4.56,0.226
2026-08-30 09:51:20.152326,Vaishali Nagar,831.7,4.31,0.021
2026-08-30 10:51:20.152326,Vaishali Nagar,576.1,4.79,0.101
2026-08-30 11:51:20.152326,Vaishali Nagar,662.0,4.45,0.058
2026-08-30 12:51:20.152326,Vaishali Nagar,561.5,4.82,0.34
2026-08-30 13:51:20.152326,Vaishali Nagar,615.6,4.41,0.011
2026-08-30 14:51:20.152326,Vaishali Nagar,629.0,4.63,0.03
2026-08-30 15:51:20.152326,Vaishali Nagar,587.4,4.37,0.14
2026-08-30 16:51:20.152326,Vaishali Nagar,616.2,4.36,0.022
2026-08-30 17:51:20.152326,Vaishali Nagar,636.8,4.31,0.076
2026-08-30 18:51:20.152326,Vaishali Nagar,728.7,4.7,0.035
2026-08-30 19:51:20.152326,Vaishali Nagar,802.1,4.14,0.062
2026-08-30 20:51:20.152326,Vaishali Nagar,807.2,4.53,0.079
2026-08-30 21:51:20.152326,Vaishali Nagar,708.5,4.26,0.052
2026-08-30 22:51:20.152326,Vaishali Nagar,570.4,4.36,0.153
2026-08-30 23:51:20.152326,Vaishali Nagar,651.3,4.24,0.382
2026-08-31 00:51:20.152326,Vaishali Nagar,548.6,4.48,0.203
2026-08-31 01:51:20.152326,Vaishali Nagar,580.8,5.01,0.02
2026-08-31 02:51:20.152326,Vaishali Nagar,598.5,4.57,0.118
2026-08-31 03:51:20.152326,Vaishali Nagar,599.5,4.77,0.048
2026-08-31 04:51:20.152326,Vaishali Nagar,606.6,4.5,0.201
2026-08-31 05:51:20.152326,Vaishali Nagar,610.7,4.94,0.292
2026-08-31 06:51:20.152326,Vaishali Nagar,804.8,4.5,0.126
2026-08-31 07:51:20.152326,Vaishali Nagar,863.2,4.15,0.167
2026-08-31 08:51:20.152326,Vaishali Nagar,924.2,4.39,0.113
2026-08-31 09:51:20.152326,Vaishali Nagar,858.6,5.01,0.058
2026-08-31 10:51:20.152326,Vaishali Nagar,604.7,4.84,0.389
2026-08-31 11:51:20.152326,Vaishali Nagar,541.0,4.67,0.349
2026-08-31 12:51:20.152326,Vaishali Nagar,636.6,4.84,0.22
2026-08-31 13:51:20.152326,Vaishali Nagar,596.8,4.62,0.019
2026-08-31 14:51:20.152326,Vaishali Nagar,596.6,4.53,0.222
2026-08-31 15:51:20.152326,Vaishali Nagar,661.6,4.38,0.034
2026-08-31 16:51:20.152326,Vaishali Nagar,600.8,4.99,0.076
2026-08-31 17:51:20.152326,Vaishali Nagar,648.1,5.04,0.051
2026-08-31 18:51:20.152326,Vaishali Nagar,807.5,4.37,0.442
2026-08-31 19:51:20.152326,Vaishali Nagar,727.5,4.46,0.027
2026-08-31 20:51:20.152326,Vaishali Nagar,806.9,4.68,0.158
2026-08-31 21:51:20.152326,Vaishali Nagar,732.8,4.37,0.071
2026-08-31 22:51:20.152326,Vaishali Nagar,633.1,4.48,0.194
2026-08-31 23:51:20.152326,Vaishali Nagar,577.4,4.03,0.376
2026-09-01 00:51:20.152326,Vaishali Nagar,560.2,4.54,0.031
2026-09-01 01:51:20.152326,Vaishali Nagar,552.5,3.98,0.095
2026-09-01 02:51:20.152326,Vaishali Nagar,614.1,4.46,0.037
2026-09-01 03:51:20.152326,Vaishali Nagar,647.4,4.97,0.296
2026-09-01 04:51:20.152326,Vaishali Nagar,580.4,4.16,0.14
2026-09-01 05:51:20.152326,Vaishali Nagar,514.0,4.47,0.107
2026-09-01 06:51:20.152326,Vaishali Nagar,811.8,4.64,0.146
2026-09-01 07:51:20.152326,Vaishali Nagar,872.0,4.96,0.029
2026-09-01 08:51:20.152326,Vaishali Nagar,977.3,4.31,0.065
2026-09-01 09:51:20.152326,Vaishali Nagar,835.1,4.46,0.42
2026-09-01 10:51:20.152326,Vaishali Nagar,593.0,4.85,0.098
2026-09-01 11:51:20.152326,Vaishali Nagar,573.7,4.58,0.176
2026-09-01 12:51:20.152326,Vaishali Nagar,556.5,4.67,0.205
2026-09-01 13:51:20.152326,Vaishali Nagar,609.4,4.38,0.1
2026-09-01 14:51:20.152326,Vaishali Nagar,644.7,4.2,0.171
2026-09-01 15:51:20.152326,Vaishali Nagar,678.9,4.04,0.204
2026-09-01 16:51:20.152326,Vaishali Nagar,593.5,4.59,0.346
2026-09-01 17:51:20.152326,Vaishali Nagar,625.0,4.49,0.138
2026-09-01 18:51:20.152326,Vaishali Nagar,726.7,4.38,0.008
2026-09-01 19:51:20.152326,Vaishali Nagar,768.9,4.37,0.087
2026-09-01 20:51:20.152326,Vaishali Nagar,785.7,4.2,0.029
2026-09-01 21:51:20.152326,Vaishali Nagar,713.1,4.45,0.088
2026-09-01 22:51:20.152326,Vaishali Nagar,605.7,4.33,0.056
2026-09-01 23:51:20.152326,Vaishali Nagar,561.0,4.43,0.052
2026-09-02 00:51:20.152326,Vaishali Nagar,547.1,4.47,0.305
2026-09-02 01:51:20.152326,Vaishali Nagar,581.7,4.34,0.076
2026-09-02 02:51:20.152326,Vaishali Nagar,563.4,4.8,0.178
2026-09-02 03:51:20.152326,Vaishali Nagar,610.6,4.48,0.253
2026-09-02 04:51:20.152326,Vaishali Nagar,592.4,4.43,0.324
2026-09-02 05:51:20.152326,Vaishali Nagar,627.7,4.14,0.126
2026-09-02 06:51:20.152326,Vaishali Nagar,811.1,4.38,0.102
2026-09-02 07:51:20.152326,Vaishali Nagar,733.0,4.26,0.106
2026-09-02 08:51:20.152326,Vaishali Nagar,825.0,4.18,0.102
2026-09-02 09:51:20.152326,Vaishali Nagar,837.1,4.48,0.03
2026-09-02 10:51:20.152326,Vaishali Nagar,545.6,4.21,0.424
2026-09-02 11:51:20.152326,Vaishali Nagar,608.1,4.98,0.395
2026-09-02 12:51:20.152326,Vaishali Nagar,562.6,4.17,0.057
2026-09-02 13:51:20.152326,Vaishali Nagar,606.4,4.57,0.326
2026-09-02 14:51:20.152326,Vaishali Nagar,630.6,4.09,0.312
2026-09-02 15:51:20.152326,Vaishali Nagar,534.6,4.44,0.072
2026-09-02 16:51:20.152326,Vaishali Nagar,559.9,4.36,0.149
2026-09-02 17:51:20.152326,Vaishali Nagar,562.6,4.51,0.111
2026-09-02 18:51:20.152326,Vaishali Nagar,804.1,4.15,0.061
2026-09-02 19:51:20.152326,Vaishali Nagar,758.9,3.59,0.246
2026-09-02 20:51:20.152326,Vaishali Nagar,725.8,4.28,0.292
2026-09-02 21:51:20.152326,Vaishali Nagar,671.9,4.49,0.142
2026-09-02 22:51:20.152326,Vaishali Nagar,650.4,4.36,0.046
2026-09-02 23:51:20.152326,Vaishali Nagar,655.4,4.44,0.195
2026-09-03 00:51:20.152326,Vaishali Nagar,581.8,4.48,0.172
2026-09-03 01:51:20.152326,Vaishali Nagar,621.4,4.66,0.134
2026-09-03 02:51:20.152326,Vaishali Nagar,589.2,4.26,0.011
2026-09-03 03:51:20.152326,Vaishali Nagar,620.9,4.12,0.098
2026-09-03 04:51:20.152326,Vaishali Nagar,585.0,4.55,0.054
2026-09-03 05:51:20.152326,Vaishali Nagar,589.0,3.96,0.113
2026-09-03 06:51:20.152326,Vaishali Nagar,930.6,4.53,0.06
2026-09-03 07:51:20.152326,Vaishali Nagar,890.3,4.03,0.147
2026-09-03 08:51:20.152326,Vaishali Nagar,813.3,4.68,0.15
2026-09-03 09:51:20.152326,Vaishali Nagar,909.9,4.24,0.035
2026-09-03 10:51:20.152326,Vaishali Nagar,627.9,4.99,0.055
2026-09-03 11:51:20.152326,Vaishali Nagar,532.4,4.8,0.193
2026-09-03 12:51:20.152326,Vaishali Nagar,607.9,4.34,0.09
2026-09-03 13:51:20.152326,Vaishali Nagar,596.0,4.74,0.149
2026-09-03 14:51:20.152326,Vaishali Nagar,609.4,4.23,0.226
2026-09-03 15:51:20.152326,Vaishali Nagar,595.7,4.92,0.217
2026-09-03 16:51:20.152326,Vaishali Nagar,600.1,4.73,0.059
2026-09-03 17:51:20.152326,Vaishali Nagar,605.8,4.44,0.069
2026-09-03 18:51:20.152326,Vaishali Nagar,741.3,4.74,0.219
2026-09-03 19:51:20.152326,Vaishali Nagar,771.3,4.63,0.209
2026-09-03 20:51:20.152326,Vaishali Nagar,846.4,4.66,0.241
2026-09-03 21:51:20.152326,Vaishali Nagar,915.6,4.3,0.355
2026-09-03 22:51:20.152326,Vaishali Nagar,623.7,4.32,0.139
2026-09-03 23:51:20.152326,Vaishali Nagar,595.6,4.38,0.276
2026-09-04 00:51:20.152326,Vaishali Nagar,585.0,4.39,0.08
2026-09-04 01:51:20.152326,Vaishali Nagar,701.2,5.22,0.086
2026-09-04 02:51:20.152326,Vaishali Nagar,611.3,4.46,0.094
2026-09-04 03:51:20.152326,Vaishali Nagar,594.1,4.32,0.14
2026-09-04 04:51:20.152326,Vaishali Nagar,594.0,4.36,0.067
2026-09-04 05:51:20.152326,Vaishali Nagar,616.7,4.48,0.273
2026-09-04 06:51:20.152326,Vaishali Nagar,878.1,4.45,0.241
2026-09-04 07:51:20.152326,Vaishali Nagar,901.7,4.62,0.197
2026-09-04 08:51:20.152326,Vaishali Nagar,846.9,4.21,0.109
2026-09-04 09:51:20.152326,Vaishali Nagar,889.8,4.55,0.066
2026-09-04 10:51:20.152326,Vaishali Nagar,552.9,5.15,0.208
2026-09-04 11:51:20.152326,Vaishali Nagar,542.7,4.22,0.075
2026-09-04 12:51:20.152326,Vaishali Nagar,583.8,5.06,0.263
2026-09-04 13:51:20.152326,Vaishali Nagar,563.9,4.62,0.093
2026-09-04 14:51:20.152326,Vaishali Nagar,584.3,4.63,0.334
2026-09-04 15:51:20.152326,Vaishali Nagar,621.6,4.31,0.006
2026-09-04 16:51:20.152326,Vaishali Nagar,564.8,4.95,0.007
2026-09-04 17:51:20.152326,Vaishali Nagar,665.6,4.52,0.199
2026-09-04 18:51:20.152326,Vaishali Nagar,833.3,4.43,0.16
2026-09-04 19:51:20.152326,Vaishali Nagar,926.7,4.54,0.061
2026-09-04 20:51:20.152326,Vaishali Nagar,684.2,4.32,0.368
2026-09-04 21:51:20.152326,Vaishali Nagar,826.0,4.27,0.131
2026-09-04 22:51:20.152326,Vaishali Nagar,611.7,4.62,0.052
2026-09-04 23:51:20.152326,Vaishali Nagar,623.5,4.36,0.021
2026-09-05 00:51:20.152326,Vaishali Nagar,563.4,4.41,0.09
2026-09-05 01:51:20.152326,Vaishali Nagar,587.9,4.75,0.029
2026-09-05 02:51:20.152326,Vaishali Nagar,653.9,4.52,0.102
2026-09-05 03:51:20.152326,Vaishali Nagar,549.6,4.6,0.169
2026-09-05 04:51:20.152326,Vaishali Nagar,557.3,5.39,0.124
2026-09-05 05:51:20.152326,Vaishali Nagar,572.1,4.53,0.118
2026-09-05 06:51:20.152326,Vaishali Nagar,875.8,4.98,0.189
2026-09-05 07:51:20.152326,Vaishali Nagar,956.9,4.22,0.146
2026-09-05 08:51:20.152326,Vaishali Nagar,911.8,4.12,0.14
2026-09-05 09:51:20.152326,Vaishali Nagar,881.4,4.69,0.487
2026-09-05 10:51:20.152326,Vaishali Nagar,597.0,4.5,0.121
2026-09-05 11:51:20.152326,Vaishali Nagar,550.6,4.97,0.073
2026-09-05 12:51:20.152326,Vaishali Nagar,554.6,4.33,0.103
2026-09-05 13:51:20.152326,Vaishali Nagar,632.7,4.33,0.063
2026-09-05 14:51:20.152326,Vaishali Nagar,636.3,4.73,0.094
2026-09-05 15:51:20.152326,Vaishali Nagar,696.3,4.07,0.164
2026-09-05 16:51:20.152326,Vaishali Nagar,677.9,4.76,0.195
2026-09-05 17:51:20.152326,Vaishali Nagar,628.2,4.35,0.334
2026-09-05 18:51:20.152326,Vaishali Nagar,803.9,4.86,0.068
2026-09-05 19:51:20.152326,Vaishali Nagar,764.2,4.3,0.349
2026-09-05 20:51:20.152326,Vaishali Nagar,786.4,4.8,0.076
2026-09-05 21:51:20.152326,Vaishali Nagar,824.5,4.12,0.126
2026-09-05 22:51:20.152326,Vaishali Nagar,645.9,4.78,0.041
2026-09-05 23:51:20.152326,Vaishali Nagar,612.5,4.66,0.072
2026-09-06 00:51:20.152326,Vaishali Nagar,567.7,4.13,0.086
2026-09-06 01:51:20.152326,Vaishali Nagar,689.9,4.54,0.094
2026-09-06 02:51:20.152326,Vaishali Nagar,564.4,4.36,0.197
2026-09-06 03:51:20.152326,Vaishali Nagar,575.3,4.48,0.154
2026-09-06 04:51:20.152326,Vaishali Nagar,587.9,4.77,0.226
2026-09-06 05:51:20.152326,Vaishali Nagar,553.9,4.25,0.036
2026-09-06 06:51:20.152326,Vaishali Nagar,828.1,4.23,0.062
2026-09-06 07:51:20.152326,Vaishali Nagar,877.3,4.37,0.014
2026-09-06 08:51:20.152326,Vaishali Nagar,836.9,4.79,0.143
2026-09-06 09:51:20.152326,Vaishali Nagar,882.2,4.3,0.373
2026-09-06 10:51:20.152326,Vaishali Nagar,629.7,4.72,0.116
2026-09-06 11:51:20.152326,Vaishali Nagar,599.1,4.47,0.036
2026-09-06 12:51:20.152326,Vaishali Nagar,603.6,4.69,0.317
2026-09-06 13:51:20.152326,Vaishali Nagar,605.2,4.06,0.015
2026-09-06 14:51:20.152326,Vaishali Nagar,616.1,4.67,0.549
2026-09-06 15:51:20.152326,Vaishali Nagar,616.8,4.46,0.077
2026-09-06 16:51:20.152326,Vaishali Nagar,628.7,4.99,0.304
2026-09-06 17:51:20.152326,Vaishali Nagar,560.5,5.09,0.041
2026-09-06 18:51:20.152326,Vaishali Nagar,797.8,4.31,0.124
2026-09-06 19:51:20.152326,Vaishali Nagar,785.6,4.72,0.26
2026-09-06 20:51:20.152326,Vaishali Nagar,735.2,4.32,0.095
2026-09-06 21:51:20.152326,Vaishali Nagar,764.3,4.49,0.004
2026-09-06 22:51:20.152326,Vaishali Nagar,630.5,4.22,0.041
2026-09-06 23:51:20.152326,Vaishali Nagar,599.6,4.38,0.134
2026-09-07 00:51:20.152326,Vaishali Nagar,608.8,3.99,0.156
2026-09-07 01:51:20.152326,Vaishali Nagar,597.8,5.0,0.149
2026-09-07 02:51:20.152326,Vaishali Nagar,584.1,4.56,0.204
2026-09-07 03:51:20.152326,Vaishali Nagar,657.7,4.7,0.114
2026-09-07 04:51:20.152326,Vaishali Nagar,613.8,4.22,0.069
2026-09-07 05:51:20.152326,Vaishali Nagar,672.5,4.62,0.356
2026-09-07 06:51:20.152326,Vaishali Nagar,893.8,4.9,0.054
2026-09-07 07:51:20.152326,Vaishali Nagar,826.0,4.44,0.455
2026-09-07 08:51:20.152326,Vaishali Nagar,829.5,4.93,0.007
2026-09-07 09:51:20.152326,Vaishali Nagar,878.7,3.82,0.06
2026-09-07 10:51:20.152326,Vaishali Nagar,561.7,4.82,0.054
2026-09-07 11:51:20.152326,Vaishali Nagar,566.5,4.29,0.067
2026-09-07 12:51:20.152326,Vaishali Nagar,604.0,4.38,0.055
2026-09-07 13:51:20.152326,Vaishali Nagar,621.9,4.43,0.055
2026-09-07 14:51:20.152326,Vaishali Nagar,515.6,4.56,0.134
2026-09-07 15:51:20.152326,Vaishali Nagar,565.5,4.35,0.091
2026-09-07 16:51:20.152326,Vaishali Nagar,546.2,4.03,0.091
2026-09-07 17:51:20.152326,Vaishali Nagar,554.6,4.64,0.196
2026-09-07 18:51:20.152326,Vaishali Nagar,741.1,3.94,0.048
2026-09-07 19:51:20.152326,Vaishali Nagar,759.9,3.68,0.428
2026-09-07 20:51:20.152326,Vaishali Nagar,762.8,4.83,0.134
2026-09-07 21:51:20.152326,Vaishali Nagar,765.3,4.96,0.232
2026-09-07 22:51:20.152326,Vaishali Nagar,553.1,4.59,0.048
2026-09-07 23:51:20.152326,Vaishali Nagar,585.6,5.05,0.309
2026-09-08 00:51:20.152326,Vaishali Nagar,559.7,4.58,0.13
2026-09-08 01:51:20.152326,Vaishali Nagar,636.1,4.11,0.27
2026-09-08 02:51:20.152326,Vaishali Nagar,607.0,4.82,0.082
2026-09-08 03:51:20.152326,Vaishali Nagar,580.6,4.23,0.051
2026-09-08 04:51:20.152326,Vaishali Nagar,602.1,4.76,0.113
2026-09-08 05:51:20.152326,Vaishali Nagar,589.4,4.54,0.125
2026-09-08 06:51:20.152326,Vaishali Nagar,921.1,4.16,0.509
2026-09-08 07:51:20.152326,Vaishali Nagar,837.5,4.19,0.065
2026-09-08 08:51:20.152326,Vaishali Nagar,793.7,4.48,0.138
2026-09-08 09:51:20.152326,Vaishali Nagar,749.3,4.54,0.619
2026-09-08 10:51:20.152326,Vaishali Nagar,560.9,5.08,0.116
2026-09-08 11:51:20.152326,Vaishali Nagar,549.1,4.08,0.113
2026-09-08 12:51:20.152326,Vaishali Nagar,630.0,4.56,0.302
2026-09-08 13:51:20.152326,Vaishali Nagar,599.5,4.32,0.186
2026-09-08 14:51:20.152326,Vaishali Nagar,642.5,4.89,0.354
2026-09-08 15:51:20.152326,Vaishali Nagar,540.2,4.48,0.115
2026-09-08 16:51:20.152326,Vaishali Nagar,652.6,4.27,0.22
2026-09-08 17:51:20.152326,Vaishali Nagar,659.9,4.55,0.115
2026-09-08 18:51:20.152326,Vaishali Nagar,762.8,4.59,0.085
2026-09-08 19:51:20.152326,Vaishali Nagar,844.0,4.46,0.327
2026-09-08 20:51:20.152326,Vaishali Nagar,775.5,4.84,0.082
2026-09-08 21:51:20.152326,Vaishali Nagar,772.6,4.18,0.232
2026-09-08 22:51:20.152326,Vaishali Nagar,565.8,4.77,0.103
2026-09-08 23:51:20.152326,Vaishali Nagar,618.6,4.45,0.069
2026-09-09 00:51:20.152326,Vaishali Nagar,606.7,4.58,0.264
2026-09-09 01:51:20.152326,Vaishali Nagar,616.6,4.87,0.116
2026-09-09 02:51:20.152326,Vaishali Nagar,564.6,4.43,0.391
2026-09-09 03:51:20.152326,Vaishali Nagar,535.3,5.28,0.011
2026-09-09 04:51:20.152326,Vaishali Nagar,645.7,4.44,0.181
2026-09-09 05:51:20.152326,Vaishali Nagar,547.6,4.09,0.055
2026-09-09 06:51:20.152326,Vaishali Nagar,892.0,4.7,0.026
2026-09-09 07:51:20.152326,Vaishali Nagar,790.5,4.54,0.074
2026-09-09 08:51:20.152326,Vaishali Nagar,923.1,4.4,0.391
2026-09-09 09:51:20.152326,Vaishali Nagar,693.0,4.33,0.215
2026-09-09 10:51:20.152326,Vaishali Nagar,586.3,4.28,0.023
2026-09-09 11:51:20.152326,Vaishali Nagar,542.4,5.12,0.056
2026-09-09 12:51:20.152326,Vaishali Nagar,562.6,4.04,0.085
2026-09-09 13:51:20.152326,Vaishali Nagar,670.8,4.83,0.015
2026-09-09 14:51:20.152326,Vaishali Nagar,582.4,4.32,0.039
2026-09-09 15:51:20.152326,Vaishali Nagar,606.1,4.65,0.046
2026-09-09 16:51:20.152326,Vaishali Nagar,560.5,4.61,0.026
2026-09-09 17:51:20.152326,Vaishali Nagar,551.8,4.12,0.037
2026-09-09 18:51:20.152326,Vaishali Nagar,728.3,4.28,0.196
2026-09-09 19:51:20.152326,Vaishali Nagar,827.1,4.21,0.058
2026-09-09 20:51:20.152326,Vaishali Nagar,814.2,4.67,0.277
2026-09-09 21:51:20.152326,Vaishali Nagar,784.3,3.8,0.17
2026-09-09 22:51:20.152326,Vaishali Nagar,536.2,4.81,0.335
2026-09-09 23:51:20.152326,Vaishali Nagar,618.3,4.63,0.115
2026-09-10 00:51:20.152326,Vaishali Nagar,537.5,4.47,0.071
2026-09-10 01:51:20.152326,Vaishali Nagar,657.2,4.33,0.11
2026-09-10 02:51:20.152326,Vaishali Nagar,570.4,4.24,0.098
2026-09-10 03:51:20.152326,Vaishali Nagar,622.8,3.75,0.046
2026-09-10 04:51:20.152326,Vaishali Nagar,573.4,4.21,0.017
2026-09-10 05:51:20.152326,Vaishali Nagar,677.8,4.79,0.414
2026-09-10 06:51:20.152326,Vaishali Nagar,883.9,4.45,0.118
2026-09-10 07:51:20.152326,Vaishali Nagar,897.7,4.05,0.128
2026-09-10 08:51:20.152326,Vaishali Nagar,903.4,4.41,0.077
2026-09-10 09:51:20.152326,Vaishali Nagar,841.0,4.32,0.144
2026-09-10 10:51:20.152326,Vaishali Nagar,584.5,4.43,0.01
2026-09-10 11:51:20.152326,Vaishali Nagar,669.7,4.44,0.036
2026-09-10 12:51:20.152326,Vaishali Nagar,662.8,4.27,0.185
2026-09-10 13:51:20.152326,Vaishali Nagar,628.1,4.63,0.087
2026-09-10 14:51:20.152326,Vaishali Nagar,595.9,5.0,0.083
2026-09-10 15:51:20.152326,Vaishali Nagar,536.2,4.18,0.017
2026-09-10 16:51:20.152326,Vaishali Nagar,511.0,4.11,0.313
2026-09-10 17:51:20.152326,Vaishali Nagar,580.8,4.57,0.05
2026-09-10 18:51:20.152326,Vaishali Nagar,757.7,3.88,0.355
2026-09-10 19:51:20.152326,Vaishali Nagar,789.2,5.09,0.16
2026-09-10 20:51:20.152326,Vaishali Nagar,787.8,4.71,0.153
2026-09-10 21:51:20.152326,Vaishali Nagar,691.0,4.7,0.181
2026-09-10 22:51:20.152326,Vaishali Nagar,605.4,3.87,0.062
2026-09-10 23:51:20.152326,Vaishali Nagar,592.1,4.55,0.185
2026-09-11 00:51:20.152326,Vaishali Nagar,552.6,4.33,0.04
2026-09-11 01:51:20.152326,Vaishali Nagar,638.6,4.54,0.024
2026-09-11 02:51:20.152326,Vaishali Nagar,648.4,4.23,0.499
2026-09-11 03:51:20.152326,Vaishali Nagar,673.6,3.91,0.031
2026-09-11 04:51:20.152326,Vaishali Nagar,564.8,4.77,0.174
2026-09-11 05:51:20.152326,Vaishali Nagar,605.6,4.71,0.024
2026-09-11 06:51:20.152326,Vaishali Nagar,872.9,4.12,0.19
2026-09-11 07:51:20.152326,Vaishali Nagar,849.4,5.05,0.03
2026-09-11 08:51:20.152326,Vaishali Nagar,691.5,4.33,0.17
2026-09-11 09:51:20.152326,Vaishali Nagar,911.1,4.55,0.335
2026-09-11 10:51:20.152326,Vaishali Nagar,623.1,4.12,0.018
2026-09-11 11:51:20.152326,Vaishali Nagar,657.3,4.79,0.14
2026-09-11 12:51:20.152326,Vaishali Nagar,621.5,4.38,0.15
2026-09-11 13:51:20.152326,Vaishali Nagar,574.8,4.57,0.128
2026-09-11 14:51:20.152326,Vaishali Nagar,646.2,4.09,0.207
2026-09-11 15:51:20.152326,Vaishali Nagar,721.8,4.18,0.048
2026-09-11 16:51:20.152326,Vaishali Nagar,656.0,4.31,0.237
2026-09-11 17:51:20.152326,Vaishali Nagar,552.3,4.63,0.314
2026-09-11 18:51:20.152326,Vaishali Nagar,737.3,4.87,0.111
2026-09-11 19:51:20.152326,Vaishali Nagar,846.3,4.04,0.063
2026-09-11 20:51:20.152326,Vaishali Nagar,799.0,4.68,0.279
2026-09-11 21:51:20.152326,Vaishali Nagar,694.8,4.51,0.2
2026-09-11 22:51:20.152326,Vaishali Nagar,584.9,4.58,0.037
2026-09-11 23:51:20.152326,Vaishali Nagar,556.2,4.79,0.197
2026-09-12 00:51:20.152326,Vaishali Nagar,612.2,4.27,0.273
2026-09-12 01:51:20.152326,Vaishali Nagar,578.7,4.5,0.009
2026-09-12 02:51:20.152326,Vaishali Nagar,600.1,4.58,0.03
2026-09-12 03:51:20.152326,Vaishali Nagar,585.6,4.33,0.149
2026-09-12 04:51:20.152326,Vaishali Nagar,607.5,4.26,0.041
2026-09-12 05:51:20.152326,Vaishali Nagar,626.3,4.31,0.11
2026-09-12 06:51:20.152326,Vaishali Nagar,810.6,4.37,0.027
2026-09-12 07:51:20.152326,Vaishali Nagar,866.6,5.08,0.172
2026-09-12 08:51:20.152326,Vaishali Nagar,779.0,4.24,0.286
2026-09-12 09:51:20.152326,Vaishali Nagar,870.6,4.71,0.035
2026-09-12 10:51:20.152326,Vaishali Nagar,533.2,4.85,0.319
2026-09-12 11:51:20.152326,Vaishali Nagar,591.2,4.85,0.05
2026-09-12 12:51:20.152326,Vaishali Nagar,595.8,4.46,0.275
2026-09-12 13:51:20.152326,Vaishali Nagar,612.5,5.11,0.071
2026-09-12 14:51:20.152326,Vaishali Nagar,623.3,4.38,0.149
2026-09-12 15:51:20.152326,Vaishali Nagar,633.6,4.64,0.059
2026-09-12 16:51:20.152326,Vaishali Nagar,566.4,4.43,0.038
2026-09-12 17:51:20.152326,Vaishali Nagar,656.5,4.86,0.092
2026-09-12 18:51:20.152326,Vaishali Nagar,774.8,4.81,0.274
2026-09-12 19:51:20.152326,Vaishali Nagar,895.4,4.72,0.295
2026-09-12 20:51:20.152326,Vaishali Nagar,826.2,4.1,0.13
2026-09-12 21:51:20.152326,Vaishali Nagar,759.6,4.85,0.019
2026-09-12 22:51:20.152326,Vaishali Nagar,577.3,4.77,0.241
2026-09-12 23:51:20.152326,Vaishali Nagar,610.0,4.36,0.119
2026-09-13 00:51:20.152326,Vaishali Nagar,682.3,4.92,0.344
2026-09-13 01:51:20.152326,Vaishali Nagar,591.7,4.93,0.344
2026-09-13 02:51:20.152326,Vaishali Nagar,555.6,4.57,0.372
2026-09-13 03:51:20.152326,Vaishali Nagar,586.8,4.41,0.008
2026-09-13 04:51:20.152326,Vaishali Nagar,556.0,4.53,0.153
2026-09-13 05:51:20.152326,Vaishali Nagar,626.0,4.18,0.006
2026-09-13 06:51:20.152326,Vaishali Nagar,864.1,4.62,0.278
2026-09-13 07:51:20.152326,Vaishali Nagar,852.8,4.33,0.081
2026-09-13 08:51:20.152326,Vaishali Nagar,866.3,4.55,0.426
2026-09-13 09:51:20.152326,Vaishali Nagar,813.2,4.22,0.041
2026-09-13 10:51:20.152326,Vaishali Nagar,621.9,4.82,0.132
2026-09-13 11:51:20.152326,Vaishali Nagar,552.7,4.67,0.288
2026-09-13 12:51:20.152326,Vaishali Nagar,483.7,3.99,0.128
2026-09-13 13:51:20.152326,Vaishali Nagar,583.6,4.62,0.091
2026-09-13 14:51:20.152326,Vaishali Nagar,537.0,4.05,0.108
2026-09-13 15:51:20.152326,Vaishali Nagar,582.6,4.71,0.046
2026-09-13 16:51:20.152326,Vaishali Nagar,640.1,4.74,0.178
2026-09-13 17:51:20.152326,Vaishali Nagar,618.6,4.25,0.062
2026-09-13 18:51:20.152326,Vaishali Nagar,751.9,4.58,0.252
2026-09-13 19:51:20.152326,Vaishali Nagar,786.7,4.42,0.141
2026-09-13 20:51:20.152326,Vaishali Nagar,771.5,4.75,0.037
2026-09-13 21:51:20.152326,Vaishali Nagar,738.3,4.54,0.555
2026-09-13 22:51:20.152326,Vaishali Nagar,546.4,4.43,0.18
2026-09-13 23:51:20.152326,Vaishali Nagar,671.4,4.47,0.153
2026-09-14 00:51:20.152326,Vaishali Nagar,576.1,4.59,0.091
2026-09-14 01:51:20.152326,Vaishali Nagar,672.2,4.91,0.074
2026-09-14 02:51:20.152326,Vaishali Nagar,572.4,3.95,0.202
2026-09-14 03:51:20.152326,Vaishali Nagar,621.2,4.2,0.034
2026-09-14 04:51:20.152326,Vaishali Nagar,614.0,4.63,0.029
2026-09-14 05:51:20.152326,Vaishali Nagar,611.7,4.53,0.286
2026-09-14 06:51:20.152326,Vaishali Nagar,860.9,4.42,0.232
2026-09-14 07:51:20.152326,Vaishali Nagar,741.2,4.46,0.03
2026-09-14 08:51:20.152326,Vaishali Nagar,730.8,4.13,0.336
2026-09-14 09:51:20.152326,Vaishali Nagar,894.8,4.4,0.058
2026-09-14 10:51:20.152326,Vaishali Nagar,666.5,4.53,0.335
2026-09-14 11:51:20.152326,Vaishali Nagar,579.2,4.31,0.048
2026-09-14 12:51:20.152326,Vaishali Nagar,640.4,4.12,0.027
2026-09-14 13:51:20.152326,Vaishali Nagar,554.5,4.08,0.388
2026-09-14 14:51:20.152326,Vaishali Nagar,626.9,4.56,0.088
2026-09-14 15:51:20.152326,Vaishali Nagar,648.9,4.84,0.147
2026-09-14 16:51:20.152326,Vaishali Nagar,587.3,4.61,0.266
2026-09-14 17:51:20.152326,Vaishali Nagar,686.1,4.24,0.244
2026-09-14 18:51:20.152326,Vaishali Nagar,825.9,4.79,0.063
2026-09-14 19:51:20.152326,Vaishali Nagar,834.6,4.67,0.312
2026-09-14 20:51:20.152326,Vaishali Nagar,780.4,4.25,0.037
2026-09-14 21:51:20.152326,Vaishali Nagar,780.8,4.55,0.214
2026-09-14 22:51:20.152326,Vaishali Nagar,650.5,4.49,0.096
2026-09-14 23:51:20.152326,Vaishali Nagar,580.5,4.48,0.204
2026-09-15 00:51:20.152326,Vaishali Nagar,503.8,3.77,0.4
2026-09-15 01:51:20.152326,Vaishali Nagar,556.3,4.72,0.39
2026-09-15 02:51:20.152326,Vaishali Nagar,586.9,4.97,0.04
2026-09-15 03:51:20.152326,Vaishali Nagar,614.2,4.4,0.06
2026-09-15 04:51:20.152326,Vaishali Nagar,587.9,4.82,0.108
2026-09-15 05:51:20.152326,Vaishali Nagar,513.8,4.37,0.201
2026-09-15 06:51:20.152326,Vaishali Nagar,948.0,4.62,0.072
2026-09-15 07:51:20.152326,Vaishali Nagar,789.1,4.68,0.221
2026-09-15 08:51:20.152326,Vaishali Nagar,796.7,4.49,0.192
2026-09-15 09:51:20.152326,Vaishali Nagar,681.4,4.5,0.199
2026-09-15 10:51:20.152326,Vaishali Nagar,659.3,4.32,0.048
2026-09-15 11:51:20.152326,Vaishali Nagar,602.0,4.96,0.098
2026-09-15 12:51:20.152326,Vaishali Nagar,607.5,4.48,0.102
2026-09-15 13:51:20.152326,Vaishali Nagar,620.0,4.16,0.189
2026-09-15 14:51:20.152326,Vaishali Nagar,632.0,4.58,0.052
2026-09-15 15:51:20.152326,Vaishali Nagar,628.9,4.21,0.039
2026-09-15 16:51:20.152326,Vaishali Nagar,610.6,4.49,0.156
2026-09-15 17:51:20.152326,Vaishali Nagar,566.5,4.77,0.151
2026-09-15 18:51:20.152326,Vaishali Nagar,757.4,4.4,0.15
2026-09-15 19:51:20.152326,Vaishali Nagar,811.9,3.93,0.308
2026-09-15 20:51:20.152326,Vaishali Nagar,825.1,4.64,0.097
2026-09-15 21:51:20.152326,Vaishali Nagar,811.5,5.18,0.045
2026-09-15 22:51:20.152326,Vaishali Nagar,589.4,4.98,0.435
2026-09-15 23:51:20.152326,Vaishali Nagar,661.6,4.63,0.082
2026-09-16 00:51:20.152326,Vaishali Nagar,543.4,4.28,0.081
2026-09-16 01:51:20.152326,Vaishali Nagar,645.6,5.07,0.21
2026-09-16 02:51:20.152326,Vaishali Nagar,501.9,4.67,0.331
2026-09-16 03:51:20.152326,Vaishali Nagar,558.7,4.61,0.096
2026-09-16 04:51:20.152326,Vaishali Nagar,577.2,4.94,0.08
2026-09-16 05:51:20.152326,Vaishali Nagar,671.1,4.8,0.102
2026-09-16 06:51:20.152326,Vaishali Nagar,900.6,4.41,0.043
2026-09-16 07:51:20.152326,Vaishali Nagar,834.9,4.76,0.122
2026-09-16 08:51:20.152326,Vaishali Nagar,956.7,4.43,0.176
2026-09-16 09:51:20.152326,Vaishali Nagar,859.3,4.26,0.497
2026-09-16 10:51:20.152326,Vaishali Nagar,655.1,4.24,0.053
2026-09-16 11:51:20.152326,Vaishali Nagar,641.1,4.51,0.197
2026-09-16 12:51:20.152326,Vaishali Nagar,544.9,4.93,0.26
2026-09-16 13:51:20.152326,Vaishali Nagar,593.6,4.6,0.087
2026-09-16 14:51:20.152326,Vaishali Nagar,605.2,4.59,0.242
2026-09-16 15:51:20.152326,Vaishali Nagar,586.1,4.38,0.124
2026-09-16 16:51:20.152326,Vaishali Nagar,630.7,4.11,0.183
2026-09-16 17:51:20.152326,Vaishali Nagar,617.9,4.34,0.134
2026-09-16 18:51:20.152326,Vaishali Nagar,726.0,4.65,0.029
2026-09-16 19:51:20.152326,Vaishali Nagar,814.0,4.79,0.077
2026-09-16 20:51:20.152326,Vaishali Nagar,759.6,4.15,0.102
2026-09-16 21:51:20.152326,Vaishali Nagar,771.9,4.39,0.267
2026-09-16 22:51:20.152326,Vaishali Nagar,554.8,4.04,0.214
2026-09-16 23:51:20.152326,Vaishali Nagar,609.6,4.59,0.073
2026-09-17 00:51:20.152326,Vaishali Nagar,607.5,4.39,0.138
2026-09-17 01:51:20.152326,Vaishali Nagar,587.2,4.35,0.118
2026-09-17 02:51:20.152326,Vaishali Nagar,704.2,4.79,0.055
2026-09-17 03:51:20.152326,Vaishali Nagar,605.1,3.9,0.251
2026-09-17 04:51:20.152326,Vaishali Nagar,594.6,4.76,0.176
2026-09-17 05:51:20.152326,Vaishali Nagar,535.3,5.07,0.389
2026-09-17 06:51:20.152326,Vaishali Nagar,858.7,4.83,0.153
2026-09-17 07:51:20.152326,Vaishali Nagar,886.2,4.37,0.148
2026-09-17 08:51:20.152326,Vaishali Nagar,867.7,4.23,0.007
2026-09-17 09:51:20.152326,Vaishali Nagar,890.8,4.27,0.207
2026-09-17 10:51:20.152326,Vaishali Nagar,623.2,4.69,0.24
2026-09-17 11:51:20.152326,Vaishali Nagar,536.1,4.23,0.023
2026-09-17 12:51:20.152326,Vaishali Nagar,608.7,4.54,0.193
2026-09-17 13:51:20.152326,Vaishali Nagar,591.9,4.77,0.084
2026-09-17 14:51:20.152326,Vaishali Nagar,627.3,4.41,0.174
2026-09-17 15:51:20.152326,Vaishali Nagar,592.4,4.67,0.107
2026-09-17 16:51:20.152326,Vaishali Nagar,593.0,4.46,0.26
2026-09-17 17:51:20.152326,Vaishali Nagar,719.5,4.71,0.152
2026-09-17 18:51:20.152326,Vaishali Nagar,647.0,4.29,0.315
2026-09-17 19:51:20.152326,Vaishali Nagar,789.5,4.7,0.334
2026-09-17 20:51:20.152326,Vaishali Nagar,719.3,4.76,0.169
2026-09-17 21:51:20.152326,Vaishali Nagar,706.6,4.31,0.328
2026-09-17 22:51:20.152326,Vaishali Nagar,532.8,4.48,0.362
2026-09-17 23:51:20.152326,Vaishali Nagar,568.4,4.11,0.237
2026-09-18 00:51:20.152326,Vaishali Nagar,598.5,3.83,0.054
2026-09-18 01:51:20.152326,Vaishali Nagar,652.1,4.84,0.188
2026-09-18 02:51:20.152326,Vaishali Nagar,554.2,4.5,0.125
2026-09-18 03:51:20.152326,Vaishali Nagar,598.6,4.57,0.24
2026-09-18 04:51:20.152326,Vaishali Nagar,623.4,4.55,0.161
2026-09-18 05:51:20.152326,Vaishali Nagar,660.7,4.81,0.162
2026-09-18 06:51:20.152326,Vaishali Nagar,848.1,4.82,0.194
2026-09-18 07:51:20.152326,Vaishali Nagar,885.0,4.92,0.235
2026-09-18 08:51:20.152326,Vaishali Nagar,849.1,4.68,0.069
2026-09-18 09:51:20.152326,Vaishali Nagar,762.0,4.34,0.158
2026-09-18 10:51:20.152326,Vaishali Nagar,619.6,4.2,0.234
2026-09-18 11:51:20.152326,Vaishali Nagar,628.5,4.65,0.208
2026-09-18 12:51:20.152326,Vaishali Nagar,595.9,4.18,0.269
2026-09-18 13:51:20.152326,Vaishali Nagar,643.1,4.18,0.101
2026-09-18 14:51:20.152326,Vaishali Nagar,589.9,4.3,0.019
2026-09-18 15:51:20.152326,Vaishali Nagar,604.8,4.34,0.305
2026-09-18 16:51:20.152326,Vaishali Nagar,654.7,4.41,0.167
2026-09-18 17:51:20.152326,Vaishali Nagar,591.8,4.16,0.221
2026-09-18 18:51:20.152326,Vaishali Nagar,825.1,4.61,0.063
2026-09-18 19:51:20.152326,Vaishali Nagar,795.3,4.44,0.116
2026-09-18 20:51:20.152326,Vaishali Nagar,741.1,4.76,0.222
2026-09-18 21:51:20.152326,Vaishali Nagar,682.2,4.42,0.089
2026-09-18 22:51:20.152326,Vaishali Nagar,609.4,4.62,0.051
2026-09-18 23:51:20.152326,Vaishali Nagar,645.5,4.54,0.046
2026-09-19 00:51:20.152326,Vaishali Nagar,585.3,4.42,0.165
2026-09-19 01:51:20.152326,Vaishali Nagar,581.3,4.23,0.009
2026-09-19 02:51:20.152326,Vaishali Nagar,596.6,4.46,0.204
2026-09-19 03:51:20.152326,Vaishali Nagar,567.0,4.7,0.153
2026-09-19 04:51:20.152326,Vaishali Nagar,572.0,4.89,0.325
2026-09-19 05:51:20.152326,Vaishali Nagar,531.4,4.47,0.25
2026-09-19 06:51:20.152326,Vaishali Nagar,774.5,4.34,0.191
2026-09-19 07:51:20.152326,Vaishali Nagar,810.9,4.68,0.031
2026-09-19 08:51:20.152326,Vaishali Nagar,793.9,4.25,0.202
2026-09-19 09:51:20.152326,Vaishali Nagar,820.0,4.48,0.237
2026-09-19 10:51:20.152326,Vaishali Nagar,556.8,4.64,0.063
2026-09-19 11:51:20.152326,Vaishali Nagar,567.1,4.42,0.254
2026-09-19 12:51:20.152326,Vaishali Nagar,594.3,4.31,0.023
2026-09-19 13:51:20.152326,Vaishali Nagar,528.5,4.04,0.297
2026-09-19 14:51:20.152326,Vaishali Nagar,644.5,4.59,0.07
2026-09-19 15:51:20.152326,Vaishali Nagar,577.3,5.0,0.035
2026-09-19 16:51:20.152326,Vaishali Nagar,599.2,4.77,0.131
2026-09-19 17:51:20.152326,Vaishali Nagar,554.4,3.78,0.209
2026-09-19 18:51:20.152326,Vaishali Nagar,859.9,5.19,0.155
2026-09-19 19:51:20.152326,Vaishali Nagar,681.9,4.63,0.018
2026-09-19 20:51:20.152326,Vaishali Nagar,732.2,4.49,0.082
2026-09-19 21:51:20.152326,Vaishali Nagar,802.6,4.25,0.073
2026-09-19 22:51:20.152326,Vaishali Nagar,580.3,4.25,0.211
2026-09-19 23:51:20.152326,Vaishali Nagar,566.9,4.06,0.089
2026-09-20 00:51:20.152326,Vaishali Nagar,560.0,4.3,0.076
2026-09-20 01:51:20.152326,Vaishali Nagar,619.2,4.24,0.112
2026-09-20 02:51:20.152326,Vaishali Nagar,601.7,4.46,0.121
2026-09-20 03:51:20.152326,Vaishali Nagar,582.8,4.42,0.379
2026-09-20 04:51:20.152326,Vaishali Nagar,669.9,4.11,0.003
2026-09-20 05:51:20.152326,Vaishali Nagar,598.1,5.11,0.184
2026-09-20 06:51:20.152326,Vaishali Nagar,723.4,4.41,0.049
2026-09-20 07:51:20.152326,Vaishali Nagar,889.4,4.87,0.341
2026-09-20 08:51:20.152326,Vaishali Nagar,790.9,4.42,0.332
2026-09-20 09:51:20.152326,Vaishali Nagar,768.2,4.64,0.302
2026-09-20 10:51:20.152326,Vaishali Nagar,637.9,4.51,0.187
2026-09-20 11:51:20.152326,Vaishali Nagar,585.3,4.72,0.198
2026-09-20 12:51:20.152326,Vaishali Nagar,593.2,4.53,0.156
2026-09-20 13:51:20.152326,Vaishali Nagar,574.1,4.8,0.231
2026-09-20 14:51:20.152326,Vaishali Nagar,655.8,3.76,0.189
2026-09-20 15:51:20.152326,Vaishali Nagar,589.7,4.65,0.003
2026-09-20 16:51:20.152326,Vaishali Nagar,568.1,4.41,0.073
2026-09-20 17:51:20.152326,Vaishali Nagar,542.4,4.72,0.138
2026-09-20 18:51:20.152326,Vaishali Nagar,821.8,4.32,0.134
2026-09-20 19:51:20.152326,Vaishali Nagar,850.4,4.87,0.299
2026-09-20 20:51:20.152326,Vaishali Nagar,753.0,4.81,0.399
2026-09-20 21:51:20.152326,Vaishali Nagar,754.1,5.09,0.023
2026-09-20 22:51:20.152326,Vaishali Nagar,603.2,4.46,0.171
2026-09-20 23:51:20.152326,Vaishali Nagar,602.4,3.89,0.276
2026-09-21 00:51:20.152326,Vaishali Nagar,629.1,3.97,0.12
2026-09-21 01:51:20.152326,Vaishali Nagar,588.6,4.09,0.141
2026-09-21 02:51:20.152326,Vaishali Nagar,588.9,4.19,0.13
2026-09-21 03:51:20.152326,Vaishali Nagar,555.9,4.68,0.158
2026-09-21 04:51:20.152326,Vaishali Nagar,617.5,4.21,0.109
2026-09-21 05:51:20.152326,Vaishali Nagar,578.5,4.68,0.043
2026-09-21 06:51:20.152326,Vaishali Nagar,697.5,4.68,0.335
2026-09-21 07:51:20.152326,Vaishali Nagar,862.8,4.66,0.426
2026-09-21 08:51:20.152326,Vaishali Nagar,985.4,4.35,0.076
2026-09-21 09:51:20.152326,Vaishali Nagar,756.3,4.52,0.037
2026-09-21 10:51:20.152326,Vaishali Nagar,601.5,4.55,0.269
2026-09-21 11:51:20.152326,Vaishali Nagar,564.1,4.12,0.346
2026-09-21 12:51:20.152326,Vaishali Nagar,520.0,4.1,0.161
2026-09-21 13:51:20.152326,Vaishali Nagar,676.1,4.37,0.297
2026-09-21 14:51:20.152326,Vaishali Nagar,546.3,4.26,0.061
2026-09-21 15:51:20.152326,Vaishali Nagar,594.4,4.31,0.058
2026-09-21 16:51:20.152326,Vaishali Nagar,657.3,4.41,0.191
2026-09-21 17:51:20.152326,Vaishali Nagar,614.2,4.59,0.135
2026-09-21 18:51:20.152326,Vaishali Nagar,791.7,4.82,0.256
2026-09-21 19:51:20.152326,Vaishali Nagar,810.5,4.79,0.057
2026-09-21 20:51:20.152326,Vaishali Nagar,833.4,4.35,0.335
2026-09-21 21:51:20.152326,Vaishali Nagar,838.4,4.12,0.14
2026-09-21 22:51:20.152326,Vaishali Nagar,561.6,4.58,0.153
2026-09-21 23:51:20.152326,Vaishali Nagar,614.6,4.36,0.264
2026-09-22 00:51:20.152326,Vaishali Nagar,603.4,4.72,0.072
2026-09-22 01:51:20.152326,Vaishali Nagar,593.2,4.41,0.018
2026-09-22 02:51:20.152326,Vaishali Nagar,675.8,5.05,0.069
2026-09-22 03:51:20.152326,Vaishali Nagar,652.1,4.22,0.283
2026-09-22 04:51:20.152326,Vaishali Nagar,607.4,4.45,0.05
2026-09-22 05:51:20.152326,Vaishali Nagar,612.7,4.78,0.096
2026-09-22 06:51:20.152326,Vaishali Nagar,872.8,4.25,0.138
2026-09-22 07:51:20.152326,Vaishali Nagar,882.1,4.9,0.154
2026-09-22 08:51:20.152326,Vaishali Nagar,750.1,4.95,0.225
2026-09-22 09:51:20.152326,Vaishali Nagar,855.1,4.6,0.054
2026-09-22 10:51:20.152326,Vaishali Nagar,583.2,4.43,0.128
2026-09-22 11:51:20.152326,Vaishali Nagar,581.4,4.15,0.011
2026-09-22 12:51:20.152326,Vaishali Nagar,640.1,5.01,0.322
2026-09-22 13:51:20.152326,Vaishali Nagar,581.3,4.58,0.082
2026-09-22 14:51:20.152326,Vaishali Nagar,582.4,4.58,0.089
2026-09-22 15:51:20.152326,Vaishali Nagar,683.5,4.47,0.093
2026-09-22 16:51:20.152326,Vaishali Nagar,678.0,4.47,0.091
2026-09-22 17:51:20.152326,Vaishali Nagar,515.3,4.71,0.379
2026-09-22 18:51:20.152326,Vaishali Nagar,656.5,4.73,0.024
2026-09-22 19:51:20.152326,Vaishali Nagar,766.3,4.3,0.291
2026-09-22 20:51:20.152326,Vaishali Nagar,843.0,4.94,0.26
2026-09-22 21:51:20.152326,Vaishali Nagar,842.7,4.43,0.192
2026-09-22 22:51:20.152326,Vaishali Nagar,578.6,4.72,0.174
2026-09-22 23:51:20.152326,Vaishali Nagar,565.7,4.72,0.286
2026-09-23 00:51:20.152326,Vaishali Nagar,662.6,4.43,0.31
2026-09-23 01:51:20.152326,Vaishali Nagar,594.7,4.62,0.293
2026-09-23 02:51:20.152326,Vaishali Nagar,553.1,4.26,0.055
2026-09-23 03:51:20.152326,Vaishali Nagar,617.1,4.7,0.24
2026-09-23 04:51:20.152326,Vaishali Nagar,565.7,4.27,0.337
2026-09-23 05:51:20.152326,Vaishali Nagar,590.5,4.23,0.141
2026-09-23 06:51:20.152326,Vaishali Nagar,878.8,4.65,0.253
2026-09-23 07:51:20.152326,Vaishali Nagar,816.2,4.3,0.09
2026-09-23 08:51:20.152326,Vaishali Nagar,902.4,4.54,0.18
2026-09-23 09:51:20.152326,Vaishali Nagar,904.7,4.19,0.065
2026-09-23 10:51:20.152326,Vaishali Nagar,612.3,4.49,0.247
2026-09-23 11:51:20.152326,Vaishali Nagar,636.4,4.25,0.039
2026-09-23 12:51:20.152326,Vaishali Nagar,590.1,4.2,0.119
2026-09-23 13:51:20.152326,Vaishali Nagar,609.6,4.32,0.122
2026-09-23 14:51:20.152326,Vaishali Nagar,581.4,4.99,0.145
2026-09-23 15:51:20.152326,Vaishali Nagar,663.1,4.57,0.185
2026-09-23 16:51:20.152326,Vaishali Nagar,582.1,4.17,0.157
2026-09-23 17:51:20.152326,Vaishali Nagar,580.6,4.45,0.319
2026-09-23 18:51:20.152326,Vaishali Nagar,765.6,4.25,0.144
2026-09-23 19:51:20.152326,Vaishali Nagar,795.4,4.41,0.112
2026-09-23 20:51:20.152326,Vaishali Nagar,747.8,4.41,0.024
2026-09-23 21:51:20.152326,Vaishali Nagar,712.0,4.61,0.031
2026-09-23 22:51:20.152326,Vaishali Nagar,633.8,4.09,0.154
2026-09-23 23:51:20.152326,Vaishali Nagar,624.4,4.38,0.325
2026-09-24 00:51:20.152326,Vaishali Nagar,609.0,4.21,0.115
2026-09-24 01:51:20.152326,Vaishali Nagar,648.0,4.35,0.168
2026-09-24 02:51:20.152326,Vaishali Nagar,604.0,4.38,0.242
2026-09-24 03:51:20.152326,Vaishali Nagar,538.0,4.48,0.103
2026-09-24 04:51:20.152326,Vaishali Nagar,614.7,4.48,0.19
2026-09-24 05:51:20.152326,Vaishali Nagar,625.4,4.12,0.077
2026-09-24 06:51:20.152326,Vaishali Nagar,804.3,4.59,0.166
2026-09-24 07:51:20.152326,Vaishali Nagar,810.0,4.54,0.036
2026-09-24 08:51:20.152326,Vaishali Nagar,791.2,4.41,0.157
2026-09-24 09:51:20.152326,Vaishali Nagar,808.4,4.17,0.066
2026-09-24 10:51:20.152326,Vaishali Nagar,555.8,4.73,0.306
2026-09-24 11:51:20.152326,Vaishali Nagar,607.7,4.6,0.061
2026-09-24 12:51:20.152326,Vaishali Nagar,626.7,4.53,0.045
2026-09-24 13:51:20.152326,Vaishali Nagar,587.1,4.13,0.041
2026-09-24 14:51:20.152326,Vaishali Nagar,640.5,4.66,0.021
2026-09-24 15:51:20.152326,Vaishali Nagar,608.5,4.45,0.028
2026-09-24 16:51:20.152326,Vaishali Nagar,629.0,4.32,0.122
2026-09-24 17:51:20.152326,Vaishali Nagar,592.4,4.6,0.051
2026-09-24 18:51:20.152326,Vaishali Nagar,777.3,4.31,0.012
2026-09-24 19:51:20.152326,Vaishali Nagar,683.9,4.02,0.051
2026-09-24 20:51:20.152326,Vaishali Nagar,823.9,4.87,0.14
2026-09-24 21:51:20.152326,Vaishali Nagar,788.3,4.07,0.058
2026-06-26 22:51:20.152326,Sitapura Industrial,398.9,4.45,0.437
2026-06-26 23:51:20.152326,Sitapura Industrial,394.9,4.75,0.317
2026-06-27 00:51:20.152326,Sitapura Industrial,410.8,4.84,0.16
2026-06-27 01:51:20.152326,Sitapura Industrial,408.2,4.62,0.424
2026-06-27 02:51:20.152326,Sitapura Industrial,382.2,4.38,0.052
2026-06-27 03:51:20.152326,Sitapura Industrial,342.1,4.18,0.324
2026-06-27 04:51:20.152326,Sitapura Industrial,405.3,4.81,0.376
2026-06-27 05:51:20.152326,Sitapura Industrial,442.9,4.78,0.243
2026-06-27 06:51:20.152326,Sitapura Industrial,532.4,4.6,0.155
2026-06-27 07:51:20.152326,Sitapura Industrial,592.1,4.39,0.09
2026-06-27 08:51:20.152326,Sitapura Industrial,547.9,4.5,0.063
2026-06-27 09:51:20.152326,Sitapura Industrial,557.8,4.43,0.068
2026-06-27 10:51:20.152326,Sitapura Industrial,392.7,3.83,0.314
2026-06-27 11:51:20.152326,Sitapura Industrial,440.2,4.34,0.049
2026-06-27 12:51:20.152326,Sitapura Industrial,362.6,4.26,0.288
2026-06-27 13:51:20.152326,Sitapura Industrial,380.4,4.05,0.208
2026-06-27 14:51:20.152326,Sitapura Industrial,406.8,4.45,0.261
2026-06-27 15:51:20.152326,Sitapura Industrial,406.9,4.63,0.046
2026-06-27 16:51:20.152326,Sitapura Industrial,390.2,4.73,0.305
2026-06-27 17:51:20.152326,Sitapura Industrial,418.7,4.31,0.098
2026-06-27 18:51:20.152326,Sitapura Industrial,468.5,4.44,0.052
2026-06-27 19:51:20.152326,Sitapura Industrial,545.7,4.74,0.274
2026-06-27 20:51:20.152326,Sitapura Industrial,549.6,4.94,0.231
2026-06-27 21:51:20.152326,Sitapura Industrial,542.0,4.77,0.137
2026-06-27 22:51:20.152326,Sitapura Industrial,405.1,4.0,0.483
2026-06-27 23:51:20.152326,Sitapura Industrial,450.9,4.76,0.447
2026-06-28 00:51:20.152326,Sitapura Industrial,394.3,4.94,0.022
2026-06-28 01:51:20.152326,Sitapura Industrial,409.1,4.82,0.063
2026-06-28 02:51:20.152326,Sitapura Industrial,343.6,4.69,0.295
2026-06-28 03:51:20.152326,Sitapura Industrial,398.5,3.73,0.157
2026-06-28 04:51:20.152326,Sitapura Industrial,363.9,4.65,0.087
2026-06-28 05:51:20.152326,Sitapura Industrial,373.0,4.59,0.225
2026-06-28 06:51:20.152326,Sitapura Industrial,531.8,4.72,0.258
2026-06-28 07:51:20.152326,Sitapura Industrial,570.2,4.47,0.059
2026-06-28 08:51:20.152326,Sitapura Industrial,589.3,4.42,0.026
2026-06-28 09:51:20.152326,Sitapura Industrial,562.0,4.28,0.07
2026-06-28 10:51:20.152326,Sitapura Industrial,415.9,4.65,0.043
2026-06-28 11:51:20.152326,Sitapura Industrial,413.4,4.15,0.132
2026-06-28 12:51:20.152326,Sitapura Industrial,433.7,4.54,0.063
2026-06-28 13:51:20.152326,Sitapura Industrial,401.1,4.62,0.075
2026-06-28 14:51:20.152326,Sitapura Industrial,438.7,4.98,0.133
2026-06-28 15:51:20.152326,Sitapura Industrial,429.7,4.19,0.094
2026-06-28 16:51:20.152326,Sitapura Industrial,430.9,4.62,0.355
2026-06-28 17:51:20.152326,Sitapura Industrial,376.5,4.43,0.024
2026-06-28 18:51:20.152326,Sitapura Industrial,455.5,3.86,0.237
2026-06-28 19:51:20.152326,Sitapura Industrial,478.6,4.53,0.037
2026-06-28 20:51:20.152326,Sitapura Industrial,528.6,4.46,0.092
2026-06-28 21:51:20.152326,Sitapura Industrial,560.6,4.67,0.505
2026-06-28 22:51:20.152326,Sitapura Industrial,352.2,4.64,0.189
2026-06-28 23:51:20.152326,Sitapura Industrial,446.7,4.24,0.131
2026-06-29 00:51:20.152326,Sitapura Industrial,368.6,4.54,0.003
2026-06-29 01:51:20.152326,Sitapura Industrial,418.2,4.29,0.179
2026-06-29 02:51:20.152326,Sitapura Industrial,374.3,4.81,0.205
2026-06-29 03:51:20.152326,Sitapura Industrial,369.5,4.27,0.067
2026-06-29 04:51:20.152326,Sitapura Industrial,425.9,4.5,0.011
2026-06-29 05:51:20.152326,Sitapura Industrial,435.1,4.58,0.013
2026-06-29 06:51:20.152326,Sitapura Industrial,521.1,4.82,0.139
2026-06-29 07:51:20.152326,Sitapura Industrial,546.2,4.33,0.338
2026-06-29 08:51:20.152326,Sitapura Industrial,555.6,4.4,0.041
2026-06-29 09:51:20.152326,Sitapura Industrial,533.0,4.84,0.176
2026-06-29 10:51:20.152326,Sitapura Industrial,403.5,4.2,0.065
2026-06-29 11:51:20.152326,Sitapura Industrial,434.8,4.99,0.4
2026-06-29 12:51:20.152326,Sitapura Industrial,401.3,4.69,0.06
2026-06-29 13:51:20.152326,Sitapura Industrial,415.3,5.14,0.153
2026-06-29 14:51:20.152326,Sitapura Industrial,413.1,4.72,0.05
2026-06-29 15:51:20.152326,Sitapura Industrial,421.7,4.01,0.218
2026-06-29 16:51:20.152326,Sitapura Industrial,373.8,4.37,0.032
2026-06-29 17:51:20.152326,Sitapura Industrial,380.5,4.42,0.01
2026-06-29 18:51:20.152326,Sitapura Industrial,513.2,3.93,0.036
2026-06-29 19:51:20.152326,Sitapura Industrial,543.2,4.45,0.02
2026-06-29 20:51:20.152326,Sitapura Industrial,512.6,4.33,0.137
2026-06-29 21:51:20.152326,Sitapura Industrial,464.3,4.46,0.057
2026-06-29 22:51:20.152326,Sitapura Industrial,432.8,4.57,0.019
2026-06-29 23:51:20.152326,Sitapura Industrial,438.9,4.85,0.054
2026-06-30 00:51:20.152326,Sitapura Industrial,312.1,4.82,0.076
2026-06-30 01:51:20.152326,Sitapura Industrial,376.1,4.24,0.136
2026-06-30 02:51:20.152326,Sitapura Industrial,357.8,4.69,0.146
2026-06-30 03:51:20.152326,Sitapura Industrial,455.0,4.19,0.328
2026-06-30 04:51:20.152326,Sitapura Industrial,376.4,4.53,0.118
2026-06-30 05:51:20.152326,Sitapura Industrial,393.5,4.55,0.018
2026-06-30 06:51:20.152326,Sitapura Industrial,570.1,4.45,0.187
2026-06-30 07:51:20.152326,Sitapura Industrial,575.5,4.4,0.096
2026-06-30 08:51:20.152326,Sitapura Industrial,551.5,4.76,0.16
2026-06-30 09:51:20.152326,Sitapura Industrial,639.8,4.29,0.22
2026-06-30 10:51:20.152326,Sitapura Industrial,434.4,4.14,0.045
2026-06-30 11:51:20.152326,Sitapura Industrial,368.1,4.31,0.083
2026-06-30 12:51:20.152326,Sitapura Industrial,439.1,4.74,0.199
2026-06-30 13:51:20.152326,Sitapura Industrial,412.5,4.6,0.175
2026-06-30 14:51:20.152326,Sitapura Industrial,391.1,4.37,0.106
2026-06-30 15:51:20.152326,Sitapura Industrial,430.7,5.31,0.021
2026-06-30 16:51:20.152326,Sitapura Industrial,365.0,4.71,0.025
2026-06-30 17:51:20.152326,Sitapura Industrial,442.5,4.9,0.006
2026-06-30 18:51:20.152326,Sitapura Industrial,498.7,4.23,0.275
2026-06-30 19:51:20.152326,Sitapura Industrial,550.8,4.59,0.272
2026-06-30 20:51:20.152326,Sitapura Industrial,500.8,4.73,0.202
2026-06-30 21:51:20.152326,Sitapura Industrial,495.4,4.72,0.396
2026-06-30 22:51:20.152326,Sitapura Industrial,408.2,4.27,0.165
2026-06-30 23:51:20.152326,Sitapura Industrial,368.1,4.23,0.053
2026-07-01 00:51:20.152326,Sitapura Industrial,399.0,4.61,0.055
2026-07-01 01:51:20.152326,Sitapura Industrial,411.3,4.36,0.112
2026-07-01 02:51:20.152326,Sitapura Industrial,408.3,4.79,0.174
2026-07-01 03:51:20.152326,Sitapura Industrial,379.6,4.6,0.227
2026-07-01 04:51:20.152326,Sitapura Industrial,428.2,4.83,0.168
2026-07-01 05:51:20.152326,Sitapura Industrial,393.4,4.69,0.041
2026-07-01 06:51:20.152326,Sitapura Industrial,566.4,3.99,0.066
2026-07-01 07:51:20.152326,Sitapura Industrial,557.3,5.09,0.441
2026-07-01 08:51:20.152326,Sitapura Industrial,619.3,4.75,0.093
2026-07-01 09:51:20.152326,Sitapura Industrial,590.1,4.4,0.026
2026-07-01 10:51:20.152326,Sitapura Industrial,389.0,4.43,0.142
2026-07-01 11:51:20.152326,Sitapura Industrial,422.3,5.04,0.024
2026-07-01 12:51:20.152326,Sitapura Industrial,458.5,4.88,0.01
2026-07-01 13:51:20.152326,Sitapura Industrial,368.4,3.61,0.154
2026-07-01 14:51:20.152326,Sitapura Industrial,396.0,4.25,0.037
2026-07-01 15:51:20.152326,Sitapura Industrial,420.6,4.26,0.137
2026-07-01 16:51:20.152326,Sitapura Industrial,432.6,4.16,0.117
2026-07-01 17:51:20.152326,Sitapura Industrial,367.8,4.71,0.169
2026-07-01 18:51:20.152326,Sitapura Industrial,482.7,4.51,0.262
2026-07-01 19:51:20.152326,Sitapura Industrial,490.2,4.88,0.253
2026-07-01 20:51:20.152326,Sitapura Industrial,589.7,4.66,0.183
2026-07-01 21:51:20.152326,Sitapura Industrial,558.3,4.44,0.077
2026-07-01 22:51:20.152326,Sitapura Industrial,359.1,4.36,0.307
2026-07-01 23:51:20.152326,Sitapura Industrial,411.0,4.46,0.273
2026-07-02 00:51:20.152326,Sitapura Industrial,416.1,3.93,0.063
2026-07-02 01:51:20.152326,Sitapura Industrial,347.6,4.64,0.107
2026-07-02 02:51:20.152326,Sitapura Industrial,398.6,4.49,0.138
2026-07-02 03:51:20.152326,Sitapura Industrial,359.4,4.48,0.104
2026-07-02 04:51:20.152326,Sitapura Industrial,432.5,4.37,0.32
2026-07-02 05:51:20.152326,Sitapura Industrial,413.2,5.15,0.214
2026-07-02 06:51:20.152326,Sitapura Industrial,565.5,4.5,0.235
2026-07-02 07:51:20.152326,Sitapura Industrial,560.2,4.24,0.116
2026-07-02 08:51:20.152326,Sitapura Industrial,615.1,4.23,0.298
2026-07-02 09:51:20.152326,Sitapura Industrial,571.1,4.67,0.152
2026-07-02 10:51:20.152326,Sitapura Industrial,382.1,4.56,0.157
2026-07-02 11:51:20.152326,Sitapura Industrial,380.9,3.93,0.054
2026-07-02 12:51:20.152326,Sitapura Industrial,408.7,4.55,0.149
2026-07-02 13:51:20.152326,Sitapura Industrial,403.9,4.41,0.077
2026-07-02 14:51:20.152326,Sitapura Industrial,440.3,4.49,0.232
2026-07-02 15:51:20.152326,Sitapura Industrial,450.6,4.45,0.23
2026-07-02 16:51:20.152326,Sitapura Industrial,431.4,4.97,0.3
2026-07-02 17:51:20.152326,Sitapura Industrial,383.5,5.13,0.153
2026-07-02 18:51:20.152326,Sitapura Industrial,525.9,4.57,0.221
2026-07-02 19:51:20.152326,Sitapura Industrial,520.6,4.66,0.067
2026-07-02 20:51:20.152326,Sitapura Industrial,541.5,4.55,0.017
2026-07-02 21:51:20.152326,Sitapura Industrial,569.1,4.14,0.173
2026-07-02 22:51:20.152326,Sitapura Industrial,384.3,4.55,0.034
2026-07-02 23:51:20.152326,Sitapura Industrial,357.0,4.86,0.184
2026-07-03 00:51:20.152326,Sitapura Industrial,388.4,4.58,0.212
2026-07-03 01:51:20.152326,Sitapura Industrial,387.1,4.68,0.373
2026-07-03 02:51:20.152326,Sitapura Industrial,414.8,4.63,0.091
2026-07-03 03:51:20.152326,Sitapura Industrial,379.8,4.66,0.34
2026-07-03 04:51:20.152326,Sitapura Industrial,382.0,4.69,0.078
2026-07-03 05:51:20.152326,Sitapura Industrial,412.3,5.24,0.011
2026-07-03 06:51:20.152326,Sitapura Industrial,591.1,5.28,0.068
2026-07-03 07:51:20.152326,Sitapura Industrial,506.3,4.31,0.072
2026-07-03 08:51:20.152326,Sitapura Industrial,572.2,4.1,0.076
2026-07-03 09:51:20.152326,Sitapura Industrial,544.0,4.85,0.325
2026-07-03 10:51:20.152326,Sitapura Industrial,363.9,4.37,0.106
2026-07-03 11:51:20.152326,Sitapura Industrial,398.9,4.4,0.196
2026-07-03 12:51:20.152326,Sitapura Industrial,431.9,4.73,0.183
2026-07-03 13:51:20.152326,Sitapura Industrial,415.0,4.93,0.475
2026-07-03 14:51:20.152326,Sitapura Industrial,416.6,4.33,0.1
2026-07-03 15:51:20.152326,Sitapura Industrial,443.9,5.14,0.021
2026-07-03 16:51:20.152326,Sitapura Industrial,385.9,4.27,0.249
2026-07-03 17:51:20.152326,Sitapura Industrial,398.0,4.37,0.128
2026-07-03 18:51:20.152326,Sitapura Industrial,532.5,4.75,0.047
2026-07-03 19:51:20.152326,Sitapura Industrial,517.4,4.82,0.105
2026-07-03 20:51:20.152326,Sitapura Industrial,559.9,4.36,0.076
2026-07-03 21:51:20.152326,Sitapura Industrial,564.2,4.29,0.152
2026-07-03 22:51:20.152326,Sitapura Industrial,409.7,4.17,0.232
2026-07-03 23:51:20.152326,Sitapura Industrial,412.6,4.28,0.091
2026-07-04 00:51:20.152326,Sitapura Industrial,437.9,3.73,0.212
2026-07-04 01:51:20.152326,Sitapura Industrial,345.1,4.1,0.385
2026-07-04 02:51:20.152326,Sitapura Industrial,457.3,4.04,0.067
2026-07-04 03:51:20.152326,Sitapura Industrial,417.0,4.04,0.083
2026-07-04 04:51:20.152326,Sitapura Industrial,361.4,4.86,0.038
2026-07-04 05:51:20.152326,Sitapura Industrial,391.7,4.8,0.348
2026-07-04 06:51:20.152326,Sitapura Industrial,577.2,4.77,0.181
2026-07-04 07:51:20.152326,Sitapura Industrial,549.8,4.61,0.16
2026-07-04 08:51:20.152326,Sitapura Industrial,516.8,4.28,0.372
2026-07-04 09:51:20.152326,Sitapura Industrial,562.8,4.58,0.454
2026-07-04 10:51:20.152326,Sitapura Industrial,374.0,4.74,0.43
2026-07-04 11:51:20.152326,Sitapura Industrial,401.0,5.11,0.17
2026-07-04 12:51:20.152326,Sitapura Industrial,409.4,4.03,0.145
2026-07-04 13:51:20.152326,Sitapura Industrial,403.9,4.5,0.306
2026-07-04 14:51:20.152326,Sitapura Industrial,376.9,4.82,0.091
2026-07-04 15:51:20.152326,Sitapura Industrial,430.0,5.07,0.058
2026-07-04 16:51:20.152326,Sitapura Industrial,393.2,4.81,0.054
2026-07-04 17:51:20.152326,Sitapura Industrial,369.5,4.64,0.021
2026-07-04 18:51:20.152326,Sitapura Industrial,523.5,4.43,0.325
2026-07-04 19:51:20.152326,Sitapura Industrial,511.0,4.94,0.215
2026-07-04 20:51:20.152326,Sitapura Industrial,501.4,4.4,0.011
2026-07-04 21:51:20.152326,Sitapura Industrial,477.2,4.49,0.053
2026-07-04 22:51:20.152326,Sitapura Industrial,373.6,4.58,0.215
2026-07-04 23:51:20.152326,Sitapura Industrial,489.8,3.95,0.006
2026-07-05 00:51:20.152326,Sitapura Industrial,422.4,4.7,0.407
2026-07-05 01:51:20.152326,Sitapura Industrial,462.5,4.06,0.129
2026-07-05 02:51:20.152326,Sitapura Industrial,397.5,4.75,0.365
2026-07-05 03:51:20.152326,Sitapura Industrial,344.1,4.86,0.063
2026-07-05 04:51:20.152326,Sitapura Industrial,412.3,4.54,0.143
2026-07-05 05:51:20.152326,Sitapura Industrial,365.9,4.61,0.42
2026-07-05 06:51:20.152326,Sitapura Industrial,552.8,4.81,0.109
2026-07-05 07:51:20.152326,Sitapura Industrial,590.5,4.45,0.133
2026-07-05 08:51:20.152326,Sitapura Industrial,561.4,4.45,0.203
2026-07-05 09:51:20.152326,Sitapura Industrial,563.6,5.32,0.115
2026-07-05 10:51:20.152326,Sitapura Industrial,440.1,4.33,0.159
2026-07-05 11:51:20.152326,Sitapura Industrial,428.8,4.31,0.229
2026-07-05 12:51:20.152326,Sitapura Industrial,416.9,3.72,0.217
2026-07-05 13:51:20.152326,Sitapura Industrial,392.7,4.29,0.046
2026-07-05 14:51:20.152326,Sitapura Industrial,393.4,4.36,0.311
2026-07-05 15:51:20.152326,Sitapura Industrial,429.9,4.26,0.148
2026-07-05 16:51:20.152326,Sitapura Industrial,352.8,4.95,0.092
2026-07-05 17:51:20.152326,Sitapura Industrial,425.7,4.1,0.122
2026-07-05 18:51:20.152326,Sitapura Industrial,454.1,4.35,0.262
2026-07-05 19:51:20.152326,Sitapura Industrial,555.5,4.03,0.17
2026-07-05 20:51:20.152326,Sitapura Industrial,520.0,4.82,0.277
2026-07-05 21:51:20.152326,Sitapura Industrial,509.7,4.62,0.06
2026-07-05 22:51:20.152326,Sitapura Industrial,371.7,4.56,0.094
2026-07-05 23:51:20.152326,Sitapura Industrial,392.0,4.66,0.059
2026-07-06 00:51:20.152326,Sitapura Industrial,396.2,4.41,0.038
2026-07-06 01:51:20.152326,Sitapura Industrial,432.5,4.74,0.226
2026-07-06 02:51:20.152326,Sitapura Industrial,379.7,4.67,0.15
2026-07-06 03:51:20.152326,Sitapura Industrial,394.6,4.85,0.109
2026-07-06 04:51:20.152326,Sitapura Industrial,384.4,4.57,0.039
2026-07-06 05:51:20.152326,Sitapura Industrial,395.3,5.16,0.119
2026-07-06 06:51:20.152326,Sitapura Industrial,579.8,4.4,0.217
2026-07-06 07:51:20.152326,Sitapura Industrial,496.0,4.64,0.132
2026-07-06 08:51:20.152326,Sitapura Industrial,615.2,4.72,0.132
2026-07-06 09:51:20.152326,Sitapura Industrial,540.3,4.3,0.033
2026-07-06 10:51:20.152326,Sitapura Industrial,416.9,4.14,0.135
2026-07-06 11:51:20.152326,Sitapura Industrial,379.7,4.35,0.046
2026-07-06 12:51:20.152326,Sitapura Industrial,416.4,4.96,0.143
2026-07-06 13:51:20.152326,Sitapura Industrial,406.1,4.73,0.051
2026-07-06 14:51:20.152326,Sitapura Industrial,407.4,4.73,0.115
2026-07-06 15:51:20.152326,Sitapura Industrial,353.4,4.53,0.083
2026-07-06 16:51:20.152326,Sitapura Industrial,371.7,4.69,0.034
2026-07-06 17:51:20.152326,Sitapura Industrial,356.0,4.67,0.027
2026-07-06 18:51:20.152326,Sitapura Industrial,519.0,4.57,0.121
2026-07-06 19:51:20.152326,Sitapura Industrial,534.2,4.14,0.097
2026-07-06 20:51:20.152326,Sitapura Industrial,560.3,4.66,0.012
2026-07-06 21:51:20.152326,Sitapura Industrial,497.6,3.92,0.164
2026-07-06 22:51:20.152326,Sitapura Industrial,371.5,4.32,0.159
2026-07-06 23:51:20.152326,Sitapura Industrial,431.6,3.93,0.066
2026-07-07 00:51:20.152326,Sitapura Industrial,373.0,4.46,0.123
2026-07-07 01:51:20.152326,Sitapura Industrial,407.2,5.09,0.197
2026-07-07 02:51:20.152326,Sitapura Industrial,378.3,4.18,0.065
2026-07-07 03:51:20.152326,Sitapura Industrial,350.9,4.5,0.08
2026-07-07 04:51:20.152326,Sitapura Industrial,381.0,4.6,0.116
2026-07-07 05:51:20.152326,Sitapura Industrial,412.5,4.94,0.315
2026-07-07 06:51:20.152326,Sitapura Industrial,571.3,4.63,0.126
2026-07-07 07:51:20.152326,Sitapura Industrial,514.5,4.57,0.012
2026-07-07 08:51:20.152326,Sitapura Industrial,598.9,5.07,0.143
2026-07-07 09:51:20.152326,Sitapura Industrial,516.5,4.66,0.089
2026-07-07 10:51:20.152326,Sitapura Industrial,383.6,4.71,0.141
2026-07-07 11:51:20.152326,Sitapura Industrial,403.1,4.17,0.067
2026-07-07 12:51:20.152326,Sitapura Industrial,443.8,4.58,0.304
2026-07-07 13:51:20.152326,Sitapura Industrial,383.6,4.99,0.041
2026-07-07 14:51:20.152326,Sitapura Industrial,388.1,4.51,0.19
2026-07-07 15:51:20.152326,Sitapura Industrial,412.5,4.79,0.336
2026-07-07 16:51:20.152326,Sitapura Industrial,411.9,4.37,0.045
2026-07-07 17:51:20.152326,Sitapura Industrial,400.4,4.48,0.181
2026-07-07 18:51:20.152326,Sitapura Industrial,496.3,4.26,0.091
2026-07-07 19:51:20.152326,Sitapura Industrial,539.5,4.61,0.051
2026-07-07 20:51:20.152326,Sitapura Industrial,482.4,4.2,0.038
2026-07-07 21:51:20.152326,Sitapura Industrial,547.9,4.93,0.236
2026-07-07 22:51:20.152326,Sitapura Industrial,376.1,4.12,0.018
2026-07-07 23:51:20.152326,Sitapura Industrial,359.6,4.52,0.334
2026-07-08 00:51:20.152326,Sitapura Industrial,416.2,4.77,0.194
2026-07-08 01:51:20.152326,Sitapura Industrial,368.9,4.43,0.032
2026-07-08 02:51:20.152326,Sitapura Industrial,434.3,4.18,0.153
2026-07-08 03:51:20.152326,Sitapura Industrial,358.7,3.58,0.036
2026-07-08 04:51:20.152326,Sitapura Industrial,390.8,4.9,0.091
2026-07-08 05:51:20.152326,Sitapura Industrial,369.7,4.37,0.045
2026-07-08 06:51:20.152326,Sitapura Industrial,566.0,4.54,0.456
2026-07-08 07:51:20.152326,Sitapura Industrial,561.8,4.58,0.031
2026-07-08 08:51:20.152326,Sitapura Industrial,581.9,4.61,0.194
2026-07-08 09:51:20.152326,Sitapura Industrial,548.1,4.59,0.013
2026-07-08 10:51:20.152326,Sitapura Industrial,352.5,4.78,0.126
2026-07-08 11:51:20.152326,Sitapura Industrial,342.9,4.13,0.17
2026-07-08 12:51:20.152326,Sitapura Industrial,373.0,4.62,0.182
2026-07-08 13:51:20.152326,Sitapura Industrial,473.4,4.89,0.024
2026-07-08 14:51:20.152326,Sitapura Industrial,398.1,4.62,0.281
2026-07-08 15:51:20.152326,Sitapura Industrial,421.7,4.52,0.06
2026-07-08 16:51:20.152326,Sitapura Industrial,451.6,4.59,0.08
2026-07-08 17:51:20.152326,Sitapura Industrial,359.1,4.42,0.191
2026-07-08 18:51:20.152326,Sitapura Industrial,564.0,4.85,0.112
2026-07-08 19:51:20.152326,Sitapura Industrial,483.6,4.92,0.146
2026-07-08 20:51:20.152326,Sitapura Industrial,559.9,4.6,0.26
2026-07-08 21:51:20.152326,Sitapura Industrial,514.3,4.77,0.179
2026-07-08 22:51:20.152326,Sitapura Industrial,415.0,4.52,0.04
2026-07-08 23:51:20.152326,Sitapura Industrial,408.9,5.0,0.329
2026-07-09 00:51:20.152326,Sitapura Industrial,422.6,4.54,0.073
2026-07-09 01:51:20.152326,Sitapura Industrial,340.7,4.12,0.381
2026-07-09 02:51:20.152326,Sitapura Industrial,388.5,4.6,0.138
2026-07-09 03:51:20.152326,Sitapura Industrial,451.4,4.6,0.42
2026-07-09 04:51:20.152326,Sitapura Industrial,397.0,4.32,0.025
2026-07-09 05:51:20.152326,Sitapura Industrial,431.2,4.45,0.155
2026-07-09 06:51:20.152326,Sitapura Industrial,606.3,4.59,0.227
2026-07-09 07:51:20.152326,Sitapura Industrial,599.4,4.24,0.093
2026-07-09 08:51:20.152326,Sitapura Industrial,461.7,4.76,0.113
2026-07-09 09:51:20.152326,Sitapura Industrial,611.6,4.55,0.095
2026-07-09 10:51:20.152326,Sitapura Industrial,393.3,4.52,0.083
2026-07-09 11:51:20.152326,Sitapura Industrial,403.8,4.75,0.207
2026-07-09 12:51:20.152326,Sitapura Industrial,393.2,4.37,0.137
2026-07-09 13:51:20.152326,Sitapura Industrial,361.1,4.9,0.255
2026-07-09 14:51:20.152326,Sitapura Industrial,381.7,4.24,0.344
2026-07-09 15:51:20.152326,Sitapura Industrial,380.2,4.58,0.472
2026-07-09 16:51:20.152326,Sitapura Industrial,412.6,4.38,0.141
2026-07-09 17:51:20.152326,Sitapura Industrial,411.4,4.56,0.202
2026-07-09 18:51:20.152326,Sitapura Industrial,586.1,4.53,0.436
2026-07-09 19:51:20.152326,Sitapura Industrial,494.7,4.53,0.163
2026-07-09 20:51:20.152326,Sitapura Industrial,528.4,3.99,0.12
2026-07-09 21:51:20.152326,Sitapura Industrial,523.7,4.65,0.137
2026-07-09 22:51:20.152326,Sitapura Industrial,402.5,4.96,0.109
2026-07-09 23:51:20.152326,Sitapura Industrial,367.9,4.3,0.004
2026-07-10 00:51:20.152326,Sitapura Industrial,423.6,4.53,0.036
2026-07-10 01:51:20.152326,Sitapura Industrial,385.0,4.92,0.259
2026-07-10 02:51:20.152326,Sitapura Industrial,403.3,4.28,0.187
2026-07-10 03:51:20.152326,Sitapura Industrial,438.6,4.39,0.233
2026-07-10 04:51:20.152326,Sitapura Industrial,458.6,4.59,0.129
2026-07-10 05:51:20.152326,Sitapura Industrial,391.6,4.0,0.183
2026-07-10 06:51:20.152326,Sitapura Industrial,507.5,4.44,0.134
2026-07-10 07:51:20.152326,Sitapura Industrial,539.4,4.76,0.334
2026-07-10 08:51:20.152326,Sitapura Industrial,578.1,4.47,0.198
2026-07-10 09:51:20.152326,Sitapura Industrial,556.8,4.55,0.138
2026-07-10 10:51:20.152326,Sitapura Industrial,358.3,3.9,0.011
2026-07-10 11:51:20.152326,Sitapura Industrial,338.1,4.8,0.176
2026-07-10 12:51:20.152326,Sitapura Industrial,367.1,4.73,0.022
2026-07-10 13:51:20.152326,Sitapura Industrial,373.7,4.14,0.123
2026-07-10 14:51:20.152326,Sitapura Industrial,438.7,4.77,0.031
2026-07-10 15:51:20.152326,Sitapura Industrial,429.6,3.93,0.04
2026-07-10 16:51:20.152326,Sitapura Industrial,395.3,4.49,0.097
2026-07-10 17:51:20.152326,Sitapura Industrial,388.7,3.89,0.048
2026-07-10 18:51:20.152326,Sitapura Industrial,514.0,4.69,0.012
2026-07-10 19:51:20.152326,Sitapura Industrial,556.4,4.5,0.097
2026-07-10 20:51:20.152326,Sitapura Industrial,500.4,4.23,0.01
2026-07-10 21:51:20.152326,Sitapura Industrial,521.9,4.61,0.082
2026-07-10 22:51:20.152326,Sitapura Industrial,407.9,4.76,0.277
2026-07-10 23:51:20.152326,Sitapura Industrial,387.7,5.04,0.09
2026-07-11 00:51:20.152326,Sitapura Industrial,375.7,4.4,0.364
2026-07-11 01:51:20.152326,Sitapura Industrial,401.4,4.69,0.03
2026-07-11 02:51:20.152326,Sitapura Industrial,373.4,4.23,0.013
2026-07-11 03:51:20.152326,Sitapura Industrial,400.7,4.14,0.152
2026-07-11 04:51:20.152326,Sitapura Industrial,387.9,4.66,0.134
2026-07-11 05:51:20.152326,Sitapura Industrial,426.7,4.63,0.494
2026-07-11 06:51:20.152326,Sitapura Industrial,565.5,4.24,0.072
2026-07-11 07:51:20.152326,Sitapura Industrial,576.5,4.65,0.023
2026-07-11 08:51:20.152326,Sitapura Industrial,579.0,4.3,0.085
2026-07-11 09:51:20.152326,Sitapura Industrial,493.1,4.74,0.247
2026-07-11 10:51:20.152326,Sitapura Industrial,392.2,4.52,0.306
2026-07-11 11:51:20.152326,Sitapura Industrial,408.7,4.92,0.469
2026-07-11 12:51:20.152326,Sitapura Industrial,400.9,4.17,0.105
2026-07-11 13:51:20.152326,Sitapura Industrial,389.9,4.99,0.123
2026-07-11 14:51:20.152326,Sitapura Industrial,367.4,4.51,0.035
2026-07-11 15:51:20.152326,Sitapura Industrial,386.9,4.32,0.007
2026-07-11 16:51:20.152326,Sitapura Industrial,441.9,4.23,0.151
2026-07-11 17:51:20.152326,Sitapura Industrial,391.8,4.14,0.034
2026-07-11 18:51:20.152326,Sitapura Industrial,539.9,5.16,0.57
2026-07-11 19:51:20.152326,Sitapura Industrial,540.7,4.72,0.02
2026-07-11 20:51:20.152326,Sitapura Industrial,511.5,4.3,0.035
2026-07-11 21:51:20.152326,Sitapura Industrial,488.3,4.39,0.057
2026-07-11 22:51:20.152326,Sitapura Industrial,383.3,4.76,0.053
2026-07-11 23:51:20.152326,Sitapura Industrial,385.7,4.5,0.135
2026-07-12 00:51:20.152326,Sitapura Industrial,413.9,4.51,0.249
2026-07-12 01:51:20.152326,Sitapura Industrial,364.3,3.71,0.104
2026-07-12 02:51:20.152326,Sitapura Industrial,454.5,4.84,0.047
2026-07-12 03:51:20.152326,Sitapura Industrial,427.3,5.01,0.237
2026-07-12 04:51:20.152326,Sitapura Industrial,431.9,4.34,0.247
2026-07-12 05:51:20.152326,Sitapura Industrial,418.2,4.17,0.032
2026-07-12 06:51:20.152326,Sitapura Industrial,556.8,4.29,0.2
2026-07-12 07:51:20.152326,Sitapura Industrial,556.9,4.38,0.374
2026-07-12 08:51:20.152326,Sitapura Industrial,568.8,4.32,0.181
2026-07-12 09:51:20.152326,Sitapura Industrial,543.6,4.85,0.043
2026-07-12 10:51:20.152326,Sitapura Industrial,394.4,4.62,0.225
2026-07-12 11:51:20.152326,Sitapura Industrial,443.1,4.97,0.021
2026-07-12 12:51:20.152326,Sitapura Industrial,382.9,4.49,0.101
2026-07-12 13:51:20.152326,Sitapura Industrial,382.7,4.55,0.069
2026-07-12 14:51:20.152326,Sitapura Industrial,418.6,4.57,0.026
2026-07-12 15:51:20.152326,Sitapura Industrial,431.6,4.79,0.351
2026-07-12 16:51:20.152326,Sitapura Industrial,416.1,5.07,0.096
2026-07-12 17:51:20.152326,Sitapura Industrial,385.1,4.51,0.045
2026-07-12 18:51:20.152326,Sitapura Industrial,508.7,4.56,0.301
2026-07-12 19:51:20.152326,Sitapura Industrial,577.2,4.73,0.143
2026-07-12 20:51:20.152326,Sitapura Industrial,581.0,4.55,0.016
2026-07-12 21:51:20.152326,Sitapura Industrial,477.2,4.26,0.089
2026-07-12 22:51:20.152326,Sitapura Industrial,471.6,4.81,0.114
2026-07-12 23:51:20.152326,Sitapura Industrial,408.7,4.92,0.025
2026-07-13 00:51:20.152326,Sitapura Industrial,409.9,4.13,0.113
2026-07-13 01:51:20.152326,Sitapura Industrial,365.1,5.15,0.018
2026-07-13 02:51:20.152326,Sitapura Industrial,413.9,4.46,0.043
2026-07-13 03:51:20.152326,Sitapura Industrial,417.5,4.48,0.226
2026-07-13 04:51:20.152326,Sitapura Industrial,416.1,4.67,0.164
2026-07-13 05:51:20.152326,Sitapura Industrial,415.9,4.08,0.117
2026-07-13 06:51:20.152326,Sitapura Industrial,542.7,4.56,0.085
2026-07-13 07:51:20.152326,Sitapura Industrial,498.5,4.52,0.109
2026-07-13 08:51:20.152326,Sitapura Industrial,618.1,4.16,0.52
2026-07-13 09:51:20.152326,Sitapura Industrial,628.5,4.1,0.314
2026-07-13 10:51:20.152326,Sitapura Industrial,424.0,4.54,0.015
2026-07-13 11:51:20.152326,Sitapura Industrial,414.7,4.63,0.15
2026-07-13 12:51:20.152326,Sitapura Industrial,360.7,4.24,0.124
2026-07-13 13:51:20.152326,Sitapura Industrial,362.3,4.49,0.131
2026-07-13 14:51:20.152326,Sitapura Industrial,391.9,4.28,0.098
2026-07-13 15:51:20.152326,Sitapura Industrial,415.9,4.54,0.265
2026-07-13 16:51:20.152326,Sitapura Industrial,402.9,4.36,0.476
2026-07-13 17:51:20.152326,Sitapura Industrial,423.0,4.44,0.037
2026-07-13 18:51:20.152326,Sitapura Industrial,545.2,4.58,0.089
2026-07-13 19:51:20.152326,Sitapura Industrial,497.6,4.65,0.16
2026-07-13 20:51:20.152326,Sitapura Industrial,529.2,4.16,0.03
2026-07-13 21:51:20.152326,Sitapura Industrial,485.2,4.29,0.065
2026-07-13 22:51:20.152326,Sitapura Industrial,368.6,4.64,0.03
2026-07-13 23:51:20.152326,Sitapura Industrial,369.3,4.76,0.227
2026-07-14 00:51:20.152326,Sitapura Industrial,397.0,4.46,0.005
2026-07-14 01:51:20.152326,Sitapura Industrial,377.3,4.4,0.162
2026-07-14 02:51:20.152326,Sitapura Industrial,423.0,4.5,0.245
2026-07-14 03:51:20.152326,Sitapura Industrial,406.2,4.24,0.043
2026-07-14 04:51:20.152326,Sitapura Industrial,420.4,4.9,0.069
2026-07-14 05:51:20.152326,Sitapura Industrial,402.5,4.75,0.193
2026-07-14 06:51:20.152326,Sitapura Industrial,607.3,4.72,0.084
2026-07-14 07:51:20.152326,Sitapura Industrial,570.5,4.5,0.097
2026-07-14 08:51:20.152326,Sitapura Industrial,535.9,4.98,0.01
2026-07-14 09:51:20.152326,Sitapura Industrial,513.1,4.35,0.19
2026-07-14 10:51:20.152326,Sitapura Industrial,420.0,4.4,0.221
2026-07-14 11:51:20.152326,Sitapura Industrial,444.6,4.5,0.104
2026-07-14 12:51:20.152326,Sitapura Industrial,447.8,4.93,0.217
2026-07-14 13:51:20.152326,Sitapura Industrial,382.8,4.33,0.233
2026-07-14 14:51:20.152326,Sitapura Industrial,396.9,4.78,0.286
2026-07-14 15:51:20.152326,Sitapura Industrial,365.3,4.97,0.151
2026-07-14 16:51:20.152326,Sitapura Industrial,411.0,4.1,0.157
2026-07-14 17:51:20.152326,Sitapura Industrial,439.2,4.34,0.244
2026-07-14 18:51:20.152326,Sitapura Industrial,483.3,5.04,0.126
2026-07-14 19:51:20.152326,Sitapura Industrial,525.2,4.23,0.06
2026-07-14 20:51:20.152326,Sitapura Industrial,564.4,4.7,0.304
2026-07-14 21:51:20.152326,Sitapura Industrial,487.2,4.59,0.166
2026-07-14 22:51:20.152326,Sitapura Industrial,411.4,4.22,0.254
2026-07-14 23:51:20.152326,Sitapura Industrial,379.9,4.38,0.17
2026-07-15 00:51:20.152326,Sitapura Industrial,370.1,4.08,0.007
2026-07-15 01:51:20.152326,Sitapura Industrial,350.5,4.18,0.2
2026-07-15 02:51:20.152326,Sitapura Industrial,401.1,4.43,0.05
2026-07-15 03:51:20.152326,Sitapura Industrial,427.0,4.68,0.044
2026-07-15 04:51:20.152326,Sitapura Industrial,393.5,4.52,0.257
2026-07-15 05:51:20.152326,Sitapura Industrial,431.3,4.53,0.374
2026-07-15 06:51:20.152326,Sitapura Industrial,512.4,4.69,0.056
2026-07-15 07:51:20.152326,Sitapura Industrial,606.0,4.93,0.147
2026-07-15 08:51:20.152326,Sitapura Industrial,479.4,5.03,0.184
2026-07-15 09:51:20.152326,Sitapura Industrial,544.5,4.7,0.225
2026-07-15 10:51:20.152326,Sitapura Industrial,343.5,5.03,0.05
2026-07-15 11:51:20.152326,Sitapura Industrial,399.4,4.13,0.091
2026-07-15 12:51:20.152326,Sitapura Industrial,366.6,4.22,0.179
2026-07-15 13:51:20.152326,Sitapura Industrial,344.9,4.69,0.199
2026-07-15 14:51:20.152326,Sitapura Industrial,389.5,4.62,0.342
2026-07-15 15:51:20.152326,Sitapura Industrial,376.6,4.29,0.04
2026-07-15 16:51:20.152326,Sitapura Industrial,432.0,4.16,0.016
2026-07-15 17:51:20.152326,Sitapura Industrial,430.1,4.05,0.055
2026-07-15 18:51:20.152326,Sitapura Industrial,513.4,4.68,0.054
2026-07-15 19:51:20.152326,Sitapura Industrial,494.0,4.31,0.583
2026-07-15 20:51:20.152326,Sitapura Industrial,528.7,4.51,0.074
2026-07-15 21:51:20.152326,Sitapura Industrial,566.3,4.59,0.057
2026-07-15 22:51:20.152326,Sitapura Industrial,365.7,4.7,0.039
2026-07-15 23:51:20.152326,Sitapura Industrial,385.5,4.5,0.076
2026-07-16 00:51:20.152326,Sitapura Industrial,376.6,4.63,0.27
2026-07-16 01:51:20.152326,Sitapura Industrial,348.6,4.34,0.052
2026-07-16 02:51:20.152326,Sitapura Industrial,384.1,4.75,0.163
2026-07-16 03:51:20.152326,Sitapura Industrial,411.3,4.77,0.098
2026-07-16 04:51:20.152326,Sitapura Industrial,442.2,4.88,0.132
2026-07-16 05:51:20.152326,Sitapura Industrial,426.3,4.67,0.226
2026-07-16 06:51:20.152326,Sitapura Industrial,585.0,4.36,0.117
2026-07-16 07:51:20.152326,Sitapura Industrial,510.1,4.72,0.298
2026-07-16 08:51:20.152326,Sitapura Industrial,539.7,4.14,0.151
2026-07-16 09:51:20.152326,Sitapura Industrial,573.7,4.0,0.081
2026-07-16 10:51:20.152326,Sitapura Industrial,391.1,4.09,0.284
2026-07-16 11:51:20.152326,Sitapura Industrial,402.7,4.28,0.115
2026-07-16 12:51:20.152326,Sitapura Industrial,360.6,3.97,0.195
2026-07-16 13:51:20.152326,Sitapura Industrial,431.0,3.8,0.261
2026-07-16 14:51:20.152326,Sitapura Industrial,413.4,4.49,0.17
2026-07-16 15:51:20.152326,Sitapura Industrial,323.2,4.35,0.114
2026-07-16 16:51:20.152326,Sitapura Industrial,389.6,4.2,0.214
2026-07-16 17:51:20.152326,Sitapura Industrial,378.4,4.4,0.475
2026-07-16 18:51:20.152326,Sitapura Industrial,539.0,5.02,0.072
2026-07-16 19:51:20.152326,Sitapura Industrial,541.3,4.35,0.116
2026-07-16 20:51:20.152326,Sitapura Industrial,546.3,4.54,0.252
2026-07-16 21:51:20.152326,Sitapura Industrial,494.1,4.22,0.027
2026-07-16 22:51:20.152326,Sitapura Industrial,373.0,4.31,0.036
2026-07-16 23:51:20.152326,Sitapura Industrial,374.6,4.62,0.075
2026-07-17 00:51:20.152326,Sitapura Industrial,447.2,4.72,0.153
2026-07-17 01:51:20.152326,Sitapura Industrial,366.0,4.62,0.101
2026-07-17 02:51:20.152326,Sitapura Industrial,361.1,4.81,0.047
2026-07-17 03:51:20.152326,Sitapura Industrial,417.2,4.37,0.137
2026-07-17 04:51:20.152326,Sitapura Industrial,451.5,4.43,0.112
2026-07-17 05:51:20.152326,Sitapura Industrial,401.1,4.65,0.506
2026-07-17 06:51:20.152326,Sitapura Industrial,576.2,4.43,0.013
2026-07-17 07:51:20.152326,Sitapura Industrial,584.8,4.39,0.176
2026-07-17 08:51:20.152326,Sitapura Industrial,549.7,4.15,0.01
2026-07-17 09:51:20.152326,Sitapura Industrial,564.3,4.65,0.404
2026-07-17 10:51:20.152326,Sitapura Industrial,383.1,4.76,0.093
2026-07-17 11:51:20.152326,Sitapura Industrial,427.1,4.22,0.268
2026-07-17 12:51:20.152326,Sitapura Industrial,423.1,4.63,0.247
2026-07-17 13:51:20.152326,Sitapura Industrial,397.3,4.43,0.167
2026-07-17 14:51:20.152326,Sitapura Industrial,437.8,4.54,0.103
2026-07-17 15:51:20.152326,Sitapura Industrial,403.7,4.68,0.027
2026-07-17 16:51:20.152326,Sitapura Industrial,435.3,4.72,0.018
2026-07-17 17:51:20.152326,Sitapura Industrial,385.8,4.63,0.09
2026-07-17 18:51:20.152326,Sitapura Industrial,464.9,4.68,0.117
2026-07-17 19:51:20.152326,Sitapura Industrial,552.3,4.19,0.021
2026-07-17 20:51:20.152326,Sitapura Industrial,513.6,4.14,0.049
2026-07-17 21:51:20.152326,Sitapura Industrial,553.2,4.67,0.191
2026-07-17 22:51:20.152326,Sitapura Industrial,431.2,4.48,0.222
2026-07-17 23:51:20.152326,Sitapura Industrial,400.0,4.93,0.138
2026-07-18 00:51:20.152326,Sitapura Industrial,413.0,4.74,0.107
2026-07-18 01:51:20.152326,Sitapura Industrial,384.0,4.42,0.035
2026-07-18 02:51:20.152326,Sitapura Industrial,411.6,4.24,0.202
2026-07-18 03:51:20.152326,Sitapura Industrial,439.7,4.48,0.187
2026-07-18 04:51:20.152326,Sitapura Industrial,413.8,4.45,0.428
2026-07-18 05:51:20.152326,Sitapura Industrial,427.0,4.78,0.089
2026-07-18 06:51:20.152326,Sitapura Industrial,507.6,4.52,0.004
2026-07-18 07:51:20.152326,Sitapura Industrial,542.2,4.39,0.347
2026-07-18 08:51:20.152326,Sitapura Industrial,579.9,4.33,0.232
2026-07-18 09:51:20.152326,Sitapura Industrial,591.5,4.34,0.285
2026-07-18 10:51:20.152326,Sitapura Industrial,414.9,4.13,0.029
2026-07-18 11:51:20.152326,Sitapura Industrial,407.2,4.68,0.127
2026-07-18 12:51:20.152326,Sitapura Industrial,428.0,4.45,0.324
2026-07-18 13:51:20.152326,Sitapura Industrial,457.4,4.46,0.024
2026-07-18 14:51:20.152326,Sitapura Industrial,409.0,4.04,0.016
2026-07-18 15:51:20.152326,Sitapura Industrial,424.7,3.86,0.082
2026-07-18 16:51:20.152326,Sitapura Industrial,420.6,4.42,0.218
2026-07-18 17:51:20.152326,Sitapura Industrial,315.2,4.97,0.037
2026-07-18 18:51:20.152326,Sitapura Industrial,513.3,4.22,0.066
2026-07-18 19:51:20.152326,Sitapura Industrial,540.1,4.56,0.072
2026-07-18 20:51:20.152326,Sitapura Industrial,595.8,4.58,0.274
2026-07-18 21:51:20.152326,Sitapura Industrial,467.7,4.11,0.059
2026-07-18 22:51:20.152326,Sitapura Industrial,427.8,4.35,0.071
2026-07-18 23:51:20.152326,Sitapura Industrial,329.9,4.65,0.224
2026-07-19 00:51:20.152326,Sitapura Industrial,397.6,4.53,0.086
2026-07-19 01:51:20.152326,Sitapura Industrial,368.5,4.62,0.108
2026-07-19 02:51:20.152326,Sitapura Industrial,392.7,4.24,0.065
2026-07-19 03:51:20.152326,Sitapura Industrial,391.3,4.2,0.024
2026-07-19 04:51:20.152326,Sitapura Industrial,430.9,4.7,0.066
2026-07-19 05:51:20.152326,Sitapura Industrial,397.7,4.79,0.216
2026-07-19 06:51:20.152326,Sitapura Industrial,549.9,4.25,0.154
2026-07-19 07:51:20.152326,Sitapura Industrial,510.6,4.47,0.189
2026-07-19 08:51:20.152326,Sitapura Industrial,562.6,4.6,0.097
2026-07-19 09:51:20.152326,Sitapura Industrial,624.8,5.0,0.113
2026-07-19 10:51:20.152326,Sitapura Industrial,384.2,4.73,0.073
2026-07-19 11:51:20.152326,Sitapura Industrial,370.3,4.42,0.105
2026-07-19 12:51:20.152326,Sitapura Industrial,424.8,4.56,0.144
2026-07-19 13:51:20.152326,Sitapura Industrial,401.7,4.12,0.101
2026-07-19 14:51:20.152326,Sitapura Industrial,419.0,3.9,0.299
2026-07-19 15:51:20.152326,Sitapura Industrial,368.9,4.41,0.493
2026-07-19 16:51:20.152326,Sitapura Industrial,441.9,3.97,0.013
2026-07-19 17:51:20.152326,Sitapura Industrial,374.3,5.05,0.327
2026-07-19 18:51:20.152326,Sitapura Industrial,543.1,4.73,0.239
2026-07-19 19:51:20.152326,Sitapura Industrial,509.5,4.37,0.008
2026-07-19 20:51:20.152326,Sitapura Industrial,451.2,4.77,0.057
2026-07-19 21:51:20.152326,Sitapura Industrial,527.5,4.72,0.013
2026-07-19 22:51:20.152326,Sitapura Industrial,385.3,4.51,0.478
2026-07-19 23:51:20.152326,Sitapura Industrial,380.9,4.38,0.089
2026-07-20 00:51:20.152326,Sitapura Industrial,423.5,4.3,0.043
2026-07-20 01:51:20.152326,Sitapura Industrial,367.1,4.7,0.116
2026-07-20 02:51:20.152326,Sitapura Industrial,396.9,4.74,0.052
2026-07-20 03:51:20.152326,Sitapura Industrial,401.1,4.24,0.051
2026-07-20 04:51:20.152326,Sitapura Industrial,387.0,4.62,0.025
2026-07-20 05:51:20.152326,Sitapura Industrial,396.9,4.01,0.187
2026-07-20 06:51:20.152326,Sitapura Industrial,558.7,3.99,0.162
2026-07-20 07:51:20.152326,Sitapura Industrial,538.2,4.57,0.069
2026-07-20 08:51:20.152326,Sitapura Industrial,571.7,4.98,0.034
2026-07-20 09:51:20.152326,Sitapura Industrial,580.2,5.09,0.048
2026-07-20 10:51:20.152326,Sitapura Industrial,366.6,4.93,0.181
2026-07-20 11:51:20.152326,Sitapura Industrial,432.6,4.53,0.325
2026-07-20 12:51:20.152326,Sitapura Industrial,431.5,4.65,0.259
2026-07-20 13:51:20.152326,Sitapura Industrial,433.4,4.29,0.185
2026-07-20 14:51:20.152326,Sitapura Industrial,351.2,4.58,0.216
2026-07-20 15:51:20.152326,Sitapura Industrial,361.4,4.35,0.116
2026-07-20 16:51:20.152326,Sitapura Industrial,385.1,3.93,0.13
2026-07-20 17:51:20.152326,Sitapura Industrial,363.3,4.24,0.287
2026-07-20 18:51:20.152326,Sitapura Industrial,513.5,4.77,0.143
2026-07-20 19:51:20.152326,Sitapura Industrial,480.2,4.37,0.095
2026-07-20 20:51:20.152326,Sitapura Industrial,480.4,4.19,0.353
2026-07-20 21:51:20.152326,Sitapura Industrial,526.0,4.66,0.148
2026-07-20 22:51:20.152326,Sitapura Industrial,338.0,4.12,0.05
2026-07-20 23:51:20.152326,Sitapura Industrial,398.9,4.8,0.066
2026-07-21 00:51:20.152326,Sitapura Industrial,361.8,4.26,0.036
2026-07-21 01:51:20.152326,Sitapura Industrial,392.6,4.56,0.141
2026-07-21 02:51:20.152326,Sitapura Industrial,355.0,4.26,0.335
2026-07-21 03:51:20.152326,Sitapura Industrial,404.8,4.94,0.215
2026-07-21 04:51:20.152326,Sitapura Industrial,367.5,4.49,0.243
2026-07-21 05:51:20.152326,Sitapura Industrial,409.3,3.97,0.099
2026-07-21 06:51:20.152326,Sitapura Industrial,521.3,4.62,0.093
2026-07-21 07:51:20.152326,Sitapura Industrial,558.4,4.36,0.046
2026-07-21 08:51:20.152326,Sitapura Industrial,590.3,4.8,0.171
2026-07-21 09:51:20.152326,Sitapura Industrial,550.1,4.61,0.307
2026-07-21 10:51:20.152326,Sitapura Industrial,410.7,4.87,0.096
2026-07-21 11:51:20.152326,Sitapura Industrial,375.2,4.51,0.075
2026-07-21 12:51:20.152326,Sitapura Industrial,403.4,4.73,0.145
2026-07-21 13:51:20.152326,Sitapura Industrial,429.6,4.53,0.298
2026-07-21 14:51:20.152326,Sitapura Industrial,426.8,4.49,0.244
2026-07-21 15:51:20.152326,Sitapura Industrial,356.1,4.45,0.089
2026-07-21 16:51:20.152326,Sitapura Industrial,424.1,4.48,0.131
2026-07-21 17:51:20.152326,Sitapura Industrial,407.7,4.33,0.128
2026-07-21 18:51:20.152326,Sitapura Industrial,546.9,4.88,0.167
2026-07-21 19:51:20.152326,Sitapura Industrial,566.0,4.41,0.091
2026-07-21 20:51:20.152326,Sitapura Industrial,543.4,4.35,0.306
2026-07-21 21:51:20.152326,Sitapura Industrial,525.3,4.47,0.182
2026-07-21 22:51:20.152326,Sitapura Industrial,414.1,4.04,0.048
2026-07-21 23:51:20.152326,Sitapura Industrial,400.7,4.37,0.122
2026-07-22 00:51:20.152326,Sitapura Industrial,370.6,4.3,0.136
2026-07-22 01:51:20.152326,Sitapura Industrial,376.9,4.68,0.08
2026-07-22 02:51:20.152326,Sitapura Industrial,425.7,4.23,0.154
2026-07-22 03:51:20.152326,Sitapura Industrial,396.7,4.54,0.224
2026-07-22 04:51:20.152326,Sitapura Industrial,402.0,4.18,0.239
2026-07-22 05:51:20.152326,Sitapura Industrial,385.7,4.72,0.214
2026-07-22 06:51:20.152326,Sitapura Industrial,529.9,4.53,0.115
2026-07-22 07:51:20.152326,Sitapura Industrial,601.7,4.32,0.209
2026-07-22 08:51:20.152326,Sitapura Industrial,546.2,4.56,0.1
2026-07-22 09:51:20.152326,Sitapura Industrial,494.5,4.58,0.031
2026-07-22 10:51:20.152326,Sitapura Industrial,330.0,4.43,0.023
2026-07-22 11:51:20.152326,Sitapura Industrial,391.6,4.53,0.005
2026-07-22 12:51:20.152326,Sitapura Industrial,384.6,4.73,0.322
2026-07-22 13:51:20.152326,Sitapura Industrial,371.9,4.51,0.332
2026-07-22 14:51:20.152326,Sitapura Industrial,354.2,4.32,0.153
2026-07-22 15:51:20.152326,Sitapura Industrial,383.5,4.88,0.11
2026-07-22 16:51:20.152326,Sitapura Industrial,342.3,4.1,0.178
2026-07-22 17:51:20.152326,Sitapura Industrial,445.3,4.41,0.122
2026-07-22 18:51:20.152326,Sitapura Industrial,526.1,4.7,0.455
2026-07-22 19:51:20.152326,Sitapura Industrial,484.9,4.28,0.058
2026-07-22 20:51:20.152326,Sitapura Industrial,495.6,4.67,0.256
2026-07-22 21:51:20.152326,Sitapura Industrial,438.3,4.21,0.207
2026-07-22 22:51:20.152326,Sitapura Industrial,385.9,4.23,0.013
2026-07-22 23:51:20.152326,Sitapura Industrial,374.9,4.34,0.042
2026-07-23 00:51:20.152326,Sitapura Industrial,423.8,3.96,0.018
2026-07-23 01:51:20.152326,Sitapura Industrial,364.9,4.63,0.006
2026-07-23 02:51:20.152326,Sitapura Industrial,397.0,4.04,0.189
2026-07-23 03:51:20.152326,Sitapura Industrial,423.8,5.18,0.234
2026-07-23 04:51:20.152326,Sitapura Industrial,411.7,4.78,0.102
2026-07-23 05:51:20.152326,Sitapura Industrial,429.3,4.31,0.289
2026-07-23 06:51:20.152326,Sitapura Industrial,502.5,4.44,0.14
2026-07-23 07:51:20.152326,Sitapura Industrial,526.9,4.44,0.18
2026-07-23 08:51:20.152326,Sitapura Industrial,548.4,4.33,0.123
2026-07-23 09:51:20.152326,Sitapura Industrial,553.7,4.49,0.132
2026-07-23 10:51:20.152326,Sitapura Industrial,382.3,4.55,0.119
2026-07-23 11:51:20.152326,Sitapura Industrial,399.1,4.77,0.295
2026-07-23 12:51:20.152326,Sitapura Industrial,406.7,3.88,0.125
2026-07-23 13:51:20.152326,Sitapura Industrial,361.8,4.32,0.17
2026-07-23 14:51:20.152326,Sitapura Industrial,399.6,5.05,0.186
2026-07-23 15:51:20.152326,Sitapura Industrial,413.0,4.72,0.068
2026-07-23 16:51:20.152326,Sitapura Industrial,396.3,5.16,0.336
2026-07-23 17:51:20.152326,Sitapura Industrial,408.2,5.61,0.038
2026-07-23 18:51:20.152326,Sitapura Industrial,550.8,4.39,0.549
2026-07-23 19:51:20.152326,Sitapura Industrial,509.4,4.26,0.074
2026-07-23 20:51:20.152326,Sitapura Industrial,522.7,4.57,0.1
2026-07-23 21:51:20.152326,Sitapura Industrial,550.5,4.37,0.129
2026-07-23 22:51:20.152326,Sitapura Industrial,445.1,4.65,0.391
2026-07-23 23:51:20.152326,Sitapura Industrial,460.7,4.52,0.172
2026-07-24 00:51:20.152326,Sitapura Industrial,381.3,4.13,0.297
2026-07-24 01:51:20.152326,Sitapura Industrial,378.9,4.83,0.063
2026-07-24 02:51:20.152326,Sitapura Industrial,402.5,4.34,0.145
2026-07-24 03:51:20.152326,Sitapura Industrial,439.1,4.24,0.341
2026-07-24 04:51:20.152326,Sitapura Industrial,411.9,4.75,0.128
2026-07-24 05:51:20.152326,Sitapura Industrial,374.0,4.48,0.098
2026-07-24 06:51:20.152326,Sitapura Industrial,581.2,4.34,0.015
2026-07-24 07:51:20.152326,Sitapura Industrial,618.3,4.87,0.116
2026-07-24 08:51:20.152326,Sitapura Industrial,562.4,4.61,0.388
2026-07-24 09:51:20.152326,Sitapura Industrial,550.3,4.31,0.401
2026-07-24 10:51:20.152326,Sitapura Industrial,384.4,4.53,0.051
2026-07-24 11:51:20.152326,Sitapura Industrial,459.3,4.01,0.199
2026-07-24 12:51:20.152326,Sitapura Industrial,370.6,4.54,0.162
2026-07-24 13:51:20.152326,Sitapura Industrial,439.5,4.01,0.065
2026-07-24 14:51:20.152326,Sitapura Industrial,392.8,4.8,0.252
2026-07-24 15:51:20.152326,Sitapura Industrial,404.8,4.13,0.137
2026-07-24 16:51:20.152326,Sitapura Industrial,415.6,4.38,0.289
2026-07-24 17:51:20.152326,Sitapura Industrial,432.9,4.18,0.068
2026-07-24 18:51:20.152326,Sitapura Industrial,501.4,4.46,0.43
2026-07-24 19:51:20.152326,Sitapura Industrial,519.1,4.38,0.137
2026-07-24 20:51:20.152326,Sitapura Industrial,507.0,4.85,0.31
2026-07-24 21:51:20.152326,Sitapura Industrial,550.6,4.53,0.121
2026-07-24 22:51:20.152326,Sitapura Industrial,371.3,4.26,0.048
2026-07-24 23:51:20.152326,Sitapura Industrial,388.6,4.69,0.057
2026-07-25 00:51:20.152326,Sitapura Industrial,372.5,4.36,0.167
2026-07-25 01:51:20.152326,Sitapura Industrial,407.1,4.16,0.175
2026-07-25 02:51:20.152326,Sitapura Industrial,375.6,5.15,0.039
2026-07-25 03:51:20.152326,Sitapura Industrial,390.1,4.38,0.438
2026-07-25 04:51:20.152326,Sitapura Industrial,404.1,4.69,0.044
2026-07-25 05:51:20.152326,Sitapura Industrial,404.2,4.67,0.188
2026-07-25 06:51:20.152326,Sitapura Industrial,554.7,4.48,0.063
2026-07-25 07:51:20.152326,Sitapura Industrial,569.1,4.08,0.09
2026-07-25 08:51:20.152326,Sitapura Industrial,527.0,4.88,0.054
2026-07-25 09:51:20.152326,Sitapura Industrial,513.5,4.42,0.026
2026-07-25 10:51:20.152326,Sitapura Industrial,411.1,4.63,0.066
2026-07-25 11:51:20.152326,Sitapura Industrial,434.6,4.24,0.186
2026-07-25 12:51:20.152326,Sitapura Industrial,385.3,4.31,0.22
2026-07-25 13:51:20.152326,Sitapura Industrial,423.6,4.43,0.258
2026-07-25 14:51:20.152326,Sitapura Industrial,443.9,4.86,0.065
2026-07-25 15:51:20.152326,Sitapura Industrial,438.4,4.36,0.192
2026-07-25 16:51:20.152326,Sitapura Industrial,417.2,4.31,0.23
2026-07-25 17:51:20.152326,Sitapura Industrial,420.2,5.54,0.093
2026-07-25 18:51:20.152326,Sitapura Industrial,553.7,3.76,0.198
2026-07-25 19:51:20.152326,Sitapura Industrial,486.6,4.83,0.075
2026-07-25 20:51:20.152326,Sitapura Industrial,496.4,4.48,0.387
2026-07-25 21:51:20.152326,Sitapura Industrial,545.0,4.69,0.197
2026-07-25 22:51:20.152326,Sitapura Industrial,344.7,4.4,0.08
2026-07-25 23:51:20.152326,Sitapura Industrial,424.3,4.56,0.036
2026-07-26 00:51:20.152326,Sitapura Industrial,369.6,4.41,0.181
2026-07-26 01:51:20.152326,Sitapura Industrial,417.6,4.4,0.028
2026-07-26 02:51:20.152326,Sitapura Industrial,384.6,4.73,0.233
2026-07-26 03:51:20.152326,Sitapura Industrial,389.5,4.63,0.15
2026-07-26 04:51:20.152326,Sitapura Industrial,376.4,4.02,0.206
2026-07-26 05:51:20.152326,Sitapura Industrial,377.6,4.71,0.183
2026-07-26 06:51:20.152326,Sitapura Industrial,557.2,4.7,0.199
2026-07-26 07:51:20.152326,Sitapura Industrial,556.5,4.77,0.032
2026-07-26 08:51:20.152326,Sitapura Industrial,568.1,4.65,0.001
2026-07-26 09:51:20.152326,Sitapura Industrial,551.7,4.31,0.163
2026-07-26 10:51:20.152326,Sitapura Industrial,423.6,4.27,0.218
2026-07-26 11:51:20.152326,Sitapura Industrial,393.0,4.52,0.21
2026-07-26 12:51:20.152326,Sitapura Industrial,396.8,4.51,0.319
2026-07-26 13:51:20.152326,Sitapura Industrial,412.8,4.44,0.038
2026-07-26 14:51:20.152326,Sitapura Industrial,427.2,4.62,0.03
2026-07-26 15:51:20.152326,Sitapura Industrial,434.0,4.27,0.438
2026-07-26 16:51:20.152326,Sitapura Industrial,361.5,4.32,0.142
2026-07-26 17:51:20.152326,Sitapura Industrial,436.5,4.68,0.149
2026-07-26 18:51:20.152326,Sitapura Industrial,573.6,4.45,0.015
2026-07-26 19:51:20.152326,Sitapura Industrial,514.4,4.26,0.217
2026-07-26 20:51:20.152326,Sitapura Industrial,511.3,4.51,0.343
2026-07-26 21:51:20.152326,Sitapura Industrial,524.5,4.49,0.123
2026-07-26 22:51:20.152326,Sitapura Industrial,393.1,4.3,0.154
2026-07-26 23:51:20.152326,Sitapura Industrial,387.9,4.52,0.209
2026-07-27 00:51:20.152326,Sitapura Industrial,375.2,4.0,0.328
2026-07-27 01:51:20.152326,Sitapura Industrial,379.2,4.65,0.316
2026-07-27 02:51:20.152326,Sitapura Industrial,400.8,4.16,0.029
2026-07-27 03:51:20.152326,Sitapura Industrial,424.4,4.79,0.077
2026-07-27 04:51:20.152326,Sitapura Industrial,352.2,4.06,0.05
2026-07-27 05:51:20.152326,Sitapura Industrial,379.0,4.7,0.107
2026-07-27 06:51:20.152326,Sitapura Industrial,638.8,4.41,0.133
2026-07-27 07:51:20.152326,Sitapura Industrial,629.9,4.68,0.205
2026-07-27 08:51:20.152326,Sitapura Industrial,524.8,4.71,0.051
2026-07-27 09:51:20.152326,Sitapura Industrial,481.2,4.06,0.165
2026-07-27 10:51:20.152326,Sitapura Industrial,395.5,4.34,0.212
2026-07-27 11:51:20.152326,Sitapura Industrial,366.5,4.64,0.116
2026-07-27 12:51:20.152326,Sitapura Industrial,384.8,4.35,0.136
2026-07-27 13:51:20.152326,Sitapura Industrial,369.5,4.72,0.024
2026-07-27 14:51:20.152326,Sitapura Industrial,376.2,4.47,0.173
2026-07-27 15:51:20.152326,Sitapura Industrial,431.2,4.88,0.336
2026-07-27 16:51:20.152326,Sitapura Industrial,389.8,4.36,0.182
2026-07-27 17:51:20.152326,Sitapura Industrial,401.3,4.28,0.475
2026-07-27 18:51:20.152326,Sitapura Industrial,551.5,4.77,0.027
2026-07-27 19:51:20.152326,Sitapura Industrial,492.5,5.0,0.055
2026-07-27 20:51:20.152326,Sitapura Industrial,521.4,4.5,0.194
2026-07-27 21:51:20.152326,Sitapura Industrial,549.8,4.41,0.018
2026-07-27 22:51:20.152326,Sitapura Industrial,400.9,4.12,0.264
2026-07-27 23:51:20.152326,Sitapura Industrial,439.1,4.79,0.141
2026-07-28 00:51:20.152326,Sitapura Industrial,381.4,4.83,0.18
2026-07-28 01:51:20.152326,Sitapura Industrial,407.8,4.59,0.284
2026-07-28 02:51:20.152326,Sitapura Industrial,402.1,4.24,0.185
2026-07-28 03:51:20.152326,Sitapura Industrial,374.1,4.36,0.079
2026-07-28 04:51:20.152326,Sitapura Industrial,366.1,4.93,0.052
2026-07-28 05:51:20.152326,Sitapura Industrial,373.2,4.22,0.257
2026-07-28 06:51:20.152326,Sitapura Industrial,525.0,4.8,0.045
2026-07-28 07:51:20.152326,Sitapura Industrial,520.5,4.83,0.047
2026-07-28 08:51:20.152326,Sitapura Industrial,552.4,4.23,0.161
2026-07-28 09:51:20.152326,Sitapura Industrial,512.6,4.29,0.182
2026-07-28 10:51:20.152326,Sitapura Industrial,415.4,4.24,0.146
2026-07-28 11:51:20.152326,Sitapura Industrial,395.8,4.27,0.196
2026-07-28 12:51:20.152326,Sitapura Industrial,421.7,4.58,0.128
2026-07-28 13:51:20.152326,Sitapura Industrial,400.3,3.98,0.086
2026-07-28 14:51:20.152326,Sitapura Industrial,407.1,4.1,0.127
2026-07-28 15:51:20.152326,Sitapura Industrial,410.0,4.16,0.041
2026-07-28 16:51:20.152326,Sitapura Industrial,421.6,4.39,0.024
2026-07-28 17:51:20.152326,Sitapura Industrial,458.3,4.94,0.128
2026-07-28 18:51:20.152326,Sitapura Industrial,494.3,4.0,0.209
2026-07-28 19:51:20.152326,Sitapura Industrial,479.7,4.79,0.247
2026-07-28 20:51:20.152326,Sitapura Industrial,525.5,4.13,0.177
2026-07-28 21:51:20.152326,Sitapura Industrial,525.8,5.0,0.093
2026-07-28 22:51:20.152326,Sitapura Industrial,403.1,4.64,0.233
2026-07-28 23:51:20.152326,Sitapura Industrial,451.0,4.72,0.237
2026-07-29 00:51:20.152326,Sitapura Industrial,384.7,4.53,0.069
2026-07-29 01:51:20.152326,Sitapura Industrial,396.8,4.95,0.168
2026-07-29 02:51:20.152326,Sitapura Industrial,427.6,4.73,0.242
2026-07-29 03:51:20.152326,Sitapura Industrial,409.2,3.82,0.179
2026-07-29 04:51:20.152326,Sitapura Industrial,393.0,4.81,0.48
2026-07-29 05:51:20.152326,Sitapura Industrial,382.9,4.85,0.103
2026-07-29 06:51:20.152326,Sitapura Industrial,554.4,4.24,0.025
2026-07-29 07:51:20.152326,Sitapura Industrial,540.3,3.9,0.09
2026-07-29 08:51:20.152326,Sitapura Industrial,495.8,4.72,0.307
2026-07-29 09:51:20.152326,Sitapura Industrial,544.1,4.45,0.034
2026-07-29 10:51:20.152326,Sitapura Industrial,425.3,4.66,0.154
2026-07-29 11:51:20.152326,Sitapura Industrial,371.5,4.49,0.006
2026-07-29 12:51:20.152326,Sitapura Industrial,465.3,4.49,0.118
2026-07-29 13:51:20.152326,Sitapura Industrial,417.1,3.84,0.117
2026-07-29 14:51:20.152326,Sitapura Industrial,387.5,4.38,0.216
2026-07-29 15:51:20.152326,Sitapura Industrial,375.1,4.72,0.078
2026-07-29 16:51:20.152326,Sitapura Industrial,377.7,4.24,0.113
2026-07-29 17:51:20.152326,Sitapura Industrial,416.8,4.67,0.132
2026-07-29 18:51:20.152326,Sitapura Industrial,557.8,4.93,0.11
2026-07-29 19:51:20.152326,Sitapura Industrial,535.0,4.54,0.095
2026-07-29 20:51:20.152326,Sitapura Industrial,496.3,4.41,0.093
2026-07-29 21:51:20.152326,Sitapura Industrial,480.5,4.36,0.154
2026-07-29 22:51:20.152326,Sitapura Industrial,393.3,4.64,0.098
2026-07-29 23:51:20.152326,Sitapura Industrial,376.9,3.57,0.104
2026-07-30 00:51:20.152326,Sitapura Industrial,358.0,4.39,0.414
2026-07-30 01:51:20.152326,Sitapura Industrial,446.2,4.54,0.317
2026-07-30 02:51:20.152326,Sitapura Industrial,392.7,4.46,0.273
2026-07-30 03:51:20.152326,Sitapura Industrial,411.7,3.93,0.143
2026-07-30 04:51:20.152326,Sitapura Industrial,391.3,4.91,0.058
2026-07-30 05:51:20.152326,Sitapura Industrial,407.7,4.48,0.07
2026-07-30 06:51:20.152326,Sitapura Industrial,513.0,4.36,0.086
2026-07-30 07:51:20.152326,Sitapura Industrial,562.3,4.41,0.067
2026-07-30 08:51:20.152326,Sitapura Industrial,551.4,4.25,0.069
2026-07-30 09:51:20.152326,Sitapura Industrial,611.5,4.91,0.42
2026-07-30 10:51:20.152326,Sitapura Industrial,361.6,4.8,0.053
2026-07-30 11:51:20.152326,Sitapura Industrial,438.9,3.82,0.048
2026-07-30 12:51:20.152326,Sitapura Industrial,319.0,4.71,0.351
2026-07-30 13:51:20.152326,Sitapura Industrial,397.5,4.29,0.139
2026-07-30 14:51:20.152326,Sitapura Industrial,387.9,4.97,0.184
2026-07-30 15:51:20.152326,Sitapura Industrial,406.6,4.17,0.305
2026-07-30 16:51:20.152326,Sitapura Industrial,407.9,4.29,0.176
2026-07-30 17:51:20.152326,Sitapura Industrial,413.5,5.4,0.106
2026-07-30 18:51:20.152326,Sitapura Industrial,502.8,4.52,0.075
2026-07-30 19:51:20.152326,Sitapura Industrial,481.8,4.36,0.137
2026-07-30 20:51:20.152326,Sitapura Industrial,544.5,4.78,0.094
2026-07-30 21:51:20.152326,Sitapura Industrial,568.0,4.16,0.144
2026-07-30 22:51:20.152326,Sitapura Industrial,443.6,4.07,0.535
2026-07-30 23:51:20.152326,Sitapura Industrial,396.7,4.17,0.07
2026-07-31 00:51:20.152326,Sitapura Industrial,395.9,3.94,0.065
2026-07-31 01:51:20.152326,Sitapura Industrial,377.6,4.47,0.242
2026-07-31 02:51:20.152326,Sitapura Industrial,373.7,4.96,0.363
2026-07-31 03:51:20.152326,Sitapura Industrial,391.2,4.72,0.297
2026-07-31 04:51:20.152326,Sitapura Industrial,365.4,3.85,0.019
2026-07-31 05:51:20.152326,Sitapura Industrial,363.9,4.52,0.155
2026-07-31 06:51:20.152326,Sitapura Industrial,573.1,4.82,0.207
2026-07-31 07:51:20.152326,Sitapura Industrial,552.6,4.76,0.022
2026-07-31 08:51:20.152326,Sitapura Industrial,519.4,3.88,0.058
2026-07-31 09:51:20.152326,Sitapura Industrial,557.7,4.57,0.171
2026-07-31 10:51:20.152326,Sitapura Industrial,397.0,4.89,0.044
2026-07-31 11:51:20.152326,Sitapura Industrial,343.1,4.55,0.173
2026-07-31 12:51:20.152326,Sitapura Industrial,390.0,4.15,0.026
2026-07-31 13:51:20.152326,Sitapura Industrial,382.0,4.35,0.011
2026-07-31 14:51:20.152326,Sitapura Industrial,464.7,4.75,0.254
2026-07-31 15:51:20.152326,Sitapura Industrial,381.2,4.38,0.088
2026-07-31 16:51:20.152326,Sitapura Industrial,415.1,4.45,0.11
2026-07-31 17:51:20.152326,Sitapura Industrial,414.0,4.0,0.157
2026-07-31 18:51:20.152326,Sitapura Industrial,560.4,4.25,0.176
2026-07-31 19:51:20.152326,Sitapura Industrial,557.1,4.13,0.157
2026-07-31 20:51:20.152326,Sitapura Industrial,495.2,4.61,0.15
2026-07-31 21:51:20.152326,Sitapura Industrial,518.1,4.48,0.055
2026-07-31 22:51:20.152326,Sitapura Industrial,398.2,4.04,0.209
2026-07-31 23:51:20.152326,Sitapura Industrial,373.7,4.71,0.054
2026-08-01 00:51:20.152326,Sitapura Industrial,395.0,4.61,0.123
2026-08-01 01:51:20.152326,Sitapura Industrial,432.5,4.72,0.095
2026-08-01 02:51:20.152326,Sitapura Industrial,428.7,4.78,0.17
2026-08-01 03:51:20.152326,Sitapura Industrial,418.6,4.4,0.14
2026-08-01 04:51:20.152326,Sitapura Industrial,385.0,3.73,0.006
2026-08-01 05:51:20.152326,Sitapura Industrial,379.0,4.27,0.18
2026-08-01 06:51:20.152326,Sitapura Industrial,519.8,4.59,0.045
2026-08-01 07:51:20.152326,Sitapura Industrial,587.4,4.25,0.022
2026-08-01 08:51:20.152326,Sitapura Industrial,531.7,4.93,0.153
2026-08-01 09:51:20.152326,Sitapura Industrial,552.7,4.25,0.072
2026-08-01 10:51:20.152326,Sitapura Industrial,371.4,5.01,0.384
2026-08-01 11:51:20.152326,Sitapura Industrial,403.4,4.16,0.211
2026-08-01 12:51:20.152326,Sitapura Industrial,380.8,4.42,0.097
2026-08-01 13:51:20.152326,Sitapura Industrial,373.0,4.56,0.182
2026-08-01 14:51:20.152326,Sitapura Industrial,397.9,4.13,0.229
2026-08-01 15:51:20.152326,Sitapura Industrial,423.7,4.58,0.36
2026-08-01 16:51:20.152326,Sitapura Industrial,367.7,4.59,0.194
2026-08-01 17:51:20.152326,Sitapura Industrial,383.2,4.39,0.048
2026-08-01 18:51:20.152326,Sitapura Industrial,541.2,4.01,0.028
2026-08-01 19:51:20.152326,Sitapura Industrial,489.5,4.51,0.362
2026-08-01 20:51:20.152326,Sitapura Industrial,518.7,4.32,0.047
2026-08-01 21:51:20.152326,Sitapura Industrial,523.9,4.5,0.137
2026-08-01 22:51:20.152326,Sitapura Industrial,437.4,4.6,0.278
2026-08-01 23:51:20.152326,Sitapura Industrial,364.0,4.46,0.122
2026-08-02 00:51:20.152326,Sitapura Industrial,421.1,5.03,0.335
2026-08-02 01:51:20.152326,Sitapura Industrial,400.3,4.39,0.217
2026-08-02 02:51:20.152326,Sitapura Industrial,382.6,4.27,0.077
2026-08-02 03:51:20.152326,Sitapura Industrial,379.4,4.72,0.017
2026-08-02 04:51:20.152326,Sitapura Industrial,384.0,4.39,0.189
2026-08-02 05:51:20.152326,Sitapura Industrial,401.4,4.48,0.185
2026-08-02 06:51:20.152326,Sitapura Industrial,559.1,4.53,0.123
2026-08-02 07:51:20.152326,Sitapura Industrial,603.9,4.12,0.216
2026-08-02 08:51:20.152326,Sitapura Industrial,603.1,4.71,0.047
2026-08-02 09:51:20.152326,Sitapura Industrial,549.6,4.71,0.228
2026-08-02 10:51:20.152326,Sitapura Industrial,402.7,4.43,0.123
2026-08-02 11:51:20.152326,Sitapura Industrial,445.2,4.92,0.15
2026-08-02 12:51:20.152326,Sitapura Industrial,399.2,4.18,0.065
2026-08-02 13:51:20.152326,Sitapura Industrial,395.7,3.87,0.045
2026-08-02 14:51:20.152326,Sitapura Industrial,389.7,4.86,0.019
2026-08-02 15:51:20.152326,Sitapura Industrial,405.5,4.49,0.08
2026-08-02 16:51:20.152326,Sitapura Industrial,387.7,4.72,0.034
2026-08-02 17:51:20.152326,Sitapura Industrial,403.6,3.97,0.013
2026-08-02 18:51:20.152326,Sitapura Industrial,527.0,4.66,0.085
2026-08-02 19:51:20.152326,Sitapura Industrial,481.6,4.34,0.123
2026-08-02 20:51:20.152326,Sitapura Industrial,501.0,4.53,0.096
2026-08-02 21:51:20.152326,Sitapura Industrial,504.3,4.42,0.115
2026-08-02 22:51:20.152326,Sitapura Industrial,381.0,4.38,0.087
2026-08-02 23:51:20.152326,Sitapura Industrial,437.8,4.68,0.076
2026-08-03 00:51:20.152326,Sitapura Industrial,421.7,4.61,0.18
2026-08-03 01:51:20.152326,Sitapura Industrial,370.3,4.13,0.244
2026-08-03 02:51:20.152326,Sitapura Industrial,431.5,4.32,0.23
2026-08-03 03:51:20.152326,Sitapura Industrial,424.6,4.28,0.106
2026-08-03 04:51:20.152326,Sitapura Industrial,430.9,4.58,0.025
2026-08-03 05:51:20.152326,Sitapura Industrial,352.6,4.91,0.293
2026-08-03 06:51:20.152326,Sitapura Industrial,555.9,4.56,0.066
2026-08-03 07:51:20.152326,Sitapura Industrial,576.3,5.02,0.202
2026-08-03 08:51:20.152326,Sitapura Industrial,586.6,4.57,0.29
2026-08-03 09:51:20.152326,Sitapura Industrial,581.2,4.16,0.02
2026-08-03 10:51:20.152326,Sitapura Industrial,380.2,4.41,0.118
2026-08-03 11:51:20.152326,Sitapura Industrial,414.1,4.51,0.006
2026-08-03 12:51:20.152326,Sitapura Industrial,422.9,4.6,0.259
2026-08-03 13:51:20.152326,Sitapura Industrial,435.9,4.97,0.177
2026-08-03 14:51:20.152326,Sitapura Industrial,399.8,3.98,0.059
2026-08-03 15:51:20.152326,Sitapura Industrial,383.4,5.4,0.055
2026-08-03 16:51:20.152326,Sitapura Industrial,391.3,4.81,0.072
2026-08-03 17:51:20.152326,Sitapura Industrial,410.0,4.31,0.275
2026-08-03 18:51:20.152326,Sitapura Industrial,538.1,4.38,0.258
2026-08-03 19:51:20.152326,Sitapura Industrial,559.5,4.39,0.15
2026-08-03 20:51:20.152326,Sitapura Industrial,463.1,4.46,0.23
2026-08-03 21:51:20.152326,Sitapura Industrial,519.5,4.53,0.069
2026-08-03 22:51:20.152326,Sitapura Industrial,426.7,4.54,0.034
2026-08-03 23:51:20.152326,Sitapura Industrial,403.7,4.69,0.006
2026-08-04 00:51:20.152326,Sitapura Industrial,418.1,4.23,0.043
2026-08-04 01:51:20.152326,Sitapura Industrial,394.4,4.35,0.16
2026-08-04 02:51:20.152326,Sitapura Industrial,373.2,4.64,0.053
2026-08-04 03:51:20.152326,Sitapura Industrial,370.2,4.26,0.145
2026-08-04 04:51:20.152326,Sitapura Industrial,407.8,4.62,0.057
2026-08-04 05:51:20.152326,Sitapura Industrial,422.4,4.59,0.099
2026-08-04 06:51:20.152326,Sitapura Industrial,514.4,4.36,0.026
2026-08-04 07:51:20.152326,Sitapura Industrial,512.7,3.99,0.081
2026-08-04 08:51:20.152326,Sitapura Industrial,571.7,4.98,0.255
2026-08-04 09:51:20.152326,Sitapura Industrial,527.3,4.92,0.068
2026-08-04 10:51:20.152326,Sitapura Industrial,334.3,5.04,0.25
2026-08-04 11:51:20.152326,Sitapura Industrial,415.6,4.75,0.058
2026-08-04 12:51:20.152326,Sitapura Industrial,391.9,4.99,0.052
2026-08-04 13:51:20.152326,Sitapura Industrial,445.0,4.35,0.188
2026-08-04 14:51:20.152326,Sitapura Industrial,424.0,4.93,0.079
2026-08-04 15:51:20.152326,Sitapura Industrial,405.7,4.93,0.027
2026-08-04 16:51:20.152326,Sitapura Industrial,380.9,4.27,0.078
2026-08-04 17:51:20.152326,Sitapura Industrial,422.7,3.92,0.079
2026-08-04 18:51:20.152326,Sitapura Industrial,528.9,4.1,0.27
2026-08-04 19:51:20.152326,Sitapura Industrial,544.6,4.05,0.312
2026-08-04 20:51:20.152326,Sitapura Industrial,543.9,4.43,0.118
2026-08-04 21:51:20.152326,Sitapura Industrial,596.2,4.86,0.139
2026-08-04 22:51:20.152326,Sitapura Industrial,398.0,4.37,0.139
2026-08-04 23:51:20.152326,Sitapura Industrial,372.6,4.54,0.372
2026-08-05 00:51:20.152326,Sitapura Industrial,422.2,4.44,0.157
2026-08-05 01:51:20.152326,Sitapura Industrial,375.1,4.1,0.012
2026-08-05 02:51:20.152326,Sitapura Industrial,445.6,4.68,0.049
2026-08-05 03:51:20.152326,Sitapura Industrial,422.8,4.86,0.173
2026-08-05 04:51:20.152326,Sitapura Industrial,421.5,4.31,0.18
2026-08-05 05:51:20.152326,Sitapura Industrial,441.9,4.13,0.284
2026-08-05 06:51:20.152326,Sitapura Industrial,556.4,5.02,0.17
2026-08-05 07:51:20.152326,Sitapura Industrial,549.1,4.59,0.095
2026-08-05 08:51:20.152326,Sitapura Industrial,581.8,4.83,0.059
2026-08-05 09:51:20.152326,Sitapura Industrial,497.5,4.45,0.181
2026-08-05 10:51:20.152326,Sitapura Industrial,361.8,4.03,0.462
2026-08-05 11:51:20.152326,Sitapura Industrial,407.1,4.76,0.098
2026-08-05 12:51:20.152326,Sitapura Industrial,442.3,4.81,0.385
2026-08-05 13:51:20.152326,Sitapura Industrial,434.2,4.68,0.081
2026-08-05 14:51:20.152326,Sitapura Industrial,391.5,4.7,0.235
2026-08-05 15:51:20.152326,Sitapura Industrial,360.7,5.01,0.048
2026-08-05 16:51:20.152326,Sitapura Industrial,379.9,4.08,0.014
2026-08-05 17:51:20.152326,Sitapura Industrial,384.3,4.37,0.479
2026-08-05 18:51:20.152326,Sitapura Industrial,521.3,4.23,0.082
2026-08-05 19:51:20.152326,Sitapura Industrial,563.6,4.55,0.146
2026-08-05 20:51:20.152326,Sitapura Industrial,520.8,4.97,0.31
2026-08-05 21:51:20.152326,Sitapura Industrial,515.7,4.31,0.221
2026-08-05 22:51:20.152326,Sitapura Industrial,424.7,4.79,0.042
2026-08-05 23:51:20.152326,Sitapura Industrial,445.5,4.51,0.371
2026-08-06 00:51:20.152326,Sitapura Industrial,416.5,4.78,0.085
2026-08-06 01:51:20.152326,Sitapura Industrial,375.3,4.39,0.141
2026-08-06 02:51:20.152326,Sitapura Industrial,449.9,4.6,0.109
2026-08-06 03:51:20.152326,Sitapura Industrial,391.6,4.92,0.058
2026-08-06 04:51:20.152326,Sitapura Industrial,367.0,4.22,0.18
2026-08-06 05:51:20.152326,Sitapura Industrial,458.4,4.43,0.234
2026-08-06 06:51:20.152326,Sitapura Industrial,548.6,4.57,0.091
2026-08-06 07:51:20.152326,Sitapura Industrial,597.4,4.54,0.007
2026-08-06 08:51:20.152326,Sitapura Industrial,563.2,4.35,0.32
2026-08-06 09:51:20.152326,Sitapura Industrial,581.9,4.28,0.024
2026-08-06 10:51:20.152326,Sitapura Industrial,435.1,4.66,0.415
2026-08-06 11:51:20.152326,Sitapura Industrial,400.1,4.69,0.231
2026-08-06 12:51:20.152326,Sitapura Industrial,369.9,5.14,0.03
2026-08-06 13:51:20.152326,Sitapura Industrial,459.1,4.28,0.154
2026-08-06 14:51:20.152326,Sitapura Industrial,385.5,4.1,0.309
2026-08-06 15:51:20.152326,Sitapura Industrial,415.6,4.92,0.19
2026-08-06 16:51:20.152326,Sitapura Industrial,428.6,4.5,0.1
2026-08-06 17:51:20.152326,Sitapura Industrial,363.1,4.54,0.218
2026-08-06 18:51:20.152326,Sitapura Industrial,485.8,4.56,0.16
2026-08-06 19:51:20.152326,Sitapura Industrial,610.6,4.49,0.166
2026-08-06 20:51:20.152326,Sitapura Industrial,507.4,4.62,0.119
2026-08-06 21:51:20.152326,Sitapura Industrial,517.2,4.35,0.12
2026-08-06 22:51:20.152326,Sitapura Industrial,402.0,4.28,0.294
2026-08-06 23:51:20.152326,Sitapura Industrial,380.8,4.82,0.056
2026-08-07 00:51:20.152326,Sitapura Industrial,404.3,4.4,0.441
2026-08-07 01:51:20.152326,Sitapura Industrial,419.5,4.22,0.269
2026-08-07 02:51:20.152326,Sitapura Industrial,391.5,4.95,0.058
2026-08-07 03:51:20.152326,Sitapura Industrial,362.0,3.79,0.048
2026-08-07 04:51:20.152326,Sitapura Industrial,391.0,4.82,0.074
2026-08-07 05:51:20.152326,Sitapura Industrial,368.7,3.78,0.212
2026-08-07 06:51:20.152326,Sitapura Industrial,522.1,4.62,0.132
2026-08-07 07:51:20.152326,Sitapura Industrial,605.8,4.2,0.291
2026-08-07 08:51:20.152326,Sitapura Industrial,553.9,4.34,0.204
2026-08-07 09:51:20.152326,Sitapura Industrial,575.4,5.15,0.077
2026-08-07 10:51:20.152326,Sitapura Industrial,398.2,5.35,0.241
2026-08-07 11:51:20.152326,Sitapura Industrial,391.8,4.63,0.136
2026-08-07 12:51:20.152326,Sitapura Industrial,385.5,4.9,0.112
2026-08-07 13:51:20.152326,Sitapura Industrial,365.2,4.75,0.126
2026-08-07 14:51:20.152326,Sitapura Industrial,395.0,4.0,0.119
2026-08-07 15:51:20.152326,Sitapura Industrial,404.5,4.61,0.18
2026-08-07 16:51:20.152326,Sitapura Industrial,417.3,4.69,0.259
2026-08-07 17:51:20.152326,Sitapura Industrial,377.9,4.66,0.125
2026-08-07 18:51:20.152326,Sitapura Industrial,556.9,4.66,0.111
2026-08-07 19:51:20.152326,Sitapura Industrial,433.4,4.42,0.066
2026-08-07 20:51:20.152326,Sitapura Industrial,544.8,4.59,0.366
2026-08-07 21:51:20.152326,Sitapura Industrial,489.9,4.89,0.126
2026-08-07 22:51:20.152326,Sitapura Industrial,389.7,4.54,0.243
2026-08-07 23:51:20.152326,Sitapura Industrial,395.9,4.26,0.081
2026-08-08 00:51:20.152326,Sitapura Industrial,367.5,4.41,0.023
2026-08-08 01:51:20.152326,Sitapura Industrial,506.5,4.4,0.176
2026-08-08 02:51:20.152326,Sitapura Industrial,358.8,4.92,0.199
2026-08-08 03:51:20.152326,Sitapura Industrial,391.3,4.09,0.162
2026-08-08 04:51:20.152326,Sitapura Industrial,432.2,4.73,0.309
2026-08-08 05:51:20.152326,Sitapura Industrial,402.7,4.58,0.176
2026-08-08 06:51:20.152326,Sitapura Industrial,588.8,4.75,0.676
2026-08-08 07:51:20.152326,Sitapura Industrial,490.6,4.74,0.163
2026-08-08 08:51:20.152326,Sitapura Industrial,521.4,4.18,0.266
2026-08-08 09:51:20.152326,Sitapura Industrial,585.9,4.33,0.085
2026-08-08 10:51:20.152326,Sitapura Industrial,360.0,4.82,0.184
2026-08-08 11:51:20.152326,Sitapura Industrial,403.7,4.11,0.177
2026-08-08 12:51:20.152326,Sitapura Industrial,392.5,5.09,0.056
2026-08-08 13:51:20.152326,Sitapura Industrial,451.3,4.37,0.052
2026-08-08 14:51:20.152326,Sitapura Industrial,380.3,4.46,0.121
2026-08-08 15:51:20.152326,Sitapura Industrial,404.6,4.41,0.063
2026-08-08 16:51:20.152326,Sitapura Industrial,372.1,4.09,0.241
2026-08-08 17:51:20.152326,Sitapura Industrial,410.8,4.56,0.049
2026-08-08 18:51:20.152326,Sitapura Industrial,483.9,4.84,0.024
2026-08-08 19:51:20.152326,Sitapura Industrial,570.6,4.31,0.184
2026-08-08 20:51:20.152326,Sitapura Industrial,550.9,4.48,0.018
2026-08-08 21:51:20.152326,Sitapura Industrial,547.6,4.66,0.163
2026-08-08 22:51:20.152326,Sitapura Industrial,400.9,4.02,0.051
2026-08-08 23:51:20.152326,Sitapura Industrial,405.2,4.19,0.086
2026-08-09 00:51:20.152326,Sitapura Industrial,421.9,4.8,0.183
2026-08-09 01:51:20.152326,Sitapura Industrial,414.6,4.54,0.106
2026-08-09 02:51:20.152326,Sitapura Industrial,395.5,4.38,0.111
2026-08-09 03:51:20.152326,Sitapura Industrial,414.2,4.42,0.127
2026-08-09 04:51:20.152326,Sitapura Industrial,400.5,4.49,0.111
2026-08-09 05:51:20.152326,Sitapura Industrial,405.4,4.65,0.107
2026-08-09 06:51:20.152326,Sitapura Industrial,587.3,4.82,0.018
2026-08-09 07:51:20.152326,Sitapura Industrial,530.0,5.15,0.032
2026-08-09 08:51:20.152326,Sitapura Industrial,571.4,4.68,0.289
2026-08-09 09:51:20.152326,Sitapura Industrial,467.5,4.22,0.233
2026-08-09 10:51:20.152326,Sitapura Industrial,418.7,4.14,0.301
2026-08-09 11:51:20.152326,Sitapura Industrial,440.7,4.62,0.019
2026-08-09 12:51:20.152326,Sitapura Industrial,426.6,4.62,0.151
2026-08-09 13:51:20.152326,Sitapura Industrial,386.0,5.41,0.301
2026-08-09 14:51:20.152326,Sitapura Industrial,371.1,4.81,0.133
2026-08-09 15:51:20.152326,Sitapura Industrial,385.2,4.47,0.061
2026-08-09 16:51:20.152326,Sitapura Industrial,404.7,4.46,0.656
2026-08-09 17:51:20.152326,Sitapura Industrial,376.5,4.28,0.079
2026-08-09 18:51:20.152326,Sitapura Industrial,481.9,4.59,0.332
2026-08-09 19:51:20.152326,Sitapura Industrial,527.3,4.87,0.318
2026-08-09 20:51:20.152326,Sitapura Industrial,545.0,4.48,0.274
2026-08-09 21:51:20.152326,Sitapura Industrial,580.2,4.71,0.027
2026-08-09 22:51:20.152326,Sitapura Industrial,365.9,4.59,0.341
2026-08-09 23:51:20.152326,Sitapura Industrial,387.7,4.79,0.099
2026-08-10 00:51:20.152326,Sitapura Industrial,406.4,4.38,0.051
2026-08-10 01:51:20.152326,Sitapura Industrial,361.4,4.5,0.019
2026-08-10 02:51:20.152326,Sitapura Industrial,445.7,4.65,0.349
2026-08-10 03:51:20.152326,Sitapura Industrial,343.1,4.26,0.123
2026-08-10 04:51:20.152326,Sitapura Industrial,407.8,4.63,0.202
2026-08-10 05:51:20.152326,Sitapura Industrial,403.4,3.92,0.19
2026-08-10 06:51:20.152326,Sitapura Industrial,492.9,4.54,0.122
2026-08-10 07:51:20.152326,Sitapura Industrial,567.6,4.28,0.259
2026-08-10 08:51:20.152326,Sitapura Industrial,619.4,4.55,0.167
2026-08-10 09:51:20.152326,Sitapura Industrial,600.2,4.61,0.039
2026-08-10 10:51:20.152326,Sitapura Industrial,406.3,4.18,0.034
2026-08-10 11:51:20.152326,Sitapura Industrial,404.8,4.36,0.309
2026-08-10 12:51:20.152326,Sitapura Industrial,398.5,4.63,0.209
2026-08-10 13:51:20.152326,Sitapura Industrial,395.6,4.4,0.427
2026-08-10 14:51:20.152326,Sitapura Industrial,346.5,4.72,0.232
2026-08-10 15:51:20.152326,Sitapura Industrial,462.3,4.69,0.346
2026-08-10 16:51:20.152326,Sitapura Industrial,401.1,4.32,0.326
2026-08-10 17:51:20.152326,Sitapura Industrial,357.0,4.76,0.408
2026-08-10 18:51:20.152326,Sitapura Industrial,497.7,4.3,0.158
2026-08-10 19:51:20.152326,Sitapura Industrial,578.4,4.59,0.365
2026-08-10 20:51:20.152326,Sitapura Industrial,494.2,4.07,0.046
2026-08-10 21:51:20.152326,Sitapura Industrial,495.6,4.05,0.349
2026-08-10 22:51:20.152326,Sitapura Industrial,434.8,4.74,0.126
2026-08-10 23:51:20.152326,Sitapura Industrial,350.6,4.18,0.347
2026-08-11 00:51:20.152326,Sitapura Industrial,420.1,4.42,0.452
2026-08-11 01:51:20.152326,Sitapura Industrial,436.8,3.74,0.239
2026-08-11 02:51:20.152326,Sitapura Industrial,395.4,4.42,0.042
2026-08-11 03:51:20.152326,Sitapura Industrial,375.4,4.28,0.074
2026-08-11 04:51:20.152326,Sitapura Industrial,445.4,4.13,0.216
2026-08-11 05:51:20.152326,Sitapura Industrial,407.5,4.08,0.166
2026-08-11 06:51:20.152326,Sitapura Industrial,659.4,5.09,0.194
2026-08-11 07:51:20.152326,Sitapura Industrial,531.8,4.27,0.108
2026-08-11 08:51:20.152326,Sitapura Industrial,614.1,4.74,0.353
2026-08-11 09:51:20.152326,Sitapura Industrial,540.8,4.37,0.086
2026-08-11 10:51:20.152326,Sitapura Industrial,415.0,4.82,0.134
2026-08-11 11:51:20.152326,Sitapura Industrial,391.0,4.26,0.241
2026-08-11 12:51:20.152326,Sitapura Industrial,370.9,5.0,0.012
2026-08-11 13:51:20.152326,Sitapura Industrial,342.4,4.89,0.029
2026-08-11 14:51:20.152326,Sitapura Industrial,432.9,4.44,0.102
2026-08-11 15:51:20.152326,Sitapura Industrial,429.0,4.95,0.145
2026-08-11 16:51:20.152326,Sitapura Industrial,383.0,4.66,0.063
2026-08-11 17:51:20.152326,Sitapura Industrial,405.5,4.4,0.188
2026-08-11 18:51:20.152326,Sitapura Industrial,471.2,4.56,0.264
2026-08-11 19:51:20.152326,Sitapura Industrial,539.9,4.62,0.105
2026-08-11 20:51:20.152326,Sitapura Industrial,471.0,4.69,0.015
2026-08-11 21:51:20.152326,Sitapura Industrial,471.7,4.47,0.007
2026-08-11 22:51:20.152326,Sitapura Industrial,456.8,4.52,0.075
2026-08-11 23:51:20.152326,Sitapura Industrial,431.7,4.09,0.09
2026-08-12 00:51:20.152326,Sitapura Industrial,342.0,4.92,0.022
2026-08-12 01:51:20.152326,Sitapura Industrial,398.6,4.07,0.426
2026-08-12 02:51:20.152326,Sitapura Industrial,400.4,4.23,0.093
2026-08-12 03:51:20.152326,Sitapura Industrial,402.8,4.25,0.046
2026-08-12 04:51:20.152326,Sitapura Industrial,415.6,4.81,0.09
2026-08-12 05:51:20.152326,Sitapura Industrial,425.6,5.0,0.009
2026-08-12 06:51:20.152326,Sitapura Industrial,556.4,4.47,0.224
2026-08-12 07:51:20.152326,Sitapura Industrial,553.8,4.47,0.064
2026-08-12 08:51:20.152326,Sitapura Industrial,565.4,4.62,0.035
2026-08-12 09:51:20.152326,Sitapura Industrial,539.7,4.51,0.16
2026-08-12 10:51:20.152326,Sitapura Industrial,406.9,4.53,0.107
2026-08-12 11:51:20.152326,Sitapura Industrial,445.4,4.79,0.126
2026-08-12 12:51:20.152326,Sitapura Industrial,403.7,4.1,0.053
2026-08-12 13:51:20.152326,Sitapura Industrial,414.8,4.82,0.034
2026-08-12 14:51:20.152326,Sitapura Industrial,438.5,4.15,0.164
2026-08-12 15:51:20.152326,Sitapura Industrial,397.6,4.4,0.096
2026-08-12 16:51:20.152326,Sitapura Industrial,401.9,4.92,0.113
2026-08-12 17:51:20.152326,Sitapura Industrial,384.9,4.41,0.163
2026-08-12 18:51:20.152326,Sitapura Industrial,470.1,4.34,0.488
2026-08-12 19:51:20.152326,Sitapura Industrial,536.5,4.12,0.185
2026-08-12 20:51:20.152326,Sitapura Industrial,559.4,4.71,0.029
2026-08-12 21:51:20.152326,Sitapura Industrial,491.4,4.64,0.011
2026-08-12 22:51:20.152326,Sitapura Industrial,369.6,4.58,0.096
2026-08-12 23:51:20.152326,Sitapura Industrial,418.4,4.61,0.104
2026-08-13 00:51:20.152326,Sitapura Industrial,397.7,4.28,0.196
2026-08-13 01:51:20.152326,Sitapura Industrial,395.5,5.02,0.018
2026-08-13 02:51:20.152326,Sitapura Industrial,390.5,5.03,0.095
2026-08-13 03:51:20.152326,Sitapura Industrial,403.0,4.7,0.049
2026-08-13 04:51:20.152326,Sitapura Industrial,428.4,4.38,0.102
2026-08-13 05:51:20.152326,Sitapura Industrial,376.1,4.46,0.064
2026-08-13 06:51:20.152326,Sitapura Industrial,623.8,4.29,0.162
2026-08-13 07:51:20.152326,Sitapura Industrial,575.2,4.72,0.059
2026-08-13 08:51:20.152326,Sitapura Industrial,592.4,3.94,0.073
2026-08-13 09:51:20.152326,Sitapura Industrial,550.8,4.89,0.12
2026-08-13 10:51:20.152326,Sitapura Industrial,361.2,4.86,0.226
2026-08-13 11:51:20.152326,Sitapura Industrial,385.5,4.34,0.406
2026-08-13 12:51:20.152326,Sitapura Industrial,353.8,4.68,0.042
2026-08-13 13:51:20.152326,Sitapura Industrial,408.6,4.91,0.17
2026-08-13 14:51:20.152326,Sitapura Industrial,406.8,4.24,0.251
2026-08-13 15:51:20.152326,Sitapura Industrial,399.4,4.19,0.026
2026-08-13 16:51:20.152326,Sitapura Industrial,435.8,4.02,0.076
2026-08-13 17:51:20.152326,Sitapura Industrial,388.5,4.57,0.21
2026-08-13 18:51:20.152326,Sitapura Industrial,527.6,4.52,0.099
2026-08-13 19:51:20.152326,Sitapura Industrial,496.3,4.78,0.016
2026-08-13 20:51:20.152326,Sitapura Industrial,483.6,3.81,0.048
2026-08-13 21:51:20.152326,Sitapura Industrial,594.0,4.29,0.027
2026-08-13 22:51:20.152326,Sitapura Industrial,397.5,4.9,0.066
2026-08-13 23:51:20.152326,Sitapura Industrial,417.6,4.28,0.067
2026-08-14 00:51:20.152326,Sitapura Industrial,393.9,3.86,0.033
2026-08-14 01:51:20.152326,Sitapura Industrial,368.8,3.98,0.104
2026-08-14 02:51:20.152326,Sitapura Industrial,414.8,4.08,0.022
2026-08-14 03:51:20.152326,Sitapura Industrial,433.2,4.42,0.079
2026-08-14 04:51:20.152326,Sitapura Industrial,398.4,4.27,0.121
2026-08-14 05:51:20.152326,Sitapura Industrial,379.5,4.38,0.111
2026-08-14 06:51:20.152326,Sitapura Industrial,556.6,4.11,0.061
2026-08-14 07:51:20.152326,Sitapura Industrial,604.2,4.86,0.123
2026-08-14 08:51:20.152326,Sitapura Industrial,575.6,4.33,0.009
2026-08-14 09:51:20.152326,Sitapura Industrial,552.1,4.78,0.02
2026-08-14 10:51:20.152326,Sitapura Industrial,402.5,4.42,0.084
2026-08-14 11:51:20.152326,Sitapura Industrial,423.1,4.6,0.196
2026-08-14 12:51:20.152326,Sitapura Industrial,424.9,4.09,0.307
2026-08-14 13:51:20.152326,Sitapura Industrial,411.4,4.28,0.01
2026-08-14 14:51:20.152326,Sitapura Industrial,386.6,3.92,0.061
2026-08-14 15:51:20.152326,Sitapura Industrial,376.4,3.98,0.171
2026-08-14 16:51:20.152326,Sitapura Industrial,394.5,4.05,0.182
2026-08-14 17:51:20.152326,Sitapura Industrial,391.2,4.68,0.326
2026-08-14 18:51:20.152326,Sitapura Industrial,514.5,4.59,0.067
2026-08-14 19:51:20.152326,Sitapura Industrial,488.0,4.07,0.02
2026-08-14 20:51:20.152326,Sitapura Industrial,546.7,4.61,0.145
2026-08-14 21:51:20.152326,Sitapura Industrial,555.2,4.5,0.147
2026-08-14 22:51:20.152326,Sitapura Industrial,361.2,4.62,0.17
2026-08-14 23:51:20.152326,Sitapura Industrial,375.9,4.46,0.076
2026-08-15 00:51:20.152326,Sitapura Industrial,404.0,4.44,0.101
2026-08-15 01:51:20.152326,Sitapura Industrial,428.7,4.75,0.342
2026-08-15 02:51:20.152326,Sitapura Industrial,398.8,4.74,0.137
2026-08-15 03:51:20.152326,Sitapura Industrial,409.8,4.71,0.224
2026-08-15 04:51:20.152326,Sitapura Industrial,399.5,4.3,0.009
2026-08-15 05:51:20.152326,Sitapura Industrial,338.0,5.05,0.08
2026-08-15 06:51:20.152326,Sitapura Industrial,622.7,3.86,0.478
2026-08-15 07:51:20.152326,Sitapura Industrial,612.8,4.33,0.166
2026-08-15 08:51:20.152326,Sitapura Industrial,498.4,4.13,0.293
2026-08-15 09:51:20.152326,Sitapura Industrial,613.1,4.25,0.253
2026-08-15 10:51:20.152326,Sitapura Industrial,389.2,4.85,0.047
2026-08-15 11:51:20.152326,Sitapura Industrial,396.7,4.11,0.099
2026-08-15 12:51:20.152326,Sitapura Industrial,347.2,4.45,0.385
2026-08-15 13:51:20.152326,Sitapura Industrial,384.5,4.36,0.318
2026-08-15 14:51:20.152326,Sitapura Industrial,455.3,4.22,0.056
2026-08-15 15:51:20.152326,Sitapura Industrial,411.7,4.67,0.14
2026-08-15 16:51:20.152326,Sitapura Industrial,403.5,4.04,0.284
2026-08-15 17:51:20.152326,Sitapura Industrial,396.5,4.58,0.068
2026-08-15 18:51:20.152326,Sitapura Industrial,513.0,4.69,0.123
2026-08-15 19:51:20.152326,Sitapura Industrial,528.4,5.02,0.154
2026-08-15 20:51:20.152326,Sitapura Industrial,468.5,4.55,0.404
2026-08-15 21:51:20.152326,Sitapura Industrial,515.0,4.32,0.138
2026-08-15 22:51:20.152326,Sitapura Industrial,409.3,4.19,0.082
2026-08-15 23:51:20.152326,Sitapura Industrial,457.3,5.44,0.059
2026-08-16 00:51:20.152326,Sitapura Industrial,383.8,4.72,0.634
2026-08-16 01:51:20.152326,Sitapura Industrial,377.3,4.56,0.23
2026-08-16 02:51:20.152326,Sitapura Industrial,392.9,5.05,0.129
2026-08-16 03:51:20.152326,Sitapura Industrial,374.9,4.18,0.075
2026-08-16 04:51:20.152326,Sitapura Industrial,400.6,4.49,0.086
2026-08-16 05:51:20.152326,Sitapura Industrial,396.0,4.19,0.133
2026-08-16 06:51:20.152326,Sitapura Industrial,518.7,4.59,0.161
2026-08-16 07:51:20.152326,Sitapura Industrial,521.4,4.83,0.122
2026-08-16 08:51:20.152326,Sitapura Industrial,540.5,4.52,0.192
2026-08-16 09:51:20.152326,Sitapura Industrial,598.5,4.76,0.067
2026-08-16 10:51:20.152326,Sitapura Industrial,433.9,4.17,0.444
2026-08-16 11:51:20.152326,Sitapura Industrial,388.9,4.52,0.081
2026-08-16 12:51:20.152326,Sitapura Industrial,379.8,4.28,0.048
2026-08-16 13:51:20.152326,Sitapura Industrial,375.1,4.83,0.116
2026-08-16 14:51:20.152326,Sitapura Industrial,402.2,4.26,0.051
2026-08-16 15:51:20.152326,Sitapura Industrial,376.2,4.8,0.557
2026-08-16 16:51:20.152326,Sitapura Industrial,406.3,4.18,0.432
2026-08-16 17:51:20.152326,Sitapura Industrial,360.1,4.63,0.007
2026-08-16 18:51:20.152326,Sitapura Industrial,543.9,4.98,0.04
2026-08-16 19:51:20.152326,Sitapura Industrial,472.5,4.39,0.093
2026-08-16 20:51:20.152326,Sitapura Industrial,584.5,3.97,0.054
2026-08-16 21:51:20.152326,Sitapura Industrial,479.9,4.45,0.125
2026-08-16 22:51:20.152326,Sitapura Industrial,377.3,4.24,0.126
2026-08-16 23:51:20.152326,Sitapura Industrial,386.2,4.51,0.318
2026-08-17 00:51:20.152326,Sitapura Industrial,326.6,4.43,0.076
2026-08-17 01:51:20.152326,Sitapura Industrial,398.8,4.01,0.137
2026-08-17 02:51:20.152326,Sitapura Industrial,414.6,4.47,0.11
2026-08-17 03:51:20.152326,Sitapura Industrial,407.6,4.91,0.272
2026-08-17 04:51:20.152326,Sitapura Industrial,384.2,4.5,0.283
2026-08-17 05:51:20.152326,Sitapura Industrial,400.6,4.32,0.275
2026-08-17 06:51:20.152326,Sitapura Industrial,547.4,4.95,0.159
2026-08-17 07:51:20.152326,Sitapura Industrial,633.2,4.35,0.165
2026-08-17 08:51:20.152326,Sitapura Industrial,564.3,4.84,0.232
2026-08-17 09:51:20.152326,Sitapura Industrial,516.2,4.54,0.2
2026-08-17 10:51:20.152326,Sitapura Industrial,429.1,4.32,0.088
2026-08-17 11:51:20.152326,Sitapura Industrial,439.5,4.48,0.178
2026-08-17 12:51:20.152326,Sitapura Industrial,403.0,4.87,0.178
2026-08-17 13:51:20.152326,Sitapura Industrial,383.5,4.17,0.088
2026-08-17 14:51:20.152326,Sitapura Industrial,397.7,4.12,0.609
2026-08-17 15:51:20.152326,Sitapura Industrial,410.1,4.61,0.28
2026-08-17 16:51:20.152326,Sitapura Industrial,377.7,4.97,0.006
2026-08-17 17:51:20.152326,Sitapura Industrial,412.4,4.56,0.298
2026-08-17 18:51:20.152326,Sitapura Industrial,518.6,4.33,0.083
2026-08-17 19:51:20.152326,Sitapura Industrial,489.0,4.32,0.25
2026-08-17 20:51:20.152326,Sitapura Industrial,553.8,4.2,0.332
2026-08-17 21:51:20.152326,Sitapura Industrial,476.4,4.45,0.195
2026-08-17 22:51:20.152326,Sitapura Industrial,445.1,4.64,0.196
2026-08-17 23:51:20.152326,Sitapura Industrial,363.5,4.22,0.164
2026-08-18 00:51:20.152326,Sitapura Industrial,381.1,4.74,0.331
2026-08-18 01:51:20.152326,Sitapura Industrial,398.7,4.7,0.339
2026-08-18 02:51:20.152326,Sitapura Industrial,363.9,4.13,0.396
2026-08-18 03:51:20.152326,Sitapura Industrial,358.1,4.2,0.018
2026-08-18 04:51:20.152326,Sitapura Industrial,387.1,4.08,0.107
2026-08-18 05:51:20.152326,Sitapura Industrial,432.1,4.28,0.237
2026-08-18 06:51:20.152326,Sitapura Industrial,560.5,4.55,0.114
2026-08-18 07:51:20.152326,Sitapura Industrial,540.6,4.17,0.055
2026-08-18 08:51:20.152326,Sitapura Industrial,539.1,4.97,0.053
2026-08-18 09:51:20.152326,Sitapura Industrial,564.4,4.05,0.174
2026-08-18 10:51:20.152326,Sitapura Industrial,414.9,4.48,0.221
2026-08-18 11:51:20.152326,Sitapura Industrial,409.3,5.09,0.199
2026-08-18 12:51:20.152326,Sitapura Industrial,335.3,4.28,0.225
2026-08-18 13:51:20.152326,Sitapura Industrial,350.3,4.86,0.047
2026-08-18 14:51:20.152326,Sitapura Industrial,364.5,4.73,0.311
2026-08-18 15:51:20.152326,Sitapura Industrial,370.2,4.83,0.319
2026-08-18 16:51:20.152326,Sitapura Industrial,410.8,4.73,0.159
2026-08-18 17:51:20.152326,Sitapura Industrial,418.2,4.59,0.385
2026-08-18 18:51:20.152326,Sitapura Industrial,591.6,4.57,0.096
2026-08-18 19:51:20.152326,Sitapura Industrial,491.0,4.19,0.397
2026-08-18 20:51:20.152326,Sitapura Industrial,551.6,4.26,0.138
2026-08-18 21:51:20.152326,Sitapura Industrial,582.5,4.83,0.05
2026-08-18 22:51:20.152326,Sitapura Industrial,395.9,3.93,0.049
2026-08-18 23:51:20.152326,Sitapura Industrial,379.9,4.75,0.076
2026-08-19 00:51:20.152326,Sitapura Industrial,442.6,4.77,0.101
2026-08-19 01:51:20.152326,Sitapura Industrial,391.1,4.5,0.263
2026-08-19 02:51:20.152326,Sitapura Industrial,424.5,4.41,0.183
2026-08-19 03:51:20.152326,Sitapura Industrial,398.4,4.4,0.06
2026-08-19 04:51:20.152326,Sitapura Industrial,386.3,5.03,0.133
2026-08-19 05:51:20.152326,Sitapura Industrial,396.4,4.22,0.028
2026-08-19 06:51:20.152326,Sitapura Industrial,618.4,4.71,0.095
2026-08-19 07:51:20.152326,Sitapura Industrial,513.4,4.7,0.049
2026-08-19 08:51:20.152326,Sitapura Industrial,601.6,4.08,0.048
2026-08-19 09:51:20.152326,Sitapura Industrial,572.6,4.28,0.23
2026-08-19 10:51:20.152326,Sitapura Industrial,429.0,4.53,0.062
2026-08-19 11:51:20.152326,Sitapura Industrial,429.2,4.79,0.177
2026-08-19 12:51:20.152326,Sitapura Industrial,391.6,4.5,0.223
2026-08-19 13:51:20.152326,Sitapura Industrial,400.5,4.37,0.096
2026-08-19 14:51:20.152326,Sitapura Industrial,406.9,4.28,0.435
2026-08-19 15:51:20.152326,Sitapura Industrial,438.8,4.26,0.084
2026-08-19 16:51:20.152326,Sitapura Industrial,383.5,4.56,0.244
2026-08-19 17:51:20.152326,Sitapura Industrial,472.7,4.87,0.319
2026-08-19 18:51:20.152326,Sitapura Industrial,591.7,4.65,0.065
2026-08-19 19:51:20.152326,Sitapura Industrial,517.2,4.79,0.06
2026-08-19 20:51:20.152326,Sitapura Industrial,459.3,4.46,0.274
2026-08-19 21:51:20.152326,Sitapura Industrial,530.4,4.69,0.071
2026-08-19 22:51:20.152326,Sitapura Industrial,385.2,3.96,0.061
2026-08-19 23:51:20.152326,Sitapura Industrial,347.3,4.13,0.143
2026-08-20 00:51:20.152326,Sitapura Industrial,415.0,4.07,0.326
2026-08-20 01:51:20.152326,Sitapura Industrial,405.4,4.52,0.057
2026-08-20 02:51:20.152326,Sitapura Industrial,399.6,4.66,0.045
2026-08-20 03:51:20.152326,Sitapura Industrial,429.4,4.46,0.115
2026-08-20 04:51:20.152326,Sitapura Industrial,357.2,4.74,0.009
2026-08-20 05:51:20.152326,Sitapura Industrial,376.8,4.0,0.147
2026-08-20 06:51:20.152326,Sitapura Industrial,525.1,4.14,0.176
2026-08-20 07:51:20.152326,Sitapura Industrial,542.1,4.41,0.45
2026-08-20 08:51:20.152326,Sitapura Industrial,589.3,3.99,0.235
2026-08-20 09:51:20.152326,Sitapura Industrial,547.8,4.54,0.035
2026-08-20 10:51:20.152326,Sitapura Industrial,396.8,4.3,0.33
2026-08-20 11:51:20.152326,Sitapura Industrial,419.2,4.85,0.111
2026-08-20 12:51:20.152326,Sitapura Industrial,407.1,4.05,0.072
2026-08-20 13:51:20.152326,Sitapura Industrial,439.2,4.49,0.162
2026-08-20 14:51:20.152326,Sitapura Industrial,396.9,4.51,0.179
2026-08-20 15:51:20.152326,Sitapura Industrial,364.2,4.89,0.084
2026-08-20 16:51:20.152326,Sitapura Industrial,355.4,4.56,0.563
2026-08-20 17:51:20.152326,Sitapura Industrial,395.3,4.03,0.103
2026-08-20 18:51:20.152326,Sitapura Industrial,504.5,4.9,0.088
2026-08-20 19:51:20.152326,Sitapura Industrial,493.0,4.64,0.101
2026-08-20 20:51:20.152326,Sitapura Industrial,512.9,4.52,0.022
2026-08-20 21:51:20.152326,Sitapura Industrial,511.9,4.39,0.183
2026-08-20 22:51:20.152326,Sitapura Industrial,415.1,4.57,0.203
2026-08-20 23:51:20.152326,Sitapura Industrial,376.8,4.77,0.016
2026-08-21 00:51:20.152326,Sitapura Industrial,453.1,4.58,0.018
2026-08-21 01:51:20.152326,Sitapura Industrial,408.5,3.9,0.107
2026-08-21 02:51:20.152326,Sitapura Industrial,358.1,4.66,0.051
2026-08-21 03:51:20.152326,Sitapura Industrial,359.1,5.16,0.139
2026-08-21 04:51:20.152326,Sitapura Industrial,393.6,4.55,0.026
2026-08-21 05:51:20.152326,Sitapura Industrial,419.9,4.42,0.273
2026-08-21 06:51:20.152326,Sitapura Industrial,500.9,4.56,0.17
2026-08-21 07:51:20.152326,Sitapura Industrial,583.1,4.52,0.099
2026-08-21 08:51:20.152326,Sitapura Industrial,562.2,4.63,0.161
2026-08-21 09:51:20.152326,Sitapura Industrial,563.9,4.74,0.159
2026-08-21 10:51:20.152326,Sitapura Industrial,383.7,4.58,0.122
2026-08-21 11:51:20.152326,Sitapura Industrial,363.5,4.63,0.329
2026-08-21 12:51:20.152326,Sitapura Industrial,340.0,4.51,0.421
2026-08-21 13:51:20.152326,Sitapura Industrial,452.8,4.23,0.006
2026-08-21 14:51:20.152326,Sitapura Industrial,384.4,4.29,0.12
2026-08-21 15:51:20.152326,Sitapura Industrial,427.4,4.44,0.111
2026-08-21 16:51:20.152326,Sitapura Industrial,411.6,4.76,0.074
2026-08-21 17:51:20.152326,Sitapura Industrial,394.2,4.8,0.54
2026-08-21 18:51:20.152326,Sitapura Industrial,525.6,4.75,0.005
2026-08-21 19:51:20.152326,Sitapura Industrial,557.3,4.89,0.141
2026-08-21 20:51:20.152326,Sitapura Industrial,509.9,4.72,0.198
2026-08-21 21:51:20.152326,Sitapura Industrial,504.1,4.84,0.25
2026-08-21 22:51:20.152326,Sitapura Industrial,455.1,4.34,0.172
2026-08-21 23:51:20.152326,Sitapura Industrial,381.4,4.51,0.154
2026-08-22 00:51:20.152326,Sitapura Industrial,371.9,4.54,0.044
2026-08-22 01:51:20.152326,Sitapura Industrial,403.4,4.99,0.214
2026-08-22 02:51:20.152326,Sitapura Industrial,353.2,4.97,0.147
2026-08-22 03:51:20.152326,Sitapura Industrial,367.4,4.66,0.221
2026-08-22 04:51:20.152326,Sitapura Industrial,444.3,4.89,0.052
2026-08-22 05:51:20.152326,Sitapura Industrial,394.4,4.93,0.113
2026-08-22 06:51:20.152326,Sitapura Industrial,547.4,4.36,0.187
2026-08-22 07:51:20.152326,Sitapura Industrial,559.8,4.18,0.179
2026-08-22 08:51:20.152326,Sitapura Industrial,646.6,4.51,0.029
2026-08-22 09:51:20.152326,Sitapura Industrial,561.9,4.28,0.213
2026-08-22 10:51:20.152326,Sitapura Industrial,408.0,3.95,0.172
2026-08-22 11:51:20.152326,Sitapura Industrial,371.7,4.78,0.041
2026-08-22 12:51:20.152326,Sitapura Industrial,425.5,4.11,0.107
2026-08-22 13:51:20.152326,Sitapura Industrial,420.5,4.38,0.516
2026-08-22 14:51:20.152326,Sitapura Industrial,417.0,4.41,0.12
2026-08-22 15:51:20.152326,Sitapura Industrial,400.4,4.07,0.201
2026-08-22 16:51:20.152326,Sitapura Industrial,444.6,4.62,0.191
2026-08-22 17:51:20.152326,Sitapura Industrial,390.4,4.46,0.377
2026-08-22 18:51:20.152326,Sitapura Industrial,511.4,4.37,0.272
2026-08-22 19:51:20.152326,Sitapura Industrial,537.3,4.51,0.184
2026-08-22 20:51:20.152326,Sitapura Industrial,459.4,4.82,0.213
2026-08-22 21:51:20.152326,Sitapura Industrial,554.9,4.2,0.09
2026-08-22 22:51:20.152326,Sitapura Industrial,352.0,3.91,0.069
2026-08-22 23:51:20.152326,Sitapura Industrial,372.0,3.94,0.061
2026-08-23 00:51:20.152326,Sitapura Industrial,437.7,5.17,0.077
2026-08-23 01:51:20.152326,Sitapura Industrial,358.6,4.05,0.027
2026-08-23 02:51:20.152326,Sitapura Industrial,422.4,4.73,0.262
2026-08-23 03:51:20.152326,Sitapura Industrial,437.8,4.23,0.023
2026-08-23 04:51:20.152326,Sitapura Industrial,388.2,4.04,0.031
2026-08-23 05:51:20.152326,Sitapura Industrial,438.4,4.36,0.247
2026-08-23 06:51:20.152326,Sitapura Industrial,613.4,4.19,0.257
2026-08-23 07:51:20.152326,Sitapura Industrial,550.7,4.73,0.111
2026-08-23 08:51:20.152326,Sitapura Industrial,519.7,4.24,0.146
2026-08-23 09:51:20.152326,Sitapura Industrial,613.7,4.83,0.048
2026-08-23 10:51:20.152326,Sitapura Industrial,355.3,4.63,0.156
2026-08-23 11:51:20.152326,Sitapura Industrial,400.3,4.56,0.187
2026-08-23 12:51:20.152326,Sitapura Industrial,429.9,4.12,0.112
2026-08-23 13:51:20.152326,Sitapura Industrial,395.0,5.06,0.088
2026-08-23 14:51:20.152326,Sitapura Industrial,379.0,4.95,0.241
2026-08-23 15:51:20.152326,Sitapura Industrial,386.8,4.96,0.136
2026-08-23 16:51:20.152326,Sitapura Industrial,445.9,5.0,0.217
2026-08-23 17:51:20.152326,Sitapura Industrial,376.0,3.88,0.105
2026-08-23 18:51:20.152326,Sitapura Industrial,547.9,4.31,0.074
2026-08-23 19:51:20.152326,Sitapura Industrial,504.4,3.94,0.204
2026-08-23 20:51:20.152326,Sitapura Industrial,531.4,4.31,0.3
2026-08-23 21:51:20.152326,Sitapura Industrial,506.5,3.8,0.077
2026-08-23 22:51:20.152326,Sitapura Industrial,356.3,4.72,0.126
2026-08-23 23:51:20.152326,Sitapura Industrial,381.1,4.5,0.142
2026-08-24 00:51:20.152326,Sitapura Industrial,394.1,4.67,0.218
2026-08-24 01:51:20.152326,Sitapura Industrial,366.2,4.19,0.026
2026-08-24 02:51:20.152326,Sitapura Industrial,396.3,4.53,0.145
2026-08-24 03:51:20.152326,Sitapura Industrial,442.9,4.64,0.228
2026-08-24 04:51:20.152326,Sitapura Industrial,452.3,3.71,0.31
2026-08-24 05:51:20.152326,Sitapura Industrial,378.1,4.46,0.113
2026-08-24 06:51:20.152326,Sitapura Industrial,563.1,4.62,0.084
2026-08-24 07:51:20.152326,Sitapura Industrial,517.3,4.78,0.413
2026-08-24 08:51:20.152326,Sitapura Industrial,522.1,4.7,0.016
2026-08-24 09:51:20.152326,Sitapura Industrial,573.5,4.59,0.173
2026-08-24 10:51:20.152326,Sitapura Industrial,383.0,4.67,0.083
2026-08-24 11:51:20.152326,Sitapura Industrial,394.0,4.67,0.065
2026-08-24 12:51:20.152326,Sitapura Industrial,395.1,4.71,0.237
2026-08-24 13:51:20.152326,Sitapura Industrial,364.1,4.74,0.071
2026-08-24 14:51:20.152326,Sitapura Industrial,373.2,4.32,0.251
2026-08-24 15:51:20.152326,Sitapura Industrial,391.1,4.3,0.095
2026-08-24 16:51:20.152326,Sitapura Industrial,358.9,3.99,0.219
2026-08-24 17:51:20.152326,Sitapura Industrial,417.1,4.79,0.068
2026-08-24 18:51:20.152326,Sitapura Industrial,504.3,4.74,0.031
2026-08-24 19:51:20.152326,Sitapura Industrial,524.7,4.8,0.097
2026-08-24 20:51:20.152326,Sitapura Industrial,491.6,4.46,0.084
2026-08-24 21:51:20.152326,Sitapura Industrial,533.7,4.43,0.34
2026-08-24 22:51:20.152326,Sitapura Industrial,380.6,4.68,0.409
2026-08-24 23:51:20.152326,Sitapura Industrial,377.0,4.45,0.056
2026-08-25 00:51:20.152326,Sitapura Industrial,385.2,4.34,0.057
2026-08-25 01:51:20.152326,Sitapura Industrial,375.9,4.55,0.252
2026-08-25 02:51:20.152326,Sitapura Industrial,453.7,4.35,0.136
2026-08-25 03:51:20.152326,Sitapura Industrial,408.0,4.06,0.05
2026-08-25 04:51:20.152326,Sitapura Industrial,431.9,4.95,0.096
2026-08-25 05:51:20.152326,Sitapura Industrial,430.8,4.04,0.207
2026-08-25 06:51:20.152326,Sitapura Industrial,537.0,4.47,0.089
2026-08-25 07:51:20.152326,Sitapura Industrial,526.2,4.07,0.114
2026-08-25 08:51:20.152326,Sitapura Industrial,588.0,4.46,0.197
2026-08-25 09:51:20.152326,Sitapura Industrial,576.1,4.39,0.176
2026-08-25 10:51:20.152326,Sitapura Industrial,383.2,4.08,0.184
2026-08-25 11:51:20.152326,Sitapura Industrial,413.3,4.63,0.211
2026-08-25 12:51:20.152326,Sitapura Industrial,380.1,4.25,0.044
2026-08-25 13:51:20.152326,Sitapura Industrial,428.8,4.24,0.017
2026-08-25 14:51:20.152326,Sitapura Industrial,388.2,4.47,0.066
2026-08-25 15:51:20.152326,Sitapura Industrial,350.3,4.3,0.309
2026-08-25 16:51:20.152326,Sitapura Industrial,411.4,5.28,0.177
2026-08-25 17:51:20.152326,Sitapura Industrial,404.6,4.43,0.202
2026-08-25 18:51:20.152326,Sitapura Industrial,510.7,4.04,0.066
2026-08-25 19:51:20.152326,Sitapura Industrial,543.0,4.66,0.069
2026-08-25 20:51:20.152326,Sitapura Industrial,548.7,4.64,0.367
2026-08-25 21:51:20.152326,Sitapura Industrial,477.3,4.2,0.244
2026-08-25 22:51:20.152326,Sitapura Industrial,466.2,4.67,0.323
2026-08-25 23:51:20.152326,Sitapura Industrial,426.2,4.59,0.279
2026-08-26 00:51:20.152326,Sitapura Industrial,355.1,4.1,0.163
2026-08-26 01:51:20.152326,Sitapura Industrial,398.5,4.57,0.088
2026-08-26 02:51:20.152326,Sitapura Industrial,361.0,3.99,0.208
2026-08-26 03:51:20.152326,Sitapura Industrial,473.7,4.34,0.277
2026-08-26 04:51:20.152326,Sitapura Industrial,418.9,4.46,0.107
2026-08-26 05:51:20.152326,Sitapura Industrial,443.2,4.42,0.174
2026-08-26 06:51:20.152326,Sitapura Industrial,534.7,4.37,0.245
2026-08-26 07:51:20.152326,Sitapura Industrial,553.5,4.64,0.168
2026-08-26 08:51:20.152326,Sitapura Industrial,539.7,4.78,0.094
2026-08-26 09:51:20.152326,Sitapura Industrial,537.3,4.52,0.128
2026-08-26 10:51:20.152326,Sitapura Industrial,391.9,4.81,0.205
2026-08-26 11:51:20.152326,Sitapura Industrial,414.0,4.54,0.011
2026-08-26 12:51:20.152326,Sitapura Industrial,360.3,4.31,0.105
2026-08-26 13:51:20.152326,Sitapura Industrial,401.0,4.62,0.085
2026-08-26 14:51:20.152326,Sitapura Industrial,398.4,4.28,0.019
2026-08-26 15:51:20.152326,Sitapura Industrial,401.2,4.73,0.148
2026-08-26 16:51:20.152326,Sitapura Industrial,360.5,4.55,0.049
2026-08-26 17:51:20.152326,Sitapura Industrial,377.2,4.88,0.224
2026-08-26 18:51:20.152326,Sitapura Industrial,559.2,4.18,0.365
2026-08-26 19:51:20.152326,Sitapura Industrial,507.6,4.86,0.018
2026-08-26 20:51:20.152326,Sitapura Industrial,490.4,4.45,0.235
2026-08-26 21:51:20.152326,Sitapura Industrial,508.9,4.69,0.308
2026-08-26 22:51:20.152326,Sitapura Industrial,383.6,4.62,0.084
2026-08-26 23:51:20.152326,Sitapura Industrial,377.4,4.69,0.106
2026-08-27 00:51:20.152326,Sitapura Industrial,401.1,4.68,0.16
2026-08-27 01:51:20.152326,Sitapura Industrial,382.9,4.64,0.106
2026-08-27 02:51:20.152326,Sitapura Industrial,398.1,4.39,0.451
2026-08-27 03:51:20.152326,Sitapura Industrial,414.8,4.79,0.068
2026-08-27 04:51:20.152326,Sitapura Industrial,395.8,4.49,0.065
2026-08-27 05:51:20.152326,Sitapura Industrial,395.2,4.53,0.042
2026-08-27 06:51:20.152326,Sitapura Industrial,581.9,4.26,0.066
2026-08-27 07:51:20.152326,Sitapura Industrial,532.4,4.71,0.066
2026-08-27 08:51:20.152326,Sitapura Industrial,593.5,4.83,0.047
2026-08-27 09:51:20.152326,Sitapura Industrial,504.4,5.14,0.386
2026-08-27 10:51:20.152326,Sitapura Industrial,444.8,4.53,0.188
2026-08-27 11:51:20.152326,Sitapura Industrial,388.9,4.4,0.094
2026-08-27 12:51:20.152326,Sitapura Industrial,416.3,4.26,0.068
2026-08-27 13:51:20.152326,Sitapura Industrial,392.8,4.45,0.214
2026-08-27 14:51:20.152326,Sitapura Industrial,418.5,4.25,0.034
2026-08-27 15:51:20.152326,Sitapura Industrial,400.0,3.57,0.224
2026-08-27 16:51:20.152326,Sitapura Industrial,419.7,4.3,0.099
2026-08-27 17:51:20.152326,Sitapura Industrial,461.4,4.68,0.15
2026-08-27 18:51:20.152326,Sitapura Industrial,516.1,4.49,0.013
2026-08-27 19:51:20.152326,Sitapura Industrial,493.5,4.49,0.375
2026-08-27 20:51:20.152326,Sitapura Industrial,466.3,4.37,0.035
2026-08-27 21:51:20.152326,Sitapura Industrial,515.5,4.35,0.113
2026-08-27 22:51:20.152326,Sitapura Industrial,418.0,4.51,0.115
2026-08-27 23:51:20.152326,Sitapura Industrial,365.2,4.6,0.25
2026-08-28 00:51:20.152326,Sitapura Industrial,418.4,4.63,0.103
2026-08-28 01:51:20.152326,Sitapura Industrial,427.2,4.47,0.142
2026-08-28 02:51:20.152326,Sitapura Industrial,437.4,4.67,0.158
2026-08-28 03:51:20.152326,Sitapura Industrial,421.5,4.08,0.104
2026-08-28 04:51:20.152326,Sitapura Industrial,422.5,5.09,0.218
2026-08-28 05:51:20.152326,Sitapura Industrial,441.6,4.25,0.018
2026-08-28 06:51:20.152326,Sitapura Industrial,612.0,4.41,0.294
2026-08-28 07:51:20.152326,Sitapura Industrial,642.0,4.72,0.028
2026-08-28 08:51:20.152326,Sitapura Industrial,555.8,4.51,0.187
2026-08-28 09:51:20.152326,Sitapura Industrial,520.3,4.96,0.09
2026-08-28 10:51:20.152326,Sitapura Industrial,393.8,4.6,0.124
2026-08-28 11:51:20.152326,Sitapura Industrial,407.5,4.31,0.013
2026-08-28 12:51:20.152326,Sitapura Industrial,415.2,3.93,0.029
2026-08-28 13:51:20.152326,Sitapura Industrial,460.0,4.38,0.041
2026-08-28 14:51:20.152326,Sitapura Industrial,434.2,4.65,0.023
2026-08-28 15:51:20.152326,Sitapura Industrial,363.8,4.51,0.307
2026-08-28 16:51:20.152326,Sitapura Industrial,424.0,4.34,0.192
2026-08-28 17:51:20.152326,Sitapura Industrial,428.5,4.53,0.069
2026-08-28 18:51:20.152326,Sitapura Industrial,557.9,4.73,0.032
2026-08-28 19:51:20.152326,Sitapura Industrial,522.7,4.26,0.156
2026-08-28 20:51:20.152326,Sitapura Industrial,466.2,4.68,0.185
2026-08-28 21:51:20.152326,Sitapura Industrial,529.7,4.08,0.019
2026-08-28 22:51:20.152326,Sitapura Industrial,433.9,4.67,0.23
2026-08-28 23:51:20.152326,Sitapura Industrial,414.7,4.4,0.143
2026-08-29 00:51:20.152326,Sitapura Industrial,394.8,4.74,0.113
2026-08-29 01:51:20.152326,Sitapura Industrial,416.0,4.42,0.089
2026-08-29 02:51:20.152326,Sitapura Industrial,424.7,4.38,0.026
2026-08-29 03:51:20.152326,Sitapura Industrial,394.5,4.07,0.008
2026-08-29 04:51:20.152326,Sitapura Industrial,407.7,4.48,0.229
2026-08-29 05:51:20.152326,Sitapura Industrial,388.1,4.77,0.114
2026-08-29 06:51:20.152326,Sitapura Industrial,599.9,4.98,0.015
2026-08-29 07:51:20.152326,Sitapura Industrial,610.4,4.1,0.085
2026-08-29 08:51:20.152326,Sitapura Industrial,629.3,4.4,0.082
2026-08-29 09:51:20.152326,Sitapura Industrial,583.0,3.74,0.019
2026-08-29 10:51:20.152326,Sitapura Industrial,403.2,4.75,0.258
2026-08-29 11:51:20.152326,Sitapura Industrial,415.1,4.6,0.083
2026-08-29 12:51:20.152326,Sitapura Industrial,374.8,4.48,0.107
2026-08-29 13:51:20.152326,Sitapura Industrial,387.1,4.37,0.309
2026-08-29 14:51:20.152326,Sitapura Industrial,386.8,4.49,0.005
2026-08-29 15:51:20.152326,Sitapura Industrial,401.6,4.4,0.052
2026-08-29 16:51:20.152326,Sitapura Industrial,412.0,4.23,0.043
2026-08-29 17:51:20.152326,Sitapura Industrial,403.3,4.61,0.136
2026-08-29 18:51:20.152326,Sitapura Industrial,464.8,4.2,0.43
2026-08-29 19:51:20.152326,Sitapura Industrial,497.6,4.92,0.293
2026-08-29 20:51:20.152326,Sitapura Industrial,555.0,4.82,0.066
2026-08-29 21:51:20.152326,Sitapura Industrial,506.9,5.03,0.213
2026-08-29 22:51:20.152326,Sitapura Industrial,356.6,4.91,0.007
2026-08-29 23:51:20.152326,Sitapura Industrial,393.3,4.32,0.132
2026-08-30 00:51:20.152326,Sitapura Industrial,448.4,4.64,0.153
2026-08-30 01:51:20.152326,Sitapura Industrial,432.1,4.86,0.017
2026-08-30 02:51:20.152326,Sitapura Industrial,376.4,4.14,0.163
2026-08-30 03:51:20.152326,Sitapura Industrial,398.6,4.03,0.063
2026-08-30 04:51:20.152326,Sitapura Industrial,417.6,4.23,0.339
2026-08-30 05:51:20.152326,Sitapura Industrial,398.9,4.05,0.391
2026-08-30 06:51:20.152326,Sitapura Industrial,577.7,4.08,0.279
2026-08-30 07:51:20.152326,Sitapura Industrial,629.4,4.38,0.308
2026-08-30 08:51:20.152326,Sitapura Industrial,530.2,4.71,0.172
2026-08-30 09:51:20.152326,Sitapura Industrial,591.4,4.19,0.029
2026-08-30 10:51:20.152326,Sitapura Industrial,398.5,4.38,0.222
2026-08-30 11:51:20.152326,Sitapura Industrial,462.5,4.58,0.09
2026-08-30 12:51:20.152326,Sitapura Industrial,390.0,4.93,0.228
2026-08-30 13:51:20.152326,Sitapura Industrial,423.7,4.33,0.083
2026-08-30 14:51:20.152326,Sitapura Industrial,411.9,4.56,0.212
2026-08-30 15:51:20.152326,Sitapura Industrial,447.0,4.65,0.392
2026-08-30 16:51:20.152326,Sitapura Industrial,408.3,4.6,0.084
2026-08-30 17:51:20.152326,Sitapura Industrial,361.3,5.12,0.077
2026-08-30 18:51:20.152326,Sitapura Industrial,560.1,4.28,0.128
2026-08-30 19:51:20.152326,Sitapura Industrial,559.7,3.98,0.039
2026-08-30 20:51:20.152326,Sitapura Industrial,524.8,4.46,0.273
2026-08-30 21:51:20.152326,Sitapura Industrial,562.0,4.31,0.416
2026-08-30 22:51:20.152326,Sitapura Industrial,358.0,4.88,0.05
2026-08-30 23:51:20.152326,Sitapura Industrial,380.5,4.63,0.213
2026-08-31 00:51:20.152326,Sitapura Industrial,394.9,4.17,0.063
2026-08-31 01:51:20.152326,Sitapura Industrial,378.5,4.1,0.142
2026-08-31 02:51:20.152326,Sitapura Industrial,429.2,4.57,0.211
2026-08-31 03:51:20.152326,Sitapura Industrial,376.8,4.24,0.056
2026-08-31 04:51:20.152326,Sitapura Industrial,425.7,4.3,0.228
2026-08-31 05:51:20.152326,Sitapura Industrial,435.4,4.41,0.092
2026-08-31 06:51:20.152326,Sitapura Industrial,509.5,4.67,0.273
2026-08-31 07:51:20.152326,Sitapura Industrial,526.7,4.0,0.332
2026-08-31 08:51:20.152326,Sitapura Industrial,587.1,4.38,0.195
2026-08-31 09:51:20.152326,Sitapura Industrial,581.7,4.79,0.101
2026-08-31 10:51:20.152326,Sitapura Industrial,434.4,4.81,0.048
2026-08-31 11:51:20.152326,Sitapura Industrial,329.9,4.39,0.119
2026-08-31 12:51:20.152326,Sitapura Industrial,448.9,4.2,0.094
2026-08-31 13:51:20.152326,Sitapura Industrial,410.7,3.68,0.138
2026-08-31 14:51:20.152326,Sitapura Industrial,385.7,4.63,0.022
2026-08-31 15:51:20.152326,Sitapura Industrial,385.3,4.76,0.296
2026-08-31 16:51:20.152326,Sitapura Industrial,344.4,4.72,0.068
2026-08-31 17:51:20.152326,Sitapura Industrial,393.1,4.77,0.242
2026-08-31 18:51:20.152326,Sitapura Industrial,504.2,4.29,0.04
2026-08-31 19:51:20.152326,Sitapura Industrial,466.5,4.28,0.029
2026-08-31 20:51:20.152326,Sitapura Industrial,522.2,4.08,0.083
2026-08-31 21:51:20.152326,Sitapura Industrial,593.2,4.39,0.578
2026-08-31 22:51:20.152326,Sitapura Industrial,407.4,5.0,0.037
2026-08-31 23:51:20.152326,Sitapura Industrial,390.0,4.17,0.047
2026-09-01 00:51:20.152326,Sitapura Industrial,398.5,4.88,0.058
2026-09-01 01:51:20.152326,Sitapura Industrial,385.9,4.44,0.515
2026-09-01 02:51:20.152326,Sitapura Industrial,407.0,4.29,0.194
2026-09-01 03:51:20.152326,Sitapura Industrial,385.7,4.32,0.108
2026-09-01 04:51:20.152326,Sitapura Industrial,413.7,4.77,0.106
2026-09-01 05:51:20.152326,Sitapura Industrial,380.0,4.77,0.088
2026-09-01 06:51:20.152326,Sitapura Industrial,546.9,4.44,0.102
2026-09-01 07:51:20.152326,Sitapura Industrial,603.1,4.68,0.213
2026-09-01 08:51:20.152326,Sitapura Industrial,559.6,4.65,0.144
2026-09-01 09:51:20.152326,Sitapura Industrial,551.4,4.12,0.167
2026-09-01 10:51:20.152326,Sitapura Industrial,415.8,4.28,0.026
2026-09-01 11:51:20.152326,Sitapura Industrial,394.8,4.95,0.267
2026-09-01 12:51:20.152326,Sitapura Industrial,421.5,4.59,0.349
2026-09-01 13:51:20.152326,Sitapura Industrial,352.8,4.47,0.046
2026-09-01 14:51:20.152326,Sitapura Industrial,398.7,4.71,0.089
2026-09-01 15:51:20.152326,Sitapura Industrial,442.9,5.03,0.115
2026-09-01 16:51:20.152326,Sitapura Industrial,433.4,3.73,0.094
2026-09-01 17:51:20.152326,Sitapura Industrial,409.7,4.51,0.37
2026-09-01 18:51:20.152326,Sitapura Industrial,556.4,4.67,0.31
2026-09-01 19:51:20.152326,Sitapura Industrial,532.4,4.22,0.037
2026-09-01 20:51:20.152326,Sitapura Industrial,543.0,4.75,0.204
2026-09-01 21:51:20.152326,Sitapura Industrial,538.6,4.07,0.246
2026-09-01 22:51:20.152326,Sitapura Industrial,387.6,4.44,0.244
2026-09-01 23:51:20.152326,Sitapura Industrial,426.9,4.35,0.032
2026-09-02 00:51:20.152326,Sitapura Industrial,397.6,4.36,0.103
2026-09-02 01:51:20.152326,Sitapura Industrial,412.8,4.41,0.336
2026-09-02 02:51:20.152326,Sitapura Industrial,361.9,3.94,0.021
2026-09-02 03:51:20.152326,Sitapura Industrial,408.3,4.73,0.033
2026-09-02 04:51:20.152326,Sitapura Industrial,421.6,4.44,0.078
2026-09-02 05:51:20.152326,Sitapura Industrial,410.6,4.32,0.186
2026-09-02 06:51:20.152326,Sitapura Industrial,542.3,4.7,0.266
2026-09-02 07:51:20.152326,Sitapura Industrial,578.5,4.9,0.156
2026-09-02 08:51:20.152326,Sitapura Industrial,616.0,4.24,0.24
2026-09-02 09:51:20.152326,Sitapura Industrial,618.0,4.42,0.051
2026-09-02 10:51:20.152326,Sitapura Industrial,436.9,4.32,0.121
2026-09-02 11:51:20.152326,Sitapura Industrial,396.5,4.26,0.134
2026-09-02 12:51:20.152326,Sitapura Industrial,380.1,4.25,0.013
2026-09-02 13:51:20.152326,Sitapura Industrial,414.8,4.04,0.229
2026-09-02 14:51:20.152326,Sitapura Industrial,393.1,4.7,0.093
2026-09-02 15:51:20.152326,Sitapura Industrial,437.3,4.19,0.277
2026-09-02 16:51:20.152326,Sitapura Industrial,376.1,4.71,0.285
2026-09-02 17:51:20.152326,Sitapura Industrial,416.6,4.41,0.168
2026-09-02 18:51:20.152326,Sitapura Industrial,514.0,4.58,0.025
2026-09-02 19:51:20.152326,Sitapura Industrial,529.0,4.1,0.019
2026-09-02 20:51:20.152326,Sitapura Industrial,526.9,4.72,0.204
2026-09-02 21:51:20.152326,Sitapura Industrial,486.6,4.79,0.053
2026-09-02 22:51:20.152326,Sitapura Industrial,347.8,5.01,0.085
2026-09-02 23:51:20.152326,Sitapura Industrial,411.7,4.03,0.184
2026-09-03 00:51:20.152326,Sitapura Industrial,428.8,4.0,0.018
2026-09-03 01:51:20.152326,Sitapura Industrial,354.0,4.54,0.259
2026-09-03 02:51:20.152326,Sitapura Industrial,382.8,4.57,0.431
2026-09-03 03:51:20.152326,Sitapura Industrial,368.3,4.02,0.257
2026-09-03 04:51:20.152326,Sitapura Industrial,363.1,3.85,0.136
2026-09-03 05:51:20.152326,Sitapura Industrial,345.2,4.4,0.257
2026-09-03 06:51:20.152326,Sitapura Industrial,540.2,4.71,0.163
2026-09-03 07:51:20.152326,Sitapura Industrial,531.8,4.66,0.099
2026-09-03 08:51:20.152326,Sitapura Industrial,511.1,4.51,0.256
2026-09-03 09:51:20.152326,Sitapura Industrial,553.2,4.28,0.19
2026-09-03 10:51:20.152326,Sitapura Industrial,384.4,4.23,0.056
2026-09-03 11:51:20.152326,Sitapura Industrial,379.2,4.29,0.156
2026-09-03 12:51:20.152326,Sitapura Industrial,422.3,4.34,0.364
2026-09-03 13:51:20.152326,Sitapura Industrial,379.1,4.17,0.071
2026-09-03 14:51:20.152326,Sitapura Industrial,390.6,4.22,0.102
2026-09-03 15:51:20.152326,Sitapura Industrial,494.6,3.99,0.37
2026-09-03 16:51:20.152326,Sitapura Industrial,407.2,5.0,0.184
2026-09-03 17:51:20.152326,Sitapura Industrial,356.8,4.82,0.256
2026-09-03 18:51:20.152326,Sitapura Industrial,545.0,4.71,0.045
2026-09-03 19:51:20.152326,Sitapura Industrial,540.5,4.17,0.079
2026-09-03 20:51:20.152326,Sitapura Industrial,498.0,5.13,0.482
2026-09-03 21:51:20.152326,Sitapura Industrial,548.6,4.24,0.116
2026-09-03 22:51:20.152326,Sitapura Industrial,375.5,4.17,0.052
2026-09-03 23:51:20.152326,Sitapura Industrial,382.0,3.9,0.226
2026-09-04 00:51:20.152326,Sitapura Industrial,412.2,4.25,0.186
2026-09-04 01:51:20.152326,Sitapura Industrial,376.3,4.55,0.026
2026-09-04 02:51:20.152326,Sitapura Industrial,384.4,4.74,0.052
2026-09-04 03:51:20.152326,Sitapura Industrial,354.4,4.83,0.399
2026-09-04 04:51:20.152326,Sitapura Industrial,402.8,4.88,0.062
2026-09-04 05:51:20.152326,Sitapura Industrial,430.4,4.44,0.07
2026-09-04 06:51:20.152326,Sitapura Industrial,538.7,4.43,0.089
2026-09-04 07:51:20.152326,Sitapura Industrial,510.8,4.66,0.159
2026-09-04 08:51:20.152326,Sitapura Industrial,635.2,4.35,0.228
2026-09-04 09:51:20.152326,Sitapura Industrial,548.7,4.52,0.04
2026-09-04 10:51:20.152326,Sitapura Industrial,411.9,4.67,0.087
2026-09-04 11:51:20.152326,Sitapura Industrial,421.1,4.45,0.302
2026-09-04 12:51:20.152326,Sitapura Industrial,384.3,4.06,0.111
2026-09-04 13:51:20.152326,Sitapura Industrial,444.9,4.56,0.054
2026-09-04 14:51:20.152326,Sitapura Industrial,460.2,4.62,0.022
2026-09-04 15:51:20.152326,Sitapura Industrial,419.9,4.61,0.364
2026-09-04 16:51:20.152326,Sitapura Industrial,418.2,4.39,0.096
2026-09-04 17:51:20.152326,Sitapura Industrial,361.4,4.65,0.099
2026-09-04 18:51:20.152326,Sitapura Industrial,571.5,4.81,0.089
2026-09-04 19:51:20.152326,Sitapura Industrial,546.8,4.83,0.175
2026-09-04 20:51:20.152326,Sitapura Industrial,540.2,4.43,0.488
2026-09-04 21:51:20.152326,Sitapura Industrial,560.8,4.44,0.109
2026-09-04 22:51:20.152326,Sitapura Industrial,351.9,4.15,0.012
2026-09-04 23:51:20.152326,Sitapura Industrial,372.6,4.59,0.069
2026-09-05 00:51:20.152326,Sitapura Industrial,452.6,4.53,0.014
2026-09-05 01:51:20.152326,Sitapura Industrial,371.3,4.48,0.255
2026-09-05 02:51:20.152326,Sitapura Industrial,425.8,4.24,0.148
2026-09-05 03:51:20.152326,Sitapura Industrial,415.5,4.09,0.049
2026-09-05 04:51:20.152326,Sitapura Industrial,366.7,4.3,0.114
2026-09-05 05:51:20.152326,Sitapura Industrial,373.4,4.59,0.105
2026-09-05 06:51:20.152326,Sitapura Industrial,537.2,4.79,0.115
2026-09-05 07:51:20.152326,Sitapura Industrial,579.9,4.4,0.373
2026-09-05 08:51:20.152326,Sitapura Industrial,640.6,3.96,0.372
2026-09-05 09:51:20.152326,Sitapura Industrial,561.8,4.53,0.115
2026-09-05 10:51:20.152326,Sitapura Industrial,403.8,4.6,0.198
2026-09-05 11:51:20.152326,Sitapura Industrial,380.7,4.79,0.034
2026-09-05 12:51:20.152326,Sitapura Industrial,445.0,4.18,0.033
2026-09-05 13:51:20.152326,Sitapura Industrial,412.7,4.34,0.093
2026-09-05 14:51:20.152326,Sitapura Industrial,406.4,4.39,0.065
2026-09-05 15:51:20.152326,Sitapura Industrial,426.9,5.16,0.131
2026-09-05 16:51:20.152326,Sitapura Industrial,395.4,4.33,0.179
2026-09-05 17:51:20.152326,Sitapura Industrial,384.9,4.98,0.082
2026-09-05 18:51:20.152326,Sitapura Industrial,469.2,4.47,0.149
2026-09-05 19:51:20.152326,Sitapura Industrial,538.8,3.89,0.084
2026-09-05 20:51:20.152326,Sitapura Industrial,517.0,4.57,0.058
2026-09-05 21:51:20.152326,Sitapura Industrial,512.4,4.44,0.264
2026-09-05 22:51:20.152326,Sitapura Industrial,402.5,4.26,0.159
2026-09-05 23:51:20.152326,Sitapura Industrial,433.5,4.45,0.04
2026-09-06 00:51:20.152326,Sitapura Industrial,366.7,4.58,0.132
2026-09-06 01:51:20.152326,Sitapura Industrial,455.3,3.97,0.035
2026-09-06 02:51:20.152326,Sitapura Industrial,446.5,3.96,0.164
2026-09-06 03:51:20.152326,Sitapura Industrial,381.1,4.49,0.039
2026-09-06 04:51:20.152326,Sitapura Industrial,411.8,4.3,0.049
2026-09-06 05:51:20.152326,Sitapura Industrial,342.6,4.69,0.035
2026-09-06 06:51:20.152326,Sitapura Industrial,556.2,4.44,0.273
2026-09-06 07:51:20.152326,Sitapura Industrial,546.6,4.48,0.104
2026-09-06 08:51:20.152326,Sitapura Industrial,548.6,4.56,0.137
2026-09-06 09:51:20.152326,Sitapura Industrial,589.3,4.89,0.24
2026-09-06 10:51:20.152326,Sitapura Industrial,417.4,4.73,0.535
2026-09-06 11:51:20.152326,Sitapura Industrial,398.2,4.54,0.197
2026-09-06 12:51:20.152326,Sitapura Industrial,381.0,4.77,0.114
2026-09-06 13:51:20.152326,Sitapura Industrial,417.8,4.57,0.04
2026-09-06 14:51:20.152326,Sitapura Industrial,387.7,4.53,0.534
2026-09-06 15:51:20.152326,Sitapura Industrial,420.4,4.57,0.216
2026-09-06 16:51:20.152326,Sitapura Industrial,465.3,4.61,0.045
2026-09-06 17:51:20.152326,Sitapura Industrial,385.9,4.43,0.145
2026-09-06 18:51:20.152326,Sitapura Industrial,590.9,4.71,0.115
2026-09-06 19:51:20.152326,Sitapura Industrial,508.4,4.55,0.147
2026-09-06 20:51:20.152326,Sitapura Industrial,491.4,3.9,0.267
2026-09-06 21:51:20.152326,Sitapura Industrial,481.7,4.53,0.426
2026-09-06 22:51:20.152326,Sitapura Industrial,413.9,3.67,0.245
2026-09-06 23:51:20.152326,Sitapura Industrial,410.1,4.58,0.049
2026-09-07 00:51:20.152326,Sitapura Industrial,331.7,4.79,0.313
2026-09-07 01:51:20.152326,Sitapura Industrial,422.7,4.55,0.072
2026-09-07 02:51:20.152326,Sitapura Industrial,427.2,4.4,0.29
2026-09-07 03:51:20.152326,Sitapura Industrial,447.2,4.05,0.157
2026-09-07 04:51:20.152326,Sitapura Industrial,451.4,4.29,0.102
2026-09-07 05:51:20.152326,Sitapura Industrial,389.7,4.4,0.108
2026-09-07 06:51:20.152326,Sitapura Industrial,616.5,4.41,0.057
2026-09-07 07:51:20.152326,Sitapura Industrial,609.5,4.71,0.052
2026-09-07 08:51:20.152326,Sitapura Industrial,523.7,5.28,0.114
2026-09-07 09:51:20.152326,Sitapura Industrial,511.8,4.27,0.113
2026-09-07 10:51:20.152326,Sitapura Industrial,422.2,4.69,0.001
2026-09-07 11:51:20.152326,Sitapura Industrial,404.4,4.78,0.133
2026-09-07 12:51:20.152326,Sitapura Industrial,391.9,4.68,0.308
2026-09-07 13:51:20.152326,Sitapura Industrial,432.0,4.91,0.109
2026-09-07 14:51:20.152326,Sitapura Industrial,358.0,4.5,0.029
2026-09-07 15:51:20.152326,Sitapura Industrial,409.1,5.21,0.093
2026-09-07 16:51:20.152326,Sitapura Industrial,421.2,4.33,0.051
2026-09-07 17:51:20.152326,Sitapura Industrial,421.7,4.19,0.111
2026-09-07 18:51:20.152326,Sitapura Industrial,502.4,4.5,0.068
2026-09-07 19:51:20.152326,Sitapura Industrial,545.6,4.33,0.037
2026-09-07 20:51:20.152326,Sitapura Industrial,567.2,3.98,0.189
2026-09-07 21:51:20.152326,Sitapura Industrial,536.9,4.69,0.327
2026-09-07 22:51:20.152326,Sitapura Industrial,427.2,4.84,0.313
2026-09-07 23:51:20.152326,Sitapura Industrial,402.9,4.45,0.029
2026-09-08 00:51:20.152326,Sitapura Industrial,424.0,4.85,0.209
2026-09-08 01:51:20.152326,Sitapura Industrial,432.0,4.48,0.185
2026-09-08 02:51:20.152326,Sitapura Industrial,425.8,4.84,0.258
2026-09-08 03:51:20.152326,Sitapura Industrial,404.7,4.49,0.217
2026-09-08 04:51:20.152326,Sitapura Industrial,421.8,4.51,0.093
2026-09-08 05:51:20.152326,Sitapura Industrial,437.8,4.29,0.066
2026-09-08 06:51:20.152326,Sitapura Industrial,577.4,4.57,0.311
2026-09-08 07:51:20.152326,Sitapura Industrial,560.1,4.38,0.137
2026-09-08 08:51:20.152326,Sitapura Industrial,585.6,4.26,0.028
2026-09-08 09:51:20.152326,Sitapura Industrial,600.9,4.77,0.351
2026-09-08 10:51:20.152326,Sitapura Industrial,366.9,4.68,0.486
2026-09-08 11:51:20.152326,Sitapura Industrial,387.8,4.4,0.033
2026-09-08 12:51:20.152326,Sitapura Industrial,437.7,4.51,0.238
2026-09-08 13:51:20.152326,Sitapura Industrial,406.6,4.77,0.018
2026-09-08 14:51:20.152326,Sitapura Industrial,378.6,3.86,0.249
2026-09-08 15:51:20.152326,Sitapura Industrial,336.8,4.1,0.189
2026-09-08 16:51:20.152326,Sitapura Industrial,369.2,4.33,0.397
2026-09-08 17:51:20.152326,Sitapura Industrial,415.0,4.4,0.239
2026-09-08 18:51:20.152326,Sitapura Industrial,548.5,4.41,0.178
2026-09-08 19:51:20.152326,Sitapura Industrial,478.8,3.85,0.025
2026-09-08 20:51:20.152326,Sitapura Industrial,571.2,4.3,0.213
2026-09-08 21:51:20.152326,Sitapura Industrial,495.7,4.44,0.179
2026-09-08 22:51:20.152326,Sitapura Industrial,392.1,4.95,0.194
2026-09-08 23:51:20.152326,Sitapura Industrial,394.7,4.59,0.147
2026-09-09 00:51:20.152326,Sitapura Industrial,378.7,4.59,0.201
2026-09-09 01:51:20.152326,Sitapura Industrial,386.6,4.24,0.219
2026-09-09 02:51:20.152326,Sitapura Industrial,377.9,4.81,0.189
2026-09-09 03:51:20.152326,Sitapura Industrial,388.2,4.66,0.285
2026-09-09 04:51:20.152326,Sitapura Industrial,363.4,4.38,0.344
2026-09-09 05:51:20.152326,Sitapura Industrial,429.0,4.5,0.107
2026-09-09 06:51:20.152326,Sitapura Industrial,526.8,4.93,0.151
2026-09-09 07:51:20.152326,Sitapura Industrial,611.7,4.7,0.06
2026-09-09 08:51:20.152326,Sitapura Industrial,667.5,4.66,0.343
2026-09-09 09:51:20.152326,Sitapura Industrial,545.1,4.49,0.014
2026-09-09 10:51:20.152326,Sitapura Industrial,360.3,4.42,0.24
2026-09-09 11:51:20.152326,Sitapura Industrial,405.5,4.44,0.192
2026-09-09 12:51:20.152326,Sitapura Industrial,370.9,4.68,0.083
2026-09-09 13:51:20.152326,Sitapura Industrial,436.9,4.05,0.093
2026-09-09 14:51:20.152326,Sitapura Industrial,369.6,4.04,0.426
2026-09-09 15:51:20.152326,Sitapura Industrial,353.2,4.94,0.161
2026-09-09 16:51:20.152326,Sitapura Industrial,421.0,4.53,0.296
2026-09-09 17:51:20.152326,Sitapura Industrial,397.4,4.92,0.03
2026-09-09 18:51:20.152326,Sitapura Industrial,506.4,5.08,0.185
2026-09-09 19:51:20.152326,Sitapura Industrial,539.6,4.52,0.101
2026-09-09 20:51:20.152326,Sitapura Industrial,480.5,4.47,0.169
2026-09-09 21:51:20.152326,Sitapura Industrial,547.2,4.94,0.07
2026-09-09 22:51:20.152326,Sitapura Industrial,387.9,4.56,0.171
2026-09-09 23:51:20.152326,Sitapura Industrial,347.5,4.58,0.077
2026-09-10 00:51:20.152326,Sitapura Industrial,406.4,4.38,0.023
2026-09-10 01:51:20.152326,Sitapura Industrial,419.8,4.51,0.221
2026-09-10 02:51:20.152326,Sitapura Industrial,363.0,4.78,0.053
2026-09-10 03:51:20.152326,Sitapura Industrial,440.9,4.63,0.032
2026-09-10 04:51:20.152326,Sitapura Industrial,383.8,4.31,0.045
2026-09-10 05:51:20.152326,Sitapura Industrial,370.2,4.37,0.223
2026-09-10 06:51:20.152326,Sitapura Industrial,473.1,4.17,0.062
2026-09-10 07:51:20.152326,Sitapura Industrial,647.6,4.28,0.257
2026-09-10 08:51:20.152326,Sitapura Industrial,630.4,4.39,0.106
2026-09-10 09:51:20.152326,Sitapura Industrial,510.8,4.23,0.027
2026-09-10 10:51:20.152326,Sitapura Industrial,427.0,4.49,0.18
2026-09-10 11:51:20.152326,Sitapura Industrial,369.1,4.46,0.12
2026-09-10 12:51:20.152326,Sitapura Industrial,383.1,4.26,0.027
2026-09-10 13:51:20.152326,Sitapura Industrial,393.2,4.32,0.277
2026-09-10 14:51:20.152326,Sitapura Industrial,392.4,4.14,0.105
2026-09-10 15:51:20.152326,Sitapura Industrial,398.6,4.36,0.276
2026-09-10 16:51:20.152326,Sitapura Industrial,409.7,4.65,0.235
2026-09-10 17:51:20.152326,Sitapura Industrial,442.6,4.21,0.096
2026-09-10 18:51:20.152326,Sitapura Industrial,558.1,4.38,0.306
2026-09-10 19:51:20.152326,Sitapura Industrial,492.5,4.58,0.146
2026-09-10 20:51:20.152326,Sitapura Industrial,528.5,4.35,0.041
2026-09-10 21:51:20.152326,Sitapura Industrial,546.6,4.61,0.122
2026-09-10 22:51:20.152326,Sitapura Industrial,386.1,4.55,0.141
2026-09-10 23:51:20.152326,Sitapura Industrial,405.7,4.9,0.049
2026-09-11 00:51:20.152326,Sitapura Industrial,366.1,4.13,0.068
2026-09-11 01:51:20.152326,Sitapura Industrial,406.9,4.54,0.043
2026-09-11 02:51:20.152326,Sitapura Industrial,434.4,4.65,0.226
2026-09-11 03:51:20.152326,Sitapura Industrial,393.7,4.72,0.053
2026-09-11 04:51:20.152326,Sitapura Industrial,387.2,4.58,0.053
2026-09-11 05:51:20.152326,Sitapura Industrial,365.4,4.25,0.14
2026-09-11 06:51:20.152326,Sitapura Industrial,586.3,4.02,0.328
2026-09-11 07:51:20.152326,Sitapura Industrial,531.4,4.2,0.274
2026-09-11 08:51:20.152326,Sitapura Industrial,456.5,4.55,0.035
2026-09-11 09:51:20.152326,Sitapura Industrial,564.1,4.43,0.29
2026-09-11 10:51:20.152326,Sitapura Industrial,366.6,4.98,0.288
2026-09-11 11:51:20.152326,Sitapura Industrial,402.8,4.4,0.012
2026-09-11 12:51:20.152326,Sitapura Industrial,417.0,4.25,0.1
2026-09-11 13:51:20.152326,Sitapura Industrial,379.5,4.35,0.035
2026-09-11 14:51:20.152326,Sitapura Industrial,378.8,4.88,0.166
2026-09-11 15:51:20.152326,Sitapura Industrial,474.2,5.04,0.087
2026-09-11 16:51:20.152326,Sitapura Industrial,434.6,4.62,0.02
2026-09-11 17:51:20.152326,Sitapura Industrial,375.7,4.53,0.179
2026-09-11 18:51:20.152326,Sitapura Industrial,509.9,4.22,0.421
2026-09-11 19:51:20.152326,Sitapura Industrial,542.6,4.58,0.242
2026-09-11 20:51:20.152326,Sitapura Industrial,529.6,4.44,0.212
2026-09-11 21:51:20.152326,Sitapura Industrial,533.8,4.34,0.004
2026-09-11 22:51:20.152326,Sitapura Industrial,365.5,4.27,0.318
2026-09-11 23:51:20.152326,Sitapura Industrial,406.3,4.35,0.307
2026-09-12 00:51:20.152326,Sitapura Industrial,444.4,4.06,0.028
2026-09-12 01:51:20.152326,Sitapura Industrial,382.4,4.38,0.098
2026-09-12 02:51:20.152326,Sitapura Industrial,415.4,4.23,0.04
2026-09-12 03:51:20.152326,Sitapura Industrial,389.2,4.43,0.103
2026-09-12 04:51:20.152326,Sitapura Industrial,396.0,4.12,0.078
2026-09-12 05:51:20.152326,Sitapura Industrial,443.4,4.34,0.198
2026-09-12 06:51:20.152326,Sitapura Industrial,519.1,4.22,0.143
2026-09-12 07:51:20.152326,Sitapura Industrial,540.2,4.48,0.113
2026-09-12 08:51:20.152326,Sitapura Industrial,584.6,4.58,0.118
2026-09-12 09:51:20.152326,Sitapura Industrial,567.0,4.39,0.163
2026-09-12 10:51:20.152326,Sitapura Industrial,355.7,4.47,0.085
2026-09-12 11:51:20.152326,Sitapura Industrial,399.7,4.78,0.318
2026-09-12 12:51:20.152326,Sitapura Industrial,408.7,4.52,0.163
2026-09-12 13:51:20.152326,Sitapura Industrial,395.5,4.4,0.206
2026-09-12 14:51:20.152326,Sitapura Industrial,420.9,4.59,0.191
2026-09-12 15:51:20.152326,Sitapura Industrial,403.7,4.63,0.03
2026-09-12 16:51:20.152326,Sitapura Industrial,381.1,4.32,0.03
2026-09-12 17:51:20.152326,Sitapura Industrial,411.2,4.93,0.008
2026-09-12 18:51:20.152326,Sitapura Industrial,481.8,4.68,0.13
2026-09-12 19:51:20.152326,Sitapura Industrial,511.3,4.39,0.075
2026-09-12 20:51:20.152326,Sitapura Industrial,564.1,5.02,0.048
2026-09-12 21:51:20.152326,Sitapura Industrial,534.4,4.24,0.124
2026-09-12 22:51:20.152326,Sitapura Industrial,381.7,4.65,0.124
2026-09-12 23:51:20.152326,Sitapura Industrial,448.1,4.73,0.031
2026-09-13 00:51:20.152326,Sitapura Industrial,415.3,4.55,0.276
2026-09-13 01:51:20.152326,Sitapura Industrial,435.6,4.57,0.262
2026-09-13 02:51:20.152326,Sitapura Industrial,373.8,4.65,0.096
2026-09-13 03:51:20.152326,Sitapura Industrial,460.8,4.35,0.495
2026-09-13 04:51:20.152326,Sitapura Industrial,334.1,4.49,0.03
2026-09-13 05:51:20.152326,Sitapura Industrial,428.1,4.83,0.246
2026-09-13 06:51:20.152326,Sitapura Industrial,620.0,4.52,0.142
2026-09-13 07:51:20.152326,Sitapura Industrial,570.4,4.53,0.281
2026-09-13 08:51:20.152326,Sitapura Industrial,594.8,4.89,0.119
2026-09-13 09:51:20.152326,Sitapura Industrial,559.4,4.69,0.308
2026-09-13 10:51:20.152326,Sitapura Industrial,391.1,4.58,0.05
2026-09-13 11:51:20.152326,Sitapura Industrial,398.2,4.19,0.117
2026-09-13 12:51:20.152326,Sitapura Industrial,425.5,4.91,0.069
2026-09-13 13:51:20.152326,Sitapura Industrial,382.3,4.79,0.287
2026-09-13 14:51:20.152326,Sitapura Industrial,357.6,4.75,0.432
2026-09-13 15:51:20.152326,Sitapura Industrial,419.7,4.4,0.146
2026-09-13 16:51:20.152326,Sitapura Industrial,341.7,4.58,0.065
2026-09-13 17:51:20.152326,Sitapura Industrial,406.6,4.71,0.094
2026-09-13 18:51:20.152326,Sitapura Industrial,534.9,4.23,0.257
2026-09-13 19:51:20.152326,Sitapura Industrial,479.2,4.8,0.254
2026-09-13 20:51:20.152326,Sitapura Industrial,523.8,4.31,0.221
2026-09-13 21:51:20.152326,Sitapura Industrial,443.8,4.39,0.108
2026-09-13 22:51:20.152326,Sitapura Industrial,394.9,4.61,0.203
2026-09-13 23:51:20.152326,Sitapura Industrial,378.4,4.14,0.446
2026-09-14 00:51:20.152326,Sitapura Industrial,381.8,5.08,0.254
2026-09-14 01:51:20.152326,Sitapura Industrial,390.9,5.08,0.009
2026-09-14 02:51:20.152326,Sitapura Industrial,406.7,4.62,0.22
2026-09-14 03:51:20.152326,Sitapura Industrial,401.3,4.44,0.197
2026-09-14 04:51:20.152326,Sitapura Industrial,442.8,4.44,0.269
2026-09-14 05:51:20.152326,Sitapura Industrial,392.8,4.93,0.394
2026-09-14 06:51:20.152326,Sitapura Industrial,557.6,5.04,0.165
2026-09-14 07:51:20.152326,Sitapura Industrial,576.3,4.31,0.145
2026-09-14 08:51:20.152326,Sitapura Industrial,546.0,4.62,0.054
2026-09-14 09:51:20.152326,Sitapura Industrial,628.2,4.31,0.131
2026-09-14 10:51:20.152326,Sitapura Industrial,349.7,4.7,0.094
2026-09-14 11:51:20.152326,Sitapura Industrial,418.7,4.47,0.015
2026-09-14 12:51:20.152326,Sitapura Industrial,364.2,4.37,0.192
2026-09-14 13:51:20.152326,Sitapura Industrial,420.0,4.23,0.132
2026-09-14 14:51:20.152326,Sitapura Industrial,378.4,4.51,0.197
2026-09-14 15:51:20.152326,Sitapura Industrial,415.0,4.87,0.005
2026-09-14 16:51:20.152326,Sitapura Industrial,415.0,4.36,0.111
2026-09-14 17:51:20.152326,Sitapura Industrial,399.8,4.59,0.146
2026-09-14 18:51:20.152326,Sitapura Industrial,546.2,4.18,0.221
2026-09-14 19:51:20.152326,Sitapura Industrial,520.7,4.2,0.172
2026-09-14 20:51:20.152326,Sitapura Industrial,577.5,4.12,0.414
2026-09-14 21:51:20.152326,Sitapura Industrial,511.2,4.14,0.052
2026-09-14 22:51:20.152326,Sitapura Industrial,383.6,4.84,0.575
2026-09-14 23:51:20.152326,Sitapura Industrial,375.5,4.39,0.146
2026-09-15 00:51:20.152326,Sitapura Industrial,379.3,4.83,0.547
2026-09-15 01:51:20.152326,Sitapura Industrial,402.8,4.27,0.256
2026-09-15 02:51:20.152326,Sitapura Industrial,408.1,4.62,0.164
2026-09-15 03:51:20.152326,Sitapura Industrial,372.3,4.0,0.076
2026-09-15 04:51:20.152326,Sitapura Industrial,426.3,4.23,0.24
2026-09-15 05:51:20.152326,Sitapura Industrial,392.2,3.91,0.181
2026-09-15 06:51:20.152326,Sitapura Industrial,547.7,3.82,0.596
2026-09-15 07:51:20.152326,Sitapura Industrial,511.1,4.68,0.359
2026-09-15 08:51:20.152326,Sitapura Industrial,552.5,4.36,0.213
2026-09-15 09:51:20.152326,Sitapura Industrial,536.6,4.9,0.064
2026-09-15 10:51:20.152326,Sitapura Industrial,396.0,4.86,0.151
2026-09-15 11:51:20.152326,Sitapura Industrial,412.7,4.98,0.144
2026-09-15 12:51:20.152326,Sitapura Industrial,405.5,4.46,0.072
2026-09-15 13:51:20.152326,Sitapura Industrial,389.5,4.44,0.053
2026-09-15 14:51:20.152326,Sitapura Industrial,408.8,4.74,0.155
2026-09-15 15:51:20.152326,Sitapura Industrial,383.6,4.33,0.02
2026-09-15 16:51:20.152326,Sitapura Industrial,379.2,4.71,0.067
2026-09-15 17:51:20.152326,Sitapura Industrial,394.5,4.57,0.147
2026-09-15 18:51:20.152326,Sitapura Industrial,538.9,4.84,0.145
2026-09-15 19:51:20.152326,Sitapura Industrial,499.6,4.68,0.068
2026-09-15 20:51:20.152326,Sitapura Industrial,563.7,4.36,0.183
2026-09-15 21:51:20.152326,Sitapura Industrial,555.6,4.92,0.025
2026-09-15 22:51:20.152326,Sitapura Industrial,437.0,4.77,0.376
2026-09-15 23:51:20.152326,Sitapura Industrial,397.5,4.56,0.193
2026-09-16 00:51:20.152326,Sitapura Industrial,408.8,4.6,0.065
2026-09-16 01:51:20.152326,Sitapura Industrial,371.1,4.77,0.149
2026-09-16 02:51:20.152326,Sitapura Industrial,412.3,4.6,0.211
2026-09-16 03:51:20.152326,Sitapura Industrial,392.1,4.61,0.177
2026-09-16 04:51:20.152326,Sitapura Industrial,411.0,4.5,0.071
2026-09-16 05:51:20.152326,Sitapura Industrial,418.5,4.67,0.14
2026-09-16 06:51:20.152326,Sitapura Industrial,526.3,4.51,0.07
2026-09-16 07:51:20.152326,Sitapura Industrial,564.2,4.6,0.134
2026-09-16 08:51:20.152326,Sitapura Industrial,552.9,4.98,0.37
2026-09-16 09:51:20.152326,Sitapura Industrial,560.8,4.75,0.303
2026-09-16 10:51:20.152326,Sitapura Industrial,428.6,4.6,0.075
2026-09-16 11:51:20.152326,Sitapura Industrial,409.9,4.33,0.023
2026-09-16 12:51:20.152326,Sitapura Industrial,417.7,4.44,0.145
2026-09-16 13:51:20.152326,Sitapura Industrial,423.4,4.49,0.196
2026-09-16 14:51:20.152326,Sitapura Industrial,414.3,4.55,0.076
2026-09-16 15:51:20.152326,Sitapura Industrial,431.8,4.22,0.112
2026-09-16 16:51:20.152326,Sitapura Industrial,432.6,3.69,0.128
2026-09-16 17:51:20.152326,Sitapura Industrial,363.1,4.08,0.235
2026-09-16 18:51:20.152326,Sitapura Industrial,548.3,4.37,0.131
2026-09-16 19:51:20.152326,Sitapura Industrial,585.3,4.51,0.22
2026-09-16 20:51:20.152326,Sitapura Industrial,487.7,4.23,0.058
2026-09-16 21:51:20.152326,Sitapura Industrial,510.4,4.32,0.065
2026-09-16 22:51:20.152326,Sitapura Industrial,405.5,4.51,0.308
2026-09-16 23:51:20.152326,Sitapura Industrial,401.5,4.42,0.101
2026-09-17 00:51:20.152326,Sitapura Industrial,406.5,4.51,0.151
2026-09-17 01:51:20.152326,Sitapura Industrial,424.6,4.16,0.388
2026-09-17 02:51:20.152326,Sitapura Industrial,382.7,4.67,0.073
2026-09-17 03:51:20.152326,Sitapura Industrial,374.5,4.15,0.156
2026-09-17 04:51:20.152326,Sitapura Industrial,405.6,4.51,0.016
2026-09-17 05:51:20.152326,Sitapura Industrial,386.4,4.74,0.266
2026-09-17 06:51:20.152326,Sitapura Industrial,625.4,4.85,0.218
2026-09-17 07:51:20.152326,Sitapura Industrial,572.4,4.15,0.046
2026-09-17 08:51:20.152326,Sitapura Industrial,574.8,3.99,0.095
2026-09-17 09:51:20.152326,Sitapura Industrial,572.7,4.11,0.059
2026-09-17 10:51:20.152326,Sitapura Industrial,412.1,4.88,0.2
2026-09-17 11:51:20.152326,Sitapura Industrial,382.6,4.41,0.016
2026-09-17 12:51:20.152326,Sitapura Industrial,392.3,4.33,0.097
2026-09-17 13:51:20.152326,Sitapura Industrial,390.5,4.55,0.415
2026-09-17 14:51:20.152326,Sitapura Industrial,370.7,4.02,0.269
2026-09-17 15:51:20.152326,Sitapura Industrial,382.6,4.83,0.112
2026-09-17 16:51:20.152326,Sitapura Industrial,366.4,4.41,0.27
2026-09-17 17:51:20.152326,Sitapura Industrial,423.6,4.69,0.05
2026-09-17 18:51:20.152326,Sitapura Industrial,513.4,4.3,0.236
2026-09-17 19:51:20.152326,Sitapura Industrial,468.4,4.22,0.07
2026-09-17 20:51:20.152326,Sitapura Industrial,557.9,3.97,0.142
2026-09-17 21:51:20.152326,Sitapura Industrial,473.3,4.22,0.037
2026-09-17 22:51:20.152326,Sitapura Industrial,324.8,3.93,0.264
2026-09-17 23:51:20.152326,Sitapura Industrial,400.9,5.15,0.135
2026-09-18 00:51:20.152326,Sitapura Industrial,374.9,4.33,0.282
2026-09-18 01:51:20.152326,Sitapura Industrial,445.2,4.69,0.198
2026-09-18 02:51:20.152326,Sitapura Industrial,351.2,4.29,0.142
2026-09-18 03:51:20.152326,Sitapura Industrial,386.1,4.54,0.005
2026-09-18 04:51:20.152326,Sitapura Industrial,418.6,4.84,0.001
2026-09-18 05:51:20.152326,Sitapura Industrial,389.1,4.15,0.039
2026-09-18 06:51:20.152326,Sitapura Industrial,599.9,4.9,0.223
2026-09-18 07:51:20.152326,Sitapura Industrial,569.7,4.4,0.161
2026-09-18 08:51:20.152326,Sitapura Industrial,487.5,4.28,0.134
2026-09-18 09:51:20.152326,Sitapura Industrial,548.4,4.13,0.105
2026-09-18 10:51:20.152326,Sitapura Industrial,426.8,4.6,0.095
2026-09-18 11:51:20.152326,Sitapura Industrial,317.6,4.41,0.186
2026-09-18 12:51:20.152326,Sitapura Industrial,426.4,4.52,0.186
2026-09-18 13:51:20.152326,Sitapura Industrial,419.2,4.52,0.117
2026-09-18 14:51:20.152326,Sitapura Industrial,391.7,5.03,0.443
2026-09-18 15:51:20.152326,Sitapura Industrial,387.8,4.98,0.002
2026-09-18 16:51:20.152326,Sitapura Industrial,416.3,4.88,0.029
2026-09-18 17:51:20.152326,Sitapura Industrial,400.4,5.1,0.333
2026-09-18 18:51:20.152326,Sitapura Industrial,518.6,5.14,0.016
2026-09-18 19:51:20.152326,Sitapura Industrial,509.2,4.78,0.037
2026-09-18 20:51:20.152326,Sitapura Industrial,533.0,4.42,0.218
2026-09-18 21:51:20.152326,Sitapura Industrial,532.3,4.23,0.319
2026-09-18 22:51:20.152326,Sitapura Industrial,448.9,4.39,0.178
2026-09-18 23:51:20.152326,Sitapura Industrial,427.2,4.78,0.135
2026-09-19 00:51:20.152326,Sitapura Industrial,441.6,4.58,0.397
2026-09-19 01:51:20.152326,Sitapura Industrial,401.3,4.64,0.146
2026-09-19 02:51:20.152326,Sitapura Industrial,389.6,4.85,0.042
2026-09-19 03:51:20.152326,Sitapura Industrial,427.5,4.49,0.016
2026-09-19 04:51:20.152326,Sitapura Industrial,410.5,4.19,0.091
2026-09-19 05:51:20.152326,Sitapura Industrial,364.3,4.81,0.213
2026-09-19 06:51:20.152326,Sitapura Industrial,512.8,4.4,0.074
2026-09-19 07:51:20.152326,Sitapura Industrial,566.5,4.31,0.131
2026-09-19 08:51:20.152326,Sitapura Industrial,562.3,4.08,0.064
2026-09-19 09:51:20.152326,Sitapura Industrial,634.9,4.93,0.009
2026-09-19 10:51:20.152326,Sitapura Industrial,419.0,4.68,0.081
2026-09-19 11:51:20.152326,Sitapura Industrial,378.6,4.16,0.125
2026-09-19 12:51:20.152326,Sitapura Industrial,397.9,4.23,0.158
2026-09-19 13:51:20.152326,Sitapura Industrial,351.3,4.49,0.09
2026-09-19 14:51:20.152326,Sitapura Industrial,434.8,4.61,0.489
2026-09-19 15:51:20.152326,Sitapura Industrial,428.7,5.17,0.153
2026-09-19 16:51:20.152326,Sitapura Industrial,395.3,4.89,0.003
2026-09-19 17:51:20.152326,Sitapura Industrial,375.0,4.88,0.018
2026-09-19 18:51:20.152326,Sitapura Industrial,545.0,4.64,0.073
2026-09-19 19:51:20.152326,Sitapura Industrial,545.5,5.02,0.067
2026-09-19 20:51:20.152326,Sitapura Industrial,524.2,4.47,0.107
2026-09-19 21:51:20.152326,Sitapura Industrial,534.5,3.94,0.115
2026-09-19 22:51:20.152326,Sitapura Industrial,455.8,4.61,0.28
2026-09-19 23:51:20.152326,Sitapura Industrial,418.4,4.55,0.125
2026-09-20 00:51:20.152326,Sitapura Industrial,416.0,5.06,0.358
2026-09-20 01:51:20.152326,Sitapura Industrial,364.1,4.37,0.105
2026-09-20 02:51:20.152326,Sitapura Industrial,444.9,3.82,0.102
2026-09-20 03:51:20.152326,Sitapura Industrial,381.3,4.39,0.265
2026-09-20 04:51:20.152326,Sitapura Industrial,388.6,4.79,0.166
2026-09-20 05:51:20.152326,Sitapura Industrial,403.3,4.36,0.082
2026-09-20 06:51:20.152326,Sitapura Industrial,581.9,4.44,0.024
2026-09-20 07:51:20.152326,Sitapura Industrial,480.1,4.3,0.13
2026-09-20 08:51:20.152326,Sitapura Industrial,546.7,4.33,0.007
2026-09-20 09:51:20.152326,Sitapura Industrial,533.4,3.69,0.038
2026-09-20 10:51:20.152326,Sitapura Industrial,371.6,5.1,0.179
2026-09-20 11:51:20.152326,Sitapura Industrial,377.3,4.19,0.064
2026-09-20 12:51:20.152326,Sitapura Industrial,421.4,4.16,0.073
2026-09-20 13:51:20.152326,Sitapura Industrial,408.4,4.56,0.126
2026-09-20 14:51:20.152326,Sitapura Industrial,386.5,4.68,0.013
2026-09-20 15:51:20.152326,Sitapura Industrial,387.6,4.64,0.002
2026-09-20 16:51:20.152326,Sitapura Industrial,359.8,4.84,0.107
2026-09-20 17:51:20.152326,Sitapura Industrial,366.8,4.28,0.192
2026-09-20 18:51:20.152326,Sitapura Industrial,529.3,4.09,0.071
2026-09-20 19:51:20.152326,Sitapura Industrial,568.9,4.26,0.089
2026-09-20 20:51:20.152326,Sitapura Industrial,484.8,4.72,0.194
2026-09-20 21:51:20.152326,Sitapura Industrial,545.2,4.02,0.133
2026-09-20 22:51:20.152326,Sitapura Industrial,380.9,5.1,0.525
2026-09-20 23:51:20.152326,Sitapura Industrial,414.8,4.55,0.281
2026-09-21 00:51:20.152326,Sitapura Industrial,409.2,4.15,0.118
2026-09-21 01:51:20.152326,Sitapura Industrial,450.7,4.79,0.066
2026-09-21 02:51:20.152326,Sitapura Industrial,417.4,4.72,0.18
2026-09-21 03:51:20.152326,Sitapura Industrial,387.9,4.38,0.54
2026-09-21 04:51:20.152326,Sitapura Industrial,418.1,4.71,0.049
2026-09-21 05:51:20.152326,Sitapura Industrial,390.7,4.46,0.15
2026-09-21 06:51:20.152326,Sitapura Industrial,528.3,4.15,0.191
2026-09-21 07:51:20.152326,Sitapura Industrial,577.2,4.66,0.228
2026-09-21 08:51:20.152326,Sitapura Industrial,588.8,4.29,0.124
2026-09-21 09:51:20.152326,Sitapura Industrial,503.0,4.5,0.192
2026-09-21 10:51:20.152326,Sitapura Industrial,451.6,4.74,0.066
2026-09-21 11:51:20.152326,Sitapura Industrial,373.1,4.53,0.085
2026-09-21 12:51:20.152326,Sitapura Industrial,387.2,4.6,0.107
2026-09-21 13:51:20.152326,Sitapura Industrial,403.8,4.49,0.035
2026-09-21 14:51:20.152326,Sitapura Industrial,385.4,4.84,0.073
2026-09-21 15:51:20.152326,Sitapura Industrial,376.2,4.23,0.341
2026-09-21 16:51:20.152326,Sitapura Industrial,429.4,4.24,0.18
2026-09-21 17:51:20.152326,Sitapura Industrial,397.3,4.45,0.274
2026-09-21 18:51:20.152326,Sitapura Industrial,420.6,5.1,0.063
2026-09-21 19:51:20.152326,Sitapura Industrial,565.5,4.09,0.144
2026-09-21 20:51:20.152326,Sitapura Industrial,479.6,4.52,0.046
2026-09-21 21:51:20.152326,Sitapura Industrial,569.6,4.55,0.516
2026-09-21 22:51:20.152326,Sitapura Industrial,406.9,4.57,0.106
2026-09-21 23:51:20.152326,Sitapura Industrial,375.0,3.89,0.086
2026-09-22 00:51:20.152326,Sitapura Industrial,415.1,4.01,0.039
2026-09-22 01:51:20.152326,Sitapura Industrial,409.6,4.6,0.183
2026-09-22 02:51:20.152326,Sitapura Industrial,418.5,3.97,0.388
2026-09-22 03:51:20.152326,Sitapura Industrial,388.9,4.5,0.192
2026-09-22 04:51:20.152326,Sitapura Industrial,410.9,4.53,0.467
2026-09-22 05:51:20.152326,Sitapura Industrial,406.1,4.31,0.005
2026-09-22 06:51:20.152326,Sitapura Industrial,464.7,4.22,0.078
2026-09-22 07:51:20.152326,Sitapura Industrial,622.7,4.21,0.096
2026-09-22 08:51:20.152326,Sitapura Industrial,609.0,4.78,0.096
2026-09-22 09:51:20.152326,Sitapura Industrial,554.3,3.73,0.082
2026-09-22 10:51:20.152326,Sitapura Industrial,457.2,4.85,0.398
2026-09-22 11:51:20.152326,Sitapura Industrial,416.1,4.26,0.074
2026-09-22 12:51:20.152326,Sitapura Industrial,382.4,4.45,0.09
2026-09-22 13:51:20.152326,Sitapura Industrial,407.6,4.39,0.042
2026-09-22 14:51:20.152326,Sitapura Industrial,411.8,4.52,0.185
2026-09-22 15:51:20.152326,Sitapura Industrial,369.4,5.03,0.047
2026-09-22 16:51:20.152326,Sitapura Industrial,411.3,4.48,0.158
2026-09-22 17:51:20.152326,Sitapura Industrial,380.5,4.8,0.106
2026-09-22 18:51:20.152326,Sitapura Industrial,457.8,4.63,0.201
2026-09-22 19:51:20.152326,Sitapura Industrial,566.4,4.46,0.099
2026-09-22 20:51:20.152326,Sitapura Industrial,477.1,4.73,0.052
2026-09-22 21:51:20.152326,Sitapura Industrial,510.7,4.53,0.069
2026-09-22 22:51:20.152326,Sitapura Industrial,395.6,4.3,0.154
2026-09-22 23:51:20.152326,Sitapura Industrial,389.0,4.71,0.098
2026-09-23 00:51:20.152326,Sitapura Industrial,407.5,4.45,0.421
2026-09-23 01:51:20.152326,Sitapura Industrial,404.4,4.68,0.186
2026-09-23 02:51:20.152326,Sitapura Industrial,419.1,3.98,0.036
2026-09-23 03:51:20.152326,Sitapura Industrial,352.5,4.2,0.234
2026-09-23 04:51:20.152326,Sitapura Industrial,424.2,4.1,0.202
2026-09-23 05:51:20.152326,Sitapura Industrial,393.1,4.71,0.316
2026-09-23 06:51:20.152326,Sitapura Industrial,537.0,4.39,0.293
2026-09-23 07:51:20.152326,Sitapura Industrial,550.1,4.45,0.023
2026-09-23 08:51:20.152326,Sitapura Industrial,506.7,4.95,0.107
2026-09-23 09:51:20.152326,Sitapura Industrial,594.5,4.69,0.193
2026-09-23 10:51:20.152326,Sitapura Industrial,348.6,4.37,0.106
2026-09-23 11:51:20.152326,Sitapura Industrial,396.9,4.65,0.266
2026-09-23 12:51:20.152326,Sitapura Industrial,390.8,4.45,0.367
2026-09-23 13:51:20.152326,Sitapura Industrial,386.8,4.17,0.253
2026-09-23 14:51:20.152326,Sitapura Industrial,366.2,4.42,0.32
2026-09-23 15:51:20.152326,Sitapura Industrial,410.2,4.58,0.314
2026-09-23 16:51:20.152326,Sitapura Industrial,443.9,4.56,0.037
2026-09-23 17:51:20.152326,Sitapura Industrial,391.6,4.4,0.028
2026-09-23 18:51:20.152326,Sitapura Industrial,518.3,5.04,0.083
2026-09-23 19:51:20.152326,Sitapura Industrial,473.2,4.6,0.069
2026-09-23 20:51:20.152326,Sitapura Industrial,524.9,4.79,0.045
2026-09-23 21:51:20.152326,Sitapura Industrial,516.0,4.61,0.105
2026-09-23 22:51:20.152326,Sitapura Industrial,425.8,4.49,0.041
2026-09-23 23:51:20.152326,Sitapura Industrial,384.8,4.56,0.357
2026-09-24 00:51:20.152326,Sitapura Industrial,420.1,4.81,0.343
2026-09-24 01:51:20.152326,Sitapura Industrial,403.3,4.82,0.323
2026-09-24 02:51:20.152326,Sitapura Industrial,361.2,4.38,0.109
2026-09-24 03:51:20.152326,Sitapura Industrial,427.5,3.87,0.19
2026-09-24 04:51:20.152326,Sitapura Industrial,404.1,4.48,0.257
2026-09-24 05:51:20.152326,Sitapura Industrial,362.9,4.31,0.057
2026-09-24 06:51:20.152326,Sitapura Industrial,547.3,4.47,0.105
2026-09-24 07:51:20.152326,Sitapura Industrial,680.7,4.34,0.002
2026-09-24 08:51:20.152326,Sitapura Industrial,574.9,4.25,0.179
2026-09-24 09:51:20.152326,Sitapura Industrial,600.3,4.48,0.271
2026-09-24 10:51:20.152326,Sitapura Industrial,475.2,4.42,0.189
2026-09-24 11:51:20.152326,Sitapura Industrial,377.2,4.82,0.05
2026-09-24 12:51:20.152326,Sitapura Industrial,378.4,4.8,0.104
2026-09-24 13:51:20.152326,Sitapura Industrial,415.6,4.4,0.123
2026-09-24 14:51:20.152326,Sitapura Industrial,372.7,4.63,0.022
2026-09-24 15:51:20.152326,Sitapura Industrial,364.0,4.69,0.112
2026-09-24 16:51:20.152326,Sitapura Industrial,412.0,5.02,0.387
2026-09-24 17:51:20.152326,Sitapura Industrial,441.5,4.75,0.21
2026-09-24 18:51:20.152326,Sitapura Industrial,493.5,4.69,0.098
2026-09-24 19:51:20.152326,Sitapura Industrial,536.2,4.49,0.236
2026-09-24 20:51:20.152326,Sitapura Industrial,593.9,4.22,0.049
2026-09-24 21:51:20.152326,Sitapura Industrial,479.8,4.14,0.139
